time_sec,f0_hz,midi,confidence
0.000000,,,0.000
0.011610,,,0.000
0.023220,,,0.000
0.034830,,,0.000
0.046440,,,0.000
0.058050,,,0.000
0.069660,,,0.000
0.081270,,,0.000
0.092880,,,0.000
0.104490,,,0.000
0.116100,,,0.000
0.127710,,,0.000
0.139320,,,0.000
0.150930,,,0.000
0.162540,,,0.000
0.174150,,,0.000
0.185760,,,0.000
0.197370,,,0.000
0.208980,,,0.000
0.220590,,,0.000
0.232200,,,0.000
0.243810,,,0.000
0.255420,,,0.000
0.267029,,,0.000
0.278639,,,0.000
0.290249,,,0.000
0.301859,,,0.000
0.313469,,,0.000
0.325079,,,0.000
0.336689,,,0.000
0.348299,,,0.000
0.359909,,,0.000
0.371519,,,0.000
0.383129,,,0.000
0.394739,,,0.000
0.406349,,,0.000
0.417959,,,0.000
0.429569,,,0.000
0.441179,,,0.000
0.452789,,,0.000
0.464399,,,0.000
0.476009,,,0.000
0.487619,,,0.000
0.499229,,,0.000
0.510839,,,0.000
0.522449,,,0.000
0.534059,,,0.000
0.545669,,,0.000
0.557279,,,0.000
0.568889,,,0.000
0.580499,,,0.000
0.592109,,,0.000
0.603719,,,0.000
0.615329,,,0.000
0.626939,,,0.000
0.638549,,,0.000
0.650159,,,0.000
0.661769,,,0.000
0.673379,,,0.000
0.684989,,,0.000
0.696599,,,0.000
0.708209,,,0.000
0.719819,,,0.000
0.731429,,,0.000
0.743039,,,0.000
0.754649,,,0.000
0.766259,,,0.000
0.777868,,,0.000
0.789478,,,0.000
0.801088,,,0.000
0.812698,,,0.000
0.824308,,,0.000
0.835918,,,0.000
0.847528,,,0.000
0.859138,,,0.000
0.870748,,,0.000
0.882358,,,0.000
0.893968,,,0.000
0.905578,,,0.000
0.917188,,,0.000
0.928798,,,0.000
0.940408,,,0.000
0.952018,,,0.000
0.963628,,,0.000
0.975238,,,0.000
0.986848,,,0.000
0.998458,,,0.000
1.010068,,,0.000
1.021678,,,0.000
1.033288,,,0.000
1.044898,,,0.000
1.056508,,,0.000
1.068118,,,0.000
1.079728,,,0.000
1.091338,,,0.000
1.102948,,,0.000
1.114558,,,0.000
1.126168,,,0.000
1.137778,,,0.000
1.149388,,,0.000
1.160998,,,0.000
1.172608,,,0.000
1.184218,,,0.000
1.195828,,,0.000
1.207438,,,0.000
1.219048,,,0.000
1.230658,,,0.000
1.242268,,,0.000
1.253878,,,0.000
1.265488,,,0.000
1.277098,,,0.000
1.288707,,,0.000
1.300317,,,0.000
1.311927,,,0.000
1.323537,,,0.000
1.335147,,,0.000
1.346757,,,0.000
1.358367,,,0.000
1.369977,,,0.000
1.381587,,,0.000
1.393197,,,0.000
1.404807,,,0.000
1.416417,,,0.000
1.428027,,,0.000
1.439637,,,0.000
1.451247,,,0.000
1.462857,,,0.000
1.474467,,,0.000
1.486077,,,0.000
1.497687,,,0.000
1.509297,,,0.000
1.520907,,,0.000
1.532517,,,0.000
1.544127,,,0.000
1.555737,,,0.000
1.567347,,,0.000
1.578957,,,0.000
1.590567,,,0.000
1.602177,,,0.000
1.613787,,,0.000
1.625397,,,0.000
1.637007,,,0.000
1.648617,,,0.000
1.660227,,,0.000
1.671837,,,0.000
1.683447,,,0.000
1.695057,,,0.000
1.706667,,,0.000
1.718277,,,0.000
1.729887,,,0.000
1.741497,,,0.000
1.753107,,,0.000
1.764717,,,0.000
1.776327,,,0.000
1.787937,,,0.000
1.799546,,,0.000
1.811156,,,0.000
1.822766,,,0.000
1.834376,,,0.000
1.845986,,,0.000
1.857596,,,0.000
1.869206,,,0.000
1.880816,,,0.000
1.892426,,,0.000
1.904036,,,0.000
1.915646,,,0.000
1.927256,,,0.000
1.938866,,,0.000
1.950476,,,0.000
1.962086,,,0.000
1.973696,,,0.000
1.985306,,,0.000
1.996916,,,0.000
2.008526,,,0.000
2.020136,,,0.000
2.031746,,,0.000
2.043356,,,0.000
2.054966,,,0.000
2.066576,,,0.000
2.078186,,,0.000
2.089796,,,0.000
2.101406,,,0.000
2.113016,,,0.000
2.124626,,,0.000
2.136236,,,0.000
2.147846,,,0.000
2.159456,,,0.000
2.171066,,,0.000
2.182676,,,0.000
2.194286,,,0.000
2.205896,,,0.000
2.217506,,,0.000
2.229116,,,0.000
2.240726,,,0.000
2.252336,,,0.000
2.263946,,,0.000
2.275556,,,0.000
2.287166,,,0.000
2.298776,,,0.000
2.310385,,,0.000
2.321995,,,0.000
2.333605,,,0.000
2.345215,,,0.000
2.356825,,,0.000
2.368435,,,0.000
2.380045,,,0.000
2.391655,,,0.000
2.403265,,,0.000
2.414875,,,0.000
2.426485,,,0.000
2.438095,,,0.000
2.449705,,,0.000
2.461315,,,0.000
2.472925,,,0.000
2.484535,,,0.000
2.496145,,,0.000
2.507755,,,0.000
2.519365,,,0.000
2.530975,,,0.000
2.542585,,,0.000
2.554195,,,0.000
2.565805,,,0.000
2.577415,,,0.000
2.589025,,,0.000
2.600635,,,0.000
2.612245,,,0.000
2.623855,,,0.000
2.635465,,,0.000
2.647075,,,0.000
2.658685,,,0.000
2.670295,,,0.000
2.681905,,,0.000
2.693515,,,0.000
2.705125,,,0.000
2.716735,,,0.000
2.728345,,,0.000
2.739955,,,0.000
2.751565,,,0.000
2.763175,,,0.000
2.774785,,,0.000
2.786395,,,0.000
2.798005,,,0.000
2.809615,,,0.000
2.821224,,,0.000
2.832834,,,0.000
2.844444,,,0.000
2.856054,,,0.000
2.867664,,,0.000
2.879274,,,0.000
2.890884,,,0.000
2.902494,,,0.000
2.914104,,,0.000
2.925714,,,0.000
2.937324,,,0.000
2.948934,,,0.000
2.960544,,,0.000
2.972154,,,0.000
2.983764,,,0.000
2.995374,,,0.000
3.006984,,,0.000
3.018594,,,0.000
3.030204,,,0.000
3.041814,,,0.000
3.053424,,,0.000
3.065034,,,0.000
3.076644,,,0.000
3.088254,,,0.000
3.099864,,,0.000
3.111474,,,0.000
3.123084,,,0.000
3.134694,,,0.000
3.146304,,,0.000
3.157914,,,0.000
3.169524,,,0.000
3.181134,,,0.000
3.192744,,,0.000
3.204354,,,0.000
3.215964,,,0.000
3.227574,,,0.000
3.239184,,,0.000
3.250794,,,0.000
3.262404,,,0.000
3.274014,,,0.000
3.285624,,,0.000
3.297234,,,0.000
3.308844,,,0.000
3.320454,,,0.000
3.332063,,,0.000
3.343673,,,0.000
3.355283,,,0.000
3.366893,,,0.000
3.378503,,,0.000
3.390113,,,0.000
3.401723,,,0.000
3.413333,,,0.000
3.424943,,,0.000
3.436553,,,0.000
3.448163,,,0.000
3.459773,,,0.000
3.471383,,,0.000
3.482993,,,0.000
3.494603,,,0.000
3.506213,,,0.000
3.517823,,,0.000
3.529433,,,0.000
3.541043,,,0.000
3.552653,,,0.000
3.564263,,,0.000
3.575873,,,0.000
3.587483,,,0.000
3.599093,,,0.000
3.610703,,,0.000
3.622313,,,0.000
3.633923,,,0.000
3.645533,,,0.000
3.657143,,,0.000
3.668753,,,0.000
3.680363,,,0.000
3.691973,,,0.000
3.703583,,,0.000
3.715193,,,0.000
3.726803,,,0.000
3.738413,,,0.000
3.750023,,,0.000
3.761633,,,0.000
3.773243,,,0.000
3.784853,,,0.000
3.796463,,,0.000
3.808073,,,0.000
3.819683,,,0.000
3.831293,,,0.000
3.842902,,,0.000
3.854512,,,0.000
3.866122,,,0.000
3.877732,,,0.000
3.889342,,,0.000
3.900952,,,0.000
3.912562,,,0.000
3.924172,,,0.000
3.935782,,,0.000
3.947392,,,0.000
3.959002,,,0.000
3.970612,,,0.000
3.982222,,,0.000
3.993832,,,0.000
4.005442,,,0.000
4.017052,,,0.000
4.028662,,,0.000
4.040272,,,0.000
4.051882,,,0.000
4.063492,,,0.000
4.075102,,,0.000
4.086712,,,0.000
4.098322,,,0.000
4.109932,,,0.000
4.121542,,,0.000
4.133152,,,0.000
4.144762,,,0.000
4.156372,,,0.000
4.167982,,,0.000
4.179592,,,0.000
4.191202,,,0.000
4.202812,,,0.000
4.214422,,,0.000
4.226032,,,0.000
4.237642,,,0.000
4.249252,,,0.000
4.260862,,,0.000
4.272472,,,0.000
4.284082,,,0.000
4.295692,,,0.000
4.307302,,,0.000
4.318912,,,0.000
4.330522,,,0.000
4.342132,,,0.000
4.353741,,,0.000
4.365351,,,0.000
4.376961,,,0.000
4.388571,,,0.000
4.400181,,,0.000
4.411791,,,0.000
4.423401,,,0.000
4.435011,,,0.000
4.446621,,,0.000
4.458231,,,0.000
4.469841,,,0.000
4.481451,,,0.000
4.493061,,,0.000
4.504671,,,0.000
4.516281,,,0.000
4.527891,,,0.000
4.539501,,,0.000
4.551111,,,0.000
4.562721,,,0.000
4.574331,,,0.000
4.585941,,,0.000
4.597551,,,0.000
4.609161,,,0.000
4.620771,,,0.000
4.632381,,,0.000
4.643991,,,0.000
4.655601,,,0.000
4.667211,,,0.000
4.678821,,,0.000
4.690431,,,0.000
4.702041,,,0.000
4.713651,,,0.000
4.725261,,,0.000
4.736871,,,0.000
4.748481,,,0.000
4.760091,,,0.000
4.771701,,,0.000
4.783311,,,0.000
4.794921,,,0.000
4.806531,,,0.000
4.818141,,,0.000
4.829751,,,0.000
4.841361,,,0.000
4.852971,,,0.000
4.864580,,,0.000
4.876190,,,0.000
4.887800,,,0.000
4.899410,,,0.000
4.911020,,,0.000
4.922630,,,0.000
4.934240,,,0.000
4.945850,,,0.000
4.957460,,,0.000
4.969070,,,0.000
4.980680,,,0.000
4.992290,,,0.000
5.003900,,,0.000
5.015510,,,0.000
5.027120,,,0.000
5.038730,,,0.000
5.050340,,,0.000
5.061950,,,0.000
5.073560,,,0.000
5.085170,,,0.000
5.096780,,,0.000
5.108390,,,0.000
5.120000,,,0.000
5.131610,,,0.000
5.143220,,,0.000
5.154830,,,0.000
5.166440,,,0.000
5.178050,,,0.000
5.189660,,,0.000
5.201270,,,0.000
5.212880,,,0.000
5.224490,,,0.000
5.236100,,,0.000
5.247710,,,0.000
5.259320,,,0.000
5.270930,,,0.000
5.282540,,,0.000
5.294150,,,0.000
5.305760,,,0.000
5.317370,,,0.000
5.328980,,,0.000
5.340590,,,0.000
5.352200,,,0.000
5.363810,,,0.000
5.375420,,,0.000
5.387029,,,0.000
5.398639,,,0.000
5.410249,,,0.000
5.421859,,,0.000
5.433469,,,0.000
5.445079,,,0.000
5.456689,,,0.000
5.468299,,,0.000
5.479909,,,0.000
5.491519,,,0.000
5.503129,,,0.000
5.514739,,,0.000
5.526349,,,0.000
5.537959,,,0.000
5.549569,,,0.000
5.561179,,,0.000
5.572789,,,0.000
5.584399,,,0.000
5.596009,,,0.000
5.607619,,,0.000
5.619229,,,0.000
5.630839,,,0.000
5.642449,,,0.000
5.654059,,,0.000
5.665669,,,0.000
5.677279,,,0.000
5.688889,,,0.000
5.700499,,,0.000
5.712109,,,0.000
5.723719,,,0.000
5.735329,,,0.000
5.746939,,,0.000
5.758549,,,0.000
5.770159,,,0.000
5.781769,,,0.000
5.793379,,,0.000
5.804989,,,0.000
5.816599,,,0.000
5.828209,,,0.000
5.839819,,,0.000
5.851429,,,0.000
5.863039,,,0.000
5.874649,,,0.000
5.886259,,,0.000
5.897868,,,0.000
5.909478,,,0.000
5.921088,,,0.000
5.932698,,,0.000
5.944308,,,0.000
5.955918,,,0.000
5.967528,,,0.000
5.979138,,,0.000
5.990748,,,0.000
6.002358,,,0.000
6.013968,,,0.000
6.025578,,,0.000
6.037188,,,0.000
6.048798,,,0.000
6.060408,,,0.000
6.072018,,,0.000
6.083628,334.525,64.255,0.224
6.095238,316.108,63.275,0.344
6.106848,311.022,62.994,0.451
6.118458,95.331,42.522,0.521
6.130068,293.043,61.963,0.575
6.141678,290.189,61.794,0.614
6.153288,287.082,61.608,0.641
6.164898,285.120,61.489,0.657
6.176508,282.903,61.354,0.672
6.188118,281.264,61.253,0.685
6.199728,281.057,61.240,0.688
6.211338,280.632,61.214,0.690
6.222948,281.434,61.264,0.697
6.234558,284.384,61.444,0.701
6.246168,292.149,61.910,0.711
6.257778,300.570,62.402,0.724
6.269388,306.243,62.726,0.737
6.280998,308.388,62.847,0.745
6.292608,309.476,62.908,0.753
6.304218,310.172,62.947,0.762
6.315828,310.994,62.993,0.767
6.327438,310.782,62.981,0.772
6.339048,310.110,62.943,0.771
6.350658,309.214,62.893,0.768
6.362268,308.482,62.852,0.764
6.373878,308.409,62.848,0.760
6.385488,308.652,62.862,0.758
6.397098,308.987,62.880,0.754
6.408707,310.153,62.946,0.750
6.420317,312.694,63.087,0.749
6.431927,316.389,63.290,0.753
6.443537,320.262,63.501,0.759
6.455147,323.903,63.697,0.767
6.466757,326.374,63.828,0.774
6.478367,327.881,63.908,0.780
6.489977,329.026,63.968,0.783
6.501587,329.324,63.984,0.787
6.513197,329.512,63.994,0.786
6.524807,329.355,63.986,0.784
6.536417,328.844,63.959,0.779
6.548027,328.544,63.943,0.772
6.559637,328.308,63.931,0.767
6.571247,328.293,63.930,0.763
6.582857,328.468,63.939,0.763
6.594467,328.915,63.963,0.761
6.606077,329.005,63.967,0.763
6.617687,329.315,63.984,0.767
6.629297,329.398,63.988,0.771
6.640907,329.291,63.982,0.772
6.652517,329.087,63.972,0.771
6.664127,329.022,63.968,0.767
6.675737,329.049,63.970,0.763
6.687347,329.046,63.969,0.757
6.698957,329.078,63.971,0.751
6.710567,329.142,63.974,0.744
6.722177,329.281,63.982,0.738
6.733787,329.474,63.992,0.735
6.745397,329.829,64.011,0.735
6.757007,329.801,64.009,0.738
6.768617,329.661,64.002,0.740
6.780227,329.469,63.992,0.742
6.791837,329.522,63.994,0.743
6.803447,329.292,63.982,0.745
6.815057,329.209,63.978,0.747
6.826667,329.071,63.971,0.754
6.838277,328.887,63.961,0.759
6.849887,328.838,63.958,0.763
6.861497,328.850,63.959,0.767
6.873107,328.999,63.967,0.773
6.884717,329.084,63.971,0.778
6.896327,329.266,63.981,0.781
6.907937,329.288,63.982,0.783
6.919546,329.387,63.987,0.782
6.931156,329.465,63.991,0.778
6.942766,329.567,63.997,0.774
6.954376,329.584,63.998,0.771
6.965986,329.669,64.002,0.766
6.977596,329.732,64.005,0.762
6.989206,330.017,64.020,0.760
7.000816,330.403,64.041,0.760
7.012426,330.811,64.062,0.765
7.024036,330.945,64.069,0.774
7.035646,331.111,64.078,0.783
7.047256,331.003,64.072,0.788
7.058866,330.810,64.062,0.785
7.070476,330.476,64.045,0.777
7.082086,329.962,64.018,0.769
7.093696,329.020,63.968,0.768
7.105306,327.728,63.900,0.766
7.116916,326.091,63.813,0.760
7.128526,325.061,63.759,0.755
7.140136,325.453,63.779,0.757
7.151746,326.961,63.859,0.767
7.163356,328.972,63.966,0.787
7.174966,330.512,64.046,0.803
7.186576,332.089,64.129,0.810
7.198186,332.903,64.171,0.814
7.209796,333.151,64.184,0.820
7.221406,332.963,64.174,0.821
7.233016,332.432,64.147,0.814
7.244626,331.714,64.109,0.802
7.256236,330.359,64.038,0.789
7.267846,328.684,63.950,0.781
7.279456,327.616,63.894,0.775
7.291066,327.643,63.895,0.771
7.302676,328.880,63.961,0.768
7.314286,330.374,64.039,0.771
7.325896,331.365,64.091,0.777
7.337506,331.694,64.108,0.784
7.349116,332.140,64.131,0.787
7.360726,332.355,64.143,0.784
7.372336,332.325,64.141,0.775
7.383946,331.843,64.116,0.759
7.395556,330.710,64.057,0.738
7.407166,329.043,63.969,0.708
7.418776,327.397,63.882,0.687
7.430385,326.138,63.816,0.673
7.441995,326.013,63.809,0.660
7.453605,327.747,63.901,0.650
7.465215,330.044,64.022,0.655
7.476825,331.273,64.086,0.672
7.488435,331.744,64.111,0.686
7.500045,331.757,64.111,0.694
7.511655,331.832,64.115,0.694
7.523265,332.041,64.126,0.685
7.534875,331.618,64.104,0.674
7.546485,330.552,64.049,0.660
7.558095,329.138,63.974,0.637
7.569705,327.663,63.896,0.604
7.581315,327.282,63.876,0.572
7.592925,327.923,63.910,0.542
7.604535,329.245,63.980,0.527
7.616145,330.058,64.023,0.532
7.627755,331.051,64.075,0.526
7.639365,332.481,64.149,0.506
7.650975,333.053,64.179,0.488
7.662585,332.774,64.164,0.472
7.674195,331.784,64.113,0.450
7.685805,330.615,64.052,0.425
7.697415,329.415,63.989,0.395
7.709025,328.028,63.916,0.346
7.720635,327.551,63.891,0.312
7.732245,327.977,63.913,0.306
7.743855,329.391,63.988,0.305
7.755465,331.805,64.114,0.308
7.767075,332.169,64.133,0.318
7.778685,331.736,64.110,0.332
7.790295,331.617,64.104,0.335
7.801905,331.850,64.116,0.330
7.813515,331.535,64.100,0.328
7.825125,330.271,64.034,0.334
7.836735,328.871,63.960,0.330
7.848345,327.458,63.886,0.300
7.859955,326.616,63.841,0.255
7.871565,326.340,63.826,0.222
7.883175,326.363,63.828,0.206
7.894785,326.340,63.826,0.198
7.906395,326.429,63.831,0.173
7.918005,327.546,63.890,0.122
7.929615,328.688,63.951,0.070
7.941224,328.812,63.957,0.047
7.952834,328.768,63.955,0.045
7.964444,328.667,63.949,0.042
7.976054,328.331,63.932,0.033
7.987664,328.858,63.960,0.024
7.999274,329.687,64.003,0.019
8.010884,,,0.000
8.022494,,,0.000
8.034104,,,0.000
8.045714,,,0.000
8.057324,,,0.000
8.068934,,,0.000
8.080544,,,0.000
8.092154,,,0.000
8.103764,,,0.000
8.115374,,,0.000
8.126984,,,0.000
8.138594,,,0.000
8.150204,,,0.000
8.161814,,,0.000
8.173424,,,0.000
8.185034,,,0.000
8.196644,,,0.000
8.208254,,,0.000
8.219864,,,0.000
8.231474,,,0.000
8.243084,,,0.000
8.254694,,,0.000
8.266304,,,0.000
8.277914,,,0.000
8.289524,,,0.000
8.301134,,,0.000
8.312744,,,0.000
8.324354,,,0.000
8.335964,,,0.000
8.347574,,,0.000
8.359184,,,0.000
8.370794,,,0.000
8.382404,,,0.000
8.394014,,,0.000
8.405624,,,0.000
8.417234,,,0.000
8.428844,,,0.000
8.440454,,,0.000
8.452063,,,0.000
8.463673,,,0.000
8.475283,,,0.000
8.486893,,,0.000
8.498503,,,0.000
8.510113,,,0.000
8.521723,,,0.000
8.533333,,,0.000
8.544943,,,0.000
8.556553,,,0.000
8.568163,,,0.000
8.579773,,,0.000
8.591383,,,0.000
8.602993,,,0.000
8.614603,,,0.000
8.626213,,,0.000
8.637823,,,0.000
8.649433,,,0.000
8.661043,,,0.000
8.672653,,,0.000
8.684263,,,0.000
8.695873,,,0.000
8.707483,,,0.000
8.719093,,,0.000
8.730703,,,0.000
8.742313,,,0.000
8.753923,,,0.000
8.765533,,,0.000
8.777143,,,0.000
8.788753,,,0.000
8.800363,,,0.000
8.811973,,,0.000
8.823583,,,0.000
8.835193,,,0.000
8.846803,,,0.000
8.858413,,,0.000
8.870023,,,0.000
8.881633,,,0.000
8.893243,,,0.000
8.904853,,,0.000
8.916463,,,0.000
8.928073,,,0.000
8.939683,,,0.000
8.951293,,,0.000
8.962902,,,0.000
8.974512,,,0.000
8.986122,,,0.000
8.997732,,,0.000
9.009342,,,0.000
9.020952,,,0.000
9.032562,,,0.000
9.044172,,,0.000
9.055782,,,0.000
9.067392,,,0.000
9.079002,,,0.000
9.090612,,,0.000
9.102222,,,0.000
9.113832,,,0.000
9.125442,,,0.000
9.137052,,,0.000
9.148662,,,0.000
9.160272,,,0.000
9.171882,,,0.000
9.183492,,,0.000
9.195102,,,0.000
9.206712,,,0.000
9.218322,,,0.000
9.229932,,,0.000
9.241542,,,0.000
9.253152,,,0.000
9.264762,,,0.000
9.276372,,,0.000
9.287982,,,0.000
9.299592,,,0.000
9.311202,,,0.000
9.322812,,,0.000
9.334422,,,0.000
9.346032,,,0.000
9.357642,,,0.000
9.369252,,,0.000
9.380862,,,0.000
9.392472,,,0.000
9.404082,,,0.000
9.415692,,,0.000
9.427302,,,0.000
9.438912,,,0.000
9.450522,,,0.000
9.462132,,,0.000
9.473741,,,0.000
9.485351,,,0.000
9.496961,,,0.000
9.508571,,,0.000
9.520181,,,0.000
9.531791,,,0.000
9.543401,,,0.000
9.555011,,,0.000
9.566621,,,0.000
9.578231,,,0.000
9.589841,,,0.000
9.601451,,,0.000
9.613061,,,0.000
9.624671,,,0.000
9.636281,,,0.000
9.647891,,,0.000
9.659501,,,0.000
9.671111,,,0.000
9.682721,,,0.000
9.694331,,,0.000
9.705941,,,0.000
9.717551,,,0.000
9.729161,,,0.000
9.740771,,,0.000
9.752381,,,0.000
9.763991,,,0.000
9.775601,,,0.000
9.787211,,,0.000
9.798821,,,0.000
9.810431,,,0.000
9.822041,,,0.000
9.833651,,,0.000
9.845261,,,0.000
9.856871,,,0.000
9.868481,,,0.000
9.880091,,,0.000
9.891701,,,0.000
9.903311,,,0.000
9.914921,,,0.000
9.926531,,,0.000
9.938141,,,0.000
9.949751,,,0.000
9.961361,,,0.000
9.972971,,,0.000
9.984580,,,0.000
9.996190,,,0.000
10.007800,,,0.000
10.019410,,,0.000
10.031020,,,0.000
10.042630,,,0.000
10.054240,,,0.000
10.065850,,,0.000
10.077460,,,0.000
10.089070,,,0.000
10.100680,,,0.000
10.112290,,,0.000
10.123900,,,0.000
10.135510,,,0.000
10.147120,,,0.000
10.158730,,,0.000
10.170340,,,0.000
10.181950,,,0.000
10.193560,,,0.000
10.205170,,,0.000
10.216780,,,0.000
10.228390,,,0.000
10.240000,,,0.000
10.251610,,,0.000
10.263220,,,0.000
10.274830,,,0.000
10.286440,,,0.000
10.298050,,,0.000
10.309660,,,0.000
10.321270,,,0.000
10.332880,,,0.000
10.344490,,,0.000
10.356100,,,0.000
10.367710,,,0.000
10.379320,,,0.000
10.390930,,,0.000
10.402540,,,0.000
10.414150,,,0.000
10.425760,,,0.000
10.437370,,,0.000
10.448980,,,0.000
10.460590,,,0.000
10.472200,,,0.000
10.483810,,,0.000
10.495420,,,0.000
10.507029,,,0.000
10.518639,,,0.000
10.530249,,,0.000
10.541859,,,0.000
10.553469,,,0.000
10.565079,,,0.000
10.576689,,,0.000
10.588299,,,0.000
10.599909,,,0.000
10.611519,,,0.000
10.623129,,,0.000
10.634739,,,0.000
10.646349,,,0.000
10.657959,,,0.000
10.669569,,,0.000
10.681179,,,0.000
10.692789,205.402,55.811,0.011
10.704399,205.835,55.848,0.056
10.716009,124.971,47.209,0.102
10.727619,1002.273,83.252,0.143
10.739229,283.984,61.420,0.178
10.750839,125.505,47.283,0.216
10.762449,125.415,47.271,0.253
10.774059,285.125,61.489,0.287
10.785669,822.502,79.830,0.332
10.797279,824.524,79.873,0.365
10.808889,817.263,79.720,0.401
10.820499,141.473,49.356,0.428
10.832109,342.594,64.668,0.454
10.843719,141.773,49.393,0.479
10.855329,821.462,79.808,0.498
10.866939,817.629,79.727,0.514
10.878549,815.639,79.685,0.531
10.890159,814.797,79.667,0.544
10.901769,813.986,79.650,0.547
10.913379,814.904,79.670,0.552
10.924989,817.357,79.722,0.554
10.936599,816.846,79.711,0.549
10.948209,815.175,79.675,0.541
10.959819,814.792,79.667,0.533
10.971429,813.435,79.638,0.509
10.983039,813.229,79.634,0.479
10.994649,815.321,79.678,0.453
11.006259,810.801,79.582,0.414
11.017868,138.554,48.995,0.361
11.029478,236.006,58.216,0.307
11.041088,100.817,43.491,0.242
11.052698,692.450,76.850,0.260
11.064308,686.857,76.710,0.437
11.075918,698.731,77.007,0.518
11.087528,704.060,77.138,0.596
11.099138,167.455,52.275,0.679
11.110748,167.418,52.271,0.735
11.122358,166.883,52.216,0.766
11.133968,159.182,51.398,0.798
11.145578,158.775,51.354,0.822
11.157188,158.703,51.346,0.834
11.168798,158.537,51.328,0.846
11.180408,158.472,51.321,0.853
11.192018,157.993,51.268,0.850
11.203628,157.732,51.240,0.845
11.215238,158.087,51.279,0.843
11.226848,159.073,51.386,0.837
11.238458,161.171,51.613,0.831
11.250068,161.874,51.688,0.828
11.261678,162.522,51.758,0.825
11.273288,163.091,51.818,0.822
11.284898,163.317,51.842,0.815
11.296508,163.383,51.849,0.801
11.308118,163.367,51.847,0.783
11.319728,163.543,51.866,0.758
11.331338,163.385,51.849,0.728
11.342948,162.887,51.796,0.692
11.354558,161.949,51.696,0.641
11.366168,158.754,51.351,0.561
11.377778,162.250,51.729,0.513
11.389388,145.029,49.786,0.514
11.400998,183.301,53.841,0.593
11.412608,183.231,53.834,0.677
11.424218,183.195,53.831,0.720
11.435828,183.450,53.855,0.748
11.447438,183.526,53.862,0.771
11.459048,183.675,53.876,0.785
11.470658,184.555,53.959,0.794
11.482268,184.561,53.959,0.803
11.493878,184.959,53.996,0.808
11.505488,185.951,54.089,0.801
11.517098,187.118,54.197,0.794
11.528707,188.728,54.346,0.791
11.540317,191.580,54.605,0.788
11.551927,194.523,54.869,0.791
11.563537,197.640,55.144,0.793
11.575147,200.451,55.389,0.799
11.586757,202.502,55.565,0.795
11.598367,205.110,55.787,0.794
11.609977,206.329,55.889,0.795
11.621587,207.241,55.966,0.799
11.633197,207.389,55.978,0.799
11.644807,207.574,55.993,0.793
11.656417,207.663,56.001,0.792
11.668027,207.614,55.997,0.788
11.679637,207.500,55.987,0.788
11.691247,207.258,55.967,0.784
11.702857,207.372,55.977,0.781
11.714467,207.602,55.996,0.775
11.726077,207.631,55.998,0.766
11.737687,207.567,55.993,0.757
11.749297,209.090,56.119,0.739
11.760907,208.257,56.050,0.723
11.772517,208.425,56.064,0.704
11.784127,208.993,56.111,0.689
11.795737,210.596,56.244,0.673
11.807347,211.521,56.320,0.649
11.818957,211.972,56.356,0.640
11.830567,177.878,53.321,0.637
11.842177,177.770,53.310,0.645
11.853787,96.698,42.769,0.638
11.865397,96.694,42.768,0.641
11.877007,96.742,42.776,0.641
11.888617,96.679,42.765,0.640
11.900227,177.984,53.331,0.638
11.911837,177.990,53.332,0.632
11.923447,98.866,43.152,0.634
11.935057,920.272,81.775,0.634
11.946667,178.279,53.360,0.636
11.958277,178.228,53.355,0.634
11.969887,212.587,56.407,0.693
11.981497,215.997,56.682,0.758
11.993107,220.908,57.071,0.800
12.004717,220.566,57.044,0.821
12.016327,220.194,57.015,0.838
12.027937,219.880,56.991,0.848
12.039546,220.081,57.006,0.861
12.051156,220.053,57.004,0.868
12.062766,220.472,57.037,0.863
12.074376,220.887,57.070,0.849
12.085986,221.579,57.124,0.831
12.097596,224.006,57.312,0.828
12.109206,228.940,57.690,0.825
12.120816,234.393,58.097,0.831
12.132426,238.905,58.427,0.832
12.144036,241.933,58.645,0.840
12.155646,243.931,58.788,0.848
12.167256,245.465,58.896,0.853
12.178866,246.291,58.954,0.859
12.190476,246.789,58.989,0.863
12.202086,246.934,58.999,0.864
12.213696,246.686,58.982,0.863
12.225306,246.471,58.967,0.865
12.236916,246.158,58.945,0.864
12.248526,245.895,58.926,0.862
12.260136,245.849,58.923,0.861
12.271746,245.796,58.920,0.861
12.283356,245.920,58.928,0.858
12.294966,246.135,58.943,0.857
12.306576,246.398,58.962,0.857
12.318186,246.753,58.987,0.853
12.329796,247.015,59.005,0.851
12.341406,247.072,59.009,0.852
12.353016,247.094,59.011,0.852
12.364626,247.076,59.009,0.852
12.376236,247.006,59.005,0.851
12.387846,246.937,59.000,0.850
12.399456,247.022,59.006,0.848
12.411066,246.942,59.000,0.845
12.422676,246.964,59.002,0.839
12.434286,246.858,58.994,0.831
12.445896,246.725,58.985,0.817
12.457506,246.651,58.980,0.798
12.469116,246.511,58.970,0.774
12.480726,246.014,58.935,0.744
12.492336,245.251,58.881,0.708
12.503946,243.944,58.789,0.667
12.515556,241.174,58.591,0.624
12.527166,242.736,58.703,0.598
12.538776,104.507,44.113,0.577
12.550385,265.588,60.260,0.620
12.561995,289.174,61.733,0.682
12.573605,293.384,61.983,0.719
12.585215,297.507,62.225,0.757
12.596825,301.057,62.430,0.789
12.608435,303.074,62.546,0.820
12.620045,303.670,62.580,0.844
12.631655,303.116,62.548,0.864
12.643265,302.452,62.510,0.873
12.654875,302.454,62.511,0.876
12.666485,302.645,62.521,0.880
12.678095,301.982,62.484,0.882
12.689705,301.888,62.478,0.885
12.701315,303.315,62.560,0.885
12.712925,307.883,62.819,0.887
12.724535,315.128,63.221,0.892
12.736145,320.679,63.524,0.900
12.747755,324.700,63.739,0.907
12.759365,327.128,63.868,0.913
12.770975,329.014,63.968,0.918
12.782585,329.941,64.016,0.924
12.794195,330.228,64.031,0.929
12.805805,330.411,64.041,0.928
12.817415,330.353,64.038,0.928
12.829025,330.334,64.037,0.930
12.840635,330.139,64.027,0.930
12.852245,330.049,64.022,0.929
12.863855,330.074,64.023,0.926
12.875465,330.217,64.031,0.922
12.887075,330.637,64.053,0.918
12.898685,330.859,64.065,0.914
12.910295,331.060,64.075,0.910
12.921905,331.030,64.074,0.901
12.933515,330.444,64.043,0.891
12.945125,329.975,64.018,0.876
12.956735,329.858,64.012,0.864
12.968345,329.228,63.979,0.856
12.979955,328.499,63.941,0.855
12.991565,327.137,63.869,0.846
13.003175,326.580,63.839,0.829
13.014785,152.876,50.698,0.812
13.026395,1002.273,83.252,0.797
13.038005,1002.273,83.252,0.789
13.049615,123.915,47.062,0.776
13.061224,1002.273,83.252,0.741
13.072834,109.752,44.961,0.673
13.084444,97.817,42.968,0.598
13.096054,324.203,63.713,0.549
13.107664,327.443,63.885,0.490
13.119274,321.691,63.578,0.413
13.130884,318.333,63.396,0.409
13.142494,316.288,63.285,0.431
13.154104,328.534,63.942,0.464
13.165714,839.034,80.175,0.509
13.177324,836.894,80.131,0.527
13.188934,830.379,79.995,0.549
13.200544,821.620,79.812,0.561
13.212154,818.296,79.741,0.572
13.223764,816.536,79.704,0.579
13.235374,823.962,79.861,0.587
13.246984,131.845,48.136,0.588
13.258594,815.829,79.689,0.579
13.270204,231.006,57.845,0.579
13.281814,816.397,79.701,0.570
13.293424,231.740,57.900,0.560
13.305034,822.495,79.830,0.544
13.316644,140.583,49.247,0.525
13.328254,816.643,79.706,0.494
13.339864,129.741,47.858,0.463
13.351474,93.585,42.202,0.422
13.363084,105.561,44.287,0.363
13.374694,320.712,63.525,0.285
13.386304,321.357,63.560,0.196
13.397914,322.279,63.610,0.134
13.409524,213.690,56.496,0.302
13.421134,187.925,54.272,0.563
13.432744,183.862,53.893,0.660
13.444354,183.130,53.824,0.713
13.455964,184.242,53.929,0.746
13.467574,184.534,53.957,0.774
13.479184,184.781,53.980,0.796
13.490794,184.661,53.968,0.816
13.502404,184.265,53.931,0.830
13.514014,183.891,53.896,0.830
13.525624,183.433,53.853,0.824
13.537234,183.159,53.827,0.817
13.548844,183.307,53.841,0.814
13.560454,183.417,53.852,0.809
13.572063,184.129,53.919,0.804
13.583673,186.519,54.142,0.802
13.595283,189.858,54.449,0.803
13.606893,201.967,55.519,0.808
13.618503,205.280,55.801,0.817
13.630113,206.819,55.930,0.825
13.641723,207.550,55.991,0.831
13.653333,207.768,56.010,0.835
13.664943,207.935,56.024,0.837
13.676553,207.905,56.021,0.836
13.688163,207.904,56.021,0.827
13.699773,207.701,56.004,0.815
13.711383,207.434,55.982,0.798
13.722993,207.648,56.000,0.781
13.734603,207.476,55.985,0.760
13.746213,207.308,55.971,0.735
13.757823,207.339,55.974,0.703
13.769433,191.771,54.623,0.700
13.781043,191.807,54.626,0.719
13.792653,184.152,53.921,0.742
13.804263,183.929,53.900,0.757
13.815873,183.972,53.904,0.771
13.827483,183.615,53.870,0.781
13.839093,183.990,53.906,0.794
13.850703,184.203,53.925,0.806
13.862313,184.323,53.937,0.801
13.873923,184.659,53.968,0.790
13.885533,185.015,54.002,0.775
13.897143,185.281,54.027,0.765
13.908753,186.094,54.102,0.753
13.920363,185.988,54.093,0.747
13.931973,185.537,54.050,0.739
13.943583,184.333,53.938,0.728
13.955193,184.626,53.965,0.722
13.966803,185.561,54.053,0.728
13.978413,185.490,54.046,0.730
13.990023,185.392,54.037,0.729
14.001633,185.328,54.031,0.726
14.013243,184.533,53.956,0.719
14.024853,183.761,53.884,0.716
14.036463,182.358,53.751,0.721
14.048073,182.447,53.760,0.730
14.059683,183.417,53.851,0.737
14.071293,184.378,53.942,0.751
14.082902,184.850,53.986,0.765
14.094512,185.204,54.019,0.779
14.106122,185.297,54.028,0.791
14.117732,185.592,54.056,0.800
14.129342,185.823,54.077,0.805
14.140952,185.818,54.077,0.807
14.152562,185.757,54.071,0.808
14.164172,185.366,54.034,0.801
14.175782,185.111,54.011,0.783
14.187392,184.884,53.989,0.769
14.199002,184.477,53.951,0.768
14.210612,184.650,53.967,0.768
14.222222,185.430,54.040,0.778
14.233832,185.797,54.075,0.784
14.245442,186.039,54.097,0.787
14.257052,185.945,54.088,0.796
14.268662,185.824,54.077,0.812
14.280272,185.723,54.068,0.822
14.291882,185.538,54.051,0.824
14.303492,185.204,54.019,0.823
14.315102,184.834,53.985,0.818
14.326712,184.755,53.977,0.813
14.338322,184.704,53.973,0.810
14.349932,184.832,53.985,0.809
14.361542,184.859,53.987,0.804
14.373152,184.989,53.999,0.799
14.384762,185.117,54.011,0.791
14.396372,185.083,54.008,0.786
14.407982,185.081,54.008,0.781
14.419592,184.996,54.000,0.781
14.431202,184.944,53.995,0.781
14.442812,184.919,53.993,0.777
14.454422,185.044,54.004,0.780
14.466032,185.172,54.016,0.781
14.477642,185.617,54.058,0.788
14.489252,186.158,54.108,0.795
14.500862,186.868,54.174,0.800
14.512472,186.902,54.177,0.802
14.524082,186.834,54.171,0.802
14.535692,186.724,54.161,0.802
14.547302,186.516,54.142,0.802
14.558912,186.271,54.119,0.801
14.570522,186.316,54.123,0.797
14.582132,186.399,54.131,0.793
14.593741,187.827,54.263,0.789
14.605351,194.874,54.900,0.785
14.616961,197.021,55.090,0.778
14.628571,198.652,55.233,0.766
14.640181,201.356,55.467,0.746
14.651791,205.216,55.796,0.724
14.663401,206.344,55.891,0.698
14.675011,206.799,55.929,0.662
14.686621,206.366,55.892,0.615
14.698231,199.124,55.274,0.538
14.709841,191.990,54.642,0.426
14.721451,188.068,54.285,0.317
14.733061,187.463,54.229,0.287
14.744671,186.666,54.155,0.278
14.756281,191.679,54.614,0.391
14.767891,188.343,54.310,0.463
14.779501,204.172,55.707,0.501
14.791111,204.240,55.713,0.525
14.802721,179.463,53.474,0.599
14.814331,179.573,53.485,0.653
14.825941,185.292,54.028,0.697
14.837551,185.612,54.057,0.730
14.849161,186.389,54.130,0.749
14.860771,185.334,54.031,0.760
14.872381,185.272,54.026,0.770
14.883991,185.081,54.008,0.780
14.895601,184.981,53.999,0.778
14.907211,184.800,53.982,0.770
14.918821,184.580,53.961,0.760
14.930431,184.439,53.948,0.750
14.942041,184.962,53.997,0.743
14.953651,185.579,54.054,0.741
14.965261,186.379,54.129,0.744
14.976871,187.469,54.230,0.746
14.988481,188.360,54.312,0.750
15.000091,188.673,54.341,0.755
15.011701,188.534,54.328,0.761
15.023311,188.324,54.309,0.762
15.034921,187.609,54.243,0.758
15.046531,186.479,54.138,0.754
15.058141,184.411,53.945,0.745
15.069751,183.179,53.829,0.733
15.081361,181.779,53.696,0.726
15.092971,181.388,53.659,0.722
15.104580,181.796,53.698,0.708
15.116190,182.777,53.791,0.706
15.127800,184.866,53.988,0.707
15.139410,187.373,54.221,0.713
15.151020,188.482,54.323,0.715
15.162630,189.484,54.415,0.717
15.174240,189.911,54.454,0.721
15.185850,188.959,54.367,0.716
15.197460,187.329,54.217,0.711
15.209070,185.401,54.038,0.697
15.220680,183.098,53.821,0.687
15.232290,181.627,53.682,0.672
15.243900,180.985,53.620,0.658
15.255510,181.216,53.642,0.648
15.267120,183.919,53.899,0.629
15.278730,188.208,54.298,0.618
15.290340,190.504,54.508,0.618
15.301950,191.890,54.633,0.618
15.313560,192.564,54.694,0.615
15.325170,192.196,54.661,0.603
15.336780,191.744,54.620,0.598
15.348390,190.620,54.518,0.597
15.360000,187.385,54.222,0.590
15.371610,184.928,53.994,0.572
15.383220,183.666,53.875,0.551
15.394830,183.686,53.877,0.532
15.406440,184.496,53.953,0.499
15.418050,184.484,53.952,0.477
15.429660,184.474,53.951,0.452
15.441270,186.117,54.104,0.378
15.452880,188.206,54.298,0.269
15.464490,187.159,54.201,0.235
15.476100,184.715,53.974,0.273
15.487710,182.256,53.742,0.313
15.499320,93.042,42.101,0.351
15.510930,203.772,55.673,0.385
15.522540,204.394,55.726,0.410
15.534150,204.071,55.699,0.435
15.545760,173.454,52.885,0.466
15.557370,263.595,60.130,0.491
15.568980,263.509,60.124,0.502
15.580590,303.830,62.589,0.512
15.592200,303.660,62.579,0.522
15.603810,848.323,80.365,0.530
15.615420,843.382,80.264,0.543
15.627029,836.287,80.118,0.548
15.638639,831.317,80.015,0.545
15.650249,830.696,80.002,0.532
15.661859,831.511,80.019,0.517
15.673469,835.001,80.091,0.499
15.685079,833.455,80.059,0.476
15.696689,825.195,79.887,0.445
15.708299,97.127,42.845,0.389
15.719909,87.110,40.961,0.322
15.731519,87.036,40.946,0.198
15.743129,189.014,54.372,0.053
15.754739,187.236,54.208,0.006
15.766349,,,0.000
15.777959,183.695,53.878,0.037
15.789569,204.662,55.749,0.414
15.801179,183.830,53.890,0.592
15.812789,174.942,53.032,0.665
15.824399,173.780,52.917,0.714
15.836009,173.339,52.873,0.753
15.847619,172.715,52.811,0.780
15.859229,172.131,52.752,0.799
15.870839,171.690,52.708,0.813
15.882449,171.269,52.665,0.821
15.894059,168.608,52.394,0.816
15.905669,166.284,52.154,0.804
15.917279,165.590,52.081,0.790
15.928889,165.111,52.031,0.773
15.940499,165.128,52.033,0.759
15.952109,164.932,52.012,0.746
15.963719,164.031,51.918,0.734
15.975329,161.026,51.597,0.723
15.986939,157.914,51.260,0.718
15.998549,156.781,51.135,0.723
16.010159,156.389,51.092,0.731
16.021769,155.958,51.044,0.732
16.033379,155.614,51.006,0.734
16.044989,155.783,51.024,0.734
16.056599,155.480,50.991,0.725
16.068209,155.388,50.980,0.711
16.079819,155.363,50.978,0.696
16.091429,155.150,50.954,0.678
16.103039,155.977,51.046,0.651
16.114649,156.176,51.068,0.631
16.126259,156.264,51.078,0.631
16.137868,161.870,51.688,0.662
16.149478,161.872,51.688,0.707
16.161088,161.879,51.689,0.743
16.172698,161.960,51.698,0.766
16.184308,162.048,51.707,0.783
16.195918,162.088,51.711,0.794
16.207528,161.866,51.688,0.800
16.219138,161.832,51.684,0.796
16.230748,161.670,51.667,0.783
16.242358,161.459,51.644,0.765
16.253968,160.787,51.572,0.746
16.265578,160.593,51.551,0.733
16.277188,161.189,51.615,0.721
16.288798,162.982,51.807,0.715
16.300408,165.972,52.121,0.712
16.312018,168.137,52.346,0.711
16.323628,168.343,52.367,0.712
16.335238,168.467,52.380,0.714
16.346848,168.403,52.373,0.710
16.358458,167.759,52.307,0.698
16.370068,165.480,52.070,0.686
16.381678,163.303,51.841,0.673
16.393288,161.539,51.652,0.656
16.404898,160.290,51.518,0.639
16.416508,160.184,51.507,0.619
16.428118,160.962,51.591,0.592
16.439728,164.280,51.944,0.563
16.451338,168.107,52.342,0.532
16.462948,171.443,52.683,0.493
16.474558,173.395,52.879,0.446
16.486168,172.849,52.824,0.400
16.497778,172.073,52.746,0.349
16.509388,169.891,52.525,0.292
16.520998,166.960,52.224,0.184
16.532608,155.895,51.037,0.081
16.544218,156.840,51.142,0.022
16.555828,158.110,51.281,0.011
16.567438,158.849,51.362,0.002
16.579048,,,0.000
16.590658,,,0.000
16.602268,,,0.000
16.613878,162.148,51.718,0.004
16.625488,162.212,51.724,0.011
16.637098,162.040,51.706,0.014
16.648707,162.077,51.710,0.137
16.660317,182.901,53.803,0.439
16.671927,184.888,53.990,0.617
16.683537,186.250,54.117,0.693
16.695147,191.172,54.568,0.738
16.706757,193.511,54.779,0.778
16.718367,194.159,54.837,0.805
16.729977,193.639,54.790,0.827
16.741587,192.793,54.715,0.843
16.753197,191.897,54.634,0.852
16.764807,191.362,54.586,0.849
16.776417,190.185,54.479,0.845
16.788027,188.923,54.363,0.841
16.799637,188.439,54.319,0.832
16.811247,188.327,54.309,0.825
16.822857,189.366,54.404,0.821
16.834467,191.297,54.580,0.820
16.846077,194.395,54.858,0.822
16.857687,198.090,55.184,0.826
16.869297,201.203,55.454,0.825
16.880907,203.689,55.666,0.826
16.892517,205.387,55.810,0.826
16.904127,206.438,55.898,0.827
16.915737,207.574,55.993,0.824
16.927347,208.343,56.057,0.822
16.938957,208.796,56.095,0.817
16.950567,209.099,56.120,0.811
16.962177,209.080,56.119,0.813
16.973787,208.938,56.107,0.810
16.985397,208.820,56.097,0.816
16.997007,208.622,56.081,0.820
17.008617,208.498,56.070,0.820
17.020227,208.400,56.062,0.823
17.031837,208.055,56.034,0.823
17.043447,208.037,56.032,0.827
17.055057,207.956,56.025,0.830
17.066667,208.017,56.030,0.832
17.078277,208.009,56.030,0.834
17.089887,208.005,56.029,0.832
17.101497,208.110,56.038,0.835
17.113107,207.978,56.027,0.836
17.124717,207.946,56.024,0.838
17.136327,207.727,56.006,0.839
17.147937,207.607,55.996,0.836
17.159546,207.441,55.982,0.837
17.171156,207.293,55.970,0.834
17.182766,207.308,55.971,0.835
17.194376,207.427,55.981,0.834
17.205986,207.825,56.014,0.829
17.217596,208.551,56.075,0.827
17.229206,209.833,56.181,0.821
17.240816,210.447,56.231,0.806
17.252426,211.350,56.306,0.786
17.264036,213.357,56.469,0.767
17.275646,215.922,56.676,0.750
17.287256,220.768,57.060,0.741
17.298866,234.686,58.119,0.738
17.310476,260.363,59.916,0.733
17.322086,261.049,59.962,0.735
17.333696,259.140,59.835,0.754
17.345306,257.733,59.740,0.771
17.356916,257.120,59.699,0.781
17.368526,255.897,59.617,0.789
17.380136,253.707,59.468,0.786
17.391746,252.848,59.409,0.781
17.403356,251.298,59.303,0.777
17.414966,250.324,59.235,0.776
17.426576,250.246,59.230,0.780
17.438186,274.402,60.825,0.784
17.449796,276.457,60.955,0.792
17.461406,277.634,61.028,0.796
17.473016,278.156,61.061,0.803
17.484626,278.563,61.086,0.812
17.496236,279.096,61.119,0.817
17.507846,279.264,61.129,0.820
17.519456,279.284,61.131,0.816
17.531066,279.258,61.129,0.804
17.542676,279.364,61.136,0.787
17.554286,279.579,61.149,0.765
17.565896,279.547,61.147,0.739
17.577506,279.606,61.151,0.725
17.589116,280.458,61.203,0.735
17.600726,281.471,61.266,0.735
17.612336,281.553,61.271,0.752
17.623946,280.779,61.223,0.792
17.635556,279.941,61.171,0.825
17.647166,279.489,61.143,0.847
17.658776,279.309,61.132,0.864
17.670385,278.978,61.112,0.875
17.681995,278.441,61.078,0.877
17.693605,278.120,61.058,0.877
17.705215,277.787,61.038,0.870
17.716825,277.613,61.027,0.850
17.728435,277.737,61.035,0.822
17.740045,277.820,61.040,0.794
17.751655,277.622,61.027,0.762
17.763265,277.670,61.030,0.711
17.774875,276.366,60.949,0.638
17.786485,272.362,60.696,0.545
17.798095,273.037,60.739,0.411
17.809705,277.774,61.037,0.491
17.821315,152.705,50.679,0.546
17.832925,785.424,79.032,0.574
17.844535,786.892,79.064,0.598
17.856145,789.612,79.124,0.610
17.867755,281.705,61.280,0.638
17.879365,269.039,60.484,0.681
17.890975,281.851,61.289,0.723
17.902585,283.952,61.418,0.738
17.914195,289.749,61.768,0.755
17.925805,290.342,61.803,0.770
17.937415,288.417,61.688,0.780
17.949025,287.033,61.605,0.792
17.960635,286.204,61.554,0.799
17.972245,285.671,61.522,0.797
17.983855,282.692,61.341,0.790
17.995465,279.485,61.143,0.787
18.007075,277.730,61.034,0.780
18.018685,276.137,60.935,0.772
18.030295,274.461,60.829,0.770
18.041905,271.966,60.671,0.772
18.053515,260.159,59.903,0.766
18.065125,256.273,59.642,0.766
18.076735,253.365,59.445,0.766
18.088345,249.855,59.203,0.758
18.099955,248.302,59.095,0.756
18.111565,247.289,59.024,0.755
18.123175,246.813,58.991,0.754
18.134785,247.016,59.005,0.749
18.146395,247.615,59.047,0.752
18.158005,247.761,59.057,0.747
18.169615,247.368,59.030,0.743
18.181224,246.800,58.990,0.735
18.192834,246.414,58.963,0.718
18.204444,245.871,58.925,0.703
18.216054,245.421,58.893,0.680
18.227664,244.790,58.849,0.646
18.239274,243.464,58.754,0.601
18.250884,244.537,58.831,0.541
18.262494,248.735,59.125,0.439
18.274104,271.646,60.651,0.304
18.285714,273.656,60.778,0.293
18.297324,275.602,60.901,0.243
18.308934,819.034,79.757,0.636
18.320544,817.392,79.722,0.646
18.332154,264.848,60.212,0.699
18.343764,263.214,60.105,0.737
18.355374,261.418,59.986,0.764
18.366984,250.523,59.249,0.785
18.378594,249.890,59.205,0.804
18.390204,82.446,40.008,0.817
18.401814,247.325,59.027,0.802
18.413424,246.699,58.983,0.813
18.425034,245.978,58.932,0.809
18.436644,245.441,58.894,0.803
18.448254,244.933,58.859,0.800
18.459864,244.035,58.795,0.797
18.471474,244.035,58.795,0.797
18.483084,244.839,58.852,0.803
18.494694,246.362,58.959,0.808
18.506304,247.948,59.070,0.814
18.517914,249.709,59.193,0.819
18.529524,250.577,59.253,0.823
18.541134,250.550,59.251,0.825
18.552744,250.335,59.236,0.828
18.564354,249.396,59.171,0.826
18.575964,248.125,59.083,0.823
18.587574,246.746,58.986,0.819
18.599184,245.374,58.890,0.815
18.610794,244.573,58.833,0.814
18.622404,244.613,58.836,0.815
18.634014,245.258,58.882,0.814
18.645624,246.122,58.942,0.813
18.657234,247.150,59.015,0.814
18.668844,247.872,59.065,0.813
18.680454,248.275,59.093,0.811
18.692063,248.243,59.091,0.809
18.703673,247.878,59.066,0.804
18.715283,247.472,59.037,0.796
18.726893,246.640,58.979,0.791
18.738503,246.632,58.978,0.788
18.750113,247.713,59.054,0.782
18.761723,251.132,59.291,0.783
18.773333,257.203,59.705,0.786
18.784943,264.467,60.187,0.788
18.796553,268.812,60.469,0.791
18.808163,271.847,60.663,0.796
18.819773,274.596,60.838,0.801
18.831383,276.134,60.934,0.805
18.842993,276.820,60.977,0.811
18.854603,277.022,60.990,0.810
18.866213,277.302,61.007,0.808
18.877823,276.964,60.986,0.811
18.889433,277.040,60.991,0.810
18.901043,277.063,60.993,0.811
18.912653,277.012,60.989,0.808
18.924263,277.124,60.996,0.806
18.935873,276.888,60.982,0.801
18.947483,276.626,60.965,0.798
18.959093,276.299,60.945,0.792
18.970703,275.606,60.901,0.778
18.982313,275.004,60.863,0.763
18.993923,275.563,60.899,0.751
19.005533,270.669,60.588,0.745
19.017143,266.514,60.321,0.726
19.028753,263.784,60.142,0.704
19.040363,263.100,60.097,0.679
19.051973,129.390,47.811,0.648
19.063583,129.384,47.810,0.626
19.075193,129.403,47.812,0.610
19.086803,257.338,59.714,0.566
19.098413,84.466,40.427,0.457
19.110023,269.791,60.532,0.377
19.121633,270.450,60.574,0.340
19.133243,137.997,48.926,0.283
19.144853,273.848,60.790,0.252
19.156463,274.287,60.818,0.250
19.168073,273.338,60.758,0.243
19.179683,273.670,60.779,0.237
19.191293,272.982,60.736,0.229
19.202902,272.517,60.706,0.207
19.214512,272.829,60.726,0.186
19.226122,272.538,60.707,0.179
19.237732,272.990,60.736,0.157
19.249342,273.230,60.751,0.137
19.260952,272.810,60.725,0.136
19.272562,272.989,60.736,0.133
19.284172,273.613,60.776,0.131
19.295782,273.481,60.767,0.122
19.307392,274.093,60.806,0.122
19.319002,274.433,60.827,0.122
19.330612,274.672,60.843,0.110
19.342222,275.177,60.874,0.085
19.353832,275.535,60.897,0.076
19.365442,275.675,60.906,0.071
19.377052,276.100,60.932,0.054
19.388662,276.283,60.944,0.059
19.400272,276.410,60.952,0.053
19.411882,276.372,60.949,0.048
19.423492,276.385,60.950,0.044
19.435102,276.735,60.972,0.038
19.446712,276.197,60.938,0.042
19.458322,275.907,60.920,0.046
19.469932,275.861,60.917,0.038
19.481542,275.899,60.920,0.027
19.493152,275.938,60.922,0.026
19.504762,275.800,60.913,0.020
19.516372,275.700,60.907,0.017
19.527982,275.580,60.900,0.007
19.539592,,,0.000
19.551202,,,0.000
19.562812,,,0.000
19.574422,,,0.000
19.586032,,,0.000
19.597642,,,0.000
19.609252,,,0.000
19.620862,,,0.000
19.632472,,,0.000
19.644082,,,0.000
19.655692,,,0.000
19.667302,,,0.000
19.678912,,,0.000
19.690522,,,0.000
19.702132,,,0.000
19.713741,,,0.000
19.725351,,,0.000
19.736961,,,0.000
19.748571,,,0.000
19.760181,,,0.000
19.771791,,,0.000
19.783401,,,0.000
19.795011,,,0.000
19.806621,,,0.000
19.818231,,,0.000
19.829841,,,0.000
19.841451,,,0.000
19.853061,,,0.000
19.864671,,,0.000
19.876281,,,0.000
19.887891,,,0.000
19.899501,,,0.000
19.911111,,,0.000
19.922721,,,0.000
19.934331,,,0.000
19.945941,,,0.000
19.957551,,,0.000
19.969161,,,0.000
19.980771,,,0.000
19.992381,,,0.000
20.003991,,,0.000
20.015601,,,0.000
20.027211,,,0.000
20.038821,,,0.000
20.050431,,,0.000
20.062041,,,0.000
20.073651,,,0.000
20.085261,,,0.000
20.096871,,,0.000
20.108481,,,0.000
20.120091,,,0.000
20.131701,,,0.000
20.143311,,,0.000
20.154921,,,0.000
20.166531,,,0.000
20.178141,,,0.000
20.189751,233.970,58.066,0.002
20.201361,1002.273,83.252,0.043
20.212971,205.938,55.856,0.082
20.224580,206.007,55.862,0.116
20.236190,206.211,55.879,0.137
20.247800,206.175,55.876,0.157
20.259410,205.917,55.855,0.184
20.271020,141.947,49.414,0.204
20.282630,99.887,43.330,0.220
20.294240,99.960,43.343,0.227
20.305850,100.038,43.357,0.228
20.317460,100.057,43.360,0.224
20.329070,100.157,43.377,0.216
20.340680,84.286,40.390,0.202
20.352290,84.339,40.401,0.174
20.363900,84.457,40.425,0.138
20.375510,795.757,79.258,0.083
20.387120,105.540,44.284,0.023
20.398730,,,0.000
20.410340,,,0.000
20.421950,,,0.000
20.433560,,,0.000
20.445170,,,0.000
20.456780,,,0.000
20.468390,,,0.000
20.480000,,,0.000
20.491610,785.380,79.031,0.197
20.503220,790.332,79.139,0.565
20.514830,181.928,53.710,0.667
20.526440,162.570,51.763,0.723
20.538050,162.385,51.743,0.758
20.549660,162.192,51.722,0.777
20.561270,161.907,51.692,0.794
20.572880,161.847,51.686,0.805
20.584490,161.952,51.697,0.816
20.596100,160.470,51.538,0.806
20.607710,159.436,51.426,0.787
20.619320,154.932,50.930,0.761
20.630930,154.577,50.890,0.739
20.642540,160.434,51.534,0.727
20.654150,167.200,52.249,0.717
20.665760,168.247,52.357,0.716
20.677370,169.430,52.478,0.703
20.688980,170.674,52.605,0.689
20.700590,171.013,52.639,0.680
20.712200,171.841,52.723,0.690
20.723810,166.519,52.178,0.701
20.735420,162.276,51.731,0.719
20.747029,162.021,51.704,0.725
20.758639,161.723,51.672,0.751
20.770249,847.406,80.347,0.778
20.781859,187.851,54.265,0.799
20.793469,866.377,80.730,0.813
20.805079,148.686,50.217,0.832
20.816689,159.556,51.439,0.828
20.828299,187.384,54.222,0.827
20.839909,204.588,55.743,0.846
20.851519,203.977,55.691,0.846
20.863129,202.659,55.579,0.846
20.874739,202.530,55.568,0.850
20.886349,201.357,55.467,0.855
20.897959,196.562,55.050,0.846
20.909569,194.772,54.891,0.853
20.921179,193.512,54.779,0.851
20.932789,190.317,54.491,0.834
20.944399,188.409,54.316,0.822
20.956009,187.250,54.210,0.814
20.967619,188.337,54.310,0.806
20.979229,192.572,54.695,0.802
20.990839,198.667,55.234,0.805
21.002449,203.074,55.614,0.804
21.014059,207.072,55.952,0.807
21.025669,210.592,56.243,0.806
21.037279,210.568,56.241,0.812
21.048889,210.404,56.228,0.814
21.060499,210.405,56.228,0.813
21.072109,208.818,56.097,0.810
21.083719,207.891,56.020,0.806
21.095329,207.519,55.989,0.812
21.106939,207.155,55.958,0.815
21.118549,206.853,55.933,0.823
21.130159,206.645,55.916,0.823
21.141769,206.780,55.927,0.821
21.153379,206.847,55.933,0.820
21.164989,206.631,55.915,0.816
21.176599,206.394,55.895,0.808
21.188209,205.554,55.824,0.792
21.199819,204.665,55.749,0.776
21.211429,204.577,55.742,0.751
21.223039,205.547,55.824,0.726
21.234649,204.446,55.731,0.704
21.246259,207.639,55.999,0.674
21.257868,195.408,54.948,0.651
21.269478,98.357,43.063,0.639
21.281088,98.375,43.066,0.637
21.292698,98.376,43.067,0.635
21.304308,114.279,45.661,0.640
21.315918,955.502,82.425,0.645
21.327528,953.745,82.393,0.646
21.339138,956.043,82.435,0.652
21.350748,202.685,55.581,0.654
21.362358,202.822,55.593,0.660
21.373968,202.938,55.602,0.661
21.385578,202.833,55.593,0.659
21.397188,202.770,55.588,0.653
21.408798,202.915,55.600,0.649
21.420408,236.300,58.237,0.694
21.432018,250.923,59.277,0.729
21.443628,251.374,59.308,0.756
21.455238,253.105,59.427,0.774
21.466848,252.434,59.381,0.788
21.478458,252.157,59.362,0.797
21.490068,251.672,59.328,0.805
21.501678,250.517,59.249,0.812
21.513288,250.479,59.246,0.802
21.524898,245.583,58.905,0.789
21.536508,241.651,58.625,0.777
21.548118,239.308,58.456,0.766
21.559728,238.155,58.373,0.759
21.571338,239.803,58.492,0.755
21.582948,245.185,58.876,0.757
21.594558,249.266,59.162,0.755
21.606168,249.230,59.160,0.764
21.617778,249.190,59.157,0.769
21.629388,249.202,59.158,0.770
21.640998,248.067,59.079,0.772
21.652608,245.017,58.865,0.777
21.664218,242.850,58.711,0.782
21.675828,241.833,58.638,0.783
21.687438,241.202,58.593,0.783
21.699048,241.553,58.618,0.775
21.710658,243.084,58.727,0.766
21.722268,244.997,58.863,0.759
21.733878,247.793,59.060,0.753
21.745488,250.628,59.256,0.743
21.757098,251.442,59.313,0.733
21.768707,252.131,59.360,0.716
21.780317,252.145,59.361,0.703
21.791927,245.750,58.916,0.700
21.803537,244.440,58.824,0.701
21.815147,243.124,58.730,0.701
21.826757,243.121,58.730,0.699
21.838367,245.683,58.912,0.702
21.849977,249.820,59.201,0.704
21.861587,251.838,59.340,0.716
21.873197,252.904,59.413,0.726
21.884807,253.193,59.433,0.737
21.896417,253.443,59.450,0.743
21.908027,253.483,59.453,0.747
21.919637,253.364,59.444,0.747
21.931247,253.973,59.486,0.742
21.942857,255.820,59.612,0.739
21.954467,260.536,59.928,0.733
21.966077,269.891,60.538,0.734
21.977687,281.201,61.249,0.732
21.989297,285.295,61.499,0.726
22.000907,316.363,63.289,0.729
22.012517,316.793,63.312,0.744
22.024127,315.406,63.236,0.757
22.035737,314.118,63.166,0.766
22.047347,313.675,63.141,0.771
22.058957,313.438,63.128,0.763
22.070567,311.479,63.020,0.762
22.082177,310.707,62.977,0.767
22.093787,311.552,63.024,0.772
22.105397,314.005,63.159,0.777
22.117007,322.475,63.620,0.780
22.128617,325.694,63.792,0.784
22.140227,326.856,63.854,0.794
22.151837,327.661,63.896,0.812
22.163447,327.953,63.912,0.821
22.175057,328.486,63.940,0.829
22.186667,329.088,63.972,0.833
22.198277,329.521,63.994,0.836
22.209887,329.595,63.998,0.837
22.221497,329.473,63.992,0.843
22.233107,329.313,63.983,0.848
22.244717,329.324,63.984,0.847
22.256327,329.372,63.987,0.847
22.267937,329.278,63.982,0.844
22.279546,329.265,63.981,0.839
22.291156,328.788,63.956,0.835
22.302766,328.265,63.928,0.832
22.314376,327.904,63.909,0.821
22.325986,326.824,63.852,0.802
22.337596,317.272,63.339,0.779
22.349206,309.607,62.915,0.752
22.360816,281.394,61.261,0.722
22.372426,280.477,61.205,0.696
22.384036,276.594,60.963,0.650
22.395646,96.559,42.744,0.584
22.407256,106.076,44.371,0.508
22.418866,279.581,61.149,0.437
22.430476,280.211,61.188,0.427
22.442086,279.959,61.173,0.431
22.453696,279.484,61.143,0.443
22.465306,278.938,61.109,0.446
22.476916,278.744,61.097,0.442
22.488526,278.214,61.064,0.431
22.500136,80.450,39.584,0.408
22.511746,277.513,61.021,0.382
22.523356,275.977,60.925,0.370
22.534966,488.473,70.809,0.467
22.546576,486.022,70.722,0.566
22.558186,194.770,54.891,0.660
22.569796,226.730,57.522,0.720
22.581406,232.775,57.977,0.755
22.593016,247.171,59.016,0.782
22.604626,248.249,59.091,0.811
22.616236,247.979,59.073,0.828
22.627846,247.780,59.059,0.840
22.639456,247.145,59.014,0.843
22.651066,247.208,59.019,0.831
22.662676,247.307,59.026,0.817
22.674286,247.754,59.057,0.806
22.685896,247.130,59.013,0.792
22.697506,246.328,58.957,0.766
22.709116,246.152,58.945,0.740
22.720726,243.143,58.732,0.706
22.732336,250.160,59.224,0.683
22.743946,250.887,59.274,0.686
22.755556,263.082,60.096,0.686
22.767166,262.666,60.069,0.685
22.778776,86.476,40.834,0.687
22.790385,86.482,40.836,0.694
22.801995,95.910,42.627,0.702
22.813605,86.488,40.837,0.717
22.825215,95.924,42.630,0.725
22.836825,1002.273,83.252,0.728
22.848435,109.247,44.881,0.716
22.860045,335.681,64.315,0.754
22.871655,339.433,64.507,0.817
22.883265,339.029,64.487,0.853
22.894875,338.231,64.446,0.877
22.906485,338.081,64.438,0.880
22.918095,337.220,64.394,0.885
22.929705,336.667,64.366,0.896
22.941315,335.448,64.303,0.907
22.952925,334.053,64.231,0.905
22.964535,331.903,64.119,0.888
22.976145,331.351,64.090,0.867
22.987755,333.110,64.182,0.854
22.999365,337.942,64.431,0.864
23.010975,347.115,64.895,0.872
23.022585,358.049,65.432,0.875
23.034195,363.533,65.695,0.880
23.045805,366.915,65.855,0.886
23.057415,369.064,65.956,0.890
23.069025,369.963,65.999,0.896
23.080635,371.082,66.051,0.897
23.092245,371.945,66.091,0.894
23.103855,372.107,66.099,0.886
23.115465,371.871,66.088,0.874
23.127075,371.401,66.066,0.859
23.138685,370.412,66.020,0.842
23.150295,369.300,65.967,0.824
23.161905,368.318,65.921,0.806
23.173515,367.871,65.900,0.787
23.185125,370.273,66.013,0.778
23.196735,371.923,66.090,0.787
23.208345,372.141,66.100,0.802
23.219955,372.014,66.094,0.818
23.231565,371.684,66.079,0.829
23.243175,371.346,66.063,0.838
23.254785,370.990,66.047,0.851
23.266395,370.722,66.034,0.863
23.278005,370.642,66.030,0.870
23.289615,370.906,66.043,0.870
23.301224,371.055,66.050,0.869
23.312834,370.944,66.044,0.859
23.324444,371.189,66.056,0.842
23.336054,371.537,66.072,0.824
23.347664,372.117,66.099,0.801
23.359274,372.607,66.122,0.768
23.370884,372.122,66.099,0.722
23.382494,371.225,66.057,0.663
23.394104,368.109,65.912,0.560
23.405714,370.551,66.026,0.440
23.417324,371.458,66.068,0.435
23.428934,186.783,54.166,0.463
23.440544,186.705,54.159,0.501
23.452154,250.034,59.215,0.600
23.463764,245.377,58.890,0.720
23.475374,245.749,58.916,0.769
23.486984,245.851,58.923,0.801
23.498594,245.966,58.931,0.827
23.510204,245.813,58.921,0.846
23.521814,245.589,58.905,0.857
23.533424,245.085,58.869,0.865
23.545034,244.851,58.853,0.868
23.556644,244.428,58.823,0.856
23.568254,244.088,58.799,0.849
23.579864,243.656,58.768,0.842
23.591474,243.126,58.730,0.831
23.603084,242.766,58.705,0.816
23.614694,243.490,58.756,0.814
23.626304,244.346,58.817,0.814
23.637914,245.713,58.914,0.815
23.649524,247.301,59.025,0.819
23.661134,248.586,59.115,0.824
23.672744,249.248,59.161,0.826
23.684354,249.487,59.178,0.832
23.695964,249.331,59.167,0.841
23.707574,248.998,59.144,0.841
23.719184,248.546,59.112,0.844
23.730794,247.943,59.070,0.843
23.742404,247.195,59.018,0.836
23.754014,246.127,58.943,0.826
23.765624,244.887,58.855,0.816
23.777234,243.629,58.766,0.807
23.788844,242.940,58.717,0.800
23.800454,243.149,58.732,0.797
23.812063,243.732,58.774,0.786
23.823673,245.272,58.883,0.776
23.835283,247.230,59.020,0.772
23.846893,248.639,59.119,0.771
23.858503,249.109,59.151,0.769
23.870113,249.415,59.173,0.765
23.881723,249.447,59.175,0.754
23.893333,248.220,59.089,0.738
23.904943,246.188,58.947,0.730
23.916553,244.677,58.840,0.718
23.928163,243.653,58.768,0.703
23.939773,243.168,58.733,0.684
23.951383,243.733,58.774,0.666
23.962993,246.267,58.953,0.656
23.974603,248.834,59.132,0.653
23.986213,250.039,59.216,0.648
23.997823,250.885,59.274,0.644
24.009433,251.385,59.309,0.636
24.021043,251.406,59.310,0.626
24.032653,250.080,59.219,0.615
24.044263,248.466,59.107,0.599
24.055873,246.449,58.965,0.579
24.067483,245.068,58.868,0.555
24.079093,244.741,58.845,0.536
24.090703,246.002,58.934,0.519
24.102313,246.914,58.998,0.517
24.113923,247.048,59.007,0.532
24.125533,246.981,59.003,0.542
24.137143,246.775,58.988,0.553
24.148753,246.403,58.962,0.554
24.160363,246.207,58.948,0.553
24.171973,245.562,58.903,0.548
24.183583,245.036,58.866,0.537
24.195193,244.843,58.852,0.520
24.206803,244.533,58.830,0.490
24.218413,244.632,58.837,0.465
24.230023,245.051,58.867,0.440
24.241633,246.472,58.967,0.428
24.253243,247.853,59.064,0.420
24.264853,248.779,59.128,0.413
24.276463,249.159,59.155,0.408
24.288073,249.251,59.161,0.398
24.299683,249.046,59.147,0.391
24.311293,248.537,59.111,0.382
24.322902,247.850,59.064,0.369
24.334512,246.579,58.975,0.355
24.346122,245.737,58.915,0.336
24.357732,245.195,58.877,0.317
24.369342,244.447,58.824,0.313
24.380952,244.423,58.823,0.314
24.392562,245.194,58.877,0.319
24.404172,245.565,58.903,0.331
24.415782,248.064,59.078,0.354
24.427392,248.551,59.112,0.382
24.439002,249.486,59.177,0.406
24.450612,250.056,59.217,0.426
24.462222,248.962,59.141,0.446
24.473832,833.890,80.068,0.459
24.485442,249.313,59.165,0.467
24.497052,838.465,80.163,0.475
24.508662,242.429,58.681,0.477
24.520272,242.150,58.661,0.472
24.531882,242.695,58.700,0.463
24.543492,145.569,49.850,0.449
24.555102,145.272,49.815,0.424
24.566712,489.003,70.828,0.398
24.578322,90.907,41.700,0.375
24.589932,480.605,70.528,0.382
24.601542,472.934,70.250,0.479
24.613152,480.290,70.517,0.591
24.624762,301.369,62.448,0.720
24.636372,304.823,62.646,0.786
24.647982,304.074,62.603,0.825
24.659592,303.272,62.557,0.841
24.671202,302.228,62.498,0.857
24.682812,302.484,62.512,0.881
24.694422,303.711,62.582,0.895
24.706032,304.082,62.604,0.899
24.717642,303.401,62.565,0.895
24.729252,298.379,62.276,0.886
24.740862,331.492,64.098,0.877
24.752472,163.651,51.877,0.874
24.764082,163.550,51.867,0.864
24.775692,326.781,63.850,0.839
24.787302,327.674,63.897,0.822
24.798912,329.705,64.004,0.808
24.810522,331.505,64.098,0.779
24.822132,330.239,64.032,0.749
24.833741,314.746,63.200,0.721
24.845351,314.596,63.192,0.698
24.856961,314.744,63.200,0.690
24.868571,99.814,43.318,0.693
24.880181,99.855,43.325,0.676
24.891791,99.864,43.326,0.666
24.903401,202.594,55.573,0.666
24.915011,202.625,55.576,0.664
24.926621,99.848,43.324,0.659
24.938231,311.169,63.002,0.671
24.949841,311.286,63.009,0.692
24.961451,311.975,63.047,0.718
24.973061,312.397,63.071,0.736
24.984671,312.577,63.081,0.754
24.996281,314.446,63.184,0.772
25.007891,313.887,63.153,0.790
25.019501,313.644,63.139,0.802
25.031111,313.674,63.141,0.805
25.042721,313.290,63.120,0.803
25.054331,311.930,63.045,0.796
25.065941,310.546,62.968,0.791
25.077551,309.493,62.909,0.787
25.089161,308.972,62.880,0.781
25.100771,309.518,62.910,0.774
25.112381,310.860,62.985,0.775
25.123991,311.696,63.032,0.782
25.135601,312.166,63.058,0.786
25.147211,312.453,63.074,0.790
25.158821,312.625,63.083,0.795
25.170431,312.511,63.077,0.793
25.182041,311.997,63.048,0.781
25.193651,315.057,63.217,0.782
25.205261,311.198,63.004,0.784
25.216871,333.959,64.226,0.805
25.228481,333.297,64.192,0.824
25.240091,332.740,64.163,0.840
25.251701,332.288,64.139,0.852
25.263311,331.863,64.117,0.864
25.274921,331.449,64.095,0.882
25.286531,331.086,64.076,0.893
25.298141,330.344,64.038,0.902
25.309751,329.460,63.991,0.902
25.321361,328.911,63.962,0.902
25.332971,328.722,63.952,0.902
25.344580,328.792,63.956,0.904
25.356190,329.019,63.968,0.907
25.367800,329.220,63.979,0.907
25.379410,329.439,63.990,0.907
25.391020,329.705,64.004,0.904
25.402630,329.926,64.016,0.901
25.414240,330.058,64.023,0.897
25.425850,330.048,64.022,0.893
25.437460,329.660,64.002,0.890
25.449070,328.696,63.951,0.888
25.460680,327.603,63.893,0.882
25.472290,326.166,63.817,0.874
25.483900,323.967,63.700,0.868
25.495510,321.121,63.547,0.863
25.507120,316.505,63.297,0.858
25.518730,308.391,62.847,0.853
25.530340,299.054,62.315,0.845
25.541950,287.508,61.633,0.835
25.553560,280.453,61.203,0.833
25.565170,278.176,61.062,0.833
25.576780,276.707,60.970,0.831
25.588390,276.175,60.937,0.833
25.600000,275.993,60.926,0.831
25.611610,276.120,60.934,0.829
25.623220,276.430,60.953,0.830
25.634830,276.657,60.967,0.830
25.646440,276.848,60.979,0.828
25.658050,276.988,60.988,0.825
25.669660,276.945,60.985,0.819
25.681270,276.917,60.983,0.813
25.692880,276.785,60.975,0.810
25.704490,276.537,60.960,0.806
25.716100,276.400,60.951,0.800
25.727710,276.366,60.949,0.796
25.739320,276.417,60.952,0.796
25.750930,276.507,60.958,0.800
25.762540,276.571,60.962,0.806
25.774150,276.639,60.966,0.810
25.785760,276.850,60.979,0.815
25.797370,277.112,60.996,0.819
25.808980,277.263,61.005,0.819
25.820590,277.246,61.004,0.814
25.832200,277.192,61.001,0.806
25.843810,277.186,61.000,0.794
25.855420,277.417,61.015,0.784
25.867029,277.479,61.019,0.774
25.878639,276.941,60.985,0.763
25.890249,274.723,60.846,0.747
25.901859,272.554,60.708,0.734
25.913469,134.319,48.458,0.723
25.925079,274.021,60.801,0.717
25.936689,275.183,60.875,0.712
25.948299,138.046,48.932,0.698
25.959909,274.254,60.816,0.685
25.971519,321.946,63.592,0.666
25.983129,323.043,63.651,0.648
25.994739,323.112,63.654,0.634
26.006349,1002.273,83.252,0.627
26.017959,1002.273,83.252,0.612
26.029569,1002.273,83.252,0.587
26.041179,124.645,47.164,0.567
26.052789,323.433,63.672,0.530
26.064399,321.224,63.553,0.490
26.076009,319.628,63.467,0.446
26.087619,321.385,63.562,0.401
26.099229,319.691,63.470,0.369
26.110839,315.274,63.229,0.340
26.122449,279.112,61.120,0.351
26.134059,277.439,61.016,0.381
26.145669,277.231,61.003,0.409
26.157279,275.131,60.871,0.435
26.168889,273.361,60.760,0.459
26.180499,274.421,60.827,0.481
26.192109,274.968,60.861,0.495
26.203719,274.748,60.847,0.509
26.215329,273.556,60.772,0.520
26.226939,281.960,61.296,0.524
26.238549,137.867,48.909,0.524
26.250159,137.861,48.908,0.520
26.261769,137.825,48.904,0.509
26.273379,137.761,48.896,0.493
26.284989,137.821,48.904,0.472
26.296599,137.784,48.899,0.444
26.308209,137.921,48.916,0.407
26.319819,275.616,60.902,0.367
26.331429,137.511,48.865,0.336
26.343039,92.179,41.940,0.335
26.354649,212.859,56.429,0.417
26.366259,239.167,58.446,0.512
26.377868,244.833,58.852,0.616
26.389478,260.420,59.920,0.667
26.401088,268.042,60.419,0.713
26.412698,268.427,60.444,0.751
26.424308,266.120,60.295,0.789
26.435918,263.853,60.147,0.812
26.447528,263.152,60.101,0.821
26.459138,262.782,60.076,0.824
26.470748,262.213,60.039,0.821
26.482358,261.661,60.002,0.822
26.493968,261.732,60.007,0.822
26.505578,261.314,59.979,0.821
26.517188,259.839,59.881,0.813
26.528798,263.592,60.130,0.818
26.540408,275.830,60.915,0.830
26.552018,277.261,61.005,0.843
26.563628,276.975,60.987,0.853
26.575238,276.626,60.965,0.860
26.586848,277.018,60.990,0.860
26.598458,277.435,61.016,0.852
26.610068,277.853,61.042,0.838
26.621678,278.158,61.061,0.815
26.633288,277.640,61.029,0.786
26.644898,276.549,60.960,0.751
26.656508,276.031,60.928,0.704
26.668118,276.285,60.944,0.634
26.679728,278.276,61.068,0.560
26.691338,254.006,59.488,0.659
26.702948,261.077,59.964,0.735
26.714558,268.279,60.435,0.787
26.726168,273.875,60.792,0.832
26.737778,275.385,60.887,0.858
26.749388,275.882,60.919,0.872
26.760998,276.047,60.929,0.885
26.772608,276.194,60.938,0.895
26.784218,276.578,60.962,0.892
26.795828,277.194,61.001,0.886
26.807438,277.358,61.011,0.877
26.819048,277.161,60.999,0.864
26.830658,277.019,60.990,0.855
26.842268,277.012,60.989,0.850
26.853878,277.210,61.002,0.842
26.865488,277.455,61.017,0.835
26.877098,277.620,61.027,0.827
26.888707,277.717,61.033,0.820
26.900317,277.872,61.043,0.812
26.911927,278.016,61.052,0.803
26.923537,278.151,61.060,0.799
26.935147,277.928,61.047,0.792
26.946757,277.405,61.014,0.790
26.958367,276.819,60.977,0.785
26.969977,276.981,60.987,0.780
26.981587,277.370,61.012,0.776
26.993197,298.190,62.265,0.785
27.004807,305.693,62.695,0.803
27.016417,307.973,62.824,0.815
27.028027,309.343,62.900,0.815
27.039637,310.282,62.953,0.817
27.051247,310.779,62.981,0.824
27.062857,310.693,62.976,0.833
27.074467,310.335,62.956,0.844
27.086077,309.994,62.937,0.845
27.097687,310.043,62.940,0.831
27.109297,310.441,62.962,0.817
27.120907,310.916,62.988,0.818
27.132517,312.240,63.062,0.820
27.144127,314.082,63.164,0.817
27.155737,317.159,63.332,0.816
27.167347,322.966,63.647,0.813
27.178957,327.369,63.881,0.818
27.190567,329.111,63.973,0.827
27.202177,329.962,64.018,0.830
27.213787,330.436,64.042,0.831
27.225397,330.681,64.055,0.830
27.237007,330.775,64.060,0.829
27.248617,330.756,64.059,0.822
27.260227,330.597,64.051,0.811
27.271837,330.290,64.035,0.793
27.283447,329.754,64.007,0.780
27.295057,329.471,63.992,0.770
27.306667,329.046,63.969,0.769
27.318277,328.409,63.936,0.759
27.329887,326.817,63.852,0.756
27.341497,321.173,63.550,0.768
27.353107,312.053,63.051,0.770
27.364717,305.711,62.696,0.764
27.376327,301.616,62.463,0.753
27.387937,297.153,62.204,0.743
27.399546,291.371,61.864,0.726
27.411156,283.744,61.405,0.713
27.422766,278.423,61.077,0.691
27.434376,253.072,59.425,0.661
27.445986,232.745,57.975,0.688
27.457596,240.366,58.533,0.739
27.469206,243.641,58.767,0.778
27.480816,245.826,58.922,0.807
27.492426,246.175,58.946,0.835
27.504036,246.476,58.967,0.855
27.515646,246.335,58.957,0.869
27.527256,246.465,58.967,0.879
27.538866,246.681,58.982,0.880
27.550476,246.746,58.986,0.877
27.562086,246.644,58.979,0.871
27.573696,246.513,58.970,0.865
27.585306,246.627,58.978,0.855
27.596916,246.888,58.996,0.846
27.608526,247.053,59.008,0.831
27.620136,247.212,59.019,0.812
27.631746,247.436,59.035,0.787
27.643356,247.786,59.059,0.759
27.654966,248.430,59.104,0.725
27.666576,249.188,59.157,0.687
27.678186,248.328,59.097,0.644
27.689796,247.559,59.043,0.620
27.701406,210.092,56.202,0.656
27.713016,119.766,46.473,0.691
27.724626,858.096,80.564,0.723
27.736236,859.142,80.585,0.735
27.747846,245.397,58.891,0.763
27.759456,246.062,58.938,0.795
27.771066,246.620,58.977,0.816
27.782676,246.998,59.004,0.830
27.794286,258.445,59.788,0.838
27.805896,258.086,59.764,0.844
27.817506,252.663,59.397,0.848
27.829116,252.530,59.387,0.854
27.840726,252.965,59.417,0.853
27.852336,253.383,59.446,0.846
27.863946,254.682,59.534,0.844
27.875556,257.498,59.725,0.845
27.887166,262.071,60.029,0.842
27.898776,269.352,60.504,0.852
27.910385,274.805,60.851,0.862
27.921995,277.811,61.039,0.867
27.933605,279.664,61.154,0.872
27.945215,280.628,61.214,0.871
27.956825,281.307,61.256,0.863
27.968435,281.061,61.241,0.857
27.980045,279.542,61.147,0.852
27.991655,277.250,61.004,0.830
28.003265,273.994,60.800,0.809
28.014875,272.575,60.710,0.798
28.026485,272.573,60.710,0.787
28.038095,274.222,60.814,0.786
28.049705,276.620,60.965,0.790
28.061315,279.723,61.158,0.794
28.072925,281.779,61.285,0.802
28.084535,282.411,61.324,0.814
28.096145,282.577,61.334,0.821
28.107755,282.141,61.307,0.827
28.119365,280.447,61.203,0.826
28.130975,278.965,61.111,0.823
28.142585,277.020,60.990,0.817
28.154195,275.151,60.873,0.805
28.165805,273.640,60.777,0.794
28.177415,274.051,60.803,0.788
28.189025,275.925,60.921,0.781
28.200635,278.393,61.075,0.772
28.212245,280.928,61.232,0.770
28.223855,281.822,61.287,0.772
28.235465,281.861,61.290,0.774
28.247075,281.530,61.269,0.771
28.258685,280.633,61.214,0.770
28.270295,279.232,61.128,0.765
28.281905,277.561,61.024,0.757
28.293515,276.063,60.930,0.748
28.305125,275.325,60.884,0.737
28.316735,275.852,60.917,0.727
28.328345,277.307,61.008,0.719
28.339955,278.438,61.078,0.716
28.351565,279.123,61.121,0.708
28.363175,279.214,61.126,0.697
28.374785,278.628,61.090,0.689
28.386395,277.519,61.021,0.675
28.398005,274.996,60.863,0.660
28.409615,271.168,60.620,0.646
28.421224,267.786,60.403,0.622
28.432834,265.677,60.266,0.599
28.444444,264.201,60.170,0.568
28.456054,264.210,60.170,0.521
28.467664,265.954,60.284,0.463
28.479274,272.288,60.692,0.438
28.490884,277.228,61.003,0.410
28.502494,279.749,61.160,0.354
28.514104,280.490,61.205,0.343
28.525714,280.520,61.207,0.346
28.537324,281.129,61.245,0.339
28.548934,280.470,61.204,0.335
28.560544,280.170,61.186,0.317
28.572154,277.361,61.011,0.312
28.583764,274.316,60.820,0.297
28.595374,272.912,60.731,0.283
28.606984,273.002,60.737,0.285
28.618594,274.193,60.812,0.289
28.630204,275.237,60.878,0.296
28.641814,276.498,60.957,0.304
28.653424,277.419,61.015,0.309
28.665034,279.389,61.137,0.310
28.676644,279.826,61.164,0.314
28.688254,279.672,61.155,0.313
28.699864,278.750,61.098,0.301
28.711474,276.089,60.932,0.289
28.723084,692.630,76.855,0.479
28.734694,658.105,75.970,0.670
28.746304,645.869,75.645,0.772
28.757914,644.528,75.609,0.835
28.769524,641.377,75.524,0.871
28.781134,638.569,75.448,0.885
28.792744,636.234,75.385,0.901
28.804354,633.760,75.317,0.911
28.815964,629.512,75.201,0.918
28.827574,626.744,75.124,0.910
28.839184,308.950,62.878,0.892
28.850794,306.765,62.756,0.863
28.862404,308.366,62.846,0.863
28.874014,632.317,75.278,0.878
28.885624,642.115,75.544,0.885
28.897234,649.834,75.751,0.897
28.908844,655.345,75.897,0.911
28.920454,657.626,75.957,0.924
28.932063,658.540,75.981,0.932
28.943673,658.607,75.983,0.935
28.955283,661.338,76.055,0.920
28.966893,661.523,76.059,0.904
28.978503,661.709,76.064,0.893
28.990113,662.510,76.085,0.879
29.001723,330.638,64.053,0.863
29.013333,331.064,64.075,0.846
29.024943,331.436,64.095,0.830
29.036553,331.533,64.100,0.826
29.048163,331.863,64.117,0.823
29.059773,331.999,64.124,0.836
29.071383,331.244,64.085,0.843
29.082993,329.496,63.993,0.839
29.094603,326.375,63.828,0.832
29.106213,323.004,63.649,0.828
29.117823,320.354,63.506,0.826
29.129433,317.585,63.356,0.823
29.141043,316.054,63.272,0.824
29.152653,313.688,63.142,0.803
29.164263,312.250,63.062,0.777
29.175873,311.793,63.037,0.769
29.187483,311.318,63.011,0.753
29.199093,311.220,63.005,0.743
29.210703,311.186,63.003,0.739
29.222313,311.211,63.005,0.738
29.233923,311.255,63.007,0.746
29.245533,311.291,63.009,0.756
29.257143,311.291,63.009,0.766
29.268753,311.386,63.014,0.773
29.280363,311.475,63.019,0.782
29.291973,311.530,63.022,0.787
29.303583,311.620,63.027,0.789
29.315193,311.660,63.030,0.793
29.326803,311.622,63.028,0.792
29.338413,311.592,63.026,0.789
29.350023,311.621,63.027,0.786
29.361633,311.558,63.024,0.783
29.373243,311.516,63.022,0.779
29.384853,311.455,63.018,0.777
29.396463,311.414,63.016,0.775
29.408073,311.367,63.013,0.770
29.419683,311.362,63.013,0.765
29.431293,311.316,63.010,0.761
29.442902,311.184,63.003,0.754
29.454512,311.135,63.000,0.746
29.466122,311.081,62.997,0.737
29.477732,311.314,63.010,0.741
29.489342,312.493,63.076,0.781
29.500952,314.107,63.165,0.797
29.512562,638.394,75.443,0.803
29.524172,647.111,75.678,0.814
29.535782,650.775,75.776,0.820
29.547392,652.429,75.820,0.826
29.559002,654.903,75.885,0.831
29.570612,657.465,75.953,0.834
29.582222,661.297,76.054,0.823
29.593832,662.787,76.092,0.826
29.605442,662.406,76.083,0.834
29.617052,660.659,76.037,0.837
29.628662,659.977,76.019,0.844
29.640272,660.247,76.026,0.851
29.651882,660.126,76.023,0.858
29.663492,660.001,76.020,0.862
29.675102,659.908,76.017,0.861
29.686712,659.912,76.017,0.859
29.698322,659.842,76.015,0.860
29.709932,659.710,76.012,0.860
29.721542,659.508,76.007,0.858
29.733152,659.665,76.011,0.856
29.744762,659.885,76.017,0.853
29.756372,660.134,76.023,0.848
29.767982,660.389,76.030,0.843
29.779592,660.606,76.035,0.834
29.791202,661.005,76.046,0.822
29.802812,661.193,76.051,0.811
29.814422,661.492,76.059,0.798
29.826032,661.209,76.051,0.789
29.837642,330.270,64.034,0.777
29.849252,330.026,64.021,0.766
29.860862,329.864,64.012,0.755
29.872472,329.897,64.014,0.749
29.884082,330.336,64.037,0.758
29.895692,664.387,76.134,0.774
29.907302,671.003,76.306,0.791
29.918912,675.298,76.416,0.802
29.930522,689.057,76.765,0.832
29.942132,705.663,77.178,0.867
29.953741,716.479,77.441,0.894
29.965351,722.322,77.582,0.910
29.976961,727.638,77.709,0.922
29.988571,733.193,77.840,0.937
30.000181,737.615,77.944,0.949
30.011791,739.684,77.993,0.954
30.023401,740.733,78.017,0.947
30.035011,741.239,78.029,0.931
30.046621,741.106,78.026,0.911
30.058231,741.393,78.033,0.894
30.069841,741.648,78.039,0.877
30.081451,741.097,78.026,0.849
30.093061,740.698,78.017,0.825
30.104671,741.166,78.028,0.825
30.116281,741.410,78.033,0.841
30.127891,741.181,78.028,0.860
30.139501,740.992,78.023,0.877
30.151111,740.105,78.003,0.881
30.162721,369.217,65.964,0.878
30.174331,369.057,65.956,0.870
30.185941,368.625,65.936,0.854
30.197551,367.986,65.906,0.828
30.209161,366.817,65.851,0.791
30.220771,364.514,65.742,0.740
30.232381,710.963,77.307,0.664
30.243991,689.889,76.786,0.603
30.255601,701.133,77.066,0.547
30.267211,710.493,77.296,0.506
30.278821,698.955,77.012,0.481
30.290431,690.274,76.796,0.456
30.302041,689.009,76.764,0.447
30.313651,685.397,76.673,0.442
30.325261,687.017,76.714,0.434
30.336871,683.049,76.614,0.418
30.348481,684.488,76.650,0.411
30.360091,685.299,76.671,0.409
30.371701,683.859,76.634,0.404
30.383311,682.003,76.587,0.400
30.394921,679.466,76.523,0.395
30.406531,679.414,76.521,0.390
30.418141,680.224,76.542,0.373
30.429751,679.929,76.535,0.363
30.441361,673.678,76.375,0.359
30.452971,674.058,76.384,0.370
30.464580,673.978,76.382,0.399
30.476190,669.526,76.268,0.459
30.487800,712.157,77.336,0.492
30.499410,369.044,65.955,0.629
30.511020,319.933,63.483,0.747
30.522630,319.945,63.484,0.787
30.534240,319.507,63.460,0.823
30.545850,319.073,63.437,0.860
30.557460,318.544,63.408,0.879
30.569070,318.060,63.382,0.886
30.580680,317.038,63.326,0.897
30.592290,316.179,63.279,0.899
30.603900,314.686,63.197,0.883
30.615510,313.104,63.110,0.883
30.627120,312.159,63.057,0.875
30.638730,312.231,63.061,0.854
30.650340,313.826,63.150,0.849
30.661950,316.047,63.272,0.855
30.673560,319.419,63.455,0.854
30.685170,322.084,63.599,0.853
30.696780,323.946,63.699,0.860
30.708390,325.752,63.795,0.858
30.720000,327.091,63.866,0.859
30.731610,328.130,63.921,0.861
30.743220,328.741,63.953,0.851
30.754830,329.110,63.973,0.837
30.766440,329.317,63.984,0.828
30.778050,329.417,63.989,0.817
30.789660,329.746,64.006,0.821
30.801270,329.778,64.008,0.835
30.812880,329.810,64.010,0.845
30.824490,329.514,63.994,0.854
30.836100,329.511,63.994,0.872
30.847710,329.524,63.995,0.889
30.859320,329.636,64.000,0.901
30.870930,329.631,64.000,0.912
30.882540,329.644,64.001,0.912
30.894150,329.647,64.001,0.899
30.905760,329.589,63.998,0.884
30.917370,329.533,63.995,0.867
30.928980,329.479,63.992,0.847
30.940590,329.926,64.016,0.841
30.952200,330.252,64.033,0.843
30.963810,330.524,64.047,0.846
30.975420,330.647,64.053,0.853
30.987029,330.816,64.062,0.872
30.998639,331.129,64.079,0.889
31.010249,331.176,64.081,0.902
31.021859,331.346,64.090,0.908
31.033469,331.271,64.086,0.896
31.045079,331.263,64.086,0.875
31.056689,331.329,64.089,0.850
31.068299,331.431,64.094,0.822
31.079909,331.345,64.090,0.785
31.091519,331.107,64.078,0.754
31.103129,331.862,64.117,0.751
31.114739,331.976,64.123,0.763
31.126349,331.855,64.117,0.802
31.137959,331.598,64.103,0.839
31.149569,331.556,64.101,0.864
31.161179,331.449,64.095,0.879
31.172789,331.330,64.089,0.888
31.184399,331.080,64.076,0.887
31.196009,330.694,64.056,0.872
31.207619,330.329,64.037,0.853
31.219229,330.184,64.029,0.827
31.230839,329.900,64.014,0.800
31.242449,329.106,63.973,0.805
31.254059,329.309,63.983,0.822
31.265669,329.908,64.015,0.845
31.277279,330.207,64.030,0.864
31.288889,330.030,64.021,0.883
31.300499,329.868,64.013,0.891
31.312109,329.757,64.007,0.895
31.323719,329.757,64.007,0.889
31.335329,329.932,64.016,0.866
31.346939,329.599,63.999,0.834
31.358549,328.775,63.955,0.787
31.370159,327.826,63.905,0.735
31.381769,325.490,63.781,0.700
31.393379,336.259,64.345,0.740
31.404989,336.558,64.360,0.769
31.416599,335.922,64.327,0.806
31.428209,334.921,64.276,0.839
31.439819,334.109,64.234,0.865
31.451429,333.321,64.193,0.885
31.463039,332.575,64.154,0.901
31.474649,331.867,64.117,0.910
31.486259,330.548,64.048,0.903
31.497868,329.876,64.013,0.896
31.509478,329.316,63.984,0.881
31.521088,328.724,63.952,0.860
31.532698,328.189,63.924,0.834
31.544308,327.987,63.914,0.800
31.555918,328.064,63.918,0.756
31.567528,328.478,63.940,0.692
31.579138,328.378,63.934,0.617
31.590748,328.078,63.918,0.573
31.602358,334.204,64.239,0.566
31.613968,333.929,64.224,0.570
31.625578,334.177,64.237,0.597
31.637188,333.702,64.213,0.619
31.648798,110.670,45.105,0.642
31.660408,110.649,45.102,0.655
31.672018,82.979,40.120,0.663
31.683628,231.863,57.909,0.705
31.695238,238.191,58.375,0.730
31.706848,240.833,58.566,0.752
31.718458,241.875,58.641,0.771
31.730068,242.095,58.657,0.791
31.741678,243.294,58.742,0.815
31.753288,243.827,58.780,0.831
31.764898,243.953,58.789,0.848
31.776508,244.275,58.812,0.848
31.788118,244.482,58.827,0.848
31.799728,244.806,58.850,0.843
31.811338,244.978,58.862,0.832
31.822948,244.901,58.856,0.820
31.834558,244.637,58.838,0.801
31.846168,245.249,58.881,0.796
31.857778,248.440,59.105,0.795
31.869388,250.547,59.251,0.805
31.880998,251.004,59.282,0.815
31.892608,250.327,59.236,0.828
31.904218,249.506,59.179,0.844
31.915828,248.944,59.140,0.855
31.927438,248.476,59.107,0.865
31.939048,247.982,59.073,0.871
31.950658,247.304,59.025,0.871
31.962268,246.637,58.979,0.868
31.973878,246.199,58.948,0.863
31.985488,246.236,58.950,0.856
31.997098,246.132,58.943,0.849
32.008707,246.139,58.944,0.842
32.020317,246.018,58.935,0.829
32.031927,245.744,58.916,0.812
32.043537,245.539,58.901,0.792
32.055147,245.068,58.868,0.765
32.066757,244.535,58.830,0.735
32.078367,244.013,58.793,0.704
32.089977,243.331,58.745,0.660
32.101587,243.191,58.735,0.611
32.113197,244.323,58.815,0.557
32.124807,245.308,58.885,0.480
32.136417,82.078,39.931,0.378
32.148027,82.114,39.938,0.330
32.159637,82.165,39.949,0.284
32.171247,82.237,39.964,0.270
32.182857,245.420,58.893,0.265
32.194467,245.226,58.879,0.261
32.206077,245.325,58.886,0.260
32.217687,245.758,58.917,0.265
32.229297,245.970,58.932,0.269
32.240907,245.762,58.917,0.322
32.252517,367.732,65.894,0.443
32.264127,245.257,58.881,0.604
32.275737,241.789,58.635,0.707
32.287347,263.263,60.108,0.755
32.298957,262.674,60.069,0.784
32.310567,260.148,59.902,0.806
32.322177,253.480,59.452,0.820
32.333787,252.362,59.376,0.827
32.345397,252.369,59.376,0.826
32.357007,253.180,59.432,0.812
32.368617,251.294,59.303,0.786
32.380227,249.063,59.148,0.765
32.391837,248.655,59.120,0.752
32.403447,247.962,59.071,0.744
32.415057,250.417,59.242,0.737
32.426667,255.113,59.564,0.733
32.438277,255.835,59.612,0.743
32.449887,255.777,59.609,0.763
32.461497,255.158,59.567,0.780
32.473107,254.320,59.510,0.791
32.484717,252.767,59.404,0.794
32.496327,251.381,59.308,0.796
32.507937,250.775,59.267,0.799
32.519546,251.021,59.284,0.807
32.531156,251.505,59.317,0.815
32.542766,252.874,59.411,0.815
32.554376,255.000,59.556,0.805
32.565986,258.797,59.812,0.799
32.577596,265.165,60.233,0.800
32.589206,270.680,60.589,0.800
32.600816,274.081,60.805,0.802
32.612426,277.607,61.026,0.799
32.624036,279.501,61.144,0.794
32.635646,280.989,61.236,0.786
32.647256,282.535,61.331,0.785
32.658866,283.636,61.398,0.776
32.670476,285.359,61.503,0.754
32.682086,287.007,61.603,0.727
32.693696,288.811,61.711,0.697
32.705306,290.575,61.817,0.708
32.716916,312.769,63.091,0.716
32.728526,314.936,63.211,0.738
32.740136,315.330,63.232,0.750
32.751746,314.853,63.206,0.757
32.763356,314.693,63.197,0.760
32.774966,314.670,63.196,0.764
32.786576,314.510,63.187,0.767
32.798186,314.443,63.184,0.745
32.809796,312.507,63.077,0.722
32.821406,307.460,62.795,0.683
32.833016,305.855,62.704,0.636
32.844626,286.432,61.568,0.610
32.856236,315.757,63.256,0.703
32.867846,315.149,63.222,0.741
32.879456,314.496,63.186,0.782
32.891066,314.165,63.168,0.821
32.902676,313.566,63.135,0.849
32.914286,312.710,63.088,0.872
32.925896,312.310,63.066,0.885
32.937506,312.145,63.057,0.892
32.949116,311.987,63.048,0.877
32.960726,311.934,63.045,0.867
32.972336,311.641,63.029,0.850
32.983946,311.578,63.025,0.833
32.995556,311.904,63.043,0.822
33.007166,312.134,63.056,0.807
33.018776,312.323,63.066,0.797
33.030385,312.299,63.065,0.789
33.041995,312.200,63.060,0.789
33.053605,312.189,63.059,0.785
33.065215,312.191,63.059,0.778
33.076825,312.123,63.055,0.753
33.088435,311.868,63.041,0.710
33.100045,311.438,63.017,0.654
33.111655,310.670,62.975,0.590
33.123265,308.344,62.844,0.539
33.134875,311.216,63.005,0.528
33.146485,311.423,63.016,0.564
33.158095,312.722,63.089,0.673
33.169705,315.199,63.225,0.751
33.181315,314.733,63.200,0.829
33.192925,312.014,63.049,0.878
33.204535,310.016,62.938,0.899
33.216145,308.698,62.864,0.910
33.227755,307.456,62.795,0.922
33.239365,306.286,62.728,0.933
33.250975,304.346,62.619,0.937
33.262585,301.357,62.448,0.931
33.274195,297.063,62.199,0.911
33.285805,293.987,62.019,0.891
33.297415,294.205,62.032,0.891
33.309025,296.668,62.176,0.898
33.320635,300.956,62.425,0.902
33.332245,305.313,62.673,0.898
33.343855,308.233,62.838,0.892
33.355465,309.672,62.919,0.890
33.367075,310.898,62.987,0.885
33.378685,311.541,63.023,0.872
33.390295,312.090,63.054,0.847
33.401905,312.185,63.059,0.814
33.413515,311.574,63.025,0.770
33.425125,310.573,62.969,0.723
33.436735,309.475,62.908,0.674
33.448345,308.561,62.857,0.657
33.459955,310.296,62.954,0.698
33.471565,315.071,63.218,0.741
33.483175,315.543,63.244,0.780
33.494785,315.450,63.239,0.812
33.506395,315.007,63.215,0.838
33.518005,314.634,63.194,0.854
33.529615,314.143,63.167,0.873
33.541224,313.750,63.145,0.884
33.552834,313.008,63.104,0.889
33.564444,311.983,63.048,0.893
33.576054,311.326,63.011,0.890
33.587664,310.837,62.984,0.887
33.599274,310.567,62.969,0.887
33.610884,310.553,62.968,0.896
33.622494,310.556,62.968,0.906
33.634104,310.678,62.975,0.909
33.645714,310.803,62.982,0.907
33.657324,310.914,62.988,0.900
33.668934,311.094,62.998,0.893
33.680544,311.281,63.009,0.884
33.692154,311.480,63.020,0.871
33.703764,311.686,63.031,0.847
33.715374,311.817,63.038,0.807
33.726984,311.709,63.032,0.766
33.738594,311.082,62.998,0.742
33.750204,311.045,62.995,0.737
33.761814,311.869,63.041,0.759
33.773424,308.075,62.829,0.787
33.785034,305.332,62.675,0.816
33.796644,304.040,62.601,0.831
33.808254,303.424,62.566,0.844
33.819864,303.355,62.562,0.855
33.831474,304.707,62.639,0.864
33.843084,305.213,62.668,0.864
33.854694,304.870,62.648,0.865
33.866304,301.881,62.478,0.870
33.877914,331.375,64.092,0.872
33.889524,165.831,52.107,0.870
33.901134,165.772,52.100,0.870
33.912744,329.336,63.985,0.876
33.924354,329.364,63.986,0.882
33.935964,329.584,63.998,0.886
33.947574,329.594,63.998,0.889
33.959184,328.731,63.953,0.881
33.970794,327.201,63.872,0.872
33.982404,326.253,63.822,0.871
33.994014,325.225,63.767,0.868
34.005624,323.266,63.663,0.850
34.017234,319.000,63.433,0.828
34.028844,314.074,63.163,0.815
34.040454,308.570,62.857,0.805
34.052063,250.438,59.243,0.804
34.063673,249.116,59.152,0.805
34.075283,248.027,59.076,0.804
34.086893,247.822,59.062,0.811
34.098503,247.852,59.064,0.826
34.110113,248.081,59.080,0.833
34.121723,247.865,59.065,0.831
34.133333,247.499,59.039,0.820
34.144943,247.358,59.029,0.809
34.156553,247.409,59.033,0.797
34.168163,247.233,59.020,0.786
34.179773,247.173,59.016,0.773
34.191383,247.310,59.026,0.764
34.202993,248.846,59.133,0.777
34.214603,249.984,59.212,0.808
34.226213,249.802,59.199,0.839
34.237823,249.287,59.164,0.859
34.249433,248.630,59.118,0.875
34.261043,248.194,59.088,0.888
34.272653,247.929,59.069,0.896
34.284263,247.742,59.056,0.904
34.295873,247.502,59.039,0.904
34.307483,247.141,59.014,0.900
34.319093,246.783,58.989,0.893
34.330703,246.864,58.995,0.889
34.342313,247.127,59.013,0.885
34.353923,247.380,59.031,0.881
34.365533,247.563,59.044,0.876
34.377143,247.598,59.046,0.866
34.388753,247.662,59.050,0.850
34.400363,247.715,59.054,0.830
34.411973,247.649,59.050,0.804
34.423583,247.413,59.033,0.772
34.435193,246.971,59.002,0.731
34.446803,246.439,58.965,0.672
34.458413,246.029,58.936,0.593
34.470023,246.980,59.003,0.501
34.481633,247.465,59.037,0.458
34.493243,247.920,59.068,0.421
34.504853,248.170,59.086,0.387
34.516463,248.300,59.095,0.386
34.528073,248.062,59.078,0.384
34.539683,247.926,59.069,0.389
34.551293,247.954,59.071,0.392
34.562902,247.987,59.073,0.389
34.574512,247.930,59.069,0.386
34.586122,247.806,59.061,0.389
34.597732,247.338,59.028,0.456
34.609342,220.462,57.036,0.526
34.620952,226.509,57.505,0.577
34.632562,244.301,58.814,0.635
34.644172,246.227,58.950,0.688
34.655782,247.511,59.040,0.714
34.667392,249.617,59.187,0.735
34.679002,249.131,59.153,0.751
34.690612,248.166,59.086,0.760
34.702222,247.583,59.045,0.762
34.713832,247.237,59.021,0.766
34.725442,246.808,58.991,0.768
34.737052,246.675,58.981,0.769
34.748662,246.753,58.987,0.776
34.760272,246.565,58.974,0.779
34.771882,246.884,58.996,0.781
34.783492,247.297,59.025,0.778
34.795102,247.635,59.049,0.771
34.806712,248.032,59.076,0.759
34.818322,248.445,59.105,0.738
34.829932,248.819,59.131,0.706
34.841542,248.993,59.143,0.661
34.853152,248.911,59.138,0.613
34.864762,247.452,59.036,0.557
34.876372,247.408,59.033,0.532
34.887982,247.419,59.033,0.538
34.899592,247.577,59.044,0.548
34.911202,247.694,59.053,0.560
34.922812,247.744,59.056,0.590
34.934422,261.560,59.996,0.646
34.946032,263.808,60.144,0.687
34.957642,264.781,60.208,0.708
34.969252,264.648,60.199,0.717
34.980862,264.169,60.168,0.723
34.992472,263.932,60.152,0.727
35.004082,264.118,60.164,0.729
35.015692,264.452,60.186,0.729
35.027302,246.471,58.967,0.716
35.038912,248.959,59.141,0.695
35.050522,248.570,59.114,0.681
35.062132,248.167,59.086,0.684
35.073741,247.985,59.073,0.703
35.085351,277.396,61.013,0.719
35.096961,277.761,61.036,0.738
35.108571,277.785,61.038,0.747
35.120181,277.920,61.046,0.751
35.131791,277.657,61.030,0.755
35.143401,277.539,61.022,0.760
35.155011,277.410,61.014,0.761
35.166621,277.155,60.998,0.753
35.178231,276.712,60.971,0.746
35.189841,276.369,60.949,0.739
35.201451,276.173,60.937,0.737
35.213061,276.062,60.930,0.739
35.224671,276.118,60.933,0.746
35.236281,276.357,60.948,0.753
35.247891,276.615,60.965,0.755
35.259501,276.694,60.969,0.762
35.271111,276.756,60.973,0.760
35.282721,276.764,60.974,0.751
35.294331,276.721,60.971,0.738
35.305941,276.684,60.969,0.719
35.317551,276.498,60.957,0.693
35.329161,275.786,60.913,0.657
35.340771,274.721,60.846,0.623
35.352381,283.346,61.381,0.649
35.363991,313.218,63.116,0.733
35.375601,312.234,63.061,0.775
35.387211,311.345,63.012,0.820
35.398821,309.956,62.935,0.874
35.410431,309.327,62.900,0.903
35.422041,309.140,62.889,0.910
35.433651,309.392,62.903,0.916
35.445261,309.568,62.913,0.915
35.456871,153.397,50.757,0.907
35.468481,296.841,62.186,0.905
35.480091,292.373,61.924,0.892
35.491701,290.694,61.824,0.863
35.503311,153.019,50.714,0.841
35.514921,153.130,50.727,0.848
35.526531,306.325,62.731,0.857
35.538141,307.287,62.785,0.865
35.549751,308.459,62.851,0.870
35.561361,309.471,62.908,0.875
35.572971,310.079,62.942,0.885
35.584580,310.523,62.966,0.891
35.596190,310.849,62.985,0.894
35.607800,311.028,62.994,0.893
35.619410,311.173,63.003,0.890
35.631020,311.171,63.002,0.886
35.642630,311.131,63.000,0.880
35.654240,311.173,63.003,0.871
35.665850,311.199,63.004,0.862
35.677460,311.265,63.008,0.851
35.689070,311.270,63.008,0.846
35.700680,311.145,63.001,0.851
35.712290,310.777,62.980,0.866
35.723900,310.363,62.957,0.873
35.735510,310.115,62.944,0.866
35.747120,309.917,62.933,0.854
35.758730,309.669,62.919,0.839
35.770340,309.434,62.906,0.824
35.781950,309.184,62.892,0.804
35.793560,308.071,62.829,0.764
35.805170,307.529,62.799,0.690
35.816780,330.384,64.040,0.720
35.828390,332.688,64.160,0.783
35.840000,332.754,64.163,0.832
35.851610,332.382,64.144,0.861
35.863220,332.013,64.125,0.882
35.874830,331.618,64.104,0.897
35.886440,331.109,64.078,0.912
35.898050,330.624,64.052,0.925
35.909660,329.626,64.000,0.918
35.921270,328.694,63.951,0.910
35.932880,328.416,63.936,0.900
35.944490,328.492,63.940,0.894
35.956100,328.584,63.945,0.890
35.967710,328.820,63.958,0.891
35.979320,329.193,63.977,0.891
35.990930,329.651,64.001,0.895
36.002540,329.628,64.000,0.900
36.014150,329.504,63.994,0.895
36.025760,329.193,63.977,0.887
36.037370,328.655,63.949,0.881
36.048980,327.240,63.874,0.873
36.060590,325.737,63.794,0.860
36.072200,323.927,63.698,0.845
36.083810,320.841,63.532,0.815
36.095420,317.086,63.328,0.777
36.107029,315.624,63.248,0.749
36.118639,314.778,63.202,0.728
36.130249,312.779,63.092,0.695
36.141859,310.912,62.988,0.658
36.153469,309.738,62.923,0.616
36.165079,311.265,63.008,0.543
36.176689,316.947,63.321,0.474
36.188299,325.497,63.782,0.451
36.199909,325.380,63.775,0.446
36.211519,327.399,63.883,0.451
36.223129,327.255,63.875,0.456
36.234739,326.054,63.811,0.457
36.246349,326.226,63.820,0.451
36.257959,326.719,63.847,0.445
36.269569,325.069,63.759,0.434
36.281179,324.499,63.729,0.421
36.292789,323.384,63.669,0.418
36.304399,322.016,63.596,0.413
36.316009,321.323,63.558,0.406
36.327619,322.212,63.606,0.400
36.339229,323.292,63.664,0.395
36.350839,321.687,63.578,0.428
36.362449,317.595,63.356,0.516
36.374059,496.908,71.106,0.586
36.385669,733.650,77.851,0.642
36.397279,741.860,78.044,0.691
36.408889,268.928,60.477,0.775
36.420499,264.382,60.181,0.822
36.432109,263.534,60.126,0.838
36.443719,263.578,60.129,0.848
36.455329,263.881,60.149,0.850
36.466939,761.036,78.486,0.851
36.478549,264.110,60.164,0.843
36.490159,263.397,60.117,0.831
36.501769,756.268,78.377,0.787
36.513379,731.423,77.798,0.723
36.524989,727.850,77.714,0.684
36.536599,237.247,58.307,0.644
36.548209,137.578,48.873,0.632
36.559819,274.303,60.819,0.618
36.571429,272.616,60.712,0.624
36.583039,272.730,60.720,0.625
36.594649,137.910,48.915,0.621
36.606259,137.722,48.891,0.614
36.617868,137.827,48.904,0.604
36.629478,274.530,60.834,0.589
36.641088,274.415,60.826,0.553
36.652698,323.982,63.701,0.475
36.664308,325.837,63.800,0.421
36.675918,325.801,63.798,0.424
36.687528,765.389,78.584,0.493
36.699138,768.527,78.655,0.557
36.710748,288.426,61.688,0.666
36.722358,283.871,61.413,0.770
36.733968,282.274,61.315,0.850
36.745578,281.073,61.241,0.887
36.757188,280.122,61.183,0.902
36.768798,279.484,61.143,0.912
36.780408,279.152,61.123,0.920
36.792018,278.667,61.092,0.926
36.803628,277.580,61.025,0.925
36.815238,277.303,61.008,0.914
36.826848,277.176,61.000,0.885
36.838458,277.325,61.009,0.860
36.850068,277.522,61.021,0.852
36.861678,277.642,61.029,0.852
36.873288,277.703,61.032,0.853
36.884898,277.779,61.037,0.856
36.896508,277.693,61.032,0.858
36.908118,277.563,61.024,0.860
36.919728,277.500,61.020,0.862
36.931338,277.615,61.027,0.867
36.942948,277.768,61.037,0.873
36.954558,277.883,61.044,0.881
36.966168,277.858,61.042,0.891
36.977778,277.785,61.038,0.893
36.989388,277.751,61.035,0.890
37.000998,277.748,61.035,0.882
37.012608,277.763,61.036,0.874
37.024218,277.688,61.032,0.866
37.035828,277.663,61.030,0.857
37.047438,277.749,61.035,0.842
37.059048,278.111,61.058,0.814
37.070658,278.295,61.069,0.787
37.082268,278.430,61.078,0.767
37.093878,278.571,61.087,0.751
37.105488,278.698,61.094,0.732
37.117098,278.915,61.108,0.703
37.128707,279.135,61.122,0.663
37.140317,279.348,61.135,0.593
37.151927,276.973,60.987,0.526
37.163537,278.609,61.089,0.501
37.175147,278.557,61.086,0.487
37.186757,111.357,45.212,0.486
37.198367,140.214,49.202,0.487
37.209977,140.167,49.196,0.496
37.221587,140.247,49.206,0.498
37.233197,140.253,49.206,0.506
37.244807,140.301,49.212,0.508
37.256417,140.291,49.211,0.508
37.268027,276.591,60.963,0.541
37.279637,305.553,62.687,0.617
37.291247,311.996,63.048,0.685
37.302857,313.751,63.145,0.751
37.314467,313.293,63.120,0.805
37.326077,312.359,63.068,0.827
37.337687,311.874,63.042,0.839
37.349297,311.517,63.022,0.846
37.360907,311.268,63.008,0.850
37.372517,311.129,63.000,0.848
37.384127,309.796,62.926,0.843
37.395737,307.237,62.782,0.830
37.407347,306.775,62.756,0.810
37.418957,314.298,63.176,0.823
37.430567,320.939,63.538,0.851
37.442177,323.217,63.660,0.874
37.453787,324.469,63.727,0.887
37.465397,325.507,63.782,0.897
37.477007,326.093,63.813,0.903
37.488617,327.090,63.866,0.908
37.500227,328.024,63.916,0.911
37.511837,328.791,63.956,0.905
37.523447,329.490,63.993,0.891
37.535057,329.691,64.003,0.879
37.546667,329.572,63.997,0.873
37.558277,329.353,63.986,0.871
37.569887,329.077,63.971,0.869
37.581497,328.930,63.963,0.865
37.593107,328.889,63.961,0.857
37.604717,329.141,63.974,0.850
37.616327,329.433,63.990,0.849
37.627937,329.555,63.996,0.850
37.639546,329.615,63.999,0.853
37.651156,329.766,64.007,0.854
37.662766,329.830,64.011,0.857
37.674376,329.867,64.013,0.860
37.685986,329.747,64.006,0.865
37.697596,329.587,63.998,0.870
37.709206,329.459,63.991,0.872
37.720816,329.444,63.990,0.874
37.732426,329.448,63.991,0.874
37.744036,329.506,63.994,0.873
37.755646,329.568,63.997,0.871
37.767256,329.706,64.004,0.867
37.778866,329.854,64.012,0.865
37.790476,330.034,64.021,0.863
37.802086,330.210,64.031,0.860
37.813696,330.348,64.038,0.855
37.825306,330.335,64.037,0.853
37.836916,330.174,64.029,0.857
37.848526,329.979,64.018,0.864
37.860136,329.815,64.010,0.874
37.871746,329.642,64.001,0.882
37.883356,329.482,63.992,0.888
37.894966,329.372,63.987,0.892
37.906576,329.342,63.985,0.896
37.918186,329.400,63.988,0.895
37.929796,329.529,63.995,0.892
37.941406,329.710,64.004,0.888
37.953016,329.930,64.016,0.883
37.964626,330.095,64.025,0.878
37.976236,330.228,64.031,0.876
37.987846,330.304,64.036,0.875
37.999456,330.276,64.034,0.871
38.011066,330.129,64.026,0.870
38.022676,329.851,64.012,0.869
38.034286,329.532,63.995,0.866
38.045896,329.266,63.981,0.864
38.057506,329.127,63.974,0.861
38.069116,328.937,63.964,0.858
38.080726,328.882,63.961,0.859
38.092336,328.908,63.962,0.857
38.103946,328.938,63.964,0.847
38.115556,328.978,63.966,0.833
38.127166,329.128,63.974,0.819
38.138776,329.219,63.979,0.801
38.150385,329.416,63.989,0.787
38.161995,330.226,64.031,0.782
38.173605,330.538,64.048,0.784
38.185215,372.471,66.115,0.791
38.196825,371.374,66.064,0.815
38.208435,370.779,66.037,0.840
38.220045,370.105,66.005,0.863
38.231655,369.400,65.972,0.882
38.243265,368.747,65.942,0.897
38.254875,368.627,65.936,0.902
38.266485,368.342,65.923,0.899
38.278095,368.215,65.917,0.893
38.289705,368.441,65.927,0.891
38.301315,368.644,65.937,0.883
38.312925,368.922,65.950,0.866
38.324535,369.530,65.978,0.841
38.336145,370.930,66.044,0.806
38.347755,371.936,66.091,0.771
38.359365,372.751,66.128,0.741
38.370975,372.724,66.127,0.714
38.382585,372.976,66.139,0.633
38.394195,374.304,66.200,0.516
38.405805,328.603,63.946,0.424
38.417415,328.405,63.936,0.422
38.429025,328.126,63.921,0.429
38.440635,246.675,58.981,0.519
38.452245,319.660,63.468,0.646
38.463855,351.950,65.134,0.761
38.475465,349.771,65.027,0.823
38.487075,349.495,65.013,0.868
38.498685,349.564,65.017,0.900
38.510295,349.808,65.029,0.917
38.521905,350.027,65.040,0.933
38.533515,349.907,65.034,0.944
38.545125,349.144,64.996,0.948
38.556735,348.891,64.983,0.943
38.568345,348.098,64.944,0.932
38.579955,346.828,64.881,0.916
38.591565,345.610,64.820,0.900
38.603175,344.880,64.783,0.898
38.614785,345.174,64.798,0.900
38.626395,346.049,64.842,0.897
38.638005,347.953,64.937,0.893
38.649615,356.580,65.361,0.889
38.661224,365.096,65.769,0.895
38.672834,367.322,65.874,0.900
38.684444,368.871,65.947,0.907
38.696054,369.987,66.000,0.908
38.707664,371.222,66.057,0.900
38.719274,371.425,66.067,0.890
38.730884,370.731,66.034,0.889
38.742494,369.860,65.994,0.892
38.754104,369.496,65.977,0.894
38.765714,369.637,65.983,0.899
38.777324,370.071,66.004,0.900
38.788934,370.902,66.042,0.897
38.800544,371.715,66.080,0.898
38.812154,372.254,66.105,0.906
38.823764,372.661,66.124,0.910
38.835374,372.709,66.127,0.910
38.846984,372.154,66.101,0.908
38.858594,371.160,66.054,0.897
38.870204,369.890,65.995,0.886
38.881814,368.810,65.944,0.888
38.893424,368.271,65.919,0.894
38.905034,368.390,65.925,0.899
38.916644,368.634,65.936,0.901
38.928254,368.992,65.953,0.898
38.939864,369.764,65.989,0.892
38.951474,370.624,66.029,0.892
38.963084,371.355,66.064,0.896
38.974694,371.748,66.082,0.893
38.986304,371.557,66.073,0.889
38.997914,370.531,66.025,0.885
39.009524,369.431,65.974,0.882
39.021134,368.606,65.935,0.883
39.032744,367.958,65.904,0.887
39.044354,367.652,65.890,0.894
39.055964,367.511,65.883,0.899
39.067574,367.680,65.891,0.900
39.079184,368.244,65.918,0.897
39.090794,369.324,65.969,0.893
39.102404,370.379,66.018,0.892
39.114014,370.965,66.045,0.891
39.125624,371.089,66.051,0.891
39.137234,370.945,66.044,0.887
39.148844,370.489,66.023,0.882
39.160454,369.971,65.999,0.883
39.172063,369.443,65.974,0.882
39.183673,368.955,65.951,0.884
39.195283,368.801,65.944,0.887
39.206893,368.882,65.948,0.892
39.218503,369.221,65.964,0.893
39.230113,369.578,65.981,0.891
39.241723,370.068,66.003,0.889
39.253333,370.540,66.025,0.885
39.264943,370.884,66.042,0.883
39.276553,371.098,66.052,0.883
39.288163,370.806,66.038,0.881
39.299773,370.001,66.000,0.877
39.311383,369.035,65.955,0.873
39.322993,367.946,65.904,0.878
39.334603,365.686,65.797,0.891
39.346213,165.223,52.043,0.900
39.357823,165.089,52.029,0.904
39.369433,334.709,64.265,0.904
39.381043,332.720,64.162,0.901
39.392653,331.655,64.106,0.900
39.404263,330.972,64.070,0.904
39.415873,330.118,64.026,0.905
39.427483,329.913,64.015,0.899
39.439093,330.070,64.023,0.896
39.450703,330.047,64.022,0.897
39.462313,329.848,64.012,0.903
39.473923,329.374,63.987,0.903
39.485533,329.085,63.971,0.897
39.497143,328.910,63.962,0.885
39.508753,328.723,63.952,0.871
39.520363,328.509,63.941,0.856
39.531973,327.900,63.909,0.842
39.543583,326.530,63.837,0.818
39.555193,324.378,63.722,0.783
39.566803,202.671,55.580,0.750
39.578413,202.680,55.580,0.721
39.590023,202.836,55.594,0.705
39.601633,122.918,46.922,0.684
39.613243,368.645,65.937,0.648
39.624853,367.501,65.883,0.593
39.636463,367.904,65.902,0.533
39.648073,122.969,46.930,0.492
39.659683,123.220,46.965,0.487
39.671293,123.443,46.996,0.483
39.682902,123.515,47.006,0.484
39.694512,123.572,47.014,0.483
39.706122,123.656,47.026,0.483
39.717732,123.767,47.041,0.471
39.729342,123.807,47.047,0.457
39.740952,123.680,47.029,0.435
39.752562,123.362,46.985,0.409
39.764172,123.272,46.972,0.387
39.775782,123.245,46.968,0.364
39.787392,123.186,46.960,0.353
39.799002,367.927,65.903,0.339
39.810612,369.092,65.958,0.343
39.822222,370.409,66.019,0.344
39.833832,371.311,66.061,0.349
39.845442,371.882,66.088,0.358
39.857052,371.934,66.091,0.364
39.868662,371.880,66.088,0.366
39.880272,371.773,66.083,0.380
39.891882,370.941,66.044,0.417
39.903492,253.677,59.466,0.577
39.915102,263.764,60.141,0.730
39.926712,259.607,59.866,0.779
39.938322,255.949,59.620,0.813
39.949932,252.901,59.413,0.863
39.961542,250.421,59.242,0.903
39.973152,249.250,59.161,0.923
39.984762,248.975,59.142,0.932
39.996372,248.499,59.109,0.937
40.007982,247.586,59.045,0.929
40.019592,246.758,58.987,0.925
40.031202,246.161,58.945,0.925
40.042812,246.576,58.974,0.913
40.054422,247.118,59.012,0.888
40.066032,247.161,59.015,0.863
40.077642,247.137,59.014,0.849
40.089252,247.428,59.034,0.831
40.100862,248.140,59.084,0.815
40.112472,249.524,59.180,0.796
40.124082,252.541,59.388,0.761
40.135692,252.719,59.400,0.706
40.147302,252.903,59.413,0.660
40.158912,630.300,75.222,0.657
40.170522,88.894,41.312,0.664
40.182132,625.810,75.099,0.665
40.193741,627.285,75.139,0.663
40.205351,265.399,60.248,0.662
40.216961,450.552,69.410,0.658
40.228571,249.502,59.179,0.682
40.240181,250.003,59.213,0.711
40.251791,249.931,59.208,0.734
40.263401,249.807,59.200,0.746
40.275011,249.429,59.174,0.754
40.286621,248.450,59.105,0.762
40.298231,247.679,59.052,0.769
40.309841,247.053,59.008,0.778
40.321451,246.386,58.961,0.780
40.333061,245.904,58.927,0.772
40.344671,245.622,58.907,0.766
40.356281,245.583,58.904,0.771
40.367891,245.685,58.912,0.781
40.379501,245.825,58.922,0.805
40.391111,246.026,58.936,0.829
40.402721,246.254,58.952,0.841
40.414331,246.404,58.962,0.849
40.425941,246.343,58.958,0.856
40.437551,246.319,58.956,0.863
40.449161,246.287,58.954,0.867
40.460771,246.258,58.952,0.871
40.472381,246.256,58.952,0.866
40.483991,246.301,58.955,0.857
40.495601,246.569,58.974,0.856
40.507211,247.027,59.006,0.861
40.518821,247.508,59.040,0.867
40.530431,247.618,59.047,0.869
40.542041,247.735,59.056,0.860
40.553651,247.968,59.072,0.845
40.565261,248.268,59.093,0.834
40.576871,248.402,59.102,0.823
40.588481,248.268,59.093,0.811
40.600091,247.642,59.049,0.788
40.611701,245.996,58.934,0.758
40.623311,243.678,58.770,0.728
40.634921,243.500,58.757,0.736
40.646531,247.191,59.017,0.786
40.658141,248.121,59.082,0.799
40.669751,248.224,59.090,0.803
40.681361,248.348,59.098,0.806
40.692971,248.408,59.102,0.800
40.704580,248.450,59.105,0.796
40.716190,248.495,59.109,0.791
40.727800,248.798,59.130,0.780
40.739410,248.256,59.092,0.723
40.751020,248.144,59.084,0.690
40.762630,247.818,59.061,0.676
40.774240,247.454,59.036,0.658
40.785850,247.519,59.040,0.670
40.797460,218.078,56.848,0.680
40.809070,194.840,54.897,0.721
40.820680,378.775,66.406,0.785
40.832290,407.619,67.677,0.814
40.843900,410.804,67.811,0.829
40.855510,413.416,67.921,0.838
40.867120,414.576,67.970,0.844
40.878730,415.279,67.999,0.855
40.890340,415.635,68.014,0.875
40.901950,415.844,68.022,0.885
40.913560,416.284,68.041,0.873
40.925170,417.042,68.072,0.856
40.936780,417.340,68.085,0.842
40.948390,417.179,68.078,0.828
40.960000,416.784,68.062,0.816
40.971610,418.554,68.135,0.818
40.983220,434.663,68.789,0.879
40.994830,440.284,69.011,0.886
41.006440,441.888,69.074,0.895
41.018050,441.927,69.076,0.908
41.029660,441.841,69.072,0.922
41.041270,441.775,69.070,0.935
41.052880,441.684,69.066,0.945
41.064490,441.775,69.070,0.946
41.076100,441.287,69.051,0.915
41.087710,440.876,69.034,0.912
41.099320,440.942,69.037,0.914
41.110930,441.083,69.043,0.916
41.122540,441.472,69.058,0.914
41.134150,441.563,69.061,0.914
41.145760,441.635,69.064,0.911
41.157370,441.852,69.073,0.901
41.168980,442.107,69.083,0.882
41.180590,442.241,69.088,0.855
41.192200,442.353,69.092,0.821
41.203810,442.201,69.086,0.785
41.215420,441.630,69.064,0.739
41.227029,441.556,69.061,0.656
41.238639,437.124,68.886,0.614
41.250249,418.328,68.126,0.701
41.261859,423.683,68.346,0.773
41.273469,448.701,69.339,0.819
41.285079,448.602,69.335,0.856
41.296689,448.006,69.312,0.887
41.308299,446.748,69.263,0.906
41.319909,445.933,69.232,0.915
41.331519,444.788,69.187,0.921
41.343129,444.418,69.173,0.919
41.354739,443.155,69.124,0.913
41.366349,441.392,69.055,0.907
41.377959,440.013,69.001,0.899
41.389569,438.750,68.951,0.885
41.401179,438.254,68.931,0.877
41.412789,438.398,68.937,0.881
41.424399,438.732,68.950,0.879
41.436009,438.894,68.956,0.867
41.447619,438.978,68.960,0.848
41.459229,439.748,68.990,0.825
41.470839,440.467,69.018,0.797
41.482449,440.233,69.009,0.769
41.494059,440.339,69.013,0.736
41.505669,439.557,68.983,0.673
41.517279,449.698,69.377,0.613
41.528889,448.976,69.350,0.608
41.540499,450.326,69.402,0.641
41.552109,412.900,67.899,0.779
41.563719,412.834,67.897,0.827
41.575329,415.210,67.996,0.844
41.586939,416.099,68.033,0.860
41.598549,417.224,68.080,0.875
41.610159,417.354,68.085,0.885
41.621769,417.138,68.076,0.897
41.633379,416.680,68.057,0.910
41.644989,416.754,68.060,0.894
41.656599,416.823,68.063,0.882
41.668209,416.327,68.043,0.882
41.679819,415.766,68.019,0.881
41.691429,415.188,67.995,0.879
41.703039,414.835,67.980,0.880
41.714649,414.578,67.970,0.870
41.726259,414.461,67.965,0.850
41.737868,414.130,67.951,0.825
41.749478,413.956,67.944,0.802
41.761088,413.845,67.939,0.776
41.772698,413.909,67.942,0.744
41.784308,413.843,67.939,0.696
41.795918,413.678,67.932,0.620
41.807528,413.945,67.943,0.576
41.819138,414.463,67.965,0.585
41.830748,414.327,67.959,0.624
41.842358,374.045,66.189,0.699
41.853968,417.051,68.073,0.751
41.865578,418.314,68.125,0.796
41.877188,417.673,68.098,0.841
41.888798,416.754,68.060,0.887
41.900408,416.026,68.030,0.919
41.912018,415.549,68.010,0.938
41.923628,415.200,67.996,0.951
41.935238,414.744,67.977,0.959
41.946848,413.849,67.939,0.964
41.958458,413.102,67.908,0.966
41.970068,827.547,79.936,0.963
41.981678,828.661,79.959,0.951
41.993288,830.492,79.998,0.938
42.004898,415.311,68.000,0.930
42.016508,415.524,68.009,0.924
42.028118,415.209,67.996,0.917
42.039728,414.470,67.965,0.908
42.051338,414.339,67.960,0.891
42.062948,413.778,67.936,0.872
42.074558,412.606,67.887,0.849
42.086168,410.470,67.797,0.821
42.097778,407.524,67.673,0.788
42.109388,403.844,67.516,0.741
42.120998,401.763,67.426,0.676
42.132608,419.114,68.158,0.554
42.144218,416.695,68.058,0.502
42.155828,415.816,68.021,0.428
42.167438,416.141,68.035,0.399
42.179048,416.552,68.052,0.398
42.190658,416.500,68.050,0.408
42.202268,416.260,68.040,0.417
42.213878,207.944,56.024,0.444
42.225488,208.228,56.048,0.521
42.237098,261.298,59.978,0.576
42.248707,267.571,60.389,0.632
42.260317,325.089,63.760,0.762
42.271927,350.731,65.074,0.840
42.283537,367.493,65.883,0.901
42.295147,369.634,65.983,0.917
42.306757,370.054,66.003,0.936
42.318367,370.182,66.009,0.946
42.329977,369.603,65.982,0.955
42.341587,368.281,65.920,0.960
42.353197,368.681,65.938,0.948
42.364807,368.548,65.932,0.937
42.376417,367.031,65.861,0.911
42.388027,367.961,65.905,0.903
42.399637,369.266,65.966,0.896
42.411247,372.252,66.105,0.897
42.422857,743.677,78.086,0.892
42.434467,745.779,78.135,0.884
42.446077,136.122,48.689,0.876
42.457687,403.050,67.481,0.851
42.469297,408.396,67.710,0.826
42.480907,410.195,67.786,0.815
42.492517,412.641,67.889,0.782
42.504127,413.956,67.944,0.727
42.515737,413.113,67.908,0.662
42.527347,408.431,67.711,0.613
42.538957,405.991,67.607,0.591
42.550567,403.810,67.514,0.599
42.562177,402.012,67.437,0.725
42.573787,411.953,67.860,0.806
42.585397,416.063,68.032,0.849
42.597007,413.247,67.914,0.872
42.608617,410.110,67.782,0.890
42.620227,405.385,67.581,0.914
42.631837,401.120,67.398,0.927
42.643447,399.587,67.332,0.931
42.655057,398.863,67.301,0.918
42.666667,391.066,66.959,0.893
42.678277,383.462,66.619,0.873
42.689887,377.570,66.351,0.866
42.701497,372.691,66.126,0.861
42.713107,368.124,65.912,0.845
42.724717,365.260,65.777,0.840
42.736327,363.295,65.684,0.847
42.747937,359.089,65.482,0.858
42.759546,339.264,64.499,0.866
42.771156,334.151,64.236,0.871
42.782766,331.990,64.124,0.877
42.794376,330.549,64.048,0.884
42.805986,329.664,64.002,0.889
42.817596,329.654,64.001,0.889
42.829206,329.863,64.012,0.882
42.840816,330.086,64.024,0.868
42.852426,329.867,64.013,0.854
42.864036,328.954,63.965,0.847
42.875646,327.402,63.883,0.844
42.887256,327.099,63.867,0.834
42.898866,327.313,63.878,0.810
42.910476,327.772,63.902,0.796
42.922086,328.275,63.929,0.805
42.933696,328.491,63.940,0.822
42.945306,328.665,63.949,0.838
42.956916,329.178,63.976,0.840
42.968526,329.614,63.999,0.831
42.980136,329.670,64.002,0.827
42.991746,329.684,64.003,0.833
43.003356,329.755,64.007,0.838
43.014966,329.897,64.014,0.837
43.026576,330.082,64.024,0.832
43.038186,330.211,64.031,0.825
43.049796,330.161,64.028,0.822
43.061406,330.180,64.029,0.821
43.073016,330.082,64.024,0.814
43.084626,330.018,64.021,0.798
43.096236,329.891,64.014,0.785
43.107846,329.722,64.005,0.778
43.119456,329.526,63.995,0.771
43.131066,329.308,63.983,0.773
43.142676,331.099,64.077,0.793
43.154286,333.709,64.213,0.827
43.165896,333.865,64.221,0.849
43.177506,332.863,64.169,0.874
43.189116,332.133,64.131,0.890
43.200726,331.635,64.105,0.901
43.212336,331.477,64.097,0.912
43.223946,331.573,64.102,0.919
43.235556,331.063,64.075,0.919
43.247166,330.863,64.065,0.913
43.258776,330.898,64.067,0.917
43.270385,330.776,64.060,0.915
43.281995,330.933,64.068,0.900
43.293605,331.231,64.084,0.884
43.305215,331.388,64.092,0.863
43.316825,331.099,64.077,0.842
43.328435,330.461,64.044,0.819
43.340045,329.298,63.983,0.785
43.351655,328.140,63.922,0.736
43.363265,362.610,65.651,0.723
43.374875,367.180,65.868,0.768
43.386485,368.244,65.918,0.804
43.398095,368.321,65.922,0.828
43.409705,368.158,65.914,0.849
43.421315,368.035,65.908,0.871
43.432925,367.951,65.904,0.882
43.444535,367.674,65.891,0.882
43.456145,367.682,65.891,0.865
43.467755,367.558,65.886,0.845
43.479365,367.163,65.867,0.820
43.490975,366.847,65.852,0.794
43.502585,366.439,65.833,0.758
43.514195,363.798,65.708,0.685
43.525805,357.671,65.414,0.591
43.537415,327.133,63.868,0.442
43.549025,328.020,63.915,0.398
43.560635,325.994,63.808,0.432
43.572245,324.659,63.737,0.491
43.583855,82.554,40.031,0.560
43.595465,110.740,45.116,0.600
43.607075,282.184,61.310,0.631
43.618685,375.028,66.234,0.664
43.630295,375.175,66.241,0.755
43.641905,376.644,66.308,0.806
43.653515,376.094,66.283,0.865
43.665125,375.840,66.271,0.909
43.676735,375.672,66.264,0.933
43.688345,375.509,66.256,0.949
43.699955,375.109,66.238,0.957
43.711565,374.547,66.212,0.963
43.723175,373.577,66.167,0.960
43.734785,745.090,78.119,0.958
43.746395,742.996,78.070,0.942
43.758005,740.787,78.019,0.919
43.769615,739.027,77.977,0.908
43.781224,738.002,77.953,0.902
43.792834,737.836,77.950,0.905
43.804444,738.266,77.960,0.907
43.816054,368.755,65.942,0.901
43.827664,369.060,65.956,0.895
43.839274,369.372,65.971,0.890
43.850884,369.479,65.976,0.886
43.862494,369.590,65.981,0.869
43.874104,369.487,65.976,0.850
43.885714,369.453,65.975,0.824
43.897324,369.824,65.992,0.800
43.908934,370.909,66.043,0.794
43.920544,373.302,66.154,0.789
43.932154,380.503,66.485,0.792
43.943764,385.640,66.717,0.806
43.955374,386.753,66.767,0.830
43.966984,385.650,66.717,0.859
43.978594,383.395,66.616,0.880
43.990204,382.193,66.562,0.889
44.001814,381.264,66.519,0.890
44.013424,380.659,66.492,0.898
44.025034,380.800,66.498,0.905
44.036644,381.269,66.520,0.904
44.048254,381.026,66.509,0.895
44.059864,380.770,66.497,0.878
44.071474,383.049,66.600,0.864
44.083084,758.176,78.420,0.862
44.094694,207.837,56.015,0.866
44.106304,208.024,56.031,0.864
44.117914,412.105,67.866,0.857
44.129524,413.862,67.940,0.854
44.141134,414.829,67.980,0.859
44.152744,415.433,68.005,0.869
44.164354,415.933,68.026,0.877
44.175964,416.122,68.034,0.880
44.187574,415.819,68.021,0.887
44.199184,415.220,67.996,0.892
44.210794,413.942,67.943,0.908
44.222404,412.731,67.892,0.918
44.234014,410.004,67.778,0.937
44.245624,406.447,67.627,0.946
44.257234,400.385,67.367,0.957
44.268844,393.863,67.082,0.971
44.280454,386.337,66.748,0.978
44.292063,381.416,66.526,0.985
44.303673,376.995,66.325,0.985
44.315283,751.578,78.269,0.985
44.326893,746.244,78.146,0.976
44.338503,742.666,78.063,0.972
44.350113,740.816,78.019,0.964
44.361723,739.750,77.994,0.954
44.373333,369.012,65.954,0.946
44.384943,368.907,65.949,0.936
44.396553,369.119,65.959,0.928
44.408163,369.407,65.973,0.924
44.419773,369.519,65.978,0.912
44.431383,369.712,65.987,0.897
44.442993,370.101,66.005,0.879
44.454603,370.357,66.017,0.854
44.466213,370.641,66.030,0.822
44.477823,371.119,66.053,0.786
44.489433,371.253,66.059,0.732
44.501043,372.209,66.103,0.648
44.512653,374.755,66.221,0.574
44.524263,374.929,66.229,0.535
44.535873,373.152,66.147,0.487
44.547483,376.431,66.299,0.483
44.559093,377.273,66.337,0.488
44.570703,377.000,66.325,0.496
44.582313,376.291,66.292,0.497
44.593923,375.602,66.260,0.527
44.605533,371.110,66.052,0.588
44.617143,342.411,64.659,0.696
44.628753,358.755,65.466,0.794
44.640363,366.255,65.824,0.829
44.651973,372.938,66.137,0.858
44.663583,376.999,66.325,0.879
44.675193,377.845,66.363,0.908
44.686803,377.613,66.353,0.930
44.698413,378.197,66.380,0.938
44.710023,379.126,66.422,0.940
44.721633,381.013,66.508,0.927
44.733243,382.323,66.567,0.922
44.744853,383.081,66.602,0.914
44.756463,385.023,66.689,0.910
44.768073,388.168,66.830,0.896
44.779683,391.981,66.999,0.873
44.791293,395.155,67.139,0.860
44.802902,399.388,67.323,0.838
44.814512,402.977,67.478,0.816
44.826122,406.406,67.625,0.793
44.837732,409.101,67.739,0.770
44.849342,413.587,67.928,0.731
44.860952,414.680,67.974,0.682
44.872562,411.777,67.852,0.650
44.884172,379.777,66.452,0.629
44.895782,376.537,66.303,0.633
44.907392,186.925,54.179,0.647
44.919002,186.916,54.179,0.658
44.930612,186.889,54.176,0.667
44.942222,376.838,66.317,0.717
44.953832,384.855,66.682,0.753
44.965442,392.261,67.012,0.783
44.977052,392.476,67.021,0.802
44.988662,389.198,66.876,0.819
45.000272,383.374,66.615,0.840
45.011882,379.182,66.425,0.853
45.023492,375.309,66.247,0.865
45.035102,372.556,66.119,0.862
45.046712,371.066,66.050,0.854
45.058322,369.338,65.969,0.850
45.069932,368.514,65.931,0.845
45.081542,366.566,65.839,0.841
45.093152,362.799,65.660,0.829
45.104762,166.081,52.133,0.822
45.116372,165.296,52.051,0.814
45.127982,331.954,64.122,0.809
45.139592,331.365,64.091,0.810
45.151202,330.362,64.039,0.807
45.162812,329.510,63.994,0.811
45.174422,328.936,63.964,0.807
45.186032,328.686,63.950,0.796
45.197642,328.532,63.942,0.784
45.209252,328.884,63.961,0.788
45.220862,329.992,64.019,0.801
45.232472,330.449,64.043,0.810
45.244082,330.763,64.060,0.817
45.255692,331.308,64.088,0.822
45.267302,331.488,64.097,0.832
45.278912,331.259,64.085,0.847
45.290522,330.716,64.057,0.860
45.302132,329.992,64.019,0.866
45.313741,329.329,63.984,0.865
45.325351,329.201,63.978,0.860
45.336961,329.206,63.978,0.851
45.348571,329.289,63.982,0.837
45.360181,329.350,63.985,0.821
45.371791,329.338,63.985,0.802
45.383401,329.534,63.995,0.779
45.395011,330.150,64.027,0.747
45.406621,330.822,64.063,0.711
45.418231,331.419,64.094,0.685
45.429841,332.718,64.162,0.668
45.441451,335.725,64.317,0.670
45.453061,335.024,64.281,0.674
45.464671,334.840,64.272,0.682
45.476281,333.626,64.209,0.684
45.487891,332.054,64.127,0.693
45.499501,331.284,64.087,0.737
45.511111,330.085,64.024,0.788
45.522721,329.380,63.987,0.827
45.534331,328.714,63.952,0.851
45.545941,328.388,63.935,0.870
45.557551,328.322,63.931,0.884
45.569161,328.427,63.937,0.896
45.580771,328.499,63.941,0.905
45.592381,328.455,63.938,0.905
45.603991,328.452,63.938,0.898
45.615601,328.496,63.940,0.880
45.627211,328.847,63.959,0.857
45.638821,329.163,63.976,0.831
45.650431,329.316,63.984,0.803
45.662041,329.279,63.982,0.770
45.673651,328.711,63.952,0.733
45.685261,326.220,63.820,0.685
45.696871,324.887,63.749,0.608
45.708481,324.898,63.750,0.564
45.720091,325.009,63.756,0.572
45.731701,164.512,51.968,0.583
45.743311,164.510,51.968,0.592
45.754921,325.320,63.772,0.602
45.766531,164.601,51.978,0.605
45.778141,159.831,51.469,0.607
45.789751,159.808,51.466,0.618
45.801361,361.863,65.615,0.675
45.812971,374.271,66.199,0.717
45.824580,374.845,66.225,0.767
45.836190,374.309,66.201,0.810
45.847800,373.841,66.179,0.842
45.859410,373.486,66.163,0.865
45.871020,373.004,66.140,0.883
45.882630,372.463,66.115,0.901
45.894240,372.041,66.096,0.913
45.905850,371.223,66.057,0.920
45.917460,370.246,66.012,0.919
45.929070,369.589,65.981,0.915
45.940680,369.127,65.959,0.906
45.952290,368.471,65.929,0.891
45.963900,368.296,65.920,0.880
45.975510,369.481,65.976,0.871
45.987120,370.285,66.014,0.860
45.998730,370.785,66.037,0.862
46.010340,370.843,66.040,0.866
46.021950,370.792,66.037,0.863
46.033560,370.840,66.040,0.865
46.045170,370.830,66.039,0.875
46.056780,370.597,66.028,0.878
46.068390,370.146,66.007,0.874
46.080000,369.463,65.975,0.872
46.091610,368.718,65.940,0.859
46.103220,368.270,65.919,0.858
46.114830,368.003,65.907,0.854
46.126440,367.666,65.891,0.851
46.138050,367.389,65.878,0.847
46.149660,367.315,65.874,0.851
46.161270,367.576,65.886,0.857
46.172880,368.400,65.925,0.861
46.184490,368.985,65.953,0.866
46.196100,369.082,65.957,0.862
46.207710,369.260,65.966,0.872
46.219320,369.356,65.970,0.879
46.230930,369.360,65.970,0.881
46.242540,369.595,65.981,0.872
46.254150,369.624,65.983,0.856
46.265760,369.691,65.986,0.837
46.277370,369.610,65.982,0.815
46.288980,369.610,65.982,0.789
46.300590,369.650,65.984,0.747
46.312200,369.853,65.993,0.694
46.323810,371.312,66.062,0.629
46.335420,372.106,66.099,0.582
46.347029,372.080,66.097,0.571
46.358639,371.476,66.069,0.565
46.370249,369.951,65.998,0.571
46.381859,391.435,66.975,0.702
46.393469,392.946,67.042,0.737
46.405079,393.535,67.068,0.769
46.416689,392.743,67.033,0.796
46.428299,391.908,66.996,0.838
46.439909,390.396,66.929,0.861
46.451519,388.947,66.865,0.888
46.463129,387.839,66.815,0.905
46.474739,770.129,78.691,0.898
46.486349,771.165,78.714,0.906
46.497959,777.148,78.848,0.922
46.509569,784.564,79.013,0.930
46.521179,789.970,79.132,0.923
46.532789,798.012,79.307,0.917
46.544399,806.840,79.497,0.898
46.556009,815.238,79.677,0.880
46.567619,826.111,79.906,0.866
46.579229,832.537,80.040,0.839
46.590839,424.661,68.386,0.781
46.602449,429.497,68.582,0.711
46.614059,434.164,68.769,0.629
46.625669,760.151,78.465,0.516
46.637279,745.653,78.132,0.481
46.648889,373.155,66.147,0.492
46.660499,732.712,77.829,0.564
46.672109,727.000,77.693,0.604
46.683719,731.847,77.808,0.628
46.695329,733.486,77.847,0.663
46.706939,733.046,77.837,0.729
46.718549,720.864,77.547,0.815
46.730159,708.037,77.236,0.855
46.741769,702.389,77.097,0.864
46.753379,696.135,76.942,0.862
46.764989,327.497,63.888,0.865
46.776599,328.032,63.916,0.872
46.788209,328.387,63.935,0.878
46.799819,329.892,64.014,0.879
46.811429,329.697,64.004,0.851
46.823039,329.254,63.980,0.823
46.834649,328.957,63.965,0.826
46.846259,328.968,63.965,0.843
46.857868,328.879,63.961,0.859
46.869478,328.877,63.961,0.875
46.881088,329.302,63.983,0.895
46.892698,329.602,63.999,0.908
46.904308,329.669,64.002,0.914
46.915918,329.649,64.001,0.915
46.927528,329.659,64.002,0.914
46.939138,329.646,64.001,0.910
46.950748,329.782,64.008,0.906
46.962358,329.907,64.015,0.899
46.973968,329.905,64.015,0.886
46.985578,329.860,64.012,0.874
46.997188,329.870,64.013,0.871
47.008798,329.735,64.006,0.879
47.020408,329.676,64.003,0.884
47.032018,329.735,64.006,0.887
47.043628,329.820,64.010,0.891
47.055238,329.831,64.011,0.899
47.066848,330.156,64.028,0.907
47.078458,330.601,64.051,0.911
47.090068,330.950,64.069,0.907
47.101678,330.993,64.072,0.900
47.113288,330.555,64.049,0.900
47.124898,329.687,64.003,0.899
47.136508,328.501,63.941,0.897
47.148118,658.679,75.985,0.896
47.159728,651.294,75.790,0.888
47.171338,313.754,63.146,0.887
47.182948,312.409,63.071,0.894
47.194558,311.654,63.029,0.900
47.206168,311.109,62.999,0.905
47.217778,310.810,62.982,0.906
47.229388,310.826,62.983,0.904
47.240998,310.282,62.953,0.894
47.252608,310.052,62.940,0.881
47.264218,309.226,62.894,0.866
47.275828,307.227,62.782,0.855
47.287438,593.287,74.175,0.850
47.299048,585.133,73.935,0.835
47.310658,279.623,61.152,0.825
47.322268,278.450,61.079,0.817
47.333878,277.313,61.008,0.813
47.345488,276.805,60.976,0.813
47.357098,276.946,60.985,0.815
47.368707,277.105,60.995,0.811
47.380317,277.106,60.995,0.809
47.391927,138.430,48.980,0.820
47.403537,92.337,41.970,0.833
47.415147,138.435,48.980,0.843
47.426757,138.491,48.987,0.852
47.438367,138.604,49.002,0.856
47.449977,138.815,49.028,0.856
47.461587,278.770,61.099,0.852
47.473197,278.907,61.107,0.840
47.484807,278.839,61.103,0.822
47.496417,278.960,61.111,0.801
47.508027,279.237,61.128,0.773
47.519637,279.276,61.130,0.734
47.531247,278.896,61.107,0.697
47.542857,138.239,48.956,0.659
47.554467,137.234,48.830,0.620
47.566077,93.332,42.155,0.599
47.577687,93.697,42.223,0.579
47.589297,110.276,45.043,0.554
47.600907,110.155,45.024,0.540
47.612517,110.052,45.008,0.535
47.624127,110.073,45.011,0.525
47.635737,110.082,45.013,0.513
47.647347,110.126,45.020,0.493
47.658957,110.128,45.020,0.476
47.670567,110.137,45.022,0.456
47.682177,110.020,45.003,0.432
47.693787,93.525,42.191,0.409
47.705397,279.283,61.131,0.386
47.717007,279.191,61.125,0.363
47.728617,279.231,61.127,0.339
47.740227,317.904,63.373,0.319
47.751837,316.890,63.318,0.288
47.763447,315.028,63.216,0.263
47.775057,314.176,63.169,0.244
47.786667,313.394,63.126,0.221
47.798277,313.636,63.139,0.198
47.809887,313.661,63.140,0.178
47.821497,313.923,63.155,0.185
47.833107,313.706,63.143,0.192
47.844717,312.597,63.082,0.210
47.856327,276.935,60.985,0.226
47.867937,276.828,60.978,0.258
47.879546,276.816,60.977,0.286
47.891156,276.688,60.969,0.319
47.902766,276.928,60.984,0.355
47.914376,276.941,60.985,0.386
47.925986,277.029,60.990,0.410
47.937596,277.042,60.991,0.424
47.949206,277.172,60.999,0.437
47.960816,277.181,61.000,0.443
47.972426,277.194,61.001,0.448
47.984036,277.133,60.997,0.453
47.995646,277.199,61.001,0.456
48.007256,277.257,61.005,0.454
48.018866,277.444,61.016,0.450
48.030476,277.712,61.033,0.446
48.042086,278.088,61.056,0.440
48.053696,278.449,61.079,0.431
48.065306,278.498,61.082,0.419
48.076916,278.650,61.091,0.398
48.088526,278.777,61.099,0.368
48.100136,92.924,42.079,0.333
48.111746,92.838,42.063,0.294
48.123356,92.804,42.057,0.261
48.134966,109.829,44.973,0.225
48.146576,643.115,75.571,0.202
48.158186,93.931,42.266,0.192
48.169796,651.993,75.808,0.195
48.181406,657.248,75.947,0.194
48.193016,660.295,76.027,0.201
48.204626,661.620,76.062,0.207
48.216236,660.790,76.040,0.198
48.227846,658.116,75.970,0.194
48.239456,657.004,75.941,0.183
48.251066,659.699,76.012,0.179
48.262676,653.438,75.847,0.168
48.274286,648.847,75.724,0.170
48.285896,643.414,75.579,0.162
48.297506,638.871,75.456,0.146
48.309116,637.474,75.418,0.149
48.320726,635.558,75.366,0.149
48.332336,627.548,75.147,0.147
48.343946,617.605,74.870,0.142
48.355556,606.745,74.563,0.141
48.367166,591.246,74.115,0.131
48.378776,574.113,73.606,0.124
48.390385,564.729,73.321,0.122
48.401995,276.564,60.961,0.116
48.413605,276.291,60.944,0.111
48.425215,276.586,60.963,0.114
48.436825,276.813,60.977,0.128
48.448435,277.134,60.997,0.141
48.460045,277.682,61.031,0.154
48.471655,277.913,61.046,0.170
48.483265,277.852,61.042,0.194
48.494875,277.825,61.040,0.216
48.506485,277.795,61.038,0.237
48.518095,277.275,61.006,0.251
48.529705,277.014,60.989,0.254
48.541315,276.906,60.983,0.259
48.552925,276.791,60.976,0.260
48.564535,276.875,60.981,0.257
48.576145,277.101,60.995,0.249
48.587755,277.238,61.003,0.239
48.599365,277.731,61.034,0.227
48.610975,278.470,61.080,0.215
48.622585,278.621,61.090,0.206
48.634195,279.029,61.115,0.188
48.645805,278.767,61.099,0.171
48.657415,278.844,61.103,0.153
48.669025,278.941,61.109,0.130
48.680635,279.119,61.121,0.100
48.692245,278.815,61.102,0.059
48.703855,590.275,74.087,0.144
48.715465,266.171,60.298,0.294
48.727075,277.720,61.034,0.488
48.738685,279.191,61.125,0.588
48.750295,255.738,59.606,0.688
48.761905,255.673,59.602,0.741
48.773515,254.569,59.527,0.769
48.785125,253.443,59.450,0.789
48.796735,252.711,59.400,0.807
48.808345,252.121,59.359,0.824
48.819955,251.454,59.313,0.832
48.831565,250.735,59.264,0.837
48.843175,249.382,59.170,0.830
48.854785,248.361,59.099,0.823
48.866395,248.092,59.080,0.811
48.878005,248.153,59.085,0.797
48.889615,248.508,59.109,0.777
48.901224,249.287,59.164,0.749
48.912834,249.631,59.187,0.717
48.924444,249.984,59.212,0.673
48.936054,249.779,59.198,0.605
48.947664,247.136,59.014,0.472
48.959274,223.278,57.256,0.335
48.970884,247.207,59.019,0.209
48.982494,247.661,59.050,0.157
48.994104,247.745,59.056,0.160
49.005714,247.715,59.054,0.167
49.017324,248.512,59.110,0.448
49.028934,775.198,78.805,0.577
49.040544,286.450,61.569,0.759
49.052154,286.027,61.544,0.835
49.063764,285.517,61.513,0.857
49.075374,284.778,61.468,0.866
49.086984,283.849,61.411,0.884
49.098594,281.619,61.275,0.916
49.110204,280.734,61.220,0.927
49.121814,279.896,61.169,0.931
49.133424,277.072,60.993,0.920
49.145034,276.710,60.970,0.906
49.156644,276.723,60.971,0.906
49.168254,277.070,60.993,0.906
49.179864,277.546,61.023,0.892
49.191474,278.803,61.101,0.851
49.203084,279.690,61.156,0.826
49.214694,280.010,61.176,0.809
49.226304,279.886,61.168,0.774
49.237914,279.983,61.174,0.716
49.249524,280.415,61.201,0.649
49.261134,278.994,61.113,0.672
49.272744,279.773,61.161,0.734
49.284354,280.434,61.202,0.772
49.295964,280.027,61.177,0.802
49.307574,279.623,61.152,0.827
49.319184,279.027,61.115,0.846
49.330794,278.471,61.080,0.861
49.342404,278.204,61.064,0.867
49.354014,277.925,61.046,0.860
49.365624,277.235,61.003,0.843
49.377234,276.541,60.960,0.822
49.388844,276.019,60.927,0.797
49.400454,274.887,60.856,0.760
49.412063,273.559,60.772,0.707
49.423673,271.524,60.643,0.633
49.435283,269.647,60.523,0.550
49.446893,271.219,60.623,0.443
49.458503,277.643,61.029,0.354
49.470113,760.854,78.481,0.503
49.481723,203.213,55.626,0.630
49.493333,313.258,63.118,0.701
49.504943,315.059,63.217,0.768
49.516553,346.976,64.888,0.817
49.528163,344.737,64.776,0.890
49.539773,345.579,64.818,0.917
49.551383,344.453,64.762,0.924
49.562993,341.610,64.618,0.933
49.574603,338.423,64.456,0.936
49.586213,337.067,64.386,0.940
49.597823,335.182,64.289,0.939
49.609433,331.616,64.104,0.936
49.621043,326.974,63.860,0.907
49.632653,325.190,63.765,0.899
49.644263,324.705,63.740,0.911
49.655873,324.364,63.721,0.918
49.667483,325.144,63.763,0.919
49.679093,325.904,63.803,0.909
49.690703,326.982,63.861,0.893
49.702313,327.846,63.906,0.877
49.713923,328.497,63.941,0.855
49.725533,328.973,63.966,0.824
49.737143,329.239,63.980,0.777
49.748753,328.934,63.964,0.694
49.760363,328.733,63.953,0.577
49.771973,332.003,64.124,0.494
49.783583,338.959,64.483,0.551
49.795193,359.833,65.518,0.720
49.806803,367.321,65.874,0.781
49.818413,369.991,66.000,0.824
49.830023,371.138,66.053,0.859
49.841633,371.689,66.079,0.889
49.853243,371.356,66.064,0.916
49.864853,370.188,66.009,0.938
49.876463,369.485,65.976,0.949
49.888073,369.381,65.971,0.944
49.899683,367.837,65.899,0.940
49.911293,366.735,65.847,0.928
49.922902,365.390,65.783,0.914
49.934512,363.371,65.687,0.898
49.946122,361.289,65.588,0.873
49.957732,359.058,65.481,0.847
49.969342,355.221,65.295,0.837
49.980952,766.943,78.619,0.830
49.992562,332.941,64.173,0.820
50.004172,331.520,64.099,0.827
50.015782,330.780,64.060,0.831
50.027392,330.052,64.022,0.830
50.039002,329.576,63.997,0.828
50.050612,329.004,63.967,0.821
50.062222,329.417,63.989,0.831
50.073832,330.357,64.038,0.866
50.085442,330.281,64.034,0.885
50.097052,330.176,64.029,0.887
50.108662,330.047,64.022,0.885
50.120272,329.653,64.001,0.885
50.131882,329.577,63.997,0.881
50.143492,329.603,63.999,0.875
50.155102,329.033,63.969,0.849
50.166712,328.247,63.927,0.784
50.178322,327.894,63.909,0.703
50.189932,327.257,63.875,0.644
50.201542,325.644,63.790,0.610
50.213152,368.707,65.940,0.677
50.224762,375.275,66.245,0.775
50.236372,377.853,66.364,0.824
50.247982,380.401,66.480,0.853
50.259592,381.439,66.527,0.883
50.271202,382.291,66.566,0.924
50.282812,382.771,66.588,0.949
50.294422,382.631,66.581,0.952
50.306032,383.523,66.622,0.953
50.317642,385.737,66.721,0.944
50.329252,385.724,66.721,0.936
50.340862,385.128,66.694,0.928
50.352472,385.707,66.720,0.921
50.364082,387.741,66.811,0.908
50.375692,392.577,67.026,0.908
50.387302,396.709,67.207,0.924
50.398912,400.403,67.367,0.927
50.410522,403.829,67.515,0.932
50.422132,407.069,67.653,0.937
50.433741,409.233,67.745,0.944
50.445351,411.970,67.860,0.947
50.456961,413.754,67.935,0.943
50.468571,414.729,67.976,0.934
50.480181,415.106,67.992,0.931
50.491791,415.420,68.005,0.932
50.503401,415.786,68.020,0.935
50.515011,415.943,68.027,0.941
50.526621,415.903,68.025,0.946
50.538231,415.601,68.012,0.949
50.549841,414.872,67.982,0.953
50.561451,414.053,67.948,0.955
50.573061,412.750,67.893,0.962
50.584671,410.458,67.797,0.971
50.596281,408.518,67.715,0.967
50.607891,406.235,67.618,0.961
50.619501,403.103,67.484,0.960
50.631111,399.381,67.323,0.957
50.642721,394.236,67.099,0.950
50.654331,388.926,66.864,0.946
50.665941,382.759,66.587,0.934
50.677551,377.764,66.360,0.909
50.689161,374.739,66.221,0.899
50.700771,372.809,66.131,0.887
50.712381,370.941,66.044,0.864
50.723991,370.045,66.002,0.848
50.735601,369.490,65.976,0.827
50.747211,369.121,65.959,0.798
50.758821,368.679,65.938,0.758
50.770431,368.971,65.952,0.739
50.782041,369.719,65.987,0.750
50.793651,370.288,66.014,0.782
50.805261,370.749,66.035,0.795
50.816871,184.139,53.920,0.803
50.828481,184.426,53.946,0.827
50.840091,184.762,53.978,0.836
50.851701,184.733,53.975,0.854
50.863311,184.711,53.973,0.873
50.874921,184.590,53.962,0.885
50.886531,184.587,53.962,0.882
50.898141,184.768,53.979,0.880
50.909751,184.754,53.977,0.879
50.921361,369.053,65.956,0.875
50.932971,369.212,65.963,0.879
50.944580,369.332,65.969,0.869
50.956190,369.397,65.972,0.847
50.967800,369.966,65.999,0.819
50.979410,370.376,66.018,0.797
50.991020,370.754,66.035,0.781
51.002630,371.146,66.054,0.749
51.014240,371.187,66.056,0.694
51.025850,371.395,66.065,0.607
51.037460,370.622,66.029,0.562
51.049070,370.645,66.030,0.564
51.060680,370.289,66.014,0.558
51.072290,371.179,66.055,0.561
51.083900,341.698,64.623,0.670
51.095510,339.041,64.487,0.769
51.107120,337.872,64.428,0.847
51.118730,336.115,64.337,0.898
51.130340,335.392,64.300,0.917
51.141950,335.159,64.288,0.922
51.153560,334.995,64.280,0.925
51.165170,334.575,64.258,0.929
51.176780,333.169,64.185,0.932
51.188390,331.013,64.073,0.934
51.200000,329.592,63.998,0.914
51.211610,328.136,63.921,0.871
51.223220,326.185,63.818,0.844
51.234830,324.775,63.743,0.833
51.246440,324.443,63.726,0.825
51.258050,324.456,63.726,0.815
51.269660,325.652,63.790,0.780
51.281270,330.400,64.041,0.673
51.292880,720.982,77.550,0.522
51.304490,745.229,78.122,0.478
51.316100,761.051,78.486,0.461
51.327710,762.654,78.522,0.457
51.339320,367.844,65.899,0.519
51.350930,807.203,79.505,0.553
51.362540,812.665,79.622,0.604
51.374150,159.491,51.432,0.645
51.385760,354.885,65.278,0.734
51.397370,332.213,64.135,0.777
51.408980,332.738,64.163,0.805
51.420590,330.566,64.049,0.835
51.432200,327.826,63.905,0.852
51.443810,326.368,63.828,0.863
51.455420,326.551,63.838,0.869
51.467029,326.342,63.827,0.873
51.478639,326.931,63.858,0.857
51.490249,326.471,63.833,0.846
51.501859,326.625,63.842,0.839
51.513469,326.753,63.848,0.819
51.525079,327.809,63.904,0.809
51.536689,328.245,63.927,0.801
51.548299,328.243,63.927,0.789
51.559909,328.312,63.931,0.774
51.571519,328.103,63.920,0.764
51.583129,327.809,63.904,0.752
51.594739,327.602,63.893,0.732
51.606349,327.220,63.873,0.714
51.617959,326.451,63.832,0.675
51.629569,323.535,63.677,0.626
51.641179,322.928,63.645,0.595
51.652789,324.460,63.726,0.567
51.664399,327.436,63.884,0.537
51.676009,167.807,52.312,0.492
51.687619,843.739,80.272,0.656
51.699229,366.193,65.821,0.744
51.710839,126.819,47.463,0.798
51.722449,378.484,66.393,0.840
51.734059,377.725,66.358,0.871
51.745669,376.044,66.281,0.894
51.757279,375.280,66.246,0.909
51.768889,374.988,66.232,0.923
51.780499,376.718,66.312,0.925
51.792109,378.356,66.387,0.926
51.803719,761.011,78.485,0.922
51.815329,761.224,78.490,0.915
51.826939,764.503,78.564,0.905
51.838549,769.098,78.668,0.897
51.850159,410.360,67.793,0.893
51.861769,409.953,67.775,0.889
51.873379,410.709,67.807,0.884
51.884989,412.441,67.880,0.874
51.896599,413.289,67.916,0.860
51.908209,413.116,67.909,0.840
51.919819,411.972,67.861,0.822
51.931429,410.657,67.805,0.798
51.943039,409.623,67.762,0.768
51.954649,408.853,67.729,0.728
51.966259,409.403,67.752,0.676
51.977868,415.253,67.998,0.620
51.989478,375.710,66.265,0.696
52.001088,378.613,66.399,0.768
52.012698,378.763,66.406,0.809
52.024308,378.664,66.401,0.826
52.035918,377.676,66.356,0.840
52.047528,376.358,66.295,0.854
52.059138,375.089,66.237,0.864
52.070748,374.104,66.191,0.867
52.082358,372.309,66.108,0.858
52.093968,368.780,65.943,0.843
52.105578,366.133,65.818,0.830
52.117188,364.796,65.755,0.829
52.128798,363.345,65.686,0.834
52.140408,362.861,65.663,0.837
52.152018,362.932,65.666,0.840
52.163628,325.099,63.761,0.845
52.175238,327.370,63.881,0.850
52.186848,328.819,63.957,0.852
52.198458,329.773,64.008,0.853
52.210068,329.960,64.017,0.853
52.221678,329.670,64.002,0.846
52.233288,329.793,64.009,0.843
52.244898,329.885,64.014,0.837
52.256508,330.017,64.020,0.828
52.268118,330.172,64.029,0.835
52.279728,330.408,64.041,0.854
52.291338,330.340,64.037,0.866
52.302948,330.179,64.029,0.884
52.314558,330.226,64.031,0.911
52.326168,330.379,64.039,0.930
52.337778,330.202,64.030,0.942
52.349388,329.702,64.004,0.950
52.360998,329.278,63.982,0.948
52.372608,328.645,63.948,0.940
52.384218,328.339,63.932,0.932
52.395828,328.346,63.933,0.920
52.407438,328.142,63.922,0.900
52.419048,328.110,63.920,0.877
52.430658,328.259,63.928,0.862
52.442268,328.289,63.930,0.850
52.453878,328.395,63.935,0.831
52.465488,328.352,63.933,0.812
52.477098,327.993,63.914,0.795
52.488707,327.355,63.880,0.775
52.500317,325.950,63.806,0.746
52.511927,324.919,63.751,0.714
52.523537,324.899,63.750,0.672
52.535147,328.015,63.915,0.631
52.546757,94.619,42.392,0.650
52.558367,329.382,63.987,0.668
52.569977,95.973,42.638,0.681
52.581587,313.981,63.158,0.711
52.593197,314.543,63.189,0.734
52.604807,328.897,63.962,0.748
52.616417,330.997,64.072,0.764
52.628027,332.032,64.126,0.768
52.639637,331.531,64.100,0.774
52.651247,331.313,64.088,0.782
52.662857,330.551,64.048,0.789
52.674467,330.725,64.058,0.787
52.686077,330.682,64.055,0.784
52.697687,330.565,64.049,0.782
52.709297,330.519,64.047,0.778
52.720907,331.096,64.077,0.780
52.732517,330.895,64.066,0.792
52.744127,363.180,65.678,0.811
52.755737,368.147,65.913,0.834
52.767347,370.384,66.018,0.854
52.778957,370.465,66.022,0.868
52.790567,370.110,66.005,0.881
52.802177,369.591,65.981,0.895
52.813787,369.307,65.968,0.906
52.825397,369.314,65.968,0.908
52.837007,369.304,65.968,0.906
52.848617,368.916,65.949,0.903
52.860227,368.670,65.938,0.897
52.871837,368.802,65.944,0.890
52.883447,369.108,65.958,0.878
52.895057,369.741,65.988,0.859
52.906667,370.605,66.029,0.836
52.918277,371.179,66.055,0.823
52.929887,371.595,66.075,0.808
52.941497,372.372,66.111,0.786
52.953107,371.703,66.080,0.764
52.964717,371.320,66.062,0.745
52.976327,372.028,66.095,0.745
52.987937,372.515,66.118,0.752
52.999546,372.124,66.099,0.757
53.011156,371.061,66.050,0.756
53.022766,369.964,65.999,0.785
53.034376,370.911,66.043,0.826
53.045986,371.018,66.048,0.852
53.057596,371.258,66.059,0.866
53.069206,371.017,66.048,0.875
53.080816,370.774,66.036,0.885
53.092426,370.405,66.019,0.898
53.104036,369.960,65.998,0.912
53.115646,369.635,65.983,0.912
53.127256,369.067,65.957,0.901
53.138866,368.838,65.946,0.897
53.150476,368.555,65.933,0.891
53.162086,368.491,65.930,0.878
53.173696,368.482,65.929,0.861
53.185306,368.844,65.946,0.838
53.196916,369.450,65.974,0.803
53.208526,369.993,66.000,0.767
53.220136,370.241,66.012,0.727
53.231746,369.486,65.976,0.651
53.243356,370.153,66.007,0.560
53.254966,370.745,66.035,0.584
53.266576,370.751,66.035,0.638
53.278186,370.002,66.000,0.682
53.289796,369.637,65.983,0.718
53.301406,369.090,65.958,0.740
53.313016,371.069,66.050,0.761
53.324626,375.007,66.233,0.835
53.336236,375.654,66.263,0.870
53.347846,375.519,66.257,0.888
53.359456,374.992,66.232,0.900
53.371066,374.636,66.216,0.907
53.382676,374.672,66.217,0.910
53.394286,375.311,66.247,0.915
53.405896,376.043,66.281,0.919
53.417506,378.439,66.391,0.906
53.429116,382.144,66.559,0.900
53.440726,390.015,66.912,0.899
53.452336,397.964,67.262,0.897
53.463946,403.355,67.495,0.899
53.475556,407.058,67.653,0.904
53.487166,409.782,67.768,0.907
53.498776,411.995,67.861,0.908
53.510385,413.930,67.943,0.902
53.521995,414.818,67.980,0.900
53.533605,415.019,67.988,0.901
53.545215,414.783,67.978,0.902
53.556825,414.687,67.974,0.898
53.568435,414.754,67.977,0.893
53.580045,414.915,67.984,0.890
53.591655,415.012,67.988,0.892
53.603265,415.234,67.997,0.892
53.614875,415.682,68.016,0.888
53.626485,416.424,68.047,0.883
53.638095,416.750,68.060,0.895
53.649705,416.010,68.029,0.903
53.661315,414.530,67.968,0.904
53.672925,412.569,67.886,0.903
53.684535,410.062,67.780,0.901
53.696145,406.372,67.624,0.900
53.707755,841.104,80.217,0.900
53.719365,385.343,66.704,0.901
53.730975,375.503,66.256,0.891
53.742585,372.892,66.135,0.885
53.754195,371.414,66.066,0.889
53.765805,370.290,66.014,0.891
53.777415,370.117,66.006,0.890
53.789025,370.286,66.014,0.888
53.800635,370.538,66.025,0.886
53.812245,370.748,66.035,0.882
53.823855,370.868,66.041,0.872
53.835465,370.968,66.046,0.856
53.847075,370.908,66.043,0.836
53.858685,370.829,66.039,0.813
53.870295,370.798,66.038,0.788
53.881905,370.642,66.030,0.760
53.893515,370.264,66.013,0.719
53.905125,369.253,65.965,0.659
53.916735,91.956,41.898,0.589
53.928345,92.097,41.925,0.529
53.939955,92.372,41.976,0.494
53.951565,92.463,41.993,0.482
53.963175,92.575,42.014,0.483
53.974785,92.624,42.023,0.489
53.986395,92.638,42.026,0.498
53.998005,92.608,42.021,0.532
54.009615,369.309,65.968,0.571
54.021224,93.033,42.100,0.603
54.032834,374.666,66.217,0.627
54.044444,376.260,66.291,0.706
54.056054,375.717,66.266,0.770
54.067664,377.086,66.329,0.812
54.079274,379.336,66.432,0.836
54.090884,379.220,66.426,0.876
54.102494,378.773,66.406,0.900
54.114104,378.375,66.388,0.913
54.125714,377.751,66.359,0.923
54.137324,377.937,66.368,0.920
54.148934,378.292,66.384,0.909
54.160544,378.602,66.398,0.899
54.172154,378.270,66.383,0.891
54.183764,380.052,66.464,0.858
54.195374,381.883,66.548,0.822
54.206984,387.676,66.808,0.794
54.218594,398.383,67.280,0.770
54.230204,405.666,67.593,0.771
54.241814,409.098,67.739,0.766
54.253424,412.453,67.881,0.746
54.265034,413.885,67.941,0.727
54.276644,414.379,67.961,0.716
54.288254,414.902,67.983,0.711
54.299864,415.110,67.992,0.701
54.311474,415.355,68.002,0.680
54.323084,375.176,66.241,0.625
54.334694,391.421,66.975,0.699
54.346304,399.756,67.339,0.750
54.357914,407.704,67.680,0.799
54.369524,408.306,67.706,0.847
54.381134,407.665,67.679,0.889
54.392744,404.879,67.560,0.901
54.404354,401.586,67.418,0.914
54.415964,398.554,67.287,0.926
54.427574,395.803,67.167,0.925
54.439184,391.206,66.965,0.925
54.450794,383.694,66.629,0.923
54.462404,378.949,66.414,0.914
54.474014,372.863,66.134,0.895
54.485624,369.040,65.955,0.891
54.497234,364.415,65.737,0.888
54.508844,354.729,65.271,0.889
54.520454,342.295,64.653,0.891
54.532063,335.221,64.291,0.895
54.543673,331.692,64.108,0.896
54.555283,329.820,64.010,0.895
54.566893,328.604,63.946,0.889
54.578503,327.880,63.908,0.882
54.590113,327.267,63.876,0.869
54.601723,327.115,63.868,0.847
54.613333,327.372,63.881,0.822
54.624943,327.432,63.884,0.787
54.636553,327.726,63.900,0.743
54.648163,329.638,64.001,0.708
54.659773,330.242,64.032,0.703
54.671383,329.701,64.004,0.725
54.682993,328.863,63.960,0.755
54.694603,328.579,63.945,0.778
54.706213,328.421,63.937,0.792
54.717823,328.272,63.929,0.804
54.729433,328.102,63.920,0.816
54.741043,327.718,63.899,0.828
54.752653,327.387,63.882,0.834
54.764263,327.601,63.893,0.832
54.775873,327.964,63.912,0.827
54.787483,328.201,63.925,0.816
54.799093,328.412,63.936,0.805
54.810703,328.606,63.946,0.790
54.822313,329.102,63.972,0.771
54.833923,329.862,64.012,0.735
54.845533,330.631,64.053,0.691
54.857143,330.595,64.051,0.653
54.868753,328.691,63.951,0.599
54.880363,164.475,51.964,0.570
54.891973,848.184,80.362,0.571
54.903583,164.545,51.972,0.581
54.915193,326.362,63.828,0.657
54.926803,328.373,63.934,0.733
54.938413,330.809,64.062,0.809
54.950023,330.821,64.063,0.864
54.961633,330.632,64.053,0.894
54.973243,330.863,64.065,0.916
54.984853,330.881,64.066,0.932
54.996463,330.627,64.052,0.945
55.008073,330.161,64.028,0.951
55.019683,329.772,64.008,0.944
55.031293,329.353,63.986,0.923
55.042902,329.130,63.974,0.891
55.054512,328.795,63.956,0.859
55.066122,329.497,63.993,0.833
55.077732,218.194,56.857,0.810
55.089342,92.346,41.971,0.792
55.100952,369.984,66.000,0.792
55.112562,371.322,66.062,0.824
55.124172,371.427,66.067,0.869
55.135782,371.240,66.058,0.912
55.147392,371.136,66.053,0.934
55.159002,371.089,66.051,0.941
55.170612,370.733,66.035,0.943
55.182222,370.219,66.010,0.940
55.193832,369.576,65.980,0.933
55.205442,369.500,65.977,0.923
55.217052,369.604,65.982,0.907
55.228662,369.558,65.980,0.873
55.240272,369.690,65.986,0.844
55.251882,369.667,65.985,0.824
55.263492,369.699,65.986,0.809
55.275102,369.925,65.997,0.798
55.286712,370.261,66.012,0.780
55.298322,369.990,66.000,0.753
55.309932,369.281,65.967,0.711
55.321542,368.167,65.914,0.663
55.333152,366.971,65.858,0.618
55.344762,366.788,65.849,0.568
55.356372,92.759,42.049,0.549
55.367982,371.698,66.080,0.666
55.379592,373.738,66.174,0.782
55.391202,372.936,66.137,0.818
55.402812,372.720,66.127,0.848
55.414422,372.652,66.124,0.882
55.426032,372.457,66.115,0.908
55.437642,372.067,66.097,0.930
55.449252,371.547,66.072,0.950
55.460862,370.763,66.036,0.960
55.472472,369.583,65.981,0.955
55.484082,369.228,65.964,0.954
55.495692,368.904,65.949,0.952
55.507302,368.490,65.929,0.944
55.518912,368.366,65.924,0.935
55.530522,368.222,65.917,0.926
55.542132,368.061,65.909,0.913
55.553741,367.680,65.891,0.893
55.565351,367.591,65.887,0.870
55.576961,367.274,65.872,0.850
55.588571,366.720,65.846,0.829
55.600181,365.769,65.801,0.802
55.611791,364.678,65.749,0.768
55.623401,362.818,65.661,0.708
55.635011,362.417,65.642,0.624
55.646621,365.315,65.780,0.511
55.658231,366.612,65.841,0.475
55.669841,367.166,65.867,0.450
55.681451,368.925,65.950,0.431
55.693061,368.981,65.953,0.448
55.704671,368.745,65.941,0.463
55.716281,368.803,65.944,0.475
55.727891,368.776,65.943,0.482
55.739501,368.544,65.932,0.486
55.751111,368.357,65.923,0.482
55.762721,368.055,65.909,0.474
55.774331,367.755,65.895,0.494
55.785941,183.715,53.880,0.579
55.797551,893.795,81.269,0.706
55.809161,885.045,81.099,0.796
55.820771,316.841,63.315,0.827
55.832381,321.208,63.552,0.846
55.843991,325.214,63.767,0.864
55.855601,327.051,63.864,0.876
55.867211,327.906,63.909,0.887
55.878821,328.309,63.931,0.894
55.890431,329.698,64.004,0.887
55.902041,331.287,64.087,0.867
55.913651,331.060,64.075,0.858
55.925261,330.681,64.055,0.856
55.936871,330.573,64.050,0.864
55.948481,330.410,64.041,0.877
55.960091,330.486,64.045,0.874
55.971701,330.795,64.061,0.860
55.983311,330.972,64.070,0.845
55.994921,331.083,64.076,0.826
56.006531,331.283,64.087,0.809
56.018141,331.139,64.079,0.786
56.029751,330.706,64.057,0.731
56.041361,329.609,63.999,0.611
56.052971,328.224,63.926,0.463
56.064580,82.670,40.055,0.439
56.076190,82.756,40.073,0.485
56.087800,186.839,54.171,0.575
56.099410,167.867,52.318,0.671
56.111020,468.583,70.090,0.764
56.122630,468.729,70.095,0.809
56.134240,468.391,70.083,0.847
56.145850,467.432,70.047,0.875
56.157460,465.556,69.977,0.889
56.169070,463.793,69.912,0.899
56.180680,462.886,69.878,0.901
56.192290,462.057,69.847,0.898
56.203900,459.403,69.747,0.888
56.215510,460.098,69.773,0.887
56.227120,461.193,69.814,0.882
56.238730,464.039,69.921,0.873
56.250340,469.919,70.139,0.872
56.261950,475.811,70.355,0.867
56.273560,480.222,70.514,0.865
56.285170,484.821,70.679,0.860
56.296780,489.420,70.843,0.849
56.308390,492.216,70.941,0.832
56.320000,493.588,70.990,0.818
56.331610,493.723,70.994,0.811
56.343220,493.985,71.004,0.808
56.354830,493.810,70.997,0.817
56.366440,493.665,70.992,0.833
56.378050,493.237,70.977,0.850
56.389660,493.004,70.969,0.867
56.401270,492.864,70.964,0.879
56.412880,492.724,70.959,0.886
56.424490,492.868,70.964,0.891
56.436100,492.775,70.961,0.893
56.447710,492.988,70.969,0.895
56.459320,493.086,70.972,0.897
56.470930,493.407,70.983,0.897
56.482540,493.835,70.998,0.900
56.494150,494.036,71.005,0.905
56.505760,493.781,70.996,0.912
56.517370,493.771,70.996,0.918
56.528980,493.486,70.986,0.924
56.540590,493.427,70.984,0.930
56.552200,493.551,70.988,0.934
56.563810,493.578,70.989,0.938
56.575420,493.525,70.987,0.938
56.587029,493.489,70.986,0.932
56.598639,493.649,70.992,0.928
56.610249,493.707,70.994,0.920
56.621859,493.603,70.990,0.914
56.633469,493.319,70.980,0.905
56.645079,492.956,70.967,0.893
56.656689,492.470,70.950,0.880
56.668299,492.262,70.943,0.868
56.679909,492.122,70.938,0.859
56.691519,491.857,70.929,0.848
56.703129,491.709,70.924,0.836
56.714739,491.928,70.931,0.822
56.726349,492.003,70.934,0.820
56.737959,492.152,70.939,0.817
56.749569,492.580,70.954,0.815
56.761179,492.799,70.962,0.815
56.772789,493.161,70.975,0.813
56.784399,493.490,70.986,0.817
56.796009,493.788,70.997,0.823
56.807619,494.099,71.008,0.830
56.819229,494.585,71.025,0.827
56.830839,494.650,71.027,0.828
56.842449,494.751,71.030,0.827
56.854059,494.815,71.033,0.822
56.865669,494.841,71.034,0.820
56.877279,494.837,71.033,0.814
56.888889,494.769,71.031,0.814
56.900499,494.653,71.027,0.815
56.912109,494.591,71.025,0.814
56.923719,494.266,71.013,0.817
56.935329,493.466,70.985,0.827
56.946939,491.883,70.930,0.842
56.958549,489.760,70.855,0.863
56.970159,486.578,70.742,0.871
56.981769,482.011,70.579,0.875
56.993379,477.492,70.416,0.868
57.004989,472.183,70.222,0.863
57.016599,464.139,69.925,0.858
57.028209,156.007,51.049,0.850
57.039819,155.530,50.996,0.833
57.051429,155.685,51.013,0.809
57.063039,104.155,44.055,0.794
57.074649,312.416,63.072,0.783
57.086259,311.789,63.037,0.791
57.097868,311.471,63.019,0.794
57.109478,310.932,62.989,0.792
57.121088,310.582,62.970,0.790
57.132698,310.291,62.953,0.789
57.144308,310.193,62.948,0.787
57.155918,310.173,62.947,0.784
57.167528,310.231,62.950,0.787
57.179138,310.415,62.960,0.789
57.190748,310.688,62.976,0.793
57.202358,310.983,62.992,0.795
57.213968,311.189,63.003,0.786
57.225578,311.395,63.015,0.773
57.237188,311.902,63.043,0.757
57.248798,312.516,63.077,0.738
57.260408,312.994,63.104,0.710
57.272018,312.426,63.072,0.687
57.283628,305.632,62.691,0.699
57.295238,307.036,62.771,0.724
57.306848,308.411,62.848,0.754
57.318458,308.913,62.876,0.775
57.330068,309.094,62.886,0.795
57.341678,309.162,62.890,0.815
57.353288,309.312,62.899,0.838
57.364898,309.405,62.904,0.852
57.376508,309.609,62.915,0.855
57.388118,309.753,62.923,0.852
57.399728,309.925,62.933,0.849
57.411338,310.251,62.951,0.847
57.422948,310.624,62.972,0.846
57.434558,310.753,62.979,0.841
57.446168,310.869,62.986,0.831
57.457778,311.051,62.996,0.823
57.469388,311.181,63.003,0.818
57.480998,311.199,63.004,0.817
57.492608,311.065,62.997,0.823
57.504218,310.842,62.984,0.830
57.515828,310.759,62.979,0.835
57.527438,310.780,62.981,0.841
57.539048,310.845,62.984,0.848
57.550658,310.891,62.987,0.852
57.562268,310.961,62.991,0.854
57.573878,310.997,62.993,0.856
57.585488,311.024,62.994,0.857
57.597098,311.058,62.996,0.858
57.608707,311.078,62.997,0.858
57.620317,311.068,62.997,0.856
57.631927,311.030,62.995,0.852
57.643537,310.980,62.992,0.850
57.655147,310.968,62.991,0.846
57.666757,310.965,62.991,0.839
57.678367,310.958,62.991,0.835
57.689977,310.959,62.991,0.834
57.701587,310.986,62.992,0.836
57.713197,311.009,62.993,0.840
57.724807,311.029,62.995,0.849
57.736417,311.081,62.997,0.858
57.748027,311.074,62.997,0.869
57.759637,311.114,62.999,0.878
57.771247,311.134,63.000,0.884
57.782857,311.141,63.001,0.888
57.794467,311.125,63.000,0.889
57.806077,311.106,62.999,0.888
57.817687,311.122,63.000,0.884
57.829297,311.216,63.005,0.878
57.840907,311.451,63.018,0.871
57.852517,311.910,63.044,0.862
57.864127,312.689,63.087,0.858
57.875737,313.957,63.157,0.855
57.887347,315.645,63.250,0.854
57.898957,318.333,63.396,0.860
57.910567,321.842,63.586,0.863
57.922177,325.084,63.760,0.864
57.933787,327.273,63.876,0.866
57.945397,328.626,63.947,0.863
57.957007,329.473,63.992,0.859
57.968617,329.617,63.999,0.849
57.980227,329.449,63.991,0.837
57.991837,329.351,63.985,0.810
58.003447,329.218,63.978,0.778
58.015057,329.458,63.991,0.746
58.026667,330.199,64.030,0.702
58.038277,330.503,64.046,0.662
58.049887,330.392,64.040,0.606
58.061497,326.785,63.850,0.533
58.073107,312.929,63.100,0.404
58.084717,312.547,63.079,0.390
58.096327,311.890,63.042,0.379
58.107937,311.512,63.021,0.376
58.119546,310.122,62.944,0.502
58.131156,310.140,62.945,0.544
58.142766,310.283,62.953,0.577
58.154376,310.936,62.989,0.642
58.165986,311.266,63.008,0.690
58.177596,334.944,64.277,0.743
58.189206,335.276,64.294,0.800
58.200816,335.794,64.321,0.837
58.212426,335.160,64.288,0.861
58.224036,334.720,64.265,0.881
58.235646,334.370,64.247,0.898
58.247256,333.802,64.218,0.913
58.258866,332.892,64.171,0.928
58.270476,331.790,64.113,0.933
58.282086,329.940,64.016,0.929
58.293696,328.023,63.916,0.927
58.305306,657.854,75.963,0.926
58.316916,657.606,75.957,0.927
58.328526,658.057,75.969,0.929
58.340136,658.565,75.982,0.925
58.351746,660.180,76.024,0.918
58.363356,661.468,76.058,0.915
58.374966,662.617,76.088,0.917
58.386576,664.001,76.124,0.915
58.398186,663.942,76.123,0.911
58.409796,329.998,64.019,0.903
58.421406,329.761,64.007,0.895
58.433016,329.802,64.009,0.887
58.444626,330.014,64.020,0.879
58.456236,330.342,64.037,0.870
58.467846,331.013,64.073,0.855
58.479456,331.357,64.091,0.843
58.491066,331.385,64.092,0.833
58.502676,330.945,64.069,0.828
58.514286,330.384,64.040,0.824
58.525896,329.332,63.984,0.829
58.537506,328.307,63.931,0.840
58.549116,327.770,63.902,0.855
58.560726,327.443,63.885,0.868
58.572336,327.548,63.890,0.879
58.583946,328.069,63.918,0.891
58.595556,328.610,63.946,0.904
58.607166,329.026,63.968,0.911
58.618776,329.589,63.998,0.912
58.630385,329.962,64.018,0.907
58.641995,330.072,64.023,0.898
58.653605,329.786,64.008,0.889
58.665215,329.151,63.975,0.881
58.676825,328.348,63.933,0.867
58.688435,327.517,63.889,0.846
58.700045,326.641,63.842,0.833
58.711655,325.733,63.794,0.839
58.723265,324.204,63.713,0.852
58.734875,322.739,63.634,0.852
58.746485,634.334,75.333,0.868
58.758095,624.823,75.071,0.877
58.769705,615.932,74.823,0.884
58.781315,604.729,74.505,0.897
58.792925,591.927,74.135,0.907
58.804535,574.499,73.618,0.914
58.816145,278.293,61.069,0.923
58.827755,277.811,61.039,0.936
58.839365,276.679,60.969,0.938
58.850975,276.802,60.976,0.944
58.862585,277.262,61.005,0.953
58.874195,277.838,61.041,0.957
58.885805,278.319,61.071,0.957
58.897415,278.516,61.083,0.950
58.909025,278.700,61.095,0.938
58.920635,278.664,61.092,0.924
58.932245,278.602,61.088,0.907
58.943855,278.295,61.069,0.886
58.955465,277.833,61.041,0.857
58.967075,277.792,61.038,0.819
58.978685,277.803,61.039,0.776
58.990295,277.609,61.027,0.727
59.001905,277.187,61.000,0.672
59.013515,137.739,48.893,0.624
59.025125,137.410,48.852,0.583
59.036735,136.856,48.782,0.550
59.048345,133.510,48.353,0.526
59.059955,110.432,45.068,0.502
59.071565,110.534,45.084,0.479
59.083175,110.550,45.086,0.487
59.094785,110.682,45.107,0.491
59.106395,110.657,45.103,0.501
59.118005,110.099,45.016,0.510
59.129615,109.383,44.903,0.508
59.141224,111.012,45.159,0.504
59.152834,139.081,49.061,0.502
59.164444,93.388,42.166,0.492
59.176054,93.559,42.197,0.480
59.187664,93.652,42.215,0.473
59.199274,93.581,42.201,0.458
59.210884,138.534,48.993,0.436
59.222494,138.477,48.986,0.417
59.234104,735.033,77.884,0.393
59.245714,725.716,77.663,0.367
59.257324,93.155,42.122,0.358
59.268934,109.154,44.866,0.353
59.280544,109.154,44.866,0.366
59.292154,649.688,75.747,0.388
59.303764,699.342,77.022,0.454
59.315374,762.060,78.509,0.709
59.326984,303.693,62.581,0.804
59.338594,307.384,62.790,0.855
59.350204,489.468,70.845,0.885
59.361814,489.502,70.846,0.903
59.373424,489.747,70.854,0.920
59.385034,489.203,70.835,0.936
59.396644,326.804,63.851,0.949
59.408254,328.334,63.932,0.946
59.419864,330.239,64.032,0.934
59.431474,330.482,64.045,0.922
59.443084,329.338,63.985,0.910
59.454694,328.316,63.931,0.905
59.466304,327.479,63.887,0.898
59.477914,326.630,63.842,0.879
59.489524,326.446,63.832,0.856
59.501134,327.054,63.864,0.827
59.512744,328.163,63.923,0.799
59.524354,329.060,63.970,0.761
59.535964,330.016,64.020,0.725
59.547574,329.661,64.002,0.662
59.559184,330.295,64.035,0.518
59.570794,327.853,63.907,0.414
59.582404,327.197,63.872,0.410
59.594014,328.077,63.918,0.418
59.605624,328.691,63.951,0.437
59.617234,324.831,63.746,0.532
59.628844,379.068,66.419,0.684
59.640454,377.157,66.332,0.746
59.652063,375.826,66.271,0.796
59.663673,375.227,66.243,0.819
59.675283,374.360,66.203,0.842
59.686893,373.274,66.153,0.867
59.698503,372.113,66.099,0.891
59.710113,371.004,66.047,0.907
59.721723,369.792,65.991,0.908
59.733333,368.696,65.939,0.907
59.744943,367.769,65.896,0.904
59.756553,367.450,65.881,0.908
59.768163,367.350,65.876,0.910
59.779773,367.439,65.880,0.908
59.791383,367.941,65.904,0.903
59.802993,368.801,65.944,0.898
59.814603,369.523,65.978,0.895
59.826213,369.789,65.990,0.893
59.837823,369.925,65.997,0.883
59.849433,370.163,66.008,0.869
59.861043,370.361,66.017,0.850
59.872653,370.468,66.022,0.825
59.884263,369.901,65.996,0.796
59.895873,368.473,65.929,0.759
59.907483,366.780,65.849,0.708
59.919093,171.702,52.709,0.645
59.930703,172.040,52.743,0.598
59.942313,322.155,63.603,0.547
59.953923,322.118,63.601,0.517
59.965533,323.006,63.649,0.484
59.977143,322.807,63.638,0.464
59.988753,324.047,63.704,0.460
60.000363,324.037,63.704,0.461
60.011973,324.786,63.744,0.451
60.023583,324.110,63.708,0.448
60.035193,323.164,63.657,0.447
60.046803,323.586,63.680,0.446
60.058413,324.121,63.708,0.450
60.070023,324.489,63.728,0.453
60.081633,324.347,63.720,0.449
60.093243,324.869,63.748,0.435
60.104853,325.275,63.770,0.424
60.116463,325.482,63.781,0.418
60.128073,325.434,63.778,0.406
60.139683,324.671,63.738,0.400
60.151293,323.065,63.652,0.388
60.162902,321.825,63.585,0.375
60.174512,321.516,63.569,0.370
60.186122,369.269,65.966,0.417
60.197732,312.208,63.060,0.604
60.209342,314.505,63.187,0.724
60.220952,314.970,63.213,0.820
60.232562,314.855,63.206,0.887
60.244172,314.511,63.187,0.911
60.255782,314.254,63.173,0.923
60.267392,313.956,63.157,0.932
60.279002,313.625,63.138,0.940
60.290612,313.220,63.116,0.942
60.302222,312.334,63.067,0.939
60.313832,311.431,63.017,0.924
60.325442,310.778,62.981,0.895
60.337052,310.307,62.954,0.887
60.348662,310.101,62.943,0.889
60.360272,310.006,62.938,0.893
60.371882,310.059,62.940,0.898
60.383492,310.165,62.946,0.899
60.395102,310.162,62.946,0.897
60.406712,310.021,62.938,0.890
60.418322,309.463,62.907,0.887
60.429932,103.356,43.922,0.890
60.441542,103.352,43.921,0.877
60.453152,812.692,79.622,0.862
60.464762,804.602,79.449,0.840
60.476372,794.179,79.224,0.819
60.487982,787.826,79.084,0.796
60.499592,790.334,79.140,0.772
60.511202,784.835,79.019,0.732
60.522812,755.122,78.350,0.623
60.534422,748.467,78.197,0.591
60.546032,741.206,78.028,0.532
60.557642,750.636,78.247,0.509
60.569252,155.476,50.990,0.470
60.580862,155.701,51.015,0.456
60.592472,312.930,63.100,0.457
60.604082,155.398,50.982,0.451
60.615692,155.361,50.977,0.449
60.627302,312.992,63.103,0.450
60.638912,312.840,63.095,0.452
60.650522,312.535,63.078,0.441
60.662132,312.194,63.059,0.441
60.673741,312.313,63.066,0.431
60.685351,312.407,63.071,0.412
60.696961,312.289,63.065,0.398
60.708571,155.788,51.025,0.379
60.720181,155.953,51.043,0.362
60.731791,314.828,63.205,0.441
60.743401,314.629,63.194,0.482
60.755011,315.052,63.217,0.576
60.766621,363.729,65.704,0.627
60.778231,317.990,63.378,0.676
60.789841,317.741,63.364,0.769
60.801451,319.880,63.480,0.812
60.813061,335.397,64.300,0.842
60.824671,339.302,64.501,0.865
60.836281,341.441,64.610,0.887
60.847891,341.523,64.614,0.896
60.859501,340.854,64.580,0.904
60.871111,339.927,64.533,0.909
60.882721,339.416,64.507,0.899
60.894331,338.900,64.480,0.896
60.905941,338.064,64.438,0.894
60.917551,334.111,64.234,0.890
60.929161,330.008,64.020,0.888
60.940771,328.686,63.950,0.892
60.952381,328.187,63.924,0.894
60.963991,328.275,63.929,0.894
60.975601,328.763,63.955,0.893
60.987211,329.321,63.984,0.890
60.998821,329.740,64.006,0.884
61.010431,329.986,64.019,0.873
61.022041,330.196,64.030,0.857
61.033651,330.155,64.028,0.836
61.045261,329.900,64.014,0.818
61.056871,329.526,63.995,0.800
61.068481,329.010,63.968,0.773
61.080091,327.618,63.894,0.739
61.091701,323.876,63.695,0.703
61.103311,322.049,63.597,0.671
61.114921,321.349,63.560,0.640
61.126531,319.511,63.460,0.605
61.138141,314.835,63.205,0.542
61.149751,328.360,63.933,0.453
61.161361,329.655,64.001,0.389
61.172971,328.812,63.957,0.378
61.184580,328.740,63.953,0.367
61.196190,328.397,63.935,0.361
61.207800,327.859,63.907,0.361
61.219410,327.162,63.870,0.354
61.231020,327.558,63.891,0.347
61.242630,327.446,63.885,0.354
61.254240,327.256,63.875,0.348
61.265850,328.173,63.923,0.346
61.277460,328.878,63.961,0.359
61.289070,328.970,63.965,0.368
61.300680,329.128,63.974,0.371
61.312290,329.414,63.989,0.371
61.323900,328.870,63.960,0.373
61.335510,328.701,63.951,0.358
61.347120,328.471,63.939,0.345
61.358730,164.210,51.936,0.455
61.370340,186.270,54.119,0.685
61.381950,188.914,54.363,0.764
61.393560,188.769,54.349,0.801
61.405170,189.349,54.402,0.822
61.416780,189.101,54.380,0.843
61.428390,189.264,54.395,0.863
61.440000,188.832,54.355,0.874
61.451610,188.272,54.304,0.882
61.463220,187.542,54.236,0.869
61.474830,185.750,54.070,0.852
61.486440,183.107,53.822,0.844
61.498050,180.056,53.531,0.841
61.509660,177.254,53.260,0.828
61.521270,171.170,52.655,0.814
61.532880,168.160,52.348,0.808
61.544490,163.997,51.914,0.803
61.556100,161.396,51.637,0.796
61.567710,158.557,51.330,0.791
61.579320,144.098,49.675,0.775
61.590930,129.139,47.777,0.759
61.602540,125.810,47.325,0.749
61.614150,125.606,47.297,0.735
61.625760,125.045,47.219,0.715
61.637370,124.567,47.153,0.685
61.648980,124.111,47.090,0.654
61.660590,1002.273,83.252,0.613
61.672200,1002.273,83.252,0.578
61.683810,1002.273,83.252,0.553
61.695420,1002.273,83.252,0.507
61.707029,1002.273,83.252,0.462
61.718639,163.396,51.850,0.420
61.730249,163.804,51.894,0.397
61.741859,164.366,51.953,0.387
61.753469,332.092,64.129,0.374
61.765079,331.363,64.091,0.346
61.776689,331.742,64.111,0.326
61.788299,330.977,64.071,0.321
61.799909,332.595,64.155,0.311
61.811519,335.340,64.297,0.302
61.823129,169.352,52.470,0.295
61.834739,169.628,52.498,0.292
61.846349,170.730,52.611,0.288
61.857959,170.296,52.566,0.284
61.869569,109.013,44.844,0.281
61.881179,171.352,52.673,0.281
61.892789,172.362,52.775,0.277
61.904399,172.282,52.767,0.272
61.916009,171.968,52.736,0.264
61.927619,109.299,44.889,0.254
61.939229,109.706,44.954,0.253
61.950839,109.371,44.901,0.261
61.962449,109.427,44.910,0.288
61.974059,109.675,44.949,0.306
61.985669,110.767,45.120,0.332
61.997279,110.805,45.126,0.362
62.008889,329.770,64.007,0.382
62.020499,328.546,63.943,0.395
62.032109,328.281,63.929,0.398
62.043719,328.225,63.926,0.395
62.055329,326.970,63.860,0.381
62.066939,327.403,63.883,0.375
62.078549,329.453,63.991,0.424
62.090159,133.730,48.382,0.487
62.101769,305.351,62.676,0.534
62.113379,207.883,56.019,0.578
62.124989,208.041,56.032,0.606
62.136599,208.007,56.030,0.628
62.148209,254.066,59.492,0.660
62.159819,235.188,58.156,0.674
62.171429,235.260,58.161,0.673
62.183039,234.902,58.135,0.659
62.194649,234.886,58.133,0.641
62.206259,235.038,58.145,0.618
62.217868,236.622,58.261,0.627
62.229478,235.179,58.155,0.639
62.241088,183.804,53.888,0.627
62.252698,399.065,67.309,0.629
62.264308,266.380,60.312,0.685
62.275918,268.434,60.445,0.753
62.287528,275.417,60.889,0.800
62.299138,264.670,60.200,0.836
62.310748,254.241,59.504,0.858
62.322358,251.743,59.333,0.878
62.333968,250.228,59.229,0.894
62.345578,249.720,59.194,0.897
62.357188,249.294,59.164,0.890
62.368798,248.272,59.093,0.877
62.380408,246.711,58.984,0.861
62.392018,246.808,58.991,0.838
62.403628,243.511,58.758,0.810
62.415238,237.781,58.346,0.788
62.426848,233.006,57.994,0.788
62.438458,241.050,58.582,0.823
62.450068,240.690,58.556,0.840
62.461678,239.378,58.461,0.854
62.473288,239.546,58.474,0.851
62.484898,239.465,58.468,0.855
62.496508,239.241,58.452,0.866
62.508118,239.574,58.476,0.859
62.519728,240.232,58.523,0.837
62.531338,231.584,57.888,0.800
62.542948,210.581,56.242,0.771
62.554558,212.498,56.399,0.754
62.566168,236.280,58.236,0.804
62.577778,250.085,59.219,0.833
62.589388,253.622,59.462,0.830
62.600998,250.821,59.270,0.850
62.612608,248.510,59.110,0.868
62.624218,247.315,59.026,0.885
62.635828,245.953,58.931,0.900
62.647438,246.142,58.944,0.904
62.659048,245.597,58.905,0.888
62.670658,244.574,58.833,0.869
62.682268,243.766,58.776,0.869
62.693878,242.741,58.703,0.851
62.705488,242.421,58.680,0.829
62.717098,243.162,58.733,0.802
62.728707,244.697,58.842,0.773
62.740317,237.034,58.291,0.752
62.751927,225.250,57.408,0.745
62.763537,230.224,57.786,0.754
62.775147,225.022,57.391,0.748
62.786757,224.668,57.363,0.752
62.798367,224.486,57.349,0.759
62.809977,224.438,57.346,0.757
62.821587,224.237,57.330,0.750
62.833197,224.476,57.349,0.742
62.844807,224.001,57.312,0.740
62.856417,200.956,55.433,0.727
62.868027,226.289,57.488,0.740
62.879637,250.127,59.222,0.763
62.891247,248.506,59.109,0.813
62.902857,247.846,59.063,0.836
62.914467,243.637,58.767,0.873
62.926077,242.409,58.679,0.895
62.937687,242.916,58.715,0.901
62.949297,244.141,58.803,0.912
62.960907,245.769,58.918,0.920
62.972517,246.336,58.957,0.916
62.984127,246.147,58.944,0.896
62.995737,249.229,59.160,0.896
63.007347,253.203,59.433,0.887
63.018957,252.492,59.385,0.883
63.030567,252.357,59.376,0.882
63.042177,250.662,59.259,0.869
63.053787,249.081,59.149,0.843
63.065397,248.889,59.136,0.831
63.077007,248.389,59.101,0.824
63.088617,243.909,58.786,0.796
63.100227,238.905,58.427,0.744
63.111837,234.183,58.082,0.658
63.123447,232.600,57.964,0.564
63.135057,243.962,58.790,0.421
63.146667,176.104,53.147,0.508
63.158277,284.851,61.472,0.601
63.169887,288.287,61.680,0.676
63.181497,287.134,61.611,0.723
63.193107,287.061,61.606,0.785
63.204717,274.082,60.805,0.821
63.216327,272.759,60.721,0.848
63.227937,271.701,60.654,0.869
63.239546,271.221,60.624,0.874
63.251156,269.105,60.488,0.882
63.262766,267.315,60.372,0.884
63.274376,89.729,41.474,0.888
63.285986,136.424,48.727,0.895
63.297596,247.032,59.006,0.898
63.309206,242.836,58.710,0.899
63.320816,315.621,63.248,0.904
63.332426,315.206,63.226,0.916
63.344036,938.482,82.114,0.920
63.355646,919.870,81.767,0.918
63.367256,912.205,81.622,0.921
63.378866,886.702,81.131,0.908
63.390476,877.671,80.954,0.893
63.402086,859.287,80.588,0.879
63.413696,207.941,56.024,0.864
63.425306,206.535,55.907,0.845
63.436916,205.960,55.858,0.837
63.448526,205.593,55.827,0.837
63.460136,206.656,55.917,0.836
63.471746,215.228,56.620,0.838
63.483356,219.197,56.937,0.853
63.494966,351.643,65.119,0.875
63.506576,354.052,65.237,0.888
63.518186,355.754,65.321,0.897
63.529796,355.921,65.329,0.899
63.541406,355.792,65.322,0.910
63.553016,355.751,65.320,0.910
63.564626,355.045,65.286,0.915
63.576236,353.573,65.214,0.918
63.587846,348.430,64.960,0.918
63.599456,345.288,64.804,0.911
63.611066,342.442,64.660,0.903
63.622676,340.499,64.562,0.894
63.634286,337.851,64.427,0.875
63.645896,332.206,64.135,0.857
63.657506,322.777,63.636,0.833
63.669116,315.164,63.223,0.804
63.680726,758.565,78.429,0.750
63.692336,759.781,78.457,0.706
63.703946,748.022,78.187,0.671
63.715556,750.550,78.245,0.648
63.727166,718.066,77.479,0.653
63.738776,715.099,77.408,0.661
63.750385,239.483,58.469,0.665
63.761995,239.499,58.470,0.699
63.773605,265.072,60.227,0.742
63.785215,265.481,60.253,0.782
63.796825,265.766,60.272,0.812
63.808435,264.287,60.175,0.834
63.820045,263.128,60.099,0.851
63.831655,262.761,60.075,0.863
63.843265,262.696,60.071,0.864
63.854875,262.619,60.066,0.868
63.866485,262.617,60.065,0.868
63.878095,261.633,60.000,0.863
63.889705,259.753,59.876,0.858
63.901315,258.379,59.784,0.853
63.912925,239.820,58.493,0.855
63.924535,239.569,58.475,0.851
63.936145,239.924,58.501,0.859
63.947755,239.668,58.482,0.852
63.959365,239.831,58.494,0.850
63.970975,240.405,58.536,0.853
63.982585,240.872,58.569,0.847
63.994195,241.425,58.609,0.835
64.005805,239.595,58.477,0.809
64.017415,235.791,58.200,0.792
64.029025,227.979,57.617,0.786
64.040635,230.398,57.799,0.793
64.052245,236.648,58.263,0.788
64.063855,236.283,58.236,0.783
64.075465,235.311,58.165,0.792
64.087075,234.267,58.088,0.811
64.098685,233.269,58.014,0.828
64.110295,232.936,57.989,0.840
64.121905,232.987,57.993,0.845
64.133515,232.638,57.967,0.850
64.145125,231.991,57.919,0.855
64.156735,231.734,57.900,0.846
64.168345,231.549,57.886,0.832
64.179955,231.805,57.905,0.844
64.191565,234.469,58.103,0.869
64.203175,481.813,70.572,0.879
64.214785,481.724,70.568,0.884
64.226395,251.615,59.325,0.882
64.238005,253.051,59.423,0.882
64.249615,252.128,59.360,0.893
64.261224,250.521,59.249,0.906
64.272834,249.841,59.202,0.901
64.284444,249.003,59.144,0.886
64.296054,247.644,59.049,0.883
64.307664,246.293,58.954,0.883
64.319274,245.667,58.910,0.890
64.330884,244.887,58.855,0.895
64.342494,244.308,58.814,0.899
64.354104,244.346,58.817,0.890
64.365714,244.427,58.823,0.876
64.377324,244.544,58.831,0.857
64.388934,244.440,58.824,0.834
64.400544,244.478,58.826,0.806
64.412154,379.007,66.417,0.767
64.423764,811.725,79.602,0.704
64.435374,860.199,80.606,0.559
64.446984,234.999,58.142,0.409
64.458594,244.240,58.810,0.380
64.470204,208.255,56.050,0.697
64.481814,217.471,56.800,0.773
64.493424,221.158,57.091,0.810
64.505034,222.024,57.159,0.817
64.516644,221.992,57.156,0.818
64.528254,221.890,57.148,0.818
64.539864,221.830,57.143,0.818
64.551474,222.491,57.195,0.818
64.563084,228.582,57.662,0.765
64.574694,231.495,57.882,0.686
64.586304,236.150,58.226,0.593
64.597914,237.297,58.310,0.584
64.609524,98.004,43.001,0.616
64.621134,86.112,40.761,0.634
64.632744,288.505,61.693,0.716
64.644354,288.730,61.707,0.759
64.655964,285.245,61.496,0.794
64.667574,278.534,61.084,0.826
64.679184,793.396,79.206,0.847
64.690794,780.543,78.924,0.863
64.702404,780.967,78.933,0.859
64.714014,781.465,78.944,0.856
64.725624,791.171,79.158,0.836
64.737234,792.039,79.177,0.815
64.748844,776.002,78.823,0.785
64.760454,246.744,58.986,0.733
64.772063,238.545,58.401,0.650
64.783673,194.982,54.910,0.651
64.795283,100.616,43.456,0.751
64.806893,81.384,39.784,0.781
64.818503,112.554,45.397,0.803
64.830113,112.477,45.385,0.811
64.841723,108.786,44.808,0.815
64.853333,108.521,44.766,0.817
64.864943,107.755,44.643,0.819
64.876553,227.941,57.614,0.789
64.888163,225.858,57.455,0.722
64.899773,208.951,56.108,0.670
64.911383,193.796,54.804,0.635
64.922993,208.706,56.088,0.684
64.934603,85.865,40.712,0.730
64.946213,278.807,61.101,0.773
64.957823,280.070,61.179,0.817
64.969433,276.827,60.978,0.840
64.981043,859.111,80.584,0.859
64.992653,120.543,46.584,0.882
65.004263,120.011,46.508,0.895
65.015873,904.096,81.468,0.901
65.027483,909.475,81.570,0.899
65.039093,925.324,81.869,0.885
65.050703,237.307,58.311,0.860
65.062313,237.218,58.305,0.842
65.073923,236.601,58.259,0.821
65.085533,235.190,58.156,0.785
65.097143,233.451,58.027,0.774
65.108753,219.467,56.958,0.769
65.120363,218.099,56.850,0.790
65.131973,218.966,56.918,0.810
65.143583,218.991,56.920,0.822
65.155193,218.797,56.905,0.837
65.166803,219.468,56.958,0.857
65.178413,219.013,56.922,0.867
65.190023,220.524,57.041,0.861
65.201633,232.853,57.983,0.860
65.213243,234.745,58.123,0.854
65.224853,235.203,58.157,0.868
65.236463,261.479,59.990,0.875
65.248073,261.218,59.973,0.883
65.259683,260.705,59.939,0.882
65.271293,259.838,59.881,0.892
65.282902,257.749,59.742,0.905
65.294512,255.147,59.566,0.910
65.306122,251.292,59.302,0.909
65.317732,248.181,59.087,0.898
65.329342,246.996,59.004,0.893
65.340952,245.424,58.893,0.883
65.352562,243.907,58.786,0.875
65.364172,242.041,58.653,0.860
65.375782,239.971,58.504,0.838
65.387392,237.240,58.306,0.811
65.399002,235.382,58.170,0.786
65.410612,234.493,58.104,0.773
65.422222,232.929,57.989,0.761
65.433832,231.901,57.912,0.748
65.445442,231.007,57.845,0.730
65.457052,223.735,57.291,0.710
65.468662,211.961,56.356,0.689
65.480272,188.623,54.336,0.679
65.491882,278.843,61.103,0.684
65.503492,278.857,61.104,0.687
65.515102,279.194,61.125,0.721
65.526712,288.431,61.689,0.733
65.538322,278.112,61.058,0.758
65.549932,276.533,60.959,0.779
65.561542,273.903,60.794,0.797
65.573152,272.331,60.694,0.810
65.584762,270.528,60.579,0.826
65.596372,268.561,60.453,0.844
65.607982,265.485,60.254,0.854
65.619592,970.429,82.693,0.869
65.631202,1002.273,83.252,0.872
65.642812,203.189,55.624,0.875
65.654422,202.175,55.537,0.876
65.666032,200.864,55.425,0.880
65.677642,237.421,58.319,0.886
65.689252,235.131,58.152,0.885
65.700862,233.496,58.031,0.879
65.712472,232.347,57.945,0.874
65.724082,231.532,57.885,0.868
65.735692,115.394,45.829,0.861
65.747302,114.895,45.754,0.850
65.758912,114.332,45.669,0.840
65.770522,211.825,56.344,0.829
65.782132,209.292,56.136,0.819
65.793741,206.509,55.904,0.822
65.805351,204.183,55.708,0.826
65.816961,204.179,55.708,0.831
65.828571,94.512,42.373,0.855
65.840181,168.338,52.366,0.876
65.851791,169.459,52.481,0.885
65.863401,171.014,52.639,0.889
65.875011,342.070,64.641,0.897
65.886621,342.865,64.682,0.896
65.898231,343.463,64.712,0.895
65.909841,343.164,64.697,0.896
65.921451,342.080,64.642,0.888
65.933061,341.652,64.620,0.877
65.944671,339.832,64.528,0.878
65.956281,337.392,64.403,0.878
65.967891,333.721,64.214,0.875
65.979501,330.586,64.050,0.870
65.991111,327.290,63.877,0.859
66.002721,324.565,63.732,0.846
66.014331,321.793,63.584,0.827
66.025941,322.388,63.616,0.812
66.037551,673.280,76.364,0.782
66.049161,667.485,76.215,0.746
66.060771,673.697,76.375,0.739
66.072381,173.266,52.866,0.762
66.083991,208.339,56.057,0.788
66.095601,208.297,56.054,0.804
66.107211,207.410,55.980,0.821
66.118821,231.172,57.858,0.843
66.130431,245.065,58.868,0.863
66.142041,247.615,59.047,0.883
66.153651,248.470,59.107,0.889
66.165261,248.817,59.131,0.886
66.176871,248.435,59.104,0.889
66.188481,247.983,59.073,0.891
66.200091,248.047,59.077,0.882
66.211701,248.356,59.099,0.866
66.223311,248.081,59.080,0.850
66.234921,247.044,59.007,0.829
66.246531,245.604,58.906,0.828
66.258141,244.865,58.854,0.833
66.269751,244.761,58.846,0.827
66.281361,245.088,58.870,0.826
66.292971,245.337,58.887,0.842
66.304580,245.237,58.880,0.856
66.316190,245.066,58.868,0.864
66.327800,244.889,58.856,0.868
66.339410,244.424,58.823,0.857
66.351020,243.456,58.754,0.851
66.362630,242.458,58.683,0.857
66.374240,241.405,58.607,0.861
66.385850,239.731,58.487,0.855
66.397460,238.100,58.369,0.853
66.409070,237.157,58.300,0.848
66.420680,235.874,58.206,0.839
66.432290,232.841,57.982,0.825
66.443900,228.363,57.646,0.801
66.455510,223.798,57.296,0.755
66.467120,220.329,57.026,0.706
66.478730,216.379,56.713,0.664
66.490340,212.146,56.371,0.568
66.501950,232.643,57.967,0.526
66.513560,324.864,63.748,0.553
66.525170,325.343,63.773,0.585
66.536780,691.090,76.816,0.617
66.548390,326.366,63.828,0.641
66.560000,691.514,76.827,0.658
66.571610,762.942,78.529,0.672
66.583220,93.506,42.187,0.682
66.594830,243.096,58.728,0.692
66.606440,246.774,58.988,0.721
66.618050,271.531,60.643,0.752
66.629660,272.907,60.731,0.772
66.641270,272.100,60.680,0.787
66.652880,270.643,60.587,0.803
66.664490,268.937,60.477,0.817
66.676100,136.284,48.709,0.827
66.687710,136.242,48.704,0.833
66.699320,271.265,60.626,0.831
66.710930,266.642,60.329,0.822
66.722540,263.217,60.105,0.812
66.734150,261.421,59.986,0.803
66.745760,579.841,73.778,0.791
66.757370,580.253,73.790,0.777
66.768980,219.466,56.958,0.764
66.780590,239.392,58.462,0.741
66.792200,473.309,70.263,0.712
66.803810,469.524,70.124,0.681
66.815420,471.536,70.198,0.652
66.827029,471.277,70.189,0.612
66.838639,585.784,73.954,0.565
66.850249,404.616,67.549,0.701
66.861859,389.947,66.909,0.774
66.873469,235.498,58.179,0.824
66.885079,237.521,58.327,0.862
66.896689,239.093,58.441,0.892
66.908299,241.315,58.601,0.913
66.919909,242.959,58.718,0.928
66.931519,243.975,58.791,0.939
66.943129,244.535,58.830,0.934
66.954739,246.788,58.989,0.918
66.966349,248.990,59.143,0.906
66.977959,251.087,59.288,0.902
66.989569,251.173,59.294,0.891
67.001179,249.010,59.144,0.888
67.012789,246.534,58.971,0.884
67.024399,244.495,58.828,0.878
67.036009,243.548,58.760,0.865
67.047619,243.440,58.753,0.862
67.059229,242.648,58.696,0.848
67.070839,241.256,58.597,0.813
67.082449,240.346,58.531,0.782
67.094059,240.176,58.519,0.718
67.105669,239.401,58.463,0.634
67.117279,230.210,57.785,0.491
67.128889,174.157,52.955,0.432
67.140499,251.181,59.295,0.555
67.152109,234.111,58.076,0.724
67.163719,233.287,58.015,0.798
67.175329,232.351,57.946,0.825
67.186939,232.144,57.930,0.831
67.198549,232.138,57.930,0.845
67.210159,231.759,57.901,0.862
67.221769,231.713,57.898,0.875
67.233379,231.821,57.906,0.881
67.244989,231.624,57.891,0.867
67.256599,232.271,57.940,0.853
67.268209,234.848,58.131,0.855
67.279819,235.682,58.192,0.863
67.291429,248.432,59.104,0.872
67.303039,275.320,60.883,0.874
67.314649,274.524,60.833,0.872
67.326259,274.069,60.804,0.868
67.337868,272.281,60.691,0.869
67.349478,263.985,60.155,0.880
67.361088,260.791,59.945,0.885
67.372698,256.352,59.647,0.903
67.384308,255.086,59.562,0.900
67.395918,254.768,59.540,0.895
67.407528,253.766,59.472,0.888
67.419138,252.777,59.404,0.882
67.430748,251.260,59.300,0.871
67.442358,248.991,59.143,0.852
67.453968,246.269,58.953,0.837
67.465578,244.584,58.834,0.807
67.477188,242.452,58.682,0.795
67.488798,241.474,58.612,0.795
67.500408,240.738,58.560,0.801
67.512018,240.199,58.521,0.812
67.523628,239.774,58.490,0.819
67.535238,216.897,56.754,0.807
67.546848,214.742,56.581,0.787
67.558458,209.279,56.135,0.774
67.570068,205.842,55.848,0.774
67.581678,189.673,54.432,0.785
67.593288,206.099,55.870,0.801
67.604898,226.930,57.537,0.810
67.616508,253.174,59.431,0.829
67.628118,255.271,59.574,0.841
67.639728,255.654,59.600,0.848
67.651338,255.808,59.611,0.845
67.662948,256.305,59.644,0.836
67.674558,257.110,59.699,0.817
67.686168,257.162,59.702,0.794
67.697778,257.078,59.696,0.779
67.709388,233.136,58.004,0.778
67.720998,233.684,58.045,0.778
67.732608,232.601,57.964,0.790
67.744218,231.980,57.918,0.801
67.755828,231.902,57.912,0.799
67.767438,231.949,57.916,0.796
67.779048,232.215,57.935,0.791
67.790658,232.887,57.986,0.780
67.802268,228.365,57.646,0.734
67.813878,221.320,57.104,0.707
67.825488,220.316,57.025,0.667
67.837098,168.235,52.356,0.632
67.848707,168.269,52.359,0.651
67.860317,97.638,42.936,0.668
67.871927,97.635,42.936,0.688
67.883537,97.640,42.936,0.703
67.895147,97.648,42.938,0.708
67.906757,289.431,61.749,0.723
67.918367,276.868,60.980,0.753
67.929977,278.374,61.074,0.778
67.941587,278.585,61.087,0.798
67.953197,278.776,61.099,0.815
67.964807,276.922,60.984,0.831
67.976417,275.188,60.875,0.854
67.988027,272.440,60.701,0.870
67.999637,270.886,60.602,0.878
68.011247,266.324,60.308,0.883
68.022857,257.697,59.738,0.883
68.034467,205.302,55.803,0.890
68.046077,248.590,59.115,0.893
68.057687,247.417,59.033,0.892
68.069297,244.964,58.861,0.885
68.080907,244.957,58.860,0.884
68.092517,244.340,58.817,0.887
68.104127,241.654,58.625,0.869
68.115737,176.489,53.185,0.856
68.127347,211.824,56.344,0.834
68.138957,211.007,56.277,0.817
68.150567,208.454,56.067,0.813
68.162177,206.755,55.925,0.808
68.173787,172.804,52.820,0.793
68.185397,187.706,54.252,0.776
68.197007,189.917,54.454,0.796
68.208617,592.846,74.162,0.818
68.220227,610.724,74.676,0.837
68.231837,628.845,75.182,0.861
68.243447,646.333,75.657,0.880
68.255057,659.701,76.012,0.895
68.266667,673.979,76.382,0.908
68.278277,682.987,76.612,0.915
68.289887,689.332,76.772,0.920
68.301497,693.533,76.878,0.924
68.313107,344.626,64.770,0.925
68.324717,344.708,64.774,0.923
68.336327,343.899,64.734,0.914
68.347937,689.527,76.777,0.908
68.359546,680.206,76.542,0.898
68.371156,676.926,76.458,0.882
68.382766,671.587,76.321,0.864
68.394376,666.721,76.195,0.839
68.405986,660.902,76.043,0.812
68.417596,654.260,75.868,0.776
68.429206,650.323,75.764,0.729
68.440816,660.925,76.044,0.704
68.452426,854.597,80.493,0.744
68.464036,234.891,58.134,0.807
68.475646,236.972,58.287,0.848
68.487256,238.773,58.418,0.877
68.498866,750.475,78.244,0.900
68.510476,758.077,78.418,0.924
68.522086,760.728,78.479,0.947
68.533696,247.975,59.072,0.959
68.545306,249.090,59.150,0.962
68.556916,249.918,59.207,0.954
68.568526,251.027,59.284,0.939
68.580136,251.374,59.308,0.933
68.591746,250.571,59.253,0.934
68.603356,250.022,59.215,0.923
68.614966,249.933,59.208,0.909
68.626576,250.632,59.257,0.898
68.638186,251.494,59.316,0.887
68.649796,250.487,59.247,0.896
68.661406,249.598,59.185,0.905
68.673016,249.545,59.182,0.899
68.684626,249.013,59.145,0.878
68.696236,247.177,59.016,0.866
68.707846,244.246,58.810,0.854
68.719456,239.292,58.455,0.850
68.731066,234.918,58.136,0.849
68.742676,234.863,58.132,0.847
68.754286,236.577,58.258,0.849
68.765896,235.785,58.200,0.853
68.777506,235.031,58.144,0.855
68.789116,235.314,58.165,0.851
68.800726,235.674,58.191,0.841
68.812336,235.747,58.197,0.817
68.823946,235.216,58.158,0.783
68.835556,229.840,57.758,0.728
68.847166,223.930,57.307,0.677
68.858776,691.301,76.822,0.624
68.870385,690.019,76.790,0.594
68.881995,690.087,76.791,0.614
68.893605,691.890,76.836,0.637
68.905215,691.575,76.829,0.654
68.916825,693.130,76.867,0.674
68.928435,765.027,78.576,0.688
68.940045,242.361,58.676,0.696
68.951655,270.307,60.565,0.721
68.963265,277.514,61.021,0.750
68.974875,278.619,61.089,0.774
68.986485,279.212,61.126,0.791
68.998095,278.938,61.109,0.813
69.009705,278.306,61.070,0.827
69.021315,277.725,61.034,0.838
69.032925,278.226,61.065,0.845
69.044535,278.947,61.110,0.843
69.056145,279.383,61.137,0.835
69.067755,279.084,61.118,0.827
69.079365,279.167,61.124,0.820
69.090975,755.827,78.367,0.796
69.102585,758.752,78.433,0.770
69.114195,757.353,78.402,0.741
69.125805,757.107,78.396,0.707
69.137415,757.249,78.399,0.670
69.149025,758.066,78.418,0.628
69.160635,767.509,78.632,0.567
69.172245,766.915,78.619,0.527
69.183855,782.645,78.970,0.630
69.195465,241.007,58.579,0.716
69.207075,242.033,58.652,0.759
69.218685,241.932,58.645,0.782
69.230295,241.945,58.646,0.791
69.241905,241.925,58.645,0.796
69.253515,241.913,58.644,0.798
69.265125,242.018,58.651,0.796
69.276735,243.101,58.729,0.780
69.288345,243.484,58.756,0.745
69.299955,220.179,57.014,0.706
69.311565,206.203,55.879,0.677
69.323175,249.088,59.150,0.686
69.334785,269.456,60.511,0.731
69.346395,267.367,60.376,0.775
69.358005,267.356,60.375,0.826
69.369615,266.877,60.344,0.851
69.381224,265.864,60.278,0.857
69.392834,265.000,60.222,0.867
69.404444,264.063,60.161,0.879
69.416054,263.130,60.099,0.889
69.427664,261.333,59.981,0.884
69.439274,258.391,59.785,0.880
69.450884,251.222,59.298,0.862
69.462494,244.047,58.796,0.860
69.474104,242.189,58.664,0.878
69.485714,239.693,58.484,0.883
69.497324,237.758,58.344,0.874
69.508934,237.725,58.341,0.860
69.520544,237.795,58.347,0.851
69.532154,237.597,58.332,0.834
69.543764,236.967,58.286,0.813
69.555374,234.323,58.092,0.776
69.566984,225.553,57.432,0.706
69.578594,218.165,56.855,0.630
69.590204,101.643,43.632,0.578
69.601814,84.516,40.437,0.564
69.613424,137.825,48.904,0.559
69.625034,83.804,40.291,0.566
69.636644,83.799,40.290,0.575
69.648254,313.453,63.129,0.641
69.659864,299.899,62.364,0.709
69.671474,291.352,61.863,0.748
69.683084,289.088,61.728,0.771
69.694694,286.857,61.594,0.794
69.706304,285.412,61.507,0.817
69.717914,283.680,61.401,0.842
69.729524,281.829,61.288,0.864
69.741134,279.369,61.136,0.875
69.752744,276.359,60.948,0.883
69.764354,273.218,60.751,0.894
69.775964,268.977,60.480,0.908
69.787574,399.346,67.322,0.916
69.799184,396.598,67.202,0.920
69.810794,390.424,66.930,0.922
69.822404,744.317,78.101,0.925
69.834014,735.350,77.891,0.923
69.845624,247.267,59.023,0.914
69.857234,245.124,58.872,0.894
69.868844,242.510,58.687,0.868
69.880454,240.286,58.527,0.842
69.892063,239.445,58.466,0.812
69.903673,242.113,58.658,0.769
69.915283,246.061,58.938,0.705
69.926893,246.190,58.947,0.683
69.938503,282.881,61.352,0.740
69.950113,294.131,62.027,0.774
69.961723,283.733,61.404,0.804
69.973333,276.324,60.946,0.831
69.984943,275.018,60.864,0.856
69.996553,274.767,60.848,0.884
70.008163,275.196,60.875,0.896
70.019773,274.633,60.840,0.901
70.031383,550.221,72.870,0.895
70.042993,545.699,72.727,0.885
70.054603,544.970,72.704,0.874
70.066213,551.935,72.924,0.870
70.077823,557.758,73.106,0.863
70.089433,564.674,73.319,0.839
70.101043,271.936,60.669,0.816
70.112653,242.185,58.663,0.785
70.124263,242.905,58.715,0.747
70.135873,242.910,58.715,0.739
70.147483,242.771,58.705,0.727
70.159093,242.080,58.656,0.674
70.170703,280.233,61.189,0.616
70.182313,185.177,54.017,0.629
70.193923,283.495,61.390,0.700
70.205533,282.464,61.327,0.723
70.217143,282.405,61.323,0.742
70.228753,282.686,61.340,0.755
70.240363,283.070,61.364,0.772
70.251973,283.544,61.393,0.783
70.263583,285.519,61.513,0.797
70.275193,286.008,61.543,0.805
70.286803,286.155,61.552,0.808
70.298413,280.369,61.198,0.828
70.310023,278.364,61.074,0.832
70.321633,277.747,61.035,0.826
70.333243,277.149,60.998,0.816
70.344853,276.322,60.946,0.809
70.356463,273.576,60.773,0.790
70.368073,268.742,60.465,0.766
70.379683,263.617,60.131,0.748
70.391293,89.537,41.437,0.732
70.402902,241.173,58.591,0.736
70.414512,247.859,59.064,0.793
70.426122,248.660,59.120,0.835
70.437732,249.815,59.200,0.864
70.449342,251.565,59.321,0.877
70.460952,251.941,59.347,0.883
70.472562,251.781,59.336,0.880
70.484172,252.305,59.372,0.873
70.495782,253.071,59.424,0.873
70.507392,251.547,59.320,0.861
70.519002,250.205,59.227,0.845
70.530612,245.856,58.924,0.828
70.542222,244.015,58.794,0.819
70.553832,243.231,58.738,0.814
70.565442,243.121,58.730,0.812
70.577052,243.426,58.752,0.807
70.588662,243.410,58.751,0.791
70.600272,242.988,58.721,0.763
70.611882,241.981,58.649,0.728
70.623492,119.890,46.490,0.681
70.635102,467.098,70.035,0.637
70.646712,572.260,73.550,0.721
70.658322,246.853,58.994,0.771
70.669932,244.274,58.812,0.806
70.681542,243.065,58.726,0.831
70.693152,242.931,58.716,0.834
70.704762,242.896,58.714,0.835
70.716372,242.888,58.713,0.836
70.727982,242.865,58.712,0.836
70.739592,242.069,58.655,0.799
70.751202,240.094,58.513,0.752
70.762812,237.386,58.317,0.688
70.774422,169.477,52.483,0.616
70.786032,174.866,53.025,0.649
70.797642,163.515,51.863,0.668
70.809252,100.699,43.471,0.680
70.820862,249.998,59.213,0.691
70.832472,281.602,61.274,0.736
70.844082,281.850,61.289,0.768
70.855692,282.739,61.344,0.801
70.867302,283.452,61.387,0.814
70.878912,285.180,61.492,0.822
70.890522,284.232,61.435,0.839
70.902132,283.489,61.389,0.850
70.913741,282.640,61.338,0.869
70.925351,281.615,61.275,0.875
70.936961,279.979,61.174,0.882
70.948571,277.246,61.004,0.893
70.960181,273.951,60.797,0.902
70.971791,266.949,60.349,0.912
70.983401,260.270,59.910,0.913
70.995011,257.337,59.714,0.909
71.006621,254.306,59.509,0.895
71.018231,253.379,59.445,0.878
71.029841,251.964,59.349,0.856
71.041451,250.001,59.213,0.814
71.053061,249.350,59.168,0.770
71.064671,243.247,58.739,0.718
71.076281,242.048,58.653,0.698
71.087891,244.677,58.841,0.723
71.099501,83.191,40.164,0.768
71.111111,79.891,39.463,0.826
71.122721,79.891,39.463,0.839
71.134331,82.631,40.047,0.853
71.145941,83.648,40.259,0.878
71.157551,284.063,61.424,0.892
71.169161,283.199,61.372,0.898
71.180771,281.958,61.296,0.896
71.192381,281.143,61.246,0.883
71.203991,280.338,61.196,0.855
71.215601,280.118,61.182,0.847
71.227211,279.131,61.121,0.836
71.238821,277.686,61.031,0.808
71.250431,205.380,55.809,0.763
71.262041,201.091,55.444,0.721
71.273651,197.398,55.123,0.709
71.285261,202.141,55.534,0.731
71.296871,219.605,56.969,0.752
71.308481,220.825,57.065,0.773
71.320091,244.251,58.810,0.803
71.331701,245.365,58.889,0.816
71.343311,247.063,59.009,0.822
71.354921,247.298,59.025,0.818
71.366531,247.769,59.058,0.820
71.378141,248.927,59.139,0.825
71.389751,280.047,61.178,0.845
71.401361,281.043,61.239,0.852
71.412971,280.487,61.205,0.868
71.424580,278.966,61.111,0.874
71.436190,275.469,60.893,0.889
71.447800,270.263,60.562,0.907
71.459410,207.148,55.958,0.918
71.471020,206.660,55.917,0.925
71.482630,974.150,82.760,0.923
71.494240,1002.273,83.252,0.927
71.505850,254.140,59.497,0.912
71.517460,252.821,59.407,0.900
71.529070,251.000,59.282,0.884
71.540680,248.968,59.142,0.868
71.552290,246.436,58.965,0.858
71.563900,244.643,58.838,0.850
71.575510,244.159,58.804,0.836
71.587120,243.905,58.786,0.809
71.598730,244.000,58.793,0.798
71.610340,244.110,58.800,0.800
71.621950,244.121,58.801,0.800
71.633560,244.199,58.807,0.791
71.645170,244.515,58.829,0.762
71.656780,222.811,57.220,0.709
71.668390,202.172,55.537,0.706
71.680000,202.900,55.599,0.737
71.691610,225.898,57.458,0.765
71.703220,228.451,57.653,0.799
71.714830,228.488,57.655,0.809
71.726440,228.412,57.650,0.819
71.738050,228.287,57.640,0.839
71.749660,227.938,57.614,0.858
71.761270,228.389,57.648,0.863
71.772880,228.804,57.679,0.864
71.784490,228.015,57.619,0.857
71.796100,227.180,57.556,0.845
71.807710,228.322,57.643,0.849
71.819320,229.776,57.753,0.857
71.830930,231.871,57.910,0.867
71.842540,233.396,58.023,0.868
71.854150,252.091,59.357,0.873
71.865760,262.068,60.029,0.882
71.877370,265.959,60.284,0.891
71.888980,265.327,60.243,0.903
71.900590,263.831,60.145,0.912
71.912200,263.042,60.093,0.915
71.923810,264.939,60.218,0.912
71.935420,267.582,60.390,0.913
71.947029,269.038,60.484,0.908
71.958639,392.938,67.042,0.892
71.970249,389.971,66.910,0.875
71.981859,390.496,66.934,0.850
71.993469,1002.273,83.252,0.816
72.005079,283.671,61.401,0.781
72.016689,905.082,81.487,0.730
72.028299,197.618,55.143,0.657
72.039909,692.654,76.856,0.583
72.051519,239.902,58.499,0.550
72.063129,267.058,60.356,0.571
72.074739,266.898,60.345,0.583
72.086349,266.833,60.341,0.587
72.097959,266.814,60.340,0.588
72.109569,266.796,60.339,0.587
72.121179,266.836,60.341,0.584
72.132789,119.246,46.397,0.584
72.144399,263.572,60.128,0.697
72.156009,256.046,59.627,0.751
72.167619,246.633,58.978,0.796
72.179229,242.039,58.653,0.810
72.190839,241.969,58.648,0.812
72.202449,241.868,58.641,0.812
72.214059,241.957,58.647,0.812
72.225669,241.413,58.608,0.806
72.237279,235.941,58.211,0.764
72.248889,233.331,58.018,0.710
72.260499,228.801,57.679,0.584
72.272109,232.981,57.992,0.581
72.283719,276.759,60.974,0.680
72.295329,265.397,60.248,0.747
72.306939,640.415,75.498,0.796
72.318549,241.351,58.604,0.824
72.330159,239.985,58.505,0.842
72.341769,239.305,58.456,0.848
72.353379,239.163,58.446,0.852
72.364989,238.448,58.394,0.849
72.376599,237.186,58.302,0.841
72.388209,235.850,58.204,0.833
72.399819,230.622,57.816,0.817
72.411429,224.188,57.326,0.799
72.423039,220.730,57.057,0.805
72.434649,221.208,57.095,0.842
72.446259,224.931,57.384,0.862
72.457868,225.748,57.446,0.877
72.469478,225.218,57.406,0.898
72.481088,224.839,57.377,0.901
72.492698,225.346,57.416,0.910
72.504308,225.443,57.423,0.922
72.515918,226.185,57.480,0.920
72.527528,226.983,57.541,0.912
72.539138,227.370,57.570,0.905
72.550748,228.827,57.681,0.901
72.562358,229.700,57.747,0.886
72.573968,230.216,57.786,0.887
72.585578,230.665,57.820,0.882
72.597188,231.337,57.870,0.875
72.608798,656.626,75.931,0.871
72.620408,662.637,76.089,0.866
72.632018,175.887,53.126,0.875
72.643628,176.090,53.146,0.876
72.655238,176.163,53.153,0.879
72.666848,864.286,80.688,0.878
72.678458,858.583,80.573,0.878
72.690068,864.468,80.692,0.882
72.701678,847.707,80.353,0.886
72.713288,853.586,80.472,0.888
72.724898,846.001,80.318,0.876
72.736508,491.616,70.920,0.868
72.748118,492.010,70.934,0.861
72.759728,489.917,70.860,0.851
72.771338,487.046,70.759,0.848
72.782948,481.099,70.546,0.838
72.794558,471.078,70.182,0.840
72.806168,148.824,50.233,0.831
72.817778,148.883,50.240,0.831
72.829388,135.215,48.573,0.831
72.840998,179.837,53.510,0.826
72.852608,99.865,43.327,0.842
72.864218,310.252,62.951,0.872
72.875828,311.628,63.028,0.881
72.887438,312.519,63.077,0.894
72.899048,311.317,63.011,0.919
72.910658,310.874,62.986,0.943
72.922268,310.843,62.984,0.956
72.933878,310.665,62.974,0.955
72.945488,310.332,62.956,0.951
72.957098,310.273,62.952,0.937
72.968707,310.686,62.975,0.929
72.980317,311.506,63.021,0.913
72.991927,313.331,63.122,0.891
73.003537,317.188,63.334,0.860
73.015147,322.676,63.631,0.840
73.026757,326.225,63.820,0.848
73.038367,329.212,63.978,0.855
73.049977,330.738,64.058,0.861
73.061587,331.223,64.084,0.882
73.073197,331.226,64.084,0.897
73.084807,331.261,64.086,0.901
73.096417,331.175,64.081,0.896
73.108027,330.817,64.062,0.891
73.119637,330.289,64.035,0.888
73.131247,330.084,64.024,0.888
73.142857,330.695,64.056,0.884
73.154467,332.503,64.150,0.873
73.166077,334.373,64.247,0.867
73.177687,335.540,64.308,0.867
73.189297,335.487,64.305,0.877
73.200907,335.285,64.295,0.889
73.212517,334.643,64.261,0.903
73.224127,334.201,64.239,0.911
73.235737,333.550,64.205,0.915
73.247347,333.033,64.178,0.912
73.258957,332.499,64.150,0.903
73.270567,332.066,64.128,0.890
73.282177,331.612,64.104,0.879
73.293787,331.358,64.091,0.866
73.305397,331.723,64.110,0.852
73.317007,332.559,64.153,0.842
73.328617,332.789,64.165,0.837
73.340227,332.199,64.135,0.846
73.351837,331.251,64.085,0.866
73.363447,330.537,64.048,0.882
73.375057,330.358,64.038,0.885
73.386667,330.089,64.024,0.885
73.398277,329.594,63.998,0.875
73.409887,329.093,63.972,0.858
73.421497,328.688,63.951,0.838
73.433107,328.449,63.938,0.813
73.444717,328.622,63.947,0.786
73.456327,330.138,64.027,0.776
73.467937,333.408,64.197,0.795
73.479546,334.861,64.273,0.817
73.491156,334.781,64.269,0.846
73.502766,334.084,64.232,0.870
73.514376,333.368,64.195,0.887
73.525986,332.842,64.168,0.896
73.537596,332.284,64.139,0.895
73.549206,331.512,64.099,0.882
73.560816,330.451,64.043,0.863
73.572426,329.436,63.990,0.839
73.584036,328.730,63.953,0.805
73.595646,328.618,63.947,0.771
73.607256,329.836,64.011,0.729
73.618866,331.543,64.100,0.694
73.630476,331.763,64.112,0.690
73.642086,330.757,64.059,0.712
73.653696,330.149,64.027,0.738
73.665306,329.803,64.009,0.758
73.676916,329.643,64.001,0.756
73.688526,329.162,63.976,0.741
73.700136,328.503,63.941,0.722
73.711746,327.932,63.911,0.704
73.723356,327.199,63.872,0.687
73.734966,325.203,63.766,0.664
73.746576,326.739,63.848,0.652
73.758186,329.771,64.008,0.677
73.769796,330.158,64.028,0.728
73.781406,330.180,64.029,0.771
73.793016,330.151,64.027,0.798
73.804626,330.146,64.027,0.816
73.816236,330.113,64.025,0.828
73.827846,330.125,64.026,0.837
73.839456,330.202,64.030,0.839
73.851066,330.013,64.020,0.832
73.862676,329.850,64.012,0.817
73.874286,329.768,64.007,0.793
73.885896,329.727,64.005,0.773
73.897506,329.586,63.998,0.757
73.909116,329.455,63.991,0.739
73.920726,329.303,63.983,0.717
73.932336,328.303,63.930,0.690
73.943946,328.379,63.934,0.671
73.955556,332.850,64.168,0.679
73.967166,333.092,64.181,0.689
73.978776,319.442,63.457,0.702
73.990385,319.278,63.448,0.705
74.001995,164.368,51.953,0.720
74.013605,108.005,44.683,0.733
74.025215,80.722,39.642,0.739
74.036825,82.300,39.978,0.743
74.048435,249.138,59.153,0.770
74.060045,248.590,59.115,0.793
74.071655,248.376,59.100,0.805
74.083265,248.273,59.093,0.821
74.094875,247.914,59.068,0.831
74.106485,247.687,59.052,0.837
74.118095,247.275,59.023,0.845
74.129705,246.985,59.003,0.853
74.141315,246.693,58.983,0.843
74.152925,246.441,58.965,0.834
74.164535,246.054,58.938,0.828
74.176145,245.468,58.896,0.814
74.187755,245.051,58.867,0.802
74.199365,246.498,58.969,0.800
74.210975,248.512,59.110,0.803
74.222585,249.139,59.153,0.806
74.234195,248.738,59.125,0.813
74.245805,248.165,59.086,0.813
74.257415,247.705,59.053,0.811
74.269025,247.454,59.036,0.810
74.280635,247.008,59.005,0.811
74.292245,246.526,58.971,0.809
74.303855,246.296,58.955,0.804
74.315465,246.267,58.953,0.796
74.327075,246.621,58.977,0.784
74.338685,247.371,59.030,0.775
74.350295,248.015,59.075,0.763
74.361905,248.387,59.101,0.752
74.373515,248.809,59.130,0.734
74.385125,249.098,59.151,0.708
74.396735,83.159,40.157,0.670
74.408345,83.091,40.143,0.626
74.419955,83.069,40.139,0.577
74.431565,82.871,40.097,0.508
74.443175,82.751,40.072,0.478
74.454785,165.605,52.083,0.467
74.466395,82.618,40.044,0.453
74.478005,165.462,52.068,0.443
74.489615,165.563,52.079,0.439
74.501224,82.263,39.970,0.431
74.512834,82.408,40.000,0.426
74.524444,82.818,40.086,0.419
74.536054,83.225,40.171,0.414
74.547664,248.064,59.079,0.409
74.559274,248.426,59.104,0.411
74.570884,248.025,59.076,0.409
74.582494,247.573,59.044,0.406
74.594104,247.157,59.015,0.448
74.605714,247.354,59.029,0.496
74.617324,320.282,63.502,0.535
74.628934,246.585,58.975,0.663
74.640544,247.588,59.045,0.702
74.652154,247.994,59.074,0.725
74.663764,248.816,59.131,0.753
74.675374,249.858,59.203,0.782
74.686984,249.478,59.177,0.798
74.698594,249.136,59.153,0.810
74.710204,249.009,59.144,0.816
74.721814,248.748,59.126,0.802
74.733424,248.567,59.114,0.800
74.745034,248.172,59.086,0.799
74.756644,247.609,59.047,0.797
74.768254,247.323,59.027,0.793
74.779864,247.442,59.035,0.794
74.791474,247.832,59.062,0.799
74.803084,247.974,59.072,0.810
74.814694,247.809,59.061,0.822
74.826304,247.631,59.048,0.832
74.837914,247.350,59.029,0.840
74.849524,247.143,59.014,0.852
74.861134,247.284,59.024,0.863
74.872744,247.987,59.073,0.873
74.884354,248.731,59.125,0.879
74.895964,249.621,59.187,0.881
74.907574,251.361,59.307,0.879
74.919184,254.039,59.491,0.872
74.930794,258.896,59.818,0.866
74.942404,266.000,60.287,0.858
74.954014,272.801,60.724,0.846
74.965624,276.369,60.949,0.830
74.977234,277.746,61.035,0.813
74.988844,278.649,61.091,0.796
75.000454,279.257,61.129,0.779
75.012063,279.346,61.135,0.769
75.023673,279.387,61.137,0.752
75.035283,279.400,61.138,0.722
75.046893,279.420,61.139,0.685
75.058503,279.871,61.167,0.662
75.070113,282.409,61.323,0.671
75.081723,309.237,62.895,0.679
75.093333,311.093,62.998,0.687
75.104943,311.325,63.011,0.708
75.116553,311.085,62.998,0.735
75.128163,310.968,62.991,0.748
75.139773,310.726,62.978,0.755
75.151383,310.619,62.972,0.755
75.162993,310.598,62.971,0.740
75.174603,310.349,62.957,0.725
75.186213,300.941,62.424,0.713
75.197823,290.254,61.798,0.698
75.209433,320.004,63.487,0.701
75.221043,319.201,63.444,0.720
75.232653,312.503,63.076,0.738
75.244263,314.277,63.174,0.763
75.255873,313.979,63.158,0.783
75.267483,313.400,63.126,0.803
75.279093,312.907,63.099,0.820
75.290703,312.606,63.082,0.829
75.302313,312.274,63.064,0.826
75.313923,312.044,63.051,0.818
75.325533,311.709,63.032,0.808
75.337143,311.382,63.014,0.794
75.348753,311.472,63.019,0.790
75.360363,311.725,63.033,0.781
75.371973,311.818,63.038,0.764
75.383583,312.232,63.061,0.751
75.395193,312.038,63.051,0.746
75.406803,311.760,63.035,0.746
75.418413,311.701,63.032,0.744
75.430023,311.655,63.029,0.730
75.441633,311.213,63.005,0.700
75.453243,310.612,62.971,0.666
75.464853,309.406,62.904,0.642
75.476463,307.229,62.782,0.640
75.488073,306.218,62.725,0.633
75.499683,314.659,63.195,0.613
75.511293,314.666,63.196,0.694
75.522902,304.623,62.634,0.753
75.534512,301.789,62.472,0.810
75.546122,299.160,62.321,0.828
75.557732,297.492,62.224,0.838
75.569342,294.137,62.028,0.852
75.580952,291.925,61.897,0.857
75.592562,290.054,61.786,0.869
75.604172,288.372,61.685,0.868
75.615782,286.361,61.564,0.857
75.627392,282.865,61.351,0.829
75.639002,284.028,61.422,0.833
75.650612,288.751,61.708,0.835
75.662222,295.543,62.110,0.830
75.673832,301.690,62.467,0.833
75.685442,305.442,62.681,0.825
75.697052,308.787,62.869,0.810
75.708662,310.052,62.940,0.801
75.720272,310.982,62.992,0.795
75.731882,311.775,63.036,0.770
75.743492,311.813,63.038,0.749
75.755102,311.938,63.045,0.717
75.766712,311.957,63.046,0.680
75.778322,311.900,63.043,0.640
75.789932,311.546,63.023,0.619
75.801542,311.347,63.012,0.633
75.813152,312.069,63.052,0.658
75.824762,313.719,63.144,0.690
75.836372,313.831,63.150,0.721
75.847982,313.028,63.105,0.742
75.859592,312.310,63.066,0.750
75.871202,311.967,63.047,0.760
75.882812,311.661,63.030,0.763
75.894422,310.964,62.991,0.762
75.906032,309.745,62.923,0.759
75.917642,308.559,62.857,0.752
75.929252,308.396,62.847,0.743
75.940862,309.192,62.892,0.739
75.952472,310.014,62.938,0.743
75.964082,310.645,62.973,0.744
75.975692,311.071,62.997,0.745
75.987302,311.468,63.019,0.742
75.998912,311.538,63.023,0.737
76.010522,311.464,63.019,0.731
76.022132,311.188,63.003,0.726
76.033741,310.789,62.981,0.727
76.045351,310.562,62.969,0.722
76.056961,310.371,62.958,0.713
76.068571,310.176,62.947,0.702
76.080181,309.891,62.931,0.691
76.091791,309.704,62.921,0.677
76.103401,310.139,62.945,0.698
76.115011,310.684,62.975,0.720
76.126621,312.065,63.052,0.732
76.138231,311.995,63.048,0.752
76.149841,311.120,63.000,0.767
76.161451,310.598,62.971,0.786
76.173061,310.193,62.948,0.799
76.184671,310.034,62.939,0.806
76.196281,309.863,62.929,0.800
76.207891,309.720,62.922,0.792
76.219501,309.381,62.903,0.787
76.231111,309.500,62.909,0.781
76.242721,309.959,62.935,0.783
76.254331,310.291,62.953,0.782
76.265941,310.592,62.970,0.787
76.277551,310.913,62.988,0.799
76.289161,311.152,63.001,0.810
76.300771,311.203,63.004,0.817
76.312381,311.147,63.001,0.821
76.323991,310.825,62.983,0.830
76.335601,310.583,62.970,0.835
76.347211,310.299,62.954,0.838
76.358821,309.877,62.930,0.832
76.370431,309.301,62.898,0.818
76.382041,308.196,62.836,0.821
76.393651,288.613,61.700,0.827
76.405261,273.552,60.772,0.848
76.416871,259.738,59.875,0.860
76.428481,252.640,59.395,0.867
76.440091,248.894,59.136,0.875
76.451701,248.430,59.104,0.885
76.463311,248.275,59.093,0.897
76.474921,247.840,59.063,0.895
76.486531,247.400,59.032,0.890
76.498141,247.229,59.020,0.874
76.509751,247.338,59.028,0.862
76.521361,247.551,59.043,0.853
76.532971,247.700,59.053,0.845
76.544580,248.155,59.085,0.844
76.556190,249.000,59.144,0.838
76.567800,250.560,59.252,0.839
76.579410,250.276,59.232,0.846
76.591020,249.258,59.162,0.850
76.602630,248.263,59.092,0.846
76.614240,247.580,59.045,0.840
76.625850,247.087,59.010,0.832
76.637460,246.784,58.989,0.818
76.649070,246.500,58.969,0.810
76.660680,246.442,58.965,0.800
76.672290,246.892,58.997,0.783
76.683900,247.460,59.036,0.759
76.695510,248.234,59.090,0.737
76.707120,249.092,59.150,0.718
76.718730,250.156,59.224,0.693
76.730340,250.721,59.263,0.666
76.741950,250.870,59.273,0.627
76.753560,250.157,59.224,0.559
76.765170,248.821,59.131,0.472
76.776780,248.269,59.093,0.439
76.788390,124.121,47.091,0.419
76.800000,248.335,59.097,0.409
76.811610,248.534,59.111,0.391
76.823220,248.417,59.103,0.385
76.834830,248.402,59.102,0.387
76.846440,248.748,59.126,0.393
76.858050,248.659,59.120,0.396
76.869660,248.220,59.089,0.396
76.881270,248.025,59.076,0.397
76.892880,247.376,59.030,0.394
76.904490,247.119,59.012,0.395
76.916100,247.369,59.030,0.400
76.927710,247.324,59.027,0.394
76.939320,247.413,59.033,0.385
76.950930,247.239,59.021,0.407
76.962540,247.295,59.025,0.435
76.974150,242.700,58.700,0.571
76.985760,240.850,58.568,0.657
76.997370,237.439,58.321,0.700
77.008980,240.137,58.516,0.732
77.020590,252.449,59.382,0.761
77.032200,251.382,59.309,0.784
77.043810,250.126,59.222,0.809
77.055420,249.205,59.158,0.823
77.067029,249.039,59.146,0.820
77.078639,248.721,59.124,0.812
77.090249,248.710,59.124,0.809
77.101859,248.301,59.095,0.801
77.113469,247.722,59.055,0.789
77.125079,247.326,59.027,0.776
77.136689,248.261,59.092,0.749
77.148299,250.089,59.219,0.720
77.159909,251.110,59.290,0.703
77.171519,252.056,59.355,0.679
77.183129,252.935,59.415,0.638
77.194739,252.813,59.407,0.599
77.206349,250.691,59.261,0.566
77.217959,247.682,59.052,0.530
77.229569,247.932,59.069,0.521
77.241179,247.724,59.055,0.556
77.252789,247.783,59.059,0.581
77.264399,247.814,59.061,0.594
77.276009,247.855,59.064,0.624
77.287619,247.589,59.045,0.689
77.299229,247.416,59.033,0.733
77.310839,247.123,59.013,0.755
77.322449,246.882,58.996,0.778
77.334059,246.591,58.975,0.793
77.345669,245.651,58.909,0.800
77.357279,245.631,58.908,0.804
77.368889,245.751,58.916,0.803
77.380499,246.020,58.935,0.785
77.392109,246.345,58.958,0.764
77.403719,247.048,59.007,0.752
77.415329,247.474,59.037,0.728
77.426939,248.376,59.100,0.693
77.438549,274.622,60.839,0.669
77.450159,275.550,60.898,0.661
77.461769,276.058,60.930,0.661
77.473379,276.467,60.955,0.668
77.484989,276.787,60.975,0.674
77.496599,276.889,60.982,0.667
77.508209,276.959,60.986,0.674
77.519819,276.891,60.982,0.695
77.531429,276.875,60.981,0.707
77.543039,276.778,60.975,0.715
77.554649,276.559,60.961,0.723
77.566259,276.649,60.967,0.736
77.577868,276.732,60.972,0.743
77.589478,277.023,60.990,0.756
77.601088,277.506,61.020,0.759
77.612698,278.066,61.055,0.762
77.624308,278.394,61.075,0.760
77.635918,278.732,61.097,0.753
77.647528,278.801,61.101,0.746
77.659138,278.782,61.100,0.727
77.670748,278.850,61.104,0.708
77.682358,278.866,61.105,0.679
77.693968,279.761,61.160,0.657
77.705578,280.596,61.212,0.679
77.717188,314.164,63.168,0.745
77.728798,315.078,63.218,0.782
77.740408,314.450,63.184,0.805
77.752018,313.770,63.146,0.820
77.763628,313.104,63.110,0.835
77.775238,312.589,63.081,0.847
77.786848,312.253,63.063,0.858
77.798458,311.867,63.041,0.858
77.810068,310.756,62.979,0.849
77.821678,310.110,62.943,0.841
77.833288,309.636,62.917,0.838
77.844898,309.791,62.926,0.843
77.856508,309.797,62.926,0.852
77.868118,310.002,62.937,0.861
77.879728,310.103,62.943,0.875
77.891338,310.307,62.954,0.885
77.902948,310.492,62.965,0.893
77.914558,310.791,62.981,0.905
77.926168,310.948,62.990,0.911
77.937778,311.131,63.000,0.919
77.949388,311.296,63.009,0.925
77.960998,311.289,63.009,0.930
77.972608,311.253,63.007,0.931
77.984218,311.286,63.009,0.929
77.995828,311.253,63.007,0.925
78.007438,311.193,63.004,0.920
78.019048,311.106,62.999,0.914
78.030658,310.968,62.991,0.908
78.042268,310.804,62.982,0.899
78.053878,310.744,62.979,0.886
78.065488,310.676,62.975,0.877
78.077098,310.626,62.972,0.871
78.088707,310.287,62.953,0.871
78.100317,310.058,62.940,0.859
78.111927,309.864,62.930,0.845
78.123537,309.651,62.918,0.821
78.135147,309.476,62.908,0.795
78.146757,309.189,62.892,0.779
78.158367,311.386,63.014,0.758
78.169977,315.169,63.223,0.743
78.181587,334.488,64.253,0.753
78.193197,334.888,64.274,0.809
78.204807,333.765,64.216,0.847
78.216417,333.167,64.185,0.884
78.228027,332.491,64.150,0.920
78.239637,331.927,64.120,0.942
78.251247,330.851,64.064,0.962
78.262857,329.954,64.017,0.974
78.274467,328.983,63.966,0.971
78.286077,328.352,63.933,0.961
78.297687,327.975,63.913,0.952
78.309297,327.736,63.900,0.937
78.320907,327.598,63.893,0.918
78.332517,327.944,63.911,0.902
78.344127,328.835,63.958,0.882
78.355737,329.339,63.985,0.867
78.367347,329.627,64.000,0.862
78.378957,329.776,64.008,0.862
78.390567,329.675,64.003,0.857
78.402177,329.525,63.995,0.848
78.413787,329.642,64.001,0.831
78.425397,328.771,63.955,0.809
78.437007,327.747,63.901,0.769
78.448617,326.248,63.822,0.722
78.460227,324.452,63.726,0.681
78.471837,320.013,63.487,0.610
78.483447,318.729,63.418,0.579
78.495057,684.873,76.660,0.565
78.506667,318.236,63.391,0.536
78.518277,324.181,63.712,0.503
78.529887,325.001,63.755,0.478
78.541497,326.123,63.815,0.464
78.553107,326.011,63.809,0.456
78.564717,323.899,63.696,0.472
78.576327,320.691,63.524,0.461
78.587937,319.550,63.462,0.475
78.599546,321.135,63.548,0.504
78.611156,322.839,63.640,0.534
78.622766,322.752,63.635,0.564
78.634376,323.630,63.682,0.569
78.645986,323.023,63.650,0.576
78.657596,324.399,63.723,0.578
78.669206,325.122,63.762,0.593
78.680816,326.131,63.815,0.592
78.692426,325.974,63.807,0.578
78.704036,326.241,63.821,0.565
78.715646,328.911,63.962,0.559
78.727256,703.249,77.118,0.592
78.738866,230.245,57.788,0.625
78.750476,231.843,57.908,0.691
78.762086,234.408,58.098,0.732
78.773696,239.086,58.440,0.769
78.785306,246.454,58.966,0.812
78.796916,248.174,59.086,0.843
78.808526,247.723,59.055,0.853
78.820136,247.568,59.044,0.856
78.831746,247.646,59.049,0.856
78.843356,248.176,59.086,0.844
78.854966,248.448,59.105,0.829
78.866576,248.416,59.103,0.810
78.878186,246.730,58.985,0.772
78.889796,245.548,58.902,0.721
78.901406,247.574,59.044,0.697
78.913016,134.686,48.505,0.686
78.924626,135.303,48.584,0.671
78.936236,136.241,48.704,0.656
78.947846,278.103,61.057,0.652
78.959456,277.039,60.991,0.646
78.971066,277.334,61.009,0.626
78.982676,280.167,61.185,0.595
78.994286,300.615,62.405,0.558
79.005896,315.498,63.242,0.497
79.017506,127.915,47.612,0.463
79.029116,228.656,57.668,0.543
79.040726,315.479,63.240,0.557
79.052336,314.226,63.172,0.672
79.063946,281.960,61.296,0.763
79.075556,280.394,61.199,0.813
79.087166,279.677,61.155,0.848
79.098776,279.308,61.132,0.882
79.110385,278.965,61.111,0.915
79.121995,278.541,61.085,0.936
79.133605,278.234,61.066,0.951
79.145215,277.840,61.041,0.954
79.156825,277.303,61.007,0.949
79.168435,277.220,61.002,0.945
79.180045,277.139,60.997,0.940
79.191655,277.159,60.999,0.930
79.203265,277.252,61.004,0.912
79.214875,277.309,61.008,0.895
79.226485,277.287,61.007,0.886
79.238095,277.278,61.006,0.881
79.249705,277.258,61.005,0.880
79.261315,277.187,61.000,0.877
79.272925,277.112,60.996,0.879
79.284535,277.087,60.994,0.881
79.296145,277.141,60.997,0.881
79.307755,277.196,61.001,0.880
79.319365,277.238,61.003,0.876
79.330975,277.275,61.006,0.871
79.342585,277.304,61.008,0.860
79.354195,277.307,61.008,0.848
79.365805,277.415,61.015,0.832
79.377415,277.537,61.022,0.814
79.389025,277.772,61.037,0.796
79.400635,277.988,61.050,0.775
79.412245,278.089,61.057,0.748
79.423855,278.171,61.062,0.724
79.435465,278.386,61.075,0.714
79.447075,278.394,61.075,0.708
79.458685,278.347,61.073,0.699
79.470295,278.314,61.071,0.690
79.481905,276.759,60.974,0.684
79.493515,276.615,60.964,0.681
79.505125,276.883,60.981,0.684
79.516735,137.892,48.912,0.685
79.528345,276.161,60.936,0.681
79.539955,276.112,60.933,0.676
79.551565,276.205,60.939,0.670
79.563175,137.836,48.905,0.669
79.574785,137.828,48.904,0.667
79.586395,137.827,48.904,0.661
79.598005,93.446,42.176,0.660
79.609615,93.452,42.178,0.655
79.621224,275.781,60.912,0.657
79.632834,275.861,60.917,0.658
79.644444,276.034,60.928,0.677
79.656054,302.593,62.519,0.720
79.667664,306.473,62.739,0.750
79.679274,306.942,62.766,0.769
79.690884,307.249,62.783,0.784
79.702494,306.965,62.767,0.796
79.714104,306.827,62.759,0.799
79.725714,306.704,62.752,0.805
79.737324,306.672,62.750,0.811
79.748934,306.497,62.740,0.808
79.760544,306.014,62.713,0.816
79.772154,306.474,62.739,0.830
79.783764,306.809,62.758,0.826
79.795374,307.868,62.818,0.824
79.806984,309.705,62.921,0.828
79.818594,311.990,63.048,0.831
79.830204,316.557,63.300,0.829
79.841814,327.322,63.878,0.822
79.853424,330.069,64.023,0.800
79.865034,331.417,64.094,0.772
79.876644,331.198,64.082,0.768
79.888254,330.651,64.054,0.764
79.899864,330.008,64.020,0.761
79.911474,329.469,63.992,0.756
79.923084,329.265,63.981,0.752
79.934694,329.259,63.981,0.754
79.946304,329.409,63.989,0.764
79.957914,329.666,64.002,0.774
79.969524,329.887,64.014,0.786
79.981134,329.883,64.013,0.796
79.992744,329.774,64.008,0.805
80.004354,329.650,64.001,0.811
80.015964,329.462,63.991,0.819
80.027574,329.296,63.983,0.826
80.039184,329.165,63.976,0.829
80.050794,329.103,63.972,0.831
80.062404,329.044,63.969,0.830
80.074014,329.092,63.972,0.828
80.085624,329.206,63.978,0.827
80.097234,329.339,63.985,0.828
80.108844,329.475,63.992,0.830
80.120454,329.560,63.996,0.831
80.132063,329.601,63.999,0.830
80.143673,329.646,64.001,0.829
80.155283,329.652,64.001,0.830
80.166893,329.581,63.998,0.834
80.178503,329.461,63.991,0.839
80.190113,329.362,63.986,0.845
80.201723,329.292,63.982,0.849
80.213333,329.277,63.982,0.852
80.224943,329.216,63.978,0.857
80.236553,329.190,63.977,0.864
80.248163,329.245,63.980,0.872
80.259773,329.341,63.985,0.876
80.271383,329.423,63.989,0.880
80.282993,329.434,63.990,0.882
80.294603,329.515,63.994,0.883
80.306213,329.575,63.997,0.884
80.317823,329.608,63.999,0.885
80.329433,329.531,63.995,0.884
80.341043,329.438,63.990,0.883
80.352653,329.449,63.991,0.883
80.364263,329.440,63.990,0.884
80.375873,329.463,63.991,0.885
80.387483,329.440,63.990,0.889
80.399093,329.391,63.988,0.897
80.410703,329.411,63.989,0.903
80.422313,329.489,63.993,0.910
80.433923,329.545,63.996,0.915
80.445533,329.615,63.999,0.917
80.457143,329.648,64.001,0.917
80.468753,329.657,64.002,0.911
80.480363,329.810,64.010,0.899
80.491973,330.072,64.023,0.884
80.503583,330.311,64.036,0.867
80.515193,330.847,64.064,0.852
80.526803,331.408,64.093,0.842
80.538413,371.165,66.055,0.843
80.550023,372.083,66.097,0.845
80.561633,371.823,66.085,0.847
80.573243,371.290,66.060,0.852
80.584853,370.753,66.035,0.858
80.596463,370.227,66.011,0.869
80.608073,370.179,66.009,0.866
80.619683,369.891,65.995,0.853
80.631293,369.321,65.968,0.828
80.642902,368.998,65.953,0.803
80.654512,368.981,65.953,0.787
80.666122,369.393,65.972,0.770
80.677732,370.222,66.011,0.738
80.689342,371.722,66.081,0.679
80.700952,371.755,66.082,0.635
80.712562,371.455,66.068,0.615
80.724172,370.212,66.010,0.588
80.735782,322.869,63.641,0.550
80.747392,324.200,63.713,0.505
80.759002,325.052,63.758,0.466
80.770612,325.413,63.777,0.464
80.782222,325.105,63.761,0.467
80.793832,324.272,63.716,0.487
80.805442,222.772,57.217,0.596
80.817052,225.044,57.392,0.681
80.828662,336.561,64.360,0.761
80.840272,336.519,64.358,0.813
80.851882,336.232,64.343,0.847
80.863492,335.722,64.317,0.871
80.875102,335.335,64.297,0.889
80.886712,335.000,64.280,0.899
80.898322,334.750,64.267,0.905
80.909932,334.304,64.244,0.912
80.921542,334.076,64.232,0.913
80.933152,334.183,64.238,0.910
80.944762,334.610,64.260,0.901
80.956372,335.514,64.306,0.895
80.967982,337.258,64.396,0.892
80.979592,339.858,64.529,0.898
80.991202,342.341,64.655,0.900
81.002812,345.983,64.838,0.899
81.014422,352.817,65.177,0.897
81.026032,359.692,65.511,0.893
81.037642,364.074,65.721,0.891
81.049252,368.424,65.926,0.891
81.060862,371.131,66.053,0.890
81.072472,372.446,66.114,0.884
81.084082,372.538,66.119,0.882
81.095692,372.109,66.099,0.882
81.107302,371.511,66.071,0.885
81.118912,370.763,66.036,0.898
81.130522,370.425,66.020,0.907
81.142132,370.102,66.005,0.912
81.153741,370.809,66.038,0.914
81.165351,371.833,66.086,0.908
81.176961,372.510,66.117,0.910
81.188571,372.633,66.123,0.907
81.200181,372.658,66.124,0.897
81.211791,372.389,66.112,0.884
81.223401,371.296,66.061,0.878
81.235011,369.822,65.992,0.877
81.246621,369.088,65.958,0.884
81.258231,368.509,65.930,0.898
81.269841,368.105,65.911,0.902
81.281451,368.151,65.914,0.904
81.293061,368.600,65.935,0.910
81.304671,369.345,65.970,0.920
81.316281,370.104,66.005,0.928
81.327891,370.619,66.029,0.929
81.339501,370.759,66.036,0.924
81.351111,370.673,66.032,0.917
81.362721,370.408,66.019,0.911
81.374331,369.883,65.995,0.910
81.385941,369.114,65.959,0.910
81.397551,368.225,65.917,0.899
81.409161,367.498,65.883,0.881
81.420771,367.145,65.866,0.871
81.432381,367.619,65.888,0.868
81.443991,368.248,65.918,0.868
81.455601,368.972,65.952,0.865
81.467211,369.753,65.989,0.861
81.478821,371.031,66.048,0.853
81.490431,371.955,66.091,0.855
81.502041,372.225,66.104,0.862
81.513651,372.156,66.101,0.867
81.525261,371.441,66.068,0.873
81.536871,370.474,66.022,0.877
81.548481,369.905,65.996,0.876
81.560091,369.540,65.979,0.874
81.571701,369.246,65.965,0.873
81.583311,369.007,65.954,0.869
81.594921,369.042,65.955,0.864
81.606531,369.504,65.977,0.862
81.618141,370.323,66.015,0.856
81.629751,371.388,66.065,0.850
81.641361,371.957,66.092,0.854
81.652971,371.879,66.088,0.862
81.664580,371.357,66.064,0.865
81.676190,370.440,66.021,0.868
81.687800,368.848,65.946,0.874
81.699410,366.694,65.845,0.880
81.711020,362.681,65.654,0.894
81.722630,357.105,65.386,0.906
81.734240,341.003,64.587,0.909
81.745850,335.196,64.290,0.905
81.757460,333.413,64.198,0.901
81.769070,331.541,64.100,0.896
81.780680,330.383,64.040,0.891
81.792290,329.766,64.007,0.882
81.803900,329.720,64.005,0.865
81.815510,329.790,64.009,0.845
81.827120,329.805,64.009,0.829
81.838730,329.763,64.007,0.818
81.850340,329.689,64.003,0.808
81.861950,329.719,64.005,0.795
81.873560,329.703,64.004,0.780
81.885170,329.817,64.010,0.755
81.896780,330.269,64.034,0.731
81.908390,330.809,64.062,0.705
81.920000,331.088,64.077,0.680
81.931610,332.218,64.136,0.654
81.943220,332.492,64.150,0.629
81.954830,332.938,64.173,0.617
81.966440,364.970,65.763,0.603
81.978050,365.095,65.769,0.599
81.989660,361.398,65.593,0.580
82.001270,355.501,65.308,0.565
82.012880,92.679,42.034,0.549
82.024490,92.478,41.996,0.533
82.036100,92.458,41.992,0.530
82.047710,82.374,39.993,0.526
82.059320,82.499,40.019,0.523
82.070930,335.296,64.295,0.526
82.082540,335.575,64.310,0.524
82.094150,82.599,40.040,0.518
82.105760,82.443,40.008,0.517
82.117370,82.449,40.009,0.521
82.128980,164.630,51.981,0.515
82.140590,164.403,51.957,0.505
82.152200,358.991,65.477,0.492
82.163810,362.049,65.624,0.476
82.175420,363.272,65.683,0.472
82.187029,363.684,65.702,0.472
82.198639,364.075,65.721,0.475
82.210249,364.493,65.741,0.475
82.221859,363.763,65.706,0.484
82.233469,368.084,65.910,0.509
82.245079,366.888,65.854,0.542
82.256689,715.117,77.408,0.588
82.268299,549.418,72.845,0.747
82.279909,259.548,59.862,0.815
82.291519,256.741,59.674,0.837
82.303129,254.539,59.525,0.853
82.314739,252.956,59.417,0.878
82.326349,252.328,59.374,0.893
82.337959,251.645,59.327,0.907
82.349569,250.903,59.276,0.914
82.361179,248.327,59.097,0.904
82.372789,246.469,58.967,0.886
82.384399,245.573,58.904,0.882
82.396009,245.190,58.877,0.876
82.407619,243.849,58.782,0.855
82.419229,242.646,58.696,0.837
82.430839,241.862,58.640,0.817
82.442449,241.510,58.615,0.803
82.454059,242.373,58.677,0.777
82.465669,244.253,58.810,0.763
82.477279,244.249,58.810,0.751
82.488889,244.694,58.842,0.748
82.500499,244.576,58.833,0.750
82.512109,123.045,46.940,0.756
82.523719,147.925,50.128,0.758
82.535329,105.612,44.295,0.763
82.546939,105.573,44.289,0.759
82.558549,105.556,44.286,0.752
82.570159,122.958,46.928,0.744
82.581769,123.091,46.947,0.740
82.593379,123.285,46.974,0.737
82.604989,254.356,59.512,0.738
82.616599,254.024,59.490,0.741
82.628209,250.014,59.214,0.730
82.639819,248.924,59.138,0.727
82.651429,248.509,59.110,0.730
82.663039,247.822,59.062,0.738
82.674649,247.593,59.046,0.739
82.686259,247.586,59.045,0.742
82.697868,247.593,59.046,0.739
82.709478,247.361,59.029,0.744
82.721088,246.938,59.000,0.777
82.732698,246.774,58.988,0.814
82.744308,246.735,58.985,0.836
82.755918,246.627,58.978,0.844
82.767528,246.364,58.959,0.847
82.779138,246.050,58.937,0.850
82.790748,245.923,58.928,0.857
82.802358,245.994,58.933,0.862
82.813968,246.387,58.961,0.858
82.825578,246.513,58.970,0.851
82.837188,246.880,58.996,0.852
82.848798,247.202,59.018,0.860
82.860408,247.454,59.036,0.868
82.872018,247.632,59.048,0.872
82.883628,247.741,59.056,0.872
82.895238,247.747,59.056,0.865
82.906848,247.795,59.060,0.855
82.918458,247.872,59.065,0.840
82.930068,247.852,59.064,0.820
82.941678,247.707,59.054,0.800
82.953288,247.057,59.008,0.782
82.964898,245.944,58.930,0.765
82.976508,245.952,58.930,0.753
82.988118,251.364,59.307,0.797
82.999728,249.325,59.166,0.815
83.011338,248.784,59.129,0.838
83.022948,248.736,59.125,0.858
83.034558,248.789,59.129,0.856
83.046168,248.857,59.134,0.860
83.057778,248.833,59.132,0.862
83.069388,248.552,59.113,0.856
83.080998,247.817,59.061,0.824
83.092608,248.320,59.096,0.801
83.104218,247.689,59.052,0.763
83.115828,247.154,59.015,0.713
83.127438,245.584,58.905,0.715
83.139048,246.206,58.948,0.700
83.150658,413.837,67.939,0.743
83.162268,414.575,67.970,0.856
83.173878,414.757,67.977,0.878
83.185488,415.797,68.021,0.882
83.197098,416.352,68.044,0.886
83.208707,417.516,68.092,0.889
83.220317,417.298,68.083,0.893
83.231927,417.318,68.084,0.901
83.243537,417.351,68.085,0.893
83.255147,417.470,68.090,0.833
83.266757,417.030,68.072,0.813
83.278367,416.315,68.042,0.810
83.289977,415.587,68.012,0.801
83.301587,414.458,67.965,0.790
83.313197,422.841,68.311,0.811
83.324807,441.226,69.048,0.854
83.336417,445.609,69.219,0.870
83.348027,448.278,69.323,0.895
83.359637,448.696,69.339,0.921
83.371247,448.052,69.314,0.939
83.382857,447.359,69.287,0.950
83.394467,446.802,69.266,0.958
83.406077,445.850,69.229,0.958
83.417687,444.628,69.181,0.949
83.429297,442.827,69.111,0.956
83.440907,441.203,69.047,0.959
83.452517,440.456,69.018,0.957
83.464127,440.458,69.018,0.951
83.475737,440.765,69.030,0.944
83.487347,440.991,69.039,0.938
83.498957,441.123,69.044,0.926
83.510567,441.496,69.059,0.907
83.522177,441.842,69.072,0.874
83.533787,442.735,69.107,0.823
83.545397,443.496,69.137,0.748
83.557007,443.875,69.152,0.660
83.568617,442.039,69.080,0.619
83.580227,433.327,68.735,0.627
83.591837,430.663,68.629,0.790
83.603447,439.602,68.984,0.857
83.615057,440.651,69.026,0.876
83.626667,441.641,69.064,0.899
83.638277,442.036,69.080,0.921
83.649887,441.491,69.059,0.933
83.661497,440.737,69.029,0.946
83.673107,440.686,69.027,0.957
83.684717,440.526,69.021,0.943
83.696327,440.759,69.030,0.926
83.707937,440.595,69.023,0.922
83.719546,440.260,69.010,0.909
83.731156,439.955,68.998,0.890
83.742766,440.452,69.018,0.882
83.754376,441.136,69.045,0.867
83.765986,441.592,69.063,0.839
83.777596,441.881,69.074,0.813
83.789206,441.945,69.076,0.789
83.800816,442.193,69.086,0.763
83.812426,442.455,69.096,0.748
83.824036,442.575,69.101,0.731
83.835646,442.708,69.106,0.705
83.847256,443.246,69.127,0.680
83.858866,442.656,69.104,0.685
83.870476,442.761,69.108,0.665
83.882086,444.218,69.165,0.675
83.893696,413.742,67.935,0.786
83.905306,414.329,67.959,0.824
83.916916,416.459,68.048,0.838
83.928526,417.697,68.099,0.850
83.940136,417.638,68.097,0.862
83.951746,416.765,68.061,0.869
83.963356,416.196,68.037,0.880
83.974966,415.610,68.013,0.889
83.986576,415.711,68.017,0.860
83.998186,415.366,68.003,0.848
84.009796,415.254,67.998,0.853
84.021406,415.230,67.997,0.861
84.033016,415.279,67.999,0.864
84.044626,415.431,68.005,0.866
84.056236,415.895,68.025,0.858
84.067846,416.241,68.039,0.842
84.079456,416.680,68.057,0.831
84.091066,416.962,68.069,0.813
84.102676,417.085,68.074,0.787
84.114286,416.682,68.057,0.747
84.125896,416.198,68.037,0.700
84.137506,417.019,68.071,0.657
84.149116,412.698,67.891,0.626
84.160726,415.083,67.991,0.640
84.172336,413.259,67.914,0.689
84.183946,392.644,67.029,0.767
84.195556,394.978,67.131,0.793
84.207166,396.339,67.191,0.821
84.218776,396.219,67.186,0.862
84.230385,395.621,67.159,0.908
84.241995,394.347,67.104,0.942
84.253605,393.270,67.056,0.959
84.265215,392.618,67.027,0.965
84.276825,391.995,67.000,0.959
84.288435,390.428,66.931,0.961
84.300045,388.341,66.838,0.958
84.311655,386.154,66.740,0.947
84.323265,384.149,66.650,0.921
84.334875,383.803,66.634,0.884
84.346485,385.227,66.698,0.863
84.358095,389.241,66.878,0.861
84.369705,395.618,67.159,0.869
84.381315,401.898,67.432,0.874
84.392925,406.529,67.630,0.873
84.404535,410.497,67.798,0.867
84.416145,413.048,67.906,0.870
84.427755,414.274,67.957,0.886
84.439365,415.147,67.993,0.896
84.450975,415.281,67.999,0.901
84.462585,415.096,67.991,0.900
84.474195,414.806,67.979,0.899
84.485805,414.696,67.975,0.904
84.497415,414.840,67.981,0.908
84.509025,414.979,67.986,0.904
84.520635,415.086,67.991,0.894
84.532245,415.191,67.995,0.883
84.543855,415.262,67.998,0.873
84.555465,415.079,67.991,0.867
84.567075,414.965,67.986,0.863
84.578685,414.748,67.977,0.862
84.590295,414.853,67.981,0.866
84.601905,414.993,67.987,0.870
84.613515,415.120,67.992,0.875
84.625125,415.127,67.993,0.878
84.636735,414.763,67.977,0.895
84.648345,414.069,67.948,0.916
84.659955,414.087,67.949,0.914
84.671565,413.995,67.945,0.914
84.683175,413.496,67.924,0.917
84.694785,412.782,67.895,0.921
84.706395,412.724,67.892,0.924
84.718005,412.975,67.903,0.922
84.729615,413.664,67.931,0.905
84.741224,414.461,67.965,0.880
84.752834,414.299,67.958,0.889
84.764444,414.296,67.958,0.894
84.776054,414.505,67.967,0.889
84.787664,414.702,67.975,0.887
84.799274,415.050,67.989,0.895
84.810884,415.155,67.994,0.911
84.822494,415.085,67.991,0.928
84.834104,415.026,67.988,0.940
84.845714,415.117,67.992,0.942
84.857324,415.167,67.994,0.940
84.868934,415.223,67.997,0.941
84.880544,415.156,67.994,0.940
84.892154,414.944,67.985,0.929
84.903764,415.239,67.997,0.922
84.915374,415.557,68.011,0.913
84.926984,415.806,68.021,0.897
84.938594,416.042,68.031,0.895
84.950204,415.924,68.026,0.897
84.961814,415.514,68.009,0.897
84.973424,414.664,67.973,0.898
84.985034,414.137,67.951,0.903
84.996644,413.395,67.920,0.896
85.008254,412.603,67.887,0.895
85.019864,138.450,48.982,0.902
85.031474,411.004,67.820,0.895
85.043084,82.975,40.119,0.887
85.054694,82.975,40.119,0.885
85.066304,82.976,40.119,0.881
85.077914,82.979,40.120,0.878
85.089524,82.964,40.117,0.878
85.101134,165.929,52.117,0.873
85.112744,165.878,52.111,0.864
85.124354,165.792,52.102,0.866
85.135964,165.762,52.099,0.872
85.147574,165.695,52.092,0.877
85.159184,165.625,52.085,0.879
85.170794,165.627,52.085,0.876
85.182404,165.683,52.091,0.870
85.194014,165.726,52.096,0.865
85.205624,165.782,52.101,0.863
85.217234,165.914,52.115,0.860
85.228844,165.897,52.113,0.863
85.240454,166.340,52.160,0.871
85.252063,166.567,52.183,0.885
85.263673,166.541,52.181,0.895
85.275283,166.459,52.172,0.904
85.286893,166.316,52.157,0.911
85.298503,165.960,52.120,0.916
85.310113,165.825,52.106,0.913
85.321723,165.396,52.061,0.911
85.333333,164.749,51.993,0.906
85.344943,164.648,51.983,0.902
85.356553,164.764,51.995,0.901
85.368163,164.986,52.018,0.900
85.379773,165.159,52.036,0.901
85.391383,165.208,52.041,0.904
85.402993,165.286,52.050,0.909
85.414603,165.389,52.060,0.904
85.426213,165.478,52.070,0.897
85.437823,165.546,52.077,0.887
85.449433,165.533,52.075,0.880
85.461043,414.313,67.959,0.874
85.472653,414.850,67.981,0.863
85.484263,415.288,67.999,0.854
85.495873,138.507,48.989,0.867
85.507483,138.459,48.983,0.883
85.519093,138.442,48.981,0.888
85.530703,138.359,48.971,0.899
85.542313,138.246,48.957,0.914
85.553923,166.105,52.135,0.925
85.565533,166.082,52.133,0.934
85.577143,166.034,52.128,0.939
85.588753,165.912,52.115,0.929
85.600363,165.854,52.109,0.915
85.611973,207.863,56.018,0.908
85.623583,207.930,56.023,0.894
85.635193,207.892,56.020,0.873
85.646803,207.891,56.020,0.856
85.658413,207.797,56.012,0.839
85.670023,207.673,56.002,0.833
85.681633,415.169,67.994,0.846
85.693243,413.961,67.944,0.871
85.704853,410.687,67.806,0.892
85.716463,138.586,48.999,0.906
85.728073,92.612,42.021,0.918
85.739683,92.616,42.022,0.925
85.751293,92.560,42.011,0.929
85.762902,92.518,42.004,0.932
85.774512,92.449,41.991,0.933
85.786122,92.328,41.968,0.929
85.797732,92.239,41.951,0.926
85.809342,92.189,41.942,0.928
85.820952,92.199,41.944,0.928
85.832562,92.297,41.962,0.925
85.844172,92.355,41.973,0.922
85.855782,92.413,41.984,0.916
85.867392,92.459,41.993,0.906
85.879002,83.012,40.127,0.895
85.890612,83.046,40.134,0.880
85.902222,83.027,40.130,0.859
85.913832,82.988,40.122,0.843
85.925442,414.590,67.970,0.833
85.937052,207.429,55.981,0.831
85.948662,414.867,67.982,0.834
85.960272,414.604,67.971,0.847
85.971882,831.655,80.022,0.882
85.983492,831.150,80.011,0.897
85.995102,832.896,80.048,0.905
86.006712,830.377,79.995,0.917
86.018322,826.729,79.919,0.926
86.029932,825.461,79.892,0.930
86.041542,826.938,79.923,0.931
86.053152,823.226,79.845,0.931
86.064762,824.266,79.867,0.920
86.076372,92.286,41.960,0.915
86.087982,103.750,43.987,0.913
86.099592,103.637,43.968,0.904
86.111202,92.423,41.986,0.894
86.122812,92.462,41.993,0.888
86.134422,92.476,41.996,0.887
86.146032,92.516,42.003,0.884
86.157642,92.470,41.995,0.875
86.169252,92.385,41.979,0.870
86.180862,92.357,41.973,0.868
86.192472,92.345,41.971,0.871
86.204082,92.309,41.964,0.877
86.215692,92.286,41.960,0.880
86.227302,92.254,41.954,0.877
86.238912,92.285,41.960,0.877
86.250522,406.037,67.609,0.892
86.262132,401.761,67.426,0.901
86.273741,399.151,67.313,0.911
86.285351,394.698,67.119,0.912
86.296961,390.824,66.948,0.915
86.308571,391.095,66.960,0.916
86.320181,391.287,66.969,0.920
86.331791,393.574,67.070,0.917
86.343401,397.909,67.259,0.914
86.355011,402.183,67.444,0.916
86.366621,405.274,67.577,0.915
86.378231,407.528,67.673,0.915
86.389841,409.348,67.750,0.912
86.401451,410.069,67.780,0.908
86.413061,410.827,67.812,0.901
86.424671,411.733,67.850,0.897
86.436281,413.868,67.940,0.880
86.447891,414.821,67.980,0.859
86.459501,414.955,67.985,0.838
86.471111,414.811,67.979,0.820
86.482721,414.779,67.978,0.805
86.494331,414.769,67.978,0.799
86.505941,414.772,67.978,0.800
86.517551,414.730,67.976,0.801
86.529161,414.705,67.975,0.801
86.540771,414.774,67.978,0.802
86.552381,414.745,67.977,0.807
86.563991,414.283,67.957,0.823
86.575601,413.643,67.931,0.832
86.587211,409.772,67.768,0.869
86.598821,394.370,67.105,0.901
86.610431,385.920,66.730,0.932
86.622041,381.360,66.524,0.951
86.633651,379.198,66.425,0.961
86.645261,377.626,66.353,0.965
86.656871,376.185,66.287,0.963
86.668481,375.072,66.236,0.966
86.680091,373.801,66.177,0.956
86.691701,373.055,66.143,0.941
86.703311,372.048,66.096,0.922
86.714921,370.993,66.047,0.912
86.726531,370.190,66.009,0.911
86.738141,369.573,65.980,0.902
86.749751,369.398,65.972,0.894
86.761361,369.026,65.955,0.880
86.772971,368.435,65.927,0.865
86.784580,367.607,65.888,0.848
86.796190,366.932,65.856,0.824
86.807800,366.767,65.848,0.781
86.819410,367.968,65.905,0.728
86.831020,369.540,65.979,0.717
86.842630,184.458,53.949,0.717
86.854240,371.554,66.073,0.713
86.865850,372.250,66.105,0.719
86.877460,372.190,66.102,0.725
86.889070,371.932,66.090,0.735
86.900680,371.437,66.067,0.744
86.912290,370.577,66.027,0.747
86.923900,369.762,65.989,0.750
86.935510,369.024,65.955,0.754
86.947120,368.554,65.932,0.759
86.958730,368.551,65.932,0.765
86.970340,369.057,65.956,0.770
86.981950,370.046,66.002,0.802
86.993560,373.553,66.166,0.848
87.005170,372.972,66.139,0.877
87.016780,373.550,66.166,0.908
87.028390,372.994,66.140,0.938
87.040000,372.459,66.115,0.949
87.051610,372.941,66.137,0.960
87.063220,373.521,66.164,0.965
87.074830,374.005,66.187,0.960
87.086440,376.642,66.308,0.959
87.098050,381.032,66.509,0.956
87.109660,384.741,66.677,0.943
87.121270,391.473,66.977,0.917
87.132880,395.907,67.172,0.901
87.144490,400.565,67.374,0.878
87.156100,402.844,67.473,0.863
87.167710,405.404,67.582,0.853
87.179320,409.605,67.761,0.807
87.190930,410.333,67.792,0.755
87.202540,758.540,78.429,0.705
87.214150,375.549,66.258,0.676
87.225760,374.289,66.200,0.669
87.237370,373.385,66.158,0.678
87.248980,373.246,66.151,0.691
87.260590,185.196,54.019,0.702
87.272200,377.726,66.358,0.716
87.283810,185.300,54.028,0.722
87.295420,377.149,66.332,0.730
87.307029,377.954,66.368,0.758
87.318639,379.251,66.428,0.779
87.330249,382.520,66.576,0.793
87.341859,391.888,66.995,0.804
87.353469,386.759,66.767,0.814
87.365079,382.199,66.562,0.831
87.376689,379.027,66.418,0.850
87.388299,377.872,66.365,0.856
87.399909,375.395,66.251,0.858
87.411519,372.777,66.130,0.865
87.423129,371.270,66.060,0.865
87.434739,371.162,66.055,0.864
87.446349,370.129,66.006,0.863
87.457959,182.467,53.762,0.853
87.469569,181.643,53.683,0.840
87.481179,180.926,53.615,0.847
87.492789,333.338,64.194,0.843
87.504399,332.990,64.176,0.830
87.516009,331.565,64.101,0.825
87.527619,329.637,64.001,0.824
87.539229,328.556,63.944,0.822
87.550839,327.994,63.914,0.814
87.562449,327.568,63.892,0.800
87.574059,326.213,63.820,0.777
87.585669,326.171,63.818,0.775
87.597279,327.451,63.885,0.785
87.608889,329.352,63.986,0.804
87.620499,330.773,64.060,0.817
87.632109,331.567,64.102,0.829
87.643719,331.493,64.098,0.846
87.655329,331.293,64.087,0.863
87.666939,331.070,64.076,0.876
87.678549,330.981,64.071,0.882
87.690159,330.739,64.058,0.886
87.701769,330.404,64.041,0.881
87.713379,330.069,64.023,0.868
87.724989,329.861,64.012,0.854
87.736599,329.667,64.002,0.842
87.748209,329.431,63.990,0.827
87.759819,329.209,63.978,0.804
87.771429,328.731,63.953,0.774
87.783039,327.204,63.872,0.748
87.794649,322.630,63.629,0.724
87.806259,319.187,63.443,0.710
87.817868,318.968,63.431,0.704
87.829478,319.722,63.472,0.696
87.841088,319.429,63.456,0.685
87.852698,319.178,63.442,0.682
87.864308,325.434,63.778,0.695
87.875918,332.742,64.163,0.712
87.887528,333.826,64.219,0.737
87.899138,333.051,64.179,0.765
87.910748,332.608,64.156,0.778
87.922358,332.379,64.144,0.784
87.933968,332.164,64.133,0.792
87.945578,331.810,64.114,0.808
87.957188,331.040,64.074,0.818
87.968798,330.021,64.021,0.810
87.980408,329.434,63.990,0.788
87.992018,329.019,63.968,0.764
88.003628,328.853,63.959,0.741
88.015238,328.504,63.941,0.723
88.026848,327.911,63.910,0.704
88.038458,326.368,63.828,0.667
88.050068,324.420,63.724,0.610
88.061678,324.366,63.721,0.576
88.073288,339.553,64.514,0.583
88.084898,739.956,77.999,0.592
88.096508,369.895,65.995,0.604
88.108118,83.832,40.297,0.607
88.119728,83.838,40.298,0.606
88.131338,82.299,39.977,0.598
88.142948,164.532,51.970,0.592
88.154558,369.338,65.969,0.602
88.166168,376.032,66.280,0.694
88.177778,374.728,66.220,0.747
88.189388,373.006,66.140,0.788
88.200998,372.020,66.095,0.820
88.212608,371.123,66.053,0.857
88.224218,370.805,66.038,0.878
88.235828,370.886,66.042,0.891
88.247438,370.832,66.039,0.899
88.259048,370.543,66.026,0.895
88.270658,370.192,66.009,0.893
88.282268,370.062,66.003,0.889
88.293878,370.204,66.010,0.881
88.305488,370.502,66.024,0.857
88.317098,370.477,66.023,0.835
88.328707,371.422,66.067,0.833
88.340317,372.369,66.111,0.839
88.351927,372.452,66.115,0.843
88.363537,372.271,66.106,0.845
88.375147,372.258,66.106,0.850
88.386757,371.935,66.091,0.865
88.398367,371.635,66.077,0.878
88.409977,371.370,66.064,0.893
88.421587,370.948,66.045,0.900
88.433197,370.559,66.026,0.902
88.444807,370.287,66.014,0.900
88.456417,370.175,66.008,0.896
88.468027,370.177,66.009,0.894
88.479637,370.399,66.019,0.891
88.491247,370.803,66.038,0.887
88.502857,371.077,66.051,0.880
88.514467,371.017,66.048,0.871
88.526077,370.836,66.039,0.865
88.537687,370.717,66.034,0.863
88.549297,370.247,66.012,0.866
88.560907,369.657,65.984,0.870
88.572517,369.525,65.978,0.874
88.584127,369.585,65.981,0.880
88.595737,369.770,65.990,0.881
88.607347,369.879,65.995,0.871
88.618957,370.180,66.009,0.858
88.630567,370.580,66.027,0.846
88.642177,370.986,66.046,0.827
88.653787,371.766,66.083,0.794
88.665397,371.463,66.069,0.744
88.677007,370.949,66.045,0.663
88.688617,369.598,65.981,0.548
88.700227,368.497,65.930,0.505
88.711837,368.012,65.907,0.482
88.723447,368.286,65.920,0.495
88.735057,372.298,66.107,0.614
88.746667,390.811,66.948,0.728
88.758277,388.996,66.867,0.760
88.769887,386.573,66.759,0.813
88.781497,384.596,66.670,0.865
88.793107,382.984,66.597,0.899
88.804717,381.625,66.536,0.910
88.816327,380.499,66.485,0.916
88.827937,379.449,66.437,0.918
88.839546,757.855,78.413,0.926
88.851156,760.973,78.484,0.931
88.862766,762.673,78.523,0.918
88.874376,768.416,78.653,0.897
88.885986,776.904,78.843,0.871
88.897596,782.372,78.964,0.856
88.909206,787.428,79.076,0.847
88.920816,792.944,79.197,0.831
88.932426,798.301,79.313,0.772
88.944036,805.356,79.465,0.719
88.955646,804.785,79.453,0.693
88.967256,793.441,79.207,0.635
88.978866,753.819,78.321,0.567
88.990476,372.795,66.131,0.569
89.002086,371.971,66.092,0.613
89.013696,369.414,65.973,0.650
89.025306,371.460,66.068,0.668
89.036916,372.473,66.116,0.681
89.048526,372.338,66.109,0.703
89.060136,371.801,66.084,0.727
89.071746,372.505,66.117,0.742
89.083356,375.769,66.268,0.754
89.094966,335.720,64.317,0.759
89.106576,336.005,64.332,0.760
89.118186,334.804,64.270,0.770
89.129796,333.211,64.187,0.781
89.141406,331.830,64.115,0.787
89.153016,331.006,64.072,0.792
89.164626,330.440,64.043,0.805
89.176236,329.380,63.987,0.821
89.187846,328.096,63.919,0.833
89.199456,327.621,63.894,0.844
89.211066,327.297,63.877,0.850
89.222676,327.368,63.881,0.854
89.234286,327.616,63.894,0.857
89.245896,328.035,63.916,0.857
89.257506,328.439,63.937,0.854
89.269116,328.808,63.957,0.847
89.280726,328.985,63.966,0.838
89.292336,329.044,63.969,0.829
89.303946,329.116,63.973,0.820
89.315556,329.187,63.977,0.815
89.327166,329.208,63.978,0.810
89.338776,329.253,63.980,0.807
89.350385,329.297,63.983,0.807
89.361995,329.408,63.988,0.811
89.373605,329.601,63.999,0.817
89.385215,329.901,64.014,0.826
89.396825,330.066,64.023,0.836
89.408435,330.399,64.040,0.848
89.420045,330.679,64.055,0.863
89.431655,330.732,64.058,0.879
89.443265,330.596,64.051,0.886
89.454875,330.297,64.035,0.883
89.466485,329.886,64.014,0.876
89.478095,329.387,63.987,0.868
89.489705,328.681,63.950,0.860
89.501315,327.182,63.871,0.846
89.512925,325.030,63.757,0.824
89.524535,321.328,63.559,0.801
89.536145,317.051,63.327,0.792
89.547755,314.889,63.208,0.807
89.559365,313.860,63.151,0.831
89.570975,312.896,63.098,0.845
89.582585,312.050,63.051,0.856
89.594195,311.399,63.015,0.868
89.605805,310.733,62.978,0.884
89.617415,310.173,62.947,0.885
89.629025,309.940,62.934,0.876
89.640635,309.565,62.913,0.861
89.652245,308.937,62.878,0.841
89.663855,308.022,62.826,0.820
89.675465,307.014,62.770,0.802
89.687075,282.873,61.352,0.780
89.698685,278.021,61.052,0.749
89.710295,276.836,60.978,0.753
89.721905,276.572,60.962,0.775
89.733515,276.758,60.973,0.799
89.745125,277.232,61.003,0.822
89.756735,277.490,61.019,0.839
89.768345,277.805,61.039,0.848
89.779955,278.266,61.068,0.857
89.791565,278.540,61.085,0.861
89.803175,278.501,61.082,0.860
89.814785,278.248,61.066,0.855
89.826395,278.054,61.054,0.848
89.838005,277.975,61.049,0.839
89.849615,277.558,61.023,0.829
89.861224,276.915,60.983,0.815
89.872834,276.213,60.939,0.794
89.884444,275.920,60.921,0.773
89.896054,135.047,48.552,0.756
89.907664,132.432,48.213,0.749
89.919274,298.858,62.303,0.767
89.930884,304.512,62.628,0.776
89.942494,306.949,62.766,0.787
89.954104,286.196,61.554,0.813
89.965714,286.796,61.590,0.853
89.977324,287.560,61.636,0.871
89.988934,286.806,61.591,0.873
90.000544,285.616,61.519,0.879
90.012154,283.795,61.408,0.879
90.023764,282.515,61.330,0.879
90.035374,563.912,73.296,0.883
90.046984,562.106,73.240,0.888
90.058594,559.014,73.145,0.882
90.070204,561.261,73.214,0.881
90.081814,565.989,73.359,0.892
90.093424,569.803,73.476,0.892
90.105034,576.627,73.682,0.894
90.116644,584.352,73.912,0.894
90.128254,592.826,74.161,0.886
90.139864,604.311,74.493,0.872
90.151474,615.490,74.811,0.867
90.163084,620.247,74.944,0.873
90.174694,621.924,74.991,0.873
90.186304,622.701,75.012,0.871
90.197914,623.190,75.026,0.860
90.209524,623.077,75.023,0.852
90.221134,622.789,75.015,0.851
90.232744,622.148,74.997,0.841
90.244354,622.111,74.996,0.825
90.255964,631.769,75.263,0.826
90.267574,647.047,75.676,0.844
90.279184,657.361,75.950,0.869
90.290794,661.033,76.047,0.886
90.302404,662.341,76.081,0.894
90.314014,663.426,76.109,0.899
90.325624,663.380,76.108,0.902
90.337234,664.284,76.132,0.902
90.348844,665.022,76.151,0.890
90.360454,662.642,76.089,0.870
90.372063,659.593,76.009,0.846
90.383673,329.021,63.968,0.830
90.395283,328.844,63.959,0.826
90.406893,328.820,63.958,0.823
90.418503,328.711,63.952,0.825
90.430113,328.730,63.953,0.823
90.441723,328.748,63.954,0.824
90.453333,657.993,75.967,0.818
90.464943,658.503,75.980,0.811
90.476553,659.261,76.000,0.805
90.488163,659.319,76.002,0.796
90.499773,659.797,76.014,0.791
90.511383,659.960,76.018,0.787
90.522993,659.635,76.010,0.786
90.534603,330.091,64.024,0.782
90.546213,330.144,64.027,0.778
90.557823,330.153,64.028,0.773
90.569433,330.199,64.030,0.766
90.581043,330.139,64.027,0.774
90.592653,329.850,64.012,0.791
90.604263,658.232,75.973,0.809
90.615873,658.169,75.971,0.820
90.627483,657.909,75.965,0.827
90.639093,653.626,75.852,0.842
90.650703,650.906,75.779,0.847
90.662313,648.008,75.702,0.847
90.673923,644.728,75.614,0.839
90.685533,641.183,75.519,0.819
90.697143,636.773,75.399,0.799
90.708753,632.988,75.296,0.798
90.720363,628.918,75.184,0.812
90.731973,626.538,75.119,0.822
90.743583,625.071,75.078,0.836
90.755193,623.093,75.023,0.856
90.766803,622.004,74.993,0.867
90.778413,620.395,74.948,0.878
90.790023,619.599,74.926,0.877
90.801633,616.259,74.832,0.871
90.813243,612.569,74.728,0.857
90.824853,608.500,74.613,0.836
90.836463,600.795,74.392,0.820
90.848073,590.376,74.090,0.802
90.859683,575.536,73.649,0.797
90.871293,279.030,61.115,0.815
90.882902,277.979,61.050,0.843
90.894512,277.303,61.008,0.864
90.906122,277.012,60.989,0.880
90.917732,555.605,73.039,0.896
90.929342,555.333,73.030,0.910
90.940952,555.504,73.036,0.918
90.952562,555.870,73.047,0.924
90.964172,556.236,73.058,0.919
90.975782,556.599,73.070,0.911
90.987392,557.146,73.087,0.903
90.999002,557.695,73.104,0.898
91.010612,558.048,73.115,0.891
91.022222,558.331,73.123,0.879
91.033832,557.729,73.105,0.870
91.045442,557.106,73.085,0.858
91.057052,556.133,73.055,0.855
91.068662,555.544,73.037,0.848
91.080272,554.942,73.018,0.843
91.091882,554.297,72.998,0.839
91.103492,553.327,72.968,0.830
91.115102,275.227,60.877,0.827
91.126712,275.010,60.864,0.838
91.138322,275.222,60.877,0.850
91.149932,251.174,59.294,0.846
91.161542,249.890,59.205,0.854
91.173152,249.140,59.153,0.854
91.184762,248.281,59.094,0.850
91.196372,248.242,59.091,0.852
91.207982,247.937,59.070,0.847
91.219592,247.066,59.009,0.825
91.231202,246.345,58.958,0.797
91.242812,246.288,58.954,0.784
91.254422,247.094,59.011,0.759
91.266032,248.504,59.109,0.733
91.277642,248.105,59.081,0.710
91.289252,79.891,39.463,0.667
91.300862,266.865,60.343,0.630
91.312472,111.648,45.257,0.608
91.324082,111.157,45.181,0.584
91.335692,111.189,45.186,0.556
91.347302,110.989,45.155,0.549
91.358912,110.873,45.137,0.538
91.370522,110.105,45.016,0.540
91.382132,594.745,74.217,0.544
91.393741,375.090,66.237,0.683
91.405351,337.363,64.402,0.760
91.416961,339.577,64.515,0.820
91.428571,340.641,64.569,0.840
91.440181,339.814,64.527,0.844
91.451791,339.199,64.496,0.850
91.463401,336.478,64.356,0.869
91.475011,334.093,64.233,0.897
91.486621,331.855,64.117,0.902
91.498231,330.361,64.038,0.897
91.509841,328.404,63.936,0.879
91.521451,327.894,63.909,0.871
91.533061,327.779,63.903,0.869
91.544671,327.430,63.884,0.864
91.556281,326.972,63.860,0.846
91.567891,327.333,63.879,0.803
91.579501,328.306,63.930,0.756
91.591111,328.882,63.961,0.714
91.602721,329.409,63.988,0.697
91.614331,337.961,64.432,0.722
91.625941,334.881,64.274,0.760
91.637551,333.024,64.177,0.785
91.649161,332.559,64.153,0.800
91.660771,331.266,64.086,0.817
91.672381,330.356,64.038,0.835
91.683991,329.897,64.014,0.854
91.695601,329.933,64.016,0.861
91.707211,329.895,64.014,0.860
91.718821,329.675,64.002,0.848
91.730431,329.530,63.995,0.833
91.742041,329.433,63.990,0.819
91.753651,329.678,64.003,0.799
91.765261,330.136,64.027,0.768
91.776871,330.954,64.070,0.718
91.788481,330.891,64.066,0.658
91.800091,328.388,63.935,0.562
91.811701,238.883,58.426,0.564
91.823311,334.420,64.250,0.589
91.834921,334.108,64.234,0.604
91.846531,332.263,64.138,0.694
91.858141,331.434,64.095,0.751
91.869751,333.595,64.207,0.821
91.881361,335.786,64.320,0.869
91.892971,335.412,64.301,0.884
91.904580,334.119,64.234,0.892
91.916190,331.942,64.121,0.903
91.927800,330.303,64.035,0.911
91.939410,329.302,63.983,0.918
91.951020,328.430,63.937,0.917
91.962630,327.388,63.882,0.909
91.974240,326.147,63.816,0.887
91.985850,326.893,63.856,0.888
91.997460,327.685,63.898,0.886
92.009070,328.674,63.950,0.871
92.020680,330.103,64.025,0.857
92.032290,331.270,64.086,0.825
92.043900,332.792,64.165,0.798
92.055510,334.165,64.237,0.747
92.067120,334.538,64.256,0.707
92.078730,332.674,64.159,0.615
92.090340,327.784,63.903,0.463
92.101950,329.613,63.999,0.425
92.113560,329.479,63.992,0.414
92.125170,330.665,64.054,0.475
92.136780,367.815,65.898,0.603
92.148390,376.549,66.304,0.709
92.160000,379.106,66.421,0.763
92.171610,379.439,66.436,0.811
92.183220,377.617,66.353,0.845
92.194830,375.831,66.271,0.888
92.206440,374.467,66.208,0.915
92.218050,373.619,66.169,0.935
92.229660,373.105,66.145,0.949
92.241270,371.854,66.087,0.953
92.252880,370.714,66.034,0.957
92.264490,369.760,65.989,0.958
92.276100,369.602,65.982,0.960
92.287710,369.573,65.980,0.950
92.299320,369.890,65.995,0.938
92.310930,369.984,65.999,0.925
92.322540,369.773,65.990,0.907
92.334150,369.158,65.961,0.893
92.345760,368.762,65.942,0.873
92.357370,368.047,65.909,0.849
92.368980,366.652,65.843,0.816
92.380590,365.015,65.765,0.780
92.392200,362.903,65.665,0.771
92.403810,356.111,65.338,0.830
92.415420,337.895,64.429,0.878
92.427029,333.520,64.203,0.889
92.438639,332.455,64.148,0.905
92.450249,331.728,64.110,0.912
92.461859,331.510,64.099,0.913
92.473469,331.595,64.103,0.916
92.485079,331.164,64.080,0.915
92.496689,330.546,64.048,0.882
92.508299,330.115,64.026,0.825
92.519909,330.529,64.047,0.790
92.531519,330.862,64.065,0.737
92.543129,330.924,64.068,0.700
92.554739,330.671,64.055,0.733
92.566349,383.710,66.630,0.815
92.577959,395.854,67.170,0.830
92.589569,396.424,67.194,0.848
92.601179,396.333,67.191,0.869
92.612789,395.801,67.167,0.889
92.624399,394.066,67.091,0.913
92.636009,392.746,67.033,0.927
92.647619,392.167,67.008,0.924
92.659229,390.913,66.952,0.902
92.670839,389.061,66.870,0.897
92.682449,387.534,66.802,0.902
92.694059,386.286,66.746,0.902
92.705669,386.257,66.745,0.897
92.717279,395.997,67.176,0.878
92.728889,403.989,67.522,0.867
92.740499,407.727,67.681,0.866
92.752109,409.851,67.771,0.865
92.763719,411.482,67.840,0.867
92.775329,413.246,67.914,0.856
92.786939,414.045,67.947,0.853
92.798549,414.712,67.975,0.856
92.810159,414.649,67.973,0.862
92.821769,413.913,67.942,0.868
92.833379,413.759,67.935,0.879
92.844989,414.012,67.946,0.889
92.856599,414.619,67.971,0.900
92.868209,415.295,68.000,0.909
92.879819,415.752,68.019,0.913
92.891429,415.629,68.014,0.925
92.903039,414.690,67.974,0.938
92.914649,413.467,67.923,0.939
92.926259,412.262,67.873,0.934
92.937868,410.223,67.787,0.930
92.949478,406.546,67.631,0.930
92.961088,402.687,67.466,0.923
92.972698,398.685,67.293,0.913
92.984308,391.118,66.961,0.898
92.995918,382.040,66.555,0.886
93.007528,376.934,66.322,0.894
93.019138,374.869,66.227,0.908
93.030748,373.194,66.149,0.915
93.042358,371.450,66.068,0.913
93.053968,370.496,66.023,0.912
93.065578,370.032,66.002,0.910
93.077188,369.746,65.988,0.904
93.088798,370.113,66.006,0.894
93.100408,370.521,66.025,0.884
93.112018,371.084,66.051,0.876
93.123628,371.075,66.051,0.869
93.135238,370.920,66.043,0.875
93.146848,370.517,66.024,0.879
93.158458,370.496,66.023,0.891
93.170068,370.173,66.008,0.893
93.181678,369.746,65.988,0.891
93.193288,369.267,65.966,0.889
93.204898,368.701,65.939,0.891
93.216508,368.212,65.916,0.894
93.228118,367.998,65.906,0.889
93.239728,367.834,65.899,0.895
93.251338,368.017,65.907,0.900
93.262948,368.443,65.927,0.910
93.274558,368.841,65.946,0.917
93.286168,368.887,65.948,0.919
93.297778,368.998,65.953,0.906
93.309388,369.391,65.972,0.888
93.320998,369.788,65.990,0.867
93.332608,369.918,65.996,0.843
93.344218,369.502,65.977,0.813
93.355828,368.395,65.925,0.775
93.367438,365.911,65.808,0.734
93.379048,362.165,65.630,0.694
93.390658,361.414,65.594,0.684
93.402268,308.647,62.861,0.677
93.413878,307.413,62.792,0.671
93.425488,306.441,62.737,0.666
93.437098,312.910,63.099,0.681
93.448707,324.519,63.730,0.743
93.460317,328.073,63.918,0.797
93.471927,329.567,63.997,0.832
93.483537,329.592,63.998,0.841
93.495147,329.523,63.994,0.856
93.506757,329.453,63.991,0.876
93.518367,329.374,63.987,0.895
93.529977,329.570,63.997,0.907
93.541587,330.005,64.020,0.904
93.553197,329.954,64.017,0.889
93.564807,329.768,64.007,0.867
93.576417,329.954,64.017,0.857
93.588027,330.157,64.028,0.842
93.599637,330.409,64.041,0.814
93.611247,330.857,64.064,0.775
93.622857,331.451,64.095,0.722
93.634467,332.289,64.139,0.652
93.646077,366.923,65.856,0.590
93.657687,369.635,65.983,0.553
93.669297,369.933,65.997,0.547
93.680907,369.934,65.997,0.540
93.692517,370.429,66.020,0.567
93.704127,373.495,66.163,0.615
93.715737,184.611,53.964,0.675
93.727347,185.297,54.028,0.703
93.738957,185.462,54.043,0.718
93.750567,185.218,54.021,0.725
93.762177,352.030,65.138,0.778
93.773787,350.152,65.046,0.793
93.785397,347.426,64.910,0.801
93.797007,343.401,64.709,0.809
93.808617,339.380,64.505,0.818
93.820227,336.941,64.380,0.832
93.831837,334.550,64.257,0.846
93.843447,333.061,64.179,0.859
93.855057,331.539,64.100,0.849
93.866667,330.419,64.042,0.853
93.878277,329.511,63.994,0.858
93.889887,328.668,63.950,0.860
93.901497,327.744,63.901,0.853
93.913107,327.404,63.883,0.846
93.924717,327.451,63.885,0.837
93.936327,327.751,63.901,0.827
93.947937,328.227,63.926,0.824
93.959546,328.389,63.935,0.816
93.971156,328.395,63.935,0.809
93.982766,328.115,63.920,0.816
93.994376,327.560,63.891,0.830
94.005986,288.532,61.695,0.835
94.017596,287.512,61.633,0.844
94.029206,290.558,61.816,0.856
94.040816,324.813,63.745,0.887
94.052426,386.487,66.755,0.916
94.064036,387.967,66.821,0.932
94.075646,387.608,66.805,0.938
94.087256,386.525,66.757,0.939
94.098866,385.381,66.705,0.946
94.110476,384.428,66.663,0.947
94.122086,383.955,66.641,0.944
94.133696,382.899,66.594,0.926
94.145306,381.176,66.515,0.916
94.156916,379.448,66.437,0.905
94.168526,377.746,66.359,0.894
94.180136,378.882,66.411,0.888
94.191746,409.649,67.763,0.878
94.203356,412.187,67.870,0.874
94.214966,413.589,67.928,0.875
94.226576,414.462,67.965,0.876
94.238186,416.191,68.037,0.860
94.249796,416.795,68.062,0.858
94.261406,416.803,68.062,0.863
94.273016,416.456,68.048,0.863
94.284626,415.793,68.020,0.863
94.296236,414.994,67.987,0.866
94.307846,413.897,67.941,0.865
94.319456,412.351,67.876,0.863
94.331066,409.599,67.761,0.865
94.342676,405.798,67.599,0.868
94.354286,402.245,67.447,0.863
94.365896,399.465,67.327,0.856
94.377506,396.346,67.191,0.846
94.389116,391.732,66.988,0.841
94.400726,385.989,66.733,0.841
94.412336,380.840,66.500,0.843
94.423946,375.475,66.255,0.841
94.435556,371.622,66.076,0.834
94.447166,368.985,65.953,0.835
94.458776,367.148,65.866,0.838
94.470385,366.024,65.813,0.844
94.481995,364.827,65.757,0.842
94.493605,182.589,53.773,0.847
94.505215,181.386,53.659,0.849
94.516825,179.735,53.500,0.848
94.528435,333.333,64.194,0.846
94.540045,333.002,64.176,0.844
94.551655,331.623,64.104,0.843
94.563265,330.631,64.053,0.841
94.574875,329.494,63.993,0.839
94.586485,328.606,63.946,0.829
94.598095,328.083,63.919,0.815
94.609705,327.742,63.901,0.804
94.621315,328.070,63.918,0.823
94.632925,329.572,63.997,0.835
94.644535,331.327,64.089,0.845
94.656145,332.943,64.173,0.855
94.667755,333.707,64.213,0.865
94.679365,334.070,64.232,0.870
94.690975,333.845,64.220,0.880
94.702585,333.358,64.195,0.890
94.714195,332.741,64.163,0.888
94.725805,331.255,64.085,0.890
94.737415,329.624,64.000,0.885
94.749025,328.626,63.947,0.877
94.760635,327.824,63.905,0.865
94.772245,327.213,63.873,0.856
94.783855,327.055,63.864,0.847
94.795465,327.873,63.908,0.835
94.807075,328.967,63.965,0.817
94.818685,330.064,64.023,0.796
94.830295,330.808,64.062,0.792
94.841905,331.040,64.074,0.794
94.853515,331.433,64.095,0.801
94.865125,331.114,64.078,0.809
94.876735,330.403,64.041,0.815
94.888345,329.886,64.014,0.827
94.899955,329.681,64.003,0.834
94.911565,329.406,63.988,0.838
94.923175,328.612,63.947,0.847
94.934785,328.629,63.947,0.857
94.946395,328.922,63.963,0.866
94.958005,329.230,63.979,0.877
94.969615,329.600,63.999,0.887
94.981224,329.993,64.019,0.885
94.992834,330.357,64.038,0.887
95.004444,330.703,64.056,0.889
95.016054,331.366,64.091,0.878
95.027664,332.215,64.135,0.863
95.039274,332.802,64.166,0.843
95.050884,333.385,64.196,0.813
95.062494,334.181,64.238,0.785
95.074104,167.058,52.234,0.798
95.085714,364.962,65.763,0.829
95.097324,366.383,65.830,0.854
95.108934,366.258,65.824,0.870
95.120544,366.288,65.826,0.881
95.132154,366.466,65.834,0.885
95.143764,366.516,65.836,0.885
95.155374,366.755,65.848,0.880
95.166984,367.505,65.883,0.861
95.178594,368.034,65.908,0.822
95.190204,367.448,65.880,0.761
95.201814,369.203,65.963,0.711
95.213424,372.492,66.116,0.688
95.225034,373.581,66.167,0.752
95.236644,374.549,66.212,0.813
95.248254,373.813,66.178,0.865
95.259864,373.014,66.141,0.881
95.271474,372.411,66.113,0.894
95.283084,372.287,66.107,0.905
95.294694,371.963,66.092,0.914
95.306304,371.697,66.079,0.914
95.317914,370.877,66.041,0.903
95.329524,369.568,65.980,0.885
95.341134,368.962,65.952,0.857
95.352744,369.111,65.959,0.854
95.364354,370.242,66.012,0.857
95.375964,372.772,66.129,0.859
95.387574,375.329,66.248,0.873
95.399184,377.208,66.334,0.888
95.410794,378.094,66.375,0.893
95.422404,377.462,66.346,0.900
95.434014,376.171,66.287,0.906
95.445624,374.755,66.221,0.913
95.457234,373.002,66.140,0.918
95.468844,371.214,66.057,0.919
95.480454,369.425,65.973,0.913
95.492063,368.311,65.921,0.908
95.503673,367.574,65.886,0.907
95.515283,367.322,65.874,0.902
95.526893,367.899,65.902,0.892
95.538503,369.336,65.969,0.881
95.550113,370.939,66.044,0.865
95.561723,371.587,66.074,0.855
95.573333,371.996,66.093,0.848
95.584943,371.620,66.076,0.848
95.596553,370.891,66.042,0.850
95.608163,370.140,66.007,0.847
95.619773,369.368,65.971,0.840
95.631383,368.677,65.938,0.832
95.642993,368.231,65.917,0.820
95.654603,369.314,65.968,0.819
95.666213,380.039,66.464,0.844
95.677823,385.423,66.707,0.862
95.689433,384.966,66.687,0.868
95.701043,384.147,66.650,0.873
95.712653,382.840,66.591,0.881
95.724263,381.822,66.545,0.886
95.735873,381.191,66.516,0.891
95.747483,380.362,66.478,0.892
95.759093,378.716,66.403,0.884
95.770703,376.287,66.292,0.873
95.782313,376.148,66.286,0.866
95.793923,377.572,66.351,0.868
95.805533,382.500,66.575,0.872
95.817143,402.560,67.460,0.879
95.828753,404.472,67.542,0.883
95.840363,407.430,67.669,0.880
95.851973,413.623,67.930,0.861
95.863583,416.449,68.048,0.846
95.875193,416.651,68.056,0.839
95.886803,415.657,68.015,0.838
95.898413,409.222,67.745,0.834
95.910023,402.030,67.438,0.817
95.921633,404.586,67.547,0.801
95.933243,405.931,67.605,0.791
95.944853,408.966,67.734,0.828
95.956463,411.871,67.856,0.843
95.968073,412.340,67.876,0.855
95.979683,410.372,67.793,0.861
95.991293,407.206,67.659,0.887
96.002902,406.533,67.630,0.889
96.014512,403.261,67.491,0.895
96.026122,397.737,67.252,0.904
96.037732,758.417,78.426,0.905
96.049342,757.134,78.397,0.908
96.060952,375.153,66.240,0.911
96.072562,373.594,66.168,0.916
96.084172,371.046,66.049,0.907
96.095782,370.591,66.028,0.916
96.107392,369.835,65.993,0.917
96.119002,369.426,65.973,0.910
96.130612,369.109,65.959,0.888
96.142222,369.247,65.965,0.868
96.153832,369.502,65.977,0.844
96.165442,369.291,65.967,0.804
96.177052,369.333,65.969,0.749
96.188662,370.135,66.007,0.688
96.200272,372.288,66.107,0.605
96.211882,372.423,66.113,0.553
96.223492,372.092,66.098,0.555
96.235102,371.415,66.066,0.552
96.246712,371.333,66.063,0.551
96.258322,372.012,66.094,0.552
96.269932,372.417,66.113,0.543
96.281542,373.112,66.145,0.544
96.293152,374.175,66.195,0.556
96.304762,375.454,66.254,0.562
96.316372,375.312,66.247,0.585
96.327982,374.952,66.230,0.621
96.339592,375.104,66.237,0.646
96.351202,375.234,66.243,0.667
96.362812,374.486,66.209,0.683
96.374422,374.282,66.199,0.697
96.386032,373.685,66.172,0.706
96.397642,373.763,66.175,0.743
96.409252,387.228,66.788,0.819
96.420862,404.517,67.544,0.843
96.432472,402.293,67.449,0.872
96.444082,400.121,67.355,0.879
96.455692,399.423,67.325,0.884
96.467302,393.462,67.065,0.891
96.478912,387.017,66.779,0.898
96.490522,386.859,66.772,0.897
96.502132,385.889,66.728,0.874
96.513741,385.343,66.704,0.868
96.525351,382.213,66.562,0.853
96.536961,205.516,55.821,0.857
96.548571,206.808,55.929,0.870
96.560181,414.094,67.949,0.884
96.571791,415.244,67.997,0.896
96.583401,416.133,68.035,0.899
96.595011,416.399,68.046,0.898
96.606621,417.164,68.077,0.895
96.618231,417.691,68.099,0.886
96.629841,417.670,68.098,0.870
96.641451,417.302,68.083,0.849
96.653061,416.198,68.037,0.810
96.664671,414.623,67.972,0.762
96.676281,414.334,67.960,0.738
96.687891,411.193,67.828,0.732
96.699501,388.402,66.841,0.738
96.711111,387.253,66.789,0.750
96.722721,383.618,66.626,0.793
96.734331,380.882,66.502,0.821
96.745941,379.640,66.446,0.842
96.757551,378.121,66.376,0.856
96.769161,377.406,66.343,0.864
96.780771,375.494,66.255,0.874
96.792381,372.852,66.133,0.881
96.803991,370.736,66.035,0.887
96.815601,367.126,65.865,0.873
96.827211,365.421,65.785,0.860
96.838821,364.169,65.725,0.850
96.850431,363.569,65.697,0.845
96.862041,362.709,65.656,0.843
96.873651,360.109,65.531,0.827
96.885261,353.009,65.186,0.804
96.896871,326.784,63.850,0.785
96.908481,325.979,63.807,0.791
96.920091,325.817,63.799,0.799
96.931701,326.334,63.826,0.804
96.943311,327.108,63.867,0.803
96.954921,328.349,63.933,0.799
96.966531,329.931,64.016,0.798
96.978141,332.927,64.172,0.801
96.989751,336.797,64.372,0.810
97.001361,334.676,64.263,0.826
97.012971,332.928,64.172,0.835
97.024580,331.211,64.083,0.846
97.036190,330.183,64.029,0.860
97.047800,329.409,63.988,0.872
97.059410,329.100,63.972,0.880
97.071020,328.785,63.956,0.886
97.082630,328.134,63.921,0.889
97.094240,328.135,63.921,0.887
97.105850,328.563,63.944,0.888
97.117460,329.203,63.978,0.886
97.129070,329.798,64.009,0.873
97.140680,330.467,64.044,0.853
97.152290,331.012,64.073,0.837
97.163900,331.434,64.095,0.821
97.175510,331.725,64.110,0.806
97.187120,331.872,64.118,0.786
97.198730,331.477,64.097,0.763
97.210340,330.376,64.039,0.739
97.221950,329.489,63.993,0.733
97.233560,329.193,63.977,0.744
97.245170,328.828,63.958,0.743
97.256780,328.895,63.962,0.737
97.268390,329.261,63.981,0.753
97.280000,328.715,63.952,0.778
97.291610,328.182,63.924,0.800
97.303220,327.919,63.910,0.829
97.314830,327.601,63.893,0.854
97.326440,327.356,63.880,0.867
97.338050,327.202,63.872,0.871
97.349660,327.713,63.899,0.877
97.361270,328.635,63.948,0.874
97.372880,329.488,63.993,0.865
97.384490,332.037,64.126,0.861
97.396100,334.611,64.260,0.843
97.407710,339.392,64.505,0.826
97.419320,345.552,64.817,0.822
97.430930,187.312,54.215,0.838
97.442540,368.382,65.924,0.853
97.454150,369.518,65.978,0.865
97.465760,370.778,66.037,0.875
97.477370,371.460,66.068,0.880
97.488980,371.684,66.079,0.891
97.500590,371.769,66.083,0.896
97.512200,371.387,66.065,0.898
97.523810,370.334,66.016,0.897
97.535420,369.856,65.993,0.894
97.547029,369.657,65.984,0.895
97.558639,369.251,65.965,0.894
97.570249,368.841,65.946,0.894
97.581859,368.327,65.922,0.885
97.593469,368.125,65.912,0.873
97.605079,367.833,65.899,0.859
97.616689,367.537,65.885,0.840
97.628299,367.175,65.868,0.816
97.639909,366.716,65.846,0.783
97.651519,365.832,65.804,0.745
97.663129,364.945,65.762,0.688
97.674739,365.310,65.779,0.622
97.686349,364.986,65.764,0.591
97.697959,318.911,63.428,0.593
97.709569,371.732,66.081,0.683
97.721179,375.372,66.250,0.765
97.732789,374.682,66.218,0.800
97.744399,376.775,66.314,0.861
97.756009,378.205,66.380,0.910
97.767619,378.409,66.389,0.938
97.779229,377.799,66.361,0.947
97.790839,376.736,66.313,0.950
97.802449,375.371,66.250,0.949
97.814059,374.135,66.193,0.943
97.825669,373.393,66.158,0.941
97.837279,371.639,66.077,0.925
97.848889,369.831,65.992,0.895
97.860499,368.717,65.940,0.866
97.872109,368.357,65.923,0.861
97.883719,368.448,65.927,0.866
97.895329,368.734,65.941,0.869
97.906939,369.040,65.955,0.868
97.918549,369.406,65.972,0.864
97.930159,369.904,65.996,0.853
97.941769,370.270,66.013,0.838
97.953379,370.634,66.030,0.822
97.964989,371.059,66.050,0.802
97.976599,371.644,66.077,0.773
97.988209,372.493,66.117,0.731
97.999819,373.432,66.160,0.677
98.011429,373.484,66.163,0.616
98.023039,372.453,66.115,0.535
98.034649,373.646,66.170,0.492
98.046259,374.409,66.205,0.493
98.057868,374.006,66.187,0.520
98.069478,373.184,66.149,0.535
98.081088,372.448,66.114,0.540
98.092698,372.310,66.108,0.547
98.104308,372.170,66.101,0.548
98.115918,371.540,66.072,0.545
98.127528,369.655,65.984,0.637
98.139138,122.138,46.812,0.753
98.150748,121.857,46.772,0.813
98.162358,163.844,51.898,0.861
98.173968,164.412,51.958,0.875
98.185578,164.503,51.967,0.890
98.197188,164.390,51.955,0.899
98.208798,164.242,51.940,0.907
98.220408,164.072,51.922,0.905
98.232018,328.773,63.955,0.884
98.243628,328.595,63.946,0.857
98.255238,328.500,63.941,0.819
98.266848,328.410,63.936,0.819
98.278458,329.191,63.977,0.818
98.290068,330.675,64.055,0.826
98.301678,331.260,64.086,0.826
98.313288,332.398,64.145,0.819
98.324898,334.231,64.240,0.822
98.336508,336.074,64.335,0.820
98.348118,337.294,64.398,0.807
98.359728,339.681,64.520,0.783
98.371338,343.896,64.734,0.752
98.382948,107.804,44.651,0.702
98.394558,250.244,59.230,0.657
98.406168,249.607,59.186,0.646
98.417778,247.924,59.069,0.614
98.429388,123.277,46.973,0.621
98.440998,363.630,65.700,0.677
98.452608,359.329,65.494,0.730
98.464218,364.378,65.735,0.746
98.475828,365.590,65.793,0.760
98.487438,315.168,63.223,0.781
98.499048,314.016,63.160,0.793
98.510658,313.611,63.138,0.800
98.522268,313.418,63.127,0.800
98.533878,313.614,63.138,0.791
98.545488,313.762,63.146,0.779
98.557098,147.237,50.048,0.782
98.568707,147.282,50.053,0.784
98.580317,147.355,50.062,0.781
98.591927,297.025,62.197,0.787
98.603537,296.892,62.189,0.802
98.615147,327.080,63.866,0.815
98.626757,329.340,63.985,0.826
98.638367,329.781,64.008,0.830
98.649977,329.837,64.011,0.833
98.661587,330.449,64.043,0.836
98.673197,330.970,64.070,0.836
98.684807,331.124,64.078,0.831
98.696417,331.824,64.115,0.822
98.708027,331.835,64.116,0.815
98.719637,331.108,64.078,0.807
98.731247,330.588,64.050,0.800
98.742857,330.267,64.034,0.792
98.754467,329.925,64.016,0.788
98.766077,329.852,64.012,0.785
98.777687,329.819,64.010,0.780
98.789297,329.867,64.013,0.779
98.800907,329.903,64.014,0.776
98.812517,329.881,64.013,0.771
98.824127,329.810,64.010,0.767
98.835737,329.621,64.000,0.768
98.847347,329.540,63.995,0.766
98.858957,329.297,63.983,0.767
98.870567,329.272,63.981,0.774
98.882177,329.249,63.980,0.775
98.893787,329.211,63.978,0.776
98.905397,329.187,63.977,0.781
98.917007,329.219,63.979,0.785
98.928617,329.438,63.990,0.787
98.940227,329.617,63.999,0.791
98.951837,329.770,64.007,0.794
98.963447,329.721,64.005,0.797
98.975057,329.656,64.001,0.801
98.986667,329.700,64.004,0.807
98.998277,329.829,64.011,0.812
99.009887,329.875,64.013,0.813
99.021497,329.856,64.012,0.815
99.033107,329.795,64.009,0.815
99.044717,329.715,64.005,0.812
99.056327,329.837,64.011,0.809
99.067937,329.883,64.013,0.806
99.079546,329.789,64.008,0.802
99.091156,329.716,64.005,0.799
99.102766,329.642,64.001,0.803
99.114376,329.714,64.005,0.810
99.125986,329.817,64.010,0.814
99.137596,329.924,64.016,0.820
99.149206,329.821,64.010,0.830
99.160816,329.691,64.003,0.838
99.172426,329.633,64.000,0.844
99.184036,329.543,63.996,0.846
99.195646,329.563,63.997,0.846
99.207256,329.715,64.005,0.846
99.218866,329.854,64.012,0.848
99.230476,329.947,64.017,0.851
99.242086,330.078,64.024,0.850
99.253696,330.219,64.031,0.849
99.265306,330.258,64.033,0.850
99.276916,330.397,64.040,0.853
99.288526,330.390,64.040,0.856
99.300136,330.314,64.036,0.856
99.311746,329.863,64.012,0.857
99.323356,329.302,63.983,0.857
99.334966,328.641,63.948,0.854
99.346576,328.131,63.921,0.845
99.358186,327.597,63.893,0.830
99.369796,326.108,63.814,0.813
99.381406,323.852,63.694,0.798
99.393016,318.353,63.398,0.788
99.404626,314.070,63.163,0.768
99.416236,312.138,63.056,0.737
99.427846,311.493,63.020,0.718
99.439456,311.624,63.028,0.728
99.451066,311.886,63.042,0.746
99.462676,311.969,63.047,0.752
99.474286,312.043,63.051,0.750
99.485896,312.310,63.066,0.751
99.497506,312.718,63.088,0.769
99.509116,312.782,63.092,0.786
99.520726,312.486,63.075,0.793
99.532336,312.235,63.062,0.791
99.543946,312.141,63.056,0.787
99.555556,312.245,63.062,0.781
99.567166,312.289,63.065,0.774
99.578776,311.990,63.048,0.757
99.590385,311.773,63.036,0.726
99.601995,311.864,63.041,0.689
99.613605,315.157,63.223,0.669
99.625215,332.122,64.131,0.707
99.636825,333.552,64.205,0.784
99.648435,333.515,64.203,0.808
99.660045,331.706,64.109,0.850
99.671655,330.900,64.067,0.864
99.683265,329.991,64.019,0.878
99.694875,328.582,63.945,0.889
99.706485,326.539,63.837,0.893
99.718095,322.308,63.611,0.888
99.729705,317.310,63.341,0.861
99.741315,315.159,63.223,0.858
99.752925,313.080,63.108,0.846
99.764535,311.741,63.034,0.852
99.776145,310.908,62.988,0.849
99.787755,310.600,62.971,0.841
99.799365,310.362,62.957,0.837
99.810975,310.437,62.962,0.831
99.822585,310.563,62.969,0.829
99.834195,310.730,62.978,0.827
99.845805,311.011,62.994,0.816
99.857415,311.097,62.998,0.813
99.869025,310.907,62.988,0.822
99.880635,310.716,62.977,0.838
99.892245,310.514,62.966,0.850
99.903855,310.420,62.961,0.861
99.915465,310.378,62.958,0.871
99.927075,310.571,62.969,0.881
99.938685,310.595,62.970,0.883
99.950295,310.720,62.977,0.885
99.961905,310.808,62.982,0.885
99.973515,310.812,62.982,0.891
99.985125,310.762,62.980,0.898
99.996735,310.847,62.984,0.904
100.008345,311.062,62.996,0.909
100.019955,311.079,62.997,0.910
100.031565,311.020,62.994,0.915
100.043175,311.082,62.998,0.917
100.054785,311.164,63.002,0.922
100.066395,311.268,63.008,0.924
100.078005,311.280,63.009,0.925
100.089615,311.278,63.008,0.926
100.101224,311.204,63.004,0.928
100.112834,311.218,63.005,0.931
100.124444,311.321,63.011,0.933
100.136054,311.396,63.015,0.933
100.147664,311.370,63.013,0.933
100.159274,311.382,63.014,0.931
100.170884,311.394,63.015,0.929
100.182494,311.302,63.010,0.924
100.194104,311.220,63.005,0.916
100.205714,311.093,62.998,0.906
100.217324,311.050,62.996,0.893
100.228934,311.055,62.996,0.880
100.240544,311.288,63.009,0.864
100.252154,311.652,63.029,0.852
100.263764,311.899,63.043,0.839
100.275374,312.073,63.053,0.832
100.286984,312.189,63.059,0.836
100.298594,312.308,63.066,0.841
100.310204,312.308,63.066,0.851
100.321814,312.132,63.056,0.863
100.333424,311.742,63.034,0.862
100.345034,311.543,63.023,0.850
100.356644,311.441,63.017,0.839
100.368254,311.350,63.012,0.823
100.379864,311.090,62.998,0.801
100.391474,310.728,62.978,0.775
100.403084,310.087,62.942,0.735
100.414694,310.543,62.967,0.671
100.426304,311.340,63.012,0.620
100.437914,311.292,63.009,0.607
100.449524,313.395,63.126,0.616
100.461134,314.003,63.159,0.623
100.472744,313.298,63.120,0.629
100.484354,314.219,63.171,0.641
100.495964,313.057,63.107,0.653
100.507574,313.176,63.114,0.702
100.519184,313.314,63.121,0.760
100.530794,313.538,63.134,0.792
100.542404,313.427,63.128,0.797
100.554014,313.324,63.122,0.805
100.565624,312.939,63.101,0.807
100.577234,312.416,63.072,0.811
100.588844,311.900,63.043,0.816
100.600454,311.337,63.012,0.802
100.612063,310.701,62.976,0.769
100.623673,310.452,62.962,0.764
100.635283,311.145,63.001,0.793
100.646893,313.803,63.148,0.827
100.658503,318.211,63.390,0.870
100.670113,322.496,63.621,0.894
100.681723,326.251,63.822,0.920
100.693333,327.782,63.903,0.938
100.704943,659.721,76.012,0.951
100.716553,660.524,76.033,0.948
100.728163,662.085,76.074,0.939
100.739773,663.020,76.099,0.924
100.751383,663.832,76.120,0.906
100.762993,328.933,63.963,0.896
100.774603,327.960,63.912,0.870
100.786213,326.531,63.837,0.840
100.797823,326.550,63.838,0.810
100.809433,327.179,63.871,0.808
100.821043,328.002,63.914,0.812
100.832653,328.689,63.951,0.811
100.844263,329.683,64.003,0.802
100.855873,330.384,64.040,0.810
100.867483,330.348,64.038,0.849
100.879093,330.156,64.028,0.884
100.890703,660.303,76.028,0.912
100.902313,659.209,75.999,0.929
100.913923,658.611,75.983,0.943
100.925533,658.030,75.968,0.956
100.937143,657.919,75.965,0.964
100.948753,657.686,75.959,0.964
100.960363,658.169,75.971,0.956
100.971973,659.026,75.994,0.951
100.983583,659.702,76.012,0.946
100.995193,660.184,76.024,0.943
101.006803,660.719,76.038,0.937
101.018413,660.993,76.046,0.926
101.030023,661.484,76.058,0.913
101.041633,662.049,76.073,0.900
101.053243,661.172,76.050,0.898
101.064853,329.283,63.982,0.891
101.076463,328.204,63.925,0.879
101.088073,326.638,63.842,0.861
101.099683,324.716,63.740,0.853
101.111293,322.805,63.638,0.852
101.122902,318.800,63.422,0.865
101.134512,313.808,63.149,0.873
101.146122,620.490,74.951,0.858
101.157732,296.059,62.141,0.842
101.169342,287.405,61.627,0.828
101.180952,284.011,61.421,0.826
101.192562,281.130,61.245,0.825
101.204172,279.524,61.146,0.827
101.215782,278.101,61.057,0.818
101.227392,277.478,61.018,0.820
101.239002,276.937,60.985,0.833
101.250612,276.692,60.969,0.838
101.262222,276.558,60.961,0.839
101.273832,276.307,60.945,0.845
101.285442,275.981,60.925,0.847
101.297052,275.794,60.913,0.839
101.308662,275.643,60.904,0.824
101.320272,275.616,60.902,0.801
101.331882,275.469,60.893,0.765
101.343492,275.571,60.899,0.740
101.355102,136.607,48.750,0.719
101.366712,136.083,48.684,0.674
101.378322,135.455,48.604,0.608
101.389932,134.353,48.462,0.567
101.401542,316.182,63.279,0.548
101.413152,317.891,63.372,0.534
101.424762,319.052,63.435,0.520
101.436372,317.744,63.364,0.518
101.447982,137.576,48.873,0.514
101.459592,137.952,48.920,0.514
101.471202,137.572,48.872,0.515
101.482812,137.500,48.863,0.525
101.494422,137.545,48.869,0.534
101.506032,92.680,42.034,0.544
101.517642,92.849,42.065,0.553
101.529252,92.984,42.091,0.551
101.540862,93.149,42.121,0.557
101.552472,93.224,42.135,0.561
101.564082,93.250,42.140,0.561
101.575692,93.354,42.159,0.556
101.587302,93.484,42.183,0.549
101.598912,93.447,42.177,0.539
101.610522,93.287,42.147,0.526
101.622132,93.027,42.099,0.510
101.633741,92.894,42.074,0.494
101.645351,321.612,63.574,0.593
101.656961,228.079,57.624,0.710
101.668571,473.156,70.258,0.821
101.680181,324.263,63.716,0.863
101.691791,326.088,63.813,0.875
101.703401,327.149,63.869,0.884
101.715011,328.762,63.954,0.895
101.726621,328.950,63.964,0.906
101.738231,328.967,63.965,0.914
101.749841,329.568,63.997,0.911
101.761451,331.702,64.109,0.883
101.773061,330.758,64.059,0.860
101.784671,329.927,64.016,0.859
101.796281,329.152,63.975,0.863
101.807891,329.020,63.968,0.867
101.819501,329.082,63.971,0.871
101.831111,329.273,63.981,0.854
101.842721,329.342,63.985,0.834
101.854331,330.393,64.040,0.815
101.865941,331.273,64.086,0.797
101.877551,332.202,64.135,0.776
101.889161,332.443,64.147,0.743
101.900771,331.020,64.073,0.685
101.912381,330.813,64.062,0.560
101.923991,330.884,64.066,0.491
101.935601,329.996,64.019,0.478
101.947211,331.221,64.083,0.492
101.958821,333.847,64.220,0.564
101.970431,369.142,65.960,0.740
101.982041,372.419,66.113,0.781
101.993651,372.694,66.126,0.793
102.005261,372.285,66.107,0.812
102.016871,371.598,66.075,0.836
102.028481,370.879,66.041,0.855
102.040091,370.094,66.005,0.872
102.051701,369.454,65.975,0.882
102.063311,368.738,65.941,0.868
102.074921,368.214,65.916,0.865
102.086531,367.971,65.905,0.872
102.098141,367.751,65.895,0.870
102.109751,367.777,65.896,0.867
102.121361,368.014,65.907,0.867
102.132971,368.412,65.926,0.860
102.144580,368.758,65.942,0.852
102.156190,369.252,65.965,0.844
102.167800,369.574,65.980,0.837
102.179410,369.662,65.984,0.832
102.191020,369.561,65.980,0.829
102.202630,369.270,65.966,0.816
102.214240,368.736,65.941,0.797
102.225850,368.281,65.920,0.782
102.237460,367.985,65.906,0.770
102.249070,367.063,65.862,0.750
102.260680,366.022,65.813,0.727
102.272290,316.929,63.320,0.699
102.283900,316.624,63.303,0.670
102.295510,315.750,63.255,0.646
102.307120,316.167,63.278,0.628
102.318730,315.731,63.254,0.601
102.330340,222.067,57.162,0.584
102.341950,318.339,63.397,0.552
102.353560,318.045,63.381,0.542
102.365170,318.354,63.398,0.531
102.376780,318.382,63.399,0.529
102.388390,318.144,63.386,0.527
102.400000,317.888,63.372,0.517
102.411610,318.118,63.385,0.514
102.423220,317.452,63.348,0.502
102.434830,316.935,63.320,0.491
102.446440,316.682,63.306,0.479
102.458050,92.269,41.957,0.475
102.469660,316.163,63.278,0.478
102.481270,315.847,63.261,0.478
102.492880,316.150,63.277,0.483
102.504490,222.985,57.233,0.488
102.516100,222.697,57.211,0.512
102.527710,222.135,57.167,0.535
102.539320,160.148,51.503,0.594
102.550930,312.227,63.061,0.700
102.562540,312.927,63.100,0.783
102.574150,312.949,63.101,0.838
102.585760,313.141,63.112,0.871
102.597370,312.784,63.092,0.887
102.608980,312.291,63.065,0.898
102.620590,311.841,63.040,0.910
102.632200,311.377,63.014,0.922
102.643810,311.162,63.002,0.925
102.655420,310.790,62.981,0.919
102.667029,310.599,62.971,0.912
102.678639,310.351,62.957,0.907
102.690249,310.321,62.955,0.911
102.701859,310.431,62.961,0.917
102.713469,310.528,62.967,0.922
102.725079,310.708,62.977,0.924
102.736689,310.642,62.973,0.922
102.748299,310.231,62.950,0.912
102.759909,309.923,62.933,0.897
102.771519,309.725,62.922,0.880
102.783129,309.522,62.910,0.862
102.794739,308.996,62.881,0.839
102.806349,760.123,78.465,0.807
102.817959,758.352,78.424,0.760
102.829569,751.772,78.273,0.711
102.841179,743.046,78.071,0.678
102.852789,744.098,78.096,0.667
102.864399,745.114,78.119,0.659
102.876009,747.715,78.180,0.643
102.887619,746.109,78.143,0.618
102.899229,744.231,78.099,0.607
102.910839,749.960,78.232,0.582
102.922449,754.824,78.344,0.564
102.934059,312.305,63.065,0.551
102.945669,312.875,63.097,0.530
102.957279,311.935,63.045,0.505
102.968889,313.062,63.107,0.517
102.980499,313.957,63.157,0.556
102.992109,314.368,63.179,0.581
103.003719,314.308,63.176,0.608
103.015329,314.399,63.181,0.631
103.026939,314.337,63.178,0.652
103.038549,314.546,63.189,0.672
103.050159,314.366,63.179,0.685
103.061769,156.351,51.087,0.696
103.073379,156.386,51.091,0.694
103.084989,759.662,78.454,0.692
103.096599,224.933,57.384,0.689
103.108209,759.850,78.459,0.685
103.119819,154.230,50.851,0.678
103.131429,225.126,57.399,0.695
103.143039,297.390,62.218,0.776
103.154649,298.861,62.304,0.820
103.166259,304.981,62.655,0.856
103.177868,307.101,62.774,0.881
103.189478,309.589,62.914,0.906
103.201088,311.312,63.010,0.927
103.212698,311.686,63.031,0.936
103.224308,311.674,63.030,0.938
103.235918,312.332,63.067,0.928
103.247528,313.400,63.126,0.919
103.259138,314.725,63.199,0.902
103.270748,316.007,63.269,0.886
103.282358,316.978,63.323,0.858
103.293968,318.573,63.409,0.829
103.305578,322.180,63.604,0.820
103.317188,329.540,63.995,0.825
103.328798,331.258,64.085,0.829
103.340408,328.353,63.933,0.835
103.352018,327.683,63.898,0.841
103.363628,327.984,63.913,0.841
103.375238,327.749,63.901,0.852
103.386848,327.307,63.878,0.859
103.398458,327.664,63.897,0.858
103.410068,328.191,63.924,0.854
103.421678,329.269,63.981,0.854
103.433288,331.469,64.096,0.853
103.444898,333.579,64.206,0.861
103.456508,334.606,64.260,0.870
103.468118,335.157,64.288,0.869
103.479728,335.812,64.322,0.853
103.491338,335.974,64.330,0.845
103.502948,336.263,64.345,0.833
103.514558,336.661,64.366,0.812
103.526168,336.471,64.356,0.782
103.537778,334.539,64.256,0.736
103.549388,325.028,63.757,0.672
103.560998,212.307,56.384,0.610
103.572608,213.211,56.457,0.624
103.584218,210.427,56.230,0.624
103.595828,314.743,63.200,0.674
103.607438,326.016,63.809,0.749
103.619048,327.699,63.898,0.800
103.630658,329.867,64.013,0.866
103.642268,333.319,64.193,0.912
103.653878,332.467,64.148,0.923
103.665488,331.024,64.073,0.932
103.677098,330.134,64.027,0.943
103.688707,329.682,64.003,0.950
103.700317,329.518,63.994,0.950
103.711927,329.885,64.014,0.948
103.723537,330.118,64.026,0.932
103.735147,329.203,63.978,0.905
103.746757,329.084,63.971,0.893
103.758367,329.758,64.007,0.876
103.769977,330.598,64.051,0.856
103.781587,331.755,64.111,0.826
103.793197,333.053,64.179,0.790
103.804807,332.858,64.169,0.738
103.816417,328.519,63.942,0.657
103.828027,322.661,63.630,0.527
103.839637,324.076,63.706,0.556
103.851247,328.585,63.945,0.593
103.862857,328.093,63.919,0.621
103.874467,328.780,63.955,0.654
103.886077,328.365,63.934,0.679
103.897687,208.072,56.035,0.696
103.909297,328.163,63.923,0.715
103.920907,328.483,63.940,0.722
103.932517,328.412,63.936,0.746
103.944127,330.157,64.028,0.785
103.955737,334.862,64.273,0.814
103.967347,336.861,64.376,0.831
103.978957,335.200,64.290,0.841
103.990567,333.195,64.186,0.857
104.002177,330.272,64.034,0.872
104.013787,328.003,63.914,0.884
104.025397,324.928,63.751,0.888
104.037007,323.469,63.674,0.882
104.048617,323.309,63.665,0.876
104.060227,323.935,63.698,0.882
104.071837,325.485,63.781,0.891
104.083447,169.335,52.468,0.894
104.095057,334.823,64.271,0.896
104.106667,334.896,64.274,0.899
104.118277,334.831,64.271,0.900
104.129887,335.239,64.292,0.899
104.141497,335.691,64.316,0.899
104.153107,334.827,64.271,0.894
104.164717,329.894,64.014,0.884
104.176327,325.913,63.804,0.875
104.187937,324.702,63.739,0.866
104.199546,324.378,63.722,0.863
104.211156,331.345,64.090,0.884
104.222766,334.284,64.243,0.910
104.234376,334.871,64.273,0.918
104.245986,334.466,64.252,0.918
104.257596,334.242,64.241,0.922
104.269206,333.916,64.224,0.928
104.280816,332.882,64.170,0.932
104.292426,330.200,64.030,0.937
104.304036,327.205,63.872,0.926
104.315646,325.680,63.791,0.908
104.327256,324.896,63.750,0.899
104.338866,324.722,63.740,0.900
104.350476,324.804,63.745,0.890
104.362086,325.563,63.785,0.874
104.373696,326.906,63.856,0.859
104.385306,328.392,63.935,0.832
104.396916,329.347,63.985,0.803
104.408526,330.238,64.032,0.769
104.420136,330.789,64.061,0.733
104.431746,328.185,63.924,0.668
104.443356,323.163,63.657,0.630
104.454966,323.549,63.678,0.616
104.466576,324.075,63.706,0.607
104.478186,324.922,63.751,0.605
104.489796,324.912,63.751,0.601
104.501406,325.407,63.777,0.683
104.513016,327.052,63.864,0.750
104.524626,329.905,64.015,0.795
104.536236,331.249,64.085,0.823
104.547846,332.448,64.147,0.845
104.559456,332.480,64.149,0.854
104.571066,332.280,64.139,0.855
104.582676,332.211,64.135,0.859
104.594286,332.414,64.146,0.850
104.605896,332.562,64.153,0.834
104.617506,332.563,64.153,0.820
104.629116,332.837,64.168,0.822
104.640726,333.300,64.192,0.839
104.652336,333.503,64.202,0.861
104.663946,333.727,64.214,0.885
104.675556,333.987,64.227,0.900
104.687166,333.922,64.224,0.912
104.698776,333.481,64.201,0.921
104.710385,332.840,64.168,0.930
104.721995,331.449,64.095,0.934
104.733605,329.630,64.000,0.930
104.745215,328.432,63.937,0.924
104.756825,327.990,63.914,0.917
104.768435,327.827,63.905,0.912
104.780045,327.239,63.874,0.903
104.791655,326.749,63.848,0.887
104.803265,327.101,63.867,0.866
104.814875,328.884,63.961,0.840
104.826485,331.079,64.076,0.813
104.838095,332.821,64.167,0.790
104.849705,332.830,64.167,0.774
104.861315,331.679,64.107,0.762
104.872925,328.806,63.957,0.776
104.884535,324.735,63.741,0.806
104.896145,321.314,63.558,0.824
104.907755,320.627,63.521,0.829
104.919365,321.862,63.587,0.834
104.930975,318.081,63.383,0.837
104.942585,359.017,65.479,0.843
104.954195,363.003,65.670,0.853
104.965805,365.526,65.790,0.860
104.977415,366.602,65.841,0.866
104.989025,367.130,65.865,0.878
105.000635,367.542,65.885,0.894
105.012245,368.221,65.917,0.905
105.023855,369.423,65.973,0.915
105.035465,370.901,66.042,0.923
105.047075,373.016,66.141,0.932
105.058685,375.593,66.260,0.941
105.070295,379.703,66.448,0.947
105.081905,385.139,66.695,0.949
105.093515,864.726,80.697,0.952
105.105125,863.388,80.670,0.958
105.116735,410.876,67.814,0.965
105.128345,412.881,67.899,0.970
105.139955,414.797,67.979,0.970
105.151565,415.849,68.023,0.966
105.163175,415.858,68.023,0.966
105.174785,415.219,67.996,0.968
105.186395,414.650,67.973,0.969
105.198005,414.466,67.965,0.970
105.209615,414.498,67.966,0.971
105.221224,414.570,67.969,0.971
105.232834,414.786,67.978,0.961
105.244444,414.953,67.985,0.949
105.256054,414.948,67.985,0.934
105.267664,414.978,67.986,0.915
105.279274,414.209,67.954,0.899
105.290884,821.626,79.812,0.877
105.302494,799.057,79.330,0.843
105.314104,757.571,78.407,0.809
105.325714,749.230,78.215,0.800
105.337324,752.101,78.281,0.799
105.348934,750.352,78.241,0.792
105.360544,751.988,78.278,0.787
105.372154,137.970,48.922,0.766
105.383764,138.012,48.927,0.738
105.395374,138.142,48.944,0.711
105.406984,846.860,80.335,0.667
105.418594,828.893,79.964,0.633
105.430204,830.357,79.995,0.591
105.441814,828.295,79.952,0.572
105.453424,832.361,80.036,0.554
105.465034,83.046,40.134,0.517
105.476644,83.016,40.127,0.504
105.488254,82.972,40.118,0.500
105.499864,277.634,61.028,0.611
105.511474,297.928,62.249,0.742
105.523084,310.016,62.938,0.799
105.534694,311.091,62.998,0.841
105.546304,310.382,62.958,0.866
105.557914,309.752,62.923,0.887
105.569524,309.379,62.902,0.901
105.581134,308.988,62.881,0.914
105.592744,309.392,62.903,0.915
105.604354,310.031,62.939,0.903
105.615964,310.449,62.962,0.891
105.627574,310.807,62.982,0.868
105.639184,311.684,63.031,0.851
105.650794,313.584,63.136,0.829
105.662404,319.245,63.446,0.825
105.674014,327.166,63.870,0.821
105.685624,329.579,63.997,0.825
105.697234,330.412,64.041,0.824
105.708844,330.535,64.048,0.826
105.720454,330.413,64.041,0.837
105.732063,330.286,64.035,0.843
105.743673,330.207,64.030,0.851
105.755283,329.834,64.011,0.850
105.766893,164.789,51.997,0.844
105.778503,164.712,51.989,0.834
105.790113,164.667,51.985,0.829
105.801723,164.738,51.992,0.831
105.813333,329.742,64.006,0.839
105.824943,330.276,64.034,0.846
105.836553,330.806,64.062,0.852
105.848163,331.694,64.108,0.856
105.859773,332.044,64.126,0.857
105.871383,332.143,64.132,0.861
105.882993,332.037,64.126,0.860
105.894603,331.865,64.117,0.851
105.906213,331.322,64.089,0.844
105.917823,330.210,64.031,0.837
105.929433,328.420,63.936,0.826
105.941043,325.349,63.774,0.803
105.952653,323.065,63.652,0.784
105.964263,328.159,63.923,0.820
105.975873,334.985,64.279,0.836
105.987483,333.474,64.201,0.849
105.999093,330.585,64.050,0.863
106.010703,329.297,63.983,0.878
106.022313,329.070,63.971,0.894
106.033923,329.061,63.970,0.916
106.045533,328.602,63.946,0.932
106.057143,327.338,63.879,0.929
106.068753,327.267,63.876,0.932
106.080363,327.577,63.892,0.935
106.091973,328.090,63.919,0.934
106.103583,328.612,63.947,0.928
106.115193,328.823,63.958,0.916
106.126803,329.125,63.974,0.897
106.138413,329.658,64.002,0.875
106.150023,330.464,64.044,0.855
106.161633,331.105,64.077,0.834
106.173243,331.143,64.079,0.812
106.184853,330.876,64.065,0.781
106.196463,330.071,64.023,0.746
106.208073,327.827,63.905,0.718
106.219683,314.479,63.186,0.712
106.231293,317.287,63.339,0.715
106.242902,310.587,62.970,0.715
106.254512,310.779,62.981,0.702
106.266122,328.991,63.967,0.693
106.277732,330.673,64.055,0.734
106.289342,342.870,64.682,0.789
106.300952,345.612,64.820,0.820
106.312562,345.163,64.797,0.834
106.324172,343.864,64.732,0.849
106.335782,342.270,64.652,0.858
106.347392,173.259,52.865,0.870
106.359002,173.006,52.840,0.878
106.370612,160.711,51.564,0.874
106.382222,328.308,63.931,0.869
106.393832,329.466,63.992,0.870
106.405442,330.322,64.036,0.877
106.417052,332.793,64.165,0.880
106.428662,333.655,64.210,0.869
106.440272,334.702,64.265,0.854
106.451882,335.757,64.319,0.838
106.463492,336.467,64.356,0.824
106.475102,337.125,64.389,0.794
106.486712,336.277,64.346,0.750
106.498322,335.584,64.310,0.683
106.509932,223.068,57.240,0.556
106.521542,107.953,44.675,0.584
106.533152,108.727,44.798,0.619
106.544762,327.327,63.879,0.662
106.556372,325.917,63.804,0.749
106.567982,327.603,63.893,0.792
106.579592,337.489,64.408,0.835
106.591202,352.223,65.148,0.896
106.602812,352.276,65.150,0.918
106.614422,350.660,65.071,0.926
106.626032,349.004,64.989,0.932
106.637642,347.430,64.911,0.938
106.649252,345.360,64.807,0.934
106.660862,242.007,58.651,0.934
106.672472,241.917,58.644,0.929
106.684082,329.841,64.011,0.897
106.695692,328.046,63.917,0.874
106.707302,326.603,63.840,0.856
106.718912,327.465,63.886,0.839
106.730522,329.648,64.001,0.813
106.742132,331.924,64.120,0.782
106.753741,334.080,64.232,0.735
106.765351,335.519,64.307,0.653
106.776961,325.671,63.791,0.513
106.788571,324.258,63.716,0.454
106.800181,323.662,63.684,0.447
106.811791,323.602,63.681,0.445
106.823401,319.784,63.475,0.533
106.835011,318.002,63.378,0.597
106.846621,324.948,63.752,0.690
106.858231,329.316,63.984,0.751
106.869841,329.087,63.972,0.805
106.881451,327.550,63.891,0.843
106.893061,327.365,63.881,0.854
106.904671,327.693,63.898,0.866
106.916281,328.380,63.934,0.872
106.927891,328.866,63.960,0.870
106.939501,328.392,63.935,0.855
106.951111,327.178,63.871,0.836
106.962721,326.548,63.838,0.801
106.974331,329.112,63.973,0.789
106.985941,331.020,64.073,0.825
106.997551,332.841,64.168,0.849
107.009161,332.603,64.156,0.871
107.020771,332.740,64.163,0.905
107.032381,332.354,64.143,0.930
107.043991,331.774,64.112,0.945
107.055601,331.182,64.081,0.954
107.067211,330.953,64.069,0.952
107.078821,330.034,64.021,0.948
107.090431,329.419,63.989,0.945
107.102041,329.808,64.009,0.942
107.113651,330.114,64.026,0.928
107.125261,331.128,64.079,0.917
107.136871,332.513,64.151,0.901
107.148481,334.054,64.231,0.886
107.160091,335.467,64.304,0.871
107.171701,338.368,64.453,0.849
107.183311,343.583,64.718,0.818
107.194921,347.675,64.923,0.775
107.206531,348.466,64.962,0.727
107.218141,340.520,64.563,0.641
107.229751,333.553,64.205,0.590
107.241361,242.754,58.704,0.604
107.252971,246.094,58.940,0.625
107.264580,333.563,64.205,0.678
107.276190,354.089,65.239,0.763
107.287800,359.420,65.498,0.795
107.299410,362.597,65.650,0.824
107.311020,364.702,65.751,0.856
107.322630,365.039,65.767,0.885
107.334240,364.814,65.756,0.902
107.345850,365.229,65.776,0.909
107.357460,366.187,65.821,0.910
107.369070,368.589,65.934,0.910
107.380680,370.856,66.040,0.919
107.392290,757.884,78.414,0.924
107.403900,767.213,78.625,0.928
107.415510,781.700,78.949,0.928
107.427120,795.543,79.253,0.932
107.438730,804.763,79.453,0.942
107.450340,811.616,79.600,0.951
107.461950,820.482,79.788,0.952
107.473560,826.807,79.921,0.952
107.485170,829.663,79.980,0.953
107.496780,830.660,80.001,0.953
107.508390,831.652,80.022,0.953
107.520000,831.515,80.019,0.955
107.531610,831.730,80.023,0.950
107.543220,416.391,68.045,0.941
107.554830,416.466,68.048,0.932
107.566440,415.658,68.015,0.923
107.578050,414.782,67.978,0.914
107.589660,414.236,67.955,0.904
107.601270,411.719,67.850,0.905
107.612880,773.272,78.762,0.910
107.624490,373.035,66.142,0.915
107.636100,370.913,66.043,0.921
107.647710,370.084,66.004,0.923
107.659320,369.722,65.987,0.925
107.670930,369.507,65.977,0.931
107.682540,369.220,65.964,0.936
107.694150,368.800,65.944,0.930
107.705760,367.875,65.901,0.916
107.717370,366.980,65.858,0.908
107.728980,365.981,65.811,0.903
107.740590,364.264,65.730,0.904
107.752200,721.602,77.564,0.908
107.763810,343.746,64.726,0.907
107.775420,332.272,64.138,0.909
107.787029,329.335,63.985,0.916
107.798639,328.730,63.953,0.921
107.810249,328.010,63.915,0.927
107.821859,327.826,63.905,0.934
107.833469,328.354,63.933,0.940
107.845079,329.073,63.971,0.946
107.856689,330.073,64.023,0.950
107.868299,330.640,64.053,0.956
107.879909,332.334,64.142,0.961
107.891519,109.754,44.961,0.972
107.903129,109.535,44.927,0.976
107.914739,109.296,44.889,0.980
107.926349,109.139,44.864,0.983
107.937959,109.006,44.843,0.984
107.949569,108.964,44.836,0.985
107.961179,109.019,44.845,0.982
107.972789,109.080,44.855,0.973
107.984399,82.620,40.045,0.959
107.996009,82.553,40.031,0.947
108.007619,82.777,40.078,0.936
108.019229,82.960,40.116,0.921
108.030839,83.052,40.135,0.906
108.042449,413.265,67.915,0.894
108.054059,413.687,67.932,0.882
108.065669,414.381,67.961,0.879
108.077279,414.930,67.984,0.878
108.088889,415.088,67.991,0.884
108.100499,415.027,67.988,0.892
108.112109,414.973,67.986,0.903
108.123719,414.786,67.978,0.917
108.135329,414.863,67.982,0.921
108.146939,415.347,68.002,0.915
108.158549,415.611,68.013,0.903
108.170159,416.488,68.049,0.899
108.181769,419.183,68.161,0.898
108.193379,429.709,68.590,0.891
108.204989,438.141,68.927,0.882
108.216599,440.414,69.016,0.861
108.228209,440.902,69.035,0.854
108.239819,440.752,69.030,0.862
108.251429,440.252,69.010,0.875
108.263039,439.917,68.997,0.875
108.274649,439.521,68.981,0.867
108.286259,439.088,68.964,0.865
108.297868,439.029,68.962,0.862
108.309478,439.280,68.972,0.860
108.321088,439.835,68.994,0.859
108.332698,440.456,69.018,0.859
108.344308,441.130,69.044,0.858
108.355918,441.685,69.066,0.859
108.367528,441.744,69.068,0.863
108.379138,441.671,69.066,0.867
108.390748,441.345,69.053,0.873
108.402358,440.407,69.016,0.886
108.413968,439.010,68.961,0.891
108.425578,438.216,68.930,0.886
108.437188,437.727,68.910,0.880
108.448798,438.223,68.930,0.880
108.460408,438.488,68.940,0.878
108.472018,436.901,68.878,0.872
108.483628,433.982,68.762,0.864
108.495238,427.800,68.513,0.851
108.506848,423.516,68.339,0.843
108.518458,420.489,68.215,0.849
108.530068,417.638,68.097,0.864
108.541678,415.700,68.016,0.872
108.553288,414.719,67.976,0.878
108.564898,414.134,67.951,0.884
108.576508,413.607,67.929,0.891
108.588118,413.554,67.927,0.899
108.599728,413.902,67.941,0.905
108.611338,413.964,67.944,0.911
108.622948,414.100,67.950,0.908
108.634558,414.259,67.956,0.896
108.646168,414.342,67.960,0.883
108.657778,414.487,67.966,0.870
108.669388,414.396,67.962,0.852
108.680998,413.613,67.929,0.828
108.692608,410.873,67.814,0.798
108.704218,410.974,67.819,0.762
108.715828,413.785,67.937,0.735
108.727438,843.860,80.274,0.725
108.739048,103.070,43.873,0.723
108.750658,441.802,69.071,0.772
108.762268,440.717,69.028,0.829
108.773878,446.591,69.257,0.848
108.785488,447.147,69.279,0.862
108.797098,445.260,69.206,0.870
108.808707,442.318,69.091,0.876
108.820317,440.500,69.020,0.886
108.831927,439.319,68.973,0.896
108.843537,438.563,68.943,0.890
108.855147,437.640,68.907,0.859
108.866757,435.727,68.831,0.842
108.878367,433.850,68.756,0.827
108.889977,433.140,68.728,0.819
108.901587,434.155,68.768,0.827
108.913197,433.719,68.751,0.852
108.924807,431.679,68.669,0.858
108.936417,428.277,68.532,0.862
108.948027,425.082,68.403,0.878
108.959637,422.311,68.290,0.893
108.971247,419.471,68.173,0.906
108.982857,418.026,68.113,0.917
108.994467,416.371,68.044,0.921
109.006077,414.511,67.967,0.914
109.017687,414.149,67.952,0.913
109.029297,414.190,67.953,0.907
109.040907,414.269,67.957,0.891
109.052517,414.600,67.971,0.874
109.064127,415.120,67.992,0.850
109.075737,415.744,68.018,0.822
109.087347,416.669,68.057,0.782
109.098957,418.372,68.127,0.723
109.110567,421.597,68.260,0.646
109.122177,423.256,68.328,0.551
109.133787,423.131,68.323,0.544
109.145397,423.013,68.318,0.528
109.157007,423.140,68.324,0.524
109.168617,421.911,68.273,0.523
109.180227,420.358,68.209,0.534
109.191837,417.645,68.097,0.668
109.203447,350.194,65.048,0.756
109.215057,348.752,64.976,0.799
109.226667,347.482,64.913,0.847
109.238277,346.131,64.846,0.879
109.249887,344.348,64.756,0.907
109.261497,342.260,64.651,0.930
109.273107,335.564,64.309,0.948
109.284717,330.772,64.060,0.956
109.296327,329.469,63.992,0.958
109.307937,328.327,63.932,0.963
109.319546,327.544,63.890,0.962
109.331156,327.418,63.884,0.961
109.342766,327.802,63.904,0.958
109.354376,328.581,63.945,0.951
109.365986,329.488,63.993,0.938
109.377596,330.244,64.032,0.920
109.389206,331.187,64.082,0.902
109.400816,332.042,64.126,0.878
109.412426,332.519,64.151,0.851
109.424036,332.266,64.138,0.821
109.435646,330.957,64.070,0.786
109.447256,329.284,63.982,0.755
109.458866,329.854,64.012,0.751
109.470476,334.786,64.269,0.781
109.482086,335.360,64.298,0.824
109.493696,335.043,64.282,0.857
109.505306,334.192,64.238,0.882
109.516916,333.413,64.198,0.903
109.528526,332.761,64.164,0.923
109.540136,331.950,64.122,0.941
109.551746,330.923,64.068,0.956
109.563356,329.435,63.990,0.965
109.574966,328.298,63.930,0.968
109.586576,327.768,63.902,0.971
109.598186,327.710,63.899,0.972
109.609796,327.959,63.912,0.970
109.621406,328.245,63.927,0.964
109.633016,328.558,63.944,0.953
109.644626,329.052,63.970,0.933
109.656236,329.710,64.004,0.911
109.667846,330.723,64.057,0.884
109.679456,331.890,64.118,0.848
109.691066,332.836,64.168,0.802
109.702676,332.870,64.169,0.743
109.714286,331.984,64.123,0.670
109.725896,329.376,63.987,0.587
109.737506,330.260,64.033,0.606
109.749116,133.523,48.355,0.631
109.760726,329.712,64.004,0.653
109.772336,329.599,63.998,0.673
109.783946,217.824,56.828,0.737
109.795556,504.004,71.351,0.816
109.807166,507.033,71.455,0.879
109.818776,503.578,71.337,0.899
109.830385,499.611,71.200,0.910
109.841995,497.052,71.111,0.917
109.853605,493.756,70.996,0.925
109.865215,492.522,70.952,0.934
109.876825,492.940,70.967,0.937
109.888435,492.456,70.950,0.927
109.900045,490.899,70.895,0.902
109.911655,491.136,70.903,0.898
109.923265,491.788,70.926,0.902
109.934875,492.372,70.947,0.906
109.946485,493.196,70.976,0.914
109.958095,494.275,71.014,0.911
109.969705,495.170,71.045,0.900
109.981315,495.745,71.065,0.888
109.992925,496.075,71.077,0.876
110.004535,496.106,71.078,0.858
110.016145,495.666,71.062,0.833
110.027755,495.241,71.048,0.805
110.039365,494.613,71.026,0.749
110.050975,494.871,71.035,0.711
110.062585,164.894,52.008,0.710
110.074195,167.876,52.319,0.773
110.085805,351.726,65.123,0.805
110.097415,353.846,65.227,0.852
110.109025,353.380,65.205,0.903
110.120635,351.880,65.131,0.932
110.132245,351.247,65.100,0.939
110.143855,349.860,65.031,0.946
110.155465,348.027,64.940,0.954
110.167075,345.161,64.797,0.948
110.178685,341.236,64.599,0.947
110.190295,340.614,64.568,0.939
110.201905,340.326,64.553,0.916
110.213515,341.211,64.598,0.901
110.225125,345.145,64.796,0.910
110.236735,351.615,65.118,0.918
110.248345,360.589,65.554,0.921
110.259955,365.457,65.786,0.924
110.271565,367.452,65.881,0.928
110.283175,368.482,65.929,0.930
110.294785,369.251,65.965,0.934
110.306395,369.630,65.983,0.935
110.318005,369.350,65.970,0.939
110.329615,369.314,65.968,0.942
110.341224,369.540,65.979,0.944
110.352834,370.205,66.010,0.948
110.364444,371.211,66.057,0.948
110.376054,372.418,66.113,0.947
110.387664,373.144,66.147,0.950
110.399274,373.274,66.153,0.949
110.410884,373.063,66.143,0.941
110.422494,373.155,66.147,0.932
110.434104,372.618,66.122,0.921
110.445714,369.390,65.972,0.912
110.457324,360.416,65.546,0.911
110.468934,347.160,64.897,0.905
110.480544,340.387,64.556,0.897
110.492154,338.996,64.485,0.896
110.503764,339.529,64.512,0.897
110.515374,340.593,64.567,0.900
110.526984,342.112,64.644,0.911
110.538594,344.732,64.776,0.917
110.550204,351.117,65.093,0.921
110.561814,360.391,65.545,0.928
110.573424,366.023,65.813,0.935
110.585034,368.504,65.930,0.937
110.596644,369.549,65.979,0.943
110.608254,370.241,66.012,0.950
110.619864,370.897,66.042,0.952
110.631474,370.622,66.029,0.953
110.643084,370.114,66.006,0.953
110.654694,369.701,65.986,0.957
110.666304,369.392,65.972,0.958
110.677914,369.203,65.963,0.960
110.689524,369.185,65.962,0.960
110.701134,369.223,65.964,0.958
110.712744,369.366,65.971,0.959
110.724354,369.579,65.981,0.958
110.735964,369.867,65.994,0.960
110.747574,370.137,66.007,0.959
110.759184,370.337,66.016,0.957
110.770794,370.521,66.025,0.955
110.782404,370.536,66.025,0.956
110.794014,370.583,66.027,0.955
110.805624,370.599,66.028,0.954
110.817234,370.538,66.025,0.952
110.828844,370.438,66.021,0.950
110.840454,370.368,66.017,0.949
110.852063,370.342,66.016,0.951
110.863673,370.331,66.016,0.954
110.875283,370.546,66.026,0.955
110.886893,370.641,66.030,0.957
110.898503,370.756,66.036,0.959
110.910113,370.803,66.038,0.960
110.921723,370.781,66.037,0.961
110.933333,370.492,66.023,0.959
110.944943,370.064,66.003,0.957
110.956553,369.627,65.983,0.953
110.968163,369.238,65.965,0.950
110.979773,368.999,65.953,0.947
110.991383,368.911,65.949,0.945
111.002993,368.884,65.948,0.943
111.014603,369.009,65.954,0.941
111.026213,369.304,65.968,0.942
111.037823,369.726,65.987,0.943
111.049433,370.150,66.007,0.946
111.061043,370.449,66.021,0.949
111.072653,370.491,66.023,0.951
111.084263,370.456,66.022,0.954
111.095873,370.346,66.016,0.958
111.107483,370.137,66.007,0.961
111.119093,370.032,66.002,0.961
111.130703,369.877,65.994,0.960
111.142313,369.648,65.984,0.958
111.153923,369.510,65.977,0.955
111.165533,369.356,65.970,0.954
111.177143,369.193,65.962,0.950
111.188753,369.188,65.962,0.946
111.200363,369.268,65.966,0.943
111.211973,369.398,65.972,0.942
111.223583,369.547,65.979,0.942
111.235193,369.720,65.987,0.942
111.246803,369.802,65.991,0.945
111.258413,369.992,66.000,0.946
111.270023,370.122,66.006,0.946
111.281633,370.218,66.010,0.948
111.293243,370.260,66.012,0.948
111.304853,370.148,66.007,0.946
111.316463,370.074,66.004,0.945
111.328073,369.872,65.994,0.946
111.339683,369.611,65.982,0.948
111.351293,369.437,65.974,0.949
111.362902,369.575,65.980,0.958
111.374512,369.683,65.985,0.964
111.386122,369.852,65.993,0.966
111.397732,370.229,66.011,0.969
111.409342,370.732,66.034,0.970
111.420952,371.317,66.062,0.969
111.432562,371.909,66.089,0.966
111.444172,372.295,66.107,0.963
111.455782,372.238,66.105,0.953
111.467392,371.948,66.091,0.943
111.479002,371.373,66.064,0.936
111.490612,370.578,66.027,0.929
111.502222,369.849,65.993,0.927
111.513832,369.276,65.966,0.931
111.525442,368.756,65.942,0.933
111.537052,368.354,65.923,0.936
111.548662,368.206,65.916,0.940
111.560272,368.491,65.929,0.945
111.571882,369.030,65.955,0.954
111.583492,369.649,65.984,0.959
111.595102,370.570,66.027,0.964
111.606712,371.635,66.077,0.965
111.618322,372.631,66.123,0.965
111.629932,373.388,66.158,0.965
111.641542,373.699,66.172,0.964
111.653152,373.577,66.167,0.961
111.664762,373.015,66.141,0.954
111.676372,372.113,66.099,0.946
111.687982,370.297,66.014,0.936
111.699592,368.339,65.922,0.925
111.711202,366.979,65.858,0.919
111.722812,366.096,65.817,0.913
111.734422,365.815,65.803,0.910
111.746032,366.280,65.825,0.909
111.757642,367.564,65.886,0.915
111.769252,369.082,65.957,0.925
111.780862,371.123,66.053,0.936
111.792472,372.653,66.124,0.945
111.804082,373.675,66.171,0.950
111.815692,373.959,66.185,0.954
111.827302,373.688,66.172,0.952
111.838912,372.917,66.136,0.948
111.850522,371.520,66.071,0.944
111.862132,369.752,65.989,0.939
111.873741,367.999,65.906,0.932
111.885351,366.751,65.848,0.927
111.896961,366.137,65.819,0.925
111.908571,366.375,65.830,0.927
111.920181,367.222,65.870,0.935
111.931791,368.570,65.933,0.945
111.943401,370.048,66.003,0.952
111.955011,371.480,66.069,0.957
111.966621,372.528,66.118,0.960
111.978231,373.191,66.149,0.960
111.989841,373.326,66.155,0.958
112.001451,373.024,66.141,0.954
112.013061,372.260,66.106,0.949
112.024671,371.054,66.049,0.940
112.036281,369.626,65.983,0.931
112.047891,368.304,65.921,0.925
112.059501,367.673,65.891,0.921
112.071111,367.534,65.884,0.924
112.082721,368.090,65.911,0.931
112.094331,369.052,65.956,0.937
112.105941,370.625,66.029,0.942
112.117551,372.551,66.119,0.951
112.129161,373.700,66.173,0.962
112.140771,374.292,66.200,0.968
112.152381,374.156,66.194,0.969
112.163991,373.758,66.175,0.961
112.175601,372.367,66.111,0.957
112.187211,370.344,66.016,0.956
112.198821,368.746,65.941,0.953
112.210431,367.814,65.898,0.947
112.222041,367.735,65.894,0.942
112.233651,368.004,65.907,0.936
112.245261,369.555,65.979,0.935
112.256871,371.149,66.054,0.934
112.268481,372.835,66.132,0.918
112.280091,374.366,66.203,0.899
112.291701,375.757,66.268,0.877
112.303311,377.064,66.328,0.850
112.314921,377.468,66.346,0.811
112.326531,375.674,66.264,0.766
112.338141,371.347,66.063,0.692
112.349751,367.250,65.871,0.634
112.361361,367.916,65.902,0.635
112.372971,369.079,65.957,0.633
112.384580,369.942,65.998,0.636
112.396190,370.545,66.026,0.640
112.407800,371.325,66.062,0.637
112.419410,372.178,66.102,0.631
112.431020,373.094,66.144,0.623
112.442630,373.255,66.152,0.616
112.454240,372.795,66.131,0.608
112.465850,371.624,66.076,0.594
112.477460,369.870,65.994,0.572
112.489070,369.092,65.958,0.545
112.500680,368.849,65.946,0.541
112.512290,368.495,65.930,0.541
112.523900,368.077,65.910,0.529
112.535510,369.269,65.966,0.522
112.547120,728.322,77.725,0.606
112.558730,691.442,76.825,0.790
112.570340,440.665,69.026,0.839
112.581950,446.197,69.242,0.871
112.593560,449.359,69.364,0.899
112.605170,449.267,69.361,0.910
112.616780,448.557,69.333,0.928
112.628390,447.318,69.286,0.942
112.640000,446.151,69.240,0.950
112.651610,446.957,69.272,0.932
112.663220,446.512,69.254,0.923
112.674830,447.923,69.309,0.924
112.686440,447.089,69.277,0.913
112.698050,452.253,69.476,0.921
112.709660,471.269,70.189,0.924
112.721270,479.543,70.490,0.924
112.732880,485.983,70.721,0.926
112.744490,488.863,70.823,0.931
112.756100,490.546,70.883,0.938
112.767710,492.779,70.961,0.938
112.779320,493.662,70.992,0.943
112.790930,494.016,71.005,0.943
112.802540,493.653,70.992,0.943
112.814150,493.125,70.973,0.943
112.825760,492.670,70.957,0.943
112.837370,492.557,70.953,0.942
112.848980,492.721,70.959,0.940
112.860590,492.914,70.966,0.936
112.872200,493.059,70.971,0.935
112.883810,493.096,70.972,0.933
112.895420,493.185,70.976,0.926
112.907029,493.013,70.969,0.924
112.918639,492.028,70.935,0.922
112.930249,490.285,70.873,0.924
112.941859,487.360,70.770,0.926
112.953469,483.313,70.625,0.926
112.965079,478.613,70.456,0.924
112.976689,473.681,70.277,0.921
112.988299,469.054,70.107,0.919
112.999909,461.827,69.838,0.918
113.011519,450.659,69.414,0.921
113.023129,431.837,68.676,0.924
113.034739,421.002,68.236,0.927
113.046349,417.076,68.074,0.922
113.057959,415.496,68.008,0.920
113.069569,414.809,67.979,0.922
113.081179,414.713,67.975,0.930
113.092789,414.813,67.979,0.926
113.104399,415.169,67.994,0.911
113.116009,207.807,56.013,0.887
113.127619,208.009,56.030,0.858
113.139229,208.150,56.041,0.841
113.150839,416.579,68.053,0.822
113.162449,417.433,68.088,0.809
113.174059,420.048,68.197,0.814
113.185669,421.782,68.268,0.816
113.197279,422.646,68.303,0.829
113.208889,422.569,68.300,0.844
113.220499,421.581,68.260,0.860
113.232109,420.568,68.218,0.872
113.243719,419.563,68.177,0.883
113.255329,417.965,68.111,0.885
113.266939,415.257,67.998,0.870
113.278549,412.634,67.888,0.869
113.290159,410.613,67.803,0.868
113.301769,409.965,67.776,0.865
113.313379,409.929,67.774,0.864
113.324989,411.379,67.836,0.866
113.336599,414.571,67.969,0.868
113.348209,417.823,68.105,0.868
113.359819,420.276,68.206,0.869
113.371429,421.405,68.252,0.868
113.383039,421.765,68.267,0.869
113.394649,421.492,68.256,0.871
113.406259,420.665,68.222,0.872
113.417868,418.317,68.125,0.870
113.429478,415.908,68.025,0.869
113.441088,414.347,67.960,0.866
113.452698,413.563,67.927,0.862
113.464308,413.321,67.917,0.861
113.475918,413.671,67.932,0.860
113.487528,414.241,67.956,0.858
113.499138,414.973,67.986,0.855
113.510748,415.738,68.018,0.856
113.522358,416.226,68.038,0.856
113.533968,416.418,68.046,0.858
113.545578,416.310,68.042,0.860
113.557188,416.037,68.031,0.862
113.568798,415.643,68.014,0.863
113.580408,415.218,67.996,0.865
113.592018,414.804,67.979,0.866
113.603628,414.426,67.963,0.865
113.615238,414.189,67.953,0.863
113.626848,414.045,67.947,0.861
113.638458,413.951,67.943,0.863
113.650068,413.676,67.932,0.866
113.661678,413.634,67.930,0.864
113.673288,413.593,67.929,0.852
113.684898,413.607,67.929,0.836
113.696508,413.540,67.926,0.819
113.708118,413.284,67.916,0.799
113.719728,412.852,67.897,0.772
113.731338,412.083,67.865,0.744
113.742948,417.319,68.084,0.785
113.754558,450.723,69.417,0.802
113.766168,448.207,69.320,0.831
113.777778,444.462,69.175,0.866
113.789388,443.173,69.124,0.903
113.800998,442.843,69.112,0.928
113.812608,442.233,69.088,0.956
113.824218,441.444,69.057,0.973
113.835828,440.843,69.033,0.968
113.847438,440.599,69.024,0.966
113.859048,440.607,69.024,0.962
113.870658,440.835,69.033,0.949
113.882268,440.728,69.029,0.924
113.893878,440.691,69.027,0.898
113.905488,441.539,69.060,0.857
113.917098,441.690,69.066,0.839
113.928707,442.692,69.106,0.844
113.940317,444.388,69.172,0.845
113.951927,443.579,69.140,0.850
113.963537,442.853,69.112,0.853
113.975147,442.746,69.108,0.856
113.986757,442.521,69.099,0.859
113.998367,443.133,69.123,0.857
114.009977,443.570,69.140,0.832
114.021587,442.828,69.111,0.797
114.033197,436.993,68.881,0.774
114.044807,426.356,68.455,0.795
114.056417,437.191,68.889,0.839
114.068027,441.101,69.043,0.859
114.079637,441.046,69.041,0.871
114.091247,440.165,69.006,0.873
114.102857,439.799,68.992,0.870
114.114467,440.026,69.001,0.866
114.126077,440.095,69.004,0.860
114.137687,441.583,69.062,0.827
114.149297,440.344,69.014,0.761
114.160907,438.824,68.954,0.710
114.172517,435.721,68.831,0.657
114.184127,433.800,68.754,0.652
114.195737,436.432,68.859,0.767
114.207347,448.498,69.331,0.843
114.218957,449.691,69.377,0.887
114.230567,449.894,69.385,0.922
114.242177,448.745,69.341,0.952
114.253787,447.637,69.298,0.960
114.265397,446.923,69.270,0.965
114.277007,445.974,69.233,0.972
114.288617,445.598,69.219,0.969
114.300227,442.963,69.116,0.957
114.311837,440.322,69.013,0.944
114.323447,437.865,68.916,0.917
114.335057,437.167,68.888,0.877
114.346667,437.725,68.910,0.859
114.358277,437.779,68.912,0.845
114.369887,436.901,68.878,0.816
114.381497,434.636,68.788,0.771
114.393107,433.142,68.728,0.706
114.404717,438.360,68.935,0.621
114.416327,441.902,69.075,0.583
114.427937,442.497,69.098,0.574
114.439546,443.664,69.144,0.557
114.451156,444.289,69.168,0.535
114.462766,443.715,69.146,0.511
114.474376,433.710,68.751,0.567
114.485986,422.475,68.296,0.760
114.497596,423.037,68.319,0.802
114.509206,422.525,68.298,0.831
114.520816,421.548,68.258,0.860
114.532426,420.664,68.222,0.887
114.544036,419.603,68.178,0.910
114.555646,418.754,68.143,0.936
114.567256,418.196,68.120,0.953
114.578866,417.102,68.075,0.946
114.590476,415.809,68.021,0.955
114.602086,414.990,67.987,0.962
114.613696,414.451,67.964,0.967
114.625306,414.771,67.978,0.970
114.636916,415.656,68.015,0.972
114.648526,416.540,68.051,0.967
114.660136,417.091,68.074,0.963
114.671746,417.123,68.076,0.962
114.683356,416.999,68.070,0.957
114.694966,416.757,68.060,0.954
114.706576,416.247,68.039,0.952
114.718186,415.693,68.016,0.950
114.729796,414.891,67.983,0.952
114.741406,414.287,67.958,0.954
114.753016,828.225,79.950,0.947
114.764626,827.496,79.935,0.935
114.776236,413.741,67.935,0.925
114.787846,414.287,67.958,0.920
114.799456,414.515,67.967,0.918
114.811066,414.202,67.954,0.933
114.822676,412.990,67.903,0.934
114.834286,411.065,67.822,0.924
114.845896,408.558,67.716,0.941
114.857506,405.600,67.591,0.963
114.869116,402.923,67.476,0.968
114.880726,398.130,67.269,0.967
114.892336,393.958,67.086,0.964
114.903946,389.403,66.885,0.945
114.915556,387.687,66.809,0.930
114.927166,387.171,66.786,0.929
114.938776,387.022,66.779,0.914
114.950385,386.822,66.770,0.888
114.961995,389.836,66.904,0.881
114.973605,396.532,67.199,0.878
114.985215,403.487,67.500,0.875
114.996825,407.854,67.687,0.882
115.008435,410.816,67.812,0.886
115.020045,414.130,67.951,0.884
115.031655,416.151,68.035,0.881
115.043265,416.693,68.058,0.879
115.054875,416.992,68.070,0.877
115.066485,416.783,68.062,0.873
115.078095,416.166,68.036,0.863
115.089705,415.555,68.010,0.853
115.101315,415.240,67.997,0.848
115.112925,415.234,67.997,0.847
115.124535,415.378,68.003,0.854
115.136145,415.576,68.011,0.862
115.147755,415.672,68.015,0.873
115.159365,415.832,68.022,0.878
115.170975,415.990,68.029,0.882
115.182585,416.065,68.032,0.886
115.194195,415.825,68.022,0.888
115.205805,415.112,67.992,0.917
115.217415,414.619,67.971,0.916
115.229025,412.463,67.881,0.926
115.240635,409.354,67.750,0.946
115.252245,405.608,67.591,0.959
115.263855,400.077,67.353,0.967
115.275465,394.549,67.112,0.969
115.287075,389.109,66.872,0.972
115.298685,381.107,66.512,0.964
115.310295,378.262,66.383,0.968
115.321905,762.925,78.528,0.964
115.333515,774.538,78.790,0.958
115.345125,207.480,55.986,0.953
115.356735,206.963,55.942,0.949
115.368345,207.143,55.957,0.953
115.379955,207.021,55.947,0.950
115.391565,410.899,67.815,0.937
115.403175,412.647,67.889,0.926
115.414785,413.916,67.942,0.918
115.426395,414.941,67.985,0.895
115.438005,415.120,67.992,0.878
115.449615,415.185,67.995,0.871
115.461224,414.851,67.981,0.857
115.472834,414.862,67.982,0.854
115.484444,414.662,67.973,0.870
115.496054,414.354,67.960,0.882
115.507664,414.023,67.946,0.885
115.519274,414.002,67.946,0.891
115.530884,413.554,67.927,0.897
115.542494,413.349,67.918,0.896
115.554104,411.528,67.842,0.917
115.565714,409.814,67.770,0.921
115.577324,409.513,67.757,0.915
115.588934,409.711,67.765,0.912
115.600544,408.214,67.702,0.921
115.612154,767.106,78.623,0.929
115.623764,763.857,78.550,0.928
115.635374,758.733,78.433,0.930
115.646984,103.954,44.021,0.911
115.658594,103.869,44.007,0.915
115.670204,103.818,43.999,0.919
115.681814,207.536,55.990,0.923
115.693424,207.447,55.983,0.923
115.705034,207.456,55.984,0.923
115.716644,207.432,55.982,0.928
115.728254,166.256,52.151,0.933
115.739864,165.947,52.119,0.936
115.751474,165.792,52.102,0.931
115.763084,165.783,52.102,0.933
115.774694,82.975,40.119,0.936
115.786304,82.949,40.113,0.932
115.797914,82.947,40.113,0.923
115.809524,82.944,40.112,0.915
115.821134,82.910,40.105,0.913
115.832744,208.030,56.031,0.917
115.844354,208.244,56.049,0.922
115.855964,208.502,56.071,0.918
115.867574,167.644,52.295,0.914
115.879184,167.537,52.284,0.917
115.890794,167.278,52.257,0.923
115.902404,166.965,52.225,0.926
115.914014,208.892,56.103,0.923
115.925624,208.851,56.100,0.915
115.937234,208.770,56.093,0.907
115.948844,208.574,56.077,0.903
115.960454,208.405,56.063,0.898
115.972063,83.023,40.129,0.886
115.983673,83.042,40.133,0.872
115.995283,83.058,40.136,0.864
116.006893,83.088,40.143,0.858
116.018503,83.077,40.140,0.854
116.030113,83.078,40.140,0.850
116.041723,415.427,68.005,0.843
116.053333,207.742,56.007,0.836
116.064943,415.565,68.011,0.836
116.076553,415.669,68.015,0.837
116.088163,415.741,68.018,0.838
116.099773,415.620,68.013,0.844
116.111383,415.198,67.996,0.857
116.122993,83.037,40.132,0.874
116.134603,83.069,40.138,0.884
116.146213,83.133,40.152,0.888
116.157823,83.185,40.163,0.887
116.169433,83.211,40.168,0.890
116.181043,83.224,40.171,0.893
116.192653,83.246,40.175,0.892
116.204263,83.260,40.178,0.889
116.215873,83.205,40.167,0.886
116.227483,166.228,52.148,0.883
116.239093,83.085,40.142,0.879
116.250703,83.057,40.136,0.878
116.262313,83.023,40.129,0.885
116.273923,83.045,40.134,0.886
116.285533,83.003,40.125,0.897
116.297143,769.126,78.669,0.913
116.308753,760.829,78.481,0.929
116.320363,747.616,78.178,0.941
116.331973,744.341,78.102,0.953
116.343583,744.585,78.107,0.965
116.355193,746.463,78.151,0.975
116.366803,747.136,78.166,0.987
116.378413,747.772,78.181,0.995
116.390023,92.054,41.917,0.996
116.401633,92.107,41.927,0.991
116.413243,92.265,41.956,0.986
116.424853,371.133,66.053,0.983
116.436463,371.486,66.070,0.974
116.448073,371.941,66.091,0.958
116.459683,373.307,66.154,0.939
116.471293,93.384,42.165,0.916
116.482902,93.652,42.215,0.888
116.494512,93.699,42.223,0.862
116.506122,816.770,79.709,0.850
116.517732,414.762,67.977,0.837
116.529342,414.081,67.949,0.849
116.540952,103.959,44.022,0.866
116.552562,138.743,49.019,0.895
116.564172,138.815,49.028,0.909
116.575782,373.020,66.141,0.921
116.587392,372.968,66.139,0.930
116.599002,371.835,66.086,0.934
116.610612,370.198,66.010,0.940
116.622222,369.838,65.993,0.948
116.633832,370.080,66.004,0.952
116.645442,369.668,65.985,0.946
116.657052,368.815,65.945,0.943
116.668662,368.195,65.916,0.946
116.680272,368.343,65.923,0.943
116.691882,369.333,65.969,0.942
116.703492,370.098,66.005,0.934
116.715102,372.311,66.108,0.923
116.726712,373.481,66.162,0.913
116.738322,373.663,66.171,0.898
116.749932,373.542,66.165,0.891
116.761542,372.905,66.136,0.881
116.773152,371.732,66.081,0.881
116.784762,369.684,65.985,0.878
116.796372,368.331,65.922,0.885
116.807982,367.040,65.861,0.893
116.819592,366.486,65.835,0.899
116.831202,366.758,65.848,0.913
116.842812,367.688,65.892,0.923
116.854422,368.937,65.950,0.926
116.866032,370.117,66.006,0.928
116.877642,372.398,66.112,0.941
116.889252,374.431,66.206,0.956
116.900862,375.335,66.248,0.954
116.912472,375.890,66.274,0.949
116.924082,376.298,66.292,0.942
116.935692,376.124,66.284,0.934
116.947302,376.159,66.286,0.950
116.958912,377.186,66.333,0.957
116.970522,379.172,66.424,0.966
116.982132,771.700,78.726,0.963
116.993741,775.830,78.819,0.970
117.005351,783.767,78.995,0.981
117.016961,791.330,79.161,0.992
117.028571,795.893,79.261,0.998
117.040181,803.460,79.425,0.988
117.051791,808.017,79.523,0.983
117.063401,82.907,40.105,0.961
117.075011,82.945,40.113,0.941
117.086621,207.592,55.995,0.922
117.098231,207.257,55.967,0.905
117.109841,411.735,67.851,0.904
117.121451,410.196,67.786,0.908
117.133061,406.489,67.629,0.928
117.144671,795.074,79.243,0.932
117.156281,792.602,79.189,0.938
117.167891,779.134,78.892,0.958
117.179501,770.275,78.694,0.974
117.191111,764.652,78.568,0.982
117.202721,756.509,78.382,0.982
117.214331,371.336,66.063,0.980
117.225941,369.450,65.975,0.969
117.237551,368.604,65.935,0.967
117.249161,367.935,65.903,0.965
117.260771,367.504,65.883,0.948
117.272381,367.553,65.885,0.927
117.283991,370.983,66.046,0.920
117.295601,373.561,66.166,0.909
117.307211,375.029,66.234,0.896
117.318821,375.711,66.265,0.886
117.330431,375.506,66.256,0.885
117.342041,374.964,66.231,0.890
117.353651,374.520,66.210,0.897
117.365261,373.913,66.182,0.909
117.376871,372.221,66.104,0.912
117.388481,370.896,66.042,0.923
117.400091,369.553,65.979,0.936
117.411701,368.755,65.942,0.946
117.423311,368.055,65.909,0.953
117.434921,367.533,65.884,0.958
117.446531,367.221,65.870,0.955
117.458141,367.312,65.874,0.944
117.469751,367.342,65.875,0.925
117.481361,367.214,65.869,0.898
117.492971,366.895,65.854,0.862
117.504580,366.251,65.824,0.817
117.516190,365.597,65.793,0.755
117.527800,367.308,65.874,0.650
117.539410,373.893,66.181,0.608
117.551020,765.831,78.594,0.669
117.562630,779.133,78.892,0.729
117.574240,769.341,78.673,0.778
117.585850,759.683,78.455,0.812
117.597460,758.571,78.429,0.834
117.609070,372.906,66.136,0.852
117.620680,373.286,66.153,0.870
117.632290,372.488,66.116,0.881
117.643900,371.629,66.076,0.882
117.655510,372.217,66.104,0.880
117.667120,373.354,66.156,0.875
117.678730,374.880,66.227,0.873
117.690340,375.801,66.270,0.876
117.701950,376.064,66.282,0.880
117.713560,376.348,66.295,0.882
117.725170,206.452,55.900,0.884
117.736780,207.794,56.012,0.893
117.748390,208.484,56.069,0.902
117.760000,413.464,67.923,0.907
117.771610,413.898,67.941,0.907
117.783220,414.268,67.957,0.905
117.794830,414.622,67.972,0.904
117.806440,414.198,67.954,0.903
117.818050,413.272,67.915,0.901
117.829660,412.025,67.863,0.893
117.841270,410.844,67.813,0.878
117.852880,410.167,67.784,0.860
117.864490,410.430,67.796,0.856
117.876100,410.635,67.804,0.856
117.887710,408.838,67.728,0.858
117.899320,405.398,67.582,0.865
117.910930,401.471,67.413,0.870
117.922540,397.863,67.257,0.874
117.934150,395.296,67.145,0.883
117.945760,391.670,66.986,0.898
117.957370,384.758,66.677,0.907
117.968980,379.860,66.456,0.911
117.980590,375.621,66.261,0.912
117.992200,370.581,66.027,0.907
118.003810,367.336,65.875,0.904
118.015420,365.033,65.766,0.902
118.027029,362.869,65.663,0.897
118.038639,360.062,65.529,0.887
118.050249,353.305,65.201,0.872
118.061859,343.360,64.707,0.857
118.073469,336.042,64.334,0.844
118.085079,332.954,64.174,0.831
118.096689,330.609,64.051,0.827
118.108299,329.302,63.983,0.821
118.119909,328.966,63.965,0.814
118.131519,328.686,63.950,0.799
118.143129,328.303,63.930,0.787
118.154739,328.008,63.915,0.773
118.166349,328.793,63.956,0.776
118.177959,333.657,64.210,0.802
118.189569,337.761,64.422,0.810
118.201179,338.745,64.472,0.827
118.212789,336.859,64.376,0.850
118.224399,334.388,64.248,0.871
118.236009,333.403,64.197,0.881
118.247619,332.520,64.151,0.890
118.259229,330.543,64.048,0.893
118.270839,328.095,63.919,0.884
118.282449,327.664,63.897,0.878
118.294059,326.944,63.858,0.863
118.305669,326.397,63.829,0.838
118.317279,327.027,63.863,0.812
118.328889,327.747,63.901,0.800
118.340499,328.612,63.947,0.786
118.352109,329.728,64.005,0.769
118.363719,330.805,64.062,0.749
118.375329,164.521,51.969,0.731
118.386939,164.493,51.966,0.716
118.398549,164.491,51.966,0.721
118.410159,164.472,51.964,0.726
118.421769,164.447,51.961,0.721
118.433379,164.536,51.971,0.708
118.444989,409.108,67.740,0.726
118.456599,339.955,64.534,0.743
118.468209,340.555,64.565,0.750
118.479819,339.752,64.524,0.779
118.491429,338.041,64.436,0.826
118.503039,335.717,64.317,0.859
118.514649,333.585,64.207,0.885
118.526259,332.984,64.175,0.901
118.537868,332.906,64.171,0.897
118.549478,333.112,64.182,0.892
118.561088,332.244,64.137,0.887
118.572698,331.729,64.110,0.873
118.584308,331.933,64.121,0.837
118.595918,333.495,64.202,0.790
118.607528,339.367,64.504,0.731
118.619138,343.360,64.707,0.698
118.630748,382.808,66.589,0.750
118.642358,381.024,66.509,0.794
118.653968,379.071,66.420,0.835
118.665578,377.717,66.358,0.857
118.677188,377.022,66.326,0.867
118.688798,376.198,66.288,0.879
118.700408,375.836,66.271,0.884
118.712018,375.461,66.254,0.886
118.723628,373.663,66.171,0.875
118.735238,371.754,66.082,0.857
118.746848,369.588,65.981,0.825
118.758458,368.676,65.938,0.802
118.770068,368.945,65.951,0.789
118.781678,370.070,66.004,0.772
118.793288,371.141,66.054,0.758
118.804898,371.752,66.082,0.741
118.816508,372.387,66.112,0.719
118.828118,361.408,65.594,0.705
118.839728,361.174,65.582,0.704
118.851338,158.672,51.342,0.700
118.862948,158.684,51.344,0.700
118.874558,158.712,51.347,0.694
118.886168,715.617,77.420,0.682
118.897778,367.545,65.885,0.664
118.909388,367.777,65.896,0.690
118.920998,376.991,66.324,0.739
118.932608,376.691,66.311,0.777
118.944218,376.336,66.294,0.796
118.955828,374.772,66.222,0.822
118.967438,373.655,66.170,0.840
118.979048,372.562,66.120,0.858
118.990658,371.150,66.054,0.873
119.002268,370.388,66.018,0.883
119.013878,369.322,65.969,0.876
119.025488,368.328,65.922,0.864
119.037098,367.996,65.906,0.858
119.048707,367.868,65.900,0.842
119.060317,368.472,65.929,0.829
119.071927,369.292,65.967,0.814
119.083537,371.588,66.074,0.802
119.095147,374.074,66.190,0.786
119.106757,373.168,66.148,0.788
119.118367,370.114,66.006,0.795
119.129977,363.521,65.694,0.799
119.141587,360.450,65.548,0.793
119.153197,358.105,65.435,0.782
119.164807,365.366,65.782,0.795
119.176417,377.442,66.345,0.809
119.188027,379.117,66.422,0.816
119.199637,380.469,66.483,0.832
119.211247,381.273,66.520,0.850
119.222857,381.410,66.526,0.884
119.234467,381.033,66.509,0.921
119.246077,380.332,66.477,0.939
119.257687,379.535,66.441,0.941
119.269297,378.941,66.414,0.936
119.280907,377.984,66.370,0.934
119.292517,377.142,66.331,0.928
119.304127,377.982,66.370,0.930
119.315737,380.864,66.501,0.927
119.327347,385.808,66.725,0.908
119.338957,389.832,66.904,0.887
119.350567,394.511,67.111,0.889
119.362177,400.101,67.354,0.905
119.373787,405.076,67.568,0.916
119.385397,409.248,67.746,0.925
119.397007,412.860,67.898,0.925
119.408617,414.618,67.971,0.918
119.420227,415.450,68.006,0.916
119.431837,415.287,67.999,0.925
119.443447,414.295,67.958,0.926
119.455057,412.855,67.898,0.922
119.466667,411.542,67.842,0.914
119.478277,411.000,67.820,0.907
119.489887,819.073,79.758,0.899
119.501497,811.313,79.593,0.889
119.513107,808.494,79.533,0.884
119.524717,797.531,79.296,0.885
119.536327,335.721,64.317,0.890
119.547937,332.963,64.174,0.893
119.559546,331.190,64.082,0.901
119.571156,329.699,64.004,0.907
119.582766,329.147,63.975,0.910
119.594376,328.942,63.964,0.913
119.605986,328.762,63.954,0.914
119.617596,328.391,63.935,0.915
119.629206,324.302,63.718,0.928
119.640816,321.480,63.567,0.925
119.652426,320.153,63.495,0.913
119.664036,320.448,63.511,0.913
119.675646,320.393,63.508,0.916
119.687256,319.491,63.459,0.926
119.698866,318.388,63.399,0.926
119.710476,318.109,63.384,0.919
119.722086,320.146,63.495,0.890
119.733696,319.364,63.452,0.880
119.745306,317.498,63.351,0.878
119.756916,314.005,63.159,0.864
119.768526,314.575,63.191,0.856
119.780136,315.887,63.263,0.837
119.791746,323.535,63.677,0.842
119.803356,327.892,63.909,0.855
119.814966,329.157,63.975,0.868
119.826576,329.817,64.010,0.881
119.838186,329.981,64.019,0.897
119.849796,330.249,64.033,0.909
119.861406,330.629,64.053,0.912
119.873016,330.471,64.044,0.918
119.884626,330.034,64.021,0.922
119.896236,329.539,63.995,0.923
119.907846,329.163,63.976,0.925
119.919456,328.871,63.960,0.922
119.931066,328.693,63.951,0.917
119.942676,328.568,63.944,0.910
119.954286,328.489,63.940,0.905
119.965896,328.514,63.941,0.898
119.977506,328.740,63.953,0.888
119.989116,328.888,63.961,0.878
120.000726,329.178,63.976,0.867
120.012336,329.417,63.989,0.862
120.023946,329.570,63.997,0.863
120.035556,329.716,64.005,0.872
120.047166,329.939,64.016,0.878
120.058776,330.039,64.022,0.883
120.070385,330.120,64.026,0.888
120.081995,330.188,64.029,0.893
120.093605,330.123,64.026,0.897
120.105215,330.063,64.023,0.898
120.116825,330.056,64.022,0.897
120.128435,330.038,64.022,0.891
120.140045,329.962,64.018,0.887
120.151655,329.875,64.013,0.887
120.163265,329.662,64.002,0.889
120.174875,329.515,63.994,0.891
120.186485,329.454,63.991,0.892
120.198095,329.424,63.989,0.892
120.209705,329.379,63.987,0.889
120.221315,329.345,63.985,0.886
120.232925,329.349,63.985,0.881
120.244535,329.382,63.987,0.876
120.256145,329.454,63.991,0.869
120.267755,329.404,63.988,0.868
120.279365,329.405,63.988,0.870
120.290975,329.494,63.993,0.876
120.302585,329.589,63.998,0.881
120.314195,329.793,64.009,0.887
120.325805,329.966,64.018,0.892
120.337415,330.075,64.023,0.897
120.349025,330.104,64.025,0.902
120.360635,330.227,64.031,0.904
120.372245,330.358,64.038,0.904
120.383855,330.372,64.039,0.903
120.395465,330.267,64.034,0.904
120.407075,329.947,64.017,0.907
120.418685,329.582,63.998,0.912
120.430295,329.270,63.981,0.914
120.441905,328.931,63.963,0.913
120.453515,328.294,63.930,0.911
120.465125,327.058,63.865,0.910
120.476735,325.611,63.788,0.910
120.488345,323.927,63.698,0.906
120.499955,321.392,63.562,0.899
120.511565,318.120,63.385,0.894
120.523175,314.921,63.210,0.894
120.534785,312.508,63.077,0.901
120.546395,311.249,63.007,0.906
120.558005,310.358,62.957,0.910
120.569615,309.922,62.933,0.907
120.581224,309.904,62.932,0.906
120.592834,310.052,62.940,0.904
120.604444,310.231,62.950,0.893
120.616054,310.488,62.964,0.875
120.627664,310.915,62.988,0.847
120.639274,311.561,63.024,0.817
120.650884,312.480,63.075,0.782
120.662494,312.909,63.099,0.756
120.674104,313.138,63.112,0.731
120.685714,313.463,63.130,0.700
120.697324,313.386,63.125,0.701
120.708934,313.089,63.109,0.707
120.720544,312.678,63.086,0.708
120.732154,312.368,63.069,0.709
120.743764,312.255,63.063,0.709
120.755374,312.129,63.056,0.712
120.766984,311.856,63.041,0.708
120.778594,311.558,63.024,0.698
120.790204,313.547,63.134,0.726
120.801814,332.801,64.166,0.778
120.813424,334.949,64.277,0.839
120.825034,334.523,64.255,0.869
120.836644,333.954,64.226,0.879
120.848254,333.354,64.195,0.880
120.859864,332.536,64.152,0.891
120.871474,331.064,64.075,0.911
120.883084,329.635,64.000,0.924
120.894694,324.602,63.734,0.924
120.906304,318.194,63.389,0.910
120.917914,315.095,63.219,0.900
120.929524,313.958,63.157,0.903
120.941134,313.012,63.105,0.917
120.952744,312.207,63.060,0.924
120.964354,311.759,63.035,0.920
120.975964,311.533,63.023,0.910
120.987574,311.477,63.019,0.900
120.999184,311.354,63.013,0.894
121.010794,311.273,63.008,0.891
121.022404,311.133,63.000,0.888
121.034014,310.946,62.990,0.877
121.045624,310.811,62.982,0.869
121.057234,310.704,62.976,0.863
121.068844,310.719,62.977,0.865
121.080454,310.797,62.982,0.872
121.092063,310.839,62.984,0.877
121.103673,310.860,62.985,0.882
121.115283,310.912,62.988,0.886
121.126893,311.007,62.993,0.891
121.138503,310.991,62.992,0.893
121.150113,310.961,62.991,0.896
121.161723,311.211,63.005,0.898
121.173333,311.133,63.000,0.899
121.184943,311.117,62.999,0.900
121.196553,311.132,63.000,0.901
121.208163,311.191,63.004,0.900
121.219773,311.164,63.002,0.898
121.231383,311.284,63.009,0.896
121.242993,311.140,63.001,0.895
121.254603,311.088,62.998,0.892
121.266213,311.143,63.001,0.891
121.277823,311.291,63.009,0.892
121.289433,311.359,63.013,0.891
121.301043,311.444,63.018,0.892
121.312653,311.529,63.022,0.893
121.324263,311.563,63.024,0.894
121.335873,311.577,63.025,0.893
121.347483,311.580,63.025,0.892
121.359093,311.573,63.025,0.889
121.370703,311.585,63.025,0.884
121.382313,311.637,63.028,0.881
121.393923,311.629,63.028,0.879
121.405533,311.610,63.027,0.877
121.417143,311.667,63.030,0.877
121.428753,311.681,63.031,0.878
121.440363,311.743,63.034,0.879
121.451973,311.732,63.034,0.879
121.463583,311.650,63.029,0.879
121.475193,311.542,63.023,0.878
121.486803,311.481,63.020,0.875
121.498413,311.378,63.014,0.870
121.510023,311.196,63.004,0.865
121.521633,310.979,62.992,0.853
121.533243,310.871,62.986,0.833
121.544853,310.776,62.980,0.813
121.556463,310.664,62.974,0.789
121.568073,310.483,62.964,0.759
121.579683,310.174,62.947,0.726
121.591293,310.102,62.943,0.686
121.602902,310.620,62.972,0.616
121.614512,310.817,62.983,0.566
121.626122,310.825,62.983,0.574
121.637732,310.580,62.970,0.584
121.649342,309.814,62.927,0.627
121.660952,310.239,62.951,0.669
121.672562,310.462,62.963,0.699
121.684172,310.918,62.988,0.728
121.695782,311.412,63.016,0.769
121.707392,312.122,63.055,0.792
121.719002,314.754,63.201,0.820
121.730612,222.607,57.204,0.847
121.742222,336.766,64.371,0.874
121.753832,335.616,64.312,0.887
121.765442,334.208,64.239,0.900
121.777052,332.581,64.154,0.913
121.788662,669.712,76.272,0.920
121.800272,665.887,76.173,0.930
121.811882,664.082,76.126,0.931
121.823492,327.771,63.902,0.926
121.835102,325.600,63.787,0.912
121.846712,325.579,63.786,0.907
121.858322,326.637,63.842,0.898
121.869932,328.652,63.949,0.890
121.881542,330.381,64.040,0.885
121.893152,331.725,64.110,0.892
121.904762,331.712,64.109,0.908
121.916372,331.305,64.088,0.928
121.927982,330.604,64.051,0.937
121.939592,329.762,64.007,0.938
121.951202,328.629,63.947,0.942
121.962812,327.973,63.913,0.938
121.974422,327.678,63.897,0.931
121.986032,327.725,63.900,0.918
121.997642,328.433,63.937,0.905
122.009252,329.435,63.990,0.890
122.020862,330.547,64.048,0.885
122.032472,331.269,64.086,0.886
122.044082,332.155,64.132,0.885
122.055692,332.273,64.138,0.890
122.067302,331.824,64.115,0.904
122.078912,330.698,64.056,0.922
122.090522,329.563,63.997,0.933
122.102132,328.374,63.934,0.944
122.113741,655.643,75.905,0.960
122.125351,654.781,75.882,0.976
122.136961,654.361,75.871,0.988
122.148571,654.102,75.864,0.997
122.160181,654.625,75.878,1.000
122.171791,655.759,75.908,0.998
122.183401,657.026,75.941,0.995
122.195011,658.474,75.979,0.990
122.206621,660.306,76.028,0.984
122.218231,661.290,76.053,0.979
122.229841,661.467,76.058,0.975
122.241451,661.544,76.060,0.967
122.253061,661.772,76.066,0.954
122.264671,660.476,76.032,0.947
122.276281,329.309,63.983,0.946
122.287891,656.500,75.927,0.936
122.299501,655.541,75.902,0.922
122.311111,654.311,75.870,0.902
122.322721,647.257,75.682,0.885
122.334331,635.478,75.364,0.886
122.345941,625.830,75.099,0.898
122.357551,280.002,61.175,0.902
122.369161,278.468,61.080,0.896
122.380771,278.164,61.061,0.907
122.392381,277.557,61.023,0.917
122.403991,277.392,61.013,0.926
122.415601,277.445,61.016,0.929
122.427211,92.335,41.969,0.927
122.438821,92.360,41.974,0.918
122.450431,92.321,41.967,0.906
122.462041,92.315,41.966,0.892
122.473651,92.305,41.964,0.870
122.485261,138.379,48.974,0.841
122.496871,277.241,61.004,0.805
122.508481,277.190,61.000,0.763
122.520091,277.433,61.016,0.714
122.531701,278.046,61.054,0.677
122.543311,279.028,61.115,0.656
122.554921,92.919,42.078,0.647
122.566531,92.811,42.058,0.642
122.578141,92.710,42.040,0.632
122.589751,92.820,42.060,0.634
122.601361,93.164,42.124,0.631
122.612971,93.024,42.098,0.617
122.624580,93.222,42.135,0.604
122.636190,321.641,63.575,0.589
122.647800,324.031,63.704,0.566
122.659410,324.706,63.740,0.558
122.671020,325.238,63.768,0.555
122.682630,324.973,63.754,0.542
122.694240,324.746,63.742,0.532
122.705850,653.116,75.838,0.533
122.717460,655.599,75.904,0.531
122.729070,656.235,75.921,0.508
122.740680,655.413,75.899,0.493
122.752290,655.083,75.890,0.485
122.763900,654.575,75.877,0.479
122.775510,652.039,75.809,0.486
122.787120,656.871,75.937,0.497
122.798730,658.584,75.982,0.500
122.810340,659.676,76.011,0.495
122.821950,110.641,45.101,0.531
122.833560,737.403,77.939,0.639
122.845170,315.424,63.237,0.790
122.856780,321.954,63.592,0.844
122.868390,325.062,63.759,0.864
122.880000,327.524,63.889,0.885
122.891610,328.478,63.940,0.894
122.903220,328.502,63.941,0.898
122.914830,328.249,63.927,0.907
122.926440,328.203,63.925,0.916
122.938050,329.508,63.994,0.895
122.949660,329.148,63.975,0.872
122.961270,327.560,63.891,0.871
122.972880,325.971,63.807,0.869
122.984490,325.313,63.772,0.873
122.996100,325.149,63.763,0.876
123.007710,325.165,63.764,0.868
123.019320,326.060,63.812,0.844
123.030930,326.687,63.845,0.819
123.042540,326.795,63.851,0.805
123.054150,326.850,63.853,0.774
123.065760,326.998,63.861,0.720
123.077370,327.395,63.882,0.653
123.088980,328.333,63.932,0.590
123.100590,329.078,63.971,0.543
123.112200,328.448,63.938,0.507
123.123810,329.197,63.977,0.511
123.135420,328.520,63.942,0.516
123.147029,494.057,71.006,0.592
123.158639,372.958,66.138,0.678
123.170249,373.416,66.159,0.744
123.181859,373.499,66.163,0.794
123.193469,373.500,66.163,0.814
123.205079,373.045,66.142,0.843
123.216689,372.319,66.108,0.857
123.228299,371.803,66.084,0.876
123.239909,370.983,66.046,0.889
123.251519,370.220,66.011,0.896
123.263129,369.485,65.976,0.895
123.274739,368.816,65.945,0.892
123.286349,368.572,65.933,0.891
123.297959,368.290,65.920,0.882
123.309569,368.304,65.921,0.882
123.321179,368.200,65.916,0.879
123.332789,368.458,65.928,0.873
123.344399,368.626,65.936,0.871
123.356009,368.518,65.931,0.868
123.367619,367.628,65.889,0.862
123.379229,366.580,65.840,0.864
123.390839,366.223,65.823,0.863
123.402449,366.173,65.820,0.861
123.414059,365.519,65.789,0.851
123.425669,364.597,65.746,0.836
123.437279,363.421,65.690,0.809
123.448889,363.014,65.670,0.786
123.460499,364.985,65.764,0.760
123.472109,367.363,65.876,0.726
123.483719,367.595,65.887,0.696
123.495329,367.468,65.881,0.648
123.506939,369.503,65.977,0.604
123.518549,369.805,65.991,0.577
123.530159,369.414,65.973,0.583
123.541769,369.101,65.958,0.583
123.553379,368.657,65.937,0.577
123.564989,368.462,65.928,0.570
123.576599,368.063,65.909,0.560
123.588209,368.215,65.917,0.547
123.599819,368.255,65.918,0.542
123.611429,368.216,65.917,0.537
123.623039,319.002,63.433,0.530
123.634649,368.374,65.924,0.522
123.646259,318.767,63.420,0.508
123.657868,318.935,63.429,0.501
123.669478,319.202,63.444,0.493
123.681088,319.306,63.449,0.490
123.692698,319.665,63.469,0.486
123.704308,319.434,63.456,0.496
123.715918,371.124,66.053,0.505
123.727528,371.154,66.054,0.533
123.739138,314.720,63.199,0.629
123.750748,312.949,63.101,0.690
123.762358,311.945,63.045,0.723
123.773968,311.874,63.042,0.763
123.785578,311.802,63.038,0.786
123.797188,311.918,63.044,0.803
123.808798,311.777,63.036,0.818
123.820408,311.615,63.027,0.842
123.832018,311.443,63.018,0.858
123.843628,311.222,63.005,0.872
123.855238,311.038,62.995,0.884
123.866848,310.843,62.984,0.890
123.878458,310.708,62.977,0.897
123.890068,310.688,62.976,0.902
123.901678,310.858,62.985,0.906
123.913288,310.808,62.982,0.900
123.924898,310.691,62.976,0.886
123.936508,310.649,62.973,0.866
123.948118,310.583,62.970,0.845
123.959728,310.506,62.965,0.818
123.971338,310.309,62.954,0.788
123.982948,309.518,62.910,0.754
123.994558,308.401,62.848,0.710
124.006168,308.220,62.837,0.667
124.017778,309.817,62.927,0.623
124.029388,312.362,63.069,0.596
124.040998,313.291,63.120,0.568
124.052608,313.069,63.108,0.561
124.064218,313.007,63.104,0.549
124.075828,312.609,63.082,0.548
124.087438,312.549,63.079,0.540
124.099048,312.442,63.073,0.536
124.110658,312.152,63.057,0.551
124.122268,311.342,63.012,0.558
124.133878,311.070,62.997,0.559
124.145488,311.019,62.994,0.561
124.157098,310.706,62.977,0.559
124.168707,310.872,62.986,0.548
124.180317,310.934,62.989,0.538
124.191927,310.703,62.976,0.530
124.203537,311.013,62.994,0.513
124.215147,310.888,62.987,0.500
124.226757,311.003,62.993,0.493
124.238367,311.036,62.995,0.486
124.249977,310.809,62.982,0.474
124.261587,310.557,62.968,0.465
124.273197,310.637,62.973,0.471
124.284807,313.187,63.114,0.512
124.296417,155.617,51.006,0.552
124.308027,311.769,63.036,0.579
124.319637,312.969,63.102,0.621
124.331247,332.707,64.161,0.711
124.342857,331.614,64.104,0.734
124.354467,331.865,64.117,0.758
124.366077,331.721,64.110,0.774
124.377687,331.597,64.103,0.783
124.389297,330.689,64.056,0.793
124.400907,330.022,64.021,0.805
124.412517,329.839,64.011,0.809
124.424127,329.456,63.991,0.790
124.435737,329.196,63.977,0.791
124.447347,329.004,63.967,0.789
124.458957,328.737,63.953,0.791
124.470567,328.472,63.939,0.787
124.482177,328.274,63.929,0.779
124.493787,327.956,63.912,0.766
124.505397,327.955,63.912,0.754
124.517007,328.321,63.931,0.759
124.528617,109.262,44.884,0.759
124.540227,229.438,57.727,0.772
124.551837,229.231,57.712,0.778
124.563447,228.376,57.647,0.783
124.575057,229.703,57.747,0.799
124.586667,250.704,59.262,0.808
124.598277,251.583,59.322,0.810
124.609887,275.847,60.916,0.805
124.621497,135.026,48.549,0.804
124.633107,140.779,49.271,0.800
124.644717,369.216,65.964,0.817
124.656327,371.759,66.082,0.852
124.667937,372.688,66.126,0.868
124.679546,372.969,66.139,0.881
124.691156,372.843,66.133,0.893
124.702766,374.144,66.193,0.909
124.714376,375.866,66.273,0.924
124.725986,376.793,66.315,0.930
124.737596,377.170,66.333,0.933
124.749206,206.216,55.880,0.926
124.760816,207.101,55.954,0.921
124.772426,207.275,55.969,0.920
124.784036,207.394,55.978,0.924
124.795646,408.377,67.709,0.909
124.807256,410.856,67.814,0.887
124.818866,411.793,67.853,0.868
124.830476,410.463,67.797,0.839
124.842086,408.550,67.716,0.807
124.853696,405.059,67.568,0.766
124.865306,398.172,67.271,0.709
124.876916,393.938,67.086,0.563
124.888526,765.624,78.590,0.477
124.900136,780.444,78.921,0.587
124.911746,783.771,78.995,0.672
124.923356,348.731,64.975,0.715
124.934966,350.813,65.078,0.773
124.946576,381.326,66.522,0.809
124.958186,380.665,66.492,0.839
124.969796,378.450,66.391,0.869
124.981406,376.031,66.280,0.892
124.993016,373.617,66.169,0.902
125.004626,372.436,66.114,0.907
125.016236,371.381,66.065,0.911
125.027846,370.735,66.035,0.908
125.039456,368.816,65.945,0.904
125.051066,367.148,65.866,0.904
125.062676,364.519,65.742,0.901
125.074286,361.893,65.617,0.891
125.085896,358.711,65.464,0.886
125.097506,351.076,65.091,0.885
125.109116,339.614,64.517,0.885
125.120726,333.940,64.225,0.880
125.132336,331.365,64.091,0.879
125.143946,330.140,64.027,0.869
125.155556,329.418,63.989,0.858
125.167166,329.586,63.998,0.859
125.178776,329.737,64.006,0.848
125.190385,330.261,64.033,0.840
125.201995,330.267,64.034,0.832
125.213605,329.630,64.000,0.825
125.225215,330.087,64.024,0.832
125.236825,335.811,64.322,0.853
125.248435,336.967,64.381,0.863
125.260045,336.931,64.379,0.868
125.271655,336.481,64.356,0.879
125.283265,335.572,64.309,0.891
125.294875,334.233,64.240,0.904
125.306485,333.305,64.192,0.913
125.318095,332.339,64.142,0.911
125.329705,330.119,64.026,0.902
125.341315,328.701,63.951,0.894
125.352925,328.406,63.936,0.887
125.364535,328.135,63.921,0.877
125.376145,327.668,63.897,0.856
125.387755,328.169,63.923,0.832
125.399365,329.164,63.976,0.812
125.410975,330.072,64.023,0.797
125.422585,330.991,64.071,0.782
125.434195,331.800,64.114,0.781
125.445805,330.121,64.026,0.777
125.457415,317.819,63.368,0.790
125.469025,315.015,63.215,0.808
125.480635,313.514,63.132,0.819
125.492245,313.118,63.110,0.850
125.503855,313.629,63.139,0.876
125.515465,314.367,63.179,0.887
125.527075,315.393,63.236,0.895
125.538685,316.845,63.315,0.909
125.550295,319.731,63.472,0.919
125.561905,323.143,63.656,0.919
125.573515,324.912,63.751,0.920
125.585125,328.314,63.931,0.905
125.596735,331.919,64.120,0.882
125.608345,333.216,64.187,0.869
125.619955,334.990,64.279,0.857
125.631565,337.879,64.428,0.836
125.643175,341.563,64.616,0.807
125.654785,329.508,63.994,0.800
125.666395,328.767,63.955,0.785
125.678005,84.801,40.496,0.785
125.689615,351.160,65.096,0.812
125.701224,365.499,65.788,0.858
125.712834,368.064,65.909,0.884
125.724444,369.944,65.998,0.899
125.736054,369.732,65.988,0.912
125.747664,368.919,65.950,0.923
125.759274,368.744,65.941,0.929
125.770884,368.504,65.930,0.934
125.782494,368.484,65.929,0.926
125.794104,368.295,65.920,0.906
125.805714,367.379,65.877,0.893
125.817324,366.492,65.835,0.890
125.828934,366.870,65.853,0.894
125.840544,367.829,65.898,0.898
125.852154,368.377,65.924,0.904
125.863764,368.619,65.936,0.915
125.875374,368.501,65.930,0.926
125.886984,368.549,65.932,0.927
125.898594,368.699,65.939,0.917
125.910204,368.776,65.943,0.900
125.921814,368.599,65.935,0.875
125.933424,367.943,65.904,0.843
125.945034,367.410,65.879,0.812
125.956644,366.935,65.856,0.773
125.968254,368.170,65.914,0.786
125.979864,371.568,66.073,0.800
125.991474,374.044,66.188,0.834
126.003084,373.720,66.173,0.865
126.014694,373.456,66.161,0.884
126.026304,373.028,66.141,0.909
126.037914,372.608,66.122,0.928
126.049524,372.279,66.107,0.937
126.061134,371.591,66.075,0.929
126.072744,370.972,66.046,0.924
126.084354,369.835,65.993,0.914
126.095964,369.750,65.989,0.901
126.107574,369.552,65.979,0.892
126.119184,369.597,65.981,0.867
126.130794,369.742,65.988,0.832
126.142404,370.376,66.018,0.799
126.154014,371.869,66.087,0.766
126.165624,372.236,66.105,0.734
126.177234,372.022,66.095,0.697
126.188844,371.148,66.054,0.658
126.200454,370.748,66.035,0.596
126.212063,369.671,65.985,0.564
126.223673,369.546,65.979,0.563
126.235283,369.262,65.966,0.685
126.246893,370.274,66.013,0.729
126.258503,371.845,66.086,0.791
126.270113,375.955,66.277,0.825
126.281723,376.934,66.322,0.867
126.293333,377.344,66.341,0.907
126.304943,377.241,66.336,0.914
126.316553,376.113,66.284,0.936
126.328163,375.846,66.272,0.937
126.339773,374.369,66.204,0.940
126.351383,374.287,66.200,0.935
126.362993,374.556,66.212,0.934
126.374603,376.630,66.308,0.938
126.386213,760.921,78.483,0.926
126.397823,766.373,78.607,0.937
126.409433,774.977,78.800,0.935
126.421043,395.333,67.147,0.936
126.432653,400.667,67.379,0.939
126.444263,405.701,67.595,0.950
126.455873,409.020,67.736,0.960
126.467483,411.581,67.844,0.952
126.479093,412.603,67.887,0.946
126.490703,413.148,67.910,0.935
126.502313,413.902,67.941,0.931
126.513923,414.549,67.968,0.945
126.525533,414.717,67.975,0.960
126.537143,415.312,68.000,0.959
126.548753,415.589,68.012,0.948
126.560363,414.049,67.948,0.948
126.571973,412.695,67.891,0.951
126.583583,409.670,67.763,0.960
126.595193,406.036,67.609,0.961
126.606803,399.030,67.308,0.956
126.618413,392.767,67.034,0.935
126.630023,387.673,66.808,0.920
126.641633,382.794,66.589,0.922
126.653243,377.502,66.348,0.924
126.664853,374.457,66.208,0.932
126.676463,372.046,66.096,0.934
126.688073,370.708,66.033,0.931
126.699683,370.129,66.006,0.924
126.711293,370.125,66.006,0.925
126.722902,370.132,66.006,0.926
126.734512,370.609,66.029,0.918
126.746122,371.262,66.059,0.899
126.757732,372.624,66.123,0.872
126.769342,374.079,66.190,0.839
126.780952,185.556,54.052,0.809
126.792562,800.417,79.359,0.770
126.804172,813.546,79.641,0.733
126.815782,880.092,81.002,0.693
126.827392,878.234,80.965,0.670
126.839002,857.146,80.544,0.665
126.850612,848.434,80.368,0.663
126.862222,835.518,80.102,0.655
126.873832,386.226,66.743,0.652
126.885442,387.244,66.789,0.650
126.897052,385.913,66.729,0.652
126.908662,382.955,66.596,0.648
126.920272,381.967,66.551,0.641
126.931882,380.325,66.477,0.624
126.943492,378.072,66.374,0.614
126.955102,755.860,78.367,0.650
126.966712,766.153,78.602,0.694
126.978322,766.521,78.610,0.794
126.989932,382.916,66.594,0.864
127.001542,381.840,66.546,0.888
127.013152,381.516,66.531,0.920
127.024762,381.205,66.517,0.938
127.036372,380.776,66.497,0.949
127.047982,379.662,66.447,0.958
127.059592,378.699,66.403,0.962
127.071202,377.584,66.352,0.952
127.082812,376.678,66.310,0.933
127.094422,377.409,66.343,0.931
127.106032,201.876,55.512,0.918
127.117642,202.136,55.534,0.913
127.129252,138.681,49.011,0.916
127.140862,415.174,67.995,0.914
127.152472,413.805,67.937,0.914
127.164082,413.077,67.907,0.914
127.175692,411.853,67.856,0.920
127.187302,412.833,67.897,0.908
127.198912,412.837,67.897,0.891
127.210522,411.881,67.857,0.871
127.222132,409.595,67.760,0.843
127.233741,406.753,67.640,0.819
127.245351,404.820,67.557,0.802
127.256961,402.516,67.459,0.800
127.268571,374.330,66.202,0.791
127.280181,373.005,66.140,0.814
127.291791,373.312,66.155,0.855
127.303401,373.391,66.158,0.892
127.315011,372.976,66.139,0.917
127.326621,372.041,66.095,0.932
127.338231,371.500,66.070,0.938
127.349841,370.597,66.028,0.941
127.361451,369.679,65.985,0.938
127.373061,368.562,65.933,0.939
127.384671,367.155,65.867,0.938
127.396281,365.791,65.802,0.929
127.407891,364.555,65.744,0.920
127.419501,363.578,65.697,0.911
127.431111,362.517,65.647,0.903
127.442721,360.867,65.568,0.890
127.454331,358.807,65.468,0.876
127.465941,354.444,65.257,0.857
127.477551,339.065,64.489,0.822
127.489161,331.412,64.093,0.795
127.500771,324.712,63.740,0.769
127.512381,321.849,63.587,0.755
127.523991,320.087,63.492,0.752
127.535601,105.948,44.350,0.757
127.547211,369.173,65.962,0.763
127.558821,368.788,65.943,0.770
127.570431,105.911,44.344,0.772
127.582041,107.576,44.614,0.766
127.593651,369.045,65.956,0.773
127.605261,337.837,64.426,0.796
127.616871,336.768,64.371,0.807
127.628481,333.731,64.214,0.825
127.640091,330.283,64.034,0.839
127.651701,327.378,63.881,0.855
127.663311,325.184,63.765,0.871
127.674921,324.064,63.705,0.884
127.686531,324.137,63.709,0.891
127.698141,323.499,63.675,0.887
127.709751,323.395,63.669,0.888
127.721361,323.382,63.669,0.886
127.732971,323.214,63.660,0.879
127.744580,323.819,63.692,0.861
127.756190,326.931,63.858,0.840
127.767800,330.808,64.062,0.814
127.779410,334.627,64.261,0.783
127.791020,335.179,64.289,0.749
127.802630,333.086,64.181,0.704
127.814240,321.102,63.546,0.655
127.825850,281.207,61.250,0.656
127.837460,281.520,61.269,0.686
127.849070,362.150,65.629,0.705
127.860680,362.340,65.638,0.802
127.872290,337.553,64.411,0.847
127.883900,331.345,64.090,0.884
127.895510,329.202,63.978,0.901
127.907120,328.969,63.965,0.908
127.918730,329.442,63.990,0.919
127.930340,329.597,63.998,0.931
127.941950,329.926,64.016,0.941
127.953560,329.609,63.999,0.939
127.965170,329.350,63.985,0.929
127.976780,329.244,63.980,0.906
127.988390,329.819,64.010,0.888
128.000000,330.008,64.020,0.875
128.011610,329.921,64.015,0.851
128.023220,329.662,64.002,0.837
128.034830,325.085,63.760,0.833
128.046440,370.875,66.041,0.820
128.058050,371.291,66.061,0.853
128.069660,371.635,66.077,0.875
128.081270,371.173,66.055,0.894
128.092880,370.580,66.027,0.907
128.104490,370.105,66.005,0.916
128.116100,369.838,65.993,0.914
128.127710,369.463,65.975,0.910
128.139320,369.034,65.955,0.905
128.150930,368.371,65.924,0.889
128.162540,368.328,65.922,0.894
128.174150,368.649,65.937,0.884
128.185760,369.060,65.956,0.869
128.197370,369.668,65.985,0.854
128.208980,370.359,66.017,0.842
128.220590,370.945,66.044,0.822
128.232200,371.680,66.079,0.789
128.243810,372.296,66.107,0.742
128.255420,371.562,66.073,0.622
128.267029,370.210,66.010,0.521
128.278639,370.578,66.027,0.510
128.290249,371.277,66.060,0.504
128.301859,370.995,66.047,0.532
128.313469,359.414,65.498,0.674
128.325079,368.053,65.909,0.765
128.336689,371.836,66.086,0.804
128.348299,373.058,66.143,0.827
128.359909,373.253,66.152,0.846
128.371519,372.785,66.130,0.864
128.383129,371.387,66.065,0.881
128.394739,370.507,66.024,0.894
128.406349,370.452,66.021,0.891
128.417959,369.352,65.970,0.882
128.429569,368.475,65.929,0.883
128.441179,368.399,65.925,0.886
128.452789,368.707,65.940,0.886
128.464399,368.959,65.951,0.880
128.476009,369.544,65.979,0.867
128.487619,370.119,66.006,0.851
128.499229,371.011,66.048,0.836
128.510839,371.979,66.093,0.815
128.522449,373.469,66.162,0.787
128.534059,373.882,66.181,0.765
128.545669,370.755,66.036,0.745
128.557279,367.594,65.887,0.736
128.568889,366.152,65.819,0.733
128.580499,365.840,65.805,0.729
128.592109,368.580,65.934,0.761
128.603719,371.968,66.092,0.821
128.615329,373.461,66.161,0.848
128.626939,374.249,66.198,0.866
128.638549,374.648,66.216,0.891
128.650159,374.404,66.205,0.910
128.661769,373.597,66.168,0.926
128.673379,372.829,66.132,0.938
128.684989,372.657,66.124,0.943
128.696599,372.878,66.134,0.934
128.708209,373.244,66.151,0.937
128.719819,374.222,66.197,0.935
128.731429,375.281,66.246,0.930
128.743039,379.534,66.441,0.938
128.754649,389.583,66.893,0.940
128.766259,399.522,67.329,0.942
128.777868,405.431,67.583,0.944
128.789478,408.600,67.718,0.948
128.801088,412.089,67.865,0.948
128.812698,413.928,67.943,0.951
128.824308,414.775,67.978,0.949
128.835918,415.209,67.996,0.933
128.847528,415.148,67.993,0.926
128.859138,414.948,67.985,0.922
128.870748,414.067,67.948,0.922
128.882358,412.411,67.879,0.919
128.893968,411.097,67.824,0.900
128.905578,409.187,67.743,0.882
128.917188,407.334,67.665,0.863
128.928798,405.188,67.573,0.848
128.940408,399.682,67.336,0.825
128.952018,392.167,67.008,0.798
128.963628,388.831,66.860,0.737
128.975238,391.049,66.958,0.652
128.986848,384.177,66.651,0.623
128.998458,376.709,66.311,0.590
129.010068,374.560,66.212,0.599
129.021678,373.560,66.166,0.635
129.033288,371.529,66.072,0.738
129.044898,315.202,63.225,0.778
129.056508,315.238,63.227,0.794
129.068118,315.022,63.215,0.811
129.079728,314.914,63.209,0.846
129.091338,315.067,63.218,0.889
129.102948,314.900,63.209,0.911
129.114558,313.996,63.159,0.916
129.126168,312.960,63.102,0.907
129.137778,312.083,63.053,0.908
129.149388,311.602,63.026,0.917
129.160998,311.425,63.017,0.919
129.172608,311.538,63.023,0.915
129.184218,626.767,75.125,0.902
129.195828,630.453,75.227,0.894
129.207438,636.289,75.386,0.903
129.219048,643.899,75.592,0.914
129.230658,650.414,75.766,0.922
129.242268,654.180,75.866,0.931
129.253878,656.938,75.939,0.943
129.265488,658.839,75.989,0.950
129.277098,660.396,76.030,0.953
129.288707,660.509,76.033,0.955
129.300317,660.644,76.036,0.953
129.311927,660.692,76.038,0.947
129.323537,660.485,76.032,0.938
129.335147,329.111,63.973,0.925
129.346757,329.017,63.968,0.912
129.358367,328.918,63.963,0.903
129.369977,328.962,63.965,0.894
129.381587,328.904,63.962,0.887
129.393197,328.937,63.964,0.882
129.404807,329.003,63.967,0.879
129.416417,329.027,63.968,0.878
129.428027,329.033,63.969,0.877
129.439637,329.028,63.968,0.879
129.451247,329.007,63.967,0.879
129.462857,328.981,63.966,0.877
129.474467,329.033,63.969,0.880
129.486077,659.340,76.002,0.885
129.497687,658.632,75.984,0.889
129.509297,658.715,75.986,0.893
129.520907,659.120,75.996,0.895
129.532517,659.106,75.996,0.894
129.544127,659.397,76.004,0.892
129.555737,659.491,76.006,0.892
129.567347,659.782,76.014,0.893
129.578957,659.782,76.014,0.895
129.590567,659.787,76.014,0.896
129.602177,659.676,76.011,0.900
129.613787,659.993,76.019,0.903
129.625397,659.602,76.009,0.903
129.637007,659.870,76.016,0.901
129.648617,659.850,76.016,0.900
129.660227,659.998,76.019,0.898
129.671837,660.283,76.027,0.898
129.683447,329.418,63.989,0.900
129.695057,329.444,63.990,0.902
129.706667,329.425,63.989,0.909
129.718277,660.276,76.027,0.919
129.729887,659.870,76.016,0.928
129.741497,659.856,76.016,0.936
129.753107,660.182,76.024,0.941
129.764717,660.089,76.022,0.945
129.776327,660.057,76.021,0.947
129.787937,660.010,76.020,0.946
129.799546,659.898,76.017,0.942
129.811156,660.036,76.021,0.934
129.822766,660.351,76.029,0.922
129.834376,660.525,76.033,0.910
129.845986,660.613,76.036,0.900
129.857596,329.711,64.004,0.888
129.869206,329.668,64.002,0.878
129.880816,329.680,64.003,0.873
129.892426,329.590,63.998,0.875
129.904036,329.181,63.977,0.885
129.915646,328.053,63.917,0.901
129.927256,326.271,63.823,0.913
129.938866,324.355,63.721,0.916
129.950476,321.674,63.577,0.922
129.962086,318.579,63.410,0.922
129.973696,315.259,63.228,0.920
129.985306,312.625,63.083,0.914
129.996916,311.164,63.002,0.904
130.008526,310.354,62.957,0.890
130.020136,310.233,62.950,0.878
130.031746,310.676,62.975,0.878
130.043356,311.249,63.007,0.872
130.054966,311.887,63.042,0.873
130.066576,312.291,63.065,0.873
130.078186,312.522,63.077,0.877
130.089796,312.639,63.084,0.883
130.101406,312.625,63.083,0.889
130.113016,312.622,63.083,0.897
130.124626,312.125,63.055,0.899
130.136236,311.657,63.029,0.895
130.147846,311.183,63.003,0.882
130.159456,311.117,62.999,0.869
130.171066,311.116,62.999,0.850
130.182676,311.270,63.008,0.826
130.194286,311.188,63.003,0.790
130.205896,311.387,63.014,0.749
130.217506,334.478,64.253,0.764
130.229116,336.325,64.348,0.797
130.240726,335.826,64.323,0.830
130.252336,334.944,64.277,0.853
130.263946,333.404,64.197,0.868
130.275556,332.181,64.134,0.876
130.287166,330.611,64.052,0.888
130.298776,328.981,63.966,0.904
130.310385,324.709,63.740,0.906
130.321995,320.770,63.528,0.906
130.333605,318.378,63.399,0.911
130.345215,316.459,63.294,0.913
130.356825,314.976,63.213,0.916
130.368435,313.950,63.156,0.927
130.380045,313.074,63.108,0.932
130.391655,311.979,63.047,0.932
130.403265,311.332,63.011,0.927
130.414875,311.017,62.994,0.924
130.426485,310.783,62.981,0.919
130.438095,310.573,62.969,0.920
130.449705,310.535,62.967,0.925
130.461315,310.617,62.972,0.927
130.472925,310.693,62.976,0.932
130.484535,310.927,62.989,0.937
130.496145,311.018,62.994,0.943
130.507755,311.188,63.003,0.951
130.519365,311.234,63.006,0.955
130.530975,311.224,63.005,0.958
130.542585,311.203,63.004,0.960
130.554195,311.177,63.003,0.959
130.565805,311.124,63.000,0.957
130.577415,311.114,62.999,0.953
130.589025,311.129,63.000,0.948
130.600635,311.110,62.999,0.940
130.612245,311.129,63.000,0.934
130.623855,311.124,63.000,0.929
130.635465,311.158,63.002,0.924
130.647075,311.152,63.001,0.922
130.658685,311.146,63.001,0.922
130.670295,311.125,63.000,0.922
130.681905,311.073,62.997,0.924
130.693515,311.026,62.994,0.924
130.705125,310.976,62.992,0.925
130.716735,310.997,62.993,0.925
130.728345,310.997,62.993,0.923
130.739955,311.018,62.994,0.923
130.751565,311.155,63.002,0.920
130.763175,311.271,63.008,0.918
130.774785,311.343,63.012,0.917
130.786395,311.379,63.014,0.914
130.798005,311.366,63.013,0.911
130.809615,311.394,63.015,0.908
130.821224,311.361,63.013,0.905
130.832834,311.340,63.012,0.904
130.844444,311.357,63.013,0.899
130.856054,311.383,63.014,0.890
130.867664,311.487,63.020,0.880
130.879274,311.634,63.028,0.872
130.890884,311.789,63.037,0.869
130.902494,311.816,63.038,0.863
130.914104,311.822,63.039,0.858
130.925714,311.774,63.036,0.841
130.937324,311.708,63.032,0.821
130.948934,311.594,63.026,0.804
130.960544,311.273,63.008,0.786
130.972154,310.905,62.988,0.764
130.983764,310.377,62.958,0.731
130.995374,310.259,62.952,0.690
131.006984,310.920,62.988,0.627
131.018594,311.246,63.007,0.603
131.030204,311.184,63.003,0.596
131.041814,311.298,63.010,0.594
131.053424,310.970,62.991,0.605
131.065034,310.979,62.992,0.638
131.076644,310.204,62.949,0.673
131.088254,308.991,62.881,0.698
131.099864,309.261,62.896,0.735
131.111474,310.031,62.939,0.761
131.123084,312.000,63.049,0.803
131.134694,155.256,50.966,0.833
131.146304,155.373,50.979,0.851
131.157914,167.437,52.273,0.870
131.169524,167.242,52.253,0.880
131.181134,166.970,52.225,0.891
131.192744,676.601,76.450,0.901
131.204354,671.686,76.323,0.914
131.215964,664.406,76.135,0.915
131.227574,327.194,63.872,0.911
131.239184,325.555,63.785,0.910
131.250794,325.434,63.778,0.905
131.262404,326.215,63.820,0.900
131.274014,327.380,63.882,0.890
131.285624,328.979,63.966,0.878
131.297234,330.713,64.057,0.880
131.308844,331.830,64.115,0.893
131.320454,331.857,64.117,0.916
131.332063,331.447,64.095,0.931
131.343673,330.494,64.045,0.937
131.355283,329.423,63.989,0.943
131.366893,328.492,63.940,0.948
131.378503,328.102,63.920,0.950
131.390113,327.744,63.901,0.943
131.401723,327.546,63.890,0.933
131.413333,328.078,63.918,0.921
131.424943,328.844,63.959,0.906
131.436553,329.581,63.998,0.893
131.448163,330.572,64.050,0.884
131.459773,331.304,64.088,0.890
131.471383,331.365,64.091,0.901
131.482993,330.888,64.066,0.908
131.494603,330.039,64.022,0.903
131.506213,329.110,63.973,0.895
131.517823,328.229,63.926,0.903
131.529433,327.369,63.881,0.927
131.541043,326.818,63.852,0.948
131.552653,326.604,63.840,0.957
131.564263,655.381,75.898,0.958
131.575873,656.081,75.916,0.958
131.587483,657.128,75.944,0.961
131.599093,658.140,75.971,0.965
131.610703,659.328,76.002,0.965
131.622313,660.563,76.034,0.960
131.633923,661.492,76.059,0.954
131.645533,661.747,76.065,0.950
131.657143,662.234,76.078,0.947
131.668753,662.281,76.079,0.943
131.680363,661.711,76.064,0.939
131.691973,656.789,75.935,0.943
131.703583,655.130,75.891,0.935
131.715193,652.421,75.820,0.924
131.726803,647.627,75.692,0.914
131.738413,639.602,75.476,0.907
131.750023,629.902,75.211,0.912
131.761633,279.117,61.120,0.919
131.773243,278.562,61.086,0.924
131.784853,278.077,61.056,0.919
131.796463,277.623,61.027,0.927
131.808073,277.307,61.008,0.935
131.819683,92.345,41.971,0.942
131.831293,92.404,41.982,0.947
131.842902,92.449,41.991,0.943
131.854512,92.420,41.985,0.937
131.866122,277.559,61.024,0.931
131.877732,277.383,61.013,0.919
131.889342,277.289,61.007,0.904
131.900952,277.134,60.997,0.882
131.912562,277.036,60.991,0.851
131.924172,277.090,60.994,0.810
131.935782,277.321,61.009,0.766
131.947392,277.663,61.030,0.717
131.959002,278.586,61.087,0.676
131.970612,278.733,61.097,0.655
131.982222,278.504,61.082,0.634
131.993832,277.770,61.037,0.626
132.005442,276.822,60.977,0.621
132.017052,277.203,61.001,0.618
132.028662,313.109,63.110,0.630
132.040272,314.434,63.183,0.636
132.051882,314.584,63.191,0.621
132.063492,315.051,63.217,0.611
132.075102,315.574,63.246,0.607
132.086712,316.394,63.291,0.594
132.098322,639.903,75.484,0.592
132.109932,645.125,75.625,0.588
132.121542,649.344,75.738,0.556
132.133152,321.245,63.554,0.521
132.144762,322.121,63.601,0.510
132.156372,322.380,63.615,0.502
132.167982,322.398,63.616,0.495
132.179592,664.527,76.138,0.496
132.191202,659.837,76.015,0.471
132.202812,658.445,75.979,0.446
132.214422,109.243,44.880,0.459
132.226032,110.165,45.026,0.507
132.237642,109.192,44.872,0.526
132.249252,327.722,63.900,0.615
132.260862,381.316,66.522,0.777
132.272472,396.741,67.208,0.850
132.284082,403.760,67.512,0.870
132.295692,408.287,67.705,0.887
132.307302,410.819,67.812,0.901
132.318912,412.201,67.870,0.917
132.330522,411.927,67.859,0.930
132.342132,411.709,67.849,0.939
132.353741,412.681,67.890,0.928
132.365351,413.308,67.917,0.908
132.376961,413.816,67.938,0.908
132.388571,414.884,67.982,0.915
132.400181,416.214,68.038,0.919
132.411791,417.946,68.110,0.913
132.423401,421.761,68.267,0.911
132.435011,426.130,68.445,0.902
132.446621,431.632,68.668,0.894
132.458231,434.616,68.787,0.883
132.469841,436.813,68.874,0.865
132.481451,440.074,69.003,0.831
132.493061,442.146,69.084,0.794
132.504671,442.338,69.092,0.764
132.516281,441.650,69.065,0.709
132.527891,439.391,68.976,0.666
132.539501,422.549,68.299,0.569
132.551111,418.479,68.132,0.578
132.562721,417.867,68.106,0.668
132.574331,431.474,68.661,0.758
132.585941,440.522,69.021,0.801
132.597551,441.942,69.076,0.828
132.609161,441.900,69.075,0.843
132.620771,440.209,69.008,0.867
132.632381,439.041,68.962,0.895
132.643991,438.633,68.946,0.917
132.655601,438.501,68.941,0.927
132.667211,438.267,68.932,0.921
132.678821,437.987,68.921,0.922
132.690431,437.869,68.916,0.927
132.702041,437.839,68.915,0.933
132.713651,438.192,68.929,0.936
132.725261,438.652,68.947,0.930
132.736871,438.899,68.957,0.918
132.748481,439.308,68.973,0.910
132.760091,439.618,68.985,0.913
132.771701,439.997,69.000,0.913
132.783311,440.266,69.010,0.906
132.794921,440.286,69.011,0.902
132.806531,439.784,68.992,0.895
132.818141,439.001,68.961,0.890
132.829751,438.824,68.954,0.883
132.841361,438.661,68.947,0.874
132.852971,437.989,68.921,0.860
132.864580,436.324,68.855,0.841
132.876190,434.917,68.799,0.823
132.887800,433.235,68.732,0.797
132.899410,432.985,68.722,0.763
132.911020,437.156,68.888,0.722
132.922630,438.652,68.947,0.706
132.934240,438.225,68.930,0.677
132.945850,437.719,68.910,0.649
132.957460,438.276,68.932,0.607
132.969070,438.177,68.928,0.611
132.980680,438.276,68.932,0.616
132.992290,438.725,68.950,0.610
133.003900,438.651,68.947,0.607
133.015510,438.656,68.947,0.597
133.027120,439.005,68.961,0.596
133.038730,438.977,68.960,0.591
133.050340,438.859,68.955,0.581
133.061950,438.763,68.951,0.576
133.073560,439.015,68.961,0.565
133.085170,438.900,68.957,0.560
133.096780,439.539,68.982,0.552
133.108390,439.734,68.990,0.548
133.120000,438.907,68.957,0.584
133.131610,368.569,65.933,0.654
133.143220,374.216,66.196,0.755
133.154830,383.978,66.642,0.789
133.166440,381.144,66.514,0.822
133.178050,379.291,66.430,0.845
133.189660,377.178,66.333,0.865
133.201270,375.388,66.251,0.878
133.212880,373.808,66.178,0.888
133.224490,371.741,66.082,0.895
133.236100,370.232,66.011,0.886
133.247710,370.643,66.030,0.890
133.259320,370.845,66.040,0.893
133.270930,371.930,66.090,0.896
133.282540,758.830,78.435,0.900
133.294150,765.998,78.598,0.912
133.305760,774.451,78.788,0.916
133.317370,785.868,79.041,0.916
133.328980,800.565,79.362,0.913
133.340590,814.505,79.661,0.909
133.352200,414.666,67.973,0.906
133.363810,416.454,68.048,0.907
133.375420,417.424,68.088,0.910
133.387029,416.948,68.068,0.905
133.398639,416.026,68.030,0.902
133.410249,415.086,67.991,0.901
133.421859,413.763,67.936,0.907
133.433469,411.700,67.849,0.909
133.445079,815.271,79.677,0.911
133.456689,804.048,79.437,0.908
133.468299,784.111,79.003,0.897
133.479909,763.881,78.550,0.888
133.491519,756.106,78.373,0.881
133.503129,746.053,78.141,0.876
133.514739,738.207,77.958,0.863
133.526349,733.323,77.843,0.853
133.537959,329.886,64.014,0.841
133.549569,329.114,63.973,0.830
133.561179,328.473,63.939,0.826
133.572789,327.890,63.908,0.817
133.584399,163.883,51.902,0.808
133.596009,164.001,51.914,0.795
133.607619,164.008,51.915,0.782
133.619229,163.882,51.902,0.764
133.630839,750.450,78.243,0.741
133.642449,770.411,78.698,0.711
133.654059,784.529,79.012,0.676
133.665669,784.250,79.006,0.657
133.677279,772.701,78.749,0.635
133.688889,761.467,78.495,0.661
133.700499,747.732,78.180,0.699
133.712109,743.213,78.075,0.774
133.723719,368.617,65.935,0.796
133.735329,368.392,65.925,0.808
133.746939,367.688,65.892,0.840
133.758549,367.407,65.878,0.853
133.770159,366.977,65.858,0.861
133.781769,332.885,64.170,0.868
133.793379,331.458,64.096,0.879
133.804989,329.305,63.983,0.871
133.816599,328.594,63.946,0.868
133.828209,328.160,63.923,0.877
133.839819,327.885,63.908,0.877
133.851429,327.588,63.893,0.888
133.863039,327.246,63.874,0.897
133.874649,326.786,63.850,0.895
133.886259,326.397,63.829,0.885
133.897868,327.189,63.871,0.879
133.909478,327.947,63.911,0.880
133.921088,328.595,63.946,0.878
133.932698,164.551,51.972,0.872
133.944308,164.671,51.985,0.865
133.955918,164.706,51.989,0.863
133.967528,329.366,63.986,0.866
133.979138,329.399,63.988,0.869
133.990748,329.482,63.992,0.869
134.002358,329.724,64.005,0.864
134.013968,330.051,64.022,0.868
134.025578,330.196,64.030,0.871
134.037188,330.378,64.039,0.870
134.048798,330.499,64.046,0.867
134.060408,330.691,64.056,0.867
134.072018,330.845,64.064,0.869
134.083628,330.624,64.052,0.873
134.095238,330.293,64.035,0.877
134.106848,329.949,64.017,0.870
134.118458,329.835,64.011,0.862
134.130068,329.765,64.007,0.859
134.141678,329.827,64.010,0.858
134.153288,329.772,64.008,0.854
134.164898,329.748,64.006,0.849
134.176508,329.700,64.004,0.837
134.188118,329.894,64.014,0.843
134.199728,330.423,64.042,0.846
134.211338,331.995,64.124,0.854
134.222948,685.617,76.679,0.855
134.234558,697.222,76.969,0.865
134.246168,706.219,77.191,0.868
134.257778,715.690,77.422,0.866
134.269388,363.846,65.710,0.873
134.280998,366.094,65.817,0.876
134.292608,367.424,65.879,0.883
134.304218,368.623,65.936,0.892
134.315828,368.953,65.951,0.900
134.327438,369.029,65.955,0.893
134.339048,368.800,65.944,0.887
134.350658,368.620,65.936,0.888
134.362268,368.490,65.929,0.885
134.373878,368.559,65.933,0.879
134.385488,368.532,65.931,0.873
134.397098,368.602,65.935,0.859
134.408707,368.594,65.934,0.846
134.420317,368.805,65.944,0.841
134.431927,368.979,65.952,0.844
134.443537,369.147,65.960,0.850
134.455147,369.418,65.973,0.856
134.466757,369.700,65.986,0.870
134.478367,369.865,65.994,0.878
134.489977,370.246,66.012,0.882
134.501587,370.888,66.042,0.884
134.513197,371.456,66.068,0.883
134.524807,371.766,66.083,0.882
134.536417,372.085,66.098,0.881
134.548027,372.252,66.105,0.879
134.559637,372.546,66.119,0.868
134.571247,372.697,66.126,0.857
134.582857,372.637,66.123,0.845
134.594467,372.562,66.120,0.837
134.606077,372.882,66.135,0.849
134.617687,373.984,66.186,0.877
134.629297,375.538,66.257,0.894
134.640907,376.386,66.297,0.888
134.652517,380.602,66.489,0.899
134.664127,384.523,66.667,0.894
134.675737,388.795,66.858,0.900
134.687347,789.551,79.122,0.915
134.698957,799.390,79.337,0.920
134.710567,811.533,79.598,0.911
134.722177,412.910,67.900,0.901
134.733787,413.900,67.941,0.907
134.745397,415.532,68.009,0.892
134.757007,415.398,68.004,0.895
134.768617,414.972,67.986,0.898
134.780227,414.728,67.976,0.894
134.791837,414.349,67.960,0.888
134.803447,414.079,67.949,0.880
134.815057,413.977,67.945,0.874
134.826667,413.937,67.943,0.867
134.838277,413.944,67.943,0.865
134.849887,413.806,67.937,0.857
134.861497,413.434,67.922,0.848
134.873107,824.258,79.867,0.826
134.884717,823.746,79.856,0.801
134.896327,822.162,79.823,0.779
134.907937,819.282,79.762,0.762
134.919546,815.428,79.681,0.751
134.931156,809.982,79.565,0.735
134.942766,800.687,79.365,0.723
134.954376,787.310,79.073,0.680
134.965986,786.459,79.054,0.654
134.977596,791.130,79.157,0.653
134.989206,804.290,79.443,0.668
135.000816,809.474,79.554,0.669
135.012426,813.688,79.644,0.660
135.024036,816.513,79.704,0.657
135.035646,818.310,79.742,0.656
135.047256,817.962,79.734,0.659
135.058866,814.950,79.670,0.667
135.070476,810.981,79.586,0.658
135.082086,799.569,79.341,0.638
135.093696,782.734,78.972,0.627
135.105306,773.750,78.772,0.627
135.116916,766.788,78.616,0.635
135.128526,766.309,78.605,0.642
135.140136,768.099,78.645,0.649
135.151746,776.275,78.829,0.647
135.163356,786.515,79.056,0.654
135.174966,92.413,41.984,0.652
135.186576,797.969,79.306,0.649
135.198186,82.980,40.120,0.730
135.209796,137.599,48.876,0.800
135.221406,137.052,48.807,0.842
135.233016,970.418,82.693,0.869
135.244626,483.229,70.622,0.883
135.256236,486.492,70.739,0.890
135.267846,488.262,70.802,0.902
135.279456,489.503,70.846,0.913
135.291066,491.277,70.908,0.907
135.302676,493.280,70.979,0.912
135.314286,494.132,71.009,0.917
135.325896,494.555,71.024,0.910
135.337506,494.493,71.021,0.905
135.349116,493.806,70.997,0.912
135.360726,492.755,70.960,0.924
135.372336,491.995,70.934,0.924
135.383946,491.520,70.917,0.927
135.395556,491.123,70.903,0.914
135.407166,490.639,70.886,0.905
135.418776,489.760,70.855,0.904
135.430385,488.629,70.815,0.914
135.441995,487.287,70.767,0.911
135.453605,486.353,70.734,0.893
135.465215,485.476,70.703,0.886
135.476825,483.948,70.648,0.875
135.488435,482.731,70.605,0.856
135.500045,482.075,70.581,0.822
135.511655,481.918,70.575,0.804
135.523265,485.287,70.696,0.770
135.534875,487.476,70.774,0.738
135.546485,488.874,70.824,0.707
135.558095,489.800,70.856,0.675
135.569705,490.070,70.866,0.661
135.581315,489.962,70.862,0.659
135.592925,489.823,70.857,0.662
135.604535,489.801,70.856,0.640
135.616145,489.937,70.861,0.611
135.627755,489.947,70.861,0.602
135.639365,490.251,70.872,0.601
135.650975,490.448,70.879,0.612
135.662585,490.078,70.866,0.610
135.674195,489.995,70.863,0.598
135.685805,490.501,70.881,0.595
135.697415,490.275,70.873,0.615
135.709025,490.577,70.884,0.616
135.720635,490.386,70.877,0.615
135.732245,489.184,70.834,0.622
135.743855,488.995,70.828,0.612
135.755465,489.059,70.830,0.606
135.767075,489.106,70.832,0.609
135.778685,489.794,70.856,0.612
135.790295,243.016,58.723,0.623
135.801905,304.479,62.626,0.728
135.813515,304.963,62.654,0.821
135.825125,615.083,74.799,0.862
135.836735,307.682,62.807,0.880
135.848345,308.365,62.846,0.887
135.859955,309.074,62.885,0.893
135.871565,309.914,62.932,0.901
135.883175,310.699,62.976,0.908
135.894785,311.780,63.036,0.903
135.906395,312.102,63.054,0.882
135.918005,311.679,63.031,0.872
135.929615,311.685,63.031,0.880
135.941224,311.561,63.024,0.893
135.952834,311.539,63.023,0.902
135.964444,311.442,63.018,0.906
135.976054,311.458,63.018,0.907
135.987664,311.706,63.032,0.901
135.999274,311.830,63.039,0.889
136.010884,311.958,63.046,0.872
136.022494,311.906,63.043,0.847
136.034104,311.813,63.038,0.822
136.045714,311.486,63.020,0.794
136.057324,311.401,63.015,0.769
136.068934,311.188,63.003,0.756
136.080544,311.356,63.013,0.759
136.092154,311.746,63.034,0.781
136.103764,311.846,63.040,0.809
136.115374,311.694,63.032,0.837
136.126984,311.444,63.018,0.866
136.138594,311.348,63.012,0.887
136.150204,311.241,63.006,0.903
136.161814,311.162,63.002,0.915
136.173424,310.927,62.989,0.921
136.185034,310.707,62.977,0.920
136.196644,310.680,62.975,0.912
136.208254,310.930,62.989,0.902
136.219864,311.216,63.005,0.885
136.231474,311.448,63.018,0.869
136.243084,311.786,63.037,0.850
136.254694,312.117,63.055,0.825
136.266304,312.381,63.070,0.800
136.277914,312.350,63.068,0.776
136.289524,312.067,63.052,0.766
136.301134,311.717,63.033,0.777
136.312744,311.474,63.019,0.802
136.324354,622.526,75.008,0.828
136.335964,622.534,75.008,0.847
136.347574,622.695,75.012,0.862
136.359184,622.952,75.019,0.874
136.370794,623.267,75.028,0.884
136.382404,624.202,75.054,0.888
136.394014,624.891,75.073,0.884
136.405624,311.959,63.046,0.870
136.417234,312.048,63.051,0.849
136.428844,312.142,63.056,0.823
136.440454,312.166,63.058,0.795
136.452063,312.189,63.059,0.767
136.463673,312.185,63.059,0.742
136.475283,312.182,63.059,0.735
136.486893,312.194,63.059,0.740
136.498503,312.087,63.053,0.760
136.510113,312.109,63.055,0.782
136.521723,312.171,63.058,0.800
136.533333,312.551,63.079,0.814
136.544943,313.197,63.115,0.819
136.556553,314.185,63.169,0.826
136.568163,315.876,63.262,0.835
136.579773,318.358,63.398,0.839
136.591383,323.051,63.651,0.850
136.602993,327.132,63.868,0.852
136.614603,328.666,63.949,0.849
136.626213,329.643,64.001,0.844
136.637823,329.756,64.007,0.842
136.649433,330.032,64.021,0.835
136.661043,330.033,64.021,0.821
136.672653,329.496,63.993,0.807
136.684263,329.220,63.979,0.779
136.695873,328.844,63.959,0.767
136.707483,328.577,63.945,0.765
136.719093,328.455,63.938,0.773
136.730703,328.304,63.930,0.784
136.742313,328.387,63.935,0.791
136.753923,328.492,63.940,0.798
136.765533,328.475,63.939,0.805
136.777143,328.615,63.947,0.805
136.788753,328.765,63.955,0.800
136.800363,328.889,63.961,0.799
136.811973,329.094,63.972,0.795
136.823583,329.345,63.985,0.795
136.835193,329.554,63.996,0.794
136.846803,329.703,64.004,0.795
136.858413,329.984,64.019,0.788
136.870023,330.025,64.021,0.789
136.881633,330.148,64.027,0.792
136.893243,330.177,64.029,0.803
136.904853,330.239,64.032,0.806
136.916463,330.225,64.031,0.807
136.928073,330.305,64.036,0.806
136.939683,330.650,64.054,0.802
136.951293,331.643,64.106,0.823
136.962902,333.471,64.201,0.836
136.974512,334.864,64.273,0.842
136.986122,340.697,64.572,0.847
136.997732,349.472,65.012,0.859
137.009342,358.049,65.432,0.873
137.020952,363.403,65.689,0.888
137.032562,366.475,65.835,0.897
137.044172,369.419,65.973,0.892
137.055782,371.106,66.052,0.887
137.067392,371.589,66.074,0.887
137.079002,371.538,66.072,0.880
137.090612,371.138,66.053,0.875
137.102222,370.359,66.017,0.869
137.113832,369.830,65.992,0.874
137.125442,369.623,65.983,0.883
137.137052,369.757,65.989,0.890
137.148662,369.993,66.000,0.893
137.160272,370.552,66.026,0.891
137.171882,370.816,66.038,0.899
137.183492,370.750,66.035,0.910
137.195102,370.687,66.032,0.906
137.206712,370.784,66.037,0.896
137.218322,370.422,66.020,0.885
137.229932,369.949,65.998,0.867
137.241542,369.356,65.970,0.852
137.253152,368.624,65.936,0.842
137.264762,368.388,65.925,0.816
137.276372,369.570,65.980,0.767
137.287982,369.374,65.971,0.734
137.299592,370.228,66.011,0.691
137.311202,371.647,66.077,0.620
137.322812,371.530,66.072,0.612
137.334422,370.892,66.042,0.610
137.346032,369.957,65.998,0.599
137.357642,369.358,65.970,0.589
137.369252,368.577,65.934,0.584
137.380862,368.045,65.909,0.580
137.392472,368.142,65.913,0.577
137.404082,367.951,65.904,0.585
137.415692,368.547,65.932,0.597
137.427302,369.938,65.997,0.610
137.438912,370.669,66.032,0.620
137.450522,370.928,66.044,0.625
137.462132,371.296,66.061,0.634
137.473741,371.276,66.060,0.648
137.485351,370.951,66.045,0.660
137.496961,370.701,66.033,0.661
137.508571,370.464,66.022,0.649
137.520181,370.251,66.012,0.632
137.531791,93.296,42.149,0.617
137.543401,93.231,42.137,0.609
137.555011,367.730,65.894,0.590
137.566621,366.506,65.836,0.554
137.578231,715.753,77.424,0.511
137.589841,706.196,77.191,0.476
137.601451,707.819,77.231,0.468
137.613061,365.695,65.798,0.471
137.624671,366.789,65.849,0.464
137.636281,367.750,65.895,0.448
137.647891,368.778,65.943,0.438
137.659501,369.686,65.986,0.440
137.671111,370.506,66.024,0.454
137.682721,371.158,66.054,0.474
137.694331,371.559,66.073,0.500
137.705941,371.570,66.074,0.527
137.717551,371.557,66.073,0.545
137.729161,371.413,66.066,0.561
137.740771,371.336,66.063,0.573
137.752381,371.188,66.056,0.582
137.763991,370.929,66.044,0.587
137.775601,370.677,66.032,0.584
137.787211,370.580,66.027,0.569
137.798821,370.271,66.013,0.546
137.810431,369.637,65.983,0.524
137.822041,369.238,65.965,0.500
137.833651,368.706,65.940,0.475
137.845261,368.185,65.915,0.440
137.856871,733.468,77.847,0.398
137.868481,733.573,77.849,0.376
137.880091,732.658,77.828,0.369
137.891701,733.587,77.850,0.384
137.903311,733.353,77.844,0.410
137.914921,367.281,65.873,0.430
137.926531,367.596,65.887,0.435
137.938141,368.269,65.919,0.437
137.949751,735.565,77.896,0.436
137.961361,736.604,77.921,0.424
137.972971,735.425,77.893,0.432
137.984580,736.949,77.929,0.426
137.996190,740.501,78.012,0.421
138.007800,741.213,78.029,0.425
138.019410,740.239,78.006,0.423
138.031020,740.495,78.012,0.419
138.042630,741.147,78.027,0.415
138.054240,741.799,78.042,0.413
138.065850,371.485,66.070,0.396
138.077460,370.846,66.040,0.374
138.089070,369.874,65.994,0.326
138.100680,370.532,66.025,0.254
138.112290,369.397,65.972,0.235
138.123900,369.122,65.959,0.222
138.135510,369.158,65.961,0.206
138.147120,368.917,65.949,0.203
138.158730,368.721,65.940,0.192
138.170340,368.747,65.942,0.178
138.181950,368.041,65.908,0.194
138.193560,367.601,65.888,0.196
138.205170,367.773,65.896,0.198
138.216780,368.205,65.916,0.205
138.228390,368.367,65.924,0.212
138.240000,369.115,65.959,0.218
138.251610,369.343,65.970,0.222
138.263220,369.953,65.998,0.223
138.274830,370.786,66.037,0.209
138.286440,371.282,66.060,0.188
138.298050,371.684,66.079,0.184
138.309660,371.972,66.092,0.190
138.321270,371.933,66.090,0.204
138.332880,744.147,78.097,0.203
138.344490,743.222,78.075,0.198
138.356100,742.797,78.066,0.195
138.367710,743.197,78.075,0.193
138.379320,743.258,78.076,0.187
138.390930,740.967,78.023,0.167
138.402540,733.806,77.855,0.192
138.414150,658.482,75.980,0.318
138.425760,605.224,74.520,0.595
138.437370,601.600,74.416,0.725
138.448980,605.923,74.540,0.766
138.460590,615.696,74.817,0.804
138.472200,621.669,74.984,0.840
138.483810,619.829,74.932,0.849
138.495420,620.661,74.956,0.871
138.507029,622.190,74.998,0.895
138.518639,624.855,75.072,0.894
138.530249,634.625,75.341,0.877
138.541859,631.790,75.263,0.877
138.553469,625.066,75.078,0.872
138.565079,626.794,75.126,0.880
138.576689,630.823,75.237,0.894
138.588299,633.893,75.321,0.888
138.599909,636.379,75.389,0.868
138.611519,641.158,75.518,0.868
138.623129,644.532,75.609,0.875
138.634739,650.414,75.766,0.877
138.646349,326.193,63.819,0.884
138.657959,327.507,63.888,0.870
138.669569,328.359,63.933,0.865
138.681179,329.010,63.968,0.868
138.692789,660.174,76.024,0.873
138.704399,660.030,76.020,0.874
138.716009,329.338,63.985,0.875
138.727619,329.374,63.987,0.874
138.739229,329.507,63.994,0.867
138.750839,329.651,64.001,0.864
138.762449,329.792,64.009,0.855
138.774059,329.803,64.009,0.850
138.785669,329.848,64.012,0.849
138.797279,329.981,64.019,0.851
138.808889,330.124,64.026,0.848
138.820499,330.261,64.033,0.844
138.832109,330.465,64.044,0.845
138.843719,330.690,64.056,0.842
138.855329,330.776,64.060,0.846
138.866939,330.629,64.052,0.847
138.878549,330.435,64.042,0.851
138.890159,330.454,64.043,0.846
138.901769,331.341,64.090,0.856
138.913379,333.813,64.218,0.861
138.924989,682.518,76.600,0.865
138.936599,684.331,76.646,0.866
138.948209,690.183,76.794,0.867
138.959819,695.347,76.923,0.868
138.971429,700.971,77.062,0.861
138.983039,705.025,77.162,0.862
138.994649,712.126,77.336,0.853
139.006259,712.420,77.343,0.848
139.017868,366.822,65.851,0.839
139.029478,367.491,65.882,0.831
139.041088,367.782,65.896,0.822
139.052698,367.778,65.896,0.822
139.064308,367.533,65.884,0.838
139.075918,367.706,65.893,0.848
139.087528,368.071,65.910,0.853
139.099138,368.307,65.921,0.860
139.110748,368.428,65.927,0.862
139.122358,368.734,65.941,0.866
139.133968,368.814,65.945,0.868
139.145578,368.970,65.952,0.873
139.157188,369.382,65.971,0.880
139.168798,369.729,65.988,0.884
139.180408,369.998,66.000,0.886
139.192018,370.324,66.015,0.885
139.203628,370.656,66.031,0.883
139.215238,371.163,66.055,0.882
139.226848,371.625,66.076,0.881
139.238458,371.991,66.093,0.878
139.250068,372.214,66.104,0.869
139.261678,372.065,66.097,0.861
139.273288,372.032,66.095,0.851
139.284898,372.124,66.099,0.841
139.296508,372.410,66.113,0.836
139.308118,372.860,66.134,0.838
139.319728,373.852,66.180,0.847
139.331338,375.763,66.268,0.860
139.342948,378.978,66.415,0.863
139.354558,381.834,66.545,0.858
139.366168,387.079,66.781,0.863
139.377778,389.936,66.909,0.864
139.389388,394.984,67.132,0.881
139.400998,400.666,67.379,0.899
139.412608,407.062,67.653,0.906
139.424218,412.024,67.863,0.903
139.435828,414.024,67.947,0.901
139.447438,415.284,67.999,0.905
139.459048,416.417,68.046,0.907
139.470658,416.578,68.053,0.913
139.482268,416.024,68.030,0.905
139.493878,415.118,67.992,0.890
139.505488,414.331,67.959,0.872
139.517098,413.758,67.935,0.855
139.528707,413.344,67.918,0.841
139.540317,412.982,67.903,0.830
139.551927,412.776,67.894,0.815
139.563537,412.537,67.884,0.794
139.575147,411.892,67.857,0.789
139.586757,411.381,67.836,0.773
139.598367,411.083,67.823,0.760
139.609977,409.954,67.776,0.752
139.621587,408.371,67.709,0.743
139.633197,405.622,67.592,0.728
139.644807,395.512,67.155,0.710
139.656417,796.941,79.284,0.695
139.668027,783.303,78.985,0.646
139.679637,788.653,79.103,0.627
139.691247,797.556,79.297,0.645
139.702857,410.252,67.788,0.644
139.714467,410.774,67.810,0.646
139.726077,412.149,67.868,0.638
139.737687,208.889,56.103,0.628
139.749297,410.906,67.816,0.628
139.760907,782.743,78.972,0.636
139.772517,780.503,78.923,0.642
139.784127,767.689,78.636,0.627
139.795737,768.043,78.644,0.626
139.807347,768.062,78.645,0.624
139.818957,764.927,78.574,0.635
139.830567,762.062,78.509,0.641
139.842177,761.779,78.502,0.636
139.853787,760.038,78.463,0.624
139.865397,92.754,42.048,0.611
139.877007,92.805,42.057,0.599
139.888617,92.838,42.063,0.585
139.900227,123.530,47.008,0.649
139.911837,482.754,70.605,0.782
139.923447,482.521,70.597,0.847
139.935057,485.304,70.697,0.879
139.946667,487.009,70.757,0.916
139.958277,487.687,70.781,0.922
139.969887,488.314,70.804,0.931
139.981497,488.938,70.826,0.940
139.993107,490.368,70.876,0.952
140.004717,492.580,70.954,0.955
140.016327,493.525,70.987,0.960
140.027937,493.229,70.977,0.952
140.039546,493.293,70.979,0.929
140.051156,492.460,70.950,0.930
140.062766,491.573,70.919,0.937
140.074376,490.586,70.884,0.947
140.085986,489.247,70.837,0.951
140.097596,487.543,70.776,0.929
140.109206,486.553,70.741,0.904
140.120816,485.599,70.707,0.918
140.132426,485.121,70.690,0.930
140.144036,484.364,70.663,0.933
140.155646,483.588,70.635,0.921
140.167256,483.421,70.629,0.900
140.178866,481.541,70.562,0.873
140.190476,481.309,70.554,0.866
140.202086,480.891,70.538,0.848
140.213696,480.348,70.519,0.799
140.225306,479.930,70.504,0.759
140.236916,483.130,70.619,0.755
140.248526,484.868,70.681,0.762
140.260136,485.598,70.707,0.768
140.271746,487.429,70.772,0.766
140.283356,488.272,70.802,0.767
140.294966,488.817,70.821,0.771
140.306576,489.353,70.840,0.777
140.318186,491.327,70.910,0.769
140.329796,492.728,70.959,0.743
140.341406,492.783,70.961,0.727
140.353016,492.374,70.947,0.707
140.364626,492.872,70.965,0.688
140.376236,493.014,70.970,0.682
140.387846,492.404,70.948,0.674
140.399456,492.434,70.949,0.650
140.411066,491.306,70.909,0.650
140.422676,489.853,70.858,0.651
140.434286,489.662,70.851,0.625
140.445896,489.606,70.849,0.619
140.457506,488.156,70.798,0.623
140.469116,487.493,70.775,0.624
140.480726,486.746,70.748,0.618
140.492336,486.569,70.742,0.619
140.503946,488.541,70.812,0.638
140.515556,498.144,71.149,0.702
140.527166,527.040,72.125,0.754
140.538776,536.060,72.419,0.768
140.550385,542.794,72.635,0.791
140.561995,552.806,72.951,0.834
140.573605,555.147,73.024,0.855
140.585215,555.555,73.037,0.858
140.596825,557.855,73.109,0.863
140.608435,557.106,73.085,0.856
140.620045,280.012,61.176,0.841
140.631655,279.534,61.146,0.836
140.643265,278.692,61.094,0.825
140.654875,277.752,61.036,0.796
140.666485,277.182,61.000,0.792
140.678095,277.357,61.011,0.821
140.689705,277.316,61.008,0.833
140.701315,277.893,61.044,0.841
140.712925,277.866,61.043,0.864
140.724535,555.332,73.030,0.881
140.736145,555.409,73.033,0.892
140.747755,554.650,73.009,0.897
140.759365,554.358,73.000,0.899
140.770975,553.808,72.983,0.896
140.782585,553.293,72.966,0.892
140.794195,552.634,72.946,0.887
140.805805,276.138,60.935,0.870
140.817415,276.008,60.926,0.856
140.829025,275.978,60.925,0.840
140.840635,276.035,60.928,0.827
140.852245,275.992,60.926,0.813
140.863855,276.104,60.932,0.805
140.875465,276.250,60.942,0.803
140.887075,276.189,60.938,0.804
140.898685,276.207,60.939,0.805
140.910295,276.414,60.952,0.813
140.921905,276.497,60.957,0.836
140.933515,276.445,60.954,0.859
140.945125,276.440,60.954,0.876
140.956735,276.454,60.954,0.885
140.968345,553.803,72.982,0.886
140.979955,553.976,72.988,0.884
140.991565,553.783,72.982,0.881
141.003175,554.311,72.998,0.877
141.014785,554.975,73.019,0.865
141.026395,556.372,73.063,0.844
141.038005,277.604,61.026,0.813
141.049615,277.925,61.046,0.786
141.061224,278.064,61.055,0.779
141.072834,278.170,61.062,0.778
141.084444,278.208,61.064,0.780
141.096054,278.020,61.052,0.791
141.107664,277.594,61.026,0.793
141.119274,277.594,61.026,0.782
141.130884,277.721,61.034,0.783
141.142494,277.657,61.030,0.781
141.154104,277.429,61.015,0.765
141.165714,277.314,61.008,0.757
141.177324,277.279,61.006,0.762
141.188934,277.581,61.025,0.750
141.200544,278.113,61.058,0.736
141.212154,278.268,61.068,0.740
141.223764,278.313,61.070,0.744
141.235374,278.349,61.073,0.748
141.246984,278.511,61.083,0.750
141.258594,278.120,61.058,0.745
141.270204,277.626,61.028,0.733
141.281814,277.046,60.991,0.714
141.293424,276.435,60.953,0.698
141.305034,275.748,60.910,0.681
141.316644,275.275,60.880,0.654
141.328254,275.014,60.864,0.626
141.339864,275.110,60.870,0.609
141.351474,275.399,60.888,0.604
141.363084,275.754,60.911,0.592
141.374694,275.749,60.910,0.582
141.386304,275.721,60.908,0.578
141.397914,275.951,60.923,0.577
141.409524,276.103,60.932,0.567
141.421134,276.316,60.946,0.538
141.432744,276.603,60.964,0.513
141.444354,276.850,60.979,0.484
141.455964,276.877,60.981,0.456
141.467574,276.784,60.975,0.434
141.479184,277.206,61.001,0.423
141.490794,277.297,61.007,0.417
141.502404,277.418,61.015,0.424
141.514014,277.821,61.040,0.426
141.525624,278.242,61.066,0.417
141.537234,278.358,61.073,0.403
141.548844,277.981,61.050,0.406
141.560454,277.879,61.043,0.438
141.572063,277.853,61.042,0.440
141.583673,277.499,61.020,0.436
141.595283,277.309,61.008,0.429
141.606893,277.164,60.999,0.426
141.618503,276.777,60.975,0.450
141.630113,275.766,60.911,0.511
141.641723,273.478,60.767,0.552
141.653333,273.656,60.778,0.580
141.664943,344.808,64.779,0.704
141.676553,385.508,66.711,0.810
141.688163,402.073,67.439,0.860
141.699773,405.548,67.588,0.877
141.711383,408.005,67.693,0.892
141.722993,410.533,67.800,0.908
141.734603,411.300,67.832,0.921
141.746213,410.986,67.819,0.934
141.757823,411.200,67.828,0.937
141.769433,412.483,67.882,0.923
141.781043,413.223,67.913,0.910
141.792653,413.993,67.945,0.915
141.804263,415.354,68.002,0.920
141.815873,417.083,68.074,0.921
141.827483,419.539,68.176,0.920
141.839093,423.800,68.351,0.913
141.850703,431.414,68.659,0.905
141.862313,436.801,68.874,0.898
141.873923,438.705,68.949,0.885
141.885533,440.676,69.027,0.864
141.897143,443.050,69.120,0.834
141.908753,445.167,69.202,0.795
141.920363,446.224,69.243,0.755
141.931973,445.964,69.233,0.716
141.943583,442.606,69.102,0.650
141.955193,430.568,68.625,0.562
141.966803,426.928,68.478,0.619
141.978413,421.419,68.253,0.716
141.990023,430.330,68.615,0.783
142.001633,440.522,69.021,0.819
142.013243,442.185,69.086,0.842
142.024853,441.711,69.067,0.860
142.036463,440.966,69.038,0.882
142.048073,440.554,69.022,0.901
142.059683,440.202,69.008,0.911
142.071293,439.733,68.989,0.913
142.082902,438.988,68.960,0.914
142.094512,438.445,68.939,0.914
142.106122,438.263,68.932,0.917
142.117732,438.122,68.926,0.923
142.129342,438.049,68.923,0.924
142.140952,438.102,68.925,0.922
142.152562,438.309,68.933,0.921
142.164172,438.949,68.959,0.920
142.175782,439.860,68.994,0.918
142.187392,440.218,69.009,0.919
142.199002,440.385,69.015,0.923
142.210612,440.415,69.016,0.923
142.222222,440.315,69.012,0.918
142.233832,439.972,68.999,0.910
142.245442,439.903,68.996,0.901
142.257052,439.664,68.987,0.890
142.268662,439.061,68.963,0.873
142.280272,438.226,68.930,0.852
142.291882,436.650,68.868,0.819
142.303492,434.540,68.784,0.775
142.315102,433.149,68.728,0.738
142.326712,438.483,68.940,0.711
142.338322,439.154,68.967,0.689
142.349932,438.271,68.932,0.658
142.361542,437.936,68.919,0.635
142.373152,437.840,68.915,0.625
142.384762,438.235,68.930,0.630
142.396372,438.831,68.954,0.639
142.407982,439.126,68.966,0.633
142.419592,439.310,68.973,0.626
142.431202,439.715,68.989,0.617
142.442812,439.939,68.998,0.608
142.454422,440.083,69.003,0.601
142.466032,440.304,69.012,0.592
142.477642,440.306,69.012,0.576
142.489252,440.254,69.010,0.561
142.500862,440.421,69.017,0.558
142.512472,440.547,69.022,0.552
142.524082,440.600,69.024,0.548
142.535692,440.298,69.012,0.604
142.547302,440.610,69.024,0.659
142.558912,375.444,66.253,0.722
142.570522,380.473,66.484,0.756
142.582132,380.698,66.494,0.785
142.593741,378.818,66.408,0.812
142.605351,376.554,66.304,0.840
142.616961,374.936,66.230,0.860
142.628571,373.352,66.156,0.868
142.640181,370.570,66.027,0.873
142.651791,370.312,66.015,0.873
142.663401,371.564,66.073,0.883
142.675011,373.062,66.143,0.890
142.686621,374.733,66.220,0.894
142.698231,764.017,78.553,0.900
142.709841,773.583,78.769,0.907
142.721451,783.888,78.998,0.911
142.733061,795.235,79.247,0.914
142.744671,805.628,79.471,0.915
142.756281,818.006,79.735,0.910
142.767891,415.563,68.011,0.909
142.779501,416.436,68.047,0.910
142.791111,417.038,68.072,0.906
142.802721,416.777,68.061,0.901
142.814331,416.112,68.034,0.902
142.825941,415.060,67.990,0.911
142.837551,413.024,67.905,0.920
142.849161,813.904,79.648,0.921
142.860771,808.067,79.524,0.917
142.872381,796.838,79.281,0.913
142.883991,788.903,79.108,0.908
142.895601,781.539,78.946,0.902
142.907211,772.114,78.736,0.894
142.918821,759.992,78.462,0.876
142.930431,747.857,78.183,0.858
142.942041,330.074,64.023,0.851
142.953651,329.427,63.989,0.846
142.965261,164.182,51.933,0.834
142.976871,327.955,63.912,0.830
142.988481,163.851,51.899,0.818
143.000091,163.862,51.900,0.808
143.011701,163.917,51.906,0.796
143.023311,163.805,51.894,0.779
143.034921,752.608,78.293,0.758
143.046531,762.686,78.523,0.738
143.058141,770.477,78.699,0.716
143.069751,792.027,79.177,0.673
143.081361,779.640,78.904,0.657
143.092971,785.372,79.030,0.658
143.104580,92.512,42.002,0.680
143.116190,782.399,78.965,0.722
143.127800,759.911,78.460,0.763
143.139410,370.155,66.008,0.782
143.151020,369.831,65.992,0.797
143.162630,369.028,65.955,0.834
143.174240,368.786,65.943,0.843
143.185850,333.587,64.207,0.844
143.197460,331.889,64.118,0.853
143.209070,330.144,64.027,0.862
143.220680,327.678,63.897,0.865
143.232290,326.639,63.842,0.873
143.243900,326.571,63.839,0.884
143.255510,326.404,63.830,0.887
143.267120,326.392,63.829,0.902
143.278730,326.376,63.828,0.912
143.290340,326.412,63.830,0.911
143.301950,326.833,63.853,0.902
143.313560,327.816,63.905,0.895
143.325170,164.280,51.944,0.889
143.336780,164.537,51.971,0.884
143.348390,164.711,51.989,0.873
143.360000,164.721,51.990,0.863
143.371610,164.722,51.990,0.859
143.383220,164.730,51.991,0.860
143.394830,164.739,51.992,0.864
143.406440,164.756,51.994,0.863
143.418050,329.853,64.012,0.862
143.429660,330.065,64.023,0.861
143.441270,330.404,64.041,0.859
143.452880,330.758,64.059,0.857
143.464490,330.982,64.071,0.855
143.476100,331.091,64.077,0.855
143.487710,331.032,64.074,0.860
143.499320,330.811,64.062,0.868
143.510930,330.398,64.040,0.871
143.522540,330.158,64.028,0.870
143.534150,330.001,64.020,0.868
143.545760,330.031,64.021,0.868
143.557370,330.115,64.026,0.867
143.568980,330.169,64.028,0.861
143.580590,330.170,64.028,0.850
143.592200,330.124,64.026,0.842
143.603810,330.743,64.058,0.856
143.615420,331.474,64.097,0.864
143.627029,332.714,64.161,0.861
143.638639,334.982,64.279,0.857
143.650249,695.643,76.930,0.867
143.661859,701.975,77.087,0.872
143.673469,359.912,65.522,0.871
143.685079,363.818,65.709,0.874
143.696689,366.863,65.853,0.869
143.708299,368.489,65.929,0.878
143.719909,368.506,65.930,0.892
143.731519,368.460,65.928,0.897
143.743129,368.593,65.934,0.885
143.754739,368.367,65.924,0.877
143.766349,368.057,65.909,0.878
143.777959,183.949,53.902,0.875
143.789569,183.919,53.899,0.864
143.801179,183.988,53.905,0.844
143.812789,184.144,53.920,0.826
143.824399,184.311,53.936,0.821
143.836009,368.751,65.942,0.827
143.847619,369.006,65.954,0.835
143.859229,369.396,65.972,0.842
143.870839,369.717,65.987,0.855
143.882449,369.828,65.992,0.868
143.894059,369.950,65.998,0.876
143.905669,370.209,66.010,0.878
143.917279,370.630,66.030,0.876
143.928889,371.191,66.056,0.872
143.940499,371.585,66.074,0.870
143.952109,371.901,66.089,0.864
143.963719,372.275,66.106,0.853
143.975329,372.497,66.117,0.840
143.986939,372.630,66.123,0.827
143.998549,372.668,66.125,0.819
144.010159,372.887,66.135,0.823
144.021769,373.480,66.162,0.840
144.033379,374.759,66.222,0.864
144.044989,376.471,66.300,0.884
144.056599,378.501,66.394,0.883
144.068209,382.287,66.566,0.894
144.079819,385.257,66.700,0.893
144.091429,389.642,66.896,0.905
144.103039,801.047,79.373,0.920
144.114649,809.012,79.544,0.923
144.126259,411.655,67.847,0.918
144.137868,414.603,67.971,0.912
144.149478,415.228,67.997,0.917
144.161088,416.065,68.032,0.909
144.172698,415.954,68.027,0.915
144.184308,415.420,68.005,0.912
144.195918,414.790,67.979,0.905
144.207528,414.381,67.961,0.898
144.219138,414.036,67.947,0.889
144.230748,413.740,67.935,0.879
144.242358,413.666,67.932,0.871
144.253968,103.946,44.020,0.864
144.265578,413.770,67.936,0.853
144.277188,413.780,67.936,0.840
144.288798,413.507,67.925,0.818
144.300408,413.071,67.907,0.792
144.312018,412.262,67.873,0.774
144.323628,410.742,67.809,0.756
144.335238,408.677,67.722,0.739
144.346848,405.701,67.595,0.723
144.358458,756.573,78.384,0.701
144.370068,761.408,78.494,0.661
144.381678,772.035,78.734,0.618
144.393288,410.276,67.789,0.622
144.404898,411.853,67.855,0.637
144.416508,412.454,67.881,0.636
144.428118,413.575,67.928,0.631
144.439728,414.317,67.959,0.629
144.451338,414.383,67.962,0.627
144.462948,414.424,67.963,0.626
144.474558,413.661,67.931,0.627
144.486168,817.605,79.727,0.608
144.497778,807.836,79.519,0.585
144.509388,790.475,79.143,0.587
144.520998,775.662,78.815,0.594
144.532608,770.331,78.696,0.597
144.544218,92.536,42.007,0.604
144.555828,92.537,42.007,0.614
144.567438,92.473,41.995,0.618
144.579048,92.413,41.984,0.620
144.590658,92.391,41.980,0.617
144.602268,92.395,41.981,0.618
144.613878,474.312,70.300,0.746
144.625488,479.497,70.488,0.826
144.637098,481.403,70.557,0.868
144.648707,483.282,70.624,0.885
144.660317,484.600,70.672,0.891
144.671927,486.801,70.750,0.900
144.683537,488.026,70.793,0.911
144.695147,489.058,70.830,0.919
144.706757,490.670,70.887,0.910
144.718367,492.801,70.962,0.909
144.729977,493.660,70.992,0.906
144.741587,493.678,70.993,0.902
144.753197,493.367,70.982,0.905
144.764807,492.582,70.954,0.918
144.776417,491.840,70.928,0.930
144.788027,491.326,70.910,0.928
144.799637,491.017,70.899,0.936
144.811247,490.797,70.891,0.929
144.822857,490.108,70.867,0.926
144.834467,489.601,70.849,0.924
144.846077,487.994,70.792,0.937
144.857687,487.244,70.766,0.925
144.869297,486.534,70.740,0.907
144.880907,485.126,70.690,0.904
144.892517,483.090,70.617,0.878
144.904127,481.854,70.573,0.847
144.915737,481.376,70.556,0.811
144.927347,481.727,70.569,0.801
144.938957,485.969,70.720,0.737
144.950567,486.872,70.752,0.716
144.962177,487.688,70.781,0.687
144.973787,489.417,70.843,0.656
144.985397,489.021,70.829,0.670
144.997007,488.959,70.827,0.684
145.008617,489.239,70.836,0.682
145.020227,489.618,70.850,0.660
145.031837,490.102,70.867,0.637
145.043447,490.731,70.889,0.631
145.055057,491.064,70.901,0.631
145.066667,490.685,70.888,0.645
145.078277,490.440,70.879,0.625
145.089887,490.426,70.878,0.603
145.101497,489.676,70.852,0.616
145.113107,489.270,70.838,0.630
145.124717,488.740,70.819,0.626
145.136327,488.007,70.793,0.625
145.147937,487.050,70.759,0.631
145.159546,486.834,70.751,0.616
145.171156,486.567,70.742,0.612
145.182766,486.168,70.727,0.602
145.194376,486.775,70.749,0.585
145.205986,240.061,58.511,0.605
145.217596,305.211,62.668,0.730
145.229206,306.467,62.739,0.791
145.240816,307.676,62.807,0.825
145.252426,308.512,62.854,0.840
145.264036,309.185,62.892,0.848
145.275646,309.853,62.929,0.860
145.287256,310.480,62.964,0.871
145.298866,311.295,63.009,0.880
145.310476,312.365,63.069,0.870
145.322086,312.157,63.057,0.867
145.333696,311.848,63.040,0.872
145.345306,311.674,63.030,0.884
145.356916,311.653,63.029,0.896
145.368526,311.655,63.029,0.900
145.380136,311.446,63.018,0.903
145.391746,311.500,63.021,0.900
145.403356,311.643,63.029,0.896
145.414966,311.870,63.041,0.880
145.426576,312.081,63.053,0.858
145.438186,312.017,63.049,0.832
145.449796,311.984,63.048,0.809
145.461406,311.672,63.030,0.784
145.473016,311.434,63.017,0.762
145.484626,311.313,63.010,0.753
145.496236,311.491,63.020,0.759
145.507846,311.694,63.032,0.781
145.519456,311.627,63.028,0.808
145.531066,311.387,63.014,0.831
145.542676,311.115,62.999,0.847
145.554286,310.974,62.991,0.865
145.565896,310.971,62.991,0.883
145.577506,310.884,62.986,0.896
145.589116,310.652,62.974,0.901
145.600726,310.597,62.971,0.902
145.612336,310.550,62.968,0.895
145.623946,310.866,62.985,0.888
145.635556,311.181,63.003,0.883
145.647166,311.505,63.021,0.873
145.658776,311.879,63.042,0.856
145.670385,312.220,63.061,0.833
145.681995,312.491,63.076,0.811
145.693605,312.302,63.065,0.787
145.705215,312.121,63.055,0.772
145.716825,311.855,63.040,0.777
145.728435,311.681,63.031,0.800
145.740045,311.626,63.028,0.824
145.751655,311.423,63.016,0.844
145.763265,623.528,75.035,0.860
145.774875,623.335,75.030,0.869
145.786485,624.053,75.050,0.877
145.798095,311.886,63.042,0.881
145.809705,312.136,63.056,0.876
145.821315,312.229,63.061,0.858
145.832925,312.285,63.064,0.834
145.844535,312.402,63.071,0.803
145.856145,312.488,63.076,0.773
145.867755,312.547,63.079,0.750
145.879365,312.446,63.073,0.735
145.890975,312.401,63.071,0.739
145.902585,312.327,63.067,0.755
145.914195,312.289,63.065,0.773
145.925805,312.304,63.065,0.791
145.937415,312.560,63.080,0.811
145.949025,313.312,63.121,0.828
145.960635,314.638,63.194,0.835
145.972245,315.543,63.244,0.836
145.983855,316.714,63.308,0.838
145.995465,320.231,63.499,0.844
146.007075,324.135,63.709,0.858
146.018685,326.728,63.847,0.860
146.030295,328.324,63.931,0.853
146.041905,329.447,63.991,0.843
146.053515,330.061,64.023,0.838
146.065125,329.863,64.012,0.835
146.076735,329.733,64.006,0.827
146.088345,329.353,63.986,0.808
146.099955,328.981,63.966,0.773
146.111565,328.800,63.956,0.755
146.123175,328.684,63.950,0.757
146.134785,328.607,63.946,0.764
146.146395,328.617,63.947,0.772
146.158005,328.647,63.948,0.775
146.169615,328.711,63.952,0.778
146.181224,328.903,63.962,0.779
146.192834,329.059,63.970,0.779
146.204444,329.158,63.975,0.782
146.216054,329.376,63.987,0.775
146.227664,329.566,63.997,0.773
146.239274,329.691,64.003,0.770
146.250884,329.733,64.006,0.777
146.262494,329.836,64.011,0.781
146.274104,329.862,64.012,0.784
146.285714,329.953,64.017,0.787
146.297324,329.950,64.017,0.797
146.308934,329.795,64.009,0.813
146.320544,329.861,64.012,0.823
146.332154,329.850,64.012,0.828
146.343764,330.058,64.023,0.824
146.355374,330.566,64.049,0.832
146.366984,332.517,64.151,0.856
146.378594,333.890,64.222,0.864
146.390204,335.360,64.298,0.866
146.401814,338.965,64.484,0.865
146.413424,694.101,76.892,0.870
146.425034,354.674,65.268,0.878
146.436644,359.696,65.511,0.888
146.448254,365.321,65.780,0.886
146.459864,370.735,66.035,0.872
146.471474,371.573,66.074,0.870
146.483084,372.023,66.095,0.867
146.494694,371.847,66.086,0.867
146.506304,371.617,66.076,0.861
146.517914,370.888,66.042,0.869
146.529524,370.295,66.014,0.878
146.541134,369.851,65.993,0.888
146.552744,369.781,65.990,0.888
146.564354,370.051,66.003,0.882
146.575964,370.570,66.027,0.880
146.587574,370.712,66.034,0.880
146.599184,370.457,66.022,0.884
146.610794,370.755,66.036,0.868
146.622404,370.508,66.024,0.854
146.634014,370.182,66.009,0.836
146.645624,369.593,65.981,0.820
146.657234,368.654,65.937,0.815
146.668844,367.742,65.894,0.802
146.680454,367.211,65.869,0.782
146.692063,368.135,65.913,0.740
146.703673,367.034,65.861,0.717
146.715283,368.708,65.940,0.652
146.726893,369.834,65.992,0.598
146.738503,368.937,65.950,0.599
146.750113,368.245,65.918,0.581
146.761723,367.448,65.880,0.568
146.773333,93.342,42.157,0.567
146.784943,93.378,42.164,0.552
146.796553,93.382,42.165,0.551
146.808163,93.389,42.166,0.549
146.819773,93.401,42.168,0.554
146.831383,708.719,77.253,0.566
146.842993,715.537,77.418,0.585
146.854603,721.478,77.561,0.595
146.866213,185.729,54.068,0.597
146.877823,369.449,65.974,0.609
146.889433,369.969,65.999,0.625
146.901043,370.310,66.015,0.640
146.912653,370.154,66.007,0.643
146.924263,93.175,42.126,0.630
146.935873,93.272,42.144,0.608
146.947483,93.272,42.144,0.589
146.959093,93.243,42.139,0.585
146.970703,93.209,42.132,0.571
146.982313,708.549,77.248,0.536
146.993923,706.110,77.189,0.494
147.005533,710.506,77.296,0.483
147.017143,716.846,77.450,0.486
147.028753,722.472,77.585,0.487
147.040363,366.630,65.842,0.484
147.051973,367.447,65.880,0.465
147.063583,368.740,65.941,0.446
147.075193,369.287,65.967,0.469
147.086803,369.707,65.987,0.485
147.098413,370.729,66.034,0.490
147.110023,370.693,66.033,0.512
147.121633,370.865,66.041,0.530
147.133243,370.652,66.031,0.548
147.144853,370.652,66.031,0.560
147.156463,370.494,66.023,0.573
147.168073,370.337,66.016,0.574
147.179683,369.827,65.992,0.573
147.191293,369.613,65.982,0.570
147.202902,369.682,65.985,0.557
147.214512,369.324,65.969,0.553
147.226122,369.120,65.959,0.547
147.237732,369.037,65.955,0.533
147.249342,369.294,65.967,0.513
147.260952,369.240,65.965,0.494
147.272562,738.066,77.955,0.497
147.284172,737.527,77.942,0.500
147.295782,737.220,77.935,0.494
147.307392,737.656,77.945,0.478
147.319002,368.568,65.933,0.478
147.330612,737.081,77.932,0.493
147.342222,737.247,77.936,0.503
147.353832,737.682,77.946,0.505
147.365442,738.328,77.961,0.483
147.377052,738.882,77.974,0.463
147.388662,738.653,77.969,0.475
147.400272,739.665,77.992,0.483
147.411882,741.480,78.035,0.480
147.423492,741.769,78.042,0.478
147.435102,741.511,78.036,0.468
147.446712,741.573,78.037,0.457
147.458322,742.235,78.052,0.452
147.469932,742.656,78.062,0.449
147.481542,742.984,78.070,0.424
147.493152,741.492,78.035,0.390
147.504762,369.825,65.992,0.347
147.516372,370.395,66.019,0.283
147.527982,369.573,65.980,0.252
147.539592,732.304,77.819,0.241
147.551202,729.947,77.763,0.248
147.562812,729.008,77.741,0.238
147.574422,726.518,77.682,0.215
147.586032,369.075,65.957,0.196
147.597642,368.071,65.910,0.194
147.609252,367.665,65.891,0.189
147.620862,368.255,65.918,0.195
147.632472,368.341,65.922,0.195
147.644082,369.379,65.971,0.173
147.655692,369.237,65.965,0.165
147.667302,368.778,65.943,0.161
147.678912,368.263,65.919,0.150
147.690522,367.973,65.905,0.140
147.702132,731.981,77.812,0.144
147.713741,734.826,77.879,0.170
147.725351,738.128,77.956,0.197
147.736961,738.737,77.971,0.213
147.748571,739.814,77.996,0.216
147.760181,740.280,78.007,0.215
147.771791,740.635,78.015,0.212
147.783401,742.246,78.053,0.205
147.795011,370.359,66.017,0.193
147.806621,368.819,65.945,0.170
147.818231,707.017,77.211,0.211
147.829841,626.827,75.127,0.399
147.841451,601.988,74.427,0.625
147.853061,601.021,74.399,0.730
147.864671,613.244,74.747,0.795
147.876281,619.603,74.926,0.828
147.887891,622.749,75.014,0.847
147.899501,622.389,75.004,0.866
147.911111,622.179,74.998,0.877
147.922721,622.664,75.011,0.896
147.934331,626.714,75.124,0.891
147.945941,634.961,75.350,0.875
147.957551,625.936,75.102,0.864
147.969161,623.364,75.031,0.859
147.980771,626.514,75.118,0.873
147.992381,630.615,75.231,0.885
148.003991,633.655,75.314,0.885
148.015601,636.452,75.391,0.869
148.027211,638.836,75.455,0.868
148.038821,640.307,75.495,0.870
148.050431,325.298,63.771,0.864
148.062041,326.113,63.814,0.861
148.073651,327.277,63.876,0.845
148.085261,328.583,63.945,0.826
148.096871,329.106,63.973,0.829
148.108481,329.354,63.986,0.835
148.120091,329.388,63.987,0.842
148.131701,329.411,63.989,0.850
148.143311,329.560,63.996,0.853
148.154921,329.732,64.005,0.854
148.166531,329.796,64.009,0.851
148.178141,329.859,64.012,0.844
148.189751,329.919,64.015,0.840
148.201361,330.061,64.023,0.843
148.212971,330.142,64.027,0.851
148.224580,330.198,64.030,0.852
148.236190,330.344,64.038,0.853
148.247800,330.572,64.050,0.853
148.259410,330.759,64.059,0.857
148.271020,330.687,64.056,0.862
148.282630,330.503,64.046,0.863
148.294240,330.441,64.043,0.864
148.305850,330.607,64.051,0.853
148.317460,332.131,64.131,0.861
148.329070,333.918,64.224,0.862
148.340680,685.772,76.683,0.873
148.352290,687.146,76.717,0.869
148.363900,692.621,76.855,0.874
148.375510,698.262,76.995,0.877
148.387120,705.806,77.181,0.871
148.398730,709.341,77.268,0.873
148.410340,713.437,77.367,0.867
148.421950,366.537,65.837,0.866
148.433560,367.851,65.899,0.851
148.445170,367.811,65.898,0.849
148.456780,367.846,65.899,0.839
148.468390,367.478,65.882,0.836
148.480000,367.061,65.862,0.844
148.491610,366.959,65.857,0.850
148.503220,367.109,65.864,0.850
148.514830,367.146,65.866,0.854
148.526440,367.617,65.888,0.855
148.538050,367.919,65.903,0.861
148.549660,368.198,65.916,0.867
148.561270,368.556,65.933,0.875
148.572880,369.042,65.955,0.882
148.584490,369.399,65.972,0.887
148.596100,369.795,65.991,0.890
148.607710,370.164,66.008,0.886
148.619320,370.679,66.032,0.882
148.630930,371.213,66.057,0.875
148.642540,371.629,66.076,0.865
148.654150,371.814,66.085,0.857
148.665760,371.947,66.091,0.848
148.677370,371.941,66.091,0.836
148.688980,371.915,66.090,0.825
148.700590,371.946,66.091,0.818
148.712200,372.019,66.094,0.817
148.723810,372.651,66.124,0.828
148.735420,373.891,66.181,0.846
148.747029,376.507,66.302,0.868
148.758639,379.362,66.433,0.862
148.770249,382.298,66.566,0.863
148.781859,387.491,66.800,0.871
148.793469,391.685,66.986,0.878
148.805079,398.488,67.284,0.898
148.816689,404.297,67.535,0.910
148.828299,408.580,67.717,0.910
148.839909,412.923,67.900,0.900
148.851519,414.296,67.958,0.906
148.863129,415.265,67.998,0.906
148.874739,416.455,68.048,0.901
148.886349,416.638,68.055,0.897
148.897959,416.259,68.040,0.876
148.909569,415.361,68.002,0.847
148.921179,414.301,67.958,0.819
148.932789,413.411,67.921,0.786
148.944399,412.788,67.895,0.749
148.956009,412.202,67.870,0.707
148.967619,411.590,67.844,0.649
148.979229,412.264,67.873,0.553
148.990839,82.701,40.062,0.437
149.002449,82.797,40.082,0.328
149.014059,207.115,55.955,0.213
149.025669,206.592,55.911,0.054
149.037279,,,0.000
149.048889,,,0.000
149.060499,,,0.000
149.072109,,,0.000
149.083719,,,0.000
149.095329,,,0.000
149.106939,,,0.000
149.118549,,,0.000
149.130159,,,0.000
149.141769,,,0.000
149.153379,,,0.000
149.164989,,,0.000
149.176599,,,0.000
149.188209,,,0.000
149.199819,,,0.000
149.211429,,,0.000
149.223039,,,0.000
149.234649,,,0.000
149.246259,,,0.000
149.257868,,,0.000
149.269478,,,0.000
149.281088,,,0.000
149.292698,,,0.000
149.304308,,,0.000
149.315918,,,0.000
149.327528,,,0.000
149.339138,,,0.000
149.350748,,,0.000
149.362358,,,0.000
149.373968,,,0.000
149.385578,,,0.000
149.397188,,,0.000
149.408798,,,0.000
149.420408,,,0.000
149.432018,,,0.000
149.443628,,,0.000
149.455238,,,0.000
149.466848,,,0.000
149.478458,,,0.000
149.490068,,,0.000
149.501678,,,0.000
149.513288,,,0.000
149.524898,,,0.000
149.536508,,,0.000
149.548118,,,0.000
149.559728,,,0.000
149.571338,,,0.000
149.582948,,,0.000
149.594558,,,0.000
149.606168,,,0.000
149.617778,,,0.000
149.629388,,,0.000
149.640998,,,0.000
149.652608,,,0.000
149.664218,,,0.000
149.675828,,,0.000
149.687438,,,0.000
149.699048,,,0.000
149.710658,,,0.000
149.722268,,,0.000
149.733878,,,0.000
149.745488,,,0.000
149.757098,,,0.000
149.768707,,,0.000
149.780317,,,0.000
149.791927,,,0.000
149.803537,,,0.000
149.815147,,,0.000
149.826757,,,0.000
149.838367,,,0.000
149.849977,,,0.000
149.861587,,,0.000
149.873197,,,0.000
149.884807,,,0.000
149.896417,,,0.000
149.908027,,,0.000
149.919637,,,0.000
149.931247,,,0.000
149.942857,,,0.000
149.954467,,,0.000
149.966077,,,0.000
149.977687,,,0.000
149.989297,,,0.000
150.000907,,,0.000
150.012517,,,0.000
150.024127,,,0.000
150.035737,,,0.000
150.047347,,,0.000
150.058957,,,0.000
150.070567,,,0.000
150.082177,,,0.000
150.093787,,,0.000
150.105397,,,0.000
150.117007,,,0.000
150.128617,,,0.000
150.140227,,,0.000
150.151837,,,0.000
150.163447,,,0.000
150.175057,,,0.000
150.186667,,,0.000
150.198277,,,0.000
150.209887,,,0.000
150.221497,,,0.000
150.233107,,,0.000
150.244717,,,0.000
150.256327,,,0.000
150.267937,,,0.000
150.279546,,,0.000
150.291156,,,0.000
150.302766,,,0.000
150.314376,,,0.000
150.325986,,,0.000
150.337596,,,0.000
150.349206,,,0.000
150.360816,,,0.000
150.372426,,,0.000
150.384036,,,0.000
150.395646,,,0.000
150.407256,,,0.000
150.418866,,,0.000
150.430476,,,0.000
150.442086,,,0.000
150.453696,,,0.000
150.465306,,,0.000
150.476916,,,0.000
150.488526,,,0.000
150.500136,,,0.000
150.511746,,,0.000
150.523356,,,0.000
150.534966,,,0.000
150.546576,,,0.000
150.558186,,,0.000
150.569796,,,0.000
150.581406,,,0.000
150.593016,,,0.000
150.604626,,,0.000
150.616236,,,0.000
150.627846,,,0.000
150.639456,,,0.000
150.651066,,,0.000
150.662676,,,0.000
150.674286,,,0.000
150.685896,,,0.000
150.697506,,,0.000
150.709116,,,0.000
150.720726,,,0.000
150.732336,,,0.000
150.743946,,,0.000
150.755556,,,0.000
150.767166,,,0.000
150.778776,,,0.000
150.790385,,,0.000
150.801995,,,0.000
150.813605,,,0.000
150.825215,,,0.000
150.836825,,,0.000
150.848435,,,0.000
150.860045,,,0.000
150.871655,,,0.000
150.883265,,,0.000
150.894875,,,0.000
150.906485,,,0.000
150.918095,,,0.000
150.929705,,,0.000
150.941315,,,0.000
150.952925,,,0.000
150.964535,,,0.000
150.976145,,,0.000
150.987755,,,0.000
150.999365,,,0.000
151.010975,,,0.000
151.022585,,,0.000
151.034195,,,0.000
151.045805,,,0.000
151.057415,,,0.000
151.069025,,,0.000
151.080635,,,0.000
151.092245,,,0.000
151.103855,,,0.000
151.115465,,,0.000
151.127075,,,0.000
151.138685,,,0.000
151.150295,,,0.000
151.161905,,,0.000
151.173515,,,0.000
151.185125,,,0.000
151.196735,,,0.000
151.208345,,,0.000
151.219955,,,0.000
151.231565,,,0.000
151.243175,,,0.000
151.254785,,,0.000
151.266395,,,0.000
151.278005,,,0.000
151.289615,,,0.000
151.301224,,,0.000
151.312834,,,0.000
151.324444,,,0.000
151.336054,,,0.000
151.347664,,,0.000
151.359274,,,0.000
151.370884,,,0.000
151.382494,,,0.000
151.394104,,,0.000
151.405714,,,0.000
151.417324,,,0.000
151.428934,,,0.000
151.440544,,,0.000
151.452154,,,0.000
151.463764,,,0.000
151.475374,,,0.000
151.486984,,,0.000
151.498594,,,0.000
151.510204,,,0.000
151.521814,,,0.000
151.533424,,,0.000
151.545034,,,0.000
151.556644,,,0.000
151.568254,,,0.000
151.579864,,,0.000
151.591474,,,0.000
151.603084,,,0.000
151.614694,,,0.000
151.626304,,,0.000
151.637914,,,0.000
151.649524,,,0.000
151.661134,,,0.000
151.672744,,,0.000
151.684354,,,0.000
151.695964,,,0.000
151.707574,,,0.000
151.719184,,,0.000
151.730794,,,0.000
151.742404,,,0.000
151.754014,,,0.000
151.765624,,,0.000
151.777234,,,0.000
151.788844,,,0.000
151.800454,,,0.000
151.812063,,,0.000
151.823673,,,0.000
151.835283,,,0.000
151.846893,,,0.000
151.858503,,,0.000
151.870113,,,0.000
151.881723,,,0.000
151.893333,,,0.000
151.904943,,,0.000
151.916553,,,0.000
151.928163,,,0.000
151.939773,,,0.000
151.951383,,,0.000
151.962993,,,0.000
151.974603,,,0.000
151.986213,,,0.000
151.997823,,,0.000
152.009433,,,0.000
152.021043,,,0.000
152.032653,,,0.000
152.044263,,,0.000
152.055873,,,0.000
152.067483,,,0.000
152.079093,,,0.000
152.090703,,,0.000
152.102313,,,0.000
152.113923,,,0.000
152.125533,,,0.000
152.137143,,,0.000
152.148753,,,0.000
152.160363,,,0.000
152.171973,,,0.000
152.183583,,,0.000
152.195193,,,0.000
152.206803,,,0.000
152.218413,,,0.000
152.230023,,,0.000
152.241633,,,0.000
152.253243,,,0.000
152.264853,,,0.000
152.276463,,,0.000
152.288073,,,0.000
152.299683,,,0.000
152.311293,,,0.000
152.322902,,,0.000
152.334512,,,0.000
152.346122,,,0.000
152.357732,,,0.000
152.369342,,,0.000
152.380952,,,0.000
152.392562,,,0.000
152.404172,,,0.000
152.415782,,,0.000
152.427392,,,0.000
152.439002,,,0.000
152.450612,,,0.000
152.462222,,,0.000
152.473832,,,0.000
152.485442,,,0.000
152.497052,,,0.000
152.508662,,,0.000
152.520272,,,0.000
152.531882,,,0.000
152.543492,,,0.000
152.555102,,,0.000
152.566712,,,0.000
152.578322,,,0.000
152.589932,,,0.000
152.601542,,,0.000
152.613152,,,0.000
152.624762,,,0.000
152.636372,,,0.000
152.647982,,,0.000
152.659592,,,0.000
152.671202,,,0.000
152.682812,,,0.000
152.694422,,,0.000
152.706032,,,0.000
152.717642,,,0.000
152.729252,,,0.000
152.740862,,,0.000
152.752472,,,0.000
152.764082,,,0.000
152.775692,,,0.000
152.787302,,,0.000
152.798912,,,0.000
152.810522,,,0.000
152.822132,,,0.000
152.833741,,,0.000
152.845351,,,0.000
152.856961,,,0.000
152.868571,,,0.000
152.880181,,,0.000
152.891791,,,0.000
152.903401,,,0.000
152.915011,,,0.000
152.926621,,,0.000
152.938231,,,0.000
152.949841,,,0.000
152.961451,,,0.000
152.973061,,,0.000
152.984671,,,0.000
152.996281,,,0.000
153.007891,,,0.000
153.019501,,,0.000
153.031111,,,0.000
153.042721,,,0.000
153.054331,,,0.000
153.065941,,,0.000
153.077551,,,0.000
153.089161,,,0.000
153.100771,,,0.000
153.112381,,,0.000
153.123991,,,0.000
153.135601,,,0.000
153.147211,,,0.000
153.158821,,,0.000
153.170431,,,0.000
153.182041,,,0.000
153.193651,,,0.000
153.205261,,,0.000
153.216871,,,0.000
153.228481,,,0.000
153.240091,,,0.000
153.251701,,,0.000
153.263311,,,0.000
153.274921,,,0.000
153.286531,,,0.000
153.298141,,,0.000
153.309751,,,0.000
153.321361,,,0.000
153.332971,,,0.000
153.344580,,,0.000
153.356190,,,0.000
153.367800,,,0.000
153.379410,,,0.000
153.391020,,,0.000
153.402630,,,0.000
153.414240,,,0.000
153.425850,,,0.000
153.437460,,,0.000
153.449070,,,0.000
153.460680,,,0.000
153.472290,,,0.000
153.483900,,,0.000
153.495510,,,0.000
153.507120,,,0.000
153.518730,,,0.000
153.530340,,,0.000
153.541950,,,0.000
153.553560,,,0.000
153.565170,,,0.000
153.576780,,,0.000
153.588390,,,0.000
153.600000,,,0.000
153.611610,,,0.000
153.623220,,,0.000
153.634830,,,0.000
153.646440,,,0.000
153.658050,,,0.000
153.669660,,,0.000
153.681270,,,0.000
153.692880,,,0.000
153.704490,,,0.000
153.716100,,,0.000
153.727710,,,0.000
153.739320,,,0.000
153.750930,,,0.000
153.762540,,,0.000
153.774150,,,0.000
153.785760,,,0.000
153.797370,,,0.000
153.808980,,,0.000
153.820590,,,0.000
153.832200,,,0.000
153.843810,,,0.000
153.855420,,,0.000
153.867029,,,0.000
153.878639,,,0.000
153.890249,,,0.000
153.901859,,,0.000
153.913469,,,0.000
153.925079,,,0.000
153.936689,,,0.000
153.948299,,,0.000
153.959909,,,0.000
153.971519,,,0.000
153.983129,,,0.000
153.994739,,,0.000
154.006349,,,0.000
154.017959,,,0.000
154.029569,,,0.000
154.041179,,,0.000
154.052789,,,0.000
154.064399,,,0.000
154.076009,,,0.000
154.087619,,,0.000
154.099229,,,0.000
154.110839,,,0.000
154.122449,,,0.000
154.134059,,,0.000
154.145669,,,0.000
154.157279,,,0.000
154.168889,,,0.000
154.180499,,,0.000
154.192109,,,0.000
154.203719,,,0.000
154.215329,,,0.000
154.226939,,,0.000
154.238549,,,0.000
154.250159,,,0.000
154.261769,,,0.000
154.273379,,,0.000
154.284989,,,0.000
154.296599,,,0.000
154.308209,,,0.000
154.319819,,,0.000
154.331429,,,0.000
154.343039,,,0.000
154.354649,,,0.000
154.366259,,,0.000
154.377868,,,0.000
154.389478,,,0.000
154.401088,,,0.000
154.412698,,,0.000
154.424308,,,0.000
154.435918,,,0.000
154.447528,,,0.000
154.459138,,,0.000
154.470748,,,0.000
154.482358,,,0.000
154.493968,,,0.000
154.505578,,,0.000
154.517188,,,0.000
154.528798,,,0.000
154.540408,,,0.000
154.552018,,,0.000
154.563628,,,0.000
154.575238,,,0.000
154.586848,,,0.000
154.598458,,,0.000
154.610068,,,0.000
154.621678,,,0.000
154.633288,,,0.000
154.644898,,,0.000
154.656508,,,0.000
154.668118,,,0.000
154.679728,,,0.000
154.691338,,,0.000
154.702948,,,0.000
154.714558,,,0.000
154.726168,,,0.000
154.737778,,,0.000
154.749388,,,0.000
154.760998,,,0.000
154.772608,,,0.000
154.784218,,,0.000
154.795828,,,0.000
154.807438,,,0.000
154.819048,,,0.000
154.830658,,,0.000
154.842268,,,0.000
154.853878,,,0.000
154.865488,,,0.000
154.877098,,,0.000
154.888707,,,0.000
154.900317,,,0.000
154.911927,,,0.000
154.923537,,,0.000
154.935147,,,0.000
154.946757,,,0.000
154.958367,,,0.000
