time_sec,f0_hz,midi,confidence
0.000000,,,0.000
0.011610,,,0.000
0.023220,,,0.000
0.034830,,,0.000
0.046440,,,0.000
0.058050,,,0.000
0.069660,,,0.000
0.081270,,,0.000
0.092880,,,0.000
0.104490,,,0.000
0.116100,,,0.000
0.127710,,,0.000
0.139320,,,0.000
0.150930,,,0.000
0.162540,,,0.000
0.174150,,,0.000
0.185760,,,0.000
0.197370,,,0.000
0.208980,,,0.000
0.220590,,,0.000
0.232200,,,0.000
0.243810,,,0.000
0.255420,,,0.000
0.267029,,,0.000
0.278639,,,0.000
0.290249,,,0.000
0.301859,,,0.000
0.313469,,,0.000
0.325079,,,0.000
0.336689,,,0.000
0.348299,,,0.000
0.359909,,,0.000
0.371519,,,0.000
0.383129,,,0.000
0.394739,,,0.000
0.406349,,,0.000
0.417959,,,0.000
0.429569,,,0.000
0.441179,,,0.000
0.452789,,,0.000
0.464399,,,0.000
0.476009,,,0.000
0.487619,,,0.000
0.499229,,,0.000
0.510839,,,0.000
0.522449,,,0.000
0.534059,,,0.000
0.545669,,,0.000
0.557279,,,0.000
0.568889,,,0.000
0.580499,,,0.000
0.592109,,,0.000
0.603719,,,0.000
0.615329,,,0.000
0.626939,,,0.000
0.638549,,,0.000
0.650159,,,0.000
0.661769,,,0.000
0.673379,,,0.000
0.684989,,,0.000
0.696599,,,0.000
0.708209,,,0.000
0.719819,,,0.000
0.731429,,,0.000
0.743039,,,0.000
0.754649,,,0.000
0.766259,,,0.000
0.777868,,,0.000
0.789478,,,0.000
0.801088,,,0.000
0.812698,,,0.000
0.824308,,,0.000
0.835918,,,0.000
0.847528,,,0.000
0.859138,,,0.000
0.870748,,,0.000
0.882358,,,0.000
0.893968,,,0.000
0.905578,,,0.000
0.917188,,,0.000
0.928798,,,0.000
0.940408,,,0.000
0.952018,,,0.000
0.963628,,,0.000
0.975238,,,0.000
0.986848,,,0.000
0.998458,,,0.000
1.010068,,,0.000
1.021678,,,0.000
1.033288,,,0.000
1.044898,,,0.000
1.056508,,,0.000
1.068118,,,0.000
1.079728,,,0.000
1.091338,,,0.000
1.102948,,,0.000
1.114558,,,0.000
1.126168,,,0.000
1.137778,,,0.000
1.149388,,,0.000
1.160998,,,0.000
1.172608,,,0.000
1.184218,,,0.000
1.195828,,,0.000
1.207438,,,0.000
1.219048,,,0.000
1.230658,,,0.000
1.242268,,,0.000
1.253878,,,0.000
1.265488,,,0.000
1.277098,,,0.000
1.288707,,,0.000
1.300317,,,0.000
1.311927,,,0.000
1.323537,,,0.000
1.335147,,,0.000
1.346757,,,0.000
1.358367,,,0.000
1.369977,,,0.000
1.381587,,,0.000
1.393197,,,0.000
1.404807,,,0.000
1.416417,,,0.000
1.428027,,,0.000
1.439637,,,0.000
1.451247,,,0.000
1.462857,,,0.000
1.474467,,,0.000
1.486077,,,0.000
1.497687,,,0.000
1.509297,,,0.000
1.520907,,,0.000
1.532517,,,0.000
1.544127,,,0.000
1.555737,,,0.000
1.567347,,,0.000
1.578957,,,0.000
1.590567,,,0.000
1.602177,,,0.000
1.613787,,,0.000
1.625397,,,0.000
1.637007,,,0.000
1.648617,,,0.000
1.660227,,,0.000
1.671837,,,0.000
1.683447,,,0.000
1.695057,,,0.000
1.706667,,,0.000
1.718277,,,0.000
1.729887,,,0.000
1.741497,,,0.000
1.753107,,,0.000
1.764717,,,0.000
1.776327,,,0.000
1.787937,,,0.000
1.799546,,,0.000
1.811156,,,0.000
1.822766,,,0.000
1.834376,,,0.000
1.845986,,,0.000
1.857596,,,0.000
1.869206,,,0.000
1.880816,,,0.000
1.892426,,,0.000
1.904036,,,0.000
1.915646,,,0.000
1.927256,,,0.000
1.938866,,,0.000
1.950476,,,0.000
1.962086,,,0.000
1.973696,,,0.000
1.985306,,,0.000
1.996916,,,0.000
2.008526,,,0.000
2.020136,,,0.000
2.031746,,,0.000
2.043356,,,0.000
2.054966,,,0.000
2.066576,,,0.000
2.078186,,,0.000
2.089796,,,0.000
2.101406,,,0.000
2.113016,,,0.000
2.124626,,,0.000
2.136236,,,0.000
2.147846,,,0.000
2.159456,,,0.000
2.171066,,,0.000
2.182676,,,0.000
2.194286,,,0.000
2.205896,,,0.000
2.217506,,,0.000
2.229116,,,0.000
2.240726,,,0.000
2.252336,,,0.000
2.263946,,,0.000
2.275556,,,0.000
2.287166,,,0.000
2.298776,,,0.000
2.310385,,,0.000
2.321995,,,0.000
2.333605,,,0.000
2.345215,,,0.000
2.356825,,,0.000
2.368435,,,0.000
2.380045,,,0.000
2.391655,,,0.000
2.403265,,,0.000
2.414875,,,0.000
2.426485,,,0.000
2.438095,,,0.000
2.449705,,,0.000
2.461315,,,0.000
2.472925,,,0.000
2.484535,,,0.000
2.496145,,,0.000
2.507755,,,0.000
2.519365,,,0.000
2.530975,,,0.000
2.542585,,,0.000
2.554195,,,0.000
2.565805,,,0.000
2.577415,,,0.000
2.589025,,,0.000
2.600635,,,0.000
2.612245,,,0.000
2.623855,,,0.000
2.635465,,,0.000
2.647075,,,0.000
2.658685,,,0.000
2.670295,,,0.000
2.681905,,,0.000
2.693515,,,0.000
2.705125,,,0.000
2.716735,,,0.000
2.728345,,,0.000
2.739955,,,0.000
2.751565,,,0.000
2.763175,,,0.000
2.774785,807.971,79.522,0.081
2.786395,83.509,40.230,0.135
2.798005,794.854,79.238,0.167
2.809615,787.984,79.088,0.207
2.821224,612.692,74.732,0.296
2.832834,1002.273,83.252,0.381
2.844444,753.075,78.303,0.461
2.856054,276.262,60.942,0.515
2.867664,234.567,58.110,0.539
2.879274,234.541,58.108,0.548
2.890884,254.580,59.527,0.566
2.902494,254.727,59.537,0.580
2.914104,152.610,50.668,0.609
2.925714,152.441,50.649,0.621
2.937324,99.680,43.294,0.614
2.948934,895.749,81.307,0.610
2.960544,930.679,81.969,0.617
2.972154,939.399,82.131,0.622
2.983764,936.298,82.074,0.620
2.995374,930.732,81.970,0.616
3.006984,156.723,51.129,0.594
3.018594,171.517,52.690,0.575
3.030204,171.464,52.685,0.570
3.041814,83.776,40.285,0.552
3.053424,84.158,40.364,0.521
3.065034,83.848,40.300,0.502
3.076644,798.445,79.316,0.485
3.088254,796.433,79.273,0.469
3.099864,793.316,79.205,0.445
3.111474,789.879,79.130,0.435
3.123084,789.541,79.122,0.408
3.134694,793.959,79.219,0.389
3.146304,797.054,79.286,0.371
3.157914,801.487,79.382,0.351
3.169524,797.296,79.291,0.327
3.181134,796.314,79.270,0.301
3.192744,798.458,79.317,0.268
3.204354,809.609,79.557,0.209
3.215964,816.363,79.700,0.192
3.227574,821.620,79.812,0.163
3.239184,821.261,79.804,0.152
3.250794,141.351,49.341,0.132
3.262404,833.044,80.051,0.123
3.274014,838.073,80.155,0.116
3.285624,843.648,80.270,0.101
3.297234,833.536,80.061,0.085
3.308844,827.228,79.929,0.085
3.320454,829.187,79.970,0.078
3.332063,831.802,80.025,0.061
3.343673,828.078,79.947,0.053
3.355283,565.071,73.331,0.041
3.366893,816.470,79.703,0.023
3.378503,807.446,79.510,0.015
3.390113,563.706,73.289,0.005
3.401723,,,0.000
3.413333,,,0.000
3.424943,,,0.000
3.436553,,,0.000
3.448163,,,0.000
3.459773,,,0.000
3.471383,,,0.000
3.482993,,,0.000
3.494603,,,0.000
3.506213,,,0.000
3.517823,,,0.000
3.529433,,,0.000
3.541043,,,0.000
3.552653,,,0.000
3.564263,,,0.000
3.575873,,,0.000
3.587483,,,0.000
3.599093,,,0.000
3.610703,,,0.000
3.622313,,,0.000
3.633923,,,0.000
3.645533,,,0.000
3.657143,,,0.000
3.668753,,,0.000
3.680363,,,0.000
3.691973,,,0.000
3.703583,,,0.000
3.715193,,,0.000
3.726803,,,0.000
3.738413,,,0.000
3.750023,,,0.000
3.761633,,,0.000
3.773243,,,0.000
3.784853,,,0.000
3.796463,,,0.000
3.808073,,,0.000
3.819683,,,0.000
3.831293,,,0.000
3.842902,,,0.000
3.854512,,,0.000
3.866122,,,0.000
3.877732,,,0.000
3.889342,,,0.000
3.900952,,,0.000
3.912562,,,0.000
3.924172,,,0.000
3.935782,,,0.000
3.947392,,,0.000
3.959002,,,0.000
3.970612,,,0.000
3.982222,,,0.000
3.993832,,,0.000
4.005442,,,0.000
4.017052,,,0.000
4.028662,,,0.000
4.040272,,,0.000
4.051882,,,0.000
4.063492,,,0.000
4.075102,,,0.000
4.086712,,,0.000
4.098322,,,0.000
4.109932,,,0.000
4.121542,,,0.000
4.133152,,,0.000
4.144762,,,0.000
4.156372,,,0.000
4.167982,,,0.000
4.179592,,,0.000
4.191202,,,0.000
4.202812,,,0.000
4.214422,,,0.000
4.226032,,,0.000
4.237642,,,0.000
4.249252,,,0.000
4.260862,,,0.000
4.272472,,,0.000
4.284082,,,0.000
4.295692,,,0.000
4.307302,,,0.000
4.318912,,,0.000
4.330522,,,0.000
4.342132,,,0.000
4.353741,,,0.000
4.365351,,,0.000
4.376961,,,0.000
4.388571,,,0.000
4.400181,,,0.000
4.411791,,,0.000
4.423401,,,0.000
4.435011,,,0.000
4.446621,,,0.000
4.458231,,,0.000
4.469841,,,0.000
4.481451,,,0.000
4.493061,,,0.000
4.504671,,,0.000
4.516281,,,0.000
4.527891,,,0.000
4.539501,,,0.000
4.551111,,,0.000
4.562721,,,0.000
4.574331,,,0.000
4.585941,,,0.000
4.597551,,,0.000
4.609161,,,0.000
4.620771,,,0.000
4.632381,,,0.000
4.643991,,,0.000
4.655601,,,0.000
4.667211,,,0.000
4.678821,,,0.000
4.690431,,,0.000
4.702041,,,0.000
4.713651,,,0.000
4.725261,,,0.000
4.736871,,,0.000
4.748481,,,0.000
4.760091,,,0.000
4.771701,,,0.000
4.783311,,,0.000
4.794921,,,0.000
4.806531,,,0.000
4.818141,,,0.000
4.829751,,,0.000
4.841361,,,0.000
4.852971,,,0.000
4.864580,,,0.000
4.876190,,,0.000
4.887800,,,0.000
4.899410,,,0.000
4.911020,,,0.000
4.922630,,,0.000
4.934240,,,0.000
4.945850,,,0.000
4.957460,,,0.000
4.969070,,,0.000
4.980680,,,0.000
4.992290,,,0.000
5.003900,,,0.000
5.015510,,,0.000
5.027120,,,0.000
5.038730,,,0.000
5.050340,,,0.000
5.061950,,,0.000
5.073560,,,0.000
5.085170,,,0.000
5.096780,,,0.000
5.108390,,,0.000
5.120000,,,0.000
5.131610,,,0.000
5.143220,,,0.000
5.154830,,,0.000
5.166440,,,0.000
5.178050,,,0.000
5.189660,,,0.000
5.201270,,,0.000
5.212880,,,0.000
5.224490,,,0.000
5.236100,,,0.000
5.247710,,,0.000
5.259320,,,0.000
5.270930,,,0.000
5.282540,,,0.000
5.294150,,,0.000
5.305760,,,0.000
5.317370,,,0.000
5.328980,,,0.000
5.340590,,,0.000
5.352200,,,0.000
5.363810,,,0.000
5.375420,,,0.000
5.387029,,,0.000
5.398639,,,0.000
5.410249,,,0.000
5.421859,,,0.000
5.433469,,,0.000
5.445079,,,0.000
5.456689,,,0.000
5.468299,,,0.000
5.479909,,,0.000
5.491519,,,0.000
5.503129,,,0.000
5.514739,,,0.000
5.526349,,,0.000
5.537959,,,0.000
5.549569,,,0.000
5.561179,,,0.000
5.572789,,,0.000
5.584399,,,0.000
5.596009,,,0.000
5.607619,,,0.000
5.619229,,,0.000
5.630839,,,0.000
5.642449,,,0.000
5.654059,,,0.000
5.665669,,,0.000
5.677279,,,0.000
5.688889,,,0.000
5.700499,,,0.000
5.712109,,,0.000
5.723719,,,0.000
5.735329,,,0.000
5.746939,,,0.000
5.758549,,,0.000
5.770159,,,0.000
5.781769,,,0.000
5.793379,,,0.000
5.804989,,,0.000
5.816599,,,0.000
5.828209,,,0.000
5.839819,,,0.000
5.851429,,,0.000
5.863039,,,0.000
5.874649,,,0.000
5.886259,,,0.000
5.897868,,,0.000
5.909478,,,0.000
5.921088,,,0.000
5.932698,,,0.000
5.944308,,,0.000
5.955918,,,0.000
5.967528,,,0.000
5.979138,,,0.000
5.990748,,,0.000
6.002358,,,0.000
6.013968,,,0.000
6.025578,,,0.000
6.037188,,,0.000
6.048798,,,0.000
6.060408,,,0.000
6.072018,,,0.000
6.083628,,,0.000
6.095238,,,0.000
6.106848,,,0.000
6.118458,,,0.000
6.130068,,,0.000
6.141678,,,0.000
6.153288,,,0.000
6.164898,,,0.000
6.176508,,,0.000
6.188118,,,0.000
6.199728,,,0.000
6.211338,,,0.000
6.222948,,,0.000
6.234558,,,0.000
6.246168,,,0.000
6.257778,,,0.000
6.269388,,,0.000
6.280998,,,0.000
6.292608,,,0.000
6.304218,,,0.000
6.315828,,,0.000
6.327438,,,0.000
6.339048,,,0.000
6.350658,,,0.000
6.362268,,,0.000
6.373878,,,0.000
6.385488,,,0.000
6.397098,,,0.000
6.408707,,,0.000
6.420317,,,0.000
6.431927,,,0.000
6.443537,,,0.000
6.455147,,,0.000
6.466757,,,0.000
6.478367,,,0.000
6.489977,,,0.000
6.501587,,,0.000
6.513197,,,0.000
6.524807,,,0.000
6.536417,,,0.000
6.548027,,,0.000
6.559637,,,0.000
6.571247,,,0.000
6.582857,,,0.000
6.594467,,,0.000
6.606077,,,0.000
6.617687,,,0.000
6.629297,,,0.000
6.640907,,,0.000
6.652517,,,0.000
6.664127,,,0.000
6.675737,,,0.000
6.687347,,,0.000
6.698957,,,0.000
6.710567,,,0.000
6.722177,,,0.000
6.733787,,,0.000
6.745397,,,0.000
6.757007,,,0.000
6.768617,,,0.000
6.780227,,,0.000
6.791837,,,0.000
6.803447,,,0.000
6.815057,,,0.000
6.826667,,,0.000
6.838277,,,0.000
6.849887,,,0.000
6.861497,,,0.000
6.873107,,,0.000
6.884717,,,0.000
6.896327,,,0.000
6.907937,,,0.000
6.919546,,,0.000
6.931156,,,0.000
6.942766,,,0.000
6.954376,,,0.000
6.965986,,,0.000
6.977596,,,0.000
6.989206,,,0.000
7.000816,,,0.000
7.012426,,,0.000
7.024036,,,0.000
7.035646,,,0.000
7.047256,,,0.000
7.058866,,,0.000
7.070476,,,0.000
7.082086,,,0.000
7.093696,,,0.000
7.105306,,,0.000
7.116916,,,0.000
7.128526,,,0.000
7.140136,,,0.000
7.151746,,,0.000
7.163356,,,0.000
7.174966,,,0.000
7.186576,,,0.000
7.198186,,,0.000
7.209796,,,0.000
7.221406,,,0.000
7.233016,,,0.000
7.244626,,,0.000
7.256236,,,0.000
7.267846,,,0.000
7.279456,,,0.000
7.291066,,,0.000
7.302676,,,0.000
7.314286,,,0.000
7.325896,,,0.000
7.337506,,,0.000
7.349116,,,0.000
7.360726,,,0.000
7.372336,,,0.000
7.383946,,,0.000
7.395556,,,0.000
7.407166,,,0.000
7.418776,,,0.000
7.430385,,,0.000
7.441995,,,0.000
7.453605,,,0.000
7.465215,,,0.000
7.476825,,,0.000
7.488435,,,0.000
7.500045,,,0.000
7.511655,,,0.000
7.523265,,,0.000
7.534875,,,0.000
7.546485,,,0.000
7.558095,,,0.000
7.569705,,,0.000
7.581315,,,0.000
7.592925,,,0.000
7.604535,168.510,52.384,0.049
7.616145,162.629,51.769,0.175
7.627755,188.745,54.347,0.329
7.639365,93.045,42.102,0.415
7.650975,93.153,42.122,0.461
7.662585,93.056,42.104,0.503
7.674195,92.973,42.089,0.522
7.685805,93.105,42.113,0.534
7.697415,92.949,42.084,0.538
7.709025,92.656,42.029,0.534
7.720635,92.864,42.068,0.518
7.732245,92.101,41.925,0.492
7.743855,86.487,40.837,0.489
7.755465,704.951,77.160,0.474
7.767075,695.826,76.935,0.477
7.778685,104.439,44.102,0.507
7.790295,226.278,57.487,0.541
7.801905,90.968,41.711,0.562
7.813515,90.669,41.654,0.595
7.825125,90.473,41.617,0.618
7.836735,89.980,41.522,0.631
7.848345,89.959,41.518,0.644
7.859955,89.831,41.493,0.654
7.871565,89.569,41.443,0.656
7.883175,89.523,41.434,0.655
7.894785,89.585,41.446,0.659
7.906395,89.468,41.423,0.654
7.918005,89.457,41.421,0.655
7.929615,88.969,41.327,0.652
7.941224,88.894,41.312,0.649
7.952834,175.096,53.048,0.635
7.964444,174.757,53.014,0.621
7.976054,174.535,52.992,0.607
7.987664,174.401,52.979,0.590
7.999274,173.744,52.914,0.573
8.010884,173.487,52.888,0.544
8.022494,88.962,41.325,0.513
8.034104,88.650,41.264,0.474
8.045714,88.777,41.289,0.472
8.057324,88.684,41.271,0.478
8.068934,88.567,41.248,0.541
8.080544,88.166,41.170,0.552
8.092154,87.819,41.101,0.564
8.103764,87.926,41.122,0.571
8.115374,88.243,41.185,0.588
8.126984,88.574,41.250,0.601
8.138594,88.573,41.249,0.619
8.150204,88.615,41.257,0.643
8.161814,90.208,41.566,0.645
8.173424,89.629,41.454,0.652
8.185034,89.420,41.414,0.657
8.196644,89.755,41.479,0.660
8.208254,90.341,41.591,0.657
8.219864,90.209,41.566,0.654
8.231474,90.184,41.561,0.646
8.243084,90.178,41.560,0.627
8.254694,90.485,41.619,0.604
8.266304,89.975,41.521,0.600
8.277914,89.732,41.474,0.606
8.289524,88.933,41.319,0.611
8.301134,88.273,41.191,0.614
8.312744,88.132,41.163,0.620
8.324354,87.793,41.096,0.625
8.335964,87.208,40.980,0.630
8.347574,87.136,40.966,0.634
8.359184,87.878,41.113,0.645
8.370794,87.113,40.961,0.641
8.382404,169.795,52.515,0.640
8.394014,170.703,52.608,0.643
8.405624,718.924,77.500,0.643
8.417234,717.419,77.464,0.636
8.428844,715.957,77.428,0.626
8.440454,716.057,77.431,0.616
8.452063,718.247,77.484,0.595
8.463673,716.954,77.453,0.575
8.475283,717.914,77.476,0.552
8.486893,724.420,77.632,0.518
8.498503,724.395,77.631,0.473
8.510113,728.030,77.718,0.446
8.521723,735.871,77.903,0.427
8.533333,735.871,77.903,0.408
8.544943,728.562,77.731,0.354
8.556553,731.945,77.811,0.320
8.568163,728.394,77.727,0.282
8.579773,734.957,77.882,0.242
8.591383,734.136,77.863,0.226
8.602993,735.544,77.896,0.207
8.614603,734.123,77.862,0.186
8.626213,721.315,77.558,0.152
8.637823,719.971,77.525,0.133
8.649433,719.163,77.506,0.115
8.661043,715.180,77.410,0.104
8.672653,197.453,55.128,0.089
8.684263,173.698,52.909,0.074
8.695873,94.051,42.288,0.054
8.707483,94.088,42.295,0.043
8.719093,732.222,77.817,0.038
8.730703,730.493,77.776,0.023
8.742313,729.330,77.749,0.002
8.753923,,,0.000
8.765533,,,0.000
8.777143,,,0.000
8.788753,,,0.000
8.800363,,,0.000
8.811973,,,0.000
8.823583,,,0.000
8.835193,,,0.000
8.846803,,,0.000
8.858413,,,0.000
8.870023,,,0.000
8.881633,,,0.000
8.893243,,,0.000
8.904853,,,0.000
8.916463,,,0.000
8.928073,,,0.000
8.939683,,,0.000
8.951293,,,0.000
8.962902,,,0.000
8.974512,,,0.000
8.986122,,,0.000
8.997732,,,0.000
9.009342,,,0.000
9.020952,,,0.000
9.032562,,,0.000
9.044172,,,0.000
9.055782,,,0.000
9.067392,,,0.000
9.079002,,,0.000
9.090612,,,0.000
9.102222,,,0.000
9.113832,,,0.000
9.125442,,,0.000
9.137052,,,0.000
9.148662,,,0.000
9.160272,,,0.000
9.171882,,,0.000
9.183492,,,0.000
9.195102,,,0.000
9.206712,,,0.000
9.218322,,,0.000
9.229932,,,0.000
9.241542,,,0.000
9.253152,,,0.000
9.264762,,,0.000
9.276372,,,0.000
9.287982,,,0.000
9.299592,,,0.000
9.311202,,,0.000
9.322812,,,0.000
9.334422,,,0.000
9.346032,,,0.000
9.357642,,,0.000
9.369252,,,0.000
9.380862,,,0.000
9.392472,,,0.000
9.404082,,,0.000
9.415692,,,0.000
9.427302,,,0.000
9.438912,,,0.000
9.450522,,,0.000
9.462132,,,0.000
9.473741,,,0.000
9.485351,,,0.000
9.496961,,,0.000
9.508571,,,0.000
9.520181,,,0.000
9.531791,,,0.000
9.543401,,,0.000
9.555011,,,0.000
9.566621,,,0.000
9.578231,,,0.000
9.589841,,,0.000
9.601451,,,0.000
9.613061,,,0.000
9.624671,,,0.000
9.636281,,,0.000
9.647891,,,0.000
9.659501,,,0.000
9.671111,,,0.000
9.682721,,,0.000
9.694331,,,0.000
9.705941,,,0.000
9.717551,,,0.000
9.729161,,,0.000
9.740771,,,0.000
9.752381,,,0.000
9.763991,,,0.000
9.775601,,,0.000
9.787211,,,0.000
9.798821,,,0.000
9.810431,,,0.000
9.822041,,,0.000
9.833651,,,0.000
9.845261,,,0.000
9.856871,,,0.000
9.868481,,,0.000
9.880091,,,0.000
9.891701,,,0.000
9.903311,,,0.000
9.914921,,,0.000
9.926531,,,0.000
9.938141,,,0.000
9.949751,,,0.000
9.961361,,,0.000
9.972971,,,0.000
9.984580,,,0.000
9.996190,,,0.000
10.007800,,,0.000
10.019410,,,0.000
10.031020,,,0.000
10.042630,,,0.000
10.054240,,,0.000
10.065850,,,0.000
10.077460,,,0.000
10.089070,,,0.000
10.100680,,,0.000
10.112290,,,0.000
10.123900,,,0.000
10.135510,,,0.000
10.147120,,,0.000
10.158730,,,0.000
10.170340,,,0.000
10.181950,,,0.000
10.193560,,,0.000
10.205170,,,0.000
10.216780,,,0.000
10.228390,,,0.000
10.240000,,,0.000
10.251610,,,0.000
10.263220,,,0.000
10.274830,,,0.000
10.286440,,,0.000
10.298050,,,0.000
10.309660,,,0.000
10.321270,,,0.000
10.332880,,,0.000
10.344490,,,0.000
10.356100,,,0.000
10.367710,,,0.000
10.379320,,,0.000
10.390930,,,0.000
10.402540,,,0.000
10.414150,,,0.000
10.425760,,,0.000
10.437370,,,0.000
10.448980,,,0.000
10.460590,,,0.000
10.472200,,,0.000
10.483810,,,0.000
10.495420,,,0.000
10.507029,,,0.000
10.518639,,,0.000
10.530249,,,0.000
10.541859,,,0.000
10.553469,,,0.000
10.565079,,,0.000
10.576689,,,0.000
10.588299,,,0.000
10.599909,,,0.000
10.611519,,,0.000
10.623129,,,0.000
10.634739,,,0.000
10.646349,,,0.000
10.657959,,,0.000
10.669569,772.252,78.739,0.000
10.681179,559.830,73.170,0.193
10.692789,630.721,75.234,0.289
10.704399,677.117,76.463,0.361
10.716009,107.288,44.568,0.399
10.727619,106.911,44.507,0.425
10.739229,106.735,44.478,0.445
10.750839,106.764,44.483,0.451
10.762449,106.778,44.485,0.450
10.774059,106.661,44.466,0.439
10.785669,129.888,47.877,0.436
10.797279,132.688,48.246,0.418
10.808889,87.713,41.080,0.409
10.820499,88.089,41.154,0.417
10.832109,84.108,40.354,0.442
10.843719,84.139,40.360,0.467
10.855329,84.279,40.389,0.490
10.866939,84.210,40.375,0.507
10.878549,84.157,40.364,0.513
10.890159,84.144,40.361,0.517
10.901769,84.135,40.359,0.515
10.913379,84.137,40.360,0.503
10.924989,84.111,40.354,0.479
10.936599,83.671,40.264,0.453
10.948209,82.891,40.101,0.424
10.959819,82.794,40.081,0.389
10.971429,82.944,40.112,0.347
10.983039,86.798,40.899,0.299
10.994649,86.820,40.903,0.263
11.006259,86.816,40.902,0.274
11.017868,82.859,40.095,0.304
11.029478,82.948,40.113,0.336
11.041088,83.800,40.290,0.363
11.052698,84.124,40.357,0.383
11.064308,84.116,40.355,0.395
11.075918,84.189,40.370,0.403
11.087528,84.225,40.378,0.408
11.099138,84.686,40.472,0.405
11.110748,84.852,40.506,0.394
11.122358,84.893,40.515,0.384
11.133968,85.501,40.638,0.400
11.145578,85.488,40.636,0.410
11.157188,85.528,40.644,0.419
11.168798,85.557,40.649,0.435
11.180408,85.442,40.626,0.452
11.192018,85.344,40.606,0.473
11.203628,84.850,40.506,0.489
11.215238,84.732,40.482,0.508
11.226848,85.004,40.537,0.506
11.238458,84.312,40.396,0.523
11.250068,763.619,78.544,0.533
11.261678,766.984,78.620,0.533
11.273288,771.856,78.730,0.540
11.284898,775.331,78.808,0.539
11.296508,776.357,78.831,0.539
11.308118,780.888,78.931,0.536
11.319728,777.606,78.858,0.533
11.331338,775.171,78.804,0.527
11.342948,777.304,78.852,0.519
11.354558,773.812,78.774,0.519
11.366168,770.763,78.705,0.507
11.377778,771.010,78.711,0.504
11.389388,771.419,78.720,0.504
11.400998,771.870,78.730,0.503
11.412608,771.812,78.729,0.504
11.424218,770.787,78.706,0.491
11.435828,772.270,78.739,0.493
11.447438,774.380,78.786,0.482
11.459048,776.136,78.826,0.482
11.470658,777.199,78.849,0.473
11.482268,775.905,78.821,0.453
11.493878,775.320,78.807,0.433
11.505488,777.156,78.848,0.415
11.517098,776.226,78.828,0.399
11.528707,774.110,78.780,0.373
11.540317,776.698,78.838,0.369
11.551927,770.525,78.700,0.353
11.563537,771.293,78.717,0.336
11.575147,771.616,78.725,0.329
11.586757,771.681,78.726,0.314
11.598367,775.487,78.811,0.311
11.609977,779.868,78.909,0.290
11.621587,553.308,72.967,0.277
11.633197,552.959,72.956,0.269
11.644807,553.689,72.979,0.246
11.656417,557.698,73.104,0.220
11.668027,556.126,73.055,0.205
11.679637,558.237,73.120,0.190
11.691247,557.029,73.083,0.159
11.702857,557.158,73.087,0.149
11.714467,788.534,79.100,0.095
11.726077,556.809,73.076,0.057
11.737687,555.821,73.045,0.033
11.749297,555.670,73.041,0.008
11.760907,,,0.000
11.772517,,,0.000
11.784127,,,0.000
11.795737,,,0.000
11.807347,,,0.000
11.818957,,,0.000
11.830567,,,0.000
11.842177,,,0.000
11.853787,,,0.000
11.865397,,,0.000
11.877007,,,0.000
11.888617,,,0.000
11.900227,,,0.000
11.911837,,,0.000
11.923447,,,0.000
11.935057,,,0.000
11.946667,,,0.000
11.958277,,,0.000
11.969887,,,0.000
11.981497,,,0.000
11.993107,,,0.000
12.004717,,,0.000
12.016327,,,0.000
12.027937,,,0.000
12.039546,,,0.000
12.051156,,,0.000
12.062766,,,0.000
12.074376,,,0.000
12.085986,,,0.000
12.097596,,,0.000
12.109206,,,0.000
12.120816,,,0.000
12.132426,,,0.000
12.144036,,,0.000
12.155646,,,0.000
12.167256,,,0.000
12.178866,,,0.000
12.190476,,,0.000
12.202086,,,0.000
12.213696,,,0.000
12.225306,,,0.000
12.236916,,,0.000
12.248526,,,0.000
12.260136,,,0.000
12.271746,,,0.000
12.283356,,,0.000
12.294966,,,0.000
12.306576,,,0.000
12.318186,,,0.000
12.329796,,,0.000
12.341406,,,0.000
12.353016,,,0.000
12.364626,,,0.000
12.376236,,,0.000
12.387846,,,0.000
12.399456,,,0.000
12.411066,,,0.000
12.422676,,,0.000
12.434286,,,0.000
12.445896,,,0.000
12.457506,,,0.000
12.469116,,,0.000
12.480726,,,0.000
12.492336,,,0.000
12.503946,,,0.000
12.515556,,,0.000
12.527166,,,0.000
12.538776,,,0.000
12.550385,,,0.000
12.561995,,,0.000
12.573605,,,0.000
12.585215,,,0.000
12.596825,,,0.000
12.608435,,,0.000
12.620045,,,0.000
12.631655,,,0.000
12.643265,,,0.000
12.654875,,,0.000
12.666485,,,0.000
12.678095,,,0.000
12.689705,,,0.000
12.701315,,,0.000
12.712925,,,0.000
12.724535,,,0.000
12.736145,,,0.000
12.747755,,,0.000
12.759365,,,0.000
12.770975,,,0.000
12.782585,,,0.000
12.794195,,,0.000
12.805805,,,0.000
12.817415,,,0.000
12.829025,,,0.000
12.840635,,,0.000
12.852245,,,0.000
12.863855,,,0.000
12.875465,,,0.000
12.887075,,,0.000
12.898685,,,0.000
12.910295,,,0.000
12.921905,,,0.000
12.933515,,,0.000
12.945125,,,0.000
12.956735,,,0.000
12.968345,,,0.000
12.979955,,,0.000
12.991565,,,0.000
13.003175,,,0.000
13.014785,,,0.000
13.026395,,,0.000
13.038005,,,0.000
13.049615,,,0.000
13.061224,,,0.000
13.072834,,,0.000
13.084444,,,0.000
13.096054,,,0.000
13.107664,,,0.000
13.119274,,,0.000
13.130884,,,0.000
13.142494,,,0.000
13.154104,,,0.000
13.165714,,,0.000
13.177324,,,0.000
13.188934,,,0.000
13.200544,,,0.000
13.212154,,,0.000
13.223764,,,0.000
13.235374,,,0.000
13.246984,,,0.000
13.258594,,,0.000
13.270204,,,0.000
13.281814,,,0.000
13.293424,,,0.000
13.305034,,,0.000
13.316644,,,0.000
13.328254,,,0.000
13.339864,,,0.000
13.351474,,,0.000
13.363084,,,0.000
13.374694,,,0.000
13.386304,,,0.000
13.397914,,,0.000
13.409524,,,0.000
13.421134,,,0.000
13.432744,,,0.000
13.444354,,,0.000
13.455964,,,0.000
13.467574,,,0.000
13.479184,,,0.000
13.490794,,,0.000
13.502404,,,0.000
13.514014,,,0.000
13.525624,,,0.000
13.537234,,,0.000
13.548844,,,0.000
13.560454,,,0.000
13.572063,,,0.000
13.583673,,,0.000
13.595283,,,0.000
13.606893,,,0.000
13.618503,,,0.000
13.630113,,,0.000
13.641723,,,0.000
13.653333,,,0.000
13.664943,,,0.000
13.676553,,,0.000
13.688163,,,0.000
13.699773,,,0.000
13.711383,,,0.000
13.722993,,,0.000
13.734603,,,0.000
13.746213,,,0.000
13.757823,,,0.000
13.769433,,,0.000
13.781043,,,0.000
13.792653,,,0.000
13.804263,,,0.000
13.815873,,,0.000
13.827483,,,0.000
13.839093,185.267,54.025,0.055
13.850703,83.502,40.228,0.139
13.862313,173.445,52.884,0.193
13.873923,82.643,40.049,0.274
13.885533,99.631,43.286,0.373
13.897143,106.612,44.458,0.452
13.908753,102.619,43.797,0.530
13.920363,99.158,43.204,0.589
13.931973,97.687,42.945,0.604
13.943583,97.617,42.932,0.615
13.955193,97.619,42.933,0.633
13.966803,848.684,80.373,0.647
13.978413,849.808,80.396,0.653
13.990023,848.677,80.373,0.659
14.001633,851.443,80.429,0.665
14.013243,855.872,80.519,0.658
14.024853,850.819,80.416,0.671
14.036463,859.183,80.586,0.695
14.048073,144.250,49.693,0.720
14.059683,100.679,43.467,0.738
14.071293,196.927,55.082,0.748
14.082902,196.930,55.082,0.750
14.094512,709.275,77.266,0.744
14.106122,710.436,77.294,0.738
14.117732,197.054,55.093,0.727
14.129342,117.395,46.126,0.704
14.140952,204.117,55.703,0.664
14.152562,109.065,44.852,0.611
14.164172,122.427,46.853,0.557
14.175782,117.537,46.147,0.502
14.187392,205.494,55.819,0.496
14.199002,157.314,51.194,0.611
14.210612,152.732,50.682,0.670
14.222222,152.179,50.619,0.705
14.233832,151.764,50.572,0.737
14.245442,151.531,50.545,0.760
14.257052,153.139,50.728,0.778
14.268662,154.305,50.859,0.792
14.280272,154.205,50.848,0.806
14.291882,139.494,49.112,0.802
14.303492,140.436,49.229,0.800
14.315102,139.651,49.132,0.797
14.326712,139.442,49.106,0.790
14.338322,138.989,49.050,0.784
14.349932,139.165,49.072,0.778
14.361542,138.748,49.020,0.776
14.373152,137.131,48.817,0.765
14.384762,135.465,48.605,0.756
14.396372,134.100,48.430,0.745
14.407982,133.175,48.310,0.742
14.419592,131.654,48.111,0.737
14.431202,131.200,48.051,0.733
14.442812,130.663,47.980,0.729
14.454422,130.289,47.931,0.718
14.466032,130.005,47.893,0.712
14.477642,129.964,47.887,0.710
14.489252,123.707,47.033,0.707
14.500862,123.288,46.974,0.695
14.512472,123.265,46.971,0.681
14.524082,123.226,46.966,0.668
14.535692,123.371,46.986,0.653
14.547302,123.433,46.995,0.637
14.558912,123.168,46.957,0.614
14.570522,123.190,46.961,0.583
14.582132,123.669,47.028,0.545
14.593741,123.977,47.071,0.505
14.605351,118.727,46.322,0.469
14.616961,113.885,45.601,0.420
14.628571,113.805,45.589,0.379
14.640181,118.338,46.265,0.335
14.651791,118.113,46.232,0.304
14.663401,118.202,46.245,0.277
14.675011,118.150,46.237,0.243
14.686621,118.013,46.217,0.220
14.698231,124.037,47.079,0.210
14.709841,123.722,47.035,0.205
14.721451,123.861,47.055,0.188
14.733061,123.850,47.053,0.171
14.744671,123.785,47.044,0.162
14.756281,123.766,47.041,0.155
14.767891,122.352,46.842,0.155
14.779501,130.332,47.936,0.141
14.791111,130.436,47.950,0.113
14.802721,139.600,49.126,0.078
14.814331,139.515,49.115,0.064
14.825941,139.031,49.055,0.057
14.837551,123.350,46.983,0.055
14.849161,123.634,47.023,0.073
14.860771,123.789,47.045,0.073
14.872381,123.840,47.052,0.070
14.883991,123.357,46.984,0.067
14.895601,122.888,46.918,0.062
14.907211,113.707,45.574,0.058
14.918821,122.909,46.921,0.058
14.930431,119.718,46.466,0.053
14.942041,119.474,46.430,0.014
14.953651,,,0.000
14.965261,,,0.000
14.976871,,,0.000
14.988481,,,0.000
15.000091,,,0.000
15.011701,,,0.000
15.023311,,,0.000
15.034921,,,0.000
15.046531,,,0.000
15.058141,,,0.000
15.069751,,,0.000
15.081361,,,0.000
15.092971,,,0.000
15.104580,,,0.000
15.116190,,,0.000
15.127800,,,0.000
15.139410,,,0.000
15.151020,,,0.000
15.162630,,,0.000
15.174240,,,0.000
15.185850,,,0.000
15.197460,,,0.000
15.209070,,,0.000
15.220680,,,0.000
15.232290,,,0.000
15.243900,,,0.000
15.255510,,,0.000
15.267120,,,0.000
15.278730,,,0.000
15.290340,,,0.000
15.301950,,,0.000
15.313560,,,0.000
15.325170,,,0.000
15.336780,,,0.000
15.348390,,,0.000
15.360000,,,0.000
15.371610,,,0.000
15.383220,,,0.000
15.394830,,,0.000
15.406440,,,0.000
15.418050,,,0.000
15.429660,,,0.000
15.441270,,,0.000
15.452880,,,0.000
15.464490,,,0.000
15.476100,,,0.000
15.487710,,,0.000
15.499320,,,0.000
15.510930,,,0.000
15.522540,,,0.000
15.534150,,,0.000
15.545760,,,0.000
15.557370,,,0.000
15.568980,,,0.000
15.580590,,,0.000
15.592200,,,0.000
15.603810,,,0.000
15.615420,,,0.000
15.627029,,,0.000
15.638639,,,0.000
15.650249,,,0.000
15.661859,,,0.000
15.673469,,,0.000
15.685079,,,0.000
15.696689,,,0.000
15.708299,,,0.000
15.719909,,,0.000
15.731519,,,0.000
15.743129,,,0.000
15.754739,,,0.000
15.766349,,,0.000
15.777959,,,0.000
15.789569,,,0.000
15.801179,,,0.000
15.812789,,,0.000
15.824399,,,0.000
15.836009,,,0.000
15.847619,,,0.000
15.859229,,,0.000
15.870839,,,0.000
15.882449,,,0.000
15.894059,,,0.000
15.905669,,,0.000
15.917279,,,0.000
15.928889,,,0.000
15.940499,,,0.000
15.952109,,,0.000
15.963719,,,0.000
15.975329,,,0.000
15.986939,,,0.000
15.998549,,,0.000
16.010159,,,0.000
16.021769,,,0.000
16.033379,,,0.000
16.044989,,,0.000
16.056599,,,0.000
16.068209,,,0.000
16.079819,,,0.000
16.091429,,,0.000
16.103039,,,0.000
16.114649,,,0.000
16.126259,,,0.000
16.137868,,,0.000
16.149478,,,0.000
16.161088,,,0.000
16.172698,,,0.000
16.184308,,,0.000
16.195918,,,0.000
16.207528,,,0.000
16.219138,,,0.000
16.230748,,,0.000
16.242358,,,0.000
16.253968,,,0.000
16.265578,,,0.000
16.277188,,,0.000
16.288798,,,0.000
16.300408,,,0.000
16.312018,,,0.000
16.323628,,,0.000
16.335238,,,0.000
16.346848,,,0.000
16.358458,,,0.000
16.370068,,,0.000
16.381678,,,0.000
16.393288,,,0.000
16.404898,,,0.000
16.416508,,,0.000
16.428118,,,0.000
16.439728,,,0.000
16.451338,,,0.000
16.462948,,,0.000
16.474558,,,0.000
16.486168,,,0.000
16.497778,,,0.000
16.509388,,,0.000
16.520998,,,0.000
16.532608,,,0.000
16.544218,,,0.000
16.555828,,,0.000
16.567438,,,0.000
16.579048,,,0.000
16.590658,,,0.000
16.602268,,,0.000
16.613878,,,0.000
16.625488,,,0.000
16.637098,,,0.000
16.648707,,,0.000
16.660317,,,0.000
16.671927,,,0.000
16.683537,,,0.000
16.695147,,,0.000
16.706757,,,0.000
16.718367,,,0.000
16.729977,,,0.000
16.741587,,,0.000
16.753197,,,0.000
16.764807,,,0.000
16.776417,,,0.000
16.788027,,,0.000
16.799637,,,0.000
16.811247,,,0.000
16.822857,,,0.000
16.834467,,,0.000
16.846077,,,0.000
16.857687,,,0.000
16.869297,,,0.000
16.880907,,,0.000
16.892517,,,0.000
16.904127,,,0.000
16.915737,,,0.000
16.927347,,,0.000
16.938957,,,0.000
16.950567,,,0.000
16.962177,,,0.000
16.973787,,,0.000
16.985397,,,0.000
16.997007,,,0.000
17.008617,,,0.000
17.020227,,,0.000
17.031837,,,0.000
17.043447,,,0.000
17.055057,,,0.000
17.066667,,,0.000
17.078277,,,0.000
17.089887,,,0.000
17.101497,,,0.000
17.113107,,,0.000
17.124717,,,0.000
17.136327,,,0.000
17.147937,,,0.000
17.159546,,,0.000
17.171156,,,0.000
17.182766,,,0.000
17.194376,,,0.000
17.205986,,,0.000
17.217596,,,0.000
17.229206,,,0.000
17.240816,,,0.000
17.252426,,,0.000
17.264036,,,0.000
17.275646,,,0.000
17.287256,,,0.000
17.298866,,,0.000
17.310476,,,0.000
17.322086,,,0.000
17.333696,,,0.000
17.345306,,,0.000
17.356916,,,0.000
17.368526,,,0.000
17.380136,,,0.000
17.391746,,,0.000
17.403356,,,0.000
17.414966,,,0.000
17.426576,,,0.000
17.438186,,,0.000
17.449796,,,0.000
17.461406,,,0.000
17.473016,,,0.000
17.484626,,,0.000
17.496236,,,0.000
17.507846,,,0.000
17.519456,,,0.000
17.531066,,,0.000
17.542676,,,0.000
17.554286,,,0.000
17.565896,,,0.000
17.577506,,,0.000
17.589116,,,0.000
17.600726,,,0.000
17.612336,,,0.000
17.623946,,,0.000
17.635556,,,0.000
17.647166,,,0.000
17.658776,,,0.000
17.670385,,,0.000
17.681995,,,0.000
17.693605,,,0.000
17.705215,,,0.000
17.716825,,,0.000
17.728435,,,0.000
17.740045,,,0.000
17.751655,,,0.000
17.763265,,,0.000
17.774875,,,0.000
17.786485,,,0.000
17.798095,,,0.000
17.809705,,,0.000
17.821315,,,0.000
17.832925,,,0.000
17.844535,,,0.000
17.856145,,,0.000
17.867755,,,0.000
17.879365,,,0.000
17.890975,,,0.000
17.902585,,,0.000
17.914195,,,0.000
17.925805,,,0.000
17.937415,,,0.000
17.949025,,,0.000
17.960635,,,0.000
17.972245,,,0.000
17.983855,,,0.000
17.995465,,,0.000
18.007075,,,0.000
18.018685,,,0.000
18.030295,,,0.000
18.041905,,,0.000
18.053515,,,0.000
18.065125,,,0.000
18.076735,,,0.000
18.088345,,,0.000
18.099955,,,0.000
18.111565,,,0.000
18.123175,,,0.000
18.134785,,,0.000
18.146395,,,0.000
18.158005,,,0.000
18.169615,,,0.000
18.181224,,,0.000
18.192834,,,0.000
18.204444,,,0.000
18.216054,,,0.000
18.227664,,,0.000
18.239274,,,0.000
18.250884,,,0.000
18.262494,,,0.000
18.274104,,,0.000
18.285714,,,0.000
18.297324,,,0.000
18.308934,,,0.000
18.320544,,,0.000
18.332154,,,0.000
18.343764,,,0.000
18.355374,,,0.000
18.366984,170.599,52.597,0.047
18.378594,142.137,49.437,0.112
18.390204,348.619,64.970,0.171
18.401814,348.254,64.952,0.225
18.413424,489.533,70.847,0.279
18.425034,1002.273,83.252,0.330
18.436644,1002.273,83.252,0.368
18.448254,1002.273,83.252,0.399
18.459864,1002.273,83.252,0.431
18.471474,669.421,76.265,0.458
18.483084,205.982,55.860,0.484
18.494694,193.356,54.765,0.498
18.506304,463.099,69.886,0.512
18.517914,465.303,69.968,0.521
18.529524,466.572,70.015,0.529
18.541134,466.733,70.021,0.536
18.552744,468.313,70.080,0.542
18.564354,464.540,69.940,0.542
18.575964,464.209,69.927,0.529
18.587574,467.962,70.067,0.515
18.599184,190.152,54.476,0.495
18.610794,189.915,54.454,0.497
18.622404,175.260,53.064,0.513
18.634014,173.501,52.889,0.594
18.645624,141.341,49.340,0.611
18.657234,143.204,49.567,0.612
18.668844,143.326,49.582,0.613
18.680454,143.348,49.584,0.615
18.692063,151.230,50.511,0.660
18.703673,136.059,48.681,0.746
18.715283,138.721,49.016,0.788
18.726893,779.583,78.902,0.811
18.738503,512.469,71.640,0.833
18.750113,779.790,78.907,0.852
18.761723,780.794,78.929,0.872
18.773333,513.440,71.672,0.883
18.784943,514.299,71.701,0.887
18.796553,615.909,74.823,0.878
18.808163,615.463,74.810,0.874
18.819773,196.158,55.014,0.873
18.831383,189.006,54.371,0.870
18.842993,187.881,54.268,0.863
18.854603,187.358,54.220,0.851
18.866213,187.343,54.218,0.848
18.877823,187.506,54.233,0.843
18.889433,186.936,54.181,0.836
18.901043,186.036,54.097,0.829
18.912653,185.551,54.052,0.812
18.924263,185.525,54.049,0.799
18.935873,185.840,54.079,0.795
18.947483,186.090,54.102,0.796
18.959093,186.116,54.104,0.799
18.970703,186.332,54.124,0.801
18.982313,207.847,56.016,0.808
18.993923,208.041,56.032,0.810
19.005533,207.878,56.019,0.817
19.017143,207.758,56.009,0.822
19.028753,207.541,55.991,0.821
19.040363,207.741,56.007,0.818
19.051973,207.965,56.026,0.804
19.063583,207.863,56.018,0.788
19.075193,207.460,55.984,0.762
19.086803,207.265,55.968,0.734
19.098413,206.847,55.933,0.691
19.110023,206.857,55.934,0.653
19.121633,207.570,55.993,0.689
19.133243,208.217,56.047,0.721
19.144853,208.860,56.100,0.758
19.156463,208.872,56.101,0.779
19.168073,208.499,56.070,0.803
19.179683,207.927,56.023,0.825
19.191293,207.627,55.998,0.839
19.202902,207.258,55.967,0.848
19.214512,206.594,55.912,0.841
19.226122,204.691,55.751,0.834
19.237732,202.052,55.527,0.826
19.249342,186.028,54.096,0.827
19.260952,185.369,54.035,0.822
19.272562,184.734,53.975,0.816
19.284172,184.220,53.927,0.811
19.295782,184.004,53.907,0.807
19.307392,184.059,53.912,0.805
19.319002,184.260,53.931,0.804
19.330612,184.381,53.942,0.806
19.342222,184.741,53.976,0.800
19.353832,185.229,54.022,0.796
19.365442,185.719,54.067,0.789
19.377052,185.968,54.091,0.787
19.388662,186.386,54.130,0.788
19.400272,186.560,54.146,0.783
19.411882,185.572,54.054,0.783
19.423492,182.196,53.736,0.782
19.435102,167.952,52.327,0.788
19.446712,166.826,52.210,0.789
19.458322,165.641,52.087,0.791
19.469932,165.084,52.028,0.796
19.481542,165.440,52.066,0.796
19.493152,166.185,52.143,0.799
19.504762,166.225,52.148,0.798
19.516372,166.616,52.188,0.794
19.527982,166.663,52.193,0.778
19.539592,166.571,52.184,0.770
19.551202,166.322,52.158,0.765
19.562812,159.890,51.475,0.769
19.574422,159.292,51.410,0.760
19.586032,178.319,53.364,0.788
19.597642,185.389,54.037,0.804
19.609252,186.867,54.174,0.815
19.620862,187.708,54.252,0.837
19.632472,187.487,54.231,0.846
19.644082,187.233,54.208,0.851
19.655692,186.855,54.173,0.851
19.667302,186.473,54.138,0.854
19.678912,186.144,54.107,0.839
19.690522,185.519,54.049,0.828
19.702132,183.987,53.905,0.821
19.713741,182.310,53.747,0.805
19.725351,180.786,53.601,0.795
19.736961,179.337,53.462,0.791
19.748571,177.733,53.307,0.786
19.760181,177.819,53.315,0.783
19.771791,178.751,53.405,0.783
19.783401,181.566,53.676,0.779
19.795011,183.688,53.877,0.775
19.806621,184.281,53.933,0.773
19.818231,184.673,53.970,0.773
19.829841,184.840,53.985,0.770
19.841451,184.381,53.942,0.772
19.853061,183.743,53.882,0.768
19.864671,183.171,53.828,0.765
19.876281,182.616,53.776,0.762
19.887891,182.175,53.734,0.749
19.899501,182.258,53.742,0.741
19.911111,182.624,53.776,0.739
19.922721,183.120,53.823,0.741
19.934331,184.779,53.980,0.733
19.945941,185.153,54.015,0.734
19.957551,185.379,54.036,0.739
19.969161,185.309,54.029,0.739
19.980771,185.103,54.010,0.743
19.992381,184.859,53.987,0.739
20.003991,183.480,53.857,0.742
20.015601,180.055,53.531,0.739
20.027211,179.486,53.476,0.731
20.038821,179.591,53.487,0.728
20.050431,179.424,53.470,0.734
20.062041,183.502,53.860,0.757
20.073651,185.466,54.044,0.773
20.085261,186.355,54.127,0.785
20.096871,185.844,54.079,0.784
20.108481,185.475,54.045,0.786
20.120091,185.394,54.037,0.797
20.131701,185.581,54.055,0.804
20.143311,185.849,54.080,0.802
20.154921,185.656,54.062,0.791
20.166531,185.519,54.049,0.787
20.178141,185.518,54.049,0.791
20.189751,195.431,54.950,0.796
20.201361,205.893,55.853,0.806
20.212971,207.059,55.950,0.814
20.224580,207.545,55.991,0.818
20.236190,207.686,56.003,0.822
20.247800,207.718,56.005,0.821
20.259410,207.851,56.017,0.826
20.271020,207.941,56.024,0.822
20.282630,207.994,56.028,0.819
20.294240,208.069,56.035,0.813
20.305850,208.010,56.030,0.805
20.317460,208.032,56.032,0.794
20.329070,208.062,56.034,0.786
20.340680,208.032,56.032,0.784
20.352290,208.024,56.031,0.774
20.363900,207.995,56.029,0.767
20.375510,207.772,56.010,0.754
20.387120,207.454,55.983,0.735
20.398730,207.302,55.971,0.715
20.410340,207.100,55.954,0.697
20.421950,206.952,55.941,0.677
20.433560,206.931,55.940,0.649
20.445170,207.331,55.973,0.619
20.456780,207.572,55.993,0.597
20.468390,207.092,55.953,0.590
20.480000,99.891,43.331,0.594
20.491610,181.149,53.636,0.603
20.503220,181.674,53.686,0.609
20.514830,181.812,53.699,0.618
20.526440,181.646,53.684,0.621
20.538050,181.586,53.678,0.619
20.549660,897.657,81.344,0.618
20.561270,895.368,81.300,0.611
20.572880,183.147,53.826,0.593
20.584490,184.037,53.910,0.563
20.596100,191.215,54.572,0.542
20.607710,190.883,54.542,0.514
20.619320,190.788,54.534,0.482
20.630930,185.338,54.032,0.460
20.642540,191.442,54.593,0.429
20.654150,191.072,54.559,0.407
20.665760,190.882,54.542,0.394
20.677370,206.619,55.914,0.386
20.688980,206.502,55.904,0.365
20.700590,206.489,55.903,0.342
20.712200,206.494,55.903,0.334
20.723810,206.568,55.909,0.319
20.735420,206.818,55.930,0.316
20.747029,206.999,55.945,0.315
20.758639,206.896,55.937,0.308
20.770249,207.007,55.946,0.295
20.781859,207.086,55.953,0.302
20.793469,207.167,55.959,0.310
20.805079,103.910,44.014,0.306
20.816689,207.290,55.970,0.313
20.828299,207.207,55.963,0.327
20.839909,207.223,55.964,0.333
20.851519,207.389,55.978,0.329
20.863129,207.730,56.006,0.335
20.874739,207.798,56.012,0.338
20.886349,207.753,56.008,0.333
20.897959,208.139,56.041,0.339
20.909569,208.791,56.095,0.346
20.921179,209.020,56.114,0.355
20.932789,209.141,56.124,0.378
20.944399,208.569,56.076,0.404
20.956009,209.316,56.138,0.420
20.967619,209.246,56.132,0.436
20.979229,915.097,81.677,0.459
20.990839,917.050,81.714,0.476
21.002449,916.197,81.698,0.490
21.014059,923.319,81.832,0.498
21.025669,921.607,81.800,0.505
21.037279,922.187,81.811,0.509
21.048889,457.194,69.664,0.509
21.060499,924.058,81.846,0.504
21.072109,459.385,69.746,0.490
21.083719,459.813,69.763,0.474
21.095329,929.097,81.940,0.451
21.106939,925.106,81.865,0.425
21.118549,93.111,42.114,0.384
21.130159,186.244,54.116,0.342
21.141769,286.202,61.554,0.510
21.153379,162.073,51.710,0.632
21.164989,196.860,55.076,0.726
21.176599,196.823,55.073,0.775
21.188209,203.868,55.682,0.809
21.199819,229.823,57.756,0.833
21.211429,203.756,55.672,0.854
21.223039,182.413,53.756,0.874
21.234649,911.893,81.616,0.879
21.246259,182.392,53.755,0.878
21.257868,907.102,81.525,0.869
21.269478,158.775,51.354,0.884
21.281088,158.854,51.362,0.884
21.292698,182.296,53.745,0.881
21.304308,186.547,54.144,0.876
21.315918,186.182,54.110,0.867
21.327528,185.602,54.057,0.864
21.339138,185.390,54.037,0.862
21.350748,185.358,54.034,0.859
21.362358,185.407,54.038,0.827
21.373968,185.468,54.044,0.811
21.385578,185.321,54.030,0.801
21.397188,185.360,54.034,0.793
21.408798,185.687,54.064,0.788
21.420408,187.003,54.187,0.785
21.432018,189.017,54.372,0.788
21.443628,190.542,54.511,0.791
21.455238,206.516,55.905,0.790
21.466848,206.465,55.901,0.793
21.478458,206.772,55.926,0.797
21.490068,207.000,55.946,0.802
21.501678,207.309,55.971,0.807
21.513288,207.713,56.005,0.814
21.524898,208.009,56.030,0.815
21.536508,208.701,56.087,0.816
21.548118,208.786,56.094,0.821
21.559728,207.853,56.017,0.825
21.571338,207.050,55.950,0.826
21.582948,202.538,55.568,0.833
21.594558,198.923,55.256,0.839
21.606168,193.195,54.751,0.842
21.617778,190.519,54.509,0.843
21.629388,188.792,54.352,0.842
21.640998,187.124,54.198,0.838
21.652608,186.552,54.145,0.832
21.664218,186.417,54.132,0.830
21.675828,186.266,54.118,0.817
21.687438,185.929,54.087,0.801
21.699048,185.621,54.058,0.784
21.710658,185.524,54.049,0.779
21.722268,185.263,54.025,0.779
21.733878,184.669,53.969,0.789
21.745488,180.793,53.602,0.795
21.757098,173.673,52.906,0.799
21.768707,165.761,52.099,0.803
21.780317,165.460,52.068,0.813
21.791927,165.324,52.054,0.822
21.803537,165.213,52.042,0.823
21.815147,165.115,52.032,0.819
21.826757,164.955,52.015,0.810
21.838367,164.810,52.000,0.806
21.849977,164.657,51.984,0.803
21.861587,164.532,51.970,0.800
21.873197,164.436,51.960,0.794
21.884807,164.430,51.960,0.784
21.896417,164.411,51.958,0.778
21.908027,164.587,51.976,0.778
21.919637,164.939,52.013,0.780
21.931247,165.219,52.042,0.776
21.942857,165.463,52.068,0.774
21.954467,165.660,52.089,0.775
21.966077,165.850,52.108,0.776
21.977687,166.075,52.132,0.778
21.989297,166.255,52.151,0.776
22.000907,166.697,52.197,0.773
22.012517,168.321,52.364,0.773
22.024127,184.582,53.961,0.780
22.035737,185.392,54.037,0.788
22.047347,185.967,54.091,0.798
22.058957,186.413,54.132,0.810
22.070567,186.310,54.122,0.820
22.082177,185.910,54.085,0.827
22.093787,185.608,54.057,0.830
22.105397,185.539,54.051,0.832
22.117007,185.154,54.015,0.837
22.128617,184.672,53.970,0.840
22.140227,183.221,53.833,0.835
22.151837,182.410,53.756,0.827
22.163447,181.441,53.664,0.816
22.175057,181.449,53.665,0.809
22.186667,184.105,53.916,0.805
22.198277,185.044,54.004,0.801
22.209887,185.419,54.039,0.789
22.221497,187.867,54.267,0.774
22.233107,187.955,54.275,0.767
22.244717,185.189,54.018,0.764
22.256327,184.761,53.978,0.764
22.267937,184.426,53.946,0.763
22.279546,183.991,53.906,0.763
22.291156,183.702,53.878,0.761
22.302766,184.589,53.962,0.759
22.314376,185.023,54.002,0.762
22.325986,185.390,54.037,0.765
22.337596,185.589,54.055,0.767
22.349206,185.612,54.057,0.768
22.360816,185.491,54.046,0.773
22.372426,185.225,54.021,0.774
22.384036,184.810,53.982,0.774
22.395646,184.641,53.967,0.775
22.407256,184.532,53.956,0.773
22.418866,184.240,53.929,0.766
22.430476,184.018,53.908,0.751
22.442086,184.221,53.927,0.739
22.453696,184.543,53.957,0.726
22.465306,184.924,53.993,0.729
22.476916,185.545,54.051,0.731
22.488526,187.543,54.237,0.748
22.500136,187.439,54.227,0.764
22.511746,187.400,54.223,0.778
22.523356,187.230,54.208,0.799
22.534966,187.190,54.204,0.814
22.546576,187.316,54.216,0.825
22.558186,187.493,54.232,0.833
22.569796,187.510,54.234,0.841
22.581406,187.763,54.257,0.840
22.593016,188.691,54.342,0.835
22.604626,196.264,55.023,0.834
22.616236,199.197,55.280,0.837
22.627846,205.212,55.795,0.839
22.639456,206.296,55.887,0.838
22.651066,206.815,55.930,0.836
22.662676,207.271,55.968,0.836
22.674286,207.499,55.987,0.833
22.685896,207.654,56.000,0.831
22.697506,207.715,56.005,0.831
22.709116,207.639,55.999,0.823
22.720726,207.725,56.006,0.819
22.732336,207.742,56.007,0.810
22.743946,207.822,56.014,0.799
22.755556,207.922,56.022,0.776
22.767166,208.062,56.034,0.759
22.778776,208.162,56.042,0.744
22.790385,208.592,56.078,0.717
22.801995,208.754,56.092,0.685
22.813605,208.392,56.062,0.644
22.825215,208.365,56.059,0.604
22.836825,208.423,56.064,0.567
22.848435,208.585,56.078,0.549
22.860045,208.189,56.045,0.533
22.871655,207.974,56.027,0.518
22.883265,207.893,56.020,0.502
22.894875,90.967,41.711,0.490
22.906485,91.125,41.741,0.476
22.918095,91.647,41.840,0.461
22.929705,91.837,41.876,0.454
22.941315,185.614,54.058,0.441
22.952925,185.476,54.045,0.433
22.964535,185.164,54.016,0.430
22.976145,206.001,55.862,0.424
22.987755,205.955,55.858,0.423
22.999365,205.967,55.859,0.433
23.010975,206.216,55.880,0.437
23.022585,206.970,55.943,0.431
23.034195,206.729,55.923,0.430
23.045805,206.591,55.911,0.426
23.057415,206.246,55.882,0.432
23.069025,205.680,55.835,0.437
23.080635,187.076,54.193,0.444
23.092245,92.339,41.970,0.433
23.103855,187.032,54.189,0.429
23.115465,187.277,54.212,0.431
23.127075,187.198,54.205,0.434
23.138685,204.724,55.754,0.439
23.150295,205.572,55.826,0.431
23.161905,205.687,55.835,0.430
23.173515,205.920,55.855,0.432
23.185125,206.501,55.904,0.439
23.196735,206.734,55.923,0.440
23.208345,207.075,55.952,0.437
23.219955,207.066,55.951,0.437
23.231565,207.139,55.957,0.434
23.243175,207.161,55.959,0.435
23.254785,207.350,55.975,0.435
23.266395,207.464,55.984,0.427
23.278005,207.553,55.992,0.421
23.289615,207.623,55.998,0.424
23.301224,207.705,56.004,0.418
23.312834,207.689,56.003,0.413
23.324444,207.571,55.993,0.408
23.336054,207.448,55.983,0.408
23.347664,184.131,53.919,0.397
23.359274,184.411,53.945,0.398
23.370884,184.596,53.962,0.404
23.382494,184.360,53.940,0.404
23.394104,184.247,53.930,0.415
23.405714,184.203,53.926,0.430
23.417324,184.062,53.912,0.453
23.428934,186.448,54.135,0.469
23.440544,186.452,54.136,0.488
23.452154,186.394,54.130,0.499
23.463764,184.124,53.918,0.505
23.475374,208.097,56.037,0.508
23.486984,207.893,56.020,0.507
23.498594,459.012,69.732,0.496
23.510204,458.408,69.710,0.478
23.521814,458.709,69.721,0.455
23.533424,459.390,69.747,0.427
23.545034,464.621,69.943,0.391
23.556644,137.233,48.830,0.353
23.568254,137.612,48.877,0.309
23.579864,92.721,42.042,0.264
23.591474,92.765,42.050,0.241
23.603084,277.883,61.044,0.230
23.614694,277.637,61.028,0.236
23.626304,205.512,55.821,0.246
23.637914,205.898,55.853,0.260
23.649524,206.003,55.862,0.264
23.661134,205.354,55.807,0.278
23.672744,201.740,55.500,0.521
23.684354,492.589,70.955,0.683
23.695964,450.269,69.399,0.733
23.707574,449.883,69.385,0.760
23.719184,600.138,74.373,0.781
23.730794,610.227,74.662,0.803
23.742404,613.416,74.752,0.817
23.754014,621.102,74.968,0.834
23.765624,620.864,74.961,0.836
23.777234,642.564,75.556,0.822
23.788844,663.488,76.111,0.815
23.800454,682.522,76.600,0.815
23.812063,692.459,76.851,0.811
23.823673,184.208,53.926,0.798
23.835283,184.235,53.929,0.784
23.846893,98.956,43.168,0.758
23.858503,200.150,55.363,0.738
23.870113,199.801,55.333,0.706
23.881723,201.731,55.499,0.669
23.893333,203.256,55.630,0.653
23.904943,611.472,74.697,0.701
23.916553,613.210,74.747,0.723
23.928163,613.653,74.759,0.746
23.939773,613.704,74.760,0.768
23.951383,613.990,74.769,0.786
23.962993,614.188,74.774,0.800
23.974603,613.683,74.760,0.815
23.986213,91.910,41.889,0.817
23.997823,91.889,41.886,0.798
24.009433,91.919,41.891,0.789
24.021043,91.915,41.890,0.777
24.032653,204.201,55.710,0.774
24.044263,204.156,55.706,0.773
24.055873,184.395,53.944,0.773
24.067483,184.219,53.927,0.769
24.079093,183.839,53.891,0.769
24.090703,183.200,53.831,0.776
24.102313,183.734,53.881,0.783
24.113923,183.795,53.887,0.793
24.125533,184.055,53.912,0.791
24.137143,184.464,53.950,0.791
24.148753,186.173,54.110,0.788
24.160363,186.296,54.121,0.785
24.171973,186.379,54.129,0.788
24.183583,186.182,54.110,0.793
24.195193,185.093,54.009,0.798
24.206803,171.583,52.697,0.803
24.218413,164.618,51.979,0.806
24.230023,164.585,51.976,0.809
24.241633,164.661,51.984,0.813
24.253243,164.789,51.997,0.819
24.264853,164.392,51.956,0.817
24.276463,164.449,51.962,0.806
24.288073,164.976,52.017,0.795
24.299683,166.494,52.176,0.791
24.311293,166.580,52.185,0.791
24.322902,166.845,52.212,0.790
24.334512,166.622,52.189,0.791
24.346122,165.097,52.030,0.792
24.357732,164.939,52.013,0.798
24.369342,165.179,52.038,0.810
24.380952,165.336,52.055,0.820
24.392562,165.438,52.065,0.824
24.404172,165.541,52.076,0.826
24.415782,165.585,52.081,0.824
24.427392,165.461,52.068,0.817
24.439002,165.274,52.048,0.804
24.450612,164.610,51.979,0.795
24.462222,165.654,52.088,0.782
24.473832,168.306,52.363,0.781
24.485442,184.100,53.916,0.785
24.497052,184.819,53.983,0.784
24.508662,185.150,54.014,0.785
24.520272,185.602,54.056,0.796
24.531882,185.870,54.082,0.806
24.543492,186.647,54.154,0.806
24.555102,186.546,54.144,0.809
24.566712,186.676,54.156,0.804
24.578322,186.900,54.177,0.796
24.589932,186.978,54.184,0.790
24.601542,185.757,54.071,0.792
24.613152,184.198,53.925,0.786
24.624762,183.726,53.881,0.786
24.636372,183.476,53.857,0.788
24.647982,184.118,53.918,0.787
24.659592,185.285,54.027,0.784
24.671202,186.379,54.129,0.781
24.682812,186.636,54.153,0.780
24.694422,186.872,54.175,0.772
24.706032,187.021,54.188,0.768
24.717642,186.824,54.170,0.762
24.729252,186.011,54.095,0.758
24.740862,185.041,54.004,0.758
24.752472,184.576,53.961,0.760
24.764082,184.194,53.925,0.757
24.775692,184.523,53.956,0.755
24.787302,184.835,53.985,0.757
24.798912,185.172,54.016,0.757
24.810522,185.428,54.040,0.758
24.822132,185.747,54.070,0.756
24.833741,186.806,54.168,0.756
24.845351,186.282,54.120,0.748
24.856961,186.022,54.096,0.732
24.868571,186.097,54.103,0.716
24.880181,184.156,53.921,0.741
24.891791,185.540,54.051,0.787
24.903401,185.533,54.050,0.794
24.915011,185.536,54.050,0.795
24.926621,185.546,54.051,0.801
24.938231,185.684,54.064,0.815
24.949841,185.768,54.072,0.831
24.961451,185.812,54.076,0.845
24.973061,186.476,54.138,0.842
24.984671,186.689,54.158,0.822
24.996281,188.067,54.285,0.824
25.007891,188.080,54.286,0.832
25.019501,188.496,54.324,0.836
25.031111,188.820,54.354,0.832
25.042721,188.966,54.367,0.830
25.054331,197.577,55.139,0.828
25.065941,205.101,55.786,0.821
25.077551,207.417,55.980,0.818
25.089161,207.644,55.999,0.812
25.100771,207.926,56.023,0.807
25.112381,208.039,56.032,0.798
25.123991,208.017,56.030,0.794
25.135601,207.733,56.007,0.790
25.147211,207.365,55.976,0.782
25.158821,207.097,55.954,0.781
25.170431,206.765,55.926,0.769
25.182041,206.530,55.906,0.752
25.193651,206.213,55.880,0.729
25.205261,205.970,55.859,0.705
25.216871,205.636,55.831,0.676
25.228481,204.739,55.755,0.633
25.240091,204.402,55.727,0.585
25.251701,205.787,55.844,0.500
25.263311,157.539,51.218,0.575
25.274921,144.529,49.726,0.622
25.286531,143.938,49.655,0.686
25.298141,139.900,49.163,0.726
25.309751,139.869,49.159,0.758
25.321361,139.663,49.133,0.783
25.332971,139.779,49.148,0.806
25.344580,139.540,49.118,0.825
25.356190,139.332,49.092,0.831
25.367800,139.392,49.100,0.837
25.379410,139.529,49.117,0.838
25.391020,139.503,49.114,0.835
25.402630,139.503,49.114,0.829
25.414240,139.699,49.138,0.828
25.425850,139.767,49.146,0.825
25.437460,139.621,49.128,0.824
25.449070,139.396,49.100,0.822
25.460680,139.309,49.089,0.822
25.472290,139.078,49.061,0.820
25.483900,139.071,49.060,0.818
25.495510,138.815,49.028,0.815
25.507120,139.874,49.160,0.815
25.518730,139.956,49.170,0.815
25.530340,139.919,49.165,0.806
25.541950,139.977,49.172,0.801
25.553560,153.200,50.735,0.807
25.565170,163.424,51.853,0.803
25.576780,163.770,51.890,0.810
25.588390,164.092,51.924,0.820
25.600000,164.362,51.953,0.816
25.611610,164.411,51.958,0.812
25.623220,164.387,51.955,0.818
25.634830,164.462,51.963,0.819
25.646440,164.505,51.968,0.811
25.658050,164.551,51.972,0.810
25.669660,164.527,51.970,0.802
25.681270,164.581,51.975,0.782
25.692880,164.689,51.987,0.766
25.704490,164.844,52.003,0.744
25.716100,165.124,52.033,0.711
25.727710,165.409,52.062,0.675
25.739320,165.219,52.043,0.631
25.750930,164.350,51.951,0.556
25.762540,135.414,48.598,0.438
25.774150,136.853,48.781,0.398
25.785760,136.925,48.791,0.378
25.797370,162.833,51.791,0.624
25.808980,151.873,50.584,0.679
25.820590,890.313,81.202,0.706
25.832200,538.180,72.487,0.728
25.843810,907.027,81.524,0.750
25.855420,906.452,81.513,0.773
25.867029,905.117,81.487,0.783
25.878639,903.357,81.454,0.798
25.890249,906.261,81.509,0.790
25.901859,167.880,52.319,0.787
25.913469,168.203,52.352,0.786
25.925079,168.014,52.333,0.784
25.936689,168.264,52.359,0.781
25.948299,167.378,52.267,0.777
25.959909,166.666,52.193,0.785
25.971519,166.089,52.133,0.780
25.983129,167.894,52.321,0.771
25.994739,167.731,52.304,0.768
26.006349,177.437,53.278,0.775
26.017959,177.969,53.329,0.786
26.029569,180.587,53.582,0.793
26.041179,184.561,53.959,0.794
26.052789,185.009,54.001,0.800
26.064399,185.211,54.020,0.811
26.076009,185.376,54.035,0.819
26.087619,185.507,54.048,0.823
26.099229,185.435,54.041,0.825
26.110839,185.401,54.038,0.823
26.122449,185.409,54.039,0.817
26.134059,185.333,54.031,0.806
26.145669,185.226,54.021,0.784
26.157279,185.127,54.012,0.758
26.168889,185.049,54.005,0.726
26.180499,185.292,54.028,0.691
26.192109,185.689,54.065,0.636
26.203719,184.796,53.981,0.552
26.215329,184.386,53.943,0.456
26.226939,184.370,53.941,0.425
26.238549,184.260,53.931,0.423
26.250159,184.355,53.940,0.405
26.261769,184.376,53.942,0.395
26.273379,184.488,53.952,0.393
26.284989,1002.273,83.252,0.532
26.296599,1002.273,83.252,0.563
26.308209,1002.273,83.252,0.594
26.319819,184.202,53.925,0.704
26.331429,186.841,54.172,0.768
26.343039,187.760,54.257,0.800
26.354649,188.040,54.282,0.822
26.366259,187.713,54.252,0.839
26.377868,187.440,54.227,0.844
26.389478,187.249,54.209,0.854
26.401088,186.772,54.165,0.863
26.412698,186.835,54.171,0.855
26.424308,187.082,54.194,0.839
26.435918,187.046,54.191,0.827
26.447528,187.117,54.197,0.819
26.459138,187.738,54.255,0.815
26.470748,209.263,56.134,0.816
26.482358,209.361,56.142,0.814
26.493968,208.608,56.080,0.812
26.505578,208.345,56.058,0.808
26.517188,208.549,56.075,0.811
26.528798,208.445,56.066,0.815
26.540408,208.496,56.070,0.816
26.552018,208.232,56.048,0.819
26.563628,208.079,56.036,0.816
26.575238,207.830,56.015,0.806
26.586848,207.599,55.996,0.788
26.598458,207.424,55.981,0.769
26.610068,207.607,55.996,0.745
26.621678,208.386,56.061,0.718
26.633288,209.284,56.135,0.684
26.644898,208.983,56.111,0.630
26.656508,207.350,55.975,0.560
26.668118,92.116,41.928,0.528
26.679728,207.788,56.011,0.531
26.691338,211.675,56.332,0.546
26.702948,105.009,44.196,0.557
26.714558,202.523,55.567,0.571
26.726168,103.965,44.023,0.588
26.737778,103.976,44.025,0.597
26.749388,103.945,44.020,0.598
26.760998,91.855,41.879,0.595
26.772608,202.404,55.557,0.603
26.784218,169.314,52.466,0.689
26.795828,169.263,52.461,0.741
26.807438,168.538,52.387,0.756
26.819048,168.244,52.357,0.764
26.830658,168.163,52.348,0.780
26.842268,168.319,52.364,0.801
26.853878,168.296,52.362,0.811
26.865488,168.327,52.365,0.813
26.877098,168.001,52.332,0.798
26.888707,167.681,52.299,0.777
26.900317,162.470,51.752,0.764
26.911927,162.458,51.751,0.761
26.923537,162.588,51.765,0.759
26.935147,163.016,51.810,0.739
26.946757,168.259,52.358,0.725
26.958367,168.206,52.353,0.735
26.969977,168.747,52.408,0.743
26.981587,168.950,52.429,0.751
26.993197,168.647,52.398,0.758
27.004807,168.817,52.415,0.753
27.016417,168.916,52.426,0.744
27.028027,168.918,52.426,0.747
27.039637,169.328,52.468,0.753
27.051247,169.064,52.441,0.741
27.062857,169.886,52.525,0.721
27.074467,170.761,52.614,0.705
27.086077,168.915,52.426,0.702
27.097687,168.212,52.353,0.708
27.109297,168.433,52.376,0.708
27.120907,168.117,52.344,0.709
27.132517,167.888,52.320,0.715
27.144127,167.680,52.298,0.726
27.155737,167.799,52.311,0.733
27.167347,167.895,52.321,0.733
27.178957,165.407,52.062,0.739
27.190567,164.392,51.956,0.744
27.202177,164.197,51.935,0.748
27.213787,163.614,51.873,0.745
27.225397,163.889,51.903,0.737
27.237007,164.364,51.953,0.731
27.248617,164.551,51.972,0.740
27.260227,160.009,51.488,0.748
27.271837,157.580,51.223,0.743
27.283447,151.449,50.536,0.740
27.295057,150.235,50.397,0.740
27.306667,143.644,49.620,0.735
27.318277,143.029,49.546,0.732
27.329887,142.036,49.425,0.736
27.341497,141.980,49.418,0.730
27.353107,141.835,49.401,0.713
27.364717,142.271,49.454,0.705
27.376327,147.689,50.101,0.695
27.387937,141.786,49.394,0.674
27.399546,147.577,50.088,0.662
27.411156,147.562,50.086,0.653
27.422766,147.157,50.038,0.629
27.434376,142.506,49.482,0.591
27.445986,142.067,49.429,0.571
27.457596,142.490,49.480,0.551
27.469206,145.123,49.797,0.524
27.480816,137.479,48.860,0.505
27.492426,136.903,48.788,0.492
27.504036,137.495,48.863,0.470
27.515646,137.515,48.865,0.447
27.527256,137.373,48.847,0.430
27.538866,136.985,48.798,0.412
27.550476,136.866,48.783,0.407
27.562086,143.699,49.627,0.399
27.573696,144.085,49.673,0.383
27.585306,144.330,49.702,0.375
27.596916,155.689,51.014,0.378
27.608526,155.749,51.021,0.371
27.620136,164.382,51.955,0.366
27.631746,165.381,52.059,0.341
27.643356,165.178,52.038,0.343
27.654966,164.910,52.010,0.339
27.666576,164.795,51.998,0.340
27.678186,164.774,51.996,0.341
27.689796,164.848,52.004,0.338
27.701406,164.596,51.977,0.337
27.713016,164.578,51.975,0.333
27.724626,164.559,51.973,0.327
27.736236,164.721,51.990,0.304
27.747846,164.707,51.989,0.310
27.759456,164.609,51.979,0.307
27.771066,164.625,51.980,0.298
27.782676,164.888,52.008,0.281
27.794286,164.822,52.001,0.284
27.805896,164.964,52.016,0.289
27.817506,164.966,52.016,0.279
27.829116,165.099,52.030,0.274
27.840726,165.274,52.048,0.253
27.852336,165.298,52.051,0.250
27.863946,165.279,52.049,0.246
27.875556,165.515,52.074,0.233
27.887166,165.390,52.060,0.216
27.898776,165.396,52.061,0.193
27.910385,165.511,52.073,0.195
27.921995,165.332,52.054,0.181
27.933605,165.446,52.066,0.176
27.945215,165.601,52.083,0.164
27.956825,165.567,52.079,0.180
27.968435,165.462,52.068,0.181
27.980045,165.507,52.073,0.178
27.991655,165.639,52.086,0.178
28.003265,165.580,52.080,0.169
28.014875,165.648,52.087,0.166
28.026485,165.558,52.078,0.165
28.038095,165.845,52.108,0.153
28.049705,166.083,52.133,0.119
28.061315,166.208,52.146,0.111
28.072925,166.208,52.146,0.104
28.084535,169.970,52.533,0.099
28.096145,169.071,52.441,0.097
28.107755,167.602,52.290,0.101
28.119365,159.407,51.422,0.094
28.130975,159.461,51.428,0.093
28.142585,166.217,52.147,0.092
28.154195,166.013,52.126,0.100
28.165805,165.314,52.052,0.098
28.177415,164.585,51.976,0.093
28.189025,164.562,51.974,0.095
28.200635,164.160,51.931,0.108
28.212245,162.583,51.764,0.145
28.223855,165.208,52.041,0.174
28.235465,164.519,51.969,0.226
28.247075,163.912,51.905,0.274
28.258685,85.911,40.721,0.327
28.270295,85.970,40.733,0.375
28.281905,148.724,50.222,0.411
28.293515,160.898,51.584,0.439
28.305125,86.111,40.761,0.465
28.316735,86.073,40.754,0.485
28.328345,842.323,80.242,0.499
28.339955,373.540,66.165,0.507
28.351565,374.176,66.195,0.509
28.363175,478.739,70.461,0.508
28.374785,479.203,70.478,0.501
28.386395,478.953,70.469,0.489
28.398005,480.069,70.509,0.470
28.409615,481.731,70.569,0.446
28.421224,200.292,55.375,0.417
28.432834,199.959,55.346,0.384
28.444444,199.923,55.343,0.348
28.456054,79.891,39.463,0.311
28.467664,200.144,55.362,0.284
28.479274,183.255,53.836,0.321
28.490884,185.383,54.036,0.341
28.502494,173.830,52.922,0.365
28.514104,173.927,52.932,0.366
28.525714,173.980,52.937,0.366
28.537324,91.959,41.899,0.364
28.548934,91.555,41.822,0.355
28.560544,179.178,53.447,0.550
28.572154,217.965,56.839,0.662
28.583764,223.042,57.238,0.766
28.595374,233.647,58.042,0.804
28.606984,252.828,59.408,0.834
28.618594,252.676,59.397,0.848
28.630204,247.333,59.027,0.858
28.641814,124.275,47.112,0.861
28.653424,123.907,47.061,0.853
28.665034,246.296,58.955,0.836
28.676644,249.051,59.147,0.788
28.688254,248.633,59.118,0.743
28.699864,247.803,59.060,0.672
28.711474,245.009,58.864,0.596
28.723084,241.783,58.635,0.517
28.734694,246.805,58.990,0.547
28.746304,252.303,59.372,0.670
28.757914,252.781,59.405,0.752
28.769524,252.646,59.395,0.781
28.781134,252.630,59.394,0.782
28.792744,252.622,59.394,0.783
28.804354,252.620,59.394,0.784
28.815964,252.641,59.395,0.781
28.827574,253.082,59.425,0.772
28.839184,252.522,59.387,0.730
28.850794,250.120,59.221,0.622
28.862404,249.271,59.163,0.508
28.874014,234.636,58.115,0.682
28.885624,129.796,47.865,0.722
28.897234,247.783,59.059,0.748
28.908844,247.838,59.063,0.776
28.920454,248.040,59.077,0.797
28.932063,248.190,59.087,0.811
28.943673,248.315,59.096,0.824
28.955283,248.252,59.092,0.831
28.966893,248.480,59.108,0.811
28.978503,248.140,59.084,0.807
28.990113,247.900,59.067,0.806
29.001723,247.710,59.054,0.800
29.013333,247.478,59.038,0.800
29.024943,247.505,59.039,0.802
29.036553,247.308,59.026,0.804
29.048163,247.212,59.019,0.795
29.059773,247.477,59.037,0.789
29.071383,247.867,59.065,0.793
29.082993,248.031,59.076,0.800
29.094603,247.944,59.070,0.806
29.106213,247.749,59.056,0.808
29.117823,247.328,59.027,0.808
29.129433,247.337,59.028,0.807
29.141043,247.327,59.027,0.816
29.152653,247.214,59.019,0.820
29.164263,247.130,59.013,0.814
29.175873,247.116,59.012,0.800
29.187483,247.024,59.006,0.782
29.199093,246.946,59.000,0.762
29.210703,246.953,59.001,0.744
29.222313,247.737,59.056,0.738
29.233923,248.068,59.079,0.737
29.245533,249.472,59.176,0.754
29.257143,249.897,59.206,0.766
29.268753,250.238,59.230,0.788
29.280363,250.541,59.250,0.803
29.291973,250.522,59.249,0.817
29.303583,147.008,50.021,0.828
29.315193,147.053,50.026,0.835
29.326803,147.101,50.032,0.841
29.338413,85.758,40.690,0.837
29.350023,82.559,40.032,0.831
29.361633,82.520,40.024,0.819
29.373243,85.754,40.689,0.810
29.384853,209.680,56.168,0.806
29.396463,225.114,57.398,0.802
29.408073,225.059,57.394,0.795
29.419683,232.343,57.945,0.786
29.431293,233.078,58.000,0.781
29.442902,231.675,57.895,0.788
29.454512,230.453,57.804,0.795
29.466122,229.584,57.738,0.803
29.477732,229.059,57.699,0.799
29.489342,228.836,57.682,0.792
29.500952,224.452,57.347,0.784
29.512562,223.215,57.251,0.779
29.524172,223.061,57.239,0.776
29.535782,222.138,57.167,0.764
29.547392,221.417,57.111,0.754
29.559002,232.917,57.988,0.746
29.570612,246.988,59.003,0.745
29.582222,247.053,59.008,0.750
29.593832,247.060,59.008,0.753
29.605442,247.103,59.011,0.750
29.617052,247.238,59.021,0.744
29.628662,247.252,59.022,0.744
29.640272,247.108,59.012,0.743
29.651882,246.981,59.003,0.744
29.663492,247.045,59.007,0.741
29.675102,247.214,59.019,0.746
29.686712,247.340,59.028,0.754
29.698322,247.348,59.028,0.767
29.709932,247.385,59.031,0.775
29.721542,247.518,59.040,0.783
29.733152,247.609,59.047,0.793
29.744762,247.700,59.053,0.798
29.756372,247.699,59.053,0.803
29.767982,247.527,59.041,0.806
29.779592,247.360,59.029,0.800
29.791202,247.362,59.029,0.794
29.802812,247.141,59.014,0.796
29.814422,246.815,58.991,0.797
29.826032,246.412,58.963,0.793
29.837642,244.303,58.814,0.796
29.849252,232.007,57.920,0.803
29.860862,221.238,57.097,0.803
29.872472,220.591,57.046,0.812
29.884082,220.371,57.029,0.821
29.895692,220.316,57.025,0.821
29.907302,220.167,57.013,0.823
29.918912,220.095,57.007,0.824
29.930522,219.981,56.999,0.826
29.942132,219.956,56.997,0.821
29.953741,219.958,56.997,0.823
29.965351,220.002,57.000,0.823
29.976961,220.041,57.003,0.819
29.988571,220.185,57.015,0.821
30.000181,220.464,57.037,0.818
30.011791,220.563,57.044,0.820
30.023401,220.723,57.057,0.810
30.035011,220.755,57.059,0.797
30.046621,220.761,57.060,0.776
30.058231,220.782,57.061,0.754
30.069841,220.937,57.074,0.728
30.081451,220.739,57.058,0.692
30.093061,220.831,57.065,0.683
30.104671,245.399,58.891,0.652
30.116281,232.006,57.920,0.651
30.127891,231.438,57.877,0.702
30.139501,229.289,57.716,0.729
30.151111,226.944,57.538,0.756
30.162721,225.590,57.434,0.778
30.174331,225.101,57.397,0.797
30.185941,223.623,57.283,0.804
30.197551,223.089,57.241,0.813
30.209161,222.419,57.189,0.821
30.220771,221.164,57.091,0.815
30.232381,220.209,57.016,0.819
30.243991,219.672,56.974,0.821
30.255601,219.530,56.963,0.825
30.267211,219.460,56.957,0.821
30.278821,219.532,56.963,0.814
30.290431,219.526,56.963,0.820
30.302041,219.484,56.959,0.829
30.313651,219.509,56.961,0.834
30.325261,214.009,56.522,0.840
30.336871,208.721,56.089,0.841
30.348481,207.549,55.991,0.840
30.360091,206.621,55.914,0.851
30.371701,206.489,55.903,0.858
30.383311,206.182,55.877,0.855
30.394921,206.141,55.874,0.848
30.406531,206.188,55.878,0.844
30.418141,206.226,55.881,0.836
30.429751,206.238,55.882,0.828
30.441361,206.313,55.888,0.813
30.452971,206.573,55.910,0.783
30.464580,206.664,55.917,0.755
30.476190,207.248,55.966,0.724
30.487800,207.112,55.955,0.685
30.499410,205.941,55.857,0.643
30.511020,205.394,55.811,0.554
30.522630,222.504,57.196,0.460
30.534240,222.547,57.199,0.408
30.545850,222.687,57.210,0.406
30.557460,221.399,57.110,0.414
30.569070,614.078,74.771,0.567
30.580680,614.259,74.776,0.680
30.592290,620.472,74.950,0.696
30.603900,619.060,74.911,0.716
30.615510,172.683,52.807,0.742
30.627120,172.453,52.784,0.758
30.638730,171.813,52.720,0.776
30.650340,169.944,52.531,0.790
30.661950,167.096,52.238,0.789
30.673560,165.038,52.024,0.770
30.685170,165.012,52.021,0.776
30.696780,164.533,51.970,0.777
30.708390,164.179,51.933,0.771
30.720000,163.988,51.913,0.768
30.731610,163.987,51.913,0.758
30.743220,163.965,51.911,0.748
30.754830,163.992,51.913,0.739
30.766440,164.158,51.931,0.734
30.778050,164.555,51.973,0.729
30.789660,165.089,52.029,0.727
30.801270,165.667,52.089,0.729
30.812880,165.757,52.099,0.731
30.824490,165.701,52.093,0.741
30.836100,165.439,52.066,0.746
30.847710,165.122,52.032,0.749
30.859320,164.832,52.002,0.749
30.870930,164.617,51.979,0.750
30.882540,164.407,51.957,0.747
30.894150,164.215,51.937,0.746
30.905760,164.321,51.948,0.750
30.917370,164.641,51.982,0.752
30.928980,165.296,52.051,0.761
30.940590,165.914,52.115,0.767
30.952200,166.407,52.166,0.770
30.963810,166.592,52.186,0.772
30.975420,166.523,52.179,0.775
30.987029,166.403,52.166,0.774
30.998639,166.086,52.133,0.768
31.010249,165.648,52.087,0.761
31.021859,165.065,52.026,0.745
31.033469,164.523,51.969,0.730
31.045079,164.167,51.932,0.713
31.056689,163.875,51.901,0.692
31.068299,163.640,51.876,0.668
31.079909,163.472,51.859,0.638
31.091519,163.346,51.845,0.604
31.103129,163.891,51.903,0.555
31.114739,164.115,51.926,0.517
31.126349,164.454,51.962,0.464
31.137959,164.960,52.015,0.396
31.149569,165.258,52.047,0.354
31.161179,82.576,40.036,0.340
31.172789,82.660,40.053,0.338
31.184399,82.627,40.046,0.343
31.196009,82.539,40.028,0.345
31.207619,82.524,40.024,0.342
31.219229,82.503,40.020,0.348
31.230839,82.390,39.996,0.344
31.242449,165.662,52.089,0.343
31.254059,165.654,52.088,0.341
31.265669,165.809,52.104,0.340
31.277279,165.692,52.092,0.339
31.288889,165.709,52.094,0.344
31.300499,165.707,52.094,0.354
31.312109,82.436,40.006,0.364
31.323719,164.434,51.960,0.380
31.335329,164.454,51.962,0.392
31.346939,164.352,51.951,0.404
31.358549,82.600,40.040,0.420
31.370159,82.593,40.039,0.438
31.381769,82.531,40.026,0.449
31.393379,165.352,52.056,0.456
31.404989,82.449,40.009,0.470
31.416599,82.513,40.022,0.478
31.428209,82.418,40.002,0.489
31.439819,82.364,39.991,0.498
31.451429,82.417,40.002,0.503
31.463039,81.782,39.868,0.525
31.474649,82.157,39.947,0.531
31.486259,81.785,39.869,0.536
31.497868,81.788,39.870,0.528
31.509478,168.238,52.356,0.518
31.521088,168.440,52.377,0.504
31.532698,82.182,39.953,0.489
31.544308,82.232,39.963,0.474
31.555918,82.867,40.096,0.448
31.567528,174.658,53.004,0.570
31.579138,113.226,45.500,0.703
31.590748,124.598,47.157,0.749
31.602358,124.797,47.185,0.790
31.613968,128.200,47.651,0.829
31.625578,130.706,47.986,0.857
31.637188,133.040,48.292,0.869
31.648798,135.969,48.669,0.883
31.660408,135.678,48.632,0.889
31.672018,136.349,48.718,0.879
31.683628,136.229,48.702,0.875
31.695238,136.043,48.679,0.866
31.706848,135.600,48.622,0.854
31.718458,135.484,48.607,0.839
31.730068,135.413,48.598,0.838
31.741678,135.407,48.598,0.830
31.753288,135.390,48.595,0.828
31.764898,135.375,48.593,0.834
31.776508,135.391,48.596,0.835
31.788118,135.512,48.611,0.832
31.799728,135.558,48.617,0.826
31.811338,143.926,49.654,0.818
31.822948,144.500,49.723,0.807
31.834558,145.549,49.848,0.792
31.846168,145.938,49.894,0.765
31.857778,146.387,49.947,0.724
31.869388,146.680,49.982,0.681
31.880998,134.470,48.477,0.647
31.892608,133.442,48.345,0.584
31.904218,133.686,48.376,0.523
31.915828,132.929,48.278,0.438
31.927438,340.399,64.557,0.647
31.939048,217.812,56.827,0.721
31.950658,217.984,56.841,0.747
31.962268,218.830,56.908,0.766
31.973878,219.591,56.968,0.783
31.985488,220.515,57.040,0.801
31.997098,220.665,57.052,0.814
32.008707,220.470,57.037,0.828
32.020317,220.264,57.021,0.813
32.031927,220.646,57.051,0.802
32.043537,220.792,57.062,0.802
32.055147,220.849,57.067,0.809
32.066757,221.188,57.093,0.817
32.078367,223.459,57.270,0.819
32.089977,228.501,57.656,0.827
32.101587,232.738,57.974,0.834
32.113197,238.376,58.389,0.841
32.124807,241.619,58.623,0.847
32.136417,243.624,58.766,0.856
32.148027,246.384,58.961,0.860
32.159637,247.195,59.018,0.866
32.171247,247.521,59.041,0.871
32.182857,247.768,59.058,0.874
32.194467,247.821,59.062,0.875
32.206077,247.716,59.054,0.873
32.217687,247.615,59.047,0.863
32.229297,247.539,59.042,0.850
32.240907,247.401,59.032,0.835
32.252517,247.343,59.028,0.820
32.264127,247.124,59.013,0.810
32.275737,246.923,58.999,0.804
32.287347,239.692,58.484,0.799
32.298957,224.561,57.355,0.800
32.310567,224.729,57.368,0.815
32.322177,224.158,57.324,0.833
32.333787,222.857,57.223,0.846
32.345397,221.539,57.121,0.857
32.357007,221.220,57.096,0.861
32.368617,220.077,57.006,0.866
32.380227,219.285,56.944,0.867
32.391837,219.263,56.942,0.868
32.403447,219.034,56.924,0.856
32.415057,218.692,56.897,0.846
32.426667,218.610,56.890,0.845
32.438277,218.825,56.907,0.843
32.449887,219.147,56.933,0.840
32.461497,219.677,56.975,0.834
32.473107,219.902,56.992,0.831
32.484717,220.087,57.007,0.826
32.496327,219.972,56.998,0.838
32.507937,219.888,56.991,0.839
32.519546,219.757,56.981,0.838
32.531156,219.664,56.974,0.830
32.542766,219.509,56.961,0.828
32.554376,219.513,56.962,0.819
32.565986,219.498,56.960,0.809
32.577596,219.661,56.973,0.803
32.589206,219.912,56.993,0.792
32.600816,220.121,57.009,0.786
32.612426,220.352,57.028,0.772
32.624036,220.485,57.038,0.766
32.635646,220.422,57.033,0.755
32.647256,220.219,57.017,0.758
32.658866,219.900,56.992,0.758
32.670476,219.570,56.966,0.758
32.682086,219.337,56.948,0.758
32.693696,219.101,56.929,0.750
32.705306,218.789,56.904,0.739
32.716916,218.709,56.898,0.741
32.728526,222.333,57.183,0.752
32.740136,224.426,57.345,0.755
32.751746,219.929,56.994,0.779
32.763356,214.127,56.532,0.797
32.774966,213.928,56.515,0.804
32.786576,213.663,56.494,0.818
32.798186,213.359,56.469,0.830
32.809796,212.878,56.430,0.838
32.821406,212.444,56.395,0.841
32.833016,211.919,56.352,0.843
32.844626,211.044,56.281,0.838
32.856236,209.860,56.183,0.828
32.867846,208.974,56.110,0.828
32.879456,207.988,56.028,0.823
32.891066,207.326,55.973,0.815
32.902676,206.825,55.931,0.797
32.914286,206.623,55.914,0.775
32.925896,206.622,55.914,0.749
32.937506,206.680,55.919,0.714
32.949116,206.467,55.901,0.685
32.960726,206.514,55.905,0.639
32.972336,206.342,55.890,0.575
32.983946,215.587,56.649,0.490
32.995556,222.193,57.172,0.573
33.007166,216.049,56.686,0.664
33.018776,216.108,56.691,0.693
33.030385,216.127,56.693,0.716
33.041995,188.206,54.298,0.748
33.053605,192.310,54.671,0.767
33.065215,195.009,54.912,0.784
33.076825,192.463,54.685,0.798
33.088435,193.403,54.769,0.798
33.100045,193.417,54.771,0.787
33.111655,192.435,54.682,0.788
33.123265,192.454,54.684,0.792
33.134875,191.506,54.599,0.791
33.146485,189.819,54.445,0.788
33.158095,188.877,54.359,0.788
33.169705,188.185,54.296,0.794
33.181315,188.450,54.320,0.802
33.192925,191.777,54.623,0.814
33.204535,206.219,55.880,0.827
33.216145,210.228,56.213,0.832
33.227755,210.332,56.222,0.836
33.239365,210.207,56.212,0.844
33.250975,210.047,56.199,0.850
33.262585,209.901,56.186,0.851
33.274195,209.738,56.173,0.853
33.285805,209.287,56.136,0.853
33.297415,208.606,56.079,0.847
33.309025,208.273,56.052,0.846
33.320635,208.080,56.036,0.834
33.332245,207.977,56.027,0.821
33.343855,208.002,56.029,0.810
33.355465,207.936,56.024,0.807
33.367075,207.873,56.018,0.804
33.378685,207.077,55.952,0.799
33.390295,189.100,54.380,0.794
33.401905,187.781,54.259,0.790
33.413515,186.752,54.163,0.804
33.425125,185.764,54.072,0.819
33.436735,185.254,54.024,0.824
33.448345,185.162,54.015,0.828
33.459955,185.168,54.016,0.828
33.471565,185.137,54.013,0.827
33.483175,185.218,54.021,0.829
33.494785,185.237,54.022,0.828
33.506395,185.379,54.036,0.819
33.518005,185.549,54.052,0.805
33.529615,185.617,54.058,0.788
33.541224,185.551,54.052,0.762
33.552834,185.518,54.049,0.731
33.564444,185.446,54.042,0.691
33.576054,185.635,54.060,0.645
33.587664,186.053,54.099,0.586
33.599274,186.462,54.136,0.517
33.610884,210.037,56.198,0.604
33.622494,213.389,56.472,0.644
33.634104,756.007,78.371,0.673
33.645714,212.809,56.425,0.713
33.657324,212.788,56.423,0.753
33.668934,196.146,55.013,0.774
33.680544,196.600,55.053,0.794
33.692154,196.383,55.034,0.815
33.703764,196.585,55.052,0.813
33.715374,196.319,55.028,0.817
33.726984,196.144,55.013,0.826
33.738594,194.087,54.830,0.824
33.750204,190.192,54.479,0.822
33.761814,188.246,54.301,0.824
33.773424,184.666,53.969,0.822
33.785034,184.273,53.932,0.814
33.796644,184.143,53.920,0.810
33.808254,184.104,53.916,0.805
33.819864,184.142,53.920,0.796
33.831474,184.653,53.968,0.796
33.843084,184.984,53.999,0.791
33.854694,185.070,54.007,0.787
33.866304,185.069,54.007,0.778
33.877914,185.172,54.016,0.764
33.889524,185.162,54.015,0.748
33.901134,185.079,54.008,0.730
33.912744,184.908,53.992,0.710
33.924354,183.985,53.905,0.677
33.935964,183.873,53.894,0.669
33.947574,195.735,54.977,0.659
33.959184,686.353,76.697,0.651
33.970794,173.308,52.870,0.679
33.982404,172.575,52.797,0.712
33.994014,171.933,52.732,0.741
34.005624,171.152,52.653,0.760
34.017234,170.539,52.591,0.781
34.028844,82.601,40.041,0.782
34.040454,165.302,52.051,0.785
34.052063,165.179,52.038,0.793
34.063673,165.204,52.041,0.796
34.075283,165.135,52.034,0.795
34.086893,165.026,52.022,0.790
34.098503,165.000,52.020,0.784
34.110113,164.803,51.999,0.777
34.121723,164.787,51.997,0.777
34.133333,164.766,51.995,0.775
34.144943,164.839,52.003,0.776
34.156553,164.858,52.005,0.776
34.168163,164.885,52.007,0.775
34.179773,164.907,52.010,0.777
34.191383,164.866,52.006,0.782
34.202993,164.698,51.988,0.782
34.214603,164.447,51.961,0.777
34.226213,163.939,51.908,0.775
34.237823,163.093,51.818,0.776
34.249433,162.994,51.808,0.777
34.261043,163.715,51.884,0.786
34.272653,166.959,52.224,0.795
34.284263,176.931,53.228,0.807
34.295873,179.319,53.460,0.818
34.307483,180.309,53.556,0.828
34.319093,186.152,54.108,0.832
34.330703,186.092,54.102,0.834
34.342313,185.718,54.067,0.837
34.353923,185.782,54.073,0.832
34.365533,185.345,54.032,0.829
34.377143,184.572,53.960,0.820
34.388753,184.499,53.953,0.811
34.400363,184.424,53.946,0.804
34.411973,184.418,53.946,0.798
34.423583,184.941,53.995,0.791
34.435193,185.433,54.041,0.785
34.446803,185.508,54.048,0.780
34.458413,185.775,54.073,0.771
34.470023,185.585,54.055,0.766
34.481633,185.240,54.023,0.759
34.493243,185.223,54.021,0.765
34.504853,184.621,53.965,0.780
34.516463,184.319,53.936,0.791
34.528073,184.606,53.963,0.796
34.539683,179.621,53.489,0.803
34.551293,202.641,55.577,0.807
34.562902,84.794,40.494,0.810
34.574512,306.008,62.713,0.821
34.586122,80.458,39.586,0.821
34.597732,100.112,43.369,0.816
34.609342,84.778,40.491,0.812
34.620952,84.782,40.492,0.811
34.632562,180.757,53.599,0.811
34.644172,180.612,53.585,0.811
34.655782,202.518,55.567,0.813
34.667392,101.595,43.624,0.806
34.679002,81.755,39.863,0.806
34.690612,84.091,40.350,0.808
34.702222,84.120,40.356,0.804
34.713832,98.470,43.083,0.791
34.725442,84.143,40.361,0.775
34.737052,200.267,55.373,0.779
34.748662,193.620,54.789,0.778
34.760272,193.514,54.779,0.782
34.771882,193.465,54.775,0.781
34.783492,188.335,54.310,0.774
34.795102,188.083,54.286,0.776
34.806712,187.333,54.217,0.786
34.818322,187.144,54.200,0.798
34.829932,187.649,54.246,0.793
34.841542,188.588,54.333,0.797
34.853152,192.533,54.691,0.796
34.864762,195.244,54.933,0.792
34.876372,200.111,55.360,0.797
34.887982,202.467,55.562,0.804
34.899592,207.656,56.000,0.812
34.911202,208.596,56.079,0.816
34.922812,208.887,56.103,0.819
34.934422,208.975,56.110,0.817
34.946032,208.809,56.096,0.815
34.957642,208.383,56.061,0.817
34.969252,207.808,56.013,0.811
34.980862,207.446,55.983,0.801
34.992472,206.915,55.938,0.787
35.004082,206.461,55.900,0.769
35.015692,206.140,55.873,0.749
35.027302,205.838,55.848,0.725
35.038912,205.654,55.833,0.701
35.050522,205.583,55.827,0.667
35.062132,205.499,55.820,0.636
35.073741,102.895,43.844,0.608
35.085351,688.757,76.758,0.573
35.096961,685.627,76.679,0.559
35.108571,688.922,76.762,0.546
35.120181,692.508,76.852,0.532
35.131791,700.112,77.041,0.520
35.143401,103.657,43.972,0.510
35.155011,103.927,44.017,0.487
35.166621,103.944,44.020,0.466
35.178231,104.114,44.048,0.456
35.189841,104.149,44.054,0.445
35.201451,104.160,44.056,0.437
35.213061,104.345,44.086,0.426
35.224671,104.588,44.127,0.416
35.236281,104.539,44.118,0.405
35.247891,104.379,44.092,0.401
35.259501,104.289,44.077,0.398
35.271111,104.271,44.074,0.394
35.282721,104.358,44.089,0.386
35.294331,207.598,55.995,0.375
35.305941,207.437,55.982,0.371
35.317551,207.686,56.003,0.362
35.329161,207.286,55.969,0.357
35.340771,207.180,55.961,0.346
35.352381,207.779,56.011,0.341
35.363991,207.520,55.989,0.347
35.375601,207.068,55.951,0.352
35.387211,206.283,55.885,0.355
35.398821,202.906,55.600,0.360
35.410431,192.158,54.657,0.367
35.422041,190.996,54.552,0.373
35.433651,187.399,54.223,0.380
35.445261,185.492,54.046,0.384
35.456871,185.662,54.062,0.386
35.468481,724.639,77.637,0.388
35.480091,722.383,77.583,0.397
35.491701,104.890,44.176,0.409
35.503311,104.483,44.109,0.425
35.514921,104.380,44.092,0.436
35.526531,207.339,55.974,0.444
35.538141,207.558,55.992,0.449
35.549751,207.809,56.013,0.451
35.561361,207.842,56.016,0.457
35.572971,207.758,56.009,0.458
35.584580,207.572,55.993,0.455
35.596190,207.440,55.982,0.442
35.607800,207.204,55.963,0.429
35.619410,207.043,55.949,0.413
35.631020,206.916,55.939,0.395
35.642630,206.718,55.922,0.378
35.654240,206.240,55.882,0.352
35.665850,206.277,55.885,0.328
35.677460,206.258,55.883,0.301
35.689070,207.022,55.947,0.281
35.700680,207.253,55.967,0.260
35.712290,691.777,76.834,0.252
35.723900,92.075,41.920,0.248
35.735510,91.937,41.895,0.245
35.747120,209.999,56.195,0.239
35.758730,209.715,56.171,0.227
35.770340,209.075,56.118,0.213
35.781950,104.242,44.069,0.201
35.793560,209.792,56.177,0.198
35.805170,104.548,44.120,0.192
35.816780,104.517,44.115,0.185
35.828390,104.519,44.115,0.189
35.840000,104.452,44.104,0.189
35.851610,104.407,44.097,0.200
35.863220,207.563,55.993,0.209
35.874830,207.367,55.976,0.209
35.886440,207.331,55.973,0.204
35.898050,207.284,55.969,0.204
35.909660,207.142,55.957,0.206
35.921270,206.943,55.941,0.200
35.932880,206.865,55.934,0.197
35.944490,206.939,55.940,0.186
35.956100,207.527,55.990,0.172
35.967710,207.568,55.993,0.168
35.979320,207.215,55.964,0.179
35.990930,207.046,55.949,0.183
36.002540,207.037,55.949,0.189
36.014150,206.691,55.920,0.190
36.025760,206.247,55.882,0.196
36.037370,104.426,44.100,0.206
36.048980,104.479,44.109,0.211
36.060590,104.774,44.157,0.220
36.072200,186.334,54.125,0.229
36.083810,186.728,54.161,0.244
36.095420,732.517,77.824,0.254
36.107029,105.204,44.228,0.273
36.118639,208.637,56.082,0.288
36.130249,208.571,56.076,0.292
36.141859,208.258,56.050,0.295
36.153469,207.727,56.006,0.297
36.165079,206.878,55.935,0.295
36.176689,207.285,55.969,0.286
36.188299,207.164,55.959,0.277
36.199909,207.200,55.962,0.262
36.211519,103.938,44.019,0.243
36.223129,103.964,44.023,0.236
36.234739,103.842,44.003,0.224
36.246349,104.085,44.043,0.209
36.257959,104.126,44.050,0.194
36.269569,104.469,44.107,0.184
36.281179,104.732,44.150,0.175
36.292789,105.011,44.197,0.160
36.304399,726.175,77.674,0.150
36.316009,722.634,77.589,0.132
36.327619,722.205,77.579,0.132
36.339229,721.454,77.561,0.143
36.350839,723.232,77.603,0.147
36.362449,721.160,77.554,0.149
36.374059,722.239,77.580,0.154
36.385669,207.456,55.984,0.162
36.397279,207.285,55.969,0.169
36.408889,206.941,55.941,0.171
36.420499,206.770,55.926,0.171
36.432109,207.437,55.982,0.166
36.443719,207.740,56.007,0.164
36.455329,207.798,56.012,0.160
36.466939,207.985,56.028,0.158
36.478549,207.400,55.979,0.151
36.490159,207.498,55.987,0.140
36.501769,104.498,44.112,0.139
36.513379,705.858,77.183,0.421
36.524989,196.265,55.024,0.623
36.536599,181.905,53.708,0.689
36.548209,182.948,53.807,0.733
36.559819,184.976,53.998,0.760
36.571429,185.642,54.060,0.781
36.583039,185.611,54.057,0.798
36.594649,185.337,54.032,0.811
36.606259,184.887,53.990,0.817
36.617868,185.142,54.014,0.807
36.629478,185.146,54.014,0.797
36.641088,184.673,53.970,0.786
36.652698,184.565,53.960,0.777
36.664308,184.427,53.947,0.767
36.675918,185.017,54.002,0.765
36.687528,187.420,54.225,0.771
36.699138,190.871,54.541,0.776
36.710748,200.039,55.353,0.783
36.722358,205.203,55.795,0.787
36.733968,206.922,55.939,0.793
36.745578,207.270,55.968,0.795
36.757188,207.655,56.000,0.799
36.768798,208.146,56.041,0.804
36.780408,208.270,56.051,0.801
36.792018,207.981,56.027,0.801
36.803628,207.472,55.985,0.795
36.815238,207.003,55.946,0.793
36.826848,206.657,55.917,0.790
36.838458,206.110,55.871,0.785
36.850068,205.658,55.833,0.775
36.861678,205.281,55.801,0.753
36.873288,204.280,55.717,0.735
36.884898,202.676,55.580,0.711
36.896508,199.890,55.340,0.698
36.908118,191.762,54.622,0.694
36.919728,188.649,54.338,0.689
36.931338,188.537,54.328,0.693
36.942948,188.752,54.348,0.711
36.954558,188.351,54.311,0.728
36.966168,188.011,54.280,0.735
36.977778,187.908,54.270,0.736
36.989388,187.573,54.239,0.732
37.000998,187.023,54.189,0.721
37.012608,186.009,54.094,0.704
37.024218,184.572,53.960,0.693
37.035828,183.833,53.891,0.680
37.047438,183.609,53.870,0.669
37.059048,183.922,53.899,0.665
37.070658,184.995,54.000,0.668
37.082268,185.848,54.079,0.671
37.093878,186.067,54.100,0.674
37.105488,186.128,54.106,0.682
37.117098,185.805,54.075,0.683
37.128707,185.213,54.020,0.676
37.140317,184.662,53.969,0.666
37.151927,184.176,53.923,0.660
37.163537,183.613,53.870,0.649
37.175147,183.277,53.838,0.630
37.186757,183.199,53.831,0.610
37.198367,182.290,53.745,0.577
37.209977,182.531,53.768,0.552
37.221587,183.171,53.828,0.524
37.233197,184.247,53.930,0.488
37.244807,184.055,53.912,0.450
37.256417,189.923,54.455,0.444
37.268027,184.444,53.948,0.452
37.279637,184.909,53.992,0.450
37.291247,185.434,54.041,0.447
37.302857,185.598,54.056,0.443
37.314467,186.397,54.130,0.441
37.326077,185.681,54.064,0.443
37.337687,104.860,44.172,0.444
37.349297,104.508,44.113,0.438
37.360907,104.558,44.122,0.427
37.372517,208.747,56.091,0.424
37.384127,208.235,56.049,0.431
37.395737,207.755,56.009,0.437
37.407347,103.966,44.023,0.435
37.418957,207.901,56.021,0.428
37.430567,207.210,55.963,0.429
37.442177,206.743,55.924,0.422
37.453787,206.648,55.916,0.413
37.465397,206.413,55.896,0.399
37.477007,206.008,55.862,0.372
37.488617,205.755,55.841,0.344
37.500227,205.380,55.810,0.320
37.511837,183.134,53.825,0.309
37.523447,183.605,53.869,0.286
37.535057,184.237,53.929,0.287
37.546667,184.684,53.971,0.305
37.558277,184.958,53.996,0.312
37.569887,184.833,53.985,0.320
37.581497,185.136,54.013,0.326
37.593107,185.171,54.016,0.329
37.604717,185.014,54.002,0.332
37.616327,184.669,53.969,0.331
37.627937,184.447,53.948,0.327
37.639546,184.272,53.932,0.329
37.651156,184.669,53.969,0.328
37.662766,184.734,53.975,0.322
37.674376,184.860,53.987,0.320
37.685986,185.155,54.015,0.329
37.697596,185.187,54.018,0.333
37.709206,185.025,54.003,0.334
37.720816,184.735,53.975,0.333
37.732426,184.496,53.953,0.331
37.744036,773.750,78.772,0.480
37.755646,769.962,78.687,0.506
37.767256,184.361,53.940,0.553
37.778866,106.591,44.455,0.616
37.790476,194.317,54.851,0.654
37.802086,193.750,54.800,0.677
37.813696,105.816,44.329,0.701
37.825306,101.979,43.689,0.709
37.836916,105.634,44.299,0.704
37.848526,101.965,43.687,0.709
37.860136,96.938,42.812,0.708
37.871746,93.051,42.103,0.690
37.883356,93.106,42.113,0.672
37.894966,87.773,41.092,0.657
37.906576,92.061,41.918,0.635
37.918186,91.980,41.903,0.630
37.929796,92.121,41.929,0.623
37.941406,92.363,41.975,0.614
37.953016,92.447,41.990,0.602
37.964626,92.399,41.981,0.591
37.976236,92.960,42.086,0.575
37.987846,92.874,42.070,0.560
37.999456,93.024,42.098,0.533
38.011066,93.300,42.149,0.506
38.022676,93.588,42.203,0.470
38.034286,93.086,42.110,0.433
38.045896,93.145,42.121,0.390
38.057506,93.023,42.098,0.365
38.069116,92.940,42.082,0.375
38.080726,92.945,42.083,0.396
38.092336,92.859,42.067,0.433
38.103946,671.882,76.328,0.484
38.115556,673.053,76.359,0.516
38.127166,675.529,76.422,0.544
38.138776,476.922,70.395,0.567
38.150385,843.439,80.265,0.580
38.161995,842.990,80.256,0.584
38.173605,842.592,80.248,0.579
38.185215,843.024,80.257,0.569
38.196825,842.665,80.249,0.547
38.208435,841.557,80.227,0.523
38.220045,842.649,80.249,0.487
38.231655,93.098,42.112,0.486
38.243265,240.142,58.517,0.681
38.254875,249.060,59.148,0.778
38.266485,247.261,59.022,0.803
38.278095,245.545,58.902,0.815
38.289705,245.869,58.925,0.816
38.301315,245.863,58.924,0.816
38.312925,245.925,58.929,0.817
38.324535,245.643,58.909,0.814
38.336145,245.640,58.908,0.772
38.347755,241.792,58.635,0.671
38.359365,972.068,82.723,0.665
38.370975,224.726,57.368,0.687
38.382585,99.989,43.348,0.709
38.394195,266.163,60.298,0.743
38.405805,265.907,60.281,0.769
38.417415,248.634,59.118,0.789
38.429025,248.627,59.118,0.800
38.440635,248.599,59.116,0.798
38.452245,252.973,59.418,0.775
38.463855,249.489,59.178,0.746
38.475465,250.402,59.241,0.727
38.487075,250.018,59.214,0.688
38.498685,248.687,59.122,0.632
38.510295,242.278,58.670,0.542
38.521905,242.212,58.665,0.492
38.533515,248.508,59.109,0.619
38.545125,247.549,59.043,0.684
38.556735,248.011,59.075,0.725
38.568345,248.443,59.105,0.760
38.579955,248.558,59.113,0.784
38.591565,248.484,59.108,0.793
38.603175,248.346,59.098,0.811
38.614785,248.084,59.080,0.824
38.626395,248.032,59.076,0.829
38.638005,247.435,59.035,0.837
38.649615,240.134,58.516,0.839
38.661224,234.750,58.123,0.836
38.672834,233.710,58.047,0.846
38.684444,231.529,57.884,0.854
38.696054,225.020,57.391,0.849
38.707664,218.889,56.912,0.842
38.719274,218.913,56.914,0.833
38.730884,244.733,58.844,0.826
38.742494,244.958,58.860,0.830
38.754104,245.288,58.884,0.836
38.765714,246.025,58.936,0.831
38.777324,247.454,59.036,0.836
38.788934,247.634,59.048,0.850
38.800544,247.653,59.050,0.863
38.812154,247.801,59.060,0.864
38.823764,247.729,59.055,0.855
38.835374,247.525,59.041,0.852
38.846984,247.546,59.042,0.862
38.858594,263.213,60.105,0.874
38.870204,272.579,60.710,0.880
38.881814,274.955,60.860,0.882
38.893424,276.684,60.969,0.882
38.905034,278.152,61.060,0.886
38.916644,278.608,61.089,0.894
38.928254,279.201,61.126,0.897
38.939864,279.709,61.157,0.891
38.951474,280.105,61.182,0.879
38.963084,280.340,61.196,0.879
38.974694,280.522,61.207,0.879
38.986304,283.870,61.413,0.884
38.997914,293.179,61.971,0.888
39.009524,302.572,62.517,0.891
39.021134,319.443,63.457,0.890
39.032744,325.885,63.802,0.883
39.044354,327.419,63.884,0.885
39.055964,329.175,63.976,0.886
39.067574,330.255,64.033,0.883
39.079184,331.542,64.100,0.868
39.090794,332.709,64.161,0.851
39.102404,327.222,63.873,0.830
39.114014,317.223,63.336,0.809
39.125624,312.879,63.097,0.792
39.137234,306.792,62.757,0.769
39.148844,283.182,61.371,0.743
39.160454,281.443,61.264,0.742
39.172063,315.566,63.245,0.771
39.183673,321.742,63.581,0.802
39.195283,326.288,63.824,0.828
39.206893,335.123,64.286,0.846
39.218503,337.159,64.391,0.864
39.230113,336.262,64.345,0.874
39.241723,335.357,64.298,0.879
39.253333,333.815,64.219,0.883
39.264943,334.038,64.230,0.881
39.276553,332.723,64.162,0.880
39.288163,329.726,64.005,0.876
39.299773,327.763,63.902,0.871
39.311383,326.554,63.838,0.863
39.322993,326.359,63.827,0.858
39.334603,326.297,63.824,0.851
39.346213,328.668,63.950,0.838
39.357823,332.031,64.126,0.832
39.369433,332.693,64.160,0.828
39.381043,332.514,64.151,0.831
39.392653,332.168,64.133,0.839
39.404263,331.672,64.107,0.848
39.415873,329.715,64.005,0.858
39.427483,329.460,63.991,0.865
39.439093,329.285,63.982,0.867
39.450703,329.244,63.980,0.870
39.462313,331.183,64.082,0.873
39.473923,333.952,64.226,0.875
39.485533,334.747,64.267,0.875
39.497143,334.682,64.263,0.874
39.508753,334.555,64.257,0.869
39.520363,333.848,64.220,0.870
39.531973,332.315,64.141,0.878
39.543583,330.367,64.039,0.883
39.555193,329.415,63.989,0.881
39.566803,329.203,63.978,0.877
39.578413,329.238,63.980,0.874
39.590023,329.746,64.006,0.880
39.601633,331.786,64.113,0.888
39.613243,333.479,64.201,0.891
39.624853,334.022,64.229,0.887
39.636463,334.582,64.258,0.882
39.648073,333.993,64.228,0.886
39.659683,331.823,64.115,0.893
39.671293,319.364,63.452,0.897
39.682902,303.352,62.562,0.894
39.694512,301.353,62.447,0.888
39.706122,294.615,62.056,0.880
39.717732,291.446,61.869,0.876
39.729342,287.704,61.645,0.873
39.740952,283.042,61.362,0.862
39.752562,279.415,61.139,0.851
39.764172,277.938,61.047,0.847
39.775782,276.848,60.979,0.839
39.787392,276.546,60.960,0.829
39.799002,276.389,60.950,0.830
39.810612,275.890,60.919,0.827
39.822222,274.934,60.859,0.822
39.833832,274.464,60.829,0.817
39.845442,274.560,60.835,0.814
39.857052,275.004,60.863,0.793
39.868662,275.241,60.878,0.775
39.880272,275.328,60.884,0.759
39.891882,275.492,60.894,0.725
39.903492,83.739,40.278,0.686
39.915102,302.737,62.527,0.647
39.926712,172.729,52.812,0.617
39.938322,329.905,64.015,0.536
39.949932,330.252,64.033,0.507
39.961542,330.675,64.055,0.479
39.973152,329.550,63.996,0.475
39.984762,303.076,62.546,0.490
39.996372,303.926,62.595,0.504
40.007982,302.959,62.539,0.528
40.019592,303.100,62.547,0.554
40.031202,329.442,63.990,0.572
40.042812,329.857,64.012,0.586
40.054422,329.975,64.018,0.608
40.066032,109.956,44.993,0.633
40.077642,789.156,79.114,0.655
40.089252,780.610,78.925,0.691
40.100862,780.453,78.922,0.717
40.112472,777.377,78.853,0.726
40.124082,772.311,78.740,0.727
40.135692,771.038,78.712,0.723
40.147302,765.231,78.581,0.714
40.158912,759.407,78.448,0.700
40.170522,82.684,40.058,0.683
40.182132,82.816,40.086,0.644
40.193741,82.744,40.071,0.583
40.205351,372.040,66.095,0.673
40.216961,841.815,80.232,0.765
40.228571,864.308,80.688,0.806
40.240181,165.018,52.021,0.836
40.251791,166.354,52.161,0.853
40.263401,166.743,52.201,0.876
40.275011,166.446,52.171,0.892
40.286621,165.860,52.110,0.905
40.298231,330.390,64.040,0.910
40.309841,329.656,64.001,0.900
40.321451,330.398,64.040,0.898
40.333061,329.736,64.006,0.895
40.344671,329.645,64.001,0.899
40.356281,329.634,64.000,0.898
40.367891,330.846,64.064,0.898
40.379501,332.221,64.136,0.900
40.391111,332.669,64.159,0.896
40.402721,332.720,64.162,0.893
40.414331,331.709,64.109,0.896
40.425941,329.967,64.018,0.896
40.437551,328.282,63.929,0.893
40.449161,327.951,63.912,0.892
40.460771,328.254,63.928,0.891
40.472381,328.639,63.948,0.888
40.483991,330.204,64.030,0.887
40.495601,332.489,64.150,0.892
40.507211,333.900,64.223,0.885
40.518821,334.802,64.270,0.872
40.530431,335.813,64.322,0.855
40.542041,336.890,64.377,0.830
40.553651,337.019,64.384,0.806
40.565261,336.471,64.356,0.780
40.576871,334.820,64.271,0.749
40.588481,328.922,63.963,0.705
40.600091,328.124,63.921,0.675
40.611701,84.142,40.361,0.690
40.623311,328.978,63.966,0.720
40.634921,459.920,69.767,0.742
40.646531,459.351,69.745,0.757
40.658141,459.474,69.750,0.772
40.669751,324.959,63.753,0.783
40.681361,325.220,63.767,0.788
40.692971,325.325,63.773,0.785
40.704580,325.446,63.779,0.805
40.716190,313.600,63.137,0.837
40.727800,303.940,62.595,0.856
40.739410,298.625,62.290,0.864
40.751020,296.053,62.140,0.868
40.762630,293.208,61.973,0.871
40.774240,289.174,61.733,0.880
40.785850,286.761,61.588,0.892
40.797460,284.819,61.470,0.893
40.809070,277.901,61.045,0.879
40.820680,276.593,60.963,0.864
40.832290,276.083,60.931,0.855
40.843900,138.065,48.934,0.848
40.855510,138.175,48.948,0.839
40.867120,138.205,48.952,0.821
40.878730,91.790,41.867,0.797
40.890340,91.534,41.818,0.768
40.901950,338.918,64.481,0.740
40.913560,338.638,64.467,0.725
40.925170,338.660,64.468,0.711
40.936780,338.511,64.460,0.689
40.948390,339.402,64.506,0.667
40.960000,337.347,64.401,0.637
40.971610,165.984,52.123,0.613
40.983220,165.821,52.105,0.593
40.994830,165.703,52.093,0.560
41.006440,165.758,52.099,0.529
41.018050,337.638,64.416,0.495
41.029660,330.207,64.030,0.490
41.041270,328.757,63.954,0.489
41.052880,328.769,63.955,0.492
41.064490,328.209,63.925,0.492
41.076100,327.547,63.890,0.487
41.087710,140.056,49.182,0.496
41.099320,139.612,49.127,0.511
41.110930,139.241,49.081,0.527
41.122540,138.988,49.049,0.542
41.134150,139.386,49.099,0.560
41.145760,139.085,49.062,0.578
41.157370,139.117,49.066,0.588
41.168980,139.088,49.062,0.601
41.180590,139.161,49.071,0.607
41.192200,139.038,49.056,0.613
41.203810,169.692,52.505,0.613
41.215420,138.942,49.044,0.607
41.227029,112.640,45.411,0.597
41.238639,83.273,40.181,0.577
41.250249,83.257,40.178,0.563
41.261859,169.098,52.444,0.561
41.273469,197.861,55.164,0.652
41.285079,197.081,55.095,0.725
41.296689,201.927,55.516,0.784
41.308299,203.036,55.611,0.816
41.319909,220.494,57.039,0.849
41.331519,226.451,57.500,0.871
41.343129,227.552,57.584,0.889
41.354739,228.017,57.620,0.904
41.366349,250.606,59.255,0.903
41.377959,251.739,59.333,0.902
41.389569,253.580,59.459,0.892
41.401179,254.165,59.499,0.885
41.412789,254.485,59.521,0.871
41.424399,253.654,59.464,0.859
41.436009,248.209,59.089,0.847
41.447619,245.664,58.910,0.835
41.459229,243.585,58.763,0.838
41.470839,246.007,58.934,0.834
41.482449,245.480,58.897,0.833
41.494059,245.313,58.885,0.834
41.505669,245.188,58.877,0.835
41.517279,245.105,58.871,0.833
41.528889,245.055,58.867,0.825
41.540499,245.118,58.872,0.810
41.552109,245.117,58.872,0.785
41.563719,244.612,58.836,0.754
41.575329,244.081,58.798,0.720
41.586939,243.694,58.771,0.699
41.598549,256.599,59.664,0.708
41.610159,260.200,59.905,0.745
41.621769,257.966,59.756,0.768
41.633379,256.006,59.624,0.787
41.644989,254.727,59.537,0.817
41.656599,253.312,59.441,0.842
41.668209,252.148,59.361,0.858
41.679819,250.451,59.244,0.865
41.691429,249.898,59.206,0.858
41.703039,245.767,58.917,0.835
41.714649,245.611,58.906,0.818
41.726259,247.376,59.030,0.813
41.737868,247.837,59.063,0.800
41.749478,239.901,58.499,0.780
41.761088,261.613,59.999,0.765
41.772698,311.588,63.026,0.775
41.784308,325.420,63.778,0.798
41.795918,326.402,63.830,0.825
41.807528,325.923,63.804,0.855
41.819138,323.364,63.668,0.876
41.830748,322.444,63.619,0.875
41.842358,320.891,63.535,0.878
41.853968,316.646,63.304,0.881
41.865578,314.467,63.185,0.878
41.877188,313.802,63.148,0.875
41.888798,314.027,63.161,0.870
41.900408,314.279,63.175,0.858
41.912018,321.432,63.564,0.846
41.923628,326.291,63.824,0.855
41.935238,328.182,63.924,0.861
41.946848,329.195,63.977,0.867
41.958458,330.084,64.024,0.870
41.970068,330.542,64.048,0.871
41.981678,330.517,64.047,0.874
41.993288,330.366,64.039,0.878
42.004898,330.029,64.021,0.878
42.016508,329.675,64.002,0.869
42.028118,329.182,63.977,0.852
42.039728,328.739,63.953,0.833
42.051338,328.553,63.943,0.814
42.062948,328.472,63.939,0.806
42.074558,329.449,63.991,0.809
42.086168,331.459,64.096,0.812
42.097778,330.704,64.056,0.802
42.109388,331.083,64.076,0.796
42.120998,330.431,64.042,0.796
42.132608,330.518,64.047,0.794
42.144218,330.699,64.056,0.790
42.155828,330.549,64.048,0.769
42.167438,329.206,63.978,0.722
42.179048,328.555,63.944,0.678
42.190658,329.132,63.974,0.696
42.202268,458.960,69.730,0.716
42.213878,458.048,69.696,0.733
42.225488,330.258,64.033,0.758
42.237098,330.363,64.039,0.808
42.248707,331.100,64.077,0.841
42.260317,331.802,64.114,0.858
42.271927,333.349,64.194,0.861
42.283537,334.234,64.240,0.863
42.295147,333.728,64.214,0.868
42.306757,332.943,64.173,0.877
42.318367,331.874,64.118,0.885
42.329977,330.558,64.049,0.882
42.341587,328.465,63.939,0.881
42.353197,327.271,63.876,0.884
42.364807,326.997,63.861,0.891
42.376417,327.683,63.898,0.892
42.388027,328.632,63.948,0.890
42.399637,330.016,64.020,0.887
42.411247,331.424,64.094,0.884
42.422857,332.042,64.126,0.879
42.434467,331.837,64.116,0.873
42.446077,331.265,64.086,0.871
42.457687,330.727,64.058,0.865
42.469297,329.878,64.013,0.862
42.480907,328.844,63.959,0.863
42.492517,327.304,63.878,0.861
42.504127,326.275,63.823,0.847
42.515737,325.415,63.777,0.831
42.527347,324.681,63.738,0.814
42.538957,324.180,63.712,0.814
42.550567,324.922,63.751,0.829
42.562177,327.354,63.880,0.843
42.573787,329.055,63.970,0.841
42.585397,330.338,64.037,0.839
42.597007,330.354,64.038,0.850
42.608617,330.231,64.032,0.861
42.620227,330.122,64.026,0.871
42.631837,330.246,64.032,0.869
42.643447,330.170,64.028,0.859
42.655057,329.874,64.013,0.849
42.666667,329.767,64.007,0.847
42.678277,329.368,63.986,0.847
42.689887,329.115,63.973,0.841
42.701497,329.057,63.970,0.823
42.713107,329.096,63.972,0.800
42.724717,329.176,63.976,0.773
42.736327,329.072,63.971,0.740
42.747937,328.519,63.942,0.694
42.759546,327.572,63.892,0.642
42.771156,328.387,63.935,0.552
42.782766,330.167,64.028,0.463
42.794376,330.300,64.035,0.458
42.805986,332.323,64.141,0.580
42.817596,330.481,64.045,0.629
42.829206,329.522,63.994,0.682
42.840816,325.967,63.807,0.741
42.852426,329.144,63.975,0.776
42.864036,335.528,64.307,0.804
42.875646,337.830,64.426,0.828
42.887256,337.834,64.426,0.845
42.898866,337.173,64.392,0.852
42.910476,336.216,64.343,0.861
42.922086,334.913,64.275,0.866
42.933696,333.396,64.197,0.864
42.945306,330.138,64.027,0.867
42.956916,327.317,63.878,0.872
42.968526,326.279,63.823,0.880
42.980136,326.719,63.847,0.891
42.991746,327.729,63.900,0.903
43.003356,332.033,64.126,0.913
43.014966,333.056,64.179,0.917
43.026576,333.472,64.201,0.920
43.038186,333.141,64.184,0.920
43.049796,332.587,64.155,0.919
43.061406,331.876,64.118,0.916
43.073016,330.236,64.032,0.913
43.084626,329.313,63.983,0.906
43.096236,328.537,63.943,0.899
43.107846,327.979,63.913,0.890
43.119456,327.403,63.883,0.879
43.131066,327.820,63.905,0.883
43.142676,328.853,63.959,0.885
43.154286,330.143,64.027,0.884
43.165896,332.327,64.141,0.883
43.177506,333.518,64.203,0.882
43.189116,334.651,64.262,0.880
43.200726,334.026,64.229,0.884
43.212336,333.453,64.200,0.893
43.223946,332.602,64.156,0.890
43.235556,331.047,64.074,0.885
43.247166,330.100,64.025,0.881
43.258776,329.535,63.995,0.874
43.270385,329.410,63.989,0.871
43.281995,329.514,63.994,0.867
43.293605,329.919,64.015,0.862
43.305215,330.465,64.044,0.849
43.316825,331.196,64.082,0.838
43.328435,331.853,64.116,0.832
43.340045,332.364,64.143,0.835
43.351655,332.256,64.138,0.840
43.363265,331.315,64.088,0.847
43.374875,329.597,63.998,0.854
43.386485,327.757,63.901,0.868
43.398095,327.016,63.862,0.883
43.409705,326.536,63.837,0.900
43.421315,326.138,63.816,0.912
43.432925,325.803,63.798,0.921
43.444535,325.782,63.797,0.929
43.456145,326.586,63.840,0.936
43.467755,329.732,64.006,0.939
43.479365,332.425,64.146,0.938
43.490975,330.508,64.046,0.938
43.502585,329.701,64.004,0.930
43.514195,329.268,63.981,0.924
43.525805,329.877,64.013,0.916
43.537415,330.264,64.033,0.904
43.549025,329.890,64.014,0.890
43.560635,328.559,63.944,0.882
43.572245,327.536,63.890,0.876
43.583855,327.466,63.886,0.864
43.595465,370.000,66.000,0.857
43.607075,367.480,65.882,0.839
43.618685,366.783,65.849,0.817
43.630295,368.094,65.911,0.795
43.641905,370.092,66.005,0.765
43.653515,370.778,66.037,0.727
43.665125,370.284,66.014,0.671
43.676735,368.166,65.914,0.602
43.688345,328.250,63.928,0.494
43.699955,330.605,64.051,0.429
43.711565,331.200,64.082,0.436
43.723175,331.487,64.097,0.446
43.734785,320.140,63.494,0.555
43.746395,373.627,66.169,0.654
43.758005,351.934,65.134,0.776
43.769615,353.760,65.223,0.806
43.781224,353.503,65.211,0.842
43.792834,351.577,65.116,0.865
43.804444,349.643,65.021,0.877
43.816054,348.621,64.970,0.886
43.827664,346.092,64.844,0.896
43.839274,344.224,64.750,0.903
43.850884,333.149,64.184,0.891
43.862494,234.378,58.096,0.898
43.874104,915.645,81.687,0.892
43.885714,919.286,81.756,0.889
43.897324,908.910,81.560,0.898
43.908934,896.493,81.321,0.910
43.920544,883.742,81.073,0.910
43.932154,866.667,80.736,0.907
43.943764,283.466,61.388,0.905
43.955374,280.755,61.222,0.900
43.966984,279.763,61.160,0.902
43.978594,278.895,61.107,0.901
43.990204,278.003,61.051,0.893
44.001814,277.561,61.024,0.880
44.013424,277.635,61.028,0.869
44.025034,278.133,61.059,0.858
44.036644,278.431,61.078,0.846
44.048254,278.776,61.099,0.832
44.059864,278.953,61.110,0.816
44.071474,280.170,61.186,0.799
44.083084,281.955,61.296,0.785
44.094694,282.791,61.347,0.775
44.106304,282.853,61.351,0.763
44.117914,961.598,82.535,0.746
44.129524,953.485,82.388,0.723
44.141134,940.152,82.145,0.698
44.152744,924.656,81.857,0.661
44.164354,172.933,52.833,0.624
44.175964,448.440,69.329,0.572
44.187574,448.138,69.317,0.512
44.199184,442.712,69.106,0.481
44.210794,280.338,61.196,0.476
44.222404,280.726,61.220,0.481
44.234014,281.253,61.252,0.493
44.245624,281.187,61.248,0.509
44.257234,281.312,61.256,0.522
44.268844,280.573,61.210,0.538
44.280454,280.663,61.216,0.554
44.292063,280.432,61.202,0.571
44.303673,279.704,61.157,0.581
44.315283,280.148,61.184,0.592
44.326893,280.235,61.190,0.599
44.338503,279.987,61.174,0.605
44.350113,280.113,61.182,0.613
44.361723,280.272,61.192,0.614
44.373333,280.240,61.190,0.612
44.384943,280.371,61.198,0.606
44.396553,280.595,61.212,0.597
44.408163,279.923,61.170,0.606
44.419773,275.873,60.918,0.675
44.431383,449.791,69.381,0.714
44.442993,449.502,69.370,0.743
44.454603,142.322,49.460,0.763
44.466213,449.219,69.359,0.786
44.477823,449.034,69.352,0.802
44.489433,449.366,69.365,0.816
44.501043,157.549,51.220,0.818
44.512653,157.534,51.218,0.818
44.524263,323.744,63.688,0.844
44.535873,324.706,63.740,0.852
44.547483,324.671,63.738,0.856
44.559093,326.418,63.831,0.855
44.570703,326.090,63.813,0.845
44.582313,327.425,63.884,0.835
44.593923,327.248,63.875,0.829
44.605533,328.006,63.915,0.811
44.617143,328.991,63.967,0.748
44.628753,328.079,63.918,0.695
44.640363,275.779,60.912,0.699
44.651973,285.872,61.534,0.704
44.663583,407.317,67.664,0.735
44.675193,202.810,55.591,0.755
44.686803,285.835,61.532,0.781
44.698413,275.001,60.863,0.813
44.710023,275.006,60.863,0.821
44.721633,274.829,60.852,0.820
44.733243,271.817,60.662,0.798
44.744853,270.348,60.568,0.774
44.756463,272.203,60.686,0.748
44.768073,272.828,60.726,0.724
44.779683,272.437,60.701,0.679
44.791293,222.858,57.223,0.649
44.802902,287.026,61.604,0.649
44.814512,320.170,63.496,0.727
44.826122,321.037,63.543,0.770
44.837732,348.575,64.968,0.814
44.849342,345.009,64.790,0.845
44.860952,343.936,64.736,0.860
44.872562,341.747,64.625,0.878
44.884172,339.527,64.512,0.880
44.895782,337.694,64.419,0.891
44.907392,335.467,64.304,0.889
44.919002,332.734,64.162,0.888
44.930612,328.289,63.930,0.882
44.942222,325.761,63.796,0.866
44.953832,324.621,63.735,0.859
44.965442,323.222,63.660,0.851
44.977052,321.490,63.567,0.853
44.988662,319.012,63.433,0.854
45.000272,316.410,63.291,0.859
45.011882,285.180,61.492,0.862
45.023492,283.911,61.415,0.859
45.035102,283.478,61.389,0.873
45.046712,283.050,61.363,0.887
45.058322,282.698,61.341,0.896
45.069932,282.297,61.317,0.898
45.081542,281.060,61.241,0.894
45.093152,278.959,61.111,0.881
45.104762,277.716,61.033,0.866
45.116372,279.216,61.127,0.861
45.127982,281.997,61.298,0.859
45.139592,283.658,61.400,0.860
45.151202,320.596,63.519,0.853
45.162812,325.551,63.785,0.852
45.174422,328.501,63.941,0.850
45.186032,329.853,64.012,0.860
45.197642,329.890,64.014,0.879
45.209252,329.503,63.993,0.888
45.220862,328.794,63.956,0.886
45.232472,329.162,63.976,0.880
45.244082,328.190,63.924,0.879
45.255692,326.529,63.836,0.871
45.267302,324.971,63.754,0.859
45.278912,322.707,63.633,0.849
45.290522,319.763,63.474,0.840
45.302132,316.519,63.297,0.832
45.313741,138.745,49.019,0.832
45.325351,279.520,61.145,0.834
45.336961,278.931,61.109,0.841
45.348571,278.853,61.104,0.844
45.360181,278.802,61.101,0.846
45.371791,278.850,61.104,0.842
45.383401,278.879,61.106,0.827
45.395011,279.126,61.121,0.807
45.406621,279.307,61.132,0.783
45.418231,278.649,61.091,0.763
45.429841,275.911,60.920,0.727
45.441451,108.536,44.768,0.743
45.453061,333.919,64.224,0.765
45.464671,344.423,64.760,0.784
45.476281,343.994,64.739,0.804
45.487891,342.874,64.682,0.826
45.499501,335.714,64.317,0.843
45.511111,332.713,64.161,0.850
45.522721,329.455,63.991,0.858
45.534331,327.849,63.906,0.856
45.545941,325.732,63.794,0.858
45.557551,325.099,63.761,0.860
45.569161,325.157,63.764,0.864
45.580771,325.267,63.769,0.869
45.592381,326.872,63.855,0.874
45.603991,327.930,63.911,0.881
45.615601,328.024,63.916,0.886
45.627211,328.114,63.920,0.887
45.638821,327.884,63.908,0.892
45.650431,327.609,63.894,0.894
45.662041,327.424,63.884,0.893
45.673651,325.872,63.802,0.888
45.685261,322.950,63.646,0.882
45.696871,318.794,63.421,0.875
45.708481,316.768,63.311,0.875
45.720091,316.534,63.298,0.879
45.731701,315.027,63.216,0.880
45.743311,306.348,62.732,0.883
45.754921,286.086,61.547,0.883
45.766531,281.761,61.284,0.883
45.778141,280.648,61.215,0.881
45.789751,279.921,61.170,0.885
45.801361,278.971,61.111,0.886
45.812971,278.297,61.069,0.888
45.824580,277.842,61.041,0.892
45.836190,277.375,61.012,0.895
45.847800,276.201,60.939,0.900
45.859410,276.023,60.927,0.909
45.871020,276.655,60.967,0.917
45.882630,277.512,61.021,0.918
45.894240,280.407,61.200,0.914
45.905850,282.822,61.349,0.915
45.917460,140.309,49.213,0.910
45.929070,333.396,64.197,0.903
45.940680,332.983,64.175,0.895
45.952290,331.473,64.097,0.885
45.963900,330.431,64.042,0.879
45.975510,330.014,64.020,0.873
45.987120,330.545,64.048,0.875
45.998730,330.814,64.062,0.866
46.010340,330.386,64.040,0.863
46.021950,329.713,64.004,0.851
46.033560,330.266,64.034,0.835
46.045170,332.436,64.147,0.817
46.056780,334.308,64.244,0.791
46.068390,335.738,64.318,0.761
46.080000,336.987,64.382,0.713
46.091610,336.035,64.333,0.656
46.103220,331.313,64.088,0.546
46.114830,329.382,63.987,0.580
46.126440,141.148,49.316,0.658
46.138050,99.319,43.232,0.718
46.149660,314.164,63.168,0.747
46.161270,314.229,63.172,0.770
46.172880,314.229,63.172,0.790
46.184490,314.209,63.171,0.805
46.196100,314.402,63.181,0.813
46.207710,339.252,64.498,0.814
46.219320,298.015,62.255,0.830
46.230930,297.628,62.232,0.845
46.242540,297.112,62.202,0.857
46.254150,296.772,62.182,0.861
46.265760,296.959,62.193,0.869
46.277370,294.370,62.042,0.875
46.288980,291.811,61.890,0.879
46.300590,291.521,61.873,0.884
46.312200,289.264,61.739,0.880
46.323810,282.394,61.322,0.869
46.335420,278.893,61.107,0.865
46.347029,276.785,60.975,0.861
46.358639,281.544,61.270,0.858
46.370249,282.002,61.298,0.853
46.381859,282.572,61.333,0.853
46.393469,282.745,61.344,0.848
46.405079,282.957,61.357,0.836
46.416689,301.653,62.465,0.823
46.428299,301.700,62.467,0.802
46.439909,142.253,49.451,0.784
46.451519,849.190,80.383,0.753
46.463129,83.214,40.169,0.725
46.474739,83.204,40.167,0.683
46.486349,333.831,64.219,0.643
46.497959,333.101,64.181,0.617
46.509569,332.350,64.142,0.675
46.521179,345.557,64.817,0.780
46.532789,345.730,64.826,0.812
46.544399,344.860,64.782,0.837
46.556009,344.002,64.739,0.855
46.567619,342.026,64.639,0.876
46.579229,339.549,64.513,0.892
46.590839,337.860,64.427,0.903
46.602449,335.696,64.316,0.902
46.614059,330.470,64.044,0.887
46.625669,328.545,63.943,0.887
46.637279,327.560,63.891,0.889
46.648889,327.302,63.877,0.891
46.660499,327.425,63.884,0.885
46.672109,328.507,63.941,0.879
46.683719,330.216,64.031,0.879
46.695329,331.456,64.096,0.879
46.706939,332.396,64.145,0.874
46.718549,333.005,64.176,0.868
46.730159,332.846,64.168,0.864
46.741769,331.738,64.110,0.865
46.753379,331.071,64.076,0.870
46.764989,330.991,64.071,0.875
46.776599,331.360,64.091,0.875
46.788209,332.308,64.140,0.881
46.799819,333.248,64.189,0.892
46.811429,333.398,64.197,0.900
46.823039,333.126,64.183,0.902
46.834649,332.932,64.173,0.902
46.846259,332.552,64.153,0.904
46.857868,331.586,64.103,0.902
46.869478,329.321,63.984,0.898
46.881088,327.389,63.882,0.895
46.892698,326.524,63.836,0.893
46.904308,326.230,63.821,0.891
46.915918,327.091,63.866,0.891
46.927528,329.482,63.992,0.889
46.939138,331.155,64.080,0.887
46.950748,331.370,64.091,0.889
46.962358,331.097,64.077,0.892
46.973968,330.821,64.063,0.889
46.985578,328.732,63.953,0.887
46.997188,325.505,63.782,0.884
47.008798,321.628,63.575,0.886
47.020408,315.981,63.268,0.888
47.032018,876.871,80.938,0.889
47.043628,889.193,81.180,0.893
47.055238,897.873,81.348,0.896
47.066848,886.452,81.126,0.900
47.078458,871.781,80.838,0.901
47.090068,853.409,80.469,0.902
47.101678,277.961,61.049,0.898
47.113288,277.247,61.004,0.891
47.124898,276.884,60.981,0.884
47.136508,276.645,60.966,0.874
47.148118,276.300,60.945,0.867
47.159728,275.704,60.907,0.862
47.171338,275.407,60.889,0.843
47.182948,274.923,60.858,0.820
47.194558,274.166,60.811,0.796
47.206168,272.703,60.718,0.776
47.217778,270.284,60.564,0.754
47.229388,268.380,60.441,0.725
47.240998,266.031,60.289,0.683
47.252608,625.858,75.100,0.651
47.264218,312.543,63.079,0.705
47.275828,314.270,63.174,0.753
47.287438,328.162,63.923,0.790
47.299048,329.405,63.988,0.819
47.310658,330.032,64.021,0.840
47.322268,330.320,64.036,0.857
47.333878,330.060,64.023,0.872
47.345488,329.657,64.002,0.878
47.357098,330.083,64.024,0.875
47.368707,329.561,63.997,0.873
47.380317,328.540,63.943,0.866
47.391927,327.598,63.893,0.850
47.403537,326.676,63.844,0.845
47.415147,325.731,63.794,0.846
47.426757,314.576,63.191,0.845
47.438367,314.590,63.192,0.844
47.449977,313.629,63.139,0.846
47.461587,274.050,60.803,0.847
47.473197,274.926,60.858,0.849
47.484807,275.914,60.921,0.862
47.496417,276.436,60.953,0.864
47.508027,275.734,60.909,0.863
47.519637,275.122,60.871,0.870
47.531247,275.727,60.909,0.877
47.542857,279.107,61.120,0.881
47.554467,280.835,61.227,0.884
47.566077,283.327,61.380,0.886
47.577687,302.058,62.488,0.894
47.589297,311.936,63.045,0.896
47.600907,331.577,64.102,0.897
47.612517,333.479,64.201,0.894
47.624127,333.645,64.210,0.890
47.635737,333.288,64.191,0.887
47.647347,332.738,64.163,0.887
47.658957,332.421,64.146,0.887
47.670567,331.744,64.111,0.879
47.682177,330.115,64.026,0.874
47.693787,329.165,63.976,0.862
47.705397,328.332,63.932,0.847
47.717007,327.468,63.886,0.834
47.728617,326.583,63.839,0.824
47.740227,325.429,63.778,0.817
47.751837,323.555,63.678,0.805
47.763447,279.850,61.166,0.799
47.775057,281.009,61.237,0.807
47.786667,280.875,61.229,0.813
47.798277,280.798,61.224,0.821
47.809887,280.290,61.193,0.832
47.821497,279.660,61.154,0.842
47.833107,279.883,61.168,0.853
47.844717,280.603,61.212,0.862
47.856327,281.154,61.246,0.876
47.867937,280.906,61.231,0.883
47.879546,285.214,61.495,0.897
47.891156,312.174,63.058,0.906
47.902766,320.033,63.489,0.911
47.914376,323.902,63.697,0.912
47.925986,330.973,64.071,0.914
47.937596,330.492,64.045,0.917
47.949206,331.627,64.105,0.917
47.960816,331.271,64.086,0.911
47.972426,330.267,64.034,0.910
47.984036,324.968,63.754,0.909
47.995646,324.710,63.740,0.907
48.007256,324.562,63.732,0.904
48.018866,324.409,63.724,0.899
48.030476,325.534,63.784,0.896
48.042086,330.680,64.055,0.896
48.053696,333.534,64.204,0.900
48.065306,335.568,64.309,0.893
48.076916,336.367,64.350,0.884
48.088526,335.021,64.281,0.879
48.100136,334.678,64.263,0.879
48.111746,331.507,64.098,0.878
48.123356,329.273,63.981,0.873
48.134966,327.733,63.900,0.861
48.146576,326.398,63.830,0.846
48.158186,326.235,63.821,0.830
48.169796,326.584,63.839,0.823
48.181406,327.147,63.869,0.815
48.193016,328.580,63.945,0.813
48.204626,328.205,63.925,0.808
48.216236,282.234,61.313,0.812
48.227846,280.497,61.206,0.812
48.239456,281.650,61.277,0.818
48.251066,282.528,61.331,0.829
48.262676,283.005,61.360,0.825
48.274286,283.026,61.361,0.818
48.285896,281.925,61.294,0.796
48.297506,282.271,61.315,0.772
48.309116,283.552,61.393,0.736
48.320726,142.209,49.446,0.719
48.332336,954.110,82.400,0.760
48.343946,328.766,63.955,0.780
48.355556,330.797,64.061,0.809
48.367166,332.576,64.154,0.834
48.378776,333.983,64.227,0.857
48.390385,334.441,64.251,0.877
48.401995,334.179,64.237,0.892
48.413605,333.495,64.202,0.902
48.425215,333.162,64.185,0.897
48.436825,332.892,64.171,0.895
48.448435,331.734,64.110,0.889
48.460045,327.564,63.891,0.890
48.471655,323.357,63.668,0.886
48.483265,320.697,63.524,0.875
48.494875,320.010,63.487,0.869
48.506485,320.102,63.492,0.861
48.518095,320.955,63.538,0.856
48.529705,325.917,63.804,0.855
48.541315,329.046,63.969,0.852
48.552925,330.878,64.066,0.840
48.564535,331.305,64.088,0.840
48.576145,330.630,64.053,0.857
48.587755,329.018,63.968,0.864
48.599365,327.441,63.885,0.868
48.610975,327.109,63.867,0.871
48.622585,326.868,63.854,0.873
48.634195,327.535,63.890,0.882
48.645805,329.191,63.977,0.891
48.657415,330.661,64.054,0.896
48.669025,331.681,64.108,0.893
48.680635,332.543,64.152,0.887
48.692245,332.917,64.172,0.882
48.703855,332.919,64.172,0.874
48.715465,332.433,64.147,0.871
48.727075,331.759,64.112,0.867
48.738685,330.701,64.056,0.867
48.750295,329.403,63.988,0.865
48.761905,327.080,63.866,0.867
48.773515,321.833,63.586,0.875
48.785125,320.051,63.490,0.886
48.796735,320.454,63.511,0.892
48.808345,324.799,63.745,0.900
48.819955,358.477,65.453,0.907
48.831565,365.543,65.790,0.908
48.843175,367.726,65.894,0.911
48.854785,369.324,65.969,0.914
48.866395,369.808,65.991,0.912
48.878005,370.168,66.008,0.910
48.889615,370.608,66.029,0.913
48.901224,371.370,66.064,0.910
48.912834,371.721,66.081,0.906
48.924444,372.323,66.109,0.905
48.936054,373.130,66.146,0.899
48.947664,374.832,66.225,0.893
48.959274,377.472,66.346,0.887
48.970884,382.855,66.592,0.882
48.982494,392.563,67.025,0.876
48.994104,406.205,67.616,0.870
49.005714,409.032,67.737,0.868
49.017324,411.625,67.846,0.865
49.028934,413.607,67.929,0.867
49.040544,415.018,67.988,0.864
49.052154,415.664,68.015,0.864
49.063764,416.220,68.038,0.865
49.075374,416.607,68.054,0.866
49.086984,417.083,68.074,0.866
49.098594,417.720,68.100,0.862
49.110204,418.039,68.114,0.847
49.121814,418.217,68.121,0.825
49.133424,418.432,68.130,0.803
49.145034,418.675,68.140,0.780
49.156644,209.759,56.175,0.759
49.168254,140.013,49.177,0.773
49.179864,353.155,65.194,0.767
49.191474,678.118,76.488,0.749
49.203084,699.267,77.020,0.750
49.214694,704.815,77.157,0.763
49.226304,704.441,77.148,0.774
49.237914,644.025,75.595,0.782
49.249524,705.525,77.174,0.780
49.261134,205.570,55.825,0.743
49.272744,366.563,65.839,0.716
49.284354,366.984,65.859,0.698
49.295964,367.955,65.904,0.683
49.307574,82.939,40.111,0.664
49.319184,82.833,40.089,0.638
49.330794,82.659,40.053,0.615
49.342404,209.854,56.183,0.628
49.354014,212.948,56.436,0.697
49.365624,246.868,58.995,0.756
49.377234,255.765,59.608,0.802
49.388844,266.518,60.321,0.843
49.400454,284.420,61.446,0.867
49.412063,286.899,61.597,0.888
49.423673,329.918,64.015,0.906
49.435283,330.460,64.044,0.919
49.446893,330.740,64.058,0.918
49.458503,330.726,64.058,0.910
49.470113,330.605,64.051,0.902
49.481723,330.607,64.051,0.887
49.493333,330.209,64.031,0.877
49.504943,329.071,63.971,0.870
49.516553,328.225,63.926,0.870
49.528163,327.514,63.889,0.857
49.539773,327.088,63.866,0.844
49.551383,326.904,63.856,0.835
49.562993,326.266,63.823,0.836
49.574603,324.892,63.749,0.849
49.586213,324.307,63.718,0.861
49.597823,322.551,63.624,0.859
49.609433,287.077,61.607,0.844
49.621043,286.237,61.556,0.831
49.632653,286.232,61.556,0.830
49.644263,286.260,61.558,0.827
49.655873,286.686,61.584,0.811
49.667483,286.598,61.578,0.771
49.679093,83.446,40.217,0.711
49.690703,231.365,57.872,0.660
49.702313,340.034,64.538,0.669
49.713923,340.088,64.541,0.723
49.725533,339.938,64.533,0.775
49.737143,338.316,64.450,0.806
49.748753,338.010,64.435,0.825
49.760363,337.032,64.385,0.846
49.771973,335.994,64.331,0.866
49.783583,334.226,64.240,0.885
49.795193,332.847,64.168,0.894
49.806803,332.276,64.139,0.897
49.818413,331.308,64.088,0.897
49.830023,329.800,64.009,0.898
49.841633,328.670,63.950,0.899
49.853243,327.788,63.903,0.898
49.864853,327.224,63.873,0.897
49.876463,326.755,63.848,0.893
49.888073,326.085,63.813,0.886
49.899683,325.473,63.780,0.884
49.911293,324.884,63.749,0.880
49.922902,324.546,63.731,0.876
49.934512,310.787,62.981,0.874
49.946122,309.285,62.897,0.869
49.957732,309.009,62.882,0.862
49.969342,310.169,62.947,0.853
49.980952,123.265,46.971,0.851
49.992562,310.716,62.977,0.844
50.004172,310.890,62.987,0.831
50.015782,311.717,63.033,0.834
50.027392,314.061,63.162,0.844
50.039002,337.651,64.416,0.857
50.050612,334.617,64.260,0.866
50.062222,334.005,64.228,0.868
50.073832,332.368,64.143,0.869
50.085442,331.639,64.105,0.876
50.097052,331.041,64.074,0.884
50.108662,330.584,64.050,0.887
50.120272,330.528,64.047,0.881
50.131882,329.358,63.986,0.871
50.143492,328.164,63.923,0.860
50.155102,326.958,63.859,0.859
50.166712,326.277,63.823,0.861
50.178322,325.438,63.779,0.857
50.189932,323.738,63.688,0.851
50.201542,320.042,63.489,0.844
50.213152,296.363,62.158,0.852
50.224762,293.377,61.983,0.852
50.236372,292.561,61.935,0.843
50.247982,291.056,61.846,0.829
50.259592,284.239,61.435,0.808
50.271202,280.169,61.186,0.787
50.282812,132.089,48.168,0.764
50.294422,131.279,48.062,0.732
50.306032,326.100,63.814,0.658
50.317642,326.420,63.831,0.720
50.329252,331.051,64.075,0.768
50.340862,340.090,64.541,0.810
50.352472,341.712,64.623,0.844
50.364082,340.981,64.586,0.863
50.375692,338.910,64.481,0.882
50.387302,336.834,64.374,0.899
50.398912,335.162,64.288,0.908
50.410522,335.079,64.284,0.893
50.422132,333.254,64.189,0.883
50.433741,330.346,64.038,0.872
50.445351,329.099,63.972,0.865
50.456961,329.334,63.985,0.858
50.468571,330.149,64.027,0.846
50.480181,331.738,64.110,0.836
50.491791,332.779,64.165,0.838
50.503401,332.560,64.153,0.855
50.515011,332.114,64.130,0.872
50.526621,331.544,64.100,0.881
50.538231,330.640,64.053,0.878
50.549841,329.607,63.999,0.882
50.561451,329.432,63.990,0.888
50.573061,329.354,63.986,0.894
50.584671,329.315,63.984,0.887
50.596281,329.439,63.990,0.870
50.607891,329.930,64.016,0.847
50.619501,330.738,64.058,0.825
50.631111,331.705,64.109,0.814
50.642721,332.290,64.139,0.814
50.654331,95.205,42.499,0.812
50.665941,280.644,61.215,0.786
50.677551,279.966,61.173,0.783
50.689161,279.727,61.158,0.796
50.700771,279.738,61.159,0.811
50.712381,279.966,61.173,0.826
50.723991,280.348,61.197,0.838
50.735601,279.091,61.119,0.841
50.747211,280.462,61.204,0.845
50.758821,283.350,61.381,0.859
50.770431,285.701,61.524,0.867
50.782041,308.127,62.832,0.877
50.793651,322.497,63.621,0.894
50.805261,326.893,63.856,0.898
50.816871,329.540,63.995,0.899
50.828481,331.125,64.078,0.901
50.840091,331.069,64.076,0.900
50.851701,330.990,64.071,0.897
50.863311,331.279,64.087,0.891
50.874921,331.818,64.115,0.890
50.886531,331.550,64.101,0.875
50.898141,329.842,64.011,0.864
50.909751,328.428,63.937,0.853
50.921361,327.955,63.912,0.840
50.932971,328.152,63.922,0.833
50.944580,328.313,63.931,0.827
50.956190,328.597,63.946,0.827
50.967800,328.478,63.939,0.807
50.979410,328.486,63.940,0.788
50.991020,328.838,63.958,0.774
51.002630,329.284,63.982,0.757
51.014240,328.872,63.960,0.726
51.025850,328.457,63.938,0.689
51.037460,328.569,63.944,0.651
51.049070,329.492,63.993,0.598
51.060680,330.720,64.057,0.555
51.072290,331.582,64.102,0.540
51.083900,337.813,64.425,0.600
51.095510,326.855,63.854,0.689
51.107120,340.479,64.561,0.759
51.118730,345.782,64.828,0.802
51.130340,344.329,64.755,0.840
51.141950,342.736,64.675,0.859
51.153560,341.572,64.616,0.873
51.165170,339.816,64.527,0.893
51.176780,338.648,64.467,0.901
51.188390,336.895,64.378,0.906
51.200000,332.520,64.151,0.906
51.211610,329.855,64.012,0.907
51.223220,328.685,63.950,0.902
51.234830,328.665,63.949,0.902
51.246440,329.334,63.985,0.905
51.258050,330.538,64.048,0.904
51.269660,330.855,64.064,0.907
51.281270,330.886,64.066,0.905
51.292880,330.934,64.069,0.903
51.304490,331.188,64.082,0.892
51.316100,330.221,64.031,0.881
51.327710,328.389,63.935,0.872
51.339320,326.691,63.845,0.859
51.350930,325.232,63.768,0.846
51.362540,325.591,63.787,0.838
51.374150,327.446,63.885,0.828
51.385760,329.501,63.993,0.828
51.397370,333.266,64.190,0.838
51.408980,334.762,64.268,0.855
51.420590,335.140,64.287,0.872
51.432200,334.487,64.253,0.886
51.443810,333.640,64.209,0.896
51.455420,333.165,64.185,0.901
51.467029,331.436,64.095,0.905
51.478639,329.550,63.996,0.904
51.490249,327.843,63.906,0.915
51.501859,326.913,63.857,0.926
51.513469,326.838,63.853,0.938
51.525079,327.459,63.886,0.943
51.536689,328.240,63.927,0.938
51.548299,329.108,63.973,0.932
51.559909,330.445,64.043,0.929
51.571519,331.147,64.080,0.924
51.583129,331.388,64.092,0.907
51.594739,331.356,64.091,0.882
51.606349,330.850,64.064,0.853
51.617959,329.568,63.997,0.839
51.629569,328.481,63.940,0.844
51.641179,328.184,63.924,0.849
51.652789,328.293,63.930,0.853
51.664399,328.858,63.960,0.866
51.676009,329.528,63.995,0.873
51.687619,330.367,64.039,0.871
51.699229,331.014,64.073,0.860
51.710839,331.776,64.112,0.841
51.722449,332.501,64.150,0.820
51.734059,333.053,64.179,0.806
51.745669,332.831,64.167,0.815
51.757279,333.052,64.179,0.811
51.768889,332.599,64.155,0.817
51.780499,331.142,64.079,0.827
51.792109,330.931,64.068,0.842
51.803719,331.192,64.082,0.856
51.815329,330.902,64.067,0.866
51.826939,330.983,64.071,0.871
51.838549,330.156,64.028,0.863
51.850159,330.233,64.032,0.855
51.861769,331.249,64.085,0.843
51.873379,332.020,64.125,0.840
51.884989,133.627,48.368,0.844
51.896599,279.851,61.166,0.842
51.908209,281.451,61.265,0.840
51.919819,281.139,61.245,0.840
51.931429,281.029,61.239,0.836
51.943039,279.162,61.123,0.832
51.954649,279.355,61.135,0.831
51.966259,279.137,61.122,0.826
51.977868,278.766,61.099,0.810
51.989478,278.219,61.065,0.799
52.001088,277.282,61.006,0.788
52.012698,276.196,60.938,0.774
52.024308,274.910,60.857,0.765
52.035918,273.428,60.764,0.809
52.047528,250.865,59.273,0.827
52.059138,245.013,58.864,0.836
52.070748,244.861,58.854,0.845
52.082358,244.921,58.858,0.856
52.093968,244.779,58.848,0.861
52.105578,244.679,58.841,0.867
52.117188,244.661,58.839,0.869
52.128798,244.659,58.839,0.842
52.140408,244.710,58.843,0.823
52.152018,93.875,42.256,0.812
52.163628,83.541,40.237,0.804
52.175238,328.887,63.961,0.787
52.186848,329.225,63.979,0.800
52.198458,330.211,64.031,0.814
52.210068,329.482,63.992,0.827
52.221678,329.453,63.991,0.823
52.233288,330.009,64.020,0.819
52.244898,330.191,64.030,0.809
52.256508,330.108,64.025,0.793
52.268118,330.358,64.038,0.784
52.279728,329.209,63.978,0.750
52.291338,325.960,63.806,0.691
52.302948,327.349,63.880,0.662
52.314558,279.767,61.161,0.741
52.326168,280.492,61.205,0.789
52.337778,279.837,61.165,0.817
52.349388,279.528,61.146,0.829
52.360998,279.387,61.137,0.832
52.372608,279.353,61.135,0.833
52.384218,279.305,61.132,0.834
52.395828,279.013,61.114,0.822
52.407438,276.512,60.958,0.776
52.419048,251.860,59.341,0.710
52.430658,235.024,58.144,0.624
52.442268,94.513,42.373,0.549
52.453878,329.434,63.990,0.535
52.465488,132.268,48.191,0.678
52.477098,328.015,63.915,0.760
52.488707,333.013,64.177,0.799
52.500317,337.712,64.419,0.834
52.511927,335.660,64.314,0.856
52.523537,334.320,64.245,0.869
52.535147,333.072,64.180,0.880
52.546757,331.660,64.106,0.894
52.558367,330.993,64.072,0.892
52.569977,330.524,64.047,0.885
52.581587,329.556,63.996,0.877
52.593197,328.668,63.950,0.856
52.604807,327.557,63.891,0.837
52.616417,327.025,63.863,0.827
52.628027,326.841,63.853,0.822
52.639637,325.765,63.796,0.808
52.651247,323.435,63.672,0.795
52.662857,272.221,60.687,0.773
52.674467,272.287,60.691,0.768
52.686077,272.395,60.698,0.787
52.697687,272.699,60.718,0.820
52.709297,272.984,60.736,0.851
52.720907,272.782,60.723,0.868
52.732517,274.433,60.827,0.884
52.744127,278.866,61.105,0.900
52.755737,282.768,61.345,0.912
52.767347,287.301,61.621,0.919
52.778957,303.907,62.594,0.929
52.790567,327.095,63.866,0.930
52.802177,330.190,64.030,0.922
52.813787,331.022,64.073,0.920
52.825397,331.023,64.073,0.919
52.837007,330.927,64.068,0.914
52.848617,330.717,64.057,0.911
52.860227,330.419,64.042,0.914
52.871837,329.913,64.015,0.910
52.883447,329.561,63.997,0.909
52.895057,329.669,64.002,0.910
52.906667,330.004,64.020,0.908
52.918277,330.513,64.046,0.900
52.929887,330.571,64.049,0.891
52.941497,330.871,64.065,0.876
52.953107,331.410,64.093,0.852
52.964717,331.965,64.122,0.823
52.976327,332.380,64.144,0.791
52.987937,332.221,64.136,0.752
52.999546,330.764,64.060,0.704
53.011156,329.385,63.987,0.637
53.022766,332.245,64.137,0.568
53.034376,332.640,64.158,0.569
53.045986,332.626,64.157,0.578
53.057596,331.618,64.104,0.666
53.069206,333.736,64.214,0.712
53.080816,333.625,64.209,0.759
53.092426,288.641,61.701,0.790
53.104036,283.807,61.409,0.818
53.115646,282.937,61.356,0.837
53.127256,282.792,61.347,0.844
53.138866,283.489,61.389,0.850
53.150476,283.434,61.386,0.845
53.162086,279.061,61.117,0.840
53.173696,278.077,61.056,0.826
53.185306,276.783,60.975,0.813
53.196916,275.586,60.900,0.798
53.208526,275.325,60.884,0.790
53.220136,274.981,60.862,0.796
53.231746,274.976,60.862,0.807
53.243356,275.901,60.920,0.819
53.254966,304.719,62.640,0.838
53.266576,329.717,64.005,0.851
53.278186,331.624,64.105,0.869
53.289796,334.221,64.240,0.885
53.301406,334.956,64.278,0.895
53.313016,334.082,64.232,0.898
53.324626,332.527,64.152,0.898
53.336236,332.717,64.162,0.893
53.347846,333.141,64.184,0.885
53.359456,331.932,64.121,0.881
53.371066,329.788,64.008,0.873
53.382676,328.076,63.918,0.862
53.394286,327.855,63.907,0.853
53.405896,329.451,63.991,0.853
53.417506,331.317,64.089,0.855
53.429116,332.468,64.149,0.856
53.440726,333.290,64.191,0.845
53.452336,334.218,64.239,0.829
53.463946,334.923,64.276,0.808
53.475556,335.420,64.302,0.781
53.487166,335.410,64.301,0.752
53.498776,335.362,64.299,0.715
53.510385,333.825,64.219,0.664
53.521995,331.983,64.123,0.583
53.533605,331.625,64.105,0.561
53.545215,331.965,64.122,0.574
53.556825,330.608,64.051,0.685
53.568435,325.732,63.794,0.783
53.580045,333.864,64.221,0.841
53.591655,337.688,64.418,0.862
53.603265,338.291,64.449,0.876
53.614875,337.780,64.423,0.887
53.626485,336.394,64.352,0.901
53.638095,333.555,64.205,0.914
53.649705,332.105,64.130,0.913
53.661315,331.454,64.096,0.900
53.672925,328.120,63.921,0.880
53.684535,325.738,63.794,0.877
53.696145,324.901,63.750,0.878
53.707755,325.056,63.758,0.885
53.719365,326.422,63.831,0.889
53.730975,329.178,63.976,0.889
53.742585,332.000,64.124,0.892
53.754195,332.682,64.160,0.898
53.765805,333.026,64.178,0.906
53.777415,333.053,64.179,0.913
53.789025,332.296,64.140,0.918
53.800635,331.358,64.091,0.919
53.812245,330.079,64.024,0.915
53.823855,329.176,63.976,0.914
53.835465,328.805,63.957,0.909
53.847075,328.569,63.944,0.903
53.858685,328.611,63.947,0.897
53.870295,328.597,63.946,0.888
53.881905,329.151,63.975,0.888
53.893515,329.829,64.011,0.891
53.905125,330.194,64.030,0.888
53.916735,330.420,64.042,0.888
53.928345,330.462,64.044,0.892
53.939955,330.290,64.035,0.897
53.951565,330.141,64.027,0.900
53.963175,329.923,64.016,0.899
53.974785,329.664,64.002,0.890
53.986395,329.424,63.989,0.875
53.998005,329.364,63.986,0.866
54.009615,329.337,63.985,0.855
54.021224,329.318,63.984,0.839
54.032834,329.439,63.990,0.820
54.044444,329.649,64.001,0.804
54.056054,329.705,64.004,0.793
54.067664,329.790,64.009,0.787
54.079274,329.944,64.017,0.794
54.090884,330.290,64.035,0.810
54.102494,330.526,64.047,0.825
54.114104,330.450,64.043,0.832
54.125714,330.513,64.046,0.824
54.137324,330.686,64.055,0.814
54.148934,331.074,64.076,0.799
54.160544,331.627,64.105,0.788
54.172154,330.757,64.059,0.792
54.183764,332.511,64.151,0.814
54.195374,164.860,52.005,0.814
54.206984,714.266,77.387,0.816
54.218594,164.926,52.012,0.829
54.230204,164.886,52.008,0.839
54.241814,711.032,77.309,0.851
54.253424,164.905,52.010,0.859
54.265034,164.803,51.999,0.854
54.276644,84.813,40.498,0.832
54.288254,97.155,42.850,0.824
54.299864,334.003,64.228,0.820
54.311474,334.064,64.231,0.822
54.323084,280.945,61.233,0.834
54.334694,281.977,61.297,0.840
54.346304,282.549,61.332,0.850
54.357914,282.973,61.358,0.857
54.369524,282.085,61.304,0.874
54.381134,282.162,61.308,0.882
54.392744,281.270,61.253,0.885
54.404354,280.966,61.235,0.891
54.415964,278.696,61.094,0.890
54.427574,275.983,60.925,0.886
54.439184,273.168,60.747,0.884
54.450794,270.904,60.603,0.884
54.462404,267.759,60.401,0.874
54.474014,262.473,60.056,0.872
54.485624,258.596,59.798,0.878
54.497234,252.622,59.394,0.875
54.508844,250.686,59.261,0.876
54.520454,249.198,59.157,0.882
54.532063,248.765,59.127,0.887
54.543673,248.420,59.103,0.891
54.555283,248.182,59.087,0.891
54.566893,247.893,59.067,0.892
54.578503,247.684,59.052,0.892
54.590113,247.511,59.040,0.891
54.601723,247.398,59.032,0.888
54.613333,247.264,59.023,0.882
54.624943,247.231,59.020,0.875
54.636553,247.307,59.026,0.867
54.648163,247.450,59.036,0.863
54.659773,247.460,59.036,0.860
54.671383,247.437,59.035,0.856
54.682993,247.493,59.039,0.853
54.694603,247.548,59.042,0.851
54.706213,247.595,59.046,0.854
54.717823,247.636,59.049,0.857
54.729433,247.628,59.048,0.863
54.741043,247.746,59.056,0.869
54.752653,247.920,59.068,0.872
54.764263,247.940,59.070,0.876
54.775873,247.973,59.072,0.878
54.787483,247.841,59.063,0.877
54.799093,247.705,59.053,0.875
54.810703,247.634,59.048,0.872
54.822313,247.561,59.043,0.865
54.833923,247.407,59.033,0.857
54.845533,82.381,39.995,0.848
54.857143,82.346,39.987,0.837
54.868753,82.349,39.988,0.827
54.880363,82.358,39.990,0.818
54.891973,244.522,58.830,0.809
54.903583,242.312,58.672,0.812
54.915193,237.108,58.296,0.821
54.926803,240.477,58.541,0.834
54.938413,245.241,58.880,0.845
54.950023,247.799,59.060,0.853
54.961633,248.855,59.134,0.859
54.973243,249.363,59.169,0.868
54.984853,249.410,59.172,0.878
54.996463,249.258,59.162,0.883
55.008073,249.336,59.167,0.885
55.019683,249.332,59.167,0.885
55.031293,248.778,59.128,0.882
55.042902,248.136,59.084,0.872
55.054512,247.538,59.042,0.871
55.066122,246.698,58.983,0.884
55.077732,244.278,58.812,0.894
55.089342,243.086,58.728,0.898
55.100952,244.386,58.820,0.900
55.112562,245.250,58.881,0.901
55.124172,245.431,58.894,0.903
55.135782,245.580,58.904,0.912
55.147392,245.996,58.934,0.915
55.159002,246.580,58.975,0.906
55.170612,247.041,59.007,0.899
55.182222,247.364,59.030,0.893
55.193832,247.611,59.047,0.887
55.205442,248.217,59.089,0.887
55.217052,249.135,59.153,0.882
55.228662,250.660,59.259,0.877
55.240272,274.600,60.838,0.875
55.251882,275.899,60.920,0.875
55.263492,276.099,60.932,0.871
55.275102,276.630,60.965,0.874
55.286712,276.673,60.968,0.876
55.298322,277.120,60.996,0.871
55.309932,277.285,61.006,0.872
55.321542,277.109,60.995,0.875
55.333152,277.014,60.989,0.878
55.344762,277.226,61.003,0.874
55.356372,277.080,60.994,0.869
55.367982,277.372,61.012,0.854
55.379592,278.286,61.069,0.852
55.391202,277.034,60.991,0.848
55.402812,277.407,61.014,0.844
55.414422,276.175,60.937,0.837
55.426032,276.055,60.929,0.827
55.437642,275.341,60.885,0.821
55.449252,82.576,40.035,0.819
55.460862,81.727,39.857,0.820
55.472472,81.713,39.854,0.812
55.484082,81.691,39.849,0.806
55.495692,81.686,39.848,0.801
55.507302,81.692,39.849,0.794
55.518912,81.710,39.853,0.785
55.530522,306.589,62.746,0.804
55.542132,328.375,63.934,0.826
55.553741,329.804,64.009,0.840
55.565351,333.797,64.218,0.847
55.576961,333.457,64.200,0.858
55.588571,331.200,64.082,0.865
55.600181,330.345,64.038,0.872
55.611791,329.686,64.003,0.880
55.623401,329.562,63.997,0.873
55.635011,328.374,63.934,0.863
55.646621,327.195,63.872,0.860
55.658231,326.638,63.842,0.856
55.669841,325.682,63.792,0.845
55.681451,325.550,63.785,0.838
55.693061,327.219,63.873,0.834
55.704671,329.943,64.017,0.840
55.716281,331.324,64.089,0.844
55.727891,331.707,64.109,0.847
55.739501,331.391,64.092,0.846
55.751111,330.227,64.031,0.850
55.762721,328.710,63.952,0.861
55.774331,327.750,63.901,0.869
55.785941,326.636,63.842,0.876
55.797551,325.953,63.806,0.875
55.809161,325.181,63.765,0.872
55.820771,325.157,63.764,0.865
55.832381,326.635,63.842,0.859
55.843991,331.235,64.084,0.860
55.855601,333.404,64.197,0.855
55.867211,334.014,64.229,0.851
55.878821,333.687,64.212,0.847
55.890431,333.057,64.179,0.845
55.902041,332.271,64.138,0.850
55.913651,331.285,64.087,0.863
55.925261,331.293,64.087,0.872
55.936871,331.818,64.115,0.876
55.948481,333.859,64.221,0.884
55.960091,337.124,64.389,0.893
55.971701,345.025,64.790,0.900
55.983311,352.267,65.150,0.906
55.994921,361.376,65.592,0.911
56.006531,366.579,65.839,0.915
56.018141,368.228,65.917,0.917
56.029751,369.428,65.973,0.916
56.041361,370.285,66.014,0.918
56.052971,370.597,66.028,0.915
56.064580,370.571,66.027,0.914
56.076190,370.578,66.027,0.921
56.087800,370.483,66.023,0.923
56.099410,369.953,65.998,0.922
56.111020,369.432,65.974,0.924
56.122630,369.108,65.958,0.917
56.134240,369.045,65.956,0.901
56.145850,368.649,65.937,0.896
56.157460,367.376,65.877,0.893
56.169070,364.301,65.732,0.880
56.180680,725.429,77.656,0.869
56.192290,335.753,64.319,0.856
56.203900,331.444,64.095,0.842
56.215510,330.936,64.069,0.843
56.227120,330.926,64.068,0.850
56.238730,330.312,64.036,0.846
56.250340,329.958,64.017,0.839
56.261950,330.521,64.047,0.840
56.273560,331.955,64.122,0.838
56.285170,332.948,64.174,0.836
56.296780,333.224,64.188,0.829
56.308390,333.448,64.200,0.817
56.320000,333.651,64.210,0.806
56.331610,334.088,64.233,0.793
56.343220,334.839,64.272,0.769
56.354830,111.706,45.266,0.731
56.366440,111.494,45.234,0.712
56.378050,361.670,65.606,0.726
56.389660,365.379,65.783,0.755
56.401270,364.278,65.730,0.785
56.412880,386.599,66.760,0.801
56.424490,386.423,66.752,0.811
56.436100,386.490,66.755,0.821
56.447710,386.445,66.753,0.827
56.459320,386.794,66.769,0.832
56.470930,410.646,67.805,0.834
56.482540,441.609,69.063,0.833
56.494150,445.006,69.196,0.834
56.505760,444.390,69.172,0.838
56.517370,444.877,69.191,0.847
56.528980,444.351,69.170,0.858
56.540590,444.068,69.159,0.867
56.552200,444.254,69.167,0.866
56.563810,445.043,69.197,0.859
56.575420,445.602,69.219,0.854
56.587029,445.784,69.226,0.850
56.598639,446.649,69.260,0.848
56.610249,451.066,69.430,0.845
56.621859,463.392,69.897,0.844
56.633469,487.916,70.790,0.848
56.645079,489.115,70.832,0.855
56.656689,490.506,70.881,0.863
56.668299,164.097,51.925,0.866
56.679909,164.309,51.947,0.868
56.691519,164.455,51.962,0.868
56.703129,82.297,39.977,0.868
56.714739,82.294,39.976,0.864
56.726349,164.267,51.942,0.859
56.737959,244.643,58.838,0.854
56.749569,243.926,58.787,0.843
56.761179,485.994,70.721,0.839
56.772789,483.169,70.620,0.835
56.784399,479.153,70.476,0.832
56.796009,475.602,70.347,0.830
56.807619,437.671,68.908,0.826
56.819229,432.050,68.684,0.821
56.830839,426.258,68.451,0.816
56.842449,423.521,68.339,0.820
56.854059,421.305,68.248,0.817
56.865669,418.701,68.141,0.813
56.877279,417.994,68.112,0.815
56.888889,417.053,68.073,0.806
56.900499,416.478,68.049,0.802
56.912109,416.038,68.031,0.804
56.923719,415.667,68.015,0.795
56.935329,415.390,68.004,0.783
56.946939,415.550,68.010,0.778
56.958549,415.986,68.028,0.783
56.970159,416.043,68.031,0.779
56.981769,416.037,68.030,0.781
56.993379,416.093,68.033,0.782
57.004989,416.381,68.045,0.783
57.016599,416.552,68.052,0.791
57.028209,416.449,68.048,0.803
57.039819,416.016,68.030,0.811
57.051429,415.737,68.018,0.810
57.063039,415.443,68.006,0.810
57.074649,415.511,68.009,0.815
57.086259,415.513,68.009,0.816
57.097868,415.349,68.002,0.812
57.109478,415.291,67.999,0.808
57.121088,415.164,67.994,0.801
57.132698,415.260,67.998,0.792
57.144308,415.484,68.007,0.787
57.155918,415.763,68.019,0.780
57.167528,415.235,67.997,0.767
57.179138,414.219,67.955,0.768
57.190748,207.852,56.017,0.773
57.202358,416.589,68.053,0.784
57.213968,140.362,49.220,0.791
57.225578,140.437,49.229,0.798
57.237188,140.421,49.227,0.802
57.248798,140.423,49.227,0.807
57.260408,99.327,43.233,0.814
57.272018,99.331,43.234,0.816
57.283628,82.580,40.036,0.816
57.295238,82.567,40.034,0.814
57.306848,84.134,40.359,0.809
57.318458,84.151,40.363,0.805
57.330068,99.330,43.234,0.803
57.341678,99.347,43.237,0.802
57.353288,99.345,43.236,0.794
57.364898,83.244,40.175,0.782
57.376508,83.235,40.173,0.780
57.388118,400.046,67.352,0.790
57.399728,400.716,67.381,0.799
57.411338,398.965,67.305,0.807
57.422948,394.939,67.130,0.813
57.434558,392.416,67.019,0.814
57.446168,389.394,66.885,0.815
57.457778,387.879,66.817,0.819
57.469388,386.431,66.752,0.816
57.480998,383.896,66.639,0.801
57.492608,382.984,66.597,0.789
57.504218,382.995,66.598,0.782
57.515828,385.670,66.718,0.776
57.527438,392.313,67.014,0.773
57.539048,397.791,67.254,0.776
57.550658,404.629,67.549,0.781
57.562268,409.367,67.751,0.787
57.573878,413.016,67.904,0.795
57.585488,414.234,67.955,0.799
57.597098,415.015,67.988,0.803
57.608707,415.169,67.994,0.808
57.620317,415.103,67.992,0.813
57.631927,414.714,67.975,0.817
57.643537,413.944,67.943,0.822
57.655147,413.022,67.905,0.824
57.666757,410.394,67.794,0.828
57.678367,408.141,67.699,0.827
57.689977,405.068,67.568,0.827
57.701587,396.540,67.200,0.827
57.713197,392.049,67.002,0.826
57.724807,387.034,66.779,0.822
57.736417,382.109,66.558,0.815
57.748027,376.601,66.306,0.810
57.759637,373.595,66.168,0.800
57.771247,372.032,66.095,0.801
57.782857,370.889,66.042,0.795
57.794467,370.682,66.032,0.786
57.806077,370.812,66.038,0.779
57.817687,371.002,66.047,0.776
57.829297,371.083,66.051,0.769
57.840907,371.198,66.056,0.763
57.852517,371.105,66.052,0.757
57.864127,371.211,66.057,0.747
57.875737,371.330,66.062,0.739
57.887347,371.363,66.064,0.734
57.898957,371.631,66.076,0.727
57.910567,372.010,66.094,0.718
57.922177,371.992,66.093,0.715
57.933787,371.652,66.077,0.706
57.945397,371.652,66.077,0.690
57.957007,371.924,66.090,0.668
57.968617,372.867,66.134,0.680
57.980227,370.007,66.001,0.688
57.991837,370.569,66.027,0.721
58.003447,370.597,66.028,0.740
58.015057,371.080,66.051,0.772
58.026667,371.195,66.056,0.800
58.038277,370.991,66.047,0.824
58.049887,370.716,66.034,0.839
58.061497,370.569,66.027,0.843
58.073107,370.475,66.022,0.846
58.084717,370.065,66.003,0.841
58.096327,369.979,65.999,0.836
58.107937,369.603,65.982,0.823
58.119546,369.277,65.966,0.806
58.131156,369.237,65.965,0.791
58.142766,369.310,65.968,0.783
58.154376,369.381,65.971,0.782
58.165986,369.549,65.979,0.782
58.177596,369.673,65.985,0.786
58.189206,369.696,65.986,0.794
58.200816,369.716,65.987,0.801
58.212426,369.781,65.990,0.806
58.224036,369.933,65.997,0.812
58.235646,370.084,66.004,0.814
58.247256,370.238,66.011,0.815
58.258866,370.306,66.015,0.807
58.270476,370.273,66.013,0.796
58.282086,370.389,66.018,0.781
58.293696,371.264,66.059,0.775
58.305306,371.726,66.081,0.774
58.316916,371.889,66.088,0.767
58.328526,371.533,66.072,0.758
58.340136,371.314,66.062,0.746
58.351746,371.006,66.047,0.748
58.363356,370.476,66.022,0.750
58.374966,369.875,65.994,0.752
58.386576,369.135,65.960,0.743
58.398186,368.441,65.927,0.727
58.409796,367.928,65.903,0.704
58.421406,367.755,65.895,0.686
58.433016,367.674,65.891,0.666
58.444626,367.147,65.866,0.642
58.456236,366.658,65.843,0.616
58.467846,366.611,65.841,0.580
58.479456,368.373,65.924,0.532
58.491066,370.930,66.044,0.491
58.502676,371.390,66.065,0.478
58.514286,371.534,66.072,0.467
58.525896,371.084,66.051,0.452
58.537506,371.229,66.058,0.447
58.549116,370.680,66.032,0.522
58.560726,369.076,65.957,0.538
58.572336,369.249,65.965,0.543
58.583946,369.193,65.962,0.540
58.595556,368.740,65.941,0.578
58.607166,370.664,66.031,0.666
58.618776,374.284,66.200,0.725
58.630385,375.730,66.266,0.763
58.641995,376.510,66.302,0.784
58.653605,376.037,66.280,0.806
58.665215,375.004,66.233,0.819
58.676825,372.936,66.137,0.830
58.688435,371.406,66.066,0.835
58.700045,369.723,65.987,0.824
58.711655,366.726,65.846,0.806
58.723265,365.647,65.795,0.786
58.734875,365.254,65.777,0.765
58.746485,365.308,65.779,0.742
58.758095,369.743,65.988,0.736
58.769705,373.699,66.172,0.734
58.781315,375.203,66.242,0.738
58.792925,375.602,66.260,0.750
58.804535,375.469,66.254,0.766
58.816145,374.829,66.225,0.778
58.827755,373.918,66.183,0.785
58.839365,372.289,66.107,0.789
58.850975,370.025,66.001,0.785
58.862585,368.759,65.942,0.780
58.874195,367.692,65.892,0.771
58.885805,367.416,65.879,0.764
58.897415,367.691,65.892,0.755
58.909025,368.952,65.951,0.754
58.920635,371.599,66.075,0.760
58.932245,374.124,66.192,0.772
58.943855,374.229,66.197,0.784
58.955465,374.241,66.198,0.795
58.967075,373.792,66.177,0.801
58.978685,372.165,66.101,0.804
58.990295,370.274,66.013,0.802
59.001905,368.092,65.911,0.797
59.013515,367.453,65.881,0.789
59.025125,367.208,65.869,0.780
59.036735,367.508,65.883,0.771
59.048345,368.508,65.930,0.769
59.059955,369.949,65.998,0.775
59.071565,371.419,66.067,0.783
59.083175,371.943,66.091,0.794
59.094785,372.178,66.102,0.805
59.106395,372.062,66.096,0.810
59.118005,371.761,66.082,0.811
59.129615,371.349,66.063,0.813
59.141224,370.807,66.038,0.811
59.152834,370.476,66.023,0.805
59.164444,370.297,66.014,0.798
59.176054,369.448,65.974,0.794
59.187664,368.736,65.941,0.788
59.199274,367.321,65.874,0.792
59.210884,365.191,65.774,0.800
59.222494,360.784,65.564,0.809
59.234104,356.481,65.356,0.814
59.245714,352.778,65.175,0.813
59.257324,348.749,64.976,0.813
59.268934,344.338,64.756,0.810
59.280544,339.260,64.499,0.810
59.292154,333.881,64.222,0.806
59.303764,331.023,64.073,0.800
59.315374,329.696,64.004,0.794
59.326984,329.288,63.982,0.790
59.338594,329.226,63.979,0.795
59.350204,329.260,63.981,0.802
59.361814,329.106,63.973,0.806
59.373424,329.039,63.969,0.808
59.385034,328.805,63.957,0.805
59.396644,328.402,63.935,0.798
59.408254,328.012,63.915,0.783
59.419864,327.789,63.903,0.767
59.431474,327.329,63.879,0.744
59.443084,326.354,63.827,0.709
59.454694,325.618,63.788,0.672
59.466304,324.859,63.748,0.619
59.477914,328.791,63.956,0.560
59.489524,364.276,65.730,0.488
59.501134,366.358,65.829,0.464
59.512744,370.276,66.013,0.465
59.524354,370.844,66.040,0.464
59.535964,369.951,65.998,0.488
59.547574,368.237,65.918,0.504
59.559184,367.243,65.871,0.522
59.570794,367.037,65.861,0.544
59.582404,364.100,65.722,0.568
59.594014,363.115,65.675,0.581
59.605624,363.323,65.685,0.593
59.617234,362.523,65.647,0.601
59.628844,362.486,65.645,0.602
59.640454,361.927,65.618,0.604
59.652063,361.656,65.605,0.601
59.663673,795.487,79.252,0.598
59.675283,837.995,80.153,0.588
59.686893,837.587,80.145,0.573
59.698503,795.138,79.244,0.554
59.710113,791.061,79.155,0.543
59.721723,355.144,65.291,0.533
59.733333,364.858,65.758,0.523
59.744943,364.511,65.742,0.513
59.756553,363.665,65.701,0.497
59.768163,359.982,65.525,0.483
59.779773,360.354,65.543,0.480
59.791383,362.040,65.624,0.563
59.802993,367.467,65.881,0.726
59.814603,371.128,66.053,0.767
59.826213,247.952,59.071,0.798
59.837823,248.230,59.090,0.820
59.849433,247.726,59.055,0.839
59.861043,246.493,58.969,0.854
59.872653,246.197,58.948,0.869
59.884263,245.793,58.919,0.876
59.895873,246.010,58.935,0.854
59.907483,245.810,58.921,0.840
59.919093,245.271,58.882,0.822
59.930703,244.890,58.856,0.804
59.942313,244.781,58.848,0.778
59.953923,245.601,58.906,0.750
59.965533,245.375,58.890,0.705
59.977143,244.983,58.862,0.649
59.988753,242.066,58.655,0.600
60.000363,242.500,58.686,0.561
60.011973,239.996,58.506,0.529
60.023583,123.834,47.051,0.506
60.035193,123.995,47.073,0.512
60.046803,123.861,47.055,0.518
60.058413,123.765,47.041,0.527
60.070023,123.606,47.019,0.534
60.081633,123.571,47.014,0.528
60.093243,244.491,58.827,0.655
60.104853,244.498,58.828,0.713
60.116463,244.318,58.815,0.758
60.128073,244.403,58.821,0.796
60.139683,244.617,58.836,0.823
60.151293,244.840,58.852,0.845
60.162902,244.920,58.858,0.862
60.174512,245.102,58.871,0.876
60.186122,246.130,58.943,0.875
60.197732,246.170,58.946,0.873
60.209342,246.070,58.939,0.868
60.220952,245.862,58.924,0.860
60.232562,245.873,58.925,0.857
60.244172,246.085,58.940,0.853
60.255782,246.254,58.952,0.847
60.267392,246.150,58.944,0.837
60.279002,246.214,58.949,0.828
60.290612,246.709,58.984,0.821
60.302222,247.300,59.025,0.816
60.313832,247.486,59.038,0.813
60.325442,247.620,59.048,0.805
60.337052,247.531,59.041,0.801
60.348662,247.348,59.028,0.802
60.360272,247.322,59.027,0.811
60.371882,247.576,59.044,0.821
60.383492,247.846,59.063,0.831
60.395102,248.078,59.080,0.844
60.406712,248.457,59.106,0.857
60.418322,248.731,59.125,0.867
60.429932,251.686,59.329,0.874
60.441542,253.739,59.470,0.878
60.453152,261.776,60.010,0.879
60.464762,275.122,60.871,0.883
60.476372,277.720,61.034,0.881
60.487982,278.568,61.086,0.879
60.499592,278.653,61.092,0.873
60.511202,278.735,61.097,0.866
60.522812,278.681,61.093,0.860
60.534422,278.683,61.093,0.865
60.546032,278.386,61.075,0.868
60.557642,277.856,61.042,0.875
60.569252,276.744,60.973,0.884
60.580862,276.167,60.936,0.889
60.592472,277.579,61.025,0.898
60.604082,279.025,61.115,0.901
60.615692,279.957,61.172,0.903
60.627302,280.171,61.186,0.901
60.638912,280.150,61.184,0.898
60.650522,279.886,61.168,0.892
60.662132,279.078,61.118,0.891
60.673741,278.064,61.055,0.889
60.685351,276.996,60.988,0.882
60.696961,276.266,60.943,0.878
60.708571,275.892,60.919,0.872
60.720181,275.912,60.920,0.862
60.731791,276.359,60.948,0.860
60.743401,280.320,61.195,0.856
60.755011,291.548,61.875,0.849
60.766621,330.266,64.034,0.846
60.778231,332.518,64.151,0.843
60.789841,332.898,64.171,0.844
60.801451,332.483,64.149,0.850
60.813061,331.547,64.101,0.860
60.824671,330.924,64.068,0.863
60.836281,330.071,64.023,0.862
60.847891,327.440,63.885,0.866
60.859501,326.193,63.819,0.869
60.871111,326.524,63.836,0.877
60.882721,327.034,63.863,0.879
60.894331,327.833,63.906,0.878
60.905941,329.052,63.970,0.876
60.917551,329.673,64.002,0.876
60.929161,329.777,64.008,0.880
60.940771,329.708,64.004,0.880
60.952381,329.406,63.988,0.878
60.963991,327.850,63.906,0.872
60.975601,326.816,63.852,0.873
60.987211,327.078,63.866,0.873
60.998821,327.670,63.897,0.874
61.010431,328.005,63.915,0.870
61.022041,328.836,63.958,0.865
61.033651,329.322,63.984,0.856
61.045261,329.876,64.013,0.859
61.056871,332.053,64.127,0.858
61.068481,332.967,64.174,0.851
61.080091,333.057,64.179,0.843
61.091701,319.760,63.474,0.828
61.103311,316.752,63.310,0.813
61.114921,282.675,61.340,0.795
61.126531,282.564,61.333,0.778
61.138141,281.057,61.240,0.733
61.149751,316.606,63.302,0.693
61.161361,318.989,63.432,0.659
61.172971,320.504,63.514,0.627
61.184580,319.145,63.441,0.628
61.196190,319.477,63.459,0.628
61.207800,280.155,61.185,0.630
61.219410,320.221,63.499,0.630
61.231020,327.167,63.870,0.629
61.242630,322.140,63.602,0.613
61.254240,95.404,42.535,0.596
61.265850,328.775,63.955,0.589
61.277460,328.874,63.960,0.577
61.289070,330.030,64.021,0.577
61.300680,95.549,42.562,0.590
61.312290,328.807,63.957,0.615
61.323900,329.382,63.987,0.663
61.335510,329.648,64.001,0.691
61.347120,329.319,63.984,0.724
61.358730,329.644,64.001,0.766
61.370340,330.340,64.037,0.798
61.381950,343.818,64.730,0.826
61.393560,344.499,64.764,0.844
61.405170,344.513,64.765,0.856
61.416780,343.378,64.708,0.860
61.428390,341.187,64.597,0.866
61.440000,340.680,64.571,0.865
61.451610,339.622,64.517,0.855
61.463220,336.548,64.360,0.862
61.474830,336.996,64.383,0.866
61.486440,339.274,64.499,0.868
61.498050,343.345,64.706,0.871
61.509660,709.205,77.264,0.887
61.521270,717.790,77.473,0.905
61.532880,722.508,77.586,0.919
61.544490,725.437,77.656,0.929
61.556100,369.911,65.996,0.930
61.567710,371.104,66.052,0.934
61.579320,371.348,66.063,0.938
61.590930,370.892,66.042,0.941
61.602540,370.244,66.012,0.936
61.614150,369.750,65.989,0.928
61.625760,369.573,65.980,0.921
61.637370,369.571,65.980,0.917
61.648980,369.686,65.986,0.909
61.660590,369.840,65.993,0.897
61.672200,369.992,66.000,0.890
61.683810,369.925,65.997,0.883
61.695420,369.862,65.994,0.876
61.707029,369.849,65.993,0.871
61.718639,369.825,65.992,0.869
61.730249,369.614,65.982,0.869
61.741859,369.406,65.972,0.872
61.753469,369.230,65.964,0.876
61.765079,368.922,65.950,0.878
61.776689,368.573,65.933,0.879
61.788299,368.348,65.923,0.880
61.799909,368.225,65.917,0.875
61.811519,368.238,65.918,0.876
61.823129,368.243,65.918,0.879
61.834739,368.771,65.943,0.876
61.846349,369.721,65.987,0.874
61.857959,370.604,66.028,0.877
61.869569,370.923,66.043,0.876
61.881179,370.666,66.031,0.877
61.892789,369.665,65.985,0.889
61.904399,368.411,65.926,0.895
61.916009,367.293,65.873,0.891
61.927619,365.988,65.812,0.895
61.939229,364.822,65.756,0.901
61.950839,364.059,65.720,0.899
61.962449,364.286,65.731,0.900
61.974059,365.233,65.776,0.901
61.985669,366.417,65.832,0.895
61.997279,367.911,65.902,0.892
62.008889,369.468,65.975,0.902
62.020499,371.047,66.049,0.905
62.032109,372.947,66.138,0.904
62.043719,373.218,66.150,0.909
62.055329,372.939,66.137,0.914
62.066939,372.278,66.107,0.917
62.078549,371.496,66.070,0.922
62.090159,370.168,66.008,0.925
62.101769,369.042,65.955,0.923
62.113379,368.502,65.930,0.919
62.124989,368.110,65.912,0.916
62.136599,368.219,65.917,0.914
62.148209,368.929,65.950,0.909
62.159819,370.291,66.014,0.905
62.171429,371.581,66.074,0.900
62.183039,372.512,66.117,0.894
62.194649,372.891,66.135,0.890
62.206259,372.966,66.138,0.894
62.217868,372.754,66.129,0.894
62.229478,372.211,66.103,0.888
62.241088,371.468,66.069,0.882
62.252698,370.296,66.014,0.876
62.264308,369.871,65.994,0.870
62.275918,371.093,66.051,0.870
62.287528,372.628,66.123,0.862
62.299138,378.232,66.381,0.856
62.310748,376.134,66.285,0.852
62.322358,375.142,66.239,0.859
62.333968,374.029,66.188,0.870
62.345578,373.831,66.179,0.872
62.357188,374.113,66.192,0.876
62.368798,374.879,66.227,0.877
62.380408,375.520,66.257,0.886
62.392018,375.918,66.275,0.893
62.403628,186.060,54.099,0.899
62.415238,402.889,67.475,0.896
62.426848,408.372,67.709,0.893
62.438458,411.965,67.860,0.897
62.450068,413.301,67.916,0.900
62.461678,414.496,67.966,0.900
62.473288,415.220,67.996,0.901
62.484898,415.932,68.026,0.898
62.496508,416.043,68.031,0.899
62.508118,415.957,68.027,0.900
62.519728,415.895,68.025,0.900
62.531338,415.729,68.018,0.898
62.542948,415.522,68.009,0.893
62.554558,415.194,67.995,0.885
62.566168,414.720,67.976,0.876
62.577778,414.605,67.971,0.862
62.589388,414.175,67.953,0.845
62.600998,413.906,67.942,0.829
62.612608,412.779,67.894,0.811
62.624218,409.663,67.763,0.787
62.635828,371.686,66.079,0.766
62.647438,366.942,65.857,0.743
62.659048,364.920,65.761,0.713
62.670658,366.692,65.845,0.688
62.682268,368.280,65.920,0.654
62.693878,366.184,65.821,0.624
62.705488,366.213,65.822,0.601
62.717098,368.113,65.912,0.604
62.728707,369.449,65.974,0.605
62.740317,368.981,65.953,0.609
62.751927,368.104,65.911,0.613
62.763537,367.118,65.865,0.613
62.775147,367.281,65.873,0.612
62.786757,366.682,65.844,0.618
62.798367,186.320,54.123,0.636
62.809977,186.221,54.114,0.664
62.821587,182.118,53.728,0.703
62.833197,180.589,53.582,0.747
62.844807,182.079,53.725,0.795
62.856417,183.967,53.903,0.826
62.868027,187.181,54.203,0.848
62.879637,186.928,54.180,0.865
62.891247,187.268,54.211,0.877
62.902857,187.070,54.193,0.884
62.914467,242.516,58.687,0.888
62.926077,245.166,58.875,0.888
62.937687,246.847,58.993,0.881
62.949297,246.803,58.990,0.875
62.960907,246.939,59.000,0.868
62.972517,247.474,59.037,0.861
62.984127,247.014,59.005,0.854
62.995737,243.581,58.763,0.850
63.007347,243.001,58.721,0.845
63.018957,242.812,58.708,0.841
63.030567,242.709,58.701,0.836
63.042177,242.784,58.706,0.835
63.053787,243.304,58.743,0.836
63.065397,243.937,58.788,0.839
63.077007,244.728,58.844,0.845
63.088617,245.099,58.870,0.848
63.100227,245.315,58.886,0.851
63.111837,245.443,58.895,0.851
63.123447,245.586,58.905,0.849
63.135057,245.689,58.912,0.845
63.146667,245.632,58.908,0.842
63.158277,245.938,58.929,0.840
63.169887,246.343,58.958,0.833
63.181497,247.437,59.035,0.827
63.193107,247.387,59.031,0.824
63.204717,247.411,59.033,0.825
63.216327,246.803,58.990,0.831
63.227937,246.038,58.937,0.837
63.239546,245.835,58.922,0.845
63.251156,245.698,58.913,0.849
63.262766,245.596,58.905,0.853
63.274376,245.367,58.889,0.854
63.285986,245.284,58.883,0.854
63.297596,245.294,58.884,0.856
63.309206,245.557,58.903,0.855
63.320816,245.855,58.924,0.851
63.332426,246.101,58.941,0.847
63.344036,246.425,58.964,0.842
63.355646,246.719,58.984,0.840
63.367256,246.994,59.004,0.841
63.378866,247.166,59.016,0.841
63.390476,247.231,59.020,0.839
63.402086,247.257,59.022,0.833
63.413696,247.362,59.029,0.835
63.425306,247.493,59.039,0.834
63.436916,247.631,59.048,0.832
63.448526,247.754,59.057,0.829
63.460136,247.792,59.060,0.821
63.471746,247.865,59.065,0.813
63.483356,247.982,59.073,0.809
63.494966,248.285,59.094,0.809
63.506576,248.321,59.096,0.807
63.518186,247.881,59.066,0.807
63.529796,247.029,59.006,0.810
63.541406,246.277,58.953,0.813
63.553016,246.023,58.935,0.823
63.564626,245.924,58.929,0.830
63.576236,245.751,58.916,0.830
63.587846,245.640,58.908,0.832
63.599456,245.559,58.903,0.830
63.611066,245.650,58.909,0.826
63.622676,245.969,58.932,0.822
63.634286,246.449,58.965,0.818
63.645896,246.907,58.998,0.815
63.657506,247.244,59.021,0.813
63.669116,247.344,59.028,0.808
63.680726,247.414,59.033,0.795
63.692336,247.512,59.040,0.779
63.703946,247.558,59.043,0.761
63.715556,247.680,59.052,0.739
63.727166,247.826,59.062,0.712
63.738776,247.374,59.030,0.676
63.750385,246.576,58.974,0.623
63.761995,247.176,59.016,0.595
63.773605,247.470,59.037,0.638
63.785215,247.605,59.046,0.666
63.796825,247.316,59.026,0.690
63.808435,344.114,64.745,0.732
63.820045,344.755,64.777,0.776
63.831655,345.822,64.830,0.797
63.843265,353.345,65.203,0.824
63.854875,347.043,64.891,0.840
63.866485,346.854,64.882,0.850
63.878095,345.004,64.789,0.862
63.889705,343.086,64.693,0.874
63.901315,341.471,64.611,0.879
63.912925,339.605,64.516,0.877
63.924535,340.286,64.551,0.884
63.936145,341.307,64.603,0.886
63.947755,344.856,64.782,0.891
63.959365,351.980,65.136,0.896
63.970975,356.579,65.361,0.895
63.982585,360.672,65.558,0.892
63.994195,365.858,65.805,0.895
64.005805,368.395,65.925,0.899
64.017415,370.231,66.011,0.902
64.029025,371.117,66.052,0.903
64.040635,371.291,66.061,0.905
64.052245,371.002,66.047,0.901
64.063855,370.160,66.008,0.902
64.075465,369.462,65.975,0.904
64.087075,368.917,65.950,0.902
64.098685,368.715,65.940,0.899
64.110295,368.732,65.941,0.894
64.121905,368.929,65.950,0.886
64.133515,369.080,65.957,0.871
64.145125,369.277,65.966,0.858
64.156735,369.389,65.972,0.851
64.168345,369.517,65.978,0.846
64.179955,369.309,65.968,0.845
64.191565,368.581,65.934,0.841
64.203175,366.975,65.858,0.825
64.214785,364.583,65.745,0.810
64.226395,359.505,65.502,0.806
64.238005,357.166,65.389,0.801
64.249615,352.458,65.159,0.799
64.261224,354.967,65.282,0.787
64.272834,356.914,65.377,0.782
64.284444,363.721,65.704,0.787
64.296054,366.511,65.836,0.810
64.307664,367.961,65.905,0.835
64.319274,368.730,65.941,0.852
64.330884,368.812,65.945,0.870
64.342494,368.207,65.916,0.883
64.354104,367.658,65.890,0.894
64.365714,367.557,65.886,0.898
64.377324,366.913,65.855,0.899
64.388934,366.274,65.825,0.897
64.400544,365.811,65.803,0.893
64.412154,365.766,65.801,0.895
64.423764,365.812,65.803,0.897
64.435374,367.301,65.874,0.898
64.446984,370.730,66.034,0.901
64.458594,372.369,66.111,0.899
64.470204,373.034,66.142,0.895
64.481814,373.121,66.146,0.893
64.493424,373.030,66.141,0.891
64.505034,372.900,66.135,0.883
64.516644,372.392,66.112,0.875
64.528254,371.292,66.061,0.868
64.539864,370.299,66.014,0.862
64.551474,370.646,66.030,0.864
64.563084,370.827,66.039,0.870
64.574694,372.083,66.097,0.880
64.586304,373.504,66.163,0.886
64.597914,373.883,66.181,0.892
64.609524,373.892,66.181,0.901
64.621134,373.731,66.174,0.913
64.632744,373.379,66.158,0.929
64.644354,372.609,66.122,0.939
64.655964,371.709,66.080,0.943
64.667574,370.617,66.029,0.940
64.679184,369.584,65.981,0.937
64.690794,369.255,65.965,0.934
64.702404,369.039,65.955,0.923
64.714014,368.705,65.940,0.913
64.725624,369.030,65.955,0.894
64.737234,369.895,65.995,0.880
64.748844,372.416,66.113,0.873
64.760454,374.310,66.201,0.871
64.772063,374.537,66.211,0.872
64.783673,374.250,66.198,0.874
64.795283,373.940,66.184,0.879
64.806893,373.863,66.180,0.877
64.818503,374.109,66.191,0.878
64.830113,374.762,66.222,0.878
64.841723,375.085,66.237,0.877
64.853333,374.996,66.232,0.878
64.864943,375.772,66.268,0.882
64.876553,207.493,55.987,0.885
64.888163,207.989,56.028,0.893
64.899773,208.168,56.043,0.896
64.911383,415.290,67.999,0.897
64.922993,415.638,68.014,0.895
64.934603,416.002,68.029,0.893
64.946213,416.167,68.036,0.895
64.957823,416.229,68.039,0.899
64.969433,416.152,68.035,0.902
64.981043,416.158,68.036,0.901
64.992653,416.248,68.039,0.901
65.004263,416.385,68.045,0.897
65.015873,416.331,68.043,0.897
65.027483,416.326,68.043,0.896
65.039093,416.359,68.044,0.887
65.050703,416.478,68.049,0.874
65.062313,416.578,68.053,0.860
65.073923,416.818,68.063,0.846
65.085533,416.197,68.037,0.830
65.097143,415.065,67.990,0.815
65.108753,371.043,66.049,0.788
65.120363,369.864,65.994,0.761
65.131973,369.047,65.956,0.738
65.143583,367.769,65.896,0.707
65.155193,365.951,65.810,0.671
65.166803,364.585,65.745,0.625
65.178413,367.779,65.896,0.591
65.190023,368.200,65.916,0.565
65.201633,370.223,66.011,0.558
65.213243,371.810,66.085,0.554
65.224853,371.925,66.090,0.558
65.236463,372.757,66.129,0.557
65.248073,372.976,66.139,0.562
65.259683,372.870,66.134,0.575
65.271293,371.625,66.076,0.573
65.282902,123.312,46.978,0.597
65.294512,123.538,47.009,0.677
65.306122,123.263,46.971,0.720
65.317732,122.615,46.880,0.745
65.329342,122.192,46.820,0.775
65.340952,122.593,46.876,0.790
65.352562,247.066,59.009,0.806
65.364172,252.272,59.370,0.821
65.375782,252.148,59.361,0.834
65.387392,252.033,59.353,0.831
65.399002,249.136,59.153,0.834
65.410612,249.689,59.192,0.838
65.422222,250.731,59.264,0.832
65.433832,249.140,59.153,0.833
65.445442,248.072,59.079,0.833
65.457052,247.082,59.010,0.832
65.468662,246.484,58.968,0.828
65.480272,245.926,58.929,0.830
65.491882,246.206,58.948,0.834
65.503492,247.007,59.005,0.846
65.515102,247.566,59.044,0.863
65.526712,247.902,59.067,0.878
65.538322,248.152,59.085,0.895
65.549932,247.860,59.064,0.913
65.561542,247.459,59.036,0.931
65.573152,247.262,59.022,0.934
65.584762,246.725,58.985,0.931
65.596372,246.056,58.938,0.920
65.607982,245.040,58.866,0.909
65.619592,245.701,58.913,0.901
65.631202,248.055,59.078,0.888
65.642812,247.978,59.072,0.868
65.654422,247.554,59.043,0.841
65.666032,246.100,58.941,0.834
65.677642,245.633,58.908,0.837
65.689252,245.346,58.888,0.849
65.700862,245.206,58.878,0.854
65.712472,244.950,58.860,0.850
65.724082,244.794,58.849,0.850
65.735692,244.833,58.852,0.852
65.747302,245.016,58.864,0.852
65.758912,245.263,58.882,0.853
65.770522,245.407,58.892,0.853
65.782132,245.395,58.891,0.853
65.793741,245.185,58.876,0.855
65.805351,244.972,58.861,0.859
65.816961,123.358,46.984,0.864
65.828571,123.408,46.991,0.864
65.840181,123.283,46.974,0.869
65.851791,235.172,58.155,0.869
65.863401,123.230,46.966,0.870
65.875011,122.997,46.933,0.875
65.886621,281.030,61.239,0.878
65.898231,187.180,54.203,0.879
65.909841,281.172,61.247,0.877
65.921451,80.266,39.544,0.885
65.933061,282.007,61.299,0.884
65.944671,736.405,77.916,0.888
65.956281,100.321,43.405,0.889
65.967891,100.237,43.391,0.888
65.979501,445.719,69.224,0.890
65.991111,440.788,69.031,0.894
66.002721,441.968,69.077,0.896
66.014331,441.065,69.042,0.891
66.025941,438.601,68.945,0.888
66.037551,436.807,68.874,0.884
66.049161,438.358,68.935,0.888
66.060771,439.055,68.963,0.890
66.072381,439.832,68.993,0.887
66.083991,441.679,69.066,0.882
66.095601,445.557,69.217,0.879
66.107211,455.220,69.589,0.882
66.118821,468.789,70.097,0.892
66.130431,479.804,70.499,0.901
66.142041,487.804,70.786,0.896
66.153651,492.409,70.948,0.890
66.165261,495.029,71.040,0.893
66.176871,495.854,71.069,0.898
66.188481,496.345,71.086,0.898
66.200091,495.759,71.066,0.891
66.211701,493.904,71.001,0.881
66.223311,492.081,70.937,0.872
66.234921,490.103,70.867,0.873
66.246531,489.052,70.830,0.873
66.258141,488.914,70.825,0.870
66.269751,489.989,70.863,0.866
66.281361,491.885,70.930,0.859
66.292971,494.215,71.012,0.860
66.304580,496.774,71.101,0.860
66.316190,498.133,71.148,0.858
66.327800,498.204,71.151,0.853
66.339410,497.181,71.115,0.855
66.351020,495.381,71.052,0.858
66.362630,493.791,70.997,0.857
66.374240,492.878,70.965,0.862
66.385850,493.139,70.974,0.865
66.397460,494.485,71.021,0.864
66.409070,496.916,71.106,0.868
66.420680,499.378,71.192,0.880
66.432290,500.900,71.244,0.891
66.443900,501.659,71.270,0.898
66.455510,502.065,71.284,0.902
66.467120,502.293,71.292,0.900
66.478730,501.206,71.255,0.899
66.490340,497.386,71.122,0.904
66.501950,492.574,70.954,0.907
66.513560,490.530,70.882,0.896
66.525170,488.909,70.825,0.884
66.536780,488.411,70.807,0.872
66.548390,489.165,70.834,0.866
66.560000,489.649,70.851,0.864
66.571610,489.447,70.844,0.862
66.583220,489.382,70.841,0.855
66.594830,484.665,70.674,0.850
66.606440,476.758,70.389,0.857
66.618050,466.394,70.009,0.868
66.629660,388.901,66.863,0.875
66.641270,388.965,66.866,0.872
66.652880,389.546,66.891,0.870
66.664490,388.658,66.852,0.880
66.676100,388.668,66.852,0.888
66.687710,389.503,66.890,0.894
66.699320,392.557,67.025,0.896
66.710930,398.680,67.293,0.891
66.722540,407.120,67.655,0.890
66.734150,412.006,67.862,0.895
66.745760,413.517,67.925,0.902
66.757370,414.686,67.974,0.898
66.768980,415.354,68.002,0.889
66.780590,415.543,68.010,0.876
66.792200,415.358,68.002,0.867
66.803810,415.104,67.992,0.862
66.815420,415.230,67.997,0.853
66.827029,415.325,68.001,0.841
66.838639,415.515,68.009,0.827
66.850249,415.707,68.017,0.816
66.861859,415.559,68.011,0.811
66.873469,414.854,67.981,0.814
66.885079,414.144,67.952,0.815
66.896689,413.066,67.906,0.826
66.908299,411.444,67.838,0.834
66.919909,374.384,66.204,0.840
66.931519,372.000,66.094,0.850
66.943129,371.189,66.056,0.856
66.954739,370.463,66.022,0.861
66.966349,369.762,65.989,0.856
66.977959,368.891,65.948,0.851
66.989569,368.003,65.907,0.834
67.001179,123.016,46.936,0.813
67.012789,123.051,46.941,0.791
67.024399,122.941,46.926,0.759
67.036009,122.542,46.869,0.724
67.047619,121.873,46.775,0.679
67.059229,121.236,46.684,0.637
67.070839,166.633,52.190,0.595
67.082449,818.725,79.751,0.564
67.094059,206.678,55.919,0.560
67.105669,205.900,55.853,0.563
67.117279,206.815,55.930,0.616
67.128889,270.909,60.604,0.697
67.140499,250.428,59.243,0.759
67.152109,263.652,60.134,0.804
67.163719,268.517,60.450,0.834
67.175329,270.722,60.592,0.848
67.186939,272.369,60.697,0.864
67.198549,337.490,64.408,0.875
67.210159,336.815,64.373,0.883
67.221769,336.501,64.357,0.878
67.233379,336.278,64.346,0.871
67.244989,335.667,64.314,0.862
67.256599,334.282,64.243,0.851
67.268209,330.653,64.054,0.847
67.279819,327.930,63.911,0.834
67.291429,326.616,63.841,0.823
67.303039,325.030,63.757,0.808
67.314649,325.518,63.783,0.801
67.326259,326.088,63.813,0.786
67.337868,327.520,63.889,0.766
67.349478,328.766,63.955,0.745
67.361088,330.326,64.037,0.720
67.372698,332.048,64.127,0.704
67.384308,330.975,64.071,0.697
67.395918,329.443,63.990,0.712
67.407528,159.891,51.475,0.742
67.419138,165.942,52.118,0.758
67.430748,289.852,61.774,0.770
67.442358,790.702,79.148,0.787
67.453968,789.685,79.125,0.796
67.465578,302.348,62.504,0.814
67.477188,321.928,63.591,0.831
67.488798,321.683,63.578,0.842
67.500408,324.051,63.705,0.843
67.512018,324.776,63.743,0.849
67.523628,327.575,63.892,0.860
67.535238,328.925,63.963,0.871
67.546848,328.147,63.922,0.881
67.558458,328.043,63.917,0.880
67.570068,326.979,63.860,0.875
67.581678,325.580,63.786,0.867
67.593288,325.597,63.787,0.861
67.604898,325.049,63.758,0.852
67.616508,324.694,63.739,0.839
67.628118,324.110,63.708,0.824
67.639728,366.815,65.851,0.833
67.651338,368.678,65.938,0.844
67.662948,370.603,66.028,0.855
67.674558,372.141,66.100,0.867
67.686168,372.036,66.095,0.879
67.697778,370.572,66.027,0.891
67.709388,369.091,65.958,0.902
67.720998,368.578,65.934,0.909
67.732608,368.255,65.918,0.907
67.744218,367.794,65.897,0.907
67.755828,367.385,65.877,0.906
67.767438,367.026,65.861,0.904
67.779048,366.501,65.836,0.897
67.790658,366.259,65.824,0.888
67.802268,366.604,65.841,0.880
67.813878,366.335,65.828,0.868
67.825488,365.368,65.782,0.852
67.837098,357.535,65.407,0.830
67.848707,355.619,65.314,0.803
67.860317,351.580,65.116,0.771
67.871927,346.945,64.886,0.740
67.883537,108.494,44.761,0.703
67.895147,360.287,65.540,0.636
67.906757,362.640,65.652,0.580
67.918367,369.804,65.991,0.519
67.929977,368.966,65.952,0.503
67.941587,368.688,65.939,0.494
67.953197,368.382,65.924,0.491
67.964807,369.151,65.960,0.489
67.976417,370.752,66.035,0.489
67.988027,371.425,66.067,0.486
67.999637,372.270,66.106,0.487
68.011247,372.316,66.108,0.492
68.022857,372.447,66.114,0.487
68.034467,372.475,66.116,0.486
68.046077,372.632,66.123,0.486
68.057687,372.062,66.096,0.492
68.069297,309.813,62.927,0.702
68.080907,309.254,62.895,0.761
68.092517,309.890,62.931,0.780
68.104127,310.851,62.985,0.797
68.115737,312.929,63.100,0.824
68.127347,315.940,63.266,0.847
68.138957,110.759,45.119,0.864
68.150567,110.741,45.116,0.876
68.162177,330.603,64.051,0.855
68.173787,331.424,64.094,0.838
68.185397,332.069,64.128,0.840
68.197007,332.682,64.160,0.845
68.208617,332.828,64.167,0.837
68.220227,333.279,64.191,0.832
68.231837,334.779,64.268,0.826
68.243447,340.337,64.554,0.827
68.255057,349.750,65.026,0.846
68.266667,367.483,65.882,0.871
68.278277,371.969,66.092,0.889
68.289887,372.974,66.139,0.905
68.301497,372.982,66.139,0.916
68.313107,372.773,66.130,0.925
68.324717,372.500,66.117,0.934
68.336327,372.190,66.102,0.938
68.347937,372.032,66.095,0.938
68.359546,371.524,66.071,0.934
68.371156,370.789,66.037,0.928
68.382766,369.969,65.999,0.918
68.394376,369.887,65.995,0.909
68.405986,370.163,66.008,0.896
68.417596,369.875,65.994,0.887
68.429206,370.591,66.028,0.886
68.440816,372.133,66.100,0.880
68.452426,371.303,66.061,0.873
68.464036,365.995,65.812,0.857
68.475646,362.644,65.653,0.837
68.487256,360.006,65.526,0.817
68.498866,311.258,63.007,0.801
68.510476,272.843,60.727,0.771
68.522086,545.929,72.735,0.721
68.533696,547.144,72.773,0.666
68.545306,242.264,58.669,0.556
68.556916,372.523,66.118,0.492
68.568526,371.883,66.088,0.478
68.580136,371.553,66.073,0.483
68.591746,371.171,66.055,0.497
68.603356,371.670,66.078,0.502
68.614966,372.023,66.095,0.501
68.626576,372.091,66.098,0.503
68.638186,372.392,66.112,0.503
68.649796,371.604,66.075,0.499
68.661406,371.331,66.062,0.505
68.673016,369.422,65.973,0.534
68.684626,372.253,66.105,0.590
68.696236,375.940,66.276,0.677
68.707846,382.787,66.588,0.735
68.719456,413.981,67.945,0.765
68.731066,415.639,68.014,0.788
68.742676,416.468,68.048,0.805
68.754286,416.727,68.059,0.818
68.765896,416.349,68.043,0.833
68.777506,415.897,68.025,0.847
68.789116,415.871,68.024,0.851
68.800726,416.155,68.035,0.853
68.812336,416.476,68.049,0.856
68.823946,417.148,68.077,0.862
68.835556,417.616,68.096,0.868
68.847166,419.173,68.161,0.876
68.858776,429.540,68.583,0.881
68.870385,434.183,68.770,0.884
68.881995,437.093,68.885,0.889
68.893605,438.527,68.942,0.895
68.905215,439.442,68.978,0.900
68.916825,440.313,69.012,0.900
68.928435,440.604,69.024,0.901
68.940045,440.638,69.025,0.901
68.951655,440.628,69.025,0.900
68.963265,440.522,69.021,0.897
68.974875,440.429,69.017,0.892
68.986485,440.393,69.015,0.884
68.998095,440.436,69.017,0.880
69.009705,440.520,69.020,0.880
69.021315,440.615,69.024,0.880
69.032925,440.738,69.029,0.879
69.044535,440.738,69.029,0.877
69.056145,440.605,69.024,0.876
69.067755,440.335,69.013,0.874
69.079365,440.159,69.006,0.866
69.090975,439.797,68.992,0.853
69.102585,439.409,68.977,0.833
69.114195,438.646,68.947,0.811
69.125805,437.348,68.895,0.786
69.137415,434.540,68.784,0.774
69.149025,420.389,68.211,0.777
69.160635,414.083,67.949,0.768
69.172245,406.199,67.616,0.784
69.183855,401.462,67.413,0.816
69.195465,398.032,67.265,0.852
69.207075,395.140,67.138,0.875
69.218685,393.677,67.074,0.888
69.230295,391.655,66.985,0.893
69.241905,389.748,66.900,0.892
69.253515,389.649,66.896,0.901
69.265125,390.227,66.922,0.906
69.276735,390.704,66.943,0.900
69.288345,391.603,66.983,0.889
69.299955,791.154,79.157,0.880
69.311565,796.436,79.273,0.876
69.323175,408.376,67.709,0.876
69.334785,412.969,67.902,0.877
69.346395,414.914,67.984,0.875
69.358005,415.991,68.029,0.876
69.369615,416.154,68.035,0.887
69.381224,415.983,68.028,0.903
69.392834,415.736,68.018,0.917
69.404444,415.606,68.013,0.928
69.416054,415.625,68.013,0.936
69.427664,415.551,68.010,0.938
69.439274,415.455,68.006,0.935
69.450884,415.431,68.005,0.924
69.462494,415.611,68.013,0.908
69.474104,415.732,68.018,0.881
69.485714,415.592,68.012,0.849
69.497324,415.285,67.999,0.809
69.508934,414.380,67.961,0.756
69.520544,413.209,67.912,0.687
69.532154,412.521,67.884,0.620
69.543764,411.686,67.848,0.575
69.555374,110.691,45.108,0.554
69.566984,110.724,45.114,0.556
69.578594,110.656,45.103,0.598
69.590204,411.832,67.855,0.637
69.601814,413.044,67.906,0.689
69.613424,415.040,67.989,0.736
69.625034,415.353,68.002,0.785
69.636644,414.394,67.962,0.810
69.648254,412.520,67.884,0.846
69.659864,408.568,67.717,0.881
69.671474,405.617,67.591,0.896
69.683084,401.363,67.409,0.910
69.694694,395.749,67.165,0.919
69.706304,388.636,66.851,0.924
69.717914,763.085,78.532,0.925
69.729524,758.634,78.431,0.930
69.741134,374.657,66.217,0.924
69.752744,372.555,66.119,0.912
69.764354,371.020,66.048,0.908
69.775964,369.187,65.962,0.901
69.787574,367.703,65.892,0.895
69.799184,366.162,65.820,0.886
69.810794,734.718,77.876,0.876
69.822404,733.778,77.854,0.863
69.834014,353.260,65.199,0.854
69.845624,342.378,64.657,0.851
69.857234,335.143,64.287,0.849
69.868844,333.257,64.190,0.843
69.880454,331.913,64.120,0.836
69.892063,331.533,64.100,0.844
69.903673,330.955,64.070,0.851
69.915283,330.542,64.048,0.851
69.926893,330.353,64.038,0.850
69.938503,330.119,64.026,0.845
69.950113,329.764,64.007,0.842
69.961723,329.144,63.975,0.849
69.973333,328.652,63.949,0.847
69.984943,328.732,63.953,0.841
69.996553,329.639,64.001,0.836
70.008163,330.838,64.063,0.842
70.019773,331.720,64.110,0.845
70.031383,332.360,64.143,0.848
70.042993,332.243,64.137,0.848
70.054603,331.602,64.103,0.851
70.066213,330.352,64.038,0.860
70.077823,329.220,63.979,0.861
70.089433,328.171,63.923,0.863
70.101043,326.944,63.858,0.867
70.112653,326.386,63.829,0.870
70.124263,326.601,63.840,0.875
70.135873,327.056,63.864,0.873
70.147483,328.751,63.954,0.873
70.159093,330.323,64.036,0.865
70.170703,331.349,64.090,0.860
70.182313,331.975,64.123,0.853
70.193923,332.274,64.138,0.853
70.205533,332.169,64.133,0.854
70.217143,331.250,64.085,0.849
70.228753,330.512,64.046,0.847
70.240363,329.927,64.016,0.838
70.251973,329.910,64.015,0.842
70.263583,329.920,64.015,0.845
70.275193,329.892,64.014,0.843
70.286803,330.016,64.020,0.829
70.298413,329.769,64.007,0.814
70.310023,328.875,63.960,0.810
70.321633,328.548,63.943,0.812
70.333243,328.568,63.944,0.812
70.344853,327.224,63.873,0.807
70.356463,327.869,63.907,0.816
70.368073,327.074,63.865,0.817
70.379683,327.923,63.910,0.820
70.391293,328.280,63.929,0.818
70.402902,328.717,63.952,0.810
70.414512,328.625,63.947,0.800
70.426122,326.653,63.843,0.787
70.437732,326.046,63.811,0.768
70.449342,324.755,63.742,0.730
70.460952,327.230,63.874,0.701
70.472562,326.029,63.810,0.677
70.484172,328.000,63.914,0.667
70.495782,329.082,63.971,0.661
70.507392,329.947,64.017,0.695
70.519002,328.875,63.960,0.713
70.530612,328.091,63.919,0.761
70.542222,327.366,63.881,0.790
70.553832,326.694,63.845,0.810
70.565442,326.883,63.855,0.822
70.577052,327.763,63.902,0.834
70.588662,327.777,63.903,0.842
70.600272,328.388,63.935,0.842
70.611882,329.212,63.978,0.842
70.623492,329.671,64.002,0.825
70.635102,330.274,64.034,0.811
70.646712,330.986,64.071,0.805
70.658322,332.545,64.153,0.802
70.669932,331.612,64.104,0.795
70.681542,332.063,64.127,0.800
70.693152,352.089,65.141,0.807
70.704762,370.573,66.027,0.824
70.716372,371.754,66.082,0.844
70.727982,372.139,66.100,0.852
70.739592,372.169,66.101,0.847
70.751202,372.117,66.099,0.841
70.762812,371.850,66.087,0.832
70.774422,372.349,66.110,0.814
70.786032,372.977,66.139,0.788
70.797642,372.361,66.110,0.747
70.809252,323.954,63.699,0.706
70.820862,426.323,68.453,0.712
70.832472,414.933,67.984,0.750
70.844082,415.012,67.988,0.780
70.855692,415.456,68.006,0.810
70.867302,415.648,68.014,0.833
70.878912,415.746,68.018,0.849
70.890522,415.802,68.021,0.853
70.902132,415.645,68.014,0.846
70.913741,415.765,68.019,0.830
70.925351,416.174,68.036,0.804
70.936961,416.459,68.048,0.775
70.948571,416.787,68.062,0.732
70.960181,417.025,68.072,0.685
70.971791,108.995,44.841,0.661
70.983401,359.156,65.485,0.711
70.995011,364.198,65.727,0.767
71.006621,366.809,65.850,0.802
71.018231,368.786,65.943,0.834
71.029841,371.275,66.060,0.866
71.041451,373.614,66.169,0.879
71.053061,372.646,66.124,0.880
71.064671,373.035,66.142,0.879
71.076281,374.294,66.200,0.874
71.087891,376.743,66.313,0.860
71.099501,378.854,66.410,0.848
71.111111,380.797,66.498,0.832
71.122721,382.258,66.565,0.804
71.134331,393.977,67.087,0.796
71.145941,422.084,68.280,0.821
71.157551,425.143,68.405,0.832
71.169161,424.903,68.396,0.832
71.180771,423.712,68.347,0.841
71.192381,422.465,68.296,0.848
71.203991,421.241,68.246,0.850
71.215601,419.907,68.191,0.852
71.227211,418.770,68.144,0.856
71.238821,416.489,68.049,0.850
71.250431,415.286,67.999,0.850
71.262041,414.966,67.986,0.859
71.273651,414.884,67.982,0.864
71.285261,415.093,67.991,0.869
71.296871,415.360,68.002,0.875
71.308481,415.538,68.010,0.881
71.320091,415.631,68.014,0.884
71.331701,415.568,68.011,0.884
71.343311,415.422,68.005,0.881
71.354921,415.037,67.989,0.878
71.366531,414.291,67.958,0.874
71.378141,413.029,67.905,0.868
71.389751,410.393,67.794,0.865
71.401361,407.860,67.687,0.861
71.412971,406.102,67.612,0.856
71.424580,402.444,67.455,0.849
71.436190,395.912,67.172,0.838
71.447800,390.817,66.948,0.824
71.459410,384.381,66.660,0.809
71.471020,375.580,66.259,0.798
71.482630,368.766,65.942,0.782
71.494240,138.875,49.035,0.767
71.505850,279.608,61.151,0.756
71.517460,278.505,61.082,0.758
71.529070,279.731,61.158,0.762
71.540680,279.068,61.117,0.776
71.552290,277.956,61.048,0.776
71.563900,279.589,61.150,0.785
71.575510,271.572,60.646,0.791
71.587120,269.095,60.487,0.801
71.598730,269.360,60.504,0.808
71.610340,269.422,60.508,0.812
71.621950,242.376,58.677,0.816
71.633560,250.742,59.264,0.812
71.645170,282.058,61.302,0.819
71.656780,281.295,61.255,0.820
71.668390,280.920,61.232,0.822
71.680000,281.384,61.260,0.820
71.691610,279.684,61.156,0.817
71.703220,279.337,61.134,0.817
71.714830,278.457,61.079,0.819
71.726440,277.262,61.005,0.824
71.738050,276.474,60.956,0.824
71.749660,275.681,60.906,0.819
71.761270,275.303,60.882,0.814
71.772880,275.451,60.892,0.809
71.784490,275.652,60.904,0.806
71.796100,276.247,60.941,0.802
71.807710,278.142,61.060,0.798
71.819320,279.830,61.165,0.797
71.830930,280.884,61.230,0.800
71.842540,281.234,61.251,0.805
71.854150,281.755,61.283,0.808
71.865760,281.732,61.282,0.807
71.877370,280.485,61.205,0.804
71.888980,278.427,61.078,0.798
71.900590,276.392,60.951,0.791
71.912200,274.859,60.854,0.787
71.923810,274.117,60.807,0.776
71.935420,274.246,60.816,0.765
71.947029,276.882,60.981,0.756
71.958639,278.478,61.081,0.751
71.970249,279.254,61.129,0.754
71.981859,279.196,61.125,0.768
71.993469,279.195,61.125,0.783
72.005079,278.295,61.069,0.793
72.016689,276.698,60.970,0.798
72.028299,275.056,60.867,0.797
72.039909,275.458,60.892,0.801
72.051519,279.503,61.144,0.807
72.063129,282.850,61.350,0.813
72.074739,282.129,61.306,0.813
72.086349,281.152,61.246,0.809
72.097959,279.408,61.138,0.804
72.109569,278.394,61.075,0.807
72.121179,278.014,61.052,0.816
72.132789,277.564,61.024,0.822
72.144399,277.245,61.004,0.824
72.156009,277.124,60.996,0.824
72.167619,276.846,60.979,0.823
72.179229,276.887,60.982,0.823
72.190839,138.679,49.011,0.824
72.202449,277.051,60.992,0.827
72.214059,277.184,61.000,0.827
72.225669,277.569,61.024,0.826
72.237279,278.079,61.056,0.823
72.248889,278.221,61.065,0.822
72.260499,278.351,61.073,0.820
72.272109,140.406,49.225,0.821
72.283719,140.367,49.220,0.820
72.295329,137.783,48.899,0.815
72.306939,137.755,48.895,0.813
72.318549,137.692,48.887,0.811
72.330159,135.146,48.564,0.809
72.341769,271.898,60.667,0.801
72.353379,272.013,60.674,0.795
72.364989,315.147,63.222,0.794
72.376599,329.854,64.012,0.797
72.388209,331.387,64.092,0.801
72.399819,334.993,64.280,0.805
72.411429,334.768,64.268,0.809
72.423039,333.826,64.219,0.817
72.434649,331.759,64.112,0.828
72.446259,329.917,64.015,0.839
72.457868,328.368,63.934,0.849
72.469478,326.232,63.821,0.855
72.481088,325.304,63.771,0.859
72.492698,325.148,63.763,0.864
72.504308,324.572,63.732,0.865
72.515918,324.916,63.751,0.865
72.527528,327.662,63.896,0.864
72.539138,331.215,64.083,0.863
72.550748,332.340,64.142,0.859
72.562358,332.642,64.158,0.853
72.573968,332.628,64.157,0.849
72.585578,332.179,64.133,0.845
72.597188,330.569,64.049,0.841
72.608798,329.547,63.996,0.837
72.620408,328.766,63.955,0.829
72.632018,328.099,63.920,0.816
72.643628,328.094,63.919,0.802
72.655238,329.081,63.971,0.791
72.666848,330.107,64.025,0.777
72.678458,331.326,64.089,0.756
72.690068,332.897,64.171,0.741
72.701678,333.031,64.178,0.733
72.713288,333.685,64.212,0.731
72.724898,333.793,64.217,0.734
72.736508,323.715,63.687,0.731
72.748118,333.957,64.226,0.728
72.759728,282.552,61.332,0.734
72.771338,80.461,39.586,0.745
72.782948,107.063,44.531,0.751
72.794558,81.079,39.719,0.756
72.806168,314.649,63.195,0.763
72.817778,314.476,63.185,0.763
72.829388,314.637,63.194,0.766
72.840998,339.344,64.503,0.787
72.852608,339.088,64.490,0.818
72.864218,338.238,64.446,0.845
72.875828,335.131,64.287,0.853
72.887438,332.808,64.166,0.857
72.899048,331.530,64.100,0.863
72.910658,330.474,64.044,0.872
72.922268,330.690,64.056,0.883
72.933878,330.202,64.030,0.879
72.945488,330.247,64.033,0.869
72.957098,333.350,64.194,0.862
72.968707,337.597,64.414,0.859
72.980317,343.667,64.722,0.864
72.991927,710.109,77.286,0.874
73.003537,721.743,77.568,0.890
73.015147,365.359,65.782,0.899
73.026757,366.924,65.856,0.915
73.038367,368.304,65.921,0.927
73.049977,369.456,65.975,0.933
73.061587,369.799,65.991,0.945
73.073197,370.002,66.000,0.953
73.084807,370.061,66.003,0.958
73.096417,370.086,66.004,0.957
73.108027,370.123,66.006,0.957
73.119637,370.311,66.015,0.957
73.131247,370.459,66.022,0.956
73.142857,370.574,66.027,0.957
73.154467,370.718,66.034,0.957
73.166077,370.792,66.037,0.958
73.177687,370.774,66.036,0.959
73.189297,370.579,66.027,0.963
73.200907,741.627,78.038,0.966
73.212517,740.844,78.020,0.966
73.224127,740.442,78.011,0.962
73.235737,740.111,78.003,0.955
73.247347,739.794,77.995,0.946
73.258957,739.111,77.979,0.931
73.270567,739.113,77.980,0.911
73.282177,370.063,66.003,0.898
73.293787,371.324,66.062,0.883
73.305397,371.934,66.090,0.871
73.317007,372.109,66.099,0.864
73.328617,371.987,66.093,0.859
73.340227,371.888,66.088,0.857
73.351837,371.625,66.076,0.865
73.363447,371.312,66.062,0.875
73.375057,185.442,54.042,0.871
73.386667,185.287,54.027,0.868
73.398277,370.032,66.002,0.862
73.409887,369.868,65.994,0.861
73.421497,369.771,65.990,0.863
73.433107,369.768,65.989,0.859
73.444717,370.036,66.002,0.851
73.456327,370.880,66.041,0.846
73.467937,371.489,66.070,0.839
73.479546,371.835,66.086,0.833
73.491156,371.950,66.091,0.830
73.502766,372.233,66.104,0.821
73.514376,373.404,66.159,0.807
73.525986,373.931,66.183,0.795
73.537596,372.682,66.125,0.784
73.549206,369.548,65.979,0.768
73.560816,366.462,65.834,0.751
73.572426,362.435,65.643,0.726
73.584036,360.992,65.574,0.689
73.595646,360.105,65.531,0.658
73.607256,753.166,78.306,0.639
73.618866,746.143,78.143,0.629
73.630476,366.273,65.825,0.628
73.642086,366.509,65.836,0.630
73.653696,368.417,65.926,0.628
73.665306,369.567,65.980,0.637
73.676916,369.431,65.974,0.653
73.688526,369.063,65.956,0.669
73.700136,369.327,65.969,0.687
73.711746,739.619,77.991,0.703
73.723356,740.170,78.004,0.709
73.734966,740.552,78.013,0.709
73.746576,740.384,78.009,0.706
73.758186,740.634,78.015,0.702
73.769796,741.863,78.044,0.699
73.781406,370.662,66.031,0.695
73.793016,370.741,66.035,0.687
73.804626,370.732,66.034,0.675
73.816236,370.439,66.021,0.665
73.827846,370.465,66.022,0.655
73.839456,370.165,66.008,0.649
73.851066,369.960,65.998,0.638
73.862676,369.567,65.980,0.626
73.874286,370.367,66.017,0.668
73.885896,372.761,66.129,0.742
73.897506,121.834,46.769,0.766
73.909116,243.456,58.754,0.781
73.920726,245.096,58.870,0.808
73.932336,246.684,58.982,0.833
73.943946,246.967,59.002,0.856
73.955556,246.988,59.003,0.873
73.967166,246.880,58.996,0.881
73.978776,247.345,59.028,0.878
73.990385,247.316,59.026,0.884
74.001995,246.963,59.001,0.890
74.013605,246.481,58.968,0.895
74.025215,246.380,58.961,0.896
74.036825,246.500,58.969,0.897
74.048435,246.736,58.986,0.896
74.060045,246.968,59.002,0.892
74.071655,247.031,59.006,0.883
74.083265,247.188,59.017,0.875
74.094875,247.355,59.029,0.869
74.106485,247.576,59.044,0.852
74.118095,247.547,59.042,0.836
74.129705,247.647,59.049,0.814
74.141315,247.662,59.050,0.793
74.152925,247.796,59.060,0.776
74.164535,247.881,59.066,0.768
74.176145,247.823,59.062,0.755
74.187755,247.833,59.062,0.733
74.199365,247.753,59.057,0.717
74.210975,247.882,59.066,0.695
74.222585,247.730,59.055,0.677
74.234195,247.435,59.035,0.660
74.245805,246.792,58.989,0.633
74.257415,82.273,39.972,0.600
74.269025,123.520,47.007,0.562
74.280635,246.554,58.973,0.545
74.292245,246.439,58.965,0.537
74.303855,246.296,58.955,0.535
74.315465,246.457,58.966,0.532
74.327075,246.437,58.965,0.524
74.338685,123.358,46.984,0.524
74.350295,245.282,58.883,0.664
74.361905,188.033,54.282,0.743
74.373515,679.130,76.514,0.775
74.385125,679.088,76.513,0.801
74.396735,329.359,63.986,0.824
74.408345,329.539,63.995,0.841
74.419955,329.484,63.992,0.851
74.431565,329.401,63.988,0.860
74.443175,329.667,64.002,0.850
74.454785,329.730,64.005,0.834
74.466395,329.611,63.999,0.827
74.478005,328.854,63.959,0.820
74.489615,328.581,63.945,0.808
74.501224,328.453,63.938,0.797
74.512834,328.579,63.945,0.791
74.524444,328.334,63.932,0.790
74.536054,328.106,63.920,0.784
74.547664,327.996,63.914,0.775
74.559274,328.096,63.919,0.761
74.570884,327.728,63.900,0.748
74.582494,327.336,63.879,0.731
74.594104,326.276,63.823,0.714
74.605714,325.931,63.805,0.694
74.617324,326.462,63.833,0.663
74.628934,326.906,63.856,0.634
74.640544,327.036,63.863,0.603
74.652154,326.485,63.834,0.572
74.663764,327.898,63.909,0.532
74.675374,328.478,63.940,0.499
74.686984,329.081,63.971,0.478
74.698594,82.326,39.983,0.455
74.710204,82.326,39.983,0.453
74.721814,82.397,39.998,0.449
74.733424,82.406,40.000,0.448
74.745034,82.417,40.002,0.451
74.756644,82.464,40.012,0.453
74.768254,82.383,39.995,0.457
74.779864,82.358,39.990,0.466
74.791474,327.375,63.881,0.486
74.803084,569.684,73.472,0.673
74.814694,578.047,73.724,0.741
74.826304,579.122,73.756,0.765
74.837914,165.942,52.118,0.792
74.849524,166.415,52.167,0.817
74.861134,167.239,52.253,0.832
74.872744,167.726,52.303,0.847
74.884354,167.418,52.271,0.857
74.895964,332.441,64.147,0.845
74.907574,332.986,64.176,0.837
74.919184,331.392,64.092,0.838
74.930794,328.275,63.929,0.834
74.942404,327.417,63.883,0.827
74.954014,327.381,63.882,0.828
74.965624,327.404,63.883,0.826
74.977234,327.679,63.897,0.828
74.988844,328.893,63.961,0.829
75.000454,330.792,64.061,0.827
75.012063,330.958,64.070,0.824
75.023673,330.813,64.062,0.820
75.035283,330.793,64.061,0.817
75.046893,329.797,64.009,0.815
75.058503,328.405,63.936,0.815
75.070113,328.146,63.922,0.814
75.081723,327.957,63.912,0.812
75.093333,327.733,63.900,0.805
75.104943,328.449,63.938,0.808
75.116553,330.209,64.031,0.813
75.128163,330.899,64.067,0.811
75.139773,331.853,64.116,0.803
75.151383,333.038,64.178,0.789
75.162993,333.582,64.206,0.776
75.174603,332.486,64.149,0.765
75.186213,329.840,64.011,0.749
75.197823,327.962,63.912,0.721
75.209433,324.889,63.749,0.681
75.221043,316.646,63.304,0.645
75.232653,521.634,71.946,0.615
75.244263,110.090,45.014,0.594
75.255873,327.867,63.907,0.658
75.267483,325.543,63.784,0.717
75.279093,763.606,78.544,0.757
75.290703,763.837,78.549,0.782
75.302313,370.491,66.023,0.810
75.313923,373.018,66.141,0.833
75.325533,373.698,66.172,0.854
75.337143,373.302,66.154,0.876
75.348753,371.562,66.073,0.881
75.360363,370.683,66.032,0.880
75.371973,369.777,65.990,0.881
75.383583,369.931,65.997,0.885
75.395193,369.482,65.976,0.885
75.406803,368.993,65.953,0.886
75.418413,368.598,65.935,0.883
75.430023,368.546,65.932,0.875
75.441633,368.980,65.952,0.870
75.453243,369.634,65.983,0.871
75.464853,370.545,66.026,0.870
75.476463,371.158,66.054,0.868
75.488073,371.500,66.070,0.865
75.499683,371.465,66.069,0.858
75.511293,371.374,66.064,0.850
75.522902,371.228,66.058,0.839
75.534512,371.035,66.049,0.826
75.546122,370.877,66.041,0.802
75.557732,370.780,66.037,0.773
75.569342,370.426,66.020,0.740
75.580952,370.039,66.002,0.697
75.592562,369.369,65.971,0.651
75.604172,368.282,65.920,0.601
75.615782,369.084,65.957,0.561
75.627392,369.697,65.986,0.505
75.639002,368.496,65.930,0.483
75.650612,368.264,65.919,0.482
75.662222,367.979,65.905,0.486
75.673832,367.871,65.900,0.489
75.685442,368.316,65.921,0.494
75.697052,368.327,65.922,0.493
75.708662,368.628,65.936,0.485
75.720272,368.432,65.927,0.579
75.731882,248.629,59.118,0.654
75.743492,249.858,59.203,0.712
75.755102,249.648,59.189,0.752
75.766712,249.240,59.160,0.772
75.778322,248.794,59.129,0.783
75.789932,248.211,59.089,0.794
75.801542,247.990,59.073,0.810
75.813152,247.785,59.059,0.820
75.824762,247.384,59.031,0.828
75.836372,247.107,59.012,0.825
75.847982,247.155,59.015,0.810
75.859592,247.131,59.013,0.804
75.871202,247.151,59.015,0.805
75.882812,247.150,59.015,0.803
75.894422,246.816,58.991,0.808
75.906032,247.174,59.016,0.805
75.917642,278.971,61.111,0.797
75.929252,279.260,61.129,0.794
75.940862,279.121,61.121,0.798
75.952472,279.247,61.128,0.789
75.964082,279.337,61.134,0.777
75.975692,279.446,61.141,0.767
75.987302,279.212,61.126,0.735
75.998912,278.878,61.106,0.695
76.010522,277.820,61.040,0.640
76.022132,247.859,59.064,0.581
76.033741,785.095,79.024,0.702
76.045351,783.916,78.998,0.724
76.056961,383.786,66.634,0.765
76.068571,328.656,63.949,0.792
76.080181,329.418,63.989,0.814
76.091791,329.628,64.000,0.838
76.103401,330.328,64.037,0.858
76.115011,330.405,64.041,0.872
76.126621,329.122,63.973,0.866
76.138231,329.576,63.997,0.870
76.149841,329.342,63.985,0.862
76.161451,328.341,63.932,0.855
76.173061,326.484,63.834,0.851
76.184671,325.459,63.780,0.844
76.196281,327.112,63.867,0.845
76.207891,327.394,63.882,0.847
76.219501,327.742,63.901,0.837
76.231111,328.168,63.923,0.839
76.242721,327.905,63.909,0.853
76.254331,327.646,63.896,0.865
76.265941,327.452,63.885,0.867
76.277551,326.896,63.856,0.869
76.289161,325.708,63.793,0.867
76.300771,325.086,63.760,0.864
76.312381,325.105,63.761,0.866
76.323991,325.764,63.796,0.863
76.335601,327.874,63.908,0.850
76.347211,328.698,63.951,0.829
76.358821,329.281,63.982,0.813
76.370431,329.989,64.019,0.792
76.382041,331.374,64.091,0.761
76.393651,332.460,64.148,0.721
76.405261,332.273,64.138,0.669
76.416871,329.796,64.009,0.607
76.428481,326.866,63.854,0.528
76.440091,326.249,63.822,0.515
76.451701,327.195,63.872,0.525
76.463311,327.858,63.907,0.530
76.474921,329.056,63.970,0.530
76.486531,358.790,65.468,0.706
76.498141,361.312,65.589,0.738
76.509751,362.749,65.658,0.766
76.521361,361.879,65.616,0.786
76.532971,333.045,64.179,0.815
76.544580,333.706,64.213,0.831
76.556190,332.033,64.126,0.841
76.567800,330.135,64.027,0.856
76.579410,329.521,63.994,0.842
76.591020,329.325,63.984,0.848
76.602630,328.412,63.936,0.857
76.614240,328.082,63.919,0.866
76.625850,327.540,63.890,0.866
76.637460,327.459,63.886,0.870
76.649070,327.809,63.904,0.878
76.660680,328.202,63.925,0.882
76.672290,328.368,63.934,0.883
76.683900,327.992,63.914,0.883
76.695510,327.076,63.865,0.880
76.707120,957.975,82.470,0.872
76.718730,950.343,82.331,0.873
76.730340,940.869,82.158,0.870
76.741950,917.719,81.727,0.871
76.753560,889.156,81.179,0.873
76.765170,870.979,80.822,0.875
76.776780,278.861,61.105,0.879
76.788390,278.369,61.074,0.882
76.800000,278.086,61.056,0.889
76.811610,277.983,61.050,0.891
76.823220,277.971,61.049,0.899
76.834830,277.965,61.049,0.908
76.846440,277.796,61.038,0.916
76.858050,277.435,61.016,0.921
76.869660,276.933,60.984,0.922
76.881270,276.642,60.966,0.921
76.892880,276.399,60.951,0.915
76.904490,276.272,60.943,0.903
76.916100,276.302,60.945,0.887
76.927710,275.898,60.920,0.867
76.939320,275.949,60.923,0.847
76.950930,275.768,60.911,0.828
76.962540,275.538,60.897,0.810
76.974150,275.383,60.887,0.794
76.985760,218.051,56.846,0.787
76.997370,275.388,60.888,0.796
77.008980,275.602,60.901,0.806
77.020590,276.389,60.950,0.803
77.032200,276.080,60.931,0.798
77.043810,275.787,60.913,0.795
77.055420,275.316,60.883,0.797
77.067029,275.090,60.869,0.805
77.078639,274.358,60.823,0.813
77.090249,273.602,60.775,0.816
77.101859,272.849,60.727,0.810
77.113469,272.571,60.710,0.800
77.125079,272.268,60.690,0.785
77.136689,271.927,60.669,0.765
77.148299,272.017,60.674,0.740
77.159909,272.154,60.683,0.707
77.171519,135.435,48.601,0.658
77.183129,137.003,48.801,0.593
77.194739,165.026,52.022,0.527
77.206349,164.784,51.997,0.511
77.217959,164.711,51.989,0.516
77.229569,164.743,51.993,0.578
77.241179,162.140,51.717,0.663
77.252789,162.157,51.719,0.682
77.264399,162.085,51.711,0.707
77.276009,322.127,63.601,0.735
77.287619,328.318,63.931,0.770
77.299229,337.204,64.393,0.796
77.310839,336.822,64.374,0.825
77.322449,334.173,64.237,0.839
77.334059,331.369,64.091,0.850
77.345669,329.670,64.002,0.867
77.357279,329.104,63.972,0.873
77.368889,328.042,63.917,0.877
77.380499,325.672,63.791,0.875
77.392109,323.717,63.687,0.873
77.403719,322.308,63.611,0.869
77.415329,322.458,63.619,0.871
77.426939,326.088,63.813,0.873
77.438549,329.789,64.008,0.873
77.450159,332.366,64.143,0.874
77.461769,333.709,64.213,0.875
77.473379,334.191,64.238,0.874
77.484989,334.092,64.233,0.875
77.496599,334.167,64.237,0.868
77.508209,332.794,64.165,0.866
77.519819,328.468,63.939,0.868
77.531429,325.566,63.785,0.869
77.543039,324.909,63.750,0.869
77.554649,324.721,63.740,0.865
77.566259,325.655,63.790,0.874
77.577868,327.911,63.910,0.877
77.589478,330.932,64.068,0.883
77.601088,332.857,64.169,0.882
77.612698,333.500,64.202,0.869
77.624308,334.099,64.233,0.863
77.635918,333.510,64.203,0.869
77.647528,330.321,64.036,0.873
77.659138,325.789,63.797,0.864
77.670748,324.150,63.710,0.860
77.682358,323.647,63.683,0.858
77.693968,323.513,63.676,0.854
77.705578,324.554,63.731,0.853
77.717188,327.865,63.907,0.846
77.728798,332.320,64.141,0.834
77.740408,332.075,64.128,0.835
77.752018,331.354,64.090,0.843
77.763628,332.005,64.124,0.850
77.775238,331.726,64.110,0.860
77.786848,317.889,63.372,0.872
77.798458,317.348,63.343,0.874
77.810068,315.596,63.247,0.882
77.821678,313.406,63.126,0.886
77.833288,293.164,61.970,0.888
77.844898,281.615,61.275,0.887
77.856508,279.353,61.135,0.884
77.868118,278.727,61.096,0.876
77.879728,277.965,61.049,0.862
77.891338,138.659,49.008,0.858
77.902948,138.550,48.995,0.847
77.914558,138.430,48.980,0.835
77.926168,276.339,60.947,0.821
77.937778,275.954,60.923,0.809
77.949388,275.468,60.893,0.800
77.960998,275.060,60.867,0.793
77.972608,274.535,60.834,0.791
77.984218,274.352,60.822,0.789
77.995828,273.724,60.783,0.788
78.007438,274.820,60.852,0.794
78.019048,276.044,60.929,0.791
78.030658,333.483,64.201,0.780
78.042268,277.675,61.031,0.764
78.053878,277.639,61.028,0.752
78.065488,335.491,64.305,0.736
78.077098,335.092,64.285,0.717
78.088707,333.713,64.213,0.693
78.100317,332.974,64.175,0.649
78.111927,331.685,64.108,0.621
78.123537,326.291,63.824,0.601
78.135147,324.439,63.725,0.593
78.146757,323.219,63.660,0.584
78.158367,138.536,48.993,0.582
78.169977,138.633,49.005,0.589
78.181587,138.381,48.974,0.595
78.193197,138.283,48.961,0.590
78.204807,138.243,48.956,0.593
78.216417,138.362,48.971,0.598
78.228027,138.130,48.942,0.609
78.239637,138.090,48.937,0.620
78.251247,327.365,63.881,0.633
78.262857,327.176,63.871,0.645
78.274467,326.669,63.844,0.651
78.286077,326.390,63.829,0.656
78.297687,325.599,63.787,0.659
78.309297,326.266,63.823,0.655
78.320907,325.149,63.763,0.644
78.332517,324.487,63.728,0.628
78.344127,325.231,63.768,0.607
78.355737,316.123,63.276,0.577
78.367347,164.565,51.974,0.551
78.378957,165.295,52.051,0.535
78.390567,324.829,63.746,0.504
78.402177,163.547,51.866,0.489
78.413787,324.520,63.730,0.615
78.425397,321.225,63.553,0.699
78.437007,320.535,63.516,0.741
78.448617,319.897,63.481,0.770
78.460227,99.891,43.331,0.788
78.471837,99.906,43.334,0.795
78.483447,408.847,67.729,0.801
78.495057,408.513,67.715,0.828
78.506667,408.146,67.699,0.828
78.518277,409.870,67.772,0.822
78.529887,410.642,67.805,0.822
78.541497,412.039,67.863,0.829
78.553107,414.138,67.951,0.844
78.564717,414.556,67.969,0.865
78.576327,413.976,67.945,0.882
78.587937,413.899,67.941,0.884
78.599546,413.619,67.930,0.890
78.611156,413.453,67.923,0.892
78.622766,413.248,67.914,0.888
78.634376,413.767,67.936,0.884
78.645986,415.385,68.003,0.879
78.657596,418.169,68.119,0.875
78.669206,423.895,68.354,0.876
78.680816,431.208,68.651,0.878
78.692426,437.101,68.886,0.880
78.704036,439.717,68.989,0.887
78.715646,440.508,69.020,0.899
78.727256,441.475,69.058,0.901
78.738866,441.863,69.073,0.902
78.750476,441.393,69.055,0.896
78.762086,440.453,69.018,0.886
78.773696,439.452,68.978,0.877
78.785306,438.621,68.946,0.866
78.796916,437.888,68.917,0.857
78.808526,437.678,68.908,0.853
78.820136,438.042,68.923,0.859
78.831746,438.430,68.938,0.868
78.843356,439.158,68.967,0.877
78.854966,439.814,68.993,0.887
78.866576,440.527,69.021,0.897
78.878186,884.466,81.088,0.906
78.889796,884.381,81.086,0.913
78.901406,884.047,81.079,0.914
78.913016,883.505,81.069,0.913
78.924626,883.351,81.066,0.908
78.936236,882.782,81.055,0.905
78.947846,882.554,81.050,0.902
78.959456,882.103,81.041,0.898
78.971066,881.921,81.038,0.892
78.982676,882.099,81.041,0.887
78.994286,440.354,69.014,0.883
79.005896,440.291,69.011,0.881
79.017506,440.265,69.010,0.879
79.029116,440.306,69.012,0.876
79.040726,440.316,69.012,0.870
79.052336,440.318,69.013,0.866
79.063946,440.287,69.011,0.860
79.075556,440.321,69.013,0.855
79.087166,440.372,69.015,0.851
79.098776,440.384,69.015,0.849
79.110385,440.358,69.014,0.850
79.121995,440.433,69.017,0.851
79.133605,440.367,69.014,0.854
79.145215,440.330,69.013,0.855
79.156825,440.062,69.002,0.859
79.168435,439.804,68.992,0.859
79.180045,439.588,68.984,0.856
79.191655,439.384,68.976,0.849
79.203265,439.300,68.972,0.843
79.214875,439.343,68.974,0.840
79.226485,439.409,68.977,0.842
79.238095,439.491,68.980,0.849
79.249705,880.853,81.017,0.858
79.261315,880.589,81.012,0.871
79.272925,880.538,81.011,0.881
79.284535,880.414,81.008,0.890
79.296145,439.691,68.988,0.895
79.307755,439.719,68.989,0.900
79.319365,439.705,68.988,0.902
79.330975,439.831,68.993,0.901
79.342585,440.021,69.001,0.897
79.354195,440.344,69.014,0.892
79.365805,440.516,69.020,0.889
79.377415,440.650,69.026,0.888
79.389025,440.742,69.029,0.889
79.400635,440.782,69.031,0.887
79.412245,440.766,69.030,0.885
79.423855,440.528,69.021,0.884
79.435465,439.579,68.983,0.882
79.447075,438.304,68.933,0.876
79.458685,436.341,68.855,0.874
79.470295,432.851,68.716,0.874
79.481905,429.063,68.564,0.875
79.493515,425.100,68.404,0.877
79.505125,421.606,68.261,0.876
79.516735,418.851,68.147,0.874
79.528345,417.189,68.078,0.873
79.539955,416.488,68.049,0.877
79.551565,415.994,68.029,0.874
79.563175,415.891,68.024,0.870
79.574785,415.475,68.007,0.862
79.586395,415.274,67.999,0.858
79.598005,415.166,67.994,0.846
79.609615,415.079,67.991,0.828
79.621224,415.157,67.994,0.809
79.632834,415.172,67.994,0.785
79.644444,415.718,68.017,0.758
79.656054,417.010,68.071,0.726
79.667664,420.930,68.233,0.691
79.679274,434.338,68.776,0.621
79.690884,438.667,68.947,0.591
79.702494,438.756,68.951,0.598
79.714104,434.617,68.787,0.675
79.725714,406.228,67.617,0.756
79.737324,384.333,66.658,0.787
79.748934,381.497,66.530,0.807
79.760544,379.174,66.424,0.823
79.772154,376.661,66.309,0.837
79.783764,374.627,66.215,0.851
79.795374,373.982,66.186,0.863
79.806984,374.753,66.221,0.862
79.818594,375.627,66.262,0.850
79.830204,379.201,66.425,0.849
79.841814,385.386,66.706,0.853
79.853424,390.592,66.938,0.853
79.865034,398.966,67.305,0.857
79.876644,406.364,67.623,0.862
79.888254,410.653,67.805,0.865
79.899864,413.276,67.915,0.864
79.911474,415.183,67.995,0.859
79.923084,416.613,68.054,0.859
79.934694,417.074,68.074,0.857
79.946304,416.766,68.061,0.857
79.957914,415.820,68.021,0.856
79.969524,414.684,67.974,0.852
79.981134,413.963,67.944,0.850
79.992744,413.801,67.937,0.850
80.004354,414.143,67.952,0.851
80.015964,414.868,67.982,0.849
80.027574,415.652,68.014,0.847
80.039184,416.789,68.062,0.849
80.050794,418.057,68.114,0.851
80.062404,419.655,68.180,0.859
80.074014,420.288,68.206,0.866
80.085624,419.670,68.181,0.875
80.097234,419.035,68.155,0.875
80.108844,417.847,68.106,0.869
80.120454,416.466,68.048,0.868
80.132063,415.222,67.997,0.869
80.143673,414.349,67.960,0.869
80.155283,413.383,67.920,0.857
80.166893,412.724,67.892,0.852
80.178503,412.671,67.890,0.848
80.190113,413.544,67.926,0.861
80.201723,414.751,67.977,0.875
80.213333,415.874,68.024,0.881
80.224943,416.821,68.063,0.881
80.236553,417.151,68.077,0.883
80.248163,417.293,68.083,0.890
80.259773,417.208,68.079,0.891
80.271383,416.953,68.069,0.888
80.282993,416.218,68.038,0.884
80.294603,414.709,67.975,0.880
80.306213,412.896,67.899,0.875
80.317823,411.446,67.838,0.866
80.329433,409.283,67.747,0.857
80.341043,407.341,67.665,0.845
80.352653,405.228,67.575,0.843
80.364263,399.952,67.348,0.840
80.375873,392.618,67.027,0.837
80.387483,360.663,65.558,0.832
80.399093,164.874,52.006,0.833
80.410703,164.527,51.970,0.839
80.422313,164.438,51.960,0.840
80.433923,164.497,51.967,0.840
80.445533,164.464,51.963,0.835
80.457143,164.383,51.955,0.830
80.468753,164.377,51.954,0.818
80.480363,164.365,51.953,0.803
80.491973,164.359,51.952,0.784
80.503583,164.456,51.962,0.765
80.515193,164.453,51.962,0.741
80.526803,164.345,51.951,0.715
80.538413,104.813,44.164,0.692
80.550023,416.065,68.032,0.660
80.561633,417.247,68.081,0.629
80.573243,417.353,68.085,0.610
80.584853,417.286,68.082,0.604
80.596463,416.371,68.044,0.583
80.608073,416.275,68.040,0.581
80.619683,450.744,69.418,0.654
80.631293,443.314,69.130,0.731
80.642902,328.685,63.950,0.764
80.654512,329.568,63.997,0.794
80.666122,329.771,64.008,0.821
80.677732,330.146,64.027,0.842
80.689342,330.141,64.027,0.858
80.700952,329.807,64.009,0.871
80.712562,329.937,64.016,0.871
80.724172,329.282,63.982,0.860
80.735782,328.786,63.956,0.859
80.747392,328.207,63.925,0.855
80.759002,327.963,63.912,0.849
80.770612,327.912,63.910,0.842
80.782222,328.113,63.920,0.837
80.793832,329.041,63.969,0.838
80.805442,330.347,64.038,0.845
80.817052,331.245,64.085,0.855
80.828662,331.863,64.117,0.857
80.840272,331.998,64.124,0.854
80.851882,331.848,64.116,0.852
80.863492,331.201,64.082,0.853
80.875102,330.376,64.039,0.854
80.886712,329.402,63.988,0.849
80.898322,328.575,63.945,0.840
80.909932,327.988,63.914,0.828
80.921542,327.888,63.908,0.820
80.933152,328.528,63.942,0.820
80.944762,329.542,63.996,0.818
80.956372,330.503,64.046,0.815
80.967982,331.093,64.077,0.817
80.979592,331.226,64.084,0.820
80.991202,331.018,64.073,0.826
81.002812,330.376,64.039,0.838
81.014422,329.115,63.973,0.851
81.026032,327.476,63.887,0.862
81.037642,326.399,63.830,0.874
81.049252,325.917,63.804,0.888
81.060862,325.494,63.782,0.893
81.072472,325.618,63.788,0.899
81.084082,325.780,63.797,0.904
81.095692,325.658,63.790,0.903
81.107302,325.426,63.778,0.902
81.118912,325.224,63.767,0.898
81.130522,322.996,63.648,0.894
81.142132,318.269,63.393,0.886
81.153741,308.176,62.835,0.883
81.165351,298.284,62.270,0.878
81.176961,287.235,61.617,0.873
81.188571,280.698,61.218,0.870
81.200181,279.037,61.115,0.867
81.211791,278.082,61.056,0.866
81.223401,277.392,61.013,0.862
81.235011,276.878,60.981,0.856
81.246621,275.930,60.922,0.847
81.258231,277.646,61.029,0.837
81.269841,278.127,61.059,0.823
81.281451,278.587,61.088,0.807
81.293061,279.562,61.148,0.792
81.304671,330.017,64.020,0.786
81.316281,330.212,64.031,0.774
81.327891,329.872,64.013,0.764
81.339501,329.435,63.990,0.752
81.351111,328.950,63.964,0.743
81.362721,328.799,63.956,0.738
81.374331,329.026,63.968,0.732
81.385941,329.337,63.985,0.717
81.397551,329.681,64.003,0.694
81.409161,331.096,64.077,0.682
81.420771,332.539,64.152,0.694
81.432381,332.895,64.171,0.719
81.443991,332.665,64.159,0.725
81.455601,332.519,64.151,0.724
81.467211,332.194,64.134,0.724
81.478821,331.710,64.109,0.726
81.490431,331.005,64.072,0.729
81.502041,330.268,64.034,0.724
81.513651,329.287,63.982,0.710
81.525261,328.248,63.927,0.685
81.536871,328.466,63.939,0.674
81.548481,329.081,63.971,0.674
81.560091,330.093,64.024,0.679
81.571701,330.613,64.052,0.679
81.583311,331.008,64.072,0.669
81.594921,331.233,64.084,0.665
81.606531,330.744,64.059,0.666
81.618141,330.287,64.035,0.667
81.629751,329.776,64.008,0.667
81.641361,328.999,63.967,0.669
81.652971,327.903,63.909,0.665
81.664580,327.548,63.890,0.664
81.676190,327.314,63.878,0.673
81.687800,327.229,63.874,0.688
81.699410,326.913,63.857,0.693
81.711020,325.938,63.805,0.701
81.722630,325.731,63.794,0.700
81.734240,325.367,63.775,0.702
81.745850,325.242,63.768,0.701
81.757460,324.973,63.754,0.697
81.769070,324.228,63.714,0.691
81.780680,92.792,42.055,0.676
81.792290,279.237,61.128,0.665
81.803900,277.161,60.999,0.649
81.815510,275.430,60.890,0.650
81.827120,274.370,60.823,0.641
81.838730,273.264,60.754,0.639
81.850340,272.281,60.691,0.636
81.861950,272.480,60.704,0.635
81.873560,678.395,76.495,0.632
81.885170,671.241,76.312,0.632
81.896780,665.964,76.175,0.637
81.908390,330.432,64.042,0.641
81.920000,330.482,64.045,0.640
81.931610,330.445,64.043,0.636
81.943220,330.225,64.031,0.634
81.954830,329.877,64.013,0.626
81.966440,329.111,63.973,0.624
81.978050,328.639,63.948,0.611
81.989660,327.900,63.909,0.588
82.001270,327.400,63.883,0.567
82.012880,327.697,63.898,0.564
82.024490,328.659,63.949,0.562
82.036100,329.918,64.015,0.574
82.047710,330.711,64.057,0.588
82.059320,331.382,64.092,0.582
82.070930,331.479,64.097,0.585
82.082540,331.686,64.108,0.584
82.094150,331.342,64.090,0.580
82.105760,330.533,64.047,0.567
82.117370,329.321,63.984,0.559
82.128980,327.957,63.912,0.545
82.140590,327.127,63.868,0.527
82.152200,327.384,63.882,0.524
82.163810,327.893,63.909,0.525
82.175420,328.616,63.947,0.519
82.187029,329.172,63.976,0.506
82.198639,329.787,64.008,0.500
82.210249,330.081,64.024,0.490
82.221859,329.832,64.011,0.477
82.233469,329.240,63.980,0.472
82.245079,328.548,63.943,0.478
82.256689,327.567,63.891,0.476
82.268299,327.029,63.863,0.479
82.279909,326.782,63.850,0.486
82.291519,326.952,63.859,0.501
82.303129,326.833,63.853,0.517
82.314739,325.981,63.807,0.534
82.326349,324.790,63.744,0.537
82.337959,324.370,63.722,0.523
82.349569,324.301,63.718,0.514
82.361179,324.359,63.721,0.509
82.372789,323.795,63.691,0.503
82.384399,322.070,63.598,0.487
82.396009,320.176,63.496,0.459
82.407619,92.888,42.073,0.412
82.419229,92.826,42.061,0.380
82.430839,92.899,42.075,0.384
82.442449,163.872,51.901,0.389
82.454059,163.781,51.891,0.397
82.465669,326.728,63.847,0.407
82.477279,328.047,63.917,0.433
82.488889,328.642,63.948,0.457
82.500499,329.357,63.986,0.485
82.512109,329.785,64.008,0.516
82.523719,329.880,64.013,0.539
82.535329,329.674,64.002,0.551
82.546939,329.475,63.992,0.555
82.558549,329.473,63.992,0.551
82.570159,329.373,63.987,0.539
82.581769,329.328,63.984,0.526
82.593379,328.897,63.962,0.504
82.604989,328.374,63.934,0.468
82.616599,328.337,63.932,0.439
82.628209,329.989,64.019,0.415
82.639819,331.462,64.096,0.400
82.651429,331.800,64.114,0.411
82.663039,331.716,64.109,0.420
82.674649,331.324,64.089,0.430
82.686259,331.117,64.078,0.439
82.697868,330.890,64.066,0.439
82.709478,330.372,64.039,0.424
82.721088,329.544,63.996,0.411
82.732698,328.900,63.962,0.405
82.744308,328.656,63.949,0.404
82.755918,329.293,63.982,0.404
82.767528,330.163,64.028,0.403
82.779138,330.830,64.063,0.411
82.790748,331.358,64.091,0.424
82.802358,331.592,64.103,0.438
82.813968,331.259,64.085,0.455
82.825578,330.470,64.044,0.474
82.837188,329.594,63.998,0.487
82.848798,328.538,63.943,0.503
82.860408,327.658,63.896,0.512
82.872018,326.737,63.847,0.515
82.883628,326.298,63.824,0.519
82.895238,325.965,63.807,0.519
82.906848,325.973,63.807,0.512
82.918458,325.959,63.806,0.505
82.930068,325.265,63.769,0.505
82.941678,324.826,63.746,0.494
82.953288,325.083,63.760,0.479
82.964898,325.132,63.762,0.469
82.976508,324.565,63.732,0.454
82.988118,324.051,63.705,0.445
82.999728,162.018,51.704,0.440
83.011338,92.313,41.965,0.429
83.022948,277.117,60.996,0.405
83.034558,274.534,60.834,0.392
83.046168,273.275,60.754,0.395
83.057778,272.372,60.697,0.390
83.069388,271.878,60.665,0.384
83.080998,165.537,52.076,0.374
83.092608,165.321,52.053,0.362
83.104218,165.552,52.077,0.354
83.115828,330.412,64.041,0.336
83.127438,330.384,64.040,0.320
83.139048,330.147,64.027,0.301
83.150658,330.052,64.022,0.286
83.162268,329.949,64.017,0.274
83.173878,329.752,64.007,0.261
83.185488,329.375,63.987,0.259
83.197098,329.132,63.974,0.244
83.208707,328.548,63.943,0.238
83.220317,328.204,63.925,0.228
83.231927,329.062,63.970,0.238
83.243537,329.883,64.013,0.261
83.255147,330.291,64.035,0.279
83.266757,330.565,64.049,0.291
83.278367,330.701,64.056,0.289
83.289977,330.749,64.059,0.288
83.301587,330.826,64.063,0.286
83.313197,330.906,64.067,0.284
83.324807,330.352,64.038,0.268
83.336417,329.762,64.007,0.246
83.348027,329.080,63.971,0.220
83.359637,328.604,63.946,0.193
83.371247,328.802,63.957,0.186
83.382857,329.270,63.981,0.176
83.394467,329.492,63.993,0.170
83.406077,329.765,64.007,0.166
83.417687,330.058,64.023,0.175
83.429297,330.246,64.032,0.176
83.440907,330.013,64.020,0.181
83.452517,329.715,64.005,0.191
83.464127,329.339,63.985,0.200
83.475737,328.544,63.943,0.210
83.487347,328.161,63.923,0.216
83.498957,327.674,63.897,0.221
83.510567,327.158,63.870,0.233
83.522177,326.960,63.859,0.242
83.533787,326.652,63.843,0.251
83.545397,326.208,63.819,0.249
83.557007,325.957,63.806,0.243
83.568617,326.155,63.817,0.230
83.580227,326.097,63.814,0.220
83.591837,326.082,63.813,0.210
83.603447,325.654,63.790,0.186
83.615057,325.235,63.768,0.164
83.626667,326.798,63.851,0.138
83.638277,327.952,63.912,0.124
83.649887,109.756,44.962,0.108
83.661497,109.771,44.964,0.120
83.673107,109.872,44.980,0.125
83.684717,330.164,64.028,0.133
83.696327,329.806,64.009,0.140
83.707937,330.173,64.029,0.144
83.719546,330.501,64.046,0.141
83.731156,330.467,64.044,0.138
83.742766,330.146,64.027,0.138
83.754376,329.762,64.007,0.134
83.765986,329.386,63.987,0.129
83.777596,329.216,63.978,0.121
83.789206,328.874,63.960,0.109
83.800816,328.596,63.946,0.091
83.812426,327.711,63.899,0.080
83.824036,327.391,63.882,0.075
83.835646,327.629,63.895,0.066
83.847256,328.071,63.918,0.063
83.858866,329.532,63.995,0.080
83.870476,330.882,64.066,0.089
83.882086,331.387,64.092,0.102
83.893696,331.051,64.075,0.119
83.905306,331.154,64.080,0.126
83.916916,331.123,64.078,0.128
83.928526,330.959,64.070,0.133
83.940136,330.744,64.059,0.126
83.951746,330.100,64.025,0.109
83.963356,329.489,63.993,0.089
83.974966,329.231,63.979,0.069
83.986576,329.629,64.000,0.048
83.998186,330.342,64.037,0.041
84.009796,330.958,64.070,0.043
84.021406,331.289,64.087,0.055
84.033016,330.852,64.064,0.079
84.044626,330.088,64.024,0.104
84.056236,329.538,63.995,0.118
84.067846,329.148,63.975,0.126
84.079456,328.755,63.954,0.126
84.091066,328.040,63.916,0.121
84.102676,327.295,63.877,0.120
84.114286,326.883,63.855,0.113
84.125896,326.725,63.847,0.103
84.137506,327.117,63.868,0.088
84.149116,327.337,63.879,0.078
84.160726,327.299,63.877,0.078
84.172336,327.337,63.879,0.080
84.183946,327.956,63.912,0.080
84.195556,327.986,63.914,0.070
84.207166,327.899,63.909,0.055
84.218776,327.897,63.909,0.039
84.230385,327.746,63.901,0.023
84.241995,328.263,63.928,0.009
84.253605,,,0.000
84.265215,,,0.000
84.276825,,,0.000
84.288435,,,0.000
84.300045,,,0.000
84.311655,,,0.000
84.323265,,,0.000
84.334875,,,0.000
84.346485,,,0.000
84.358095,,,0.000
84.369705,,,0.000
84.381315,,,0.000
84.392925,,,0.000
84.404535,,,0.000
84.416145,,,0.000
84.427755,,,0.000
84.439365,,,0.000
84.450975,,,0.000
84.462585,,,0.000
84.474195,,,0.000
84.485805,,,0.000
84.497415,,,0.000
84.509025,,,0.000
84.520635,,,0.000
84.532245,,,0.000
84.543855,,,0.000
84.555465,,,0.000
84.567075,,,0.000
84.578685,,,0.000
84.590295,,,0.000
84.601905,,,0.000
84.613515,,,0.000
84.625125,,,0.000
84.636735,,,0.000
84.648345,,,0.000
84.659955,,,0.000
84.671565,,,0.000
84.683175,,,0.000
84.694785,,,0.000
84.706395,,,0.000
84.718005,,,0.000
84.729615,,,0.000
84.741224,,,0.000
84.752834,,,0.000
84.764444,,,0.000
84.776054,,,0.000
84.787664,,,0.000
84.799274,,,0.000
84.810884,,,0.000
84.822494,,,0.000
84.834104,,,0.000
84.845714,,,0.000
84.857324,,,0.000
84.868934,,,0.000
84.880544,,,0.000
84.892154,,,0.000
84.903764,,,0.000
84.915374,,,0.000
84.926984,,,0.000
84.938594,,,0.000
84.950204,,,0.000
84.961814,,,0.000
84.973424,,,0.000
84.985034,,,0.000
84.996644,,,0.000
85.008254,,,0.000
85.019864,,,0.000
85.031474,,,0.000
85.043084,,,0.000
85.054694,,,0.000
85.066304,,,0.000
85.077914,,,0.000
85.089524,,,0.000
85.101134,,,0.000
85.112744,,,0.000
85.124354,,,0.000
85.135964,,,0.000
85.147574,,,0.000
85.159184,,,0.000
85.170794,,,0.000
85.182404,,,0.000
85.194014,,,0.000
85.205624,,,0.000
85.217234,,,0.000
85.228844,,,0.000
85.240454,,,0.000
85.252063,,,0.000
85.263673,,,0.000
85.275283,,,0.000
85.286893,,,0.000
85.298503,,,0.000
85.310113,,,0.000
85.321723,,,0.000
85.333333,,,0.000
85.344943,,,0.000
85.356553,,,0.000
85.368163,,,0.000
85.379773,,,0.000
85.391383,,,0.000
85.402993,,,0.000
85.414603,,,0.000
85.426213,,,0.000
85.437823,,,0.000
85.449433,,,0.000
85.461043,,,0.000
85.472653,,,0.000
85.484263,,,0.000
85.495873,,,0.000
85.507483,,,0.000
85.519093,,,0.000
85.530703,,,0.000
85.542313,,,0.000
85.553923,,,0.000
85.565533,,,0.000
85.577143,,,0.000
85.588753,,,0.000
85.600363,,,0.000
85.611973,,,0.000
85.623583,,,0.000
85.635193,,,0.000
85.646803,,,0.000
85.658413,,,0.000
85.670023,,,0.000
85.681633,,,0.000
85.693243,,,0.000
85.704853,,,0.000
85.716463,,,0.000
85.728073,,,0.000
85.739683,,,0.000
85.751293,,,0.000
85.762902,,,0.000
85.774512,,,0.000
85.786122,,,0.000
85.797732,,,0.000
85.809342,,,0.000
85.820952,,,0.000
85.832562,,,0.000
85.844172,,,0.000
85.855782,,,0.000
85.867392,,,0.000
85.879002,,,0.000
85.890612,,,0.000
85.902222,,,0.000
85.913832,,,0.000
85.925442,,,0.000
85.937052,,,0.000
85.948662,,,0.000
85.960272,,,0.000
85.971882,,,0.000
85.983492,,,0.000
85.995102,,,0.000
86.006712,,,0.000
86.018322,,,0.000
86.029932,,,0.000
86.041542,,,0.000
86.053152,,,0.000
86.064762,,,0.000
86.076372,,,0.000
86.087982,,,0.000
86.099592,,,0.000
86.111202,,,0.000
86.122812,,,0.000
86.134422,,,0.000
86.146032,,,0.000
86.157642,,,0.000
86.169252,,,0.000
86.180862,,,0.000
86.192472,,,0.000
86.204082,,,0.000
86.215692,,,0.000
86.227302,,,0.000
86.238912,,,0.000
86.250522,,,0.000
86.262132,,,0.000
86.273741,,,0.000
86.285351,,,0.000
86.296961,,,0.000
86.308571,,,0.000
86.320181,,,0.000
86.331791,,,0.000
86.343401,,,0.000
86.355011,,,0.000
86.366621,,,0.000
86.378231,,,0.000
86.389841,,,0.000
86.401451,,,0.000
86.413061,,,0.000
86.424671,,,0.000
86.436281,,,0.000
86.447891,,,0.000
86.459501,,,0.000
86.471111,,,0.000
86.482721,,,0.000
86.494331,,,0.000
86.505941,,,0.000
86.517551,,,0.000
86.529161,,,0.000
86.540771,,,0.000
86.552381,,,0.000
86.563991,,,0.000
86.575601,,,0.000
86.587211,,,0.000
86.598821,,,0.000
86.610431,,,0.000
86.622041,,,0.000
86.633651,,,0.000
86.645261,,,0.000
86.656871,,,0.000
86.668481,,,0.000
86.680091,,,0.000
86.691701,,,0.000
86.703311,,,0.000
86.714921,,,0.000
86.726531,,,0.000
86.738141,,,0.000
86.749751,,,0.000
86.761361,,,0.000
86.772971,,,0.000
86.784580,,,0.000
86.796190,,,0.000
86.807800,,,0.000
86.819410,,,0.000
86.831020,,,0.000
86.842630,,,0.000
86.854240,,,0.000
86.865850,,,0.000
86.877460,,,0.000
86.889070,,,0.000
86.900680,,,0.000
86.912290,,,0.000
86.923900,,,0.000
86.935510,,,0.000
86.947120,,,0.000
86.958730,,,0.000
86.970340,,,0.000
86.981950,,,0.000
86.993560,,,0.000
87.005170,,,0.000
87.016780,,,0.000
87.028390,,,0.000
87.040000,,,0.000
87.051610,,,0.000
87.063220,,,0.000
87.074830,,,0.000
87.086440,,,0.000
87.098050,,,0.000
87.109660,,,0.000
87.121270,,,0.000
87.132880,,,0.000
87.144490,,,0.000
87.156100,,,0.000
87.167710,,,0.000
87.179320,,,0.000
87.190930,,,0.000
87.202540,,,0.000
87.214150,,,0.000
87.225760,,,0.000
87.237370,,,0.000
87.248980,,,0.000
87.260590,,,0.000
87.272200,,,0.000
87.283810,,,0.000
87.295420,,,0.000
87.307029,,,0.000
87.318639,,,0.000
87.330249,,,0.000
87.341859,,,0.000
87.353469,,,0.000
87.365079,,,0.000
87.376689,,,0.000
87.388299,,,0.000
87.399909,,,0.000
87.411519,,,0.000
87.423129,,,0.000
87.434739,,,0.000
87.446349,,,0.000
87.457959,,,0.000
87.469569,,,0.000
87.481179,,,0.000
87.492789,,,0.000
87.504399,,,0.000
87.516009,,,0.000
87.527619,,,0.000
87.539229,,,0.000
87.550839,,,0.000
87.562449,,,0.000
87.574059,,,0.000
87.585669,,,0.000
87.597279,,,0.000
87.608889,,,0.000
87.620499,,,0.000
87.632109,,,0.000
87.643719,,,0.000
87.655329,,,0.000
87.666939,,,0.000
87.678549,,,0.000
87.690159,,,0.000
87.701769,,,0.000
87.713379,,,0.000
87.724989,,,0.000
87.736599,,,0.000
87.748209,,,0.000
87.759819,,,0.000
87.771429,,,0.000
87.783039,,,0.000
87.794649,,,0.000
87.806259,,,0.000
87.817868,,,0.000
87.829478,,,0.000
87.841088,,,0.000
87.852698,,,0.000
87.864308,,,0.000
87.875918,,,0.000
87.887528,,,0.000
87.899138,,,0.000
87.910748,,,0.000
87.922358,,,0.000
87.933968,,,0.000
87.945578,,,0.000
87.957188,,,0.000
87.968798,,,0.000
87.980408,,,0.000
87.992018,,,0.000
88.003628,,,0.000
88.015238,,,0.000
88.026848,,,0.000
88.038458,,,0.000
88.050068,,,0.000
88.061678,,,0.000
88.073288,,,0.000
88.084898,,,0.000
88.096508,,,0.000
88.108118,,,0.000
88.119728,,,0.000
88.131338,,,0.000
88.142948,,,0.000
88.154558,,,0.000
88.166168,,,0.000
88.177778,,,0.000
88.189388,,,0.000
88.200998,,,0.000
88.212608,,,0.000
88.224218,,,0.000
88.235828,,,0.000
88.247438,,,0.000
88.259048,,,0.000
88.270658,,,0.000
88.282268,,,0.000
88.293878,,,0.000
88.305488,,,0.000
88.317098,,,0.000
88.328707,,,0.000
88.340317,,,0.000
88.351927,,,0.000
88.363537,,,0.000
88.375147,,,0.000
88.386757,,,0.000
88.398367,,,0.000
88.409977,,,0.000
88.421587,,,0.000
88.433197,,,0.000
88.444807,,,0.000
88.456417,,,0.000
88.468027,,,0.000
88.479637,,,0.000
88.491247,,,0.000
88.502857,,,0.000
88.514467,,,0.000
88.526077,,,0.000
88.537687,,,0.000
88.549297,,,0.000
88.560907,,,0.000
88.572517,,,0.000
88.584127,,,0.000
88.595737,,,0.000
88.607347,,,0.000
88.618957,,,0.000
88.630567,,,0.000
88.642177,,,0.000
88.653787,,,0.000
88.665397,,,0.000
88.677007,,,0.000
88.688617,,,0.000
88.700227,,,0.000
88.711837,,,0.000
88.723447,,,0.000
88.735057,,,0.000
88.746667,,,0.000
88.758277,,,0.000
88.769887,,,0.000
88.781497,,,0.000
88.793107,,,0.000
88.804717,,,0.000
88.816327,,,0.000
88.827937,,,0.000
88.839546,,,0.000
88.851156,,,0.000
88.862766,,,0.000
88.874376,,,0.000
88.885986,,,0.000
88.897596,,,0.000
88.909206,,,0.000
88.920816,,,0.000
88.932426,,,0.000
88.944036,,,0.000
88.955646,,,0.000
88.967256,,,0.000
88.978866,,,0.000
88.990476,,,0.000
89.002086,,,0.000
89.013696,,,0.000
89.025306,,,0.000
89.036916,,,0.000
89.048526,,,0.000
89.060136,,,0.000
89.071746,,,0.000
89.083356,,,0.000
89.094966,,,0.000
89.106576,,,0.000
89.118186,,,0.000
89.129796,,,0.000
89.141406,,,0.000
89.153016,,,0.000
89.164626,,,0.000
89.176236,,,0.000
89.187846,,,0.000
89.199456,,,0.000
89.211066,,,0.000
89.222676,,,0.000
89.234286,,,0.000
89.245896,,,0.000
89.257506,,,0.000
89.269116,,,0.000
89.280726,,,0.000
89.292336,,,0.000
89.303946,,,0.000
89.315556,,,0.000
89.327166,,,0.000
89.338776,,,0.000
89.350385,,,0.000
89.361995,,,0.000
89.373605,,,0.000
89.385215,,,0.000
89.396825,,,0.000
89.408435,,,0.000
89.420045,,,0.000
89.431655,,,0.000
89.443265,,,0.000
89.454875,276.083,60.931,0.435
89.466485,534.346,72.363,0.640
89.478095,188.747,54.347,0.679
89.489705,188.766,54.349,0.696
89.501315,535.574,72.403,0.708
89.512925,355.844,65.325,0.723
89.524535,355.907,65.328,0.759
89.536145,398.219,67.273,0.822
89.547755,402.610,67.463,0.852
89.559365,412.511,67.883,0.861
89.570975,413.734,67.934,0.872
89.582585,414.584,67.970,0.886
89.594195,414.557,67.969,0.901
89.605805,413.796,67.937,0.918
89.617415,413.904,67.942,0.928
89.629025,415.489,68.008,0.922
89.640635,416.365,68.044,0.922
89.652245,417.724,68.101,0.920
89.663855,419.343,68.168,0.922
89.675465,422.025,68.278,0.920
89.687075,425.841,68.434,0.917
89.698685,430.074,68.605,0.909
89.710295,434.754,68.792,0.899
89.721905,437.831,68.914,0.891
89.733515,440.021,69.001,0.879
89.745125,440.723,69.028,0.868
89.756735,440.835,69.033,0.858
89.768345,440.295,69.012,0.853
89.779955,439.655,68.986,0.845
89.791565,439.043,68.962,0.838
89.803175,438.594,68.945,0.826
89.814785,438.479,68.940,0.811
89.826395,438.690,68.948,0.797
89.838005,438.637,68.946,0.787
89.849615,438.236,68.930,0.780
89.861224,436.334,68.855,0.771
89.872834,435.232,68.811,0.752
89.884444,433.952,68.760,0.732
89.896054,432.079,68.685,0.718
89.907664,429.864,68.597,0.706
89.919274,426.158,68.447,0.695
89.930884,421.138,68.241,0.680
89.942494,416.593,68.054,0.646
89.954104,424.593,68.383,0.596
89.965714,426.163,68.447,0.596
89.977324,426.451,68.459,0.626
89.988934,374.198,66.196,0.692
90.000544,373.017,66.141,0.751
90.012154,373.863,66.180,0.781
90.023764,374.167,66.194,0.807
90.035374,373.757,66.175,0.828
90.046984,373.136,66.146,0.846
90.058594,372.523,66.118,0.862
90.070204,372.534,66.118,0.870
90.081814,373.018,66.141,0.866
90.093424,373.610,66.168,0.855
90.105034,374.170,66.194,0.847
90.116644,374.383,66.204,0.839
90.128254,375.399,66.251,0.831
90.139864,378.315,66.385,0.826
90.151474,206.577,55.910,0.820
90.163084,411.292,67.832,0.821
90.174694,413.091,67.907,0.826
90.186304,413.699,67.933,0.833
90.197914,414.230,67.955,0.843
90.209524,414.834,67.980,0.849
90.221134,415.317,68.001,0.855
90.232744,415.340,68.001,0.858
90.244354,415.371,68.003,0.860
90.255964,415.454,68.006,0.859
90.267574,415.366,68.003,0.853
90.279184,415.594,68.012,0.838
90.290794,415.902,68.025,0.818
90.302404,416.231,68.039,0.796
90.314014,416.401,68.046,0.772
90.325624,416.656,68.056,0.740
90.337234,417.538,68.093,0.698
90.348844,417.826,68.105,0.643
90.360454,124.862,47.194,0.580
90.372063,124.810,47.187,0.571
90.383673,125.048,47.220,0.569
90.395283,124.878,47.196,0.564
90.406893,124.853,47.193,0.566
90.418503,124.839,47.191,0.590
90.430113,316.136,63.277,0.670
90.441723,321.368,63.561,0.729
90.453333,325.927,63.805,0.770
90.464943,328.759,63.954,0.808
90.476553,329.929,64.016,0.832
90.488163,330.275,64.034,0.847
90.499773,330.248,64.033,0.860
90.511383,330.130,64.026,0.868
90.522993,330.219,64.031,0.866
90.534603,330.391,64.040,0.862
90.546213,330.002,64.020,0.856
90.557823,329.154,63.975,0.845
90.569433,328.790,63.956,0.841
90.581043,329.121,63.973,0.843
90.592653,329.862,64.012,0.846
90.604263,331.107,64.078,0.851
90.615873,332.701,64.161,0.848
90.627483,333.741,64.215,0.846
90.639093,333.955,64.226,0.844
90.650703,333.721,64.214,0.845
90.662313,332.994,64.176,0.844
90.673923,331.641,64.105,0.837
90.685533,329.615,63.999,0.826
90.697143,327.710,63.899,0.819
90.708753,327.129,63.868,0.821
90.720363,327.098,63.867,0.822
90.731973,327.631,63.895,0.818
90.743583,329.059,63.970,0.809
90.755193,331.017,64.073,0.807
90.766803,331.668,64.107,0.813
90.778413,331.528,64.100,0.817
90.790023,331.736,64.110,0.816
90.801633,331.406,64.093,0.823
90.813243,329.927,64.016,0.830
90.824853,328.465,63.939,0.837
90.836463,327.603,63.893,0.843
90.848073,326.467,63.833,0.846
90.859683,325.936,63.805,0.849
90.871293,325.682,63.792,0.855
90.882902,325.301,63.771,0.862
90.894512,324.865,63.748,0.865
90.906122,324.363,63.721,0.863
90.917732,323.769,63.690,0.863
90.929342,322.381,63.615,0.866
90.940952,318.458,63.403,0.864
90.952562,314.447,63.184,0.860
90.964172,307.408,62.792,0.854
90.975782,282.321,61.318,0.844
90.987392,279.606,61.151,0.830
90.999002,278.170,61.062,0.822
91.010612,277.428,61.015,0.811
91.022222,275.108,60.870,0.796
91.033832,274.151,60.810,0.781
91.045442,273.348,60.759,0.766
91.057052,135.252,48.578,0.764
91.068662,331.752,64.111,0.783
91.080272,331.828,64.115,0.812
91.091882,331.970,64.123,0.830
91.103492,331.582,64.102,0.840
91.115102,331.317,64.089,0.842
91.126712,331.085,64.076,0.846
91.138322,330.786,64.061,0.850
91.149932,330.314,64.036,0.848
91.161542,329.631,64.000,0.843
91.173152,328.538,63.943,0.829
91.184762,327.922,63.910,0.820
91.196372,329.129,63.974,0.825
91.207982,330.608,64.051,0.839
91.219592,332.463,64.148,0.865
91.231202,333.205,64.187,0.872
91.242812,333.716,64.213,0.872
91.254422,334.095,64.233,0.869
91.266032,333.808,64.218,0.873
91.277642,333.298,64.192,0.867
91.289252,332.302,64.140,0.854
91.300862,330.959,64.070,0.840
91.312472,327.870,63.907,0.802
91.324082,326.603,63.840,0.788
91.335692,326.713,63.846,0.794
91.347302,327.321,63.878,0.788
91.358912,328.614,63.947,0.765
91.370522,330.406,64.041,0.769
91.382132,331.345,64.090,0.775
91.393741,331.642,64.105,0.781
91.405351,331.443,64.095,0.787
91.416961,330.940,64.069,0.788
91.428571,329.453,63.991,0.787
91.440181,327.674,63.897,0.794
91.451791,327.021,63.863,0.803
91.463401,325.816,63.799,0.801
91.475011,325.158,63.764,0.801
91.486621,324.315,63.719,0.800
91.498231,323.539,63.677,0.796
91.509841,323.015,63.649,0.799
91.521451,323.687,63.685,0.801
91.533061,324.223,63.714,0.800
91.544671,325.933,63.805,0.796
91.556281,574.428,73.615,0.789
91.567891,573.589,73.590,0.784
91.579501,281.823,61.287,0.780
91.591111,280.519,61.207,0.778
91.602721,279.333,61.134,0.767
91.614331,277.919,61.046,0.748
91.625941,276.773,60.974,0.730
91.637551,275.001,60.863,0.708
91.649161,274.362,60.823,0.692
91.660771,274.783,60.849,0.683
91.672381,276.630,60.965,0.681
91.683991,164.815,52.000,0.691
91.695601,330.657,64.054,0.713
91.707211,330.829,64.063,0.741
91.718821,330.848,64.064,0.749
91.730431,330.779,64.060,0.751
91.742041,330.731,64.058,0.762
91.753651,330.499,64.046,0.769
91.765261,330.320,64.036,0.774
91.776871,329.803,64.009,0.775
91.788481,329.155,63.975,0.773
91.800091,328.775,63.955,0.761
91.811701,329.341,63.985,0.762
91.823311,330.485,64.045,0.776
91.834921,331.701,64.109,0.781
91.846531,332.541,64.152,0.779
91.858141,332.983,64.175,0.774
91.869751,333.170,64.185,0.771
91.881361,332.965,64.174,0.763
91.892971,331.883,64.118,0.759
91.904580,330.547,64.048,0.753
91.916190,328.388,63.935,0.738
91.927800,326.293,63.824,0.727
91.939410,325.871,63.802,0.734
91.951020,326.311,63.825,0.739
91.962630,327.326,63.879,0.732
91.974240,328.977,63.966,0.725
91.985850,330.497,64.046,0.718
91.997460,331.189,64.082,0.718
92.009070,331.431,64.094,0.721
92.020680,331.327,64.089,0.719
92.032290,331.096,64.077,0.705
92.043900,329.902,64.014,0.692
92.055510,327.864,63.907,0.689
92.067120,326.518,63.836,0.684
92.078730,325.851,63.801,0.680
92.090340,325.533,63.784,0.677
92.101950,325.233,63.768,0.663
92.113560,324.908,63.750,0.652
92.125170,325.298,63.771,0.648
92.136780,325.208,63.766,0.647
92.148390,325.243,63.768,0.640
92.160000,325.598,63.787,0.634
92.171610,325.710,63.793,0.633
92.183220,92.919,42.078,0.629
92.194830,92.893,42.074,0.630
92.206440,92.889,42.073,0.627
92.218050,92.848,42.065,0.620
92.229660,273.074,60.741,0.609
92.241270,272.915,60.731,0.596
92.252880,273.324,60.757,0.589
92.264490,273.728,60.783,0.577
92.276100,275.479,60.893,0.563
92.287710,279.605,61.151,0.571
92.299320,329.675,64.002,0.592
92.310930,329.863,64.012,0.602
92.322540,330.045,64.022,0.608
92.334150,330.077,64.024,0.611
92.345760,330.011,64.020,0.613
92.357370,329.854,64.012,0.613
92.368980,329.606,63.999,0.610
92.380590,330.142,64.027,0.596
92.392200,329.882,64.013,0.567
92.403810,329.400,63.988,0.557
92.415420,329.843,64.011,0.558
92.427029,331.059,64.075,0.572
92.438639,332.544,64.153,0.591
92.450249,333.183,64.186,0.606
92.461859,333.356,64.195,0.606
92.473469,333.556,64.205,0.604
92.485079,333.178,64.185,0.607
92.496689,332.180,64.134,0.607
92.508299,331.052,64.075,0.602
92.519909,329.562,63.997,0.589
92.531519,327.346,63.880,0.571
92.543129,325.495,63.782,0.562
92.554739,326.180,63.818,0.584
92.566349,326.764,63.849,0.583
92.577959,327.728,63.900,0.576
92.589569,329.235,63.979,0.562
92.601179,330.122,64.026,0.565
92.612789,330.205,64.030,0.571
92.624399,330.168,64.028,0.574
92.636009,330.408,64.041,0.567
92.647619,329.157,63.975,0.546
92.659229,327.692,63.898,0.550
92.670839,326.831,63.852,0.557
92.682449,325.858,63.801,0.568
92.694059,325.009,63.756,0.571
92.705669,325.144,63.763,0.575
92.717279,324.789,63.744,0.573
92.728889,323.985,63.701,0.568
92.740499,323.695,63.686,0.564
92.752109,323.969,63.700,0.561
92.763719,324.063,63.705,0.553
92.775329,323.668,63.684,0.540
92.786939,92.771,42.051,0.519
92.798549,583.052,73.873,0.491
92.810159,280.732,61.220,0.477
92.821769,278.846,61.104,0.470
92.833379,278.068,61.055,0.461
92.844989,276.790,60.975,0.445
92.856599,275.372,60.887,0.432
92.868209,275.126,60.871,0.419
92.879819,275.508,60.895,0.413
92.891429,275.966,60.924,0.413
92.903039,276.249,60.942,0.417
92.914649,331.912,64.120,0.434
92.926259,331.175,64.081,0.444
92.937868,330.714,64.057,0.458
92.949478,330.285,64.034,0.475
92.961088,330.150,64.027,0.483
92.972698,330.115,64.026,0.488
92.984308,329.672,64.002,0.488
92.995918,329.258,63.981,0.484
93.007528,329.057,63.970,0.472
93.019138,329.427,63.989,0.474
93.030748,330.363,64.039,0.477
93.042358,332.102,64.129,0.473
93.053968,333.010,64.177,0.491
93.065578,333.487,64.202,0.499
93.077188,333.530,64.204,0.502
93.088798,333.095,64.181,0.507
93.100408,332.441,64.147,0.508
93.112018,331.482,64.097,0.499
93.123628,330.459,64.044,0.488
93.135238,329.114,63.973,0.475
93.146848,326.739,63.848,0.446
93.158458,325.356,63.774,0.431
93.170068,325.524,63.783,0.432
93.181678,325.972,63.807,0.423
93.193288,327.758,63.902,0.418
93.204898,329.919,64.015,0.420
93.216508,330.835,64.063,0.430
93.228118,331.108,64.078,0.437
93.239728,330.789,64.061,0.449
93.251338,330.122,64.026,0.460
93.262948,328.945,63.964,0.461
93.274558,327.974,63.913,0.457
93.286168,326.988,63.861,0.452
93.297778,325.790,63.797,0.447
93.309388,324.963,63.753,0.440
93.320998,324.584,63.733,0.432
93.332608,324.381,63.722,0.411
93.344218,324.280,63.717,0.383
93.355828,325.427,63.778,0.359
93.367438,325.915,63.804,0.346
93.379048,326.140,63.816,0.331
93.390658,326.588,63.840,0.316
93.402268,326.648,63.843,0.286
93.413878,92.623,42.023,0.266
93.425488,92.466,41.994,0.267
93.437098,92.413,41.984,0.246
93.448707,92.462,41.993,0.230
93.460317,92.525,42.005,0.220
93.471927,92.332,41.969,0.219
93.483537,92.323,41.967,0.199
93.495147,92.460,41.993,0.185
93.506757,706.768,77.205,0.172
93.518367,331.713,64.109,0.158
93.529977,332.091,64.129,0.145
93.541587,332.080,64.128,0.138
93.553197,331.459,64.096,0.140
93.564807,330.472,64.044,0.135
93.576417,330.092,64.024,0.137
93.588027,329.747,64.006,0.138
93.599637,329.831,64.011,0.130
93.611247,329.377,63.987,0.139
93.622857,328.886,63.961,0.146
93.634467,329.129,63.974,0.154
93.646077,330.121,64.026,0.158
93.657687,330.726,64.058,0.165
93.669297,332.338,64.142,0.176
93.680907,333.188,64.186,0.186
93.692517,333.267,64.190,0.188
93.704127,333.586,64.207,0.176
93.715737,333.760,64.216,0.165
93.727347,333.276,64.191,0.158
93.738957,332.717,64.162,0.148
93.750567,331.781,64.113,0.138
93.762177,330.174,64.029,0.112
93.773787,328.658,63.949,0.091
93.785397,329.242,63.980,0.094
93.797007,330.214,64.031,0.103
93.808617,330.854,64.064,0.097
93.820227,331.625,64.105,0.090
93.831837,331.880,64.118,0.090
93.843447,331.823,64.115,0.097
93.855057,331.561,64.101,0.103
93.866667,330.476,64.045,0.105
93.878277,329.199,63.977,0.093
93.889887,328.096,63.919,0.082
93.901497,327.477,63.887,0.077
93.913107,327.312,63.878,0.076
93.924717,327.026,63.863,0.068
93.936327,326.447,63.832,0.054
93.947937,325.794,63.797,0.038
93.959546,327.569,63.892,0.017
93.971156,327.737,63.900,0.013
93.982766,327.328,63.879,0.015
93.994376,327.220,63.873,0.018
94.005986,602.731,74.448,0.021
94.017596,594.223,74.202,0.028
94.029206,276.881,60.981,0.029
94.040816,92.790,42.054,0.032
94.052426,92.328,41.968,0.018
94.064036,92.323,41.967,0.001
94.075646,,,0.000
94.087256,,,0.000
94.098866,,,0.000
94.110476,,,0.000
94.122086,,,0.000
94.133696,,,0.000
94.145306,,,0.000
94.156916,,,0.000
94.168526,328.953,63.965,0.010
94.180136,328.940,63.964,0.012
94.191746,328.816,63.957,0.012
94.203356,328.402,63.936,0.006
94.214966,,,0.000
94.226576,,,0.000
94.238186,,,0.000
94.249796,,,0.000
94.261406,,,0.000
94.273016,,,0.000
94.284626,,,0.000
94.296236,333.412,64.198,0.016
94.307846,333.443,64.199,0.020
94.319456,333.561,64.205,0.017
94.331066,333.623,64.209,0.006
94.342676,,,0.000
94.354286,,,0.000
94.365896,,,0.000
94.377506,,,0.000
94.389116,,,0.000
94.400726,,,0.000
94.412336,,,0.000
94.423946,,,0.000
94.435556,,,0.000
94.447166,,,0.000
94.458776,,,0.000
94.470385,,,0.000
94.481995,,,0.000
94.493605,,,0.000
94.505215,,,0.000
94.516825,,,0.000
94.528435,,,0.000
94.540045,,,0.000
94.551655,,,0.000
94.563265,,,0.000
94.574875,,,0.000
94.586485,,,0.000
94.598095,,,0.000
94.609705,,,0.000
94.621315,,,0.000
94.632925,,,0.000
94.644535,,,0.000
94.656145,,,0.000
94.667755,,,0.000
94.679365,,,0.000
94.690975,,,0.000
94.702585,,,0.000
94.714195,,,0.000
94.725805,,,0.000
94.737415,,,0.000
94.749025,,,0.000
94.760635,,,0.000
94.772245,,,0.000
94.783855,,,0.000
94.795465,,,0.000
94.807075,,,0.000
94.818685,,,0.000
94.830295,,,0.000
94.841905,,,0.000
94.853515,,,0.000
94.865125,,,0.000
94.876735,,,0.000
94.888345,,,0.000
94.899955,,,0.000
94.911565,,,0.000
94.923175,,,0.000
94.934785,,,0.000
94.946395,,,0.000
94.958005,,,0.000
94.969615,,,0.000
94.981224,,,0.000
94.992834,,,0.000
95.004444,,,0.000
95.016054,,,0.000
95.027664,,,0.000
95.039274,,,0.000
95.050884,,,0.000
95.062494,,,0.000
95.074104,,,0.000
95.085714,,,0.000
95.097324,,,0.000
95.108934,,,0.000
95.120544,,,0.000
95.132154,,,0.000
95.143764,,,0.000
95.155374,,,0.000
95.166984,,,0.000
95.178594,,,0.000
95.190204,,,0.000
95.201814,,,0.000
95.213424,,,0.000
95.225034,,,0.000
95.236644,,,0.000
95.248254,,,0.000
95.259864,,,0.000
95.271474,,,0.000
95.283084,,,0.000
95.294694,,,0.000
95.306304,,,0.000
95.317914,,,0.000
95.329524,,,0.000
95.341134,,,0.000
95.352744,,,0.000
95.364354,,,0.000
95.375964,,,0.000
95.387574,,,0.000
95.399184,,,0.000
95.410794,,,0.000
95.422404,,,0.000
95.434014,,,0.000
95.445624,,,0.000
95.457234,,,0.000
95.468844,,,0.000
95.480454,,,0.000
95.492063,,,0.000
95.503673,,,0.000
95.515283,,,0.000
95.526893,,,0.000
95.538503,,,0.000
95.550113,,,0.000
95.561723,,,0.000
95.573333,,,0.000
95.584943,,,0.000
95.596553,,,0.000
95.608163,,,0.000
95.619773,,,0.000
95.631383,,,0.000
95.642993,,,0.000
95.654603,,,0.000
95.666213,,,0.000
95.677823,,,0.000
95.689433,,,0.000
95.701043,,,0.000
95.712653,,,0.000
95.724263,,,0.000
95.735873,,,0.000
95.747483,,,0.000
95.759093,,,0.000
95.770703,,,0.000
95.782313,,,0.000
95.793923,,,0.000
95.805533,,,0.000
95.817143,,,0.000
95.828753,,,0.000
95.840363,,,0.000
95.851973,,,0.000
95.863583,,,0.000
95.875193,,,0.000
95.886803,,,0.000
95.898413,,,0.000
95.910023,,,0.000
95.921633,,,0.000
95.933243,,,0.000
95.944853,,,0.000
95.956463,,,0.000
95.968073,,,0.000
95.979683,,,0.000
95.991293,,,0.000
96.002902,,,0.000
96.014512,,,0.000
96.026122,,,0.000
96.037732,,,0.000
96.049342,,,0.000
96.060952,,,0.000
96.072562,,,0.000
96.084172,,,0.000
96.095782,,,0.000
96.107392,,,0.000
96.119002,,,0.000
96.130612,,,0.000
96.142222,,,0.000
96.153832,,,0.000
96.165442,,,0.000
96.177052,,,0.000
96.188662,,,0.000
96.200272,,,0.000
96.211882,,,0.000
96.223492,,,0.000
96.235102,,,0.000
96.246712,,,0.000
96.258322,,,0.000
96.269932,,,0.000
96.281542,,,0.000
96.293152,,,0.000
96.304762,,,0.000
96.316372,,,0.000
96.327982,,,0.000
96.339592,,,0.000
96.351202,,,0.000
96.362812,,,0.000
96.374422,,,0.000
96.386032,,,0.000
96.397642,,,0.000
96.409252,,,0.000
96.420862,,,0.000
96.432472,,,0.000
96.444082,,,0.000
96.455692,,,0.000
96.467302,,,0.000
96.478912,,,0.000
96.490522,,,0.000
96.502132,,,0.000
96.513741,,,0.000
96.525351,,,0.000
96.536961,,,0.000
96.548571,,,0.000
96.560181,,,0.000
96.571791,,,0.000
96.583401,,,0.000
96.595011,,,0.000
96.606621,,,0.000
96.618231,,,0.000
96.629841,,,0.000
96.641451,,,0.000
96.653061,,,0.000
96.664671,,,0.000
96.676281,,,0.000
96.687891,,,0.000
96.699501,,,0.000
96.711111,,,0.000
96.722721,,,0.000
96.734331,,,0.000
96.745941,,,0.000
96.757551,,,0.000
96.769161,,,0.000
96.780771,,,0.000
96.792381,,,0.000
96.803991,,,0.000
96.815601,,,0.000
96.827211,,,0.000
96.838821,,,0.000
96.850431,,,0.000
96.862041,,,0.000
96.873651,,,0.000
96.885261,,,0.000
96.896871,,,0.000
96.908481,,,0.000
96.920091,,,0.000
96.931701,,,0.000
96.943311,,,0.000
96.954921,,,0.000
96.966531,,,0.000
96.978141,,,0.000
96.989751,,,0.000
97.001361,,,0.000
97.012971,,,0.000
97.024580,,,0.000
97.036190,,,0.000
97.047800,,,0.000
97.059410,,,0.000
97.071020,,,0.000
97.082630,,,0.000
97.094240,,,0.000
97.105850,,,0.000
97.117460,,,0.000
97.129070,,,0.000
97.140680,,,0.000
97.152290,,,0.000
97.163900,,,0.000
97.175510,,,0.000
97.187120,,,0.000
97.198730,,,0.000
97.210340,,,0.000
97.221950,,,0.000
97.233560,,,0.000
97.245170,,,0.000
97.256780,,,0.000
97.268390,,,0.000
97.280000,,,0.000
97.291610,,,0.000
97.303220,,,0.000
97.314830,,,0.000
97.326440,,,0.000
97.338050,,,0.000
97.349660,,,0.000
97.361270,,,0.000
97.372880,,,0.000
97.384490,,,0.000
97.396100,,,0.000
97.407710,,,0.000
97.419320,,,0.000
97.430930,,,0.000
97.442540,,,0.000
97.454150,,,0.000
97.465760,,,0.000
97.477370,,,0.000
97.488980,,,0.000
97.500590,,,0.000
97.512200,,,0.000
97.523810,,,0.000
97.535420,,,0.000
97.547029,,,0.000
97.558639,,,0.000
97.570249,,,0.000
97.581859,,,0.000
97.593469,,,0.000
97.605079,,,0.000
97.616689,,,0.000
97.628299,,,0.000
97.639909,,,0.000
97.651519,,,0.000
97.663129,,,0.000
97.674739,,,0.000
97.686349,,,0.000
97.697959,,,0.000
97.709569,,,0.000
97.721179,,,0.000
97.732789,,,0.000
97.744399,,,0.000
97.756009,,,0.000
97.767619,,,0.000
97.779229,,,0.000
97.790839,,,0.000
97.802449,,,0.000
97.814059,,,0.000
97.825669,,,0.000
97.837279,,,0.000
97.848889,,,0.000
97.860499,,,0.000
97.872109,,,0.000
97.883719,,,0.000
97.895329,,,0.000
97.906939,,,0.000
97.918549,,,0.000
97.930159,,,0.000
97.941769,,,0.000
97.953379,,,0.000
97.964989,,,0.000
97.976599,,,0.000
97.988209,,,0.000
97.999819,,,0.000
98.011429,,,0.000
98.023039,,,0.000
98.034649,,,0.000
98.046259,,,0.000
98.057868,,,0.000
98.069478,,,0.000
98.081088,,,0.000
98.092698,,,0.000
98.104308,,,0.000
98.115918,,,0.000
98.127528,,,0.000
98.139138,,,0.000
98.150748,,,0.000
98.162358,,,0.000
98.173968,,,0.000
98.185578,,,0.000
98.197188,,,0.000
98.208798,,,0.000
98.220408,,,0.000
98.232018,,,0.000
98.243628,,,0.000
98.255238,,,0.000
98.266848,,,0.000
98.278458,,,0.000
98.290068,,,0.000
98.301678,,,0.000
98.313288,,,0.000
98.324898,,,0.000
98.336508,,,0.000
98.348118,,,0.000
98.359728,,,0.000
98.371338,,,0.000
98.382948,,,0.000
98.394558,,,0.000
98.406168,,,0.000
98.417778,,,0.000
98.429388,,,0.000
98.440998,,,0.000
98.452608,,,0.000
98.464218,,,0.000
98.475828,,,0.000
98.487438,,,0.000
98.499048,,,0.000
98.510658,,,0.000
98.522268,,,0.000
98.533878,,,0.000
98.545488,,,0.000
98.557098,,,0.000
98.568707,,,0.000
98.580317,,,0.000
98.591927,,,0.000
98.603537,,,0.000
98.615147,,,0.000
98.626757,,,0.000
98.638367,,,0.000
98.649977,,,0.000
98.661587,,,0.000
98.673197,,,0.000
98.684807,,,0.000
98.696417,,,0.000
98.708027,,,0.000
98.719637,,,0.000
98.731247,,,0.000
98.742857,,,0.000
98.754467,,,0.000
98.766077,,,0.000
98.777687,,,0.000
98.789297,,,0.000
98.800907,,,0.000
98.812517,,,0.000
98.824127,,,0.000
98.835737,,,0.000
98.847347,,,0.000
98.858957,,,0.000
98.870567,,,0.000
98.882177,,,0.000
98.893787,,,0.000
98.905397,,,0.000
98.917007,,,0.000
98.928617,,,0.000
98.940227,,,0.000
98.951837,,,0.000
98.963447,,,0.000
98.975057,,,0.000
98.986667,,,0.000
98.998277,,,0.000
99.009887,,,0.000
99.021497,,,0.000
99.033107,,,0.000
99.044717,,,0.000
99.056327,,,0.000
99.067937,,,0.000
99.079546,,,0.000
99.091156,,,0.000
99.102766,,,0.000
99.114376,,,0.000
99.125986,,,0.000
99.137596,,,0.000
99.149206,,,0.000
99.160816,,,0.000
99.172426,,,0.000
99.184036,,,0.000
99.195646,,,0.000
99.207256,,,0.000
99.218866,,,0.000
99.230476,,,0.000
99.242086,,,0.000
99.253696,,,0.000
99.265306,,,0.000
99.276916,,,0.000
99.288526,,,0.000
99.300136,,,0.000
99.311746,,,0.000
99.323356,,,0.000
99.334966,,,0.000
99.346576,,,0.000
99.358186,,,0.000
99.369796,,,0.000
99.381406,,,0.000
99.393016,,,0.000
99.404626,,,0.000
99.416236,,,0.000
99.427846,,,0.000
99.439456,,,0.000
99.451066,,,0.000
99.462676,,,0.000
99.474286,,,0.000
99.485896,,,0.000
99.497506,,,0.000
99.509116,,,0.000
99.520726,,,0.000
99.532336,,,0.000
99.543946,,,0.000
99.555556,,,0.000
99.567166,,,0.000
99.578776,,,0.000
99.590385,,,0.000
99.601995,,,0.000
99.613605,,,0.000
99.625215,,,0.000
99.636825,,,0.000
99.648435,,,0.000
99.660045,,,0.000
99.671655,,,0.000
99.683265,,,0.000
99.694875,,,0.000
99.706485,,,0.000
99.718095,,,0.000
99.729705,,,0.000
99.741315,,,0.000
99.752925,,,0.000
99.764535,,,0.000
99.776145,,,0.000
99.787755,,,0.000
99.799365,,,0.000
99.810975,,,0.000
99.822585,,,0.000
99.834195,,,0.000
99.845805,,,0.000
99.857415,,,0.000
99.869025,,,0.000
99.880635,,,0.000
99.892245,,,0.000
99.903855,,,0.000
99.915465,,,0.000
99.927075,,,0.000
99.938685,,,0.000
99.950295,,,0.000
99.961905,,,0.000
99.973515,,,0.000
99.985125,,,0.000
99.996735,,,0.000
100.008345,,,0.000
100.019955,,,0.000
100.031565,,,0.000
100.043175,,,0.000
100.054785,,,0.000
100.066395,,,0.000
100.078005,,,0.000
100.089615,,,0.000
100.101224,,,0.000
100.112834,,,0.000
100.124444,,,0.000
100.136054,,,0.000
100.147664,,,0.000
100.159274,,,0.000
100.170884,,,0.000
100.182494,,,0.000
100.194104,,,0.000
100.205714,,,0.000
100.217324,,,0.000
100.228934,,,0.000
100.240544,,,0.000
100.252154,,,0.000
100.263764,,,0.000
100.275374,,,0.000
100.286984,,,0.000
100.298594,,,0.000
100.310204,,,0.000
100.321814,,,0.000
100.333424,,,0.000
100.345034,,,0.000
100.356644,,,0.000
100.368254,,,0.000
100.379864,,,0.000
100.391474,,,0.000
100.403084,,,0.000
100.414694,,,0.000
100.426304,,,0.000
100.437914,,,0.000
100.449524,,,0.000
100.461134,,,0.000
100.472744,,,0.000
100.484354,,,0.000
100.495964,,,0.000
100.507574,,,0.000
100.519184,,,0.000
100.530794,,,0.000
100.542404,,,0.000
100.554014,,,0.000
100.565624,,,0.000
100.577234,597.228,74.289,0.046
100.588844,599.094,74.343,0.098
100.600454,595.162,74.229,0.128
100.612063,595.943,74.252,0.159
100.623673,595.604,74.242,0.181
100.635283,597.805,74.306,0.201
100.646893,596.299,74.262,0.223
100.658503,823.775,79.857,0.231
100.670113,833.986,80.070,0.237
100.681723,840.198,80.199,0.240
100.693333,842.962,80.256,0.241
100.704943,601.246,74.405,0.235
100.716553,600.615,74.387,0.228
100.728163,844.954,80.296,0.226
100.739773,190.515,54.509,0.225
100.751383,125.390,47.267,0.223
100.762993,83.238,40.174,0.217
100.774603,83.209,40.168,0.208
100.786213,247.250,59.022,0.228
100.797823,598.666,74.331,0.363
100.809433,606.022,74.542,0.391
100.821043,631.711,75.261,0.550
100.832653,635.933,75.376,0.560
100.844263,625.279,75.084,0.596
100.855873,626.187,75.109,0.611
100.867483,633.391,75.307,0.645
100.879093,637.877,75.429,0.663
100.890703,650.438,75.767,0.680
100.902313,653.085,75.837,0.698
100.913923,655.525,75.902,0.690
100.925533,654.764,75.882,0.698
100.937143,663.103,76.101,0.685
100.948753,665.889,76.173,0.677
100.960363,681.563,76.576,0.651
100.971973,540.666,72.567,0.632
100.983583,154.432,50.874,0.633
100.995193,467.786,70.060,0.683
101.006803,1002.273,83.252,0.703
101.018413,1002.273,83.252,0.724
101.030023,1002.273,83.252,0.753
101.041633,1002.273,83.252,0.777
101.053243,1002.273,83.252,0.796
101.064853,1002.273,83.252,0.812
101.076463,82.906,40.105,0.817
101.088073,82.919,40.107,0.810
101.099683,361.040,65.576,0.808
101.111293,100.144,43.375,0.803
101.122902,393.585,67.070,0.790
101.134512,255.991,59.623,0.795
101.146122,256.083,59.629,0.805
101.157732,250.129,59.222,0.813
101.169342,250.426,59.243,0.822
101.180952,249.981,59.212,0.828
101.192562,249.982,59.212,0.833
101.204172,248.471,59.107,0.843
101.215782,247.959,59.071,0.854
101.227392,246.756,58.987,0.853
101.239002,246.212,58.949,0.848
101.250612,245.739,58.915,0.844
101.262222,245.374,58.890,0.837
101.273832,245.171,58.875,0.824
101.285442,244.962,58.861,0.821
101.297052,244.308,58.814,0.824
101.308662,237.853,58.351,0.822
101.320272,230.147,57.781,0.826
101.331882,212.379,56.390,0.823
101.343492,210.690,56.251,0.823
101.355102,209.892,56.186,0.829
101.366712,209.527,56.156,0.835
101.378322,208.897,56.103,0.837
101.389932,208.286,56.053,0.824
101.401542,208.096,56.037,0.814
101.413152,207.826,56.014,0.796
101.424762,207.716,56.005,0.778
101.436372,206.772,55.926,0.759
101.447982,206.390,55.894,0.745
101.459592,205.279,55.801,0.735
101.471202,240.247,58.524,0.745
101.482812,245.565,58.903,0.768
101.494422,247.381,59.031,0.787
101.506032,252.917,59.414,0.805
101.517642,253.309,59.441,0.823
101.529252,252.975,59.418,0.840
101.540862,252.030,59.353,0.849
101.552472,250.287,59.233,0.857
101.564082,249.233,59.160,0.858
101.575692,247.998,59.074,0.854
101.587302,246.015,58.935,0.853
101.598912,244.858,58.853,0.855
101.610522,244.181,58.805,0.855
101.622132,244.294,58.813,0.853
101.633741,245.067,58.868,0.850
101.645351,246.205,58.948,0.840
101.656961,247.757,59.057,0.822
101.668571,249.681,59.191,0.802
101.680181,251.540,59.319,0.778
101.691791,252.874,59.411,0.745
101.703401,253.534,59.456,0.703
101.715011,251.738,59.333,0.640
101.726621,246.886,58.996,0.527
101.738231,187.920,54.271,0.426
101.749841,762.954,78.529,0.451
101.761451,245.425,58.893,0.534
101.773061,243.834,58.781,0.664
101.784671,245.338,58.887,0.726
101.796281,247.352,59.029,0.769
101.807891,249.478,59.177,0.807
101.819501,249.937,59.209,0.838
101.831111,249.516,59.180,0.858
101.842721,248.842,59.133,0.874
101.854331,247.920,59.068,0.883
101.865941,247.436,59.035,0.879
101.877551,246.663,58.980,0.875
101.889161,245.018,58.865,0.868
101.900771,243.890,58.785,0.859
101.912381,243.455,58.754,0.848
101.923991,243.892,58.785,0.843
101.935601,246.633,58.978,0.840
101.947211,249.032,59.146,0.840
101.958821,249.848,59.203,0.841
101.970431,250.170,59.225,0.840
101.982041,250.008,59.214,0.840
101.993651,249.614,59.186,0.837
102.005261,247.343,59.028,0.836
102.016871,244.876,58.855,0.833
102.028481,243.680,58.770,0.827
102.040091,243.319,58.744,0.822
102.051701,243.865,58.783,0.821
102.063311,246.023,58.935,0.822
102.074921,249.379,59.170,0.825
102.086531,251.385,59.309,0.829
102.098141,251.510,59.317,0.826
102.109751,251.596,59.323,0.825
102.121361,250.622,59.256,0.823
102.132971,248.138,59.084,0.821
102.144580,246.583,58.975,0.819
102.156190,245.704,58.913,0.816
102.167800,244.630,58.837,0.809
102.179410,244.043,58.796,0.800
102.191020,244.414,58.822,0.790
102.202630,245.111,58.871,0.777
102.214240,245.975,58.932,0.770
102.225850,246.186,58.947,0.776
102.237460,241.258,58.597,0.780
102.249070,211.566,56.323,0.783
102.260680,208.832,56.098,0.799
102.272290,207.963,56.026,0.809
102.283900,207.468,55.985,0.827
102.295510,207.532,55.990,0.838
102.307120,207.709,56.005,0.844
102.318730,207.637,55.999,0.845
102.330340,207.543,55.991,0.843
102.341950,207.505,55.988,0.845
102.353560,103.836,44.002,0.836
102.365170,207.318,55.972,0.833
102.376780,206.884,55.936,0.822
102.388390,206.891,55.936,0.812
102.400000,206.145,55.874,0.805
102.411610,205.245,55.798,0.793
102.423220,204.968,55.775,0.790
102.434830,195.132,54.923,0.776
102.446440,194.621,54.878,0.768
102.458050,859.179,80.585,0.757
102.469660,856.107,80.523,0.748
102.481270,245.744,58.916,0.742
102.492880,245.943,58.930,0.731
102.504490,246.036,58.936,0.719
102.516100,244.981,58.862,0.694
102.527710,244.597,58.835,0.677
102.539320,244.976,58.862,0.662
102.550930,245.552,58.902,0.645
102.562540,246.187,58.947,0.626
102.574150,125.601,47.296,0.612
102.585760,125.457,47.276,0.605
102.597370,125.379,47.266,0.594
102.608980,768.337,78.651,0.584
102.620590,771.358,78.719,0.575
102.632200,774.334,78.785,0.571
102.643810,780.792,78.929,0.564
102.655420,104.540,44.119,0.555
102.667029,782.270,78.962,0.554
102.678639,789.395,79.119,0.549
102.690249,784.405,79.009,0.547
102.701859,782.707,78.972,0.554
102.713469,790.871,79.151,0.556
102.725079,797.594,79.298,0.547
102.736689,247.782,59.059,0.544
102.748299,247.337,59.028,0.546
102.759909,246.806,58.991,0.533
102.771519,123.123,46.951,0.528
102.783129,122.852,46.913,0.519
102.794739,122.631,46.882,0.502
102.806349,122.975,46.930,0.481
102.817959,123.136,46.953,0.462
102.829569,123.437,46.995,0.441
102.841179,246.172,58.946,0.424
102.852789,209.745,56.174,0.427
102.864399,209.342,56.140,0.430
102.876009,209.235,56.131,0.435
102.887619,208.354,56.058,0.460
102.899229,207.753,56.008,0.482
102.910839,207.475,55.985,0.501
102.922449,207.634,55.998,0.519
102.934059,207.496,55.987,0.533
102.945669,207.342,55.974,0.539
102.957279,207.099,55.954,0.540
102.968889,207.283,55.969,0.551
102.980499,207.305,55.971,0.554
102.992109,207.216,55.964,0.563
103.003719,207.532,55.990,0.567
103.015329,207.470,55.985,0.574
103.026939,920.140,81.772,0.578
103.038549,920.644,81.782,0.586
103.050159,125.217,47.243,0.593
103.061769,124.056,47.082,0.596
103.073379,248.311,59.096,0.594
103.084989,246.975,59.002,0.587
103.096599,247.422,59.034,0.585
103.108209,245.617,58.907,0.575
103.119819,245.272,58.883,0.565
103.131429,245.354,58.888,0.553
103.143039,245.978,58.932,0.542
103.154649,248.333,59.097,0.529
103.166259,250.624,59.256,0.521
103.177868,250.924,59.277,0.508
103.189478,250.755,59.265,0.495
103.201088,250.705,59.262,0.488
103.212698,249.743,59.195,0.486
103.224308,784.600,79.013,0.484
103.235918,786.693,79.060,0.499
103.247528,242.911,58.715,0.513
103.259138,149.141,50.270,0.542
103.270748,184.176,53.923,0.617
103.282358,185.322,54.030,0.686
103.293968,185.221,54.021,0.736
103.305578,192.046,54.647,0.766
103.317188,192.104,54.653,0.788
103.328798,204.427,55.729,0.800
103.340408,214.877,56.592,0.815
103.352018,215.998,56.682,0.824
103.363628,217.868,56.831,0.830
103.375238,219.158,56.934,0.823
103.386848,220.244,57.019,0.815
103.398458,221.349,57.106,0.811
103.410068,223.179,57.248,0.809
103.421678,226.067,57.471,0.811
103.433288,233.580,58.037,0.813
103.444898,241.740,58.631,0.822
103.456508,245.405,58.892,0.826
103.468118,247.024,59.006,0.834
103.479728,247.697,59.053,0.842
103.491338,248.143,59.084,0.850
103.502948,248.366,59.100,0.857
103.514558,248.459,59.106,0.863
103.526168,248.041,59.077,0.865
103.537778,247.702,59.053,0.869
103.549388,247.399,59.032,0.871
103.560998,247.068,59.009,0.871
103.572608,246.716,58.984,0.871
103.584218,246.136,58.943,0.869
103.595828,245.911,58.928,0.864
103.607438,245.847,58.923,0.862
103.619048,246.367,58.960,0.858
103.630658,247.126,59.013,0.851
103.642268,247.882,59.066,0.844
103.653878,248.244,59.091,0.844
103.665488,248.171,59.086,0.844
103.677098,248.053,59.078,0.843
103.688707,247.806,59.061,0.842
103.700317,247.479,59.038,0.844
103.711927,247.189,59.017,0.847
103.723537,246.797,58.990,0.850
103.735147,246.623,58.978,0.853
103.746757,246.562,58.973,0.853
103.758367,246.732,58.985,0.853
103.769977,247.146,59.014,0.853
103.781587,247.413,59.033,0.857
103.793197,247.638,59.049,0.858
103.804807,247.763,59.057,0.860
103.816417,247.778,59.059,0.861
103.828027,247.796,59.060,0.862
103.839637,247.716,59.054,0.855
103.851247,247.775,59.058,0.846
103.862857,247.661,59.050,0.841
103.874467,247.666,59.051,0.831
103.886077,247.412,59.033,0.822
103.897687,242.682,58.699,0.809
103.909297,242.530,58.688,0.795
103.920907,242.644,58.696,0.792
103.932517,248.992,59.143,0.806
103.944127,248.604,59.116,0.819
103.955737,248.328,59.097,0.824
103.967347,247.734,59.055,0.835
103.978957,247.685,59.052,0.842
103.990567,247.288,59.024,0.850
104.002177,246.676,58.981,0.857
104.013787,246.252,58.952,0.849
104.025397,245.870,58.925,0.829
104.037007,245.476,58.897,0.806
104.048617,245.178,58.876,0.782
104.060227,244.910,58.857,0.752
104.071837,244.232,58.809,0.709
104.083447,243.132,58.731,0.648
104.095057,245.999,58.934,0.548
104.106667,123.610,47.020,0.474
104.118277,247.393,59.032,0.576
104.129887,124.507,47.145,0.648
104.141497,202.217,55.541,0.693
104.153107,94.665,42.401,0.735
104.164717,479.347,70.483,0.764
104.176327,259.079,59.831,0.789
104.187937,259.025,59.827,0.807
104.199546,108.155,44.707,0.814
104.211156,259.018,59.827,0.806
104.222766,259.012,59.826,0.800
104.234376,267.580,60.390,0.804
104.245986,276.838,60.978,0.807
104.257596,278.929,61.109,0.813
104.269206,280.606,61.213,0.815
104.280816,282.550,61.332,0.822
104.292426,282.096,61.304,0.832
104.304036,281.581,61.273,0.845
104.315646,281.107,61.243,0.853
104.327256,281.193,61.249,0.852
104.338866,281.749,61.283,0.853
104.350476,282.513,61.330,0.851
104.362086,284.273,61.437,0.859
104.373696,294.043,62.022,0.862
104.385306,304.651,62.636,0.869
104.396916,310.016,62.938,0.877
104.408526,312.835,63.095,0.880
104.420136,312.368,63.069,0.885
104.431746,312.040,63.051,0.887
104.443356,311.898,63.043,0.887
104.454966,311.435,63.017,0.884
104.466576,310.799,62.982,0.879
104.478186,310.333,62.956,0.873
104.489796,309.847,62.929,0.866
104.501406,309.472,62.908,0.858
104.513016,308.832,62.872,0.848
104.524626,309.478,62.908,0.834
104.536236,311.573,63.025,0.831
104.547846,312.858,63.096,0.823
104.559456,314.781,63.202,0.816
104.571066,313.634,63.139,0.811
104.582676,304.718,62.640,0.811
104.594286,408.495,67.714,0.820
104.605896,408.434,67.711,0.825
104.617506,408.566,67.717,0.830
104.629116,408.965,67.734,0.823
104.640726,408.723,67.723,0.818
104.652336,409.159,67.742,0.809
104.663946,88.992,41.331,0.793
104.675556,90.994,41.716,0.769
104.687166,105.358,44.253,0.739
104.698776,330.613,64.052,0.747
104.710385,334.512,64.255,0.773
104.721995,338.815,64.476,0.795
104.733605,338.389,64.454,0.814
104.745215,336.811,64.373,0.838
104.756825,335.991,64.331,0.858
104.768435,334.847,64.272,0.871
104.780045,333.638,64.209,0.882
104.791655,332.180,64.134,0.879
104.803265,328.492,63.940,0.868
104.814875,325.769,63.796,0.857
104.826485,324.223,63.714,0.846
104.838095,323.491,63.675,0.830
104.849705,324.256,63.716,0.818
104.861315,326.740,63.848,0.814
104.872925,331.779,64.113,0.813
104.884535,333.106,64.182,0.810
104.896145,333.560,64.205,0.809
104.907755,333.204,64.187,0.809
104.919365,332.210,64.135,0.808
104.930975,330.554,64.049,0.807
104.942585,328.693,63.951,0.799
104.954195,327.083,63.866,0.786
104.965805,325.807,63.798,0.769
104.977415,325.912,63.804,0.760
104.989025,326.843,63.853,0.752
105.000635,329.060,63.970,0.749
105.012245,332.447,64.147,0.746
105.023855,333.593,64.207,0.752
105.035465,333.996,64.228,0.756
105.047075,333.177,64.185,0.766
105.058685,332.600,64.155,0.764
105.070295,331.672,64.107,0.756
105.081905,330.138,64.027,0.745
105.093515,328.639,63.948,0.729
105.105125,327.844,63.906,0.713
105.116735,326.698,63.845,0.681
105.128345,324.885,63.749,0.644
105.139955,326.655,63.843,0.584
105.151565,327.302,63.877,0.545
105.163175,328.107,63.920,0.526
105.174785,327.956,63.912,0.515
105.186395,327.697,63.898,0.490
105.198005,327.516,63.889,0.472
105.209615,327.974,63.913,0.475
105.221224,328.027,63.916,0.474
105.232834,325.074,63.759,0.479
105.244444,322.832,63.639,0.484
105.256054,327.190,63.871,0.489
105.267664,327.912,63.910,0.484
105.279274,327.737,63.900,0.480
105.290884,327.533,63.890,0.476
105.302494,328.154,63.922,0.467
105.314104,339.345,64.503,0.458
105.325714,340.234,64.548,0.459
105.337324,339.844,64.528,0.477
105.348934,340.612,64.567,0.477
105.360544,339.703,64.521,0.486
105.372154,338.900,64.480,0.487
105.383764,337.821,64.425,0.477
105.395374,335.149,64.288,0.469
105.406984,329.755,64.007,0.465
105.418594,329.327,63.984,0.480
105.430204,167.206,52.249,0.611
105.441814,688.113,76.742,0.704
105.453424,712.681,77.349,0.734
105.465034,724.590,77.636,0.758
105.476644,725.684,77.662,0.769
105.488254,729.672,77.757,0.782
105.499864,736.993,77.930,0.793
105.511474,750.290,78.239,0.798
105.523084,769.815,78.684,0.784
105.534694,797.039,79.286,0.749
105.546304,813.947,79.649,0.731
105.557914,821.395,79.807,0.708
105.569524,821.318,79.805,0.691
105.581134,823.033,79.841,0.674
105.592744,234.611,58.113,0.678
105.604354,236.110,58.223,0.706
105.615964,241.415,58.608,0.742
105.627574,243.628,58.766,0.771
105.639184,246.647,58.979,0.790
105.650794,247.438,59.035,0.809
105.662404,248.014,59.075,0.829
105.674014,248.179,59.087,0.843
105.685624,248.343,59.098,0.851
105.697234,248.650,59.119,0.854
105.708844,249.354,59.168,0.854
105.720454,249.745,59.195,0.857
105.732063,249.600,59.185,0.861
105.743673,248.428,59.104,0.863
105.755283,247.916,59.068,0.865
105.766893,248.025,59.076,0.867
105.778503,248.075,59.079,0.867
105.790113,248.041,59.077,0.863
105.801723,248.049,59.077,0.861
105.813333,247.936,59.070,0.858
105.824943,247.879,59.066,0.855
105.836553,247.656,59.050,0.853
105.848163,247.394,59.032,0.852
105.859773,247.142,59.014,0.847
105.871383,246.919,58.998,0.846
105.882993,246.610,58.977,0.854
105.894603,246.558,58.973,0.860
105.906213,246.656,58.980,0.863
105.917823,246.994,59.004,0.865
105.929433,249.424,59.173,0.864
105.941043,249.742,59.195,0.862
105.952653,249.865,59.204,0.862
105.964263,249.868,59.204,0.868
105.975873,249.882,59.205,0.875
105.987483,249.615,59.186,0.881
105.999093,248.548,59.112,0.888
106.010703,247.366,59.030,0.893
106.022313,245.752,58.916,0.900
106.033923,245.233,58.880,0.907
106.045533,245.771,58.918,0.915
106.057143,247.113,59.012,0.914
106.068753,251.595,59.323,0.906
106.080363,256.194,59.637,0.897
106.091973,255.424,59.585,0.885
106.103583,253.061,59.424,0.875
106.115193,251.395,59.309,0.862
106.126803,249.579,59.184,0.849
106.138413,247.640,59.049,0.837
106.150023,245.354,58.888,0.828
106.161633,244.562,58.832,0.826
106.173243,243.672,58.769,0.826
106.184853,242.519,58.687,0.827
106.196463,241.729,58.631,0.827
106.208073,241.967,58.648,0.827
106.219683,242.472,58.684,0.827
106.231293,242.977,58.720,0.824
106.242902,243.034,58.724,0.819
106.254512,240.918,58.572,0.821
106.266122,208.877,56.102,0.819
106.277732,207.776,56.010,0.819
106.289342,207.427,55.981,0.818
106.300952,206.951,55.941,0.820
106.312562,206.352,55.891,0.823
106.324172,207.177,55.960,0.827
106.335782,207.424,55.981,0.829
106.347392,207.953,56.025,0.828
106.359002,208.011,56.030,0.826
106.370612,207.720,56.006,0.831
106.382222,207.531,55.990,0.831
106.393832,207.461,55.984,0.837
106.405442,207.334,55.973,0.833
106.417052,207.618,55.997,0.837
106.428662,207.927,56.023,0.838
106.440272,208.232,56.048,0.835
106.451882,208.860,56.100,0.843
106.463492,209.194,56.128,0.834
106.475102,209.422,56.147,0.841
106.486712,209.599,56.162,0.833
106.498322,209.736,56.173,0.834
106.509932,209.669,56.167,0.829
106.521542,209.651,56.166,0.837
106.533152,209.501,56.153,0.845
106.544762,208.876,56.102,0.846
106.556372,208.985,56.111,0.859
106.567982,208.254,56.050,0.858
106.579592,208.951,56.108,0.873
106.591202,208.570,56.076,0.876
106.602812,209.598,56.161,0.887
106.614422,208.189,56.045,0.883
106.626032,208.416,56.064,0.888
106.637642,209.612,56.163,0.894
106.649252,212.086,56.366,0.892
106.660862,217.428,56.796,0.892
106.672472,221.174,57.092,0.884
106.684082,219.747,56.980,0.889
106.695692,267.932,60.412,0.886
106.707302,274.115,60.807,0.888
106.718912,277.929,61.047,0.884
106.730522,278.632,61.090,0.880
106.742132,278.294,61.069,0.877
106.753741,277.604,61.026,0.876
106.765351,277.548,61.023,0.877
106.776961,277.650,61.029,0.873
106.788571,277.866,61.043,0.873
106.800181,278.712,61.095,0.871
106.811791,281.295,61.255,0.875
106.823401,287.130,61.610,0.875
106.835011,294.096,62.025,0.881
106.846621,299.820,62.359,0.886
106.858231,303.504,62.571,0.890
106.869841,307.377,62.790,0.894
106.881451,309.821,62.927,0.892
106.893061,311.065,62.997,0.894
106.904671,311.535,63.023,0.891
106.916281,311.471,63.019,0.887
106.927891,311.412,63.016,0.882
106.939501,311.556,63.024,0.874
106.951111,311.509,63.021,0.863
106.962721,311.588,63.026,0.846
106.974331,156.098,51.059,0.841
106.985941,155.742,51.020,0.834
106.997551,303.509,62.571,0.823
107.009161,322.873,63.642,0.818
107.020771,296.873,62.188,0.809
107.032381,296.496,62.166,0.808
107.043991,735.086,77.885,0.811
107.055601,733.807,77.855,0.817
107.067211,113.140,45.487,0.816
107.078821,113.096,45.480,0.818
107.090431,512.008,71.624,0.817
107.102041,115.623,45.863,0.808
107.113651,88.141,41.165,0.796
107.125261,203.924,55.686,0.780
107.136871,103.518,43.949,0.764
107.148481,313.560,63.135,0.769
107.160091,339.572,64.515,0.791
107.171701,335.130,64.287,0.800
107.183311,336.571,64.361,0.812
107.194921,337.246,64.396,0.826
107.206531,336.000,64.332,0.838
107.218141,334.728,64.266,0.850
107.229751,333.184,64.186,0.862
107.241361,331.357,64.091,0.861
107.252971,329.265,63.981,0.847
107.264580,326.651,63.843,0.836
107.276190,325.342,63.773,0.825
107.287800,325.028,63.757,0.815
107.299410,325.692,63.792,0.812
107.311020,328.817,63.957,0.814
107.322630,333.038,64.178,0.816
107.334240,334.066,64.232,0.818
107.345850,334.162,64.237,0.822
107.357460,334.161,64.236,0.823
107.369070,333.456,64.200,0.827
107.380680,331.864,64.117,0.827
107.392290,330.349,64.038,0.824
107.403900,328.834,63.958,0.813
107.415510,327.804,63.904,0.800
107.427120,327.341,63.879,0.792
107.438730,328.906,63.962,0.796
107.450340,332.082,64.128,0.804
107.461950,334.631,64.261,0.809
107.473560,335.341,64.297,0.813
107.485170,335.133,64.287,0.817
107.496780,334.899,64.275,0.820
107.508390,334.288,64.243,0.824
107.520000,333.023,64.177,0.826
107.531610,331.863,64.117,0.817
107.543220,330.364,64.039,0.807
107.554830,329.072,63.971,0.798
107.566440,327.908,63.909,0.797
107.578050,327.867,63.907,0.799
107.589660,327.751,63.901,0.803
107.601270,327.883,63.908,0.803
107.612880,326.410,63.830,0.814
107.624490,316.991,63.323,0.824
107.636100,314.215,63.171,0.833
107.647710,306.996,62.769,0.841
107.659320,295.764,62.123,0.846
107.670930,284.665,61.461,0.852
107.682540,280.353,61.197,0.852
107.694150,278.537,61.084,0.854
107.705760,277.246,61.004,0.849
107.717370,277.047,60.992,0.844
107.728980,277.352,61.011,0.839
107.740590,277.509,61.020,0.833
107.752200,277.804,61.039,0.825
107.763810,277.354,61.011,0.811
107.775420,276.218,60.940,0.799
107.787029,276.356,60.948,0.780
107.798639,133.665,48.373,0.756
107.810249,132.609,48.236,0.732
107.821859,131.200,48.051,0.699
107.833469,235.890,58.207,0.657
107.845079,235.938,58.211,0.609
107.856689,328.804,63.957,0.532
107.868299,330.909,64.067,0.500
107.879909,329.775,64.008,0.480
107.891519,329.151,63.975,0.456
107.903129,329.312,63.983,0.453
107.914739,330.630,64.053,0.464
107.926349,330.971,64.070,0.476
107.937959,331.369,64.091,0.473
107.949569,332.327,64.141,0.472
107.961179,332.937,64.173,0.463
107.972789,333.239,64.189,0.467
107.984399,332.847,64.168,0.467
107.996009,331.354,64.090,0.465
108.007619,330.461,64.044,0.451
108.019229,329.772,64.008,0.433
108.030839,329.591,63.998,0.425
108.042449,329.818,64.010,0.429
108.054059,329.566,63.997,0.444
108.065669,329.367,63.986,0.440
108.077279,329.607,63.999,0.441
108.088889,330.365,64.039,0.439
108.100499,330.423,64.042,0.452
108.112109,330.261,64.033,0.454
108.123719,329.518,63.994,0.453
108.135329,328.932,63.963,0.447
108.146939,329.393,63.988,0.424
108.158549,328.679,63.950,0.420
108.170159,328.754,63.954,0.421
108.181769,328.779,63.955,0.430
108.193379,329.265,63.981,0.436
108.204989,328.616,63.947,0.445
108.216599,326.296,63.824,0.452
108.228209,325.620,63.788,0.448
108.239819,325.107,63.761,0.450
108.251429,325.805,63.798,0.443
108.263039,324.528,63.730,0.437
108.274649,322.468,63.620,0.422
108.286259,319.174,63.442,0.393
108.297868,323.285,63.664,0.380
108.309478,138.251,48.957,0.359
108.321088,138.408,48.977,0.362
108.332698,138.389,48.975,0.363
108.344308,333.414,64.198,0.369
108.355918,333.680,64.212,0.374
108.367528,333.579,64.206,0.391
108.379138,334.226,64.240,0.418
108.390748,332.588,64.155,0.434
108.402358,329.933,64.016,0.472
108.413968,329.914,64.015,0.501
108.425578,328.995,63.967,0.521
108.437188,327.756,63.901,0.525
108.448798,327.176,63.871,0.528
108.460408,326.264,63.822,0.524
108.472018,325.068,63.759,0.516
108.483628,325.485,63.781,0.513
108.495238,325.548,63.784,0.495
108.506848,325.094,63.760,0.465
108.518458,324.930,63.752,0.426
108.530068,326.081,63.813,0.408
108.541678,327.065,63.865,0.389
108.553288,327.896,63.909,0.378
108.564898,329.558,63.996,0.367
108.576508,329.744,64.006,0.352
108.588118,327.857,63.907,0.324
108.599728,325.874,63.802,0.327
108.611338,325.930,63.805,0.350
108.622948,325.812,63.798,0.358
108.634558,326.946,63.859,0.380
108.646168,328.260,63.928,0.402
108.657778,330.341,64.037,0.415
108.669388,332.734,64.162,0.420
108.680998,334.462,64.252,0.438
108.692608,335.949,64.329,0.457
108.704218,336.341,64.349,0.471
108.715828,335.920,64.327,0.483
108.727438,336.032,64.333,0.476
108.739048,335.944,64.329,0.464
108.750658,335.109,64.286,0.457
108.762268,334.192,64.238,0.445
108.773878,333.031,64.178,0.431
108.785488,331.427,64.094,0.399
108.797098,329.375,63.987,0.355
108.808707,328.601,63.946,0.318
108.820317,328.335,63.932,0.332
108.831927,327.646,63.896,0.332
108.843537,328.284,63.929,0.328
108.855147,328.188,63.924,0.334
108.866757,327.534,63.890,0.326
108.878367,327.158,63.870,0.326
108.889977,327.335,63.879,0.317
108.901587,327.501,63.888,0.305
108.913197,92.394,41.980,0.282
108.924807,92.525,42.005,0.277
108.936417,165.326,52.054,0.279
108.948027,165.875,52.111,0.281
108.959637,331.817,64.115,0.288
108.971247,332.217,64.135,0.290
108.982857,332.300,64.140,0.288
108.994467,333.408,64.197,0.280
109.006077,333.698,64.212,0.269
109.017687,333.718,64.213,0.261
109.029297,332.365,64.143,0.239
109.040907,330.352,64.038,0.207
109.052517,327.732,63.900,0.194
109.064127,326.119,63.815,0.178
109.075737,326.300,63.824,0.220
109.087347,326.360,63.828,0.281
109.098957,326.050,63.811,0.304
109.110567,326.177,63.818,0.313
109.122177,326.849,63.853,0.316
109.133787,327.131,63.868,0.320
109.145397,327.462,63.886,0.314
109.157007,327.693,63.898,0.310
109.168617,328.268,63.928,0.290
109.180227,328.681,63.950,0.238
109.191837,329.401,63.988,0.215
109.203447,329.632,64.000,0.209
109.215057,329.748,64.006,0.203
109.226667,329.968,64.018,0.189
109.238277,330.509,64.046,0.213
109.249887,331.066,64.075,0.257
109.261497,331.084,64.076,0.270
109.273107,331.236,64.084,0.268
109.284717,331.515,64.099,0.254
109.296327,331.635,64.105,0.243
109.307937,332.159,64.132,0.241
109.319546,332.187,64.134,0.238
109.331156,331.698,64.108,0.210
109.342766,331.804,64.114,0.157
109.354376,331.273,64.086,0.138
109.365986,331.072,64.076,0.142
109.377596,331.260,64.086,0.153
109.389206,331.418,64.094,0.167
109.400816,331.522,64.099,0.183
109.412426,331.195,64.082,0.192
109.424036,330.927,64.068,0.196
109.435646,330.617,64.052,0.183
109.447256,330.711,64.057,0.176
109.458866,330.692,64.056,0.191
109.470476,330.793,64.061,0.191
109.482086,330.947,64.069,0.184
109.493696,330.913,64.067,0.177
109.505306,331.288,64.087,0.167
109.516916,332.048,64.127,0.158
109.528526,332.946,64.173,0.160
109.540136,332.468,64.149,0.150
109.551746,332.916,64.172,0.120
109.563356,332.605,64.156,0.120
109.574966,332.269,64.138,0.133
109.586576,332.103,64.130,0.123
109.598186,332.267,64.138,0.125
109.609796,332.123,64.131,0.158
109.621406,331.850,64.116,0.180
109.633016,331.459,64.096,0.189
109.644626,331.215,64.083,0.194
109.656236,330.662,64.054,0.205
109.667846,329.832,64.011,0.207
109.679456,329.410,63.989,0.207
109.691066,329.268,63.981,0.209
109.702676,328.879,63.961,0.211
109.714286,328.594,63.946,0.205
109.725896,328.675,63.950,0.195
109.737506,329.596,63.998,0.194
109.749116,330.226,64.031,0.193
109.760726,330.374,64.039,0.202
109.772336,330.546,64.048,0.215
109.783946,331.019,64.073,0.219
109.795556,331.775,64.112,0.210
109.807166,332.202,64.135,0.213
109.818776,332.446,64.147,0.221
109.830385,332.401,64.145,0.228
109.841995,332.541,64.152,0.232
109.853605,332.940,64.173,0.233
109.865215,333.016,64.177,0.240
109.876825,333.039,64.178,0.239
109.888435,333.025,64.178,0.230
109.900045,332.685,64.160,0.222
109.911655,332.392,64.145,0.215
109.923265,332.274,64.138,0.200
109.934875,332.190,64.134,0.173
109.946485,332.346,64.142,0.137
109.958095,331.806,64.114,0.076
109.969705,331.024,64.073,0.027
109.981315,329.664,64.002,0.008
109.992925,,,0.000
110.004535,,,0.000
110.016145,,,0.000
110.027755,332.385,64.144,0.013
110.039365,333.233,64.188,0.016
110.050975,334.032,64.230,0.017
110.062585,333.744,64.215,0.019
110.074195,334.356,64.247,0.015
110.085805,334.552,64.257,0.006
110.097415,,,0.000
110.109025,,,0.000
110.120635,,,0.000
110.132245,,,0.000
110.143855,,,0.000
110.155465,,,0.000
110.167075,,,0.000
110.178685,333.914,64.224,0.008
110.190295,333.096,64.181,0.025
110.201905,332.877,64.170,0.027
110.213515,332.963,64.174,0.023
110.225125,332.898,64.171,0.023
110.236735,333.211,64.187,0.007
110.248345,,,0.000
110.259955,,,0.000
110.271565,,,0.000
110.283175,,,0.000
110.294785,,,0.000
110.306395,,,0.000
110.318005,,,0.000
110.329615,,,0.000
110.341224,,,0.000
110.352834,,,0.000
110.364444,,,0.000
110.376054,,,0.000
110.387664,,,0.000
110.399274,,,0.000
110.410884,,,0.000
110.422494,,,0.000
110.434104,,,0.000
110.445714,,,0.000
110.457324,,,0.000
110.468934,,,0.000
110.480544,,,0.000
110.492154,,,0.000
110.503764,,,0.000
110.515374,,,0.000
110.526984,,,0.000
110.538594,,,0.000
110.550204,,,0.000
110.561814,,,0.000
110.573424,,,0.000
110.585034,,,0.000
110.596644,,,0.000
110.608254,,,0.000
110.619864,,,0.000
110.631474,,,0.000
110.643084,,,0.000
110.654694,,,0.000
110.666304,,,0.000
110.677914,,,0.000
110.689524,,,0.000
110.701134,,,0.000
110.712744,,,0.000
110.724354,,,0.000
110.735964,,,0.000
110.747574,,,0.000
110.759184,,,0.000
110.770794,,,0.000
110.782404,,,0.000
110.794014,,,0.000
110.805624,,,0.000
110.817234,,,0.000
110.828844,,,0.000
110.840454,,,0.000
110.852063,,,0.000
110.863673,,,0.000
110.875283,,,0.000
110.886893,,,0.000
110.898503,,,0.000
110.910113,,,0.000
110.921723,717.845,77.474,0.127
110.933333,600.994,74.398,0.273
110.944943,601.674,74.418,0.372
110.956553,608.442,74.611,0.457
110.968163,606.430,74.554,0.510
110.979773,783.799,78.996,0.552
110.991383,783.696,78.993,0.571
111.002993,774.061,78.779,0.593
111.014603,772.022,78.734,0.609
111.026213,770.481,78.699,0.617
111.037823,766.697,78.614,0.617
111.049433,759.458,78.450,0.606
111.061043,756.045,78.372,0.589
111.072653,204.320,55.720,0.562
111.084263,451.892,69.462,0.541
111.095873,86.006,40.740,0.505
111.107483,103.969,44.024,0.460
111.119093,83.198,40.165,0.404
111.130703,112.556,45.398,0.330
111.142313,125.867,47.333,0.255
111.153923,174.011,52.940,0.162
111.165533,278.260,61.067,0.080
111.177143,278.711,61.095,0.063
111.188753,278.134,61.059,0.050
111.200363,278.478,61.081,0.041
111.211973,278.994,61.113,0.044
111.223583,541.599,72.597,0.471
111.235193,235.878,58.206,0.605
111.246803,235.954,58.212,0.679
111.258413,237.718,58.341,0.721
111.270023,241.426,58.609,0.757
111.281633,250.608,59.255,0.785
111.293243,252.705,59.399,0.807
111.304853,253.064,59.424,0.827
111.316463,253.047,59.423,0.835
111.328073,252.734,59.401,0.836
111.339683,252.813,59.407,0.836
111.351293,253.562,59.458,0.839
111.362902,253.625,59.462,0.844
111.374512,252.805,59.406,0.849
111.386122,250.887,59.274,0.853
111.397732,250.657,59.259,0.855
111.409342,252.894,59.412,0.858
111.420952,267.273,60.370,0.863
111.432562,273.913,60.795,0.864
111.444172,274.732,60.846,0.862
111.455782,275.337,60.884,0.857
111.467392,275.879,60.918,0.855
111.479002,276.229,60.940,0.851
111.490612,276.829,60.978,0.849
111.502222,277.856,61.042,0.851
111.513832,279.130,61.121,0.849
111.525442,279.718,61.158,0.845
111.537052,280.218,61.189,0.836
111.548662,281.234,61.251,0.829
111.560272,315.250,63.228,0.830
111.571882,321.751,63.581,0.842
111.583492,329.116,63.973,0.857
111.595102,332.646,64.158,0.868
111.606712,333.087,64.181,0.875
111.618322,332.155,64.132,0.883
111.629932,331.138,64.079,0.894
111.641542,330.828,64.063,0.899
111.653152,330.105,64.025,0.900
111.664762,328.826,63.958,0.896
111.676372,327.892,63.909,0.884
111.687982,326.972,63.860,0.868
111.699592,327.743,63.901,0.852
111.711202,326.255,63.822,0.844
111.722812,333.180,64.186,0.833
111.734422,334.473,64.253,0.819
111.746032,334.865,64.273,0.808
111.757642,335.362,64.299,0.797
111.769252,323.959,63.700,0.795
111.780862,137.714,48.890,0.798
111.792472,137.708,48.889,0.802
111.804082,94.227,42.320,0.801
111.815692,94.242,42.323,0.801
111.827302,94.247,42.324,0.806
111.838912,94.230,42.321,0.801
111.850522,84.161,40.365,0.791
111.862132,324.618,63.735,0.783
111.873741,325.023,63.756,0.794
111.885351,338.048,64.437,0.809
111.896961,335.824,64.322,0.822
111.908571,334.184,64.238,0.832
111.920181,332.095,64.129,0.838
111.931791,329.539,63.995,0.850
111.943401,328.364,63.934,0.863
111.955011,327.719,63.899,0.873
111.966621,326.689,63.845,0.878
111.978231,325.799,63.798,0.870
111.989841,324.916,63.751,0.861
112.001451,324.821,63.746,0.855
112.013061,326.193,63.819,0.854
112.024671,329.049,63.970,0.850
112.036281,331.305,64.088,0.846
112.047891,332.620,64.156,0.841
112.059501,333.982,64.227,0.831
112.071111,332.325,64.141,0.836
112.082721,330.277,64.034,0.842
112.094331,328.659,63.949,0.846
112.105941,327.793,63.903,0.848
112.117551,327.176,63.871,0.848
112.129161,327.201,63.872,0.848
112.140771,327.864,63.907,0.849
112.152381,329.336,63.985,0.852
112.163991,333.686,64.212,0.857
112.175601,335.469,64.304,0.864
112.187211,334.604,64.259,0.873
112.198821,334.190,64.238,0.878
112.210431,333.370,64.195,0.887
112.222041,332.002,64.124,0.889
112.233651,330.709,64.057,0.897
112.245261,330.578,64.050,0.899
112.256871,331.112,64.078,0.899
112.268481,332.486,64.149,0.901
112.280091,681.908,76.585,0.898
112.291701,690.995,76.814,0.899
112.303311,702.615,77.103,0.897
112.314921,711.730,77.326,0.899
112.326531,364.995,65.764,0.897
112.338141,367.507,65.883,0.899
112.349751,369.272,65.966,0.902
112.361361,371.026,66.048,0.901
112.372971,371.775,66.083,0.904
112.384580,372.118,66.099,0.903
112.396190,371.996,66.093,0.905
112.407800,371.577,66.074,0.906
112.419410,370.760,66.036,0.903
112.431020,370.081,66.004,0.897
112.442630,369.101,65.958,0.894
112.454240,368.393,65.925,0.879
112.465850,367.178,65.868,0.862
112.477460,364.711,65.751,0.860
112.489070,358.221,65.440,0.860
112.500680,336.046,64.334,0.862
112.512290,332.641,64.158,0.863
112.523900,331.065,64.075,0.871
112.535510,329.885,64.014,0.875
112.547120,329.477,63.992,0.889
112.558730,329.219,63.979,0.900
112.570340,329.179,63.976,0.899
112.581950,328.831,63.958,0.894
112.593560,328.981,63.966,0.887
112.605170,329.589,63.998,0.882
112.616780,330.247,64.033,0.869
112.628390,331.172,64.081,0.849
112.640000,332.588,64.155,0.826
112.651610,334.259,64.242,0.800
112.663220,336.504,64.357,0.770
112.674830,338.634,64.467,0.738
112.686440,340.777,64.576,0.725
112.698050,365.705,65.798,0.719
112.709660,362.892,65.664,0.745
112.721270,93.802,42.242,0.775
112.732880,93.804,42.243,0.791
112.744490,92.578,42.015,0.805
112.756100,107.960,44.676,0.816
112.767710,107.955,44.675,0.819
112.779320,105.841,44.333,0.808
112.790930,409.149,67.741,0.809
112.802540,443.875,69.152,0.815
112.814150,442.707,69.106,0.819
112.825760,444.920,69.193,0.825
112.837370,445.719,69.224,0.832
112.848980,444.729,69.185,0.841
112.860590,444.127,69.162,0.854
112.872200,221.218,57.096,0.869
112.883810,221.509,57.118,0.869
112.895420,221.793,57.141,0.864
112.907029,449.735,69.379,0.862
112.918639,454.851,69.575,0.869
112.930249,463.820,69.913,0.875
112.941859,470.384,70.156,0.875
112.953469,481.498,70.560,0.875
112.965079,488.664,70.816,0.879
112.976689,492.131,70.938,0.885
112.988299,494.828,71.033,0.886
112.999909,247.980,59.073,0.887
113.011519,248.226,59.090,0.884
113.023129,496.864,71.104,0.882
113.034739,495.889,71.070,0.885
113.046349,494.135,71.009,0.891
113.057959,492.198,70.941,0.886
113.069569,489.134,70.833,0.882
113.081179,484.771,70.678,0.881
113.092789,464.085,69.923,0.886
113.104399,454.713,69.569,0.887
113.116009,446.196,69.242,0.882
113.127619,432.467,68.701,0.875
113.139229,421.215,68.245,0.871
113.150839,418.532,68.134,0.873
113.162449,417.243,68.081,0.877
113.174059,416.690,68.058,0.878
113.185669,416.558,68.052,0.878
113.197279,416.733,68.059,0.880
113.208889,416.895,68.066,0.883
113.220499,416.568,68.053,0.879
113.232109,416.281,68.041,0.873
113.243719,416.150,68.035,0.863
113.255329,417.339,68.085,0.857
113.266939,418.316,68.125,0.855
113.278549,418.675,68.140,0.848
113.290159,418.057,68.114,0.838
113.301769,417.886,68.107,0.845
113.313379,417.745,68.101,0.855
113.324989,417.614,68.096,0.862
113.336599,417.375,68.086,0.869
113.348209,416.389,68.045,0.872
113.359819,415.712,68.017,0.875
113.371429,415.217,67.996,0.877
113.383039,414.644,67.972,0.877
113.394649,414.664,67.973,0.874
113.406259,414.708,67.975,0.877
113.417868,415.202,67.996,0.881
113.429478,416.004,68.029,0.881
113.441088,416.881,68.066,0.878
113.452698,417.992,68.112,0.872
113.464308,418.808,68.145,0.865
113.475918,419.657,68.180,0.861
113.487528,419.602,68.178,0.852
113.499138,418.826,68.146,0.838
113.510748,417.754,68.102,0.814
113.522358,417.489,68.091,0.800
113.533968,417.473,68.090,0.795
113.545578,417.200,68.079,0.790
113.557188,417.096,68.074,0.787
113.568798,440.676,69.027,0.784
113.580408,441.556,69.061,0.784
113.592018,442.868,69.112,0.781
113.603628,457.793,69.686,0.787
113.615238,457.055,69.658,0.794
113.626848,451.499,69.447,0.795
113.638458,409.137,67.741,0.796
113.650068,409.288,67.747,0.797
113.661678,409.258,67.746,0.796
113.673288,409.539,67.758,0.793
113.684898,456.251,69.628,0.786
113.696508,214.543,56.565,0.772
113.708118,80.523,39.600,0.751
113.719728,414.652,67.973,0.756
113.731338,386.770,66.768,0.754
113.742948,383.540,66.622,0.759
113.754558,378.325,66.385,0.760
113.766168,375.314,66.247,0.766
113.777778,374.090,66.191,0.775
113.789388,373.709,66.173,0.790
113.800998,373.641,66.170,0.798
113.812608,374.975,66.231,0.804
113.824218,376.958,66.323,0.815
113.835828,379.173,66.424,0.814
113.847438,385.748,66.722,0.819
113.859048,397.583,67.245,0.820
113.870658,407.537,67.673,0.827
113.882268,414.097,67.950,0.832
113.893878,415.657,68.015,0.842
113.905488,417.258,68.081,0.842
113.917098,417.911,68.108,0.841
113.928707,418.005,68.112,0.842
113.940317,417.843,68.105,0.847
113.951927,416.997,68.070,0.852
113.963537,416.371,68.044,0.852
113.975147,415.156,67.994,0.852
113.986757,414.130,67.951,0.851
113.998367,411.864,67.856,0.851
114.009977,408.028,67.694,0.857
114.021587,403.169,67.487,0.861
114.033197,398.319,67.277,0.856
114.044807,392.875,67.039,0.856
114.056417,386.581,66.759,0.856
114.068027,380.945,66.505,0.859
114.079637,376.322,66.294,0.857
114.091247,374.288,66.200,0.856
114.102857,372.212,66.103,0.845
114.114467,371.646,66.077,0.844
114.126077,371.201,66.056,0.839
114.137687,371.316,66.062,0.838
114.149297,371.637,66.077,0.836
114.160907,373.084,66.144,0.838
114.172517,373.843,66.179,0.835
114.184127,375.096,66.237,0.840
114.195737,375.517,66.257,0.840
114.207347,376.150,66.286,0.843
114.218957,376.099,66.283,0.847
114.230567,376.514,66.302,0.848
114.242177,376.741,66.313,0.845
114.253787,375.865,66.273,0.834
114.265397,376.600,66.306,0.835
114.277007,375.301,66.247,0.814
114.288617,380.681,66.493,0.811
114.300227,382.559,66.578,0.792
114.311837,383.677,66.629,0.805
114.323447,381.427,66.527,0.805
114.335057,380.544,66.487,0.811
114.346667,378.547,66.396,0.816
114.358277,376.984,66.324,0.816
114.369887,375.905,66.274,0.828
114.381497,374.480,66.209,0.834
114.393107,373.599,66.168,0.845
114.404717,372.638,66.123,0.841
114.416327,371.466,66.069,0.837
114.427937,370.160,66.008,0.840
114.439546,369.421,65.973,0.840
114.451156,369.276,65.966,0.840
114.462766,369.210,65.963,0.836
114.474376,369.116,65.959,0.831
114.485986,369.000,65.953,0.819
114.497596,368.876,65.948,0.811
114.509206,369.036,65.955,0.805
114.520816,369.094,65.958,0.800
114.532426,368.923,65.950,0.790
114.544036,369.050,65.956,0.789
114.555646,369.320,65.968,0.789
114.567256,369.601,65.982,0.789
114.578866,369.769,65.989,0.780
114.590476,370.172,66.008,0.775
114.602086,370.915,66.043,0.776
114.613696,371.790,66.084,0.771
114.625306,371.965,66.092,0.776
114.636916,371.282,66.060,0.776
114.648526,370.284,66.014,0.776
114.660136,369.369,65.971,0.774
114.671746,368.995,65.953,0.789
114.683356,368.946,65.951,0.795
114.694966,368.861,65.947,0.796
114.706576,368.920,65.950,0.801
114.718186,369.020,65.954,0.805
114.729796,369.167,65.961,0.801
114.741406,369.699,65.986,0.787
114.753016,370.622,66.029,0.773
114.764626,371.434,66.067,0.753
114.776236,371.798,66.084,0.731
114.787846,371.353,66.063,0.702
114.799456,370.504,66.024,0.665
114.811066,369.505,65.977,0.601
114.822676,371.540,66.072,0.563
114.834286,371.720,66.081,0.573
114.845896,371.718,66.080,0.576
114.857506,371.635,66.077,0.572
114.869116,371.816,66.085,0.565
114.880726,371.624,66.076,0.562
114.892336,371.286,66.060,0.615
114.903946,369.161,65.961,0.630
114.915556,369.525,65.978,0.632
114.927166,370.125,66.006,0.643
114.938776,369.395,65.972,0.696
114.950385,368.520,65.931,0.742
114.961995,368.301,65.921,0.767
114.973605,367.409,65.879,0.790
114.985215,336.769,64.371,0.802
114.996825,335.974,64.330,0.814
115.008435,332.669,64.159,0.823
115.020045,331.217,64.083,0.834
115.031655,331.951,64.122,0.829
115.043265,328.610,63.946,0.824
115.054875,330.829,64.063,0.829
115.066485,358.193,65.439,0.830
115.078095,365.508,65.789,0.834
115.089705,367.851,65.899,0.836
115.101315,369.998,66.000,0.841
115.112925,371.811,66.085,0.841
115.124535,372.535,66.118,0.842
115.136145,372.948,66.138,0.840
115.147755,372.544,66.119,0.834
115.159365,371.522,66.071,0.830
115.170975,369.808,65.991,0.814
115.182585,368.610,65.935,0.799
115.194195,367.950,65.904,0.785
115.205805,367.784,65.896,0.775
115.217415,368.037,65.908,0.772
115.229025,368.687,65.939,0.775
115.240635,372.781,66.130,0.781
115.252245,377.713,66.357,0.792
115.263855,377.442,66.345,0.802
115.275465,377.043,66.327,0.814
115.287075,376.774,66.314,0.822
115.298685,376.192,66.288,0.827
115.310295,373.647,66.170,0.829
115.321905,369.876,65.994,0.826
115.333515,368.691,65.939,0.822
115.345125,367.734,65.894,0.816
115.356735,367.124,65.865,0.815
115.368345,366.813,65.851,0.815
115.379955,366.846,65.852,0.817
115.391565,367.168,65.867,0.818
115.403175,367.797,65.897,0.822
115.414785,368.497,65.930,0.825
115.426395,369.235,65.964,0.827
115.438005,369.574,65.980,0.827
115.449615,369.908,65.996,0.824
115.461224,369.841,65.993,0.823
115.472834,369.839,65.993,0.821
115.484444,369.519,65.978,0.820
115.496054,369.237,65.965,0.818
115.507664,368.659,65.937,0.815
115.519274,367.784,65.896,0.812
115.530884,366.709,65.846,0.805
115.542494,365.285,65.778,0.804
115.554104,361.433,65.595,0.802
115.565714,355.975,65.331,0.798
115.577324,348.461,64.962,0.802
115.588934,341.987,64.637,0.804
115.600544,334.868,64.273,0.811
115.612154,331.368,64.091,0.819
115.623764,329.891,64.014,0.831
115.635374,329.159,63.975,0.834
115.646984,328.405,63.936,0.835
115.658594,328.050,63.917,0.837
115.670204,327.483,63.887,0.828
115.681814,327.262,63.875,0.817
115.693424,327.523,63.889,0.799
115.705034,328.159,63.923,0.772
115.716644,328.366,63.934,0.734
115.728254,328.055,63.917,0.698
115.739864,325.713,63.793,0.657
115.751474,322.207,63.606,0.609
115.763084,365.347,65.781,0.566
115.774694,368.238,65.918,0.544
115.786304,368.310,65.921,0.525
115.797914,368.396,65.925,0.531
115.809524,367.950,65.904,0.538
115.821134,367.897,65.902,0.538
115.832744,367.830,65.898,0.521
115.844354,367.468,65.881,0.502
115.855964,367.162,65.867,0.485
115.867574,366.789,65.849,0.475
115.879184,365.310,65.779,0.479
115.890794,361.054,65.577,0.486
115.902404,355.217,65.294,0.498
115.914014,93.406,42.169,0.502
115.925624,93.394,42.167,0.511
115.937234,93.382,42.164,0.512
115.948844,93.438,42.175,0.507
115.960454,93.340,42.157,0.501
115.972063,93.062,42.105,0.490
115.983673,341.527,64.614,0.479
115.995283,350.052,65.041,0.465
116.006893,359.519,65.503,0.471
116.018503,363.790,65.707,0.478
116.030113,365.999,65.812,0.498
116.041723,366.866,65.853,0.523
116.053333,366.883,65.854,0.540
116.064943,367.684,65.892,0.552
116.076553,368.419,65.926,0.559
116.088163,368.551,65.932,0.565
116.099773,368.641,65.937,0.564
116.111383,368.436,65.927,0.558
116.122993,368.258,65.919,0.548
116.134603,367.713,65.893,0.530
116.146213,367.624,65.889,0.503
116.157823,367.042,65.861,0.475
116.169433,366.400,65.831,0.455
116.181043,364.687,65.750,0.437
116.192653,361.635,65.604,0.430
116.204263,357.454,65.403,0.431
116.215873,342.653,64.671,0.428
116.227483,339.164,64.494,0.434
116.239093,92.761,42.049,0.444
116.250703,92.915,42.078,0.452
116.262313,92.960,42.086,0.454
116.273923,339.774,64.525,0.458
116.285533,340.792,64.577,0.453
116.297143,344.113,64.745,0.442
116.308753,348.298,64.954,0.442
116.320363,352.959,65.184,0.444
116.331973,357.596,65.410,0.449
116.343583,361.098,65.579,0.452
116.355193,364.253,65.729,0.473
116.366803,367.097,65.864,0.489
116.378413,368.793,65.944,0.519
116.390023,369.414,65.973,0.544
116.401633,369.230,65.964,0.559
116.413243,368.725,65.940,0.566
116.424853,367.731,65.894,0.575
116.436463,367.227,65.870,0.586
116.448073,366.434,65.833,0.589
116.459683,365.469,65.787,0.591
116.471293,93.392,42.166,0.587
116.482902,93.485,42.184,0.581
116.494512,93.490,42.184,0.577
116.506122,93.387,42.166,0.578
116.517732,93.272,42.144,0.572
116.529342,93.148,42.121,0.561
116.540952,93.003,42.094,0.548
116.552562,365.305,65.779,0.532
116.564172,365.230,65.776,0.520
116.575782,364.895,65.760,0.522
116.587392,365.362,65.782,0.525
116.599002,366.800,65.850,0.531
116.610612,368.467,65.928,0.543
116.622222,370.138,66.007,0.555
116.633832,370.806,66.038,0.565
116.645442,371.097,66.051,0.573
116.657052,371.018,66.048,0.578
116.668662,371.067,66.050,0.575
116.680272,370.395,66.019,0.569
116.691882,370.054,66.003,0.554
116.703492,369.319,65.968,0.533
116.715102,369.035,65.955,0.510
116.726712,369.322,65.968,0.486
116.738322,369.258,65.965,0.463
116.749932,369.919,65.996,0.437
116.761542,369.971,65.999,0.395
116.773152,370.155,66.008,0.351
116.784762,369.413,65.973,0.339
116.796372,368.295,65.920,0.342
116.807982,367.638,65.889,0.340
116.819592,366.935,65.856,0.332
116.831202,367.070,65.863,0.311
116.842812,366.288,65.826,0.285
116.854422,364.729,65.752,0.282
116.866032,362.578,65.649,0.276
116.877642,362.295,65.636,0.265
116.889252,363.483,65.693,0.249
116.900862,364.981,65.764,0.238
116.912472,364.438,65.738,0.228
116.924082,363.458,65.691,0.233
116.935692,364.791,65.755,0.248
116.947302,366.805,65.850,0.261
116.958912,368.636,65.936,0.263
116.970522,369.489,65.976,0.261
116.982132,369.732,65.988,0.255
116.993741,369.992,66.000,0.246
117.005351,369.993,66.000,0.242
117.016961,369.837,65.993,0.229
117.028571,369.693,65.986,0.202
117.040181,369.505,65.977,0.162
117.051791,368.996,65.953,0.132
117.063401,368.429,65.927,0.115
117.075011,367.773,65.896,0.126
117.086621,366.134,65.818,0.152
117.098231,361.766,65.611,0.194
117.109841,703.264,77.119,0.234
117.121451,693.715,76.882,0.259
117.133061,93.269,42.144,0.274
117.144671,683.298,76.620,0.286
117.156281,680.880,76.559,0.295
117.167891,678.886,76.508,0.300
117.179501,678.836,76.507,0.299
117.191111,678.534,76.499,0.283
117.202721,683.447,76.624,0.260
117.214331,335.980,64.330,0.239
117.225941,93.997,42.278,0.221
117.237551,353.703,65.220,0.197
117.249161,359.629,65.508,0.174
117.260771,361.263,65.587,0.157
117.272381,363.258,65.682,0.152
117.283991,364.427,65.738,0.158
117.295601,364.214,65.727,0.162
117.307211,92.848,42.065,0.159
117.318821,92.813,42.059,0.155
117.330431,92.705,42.039,0.150
117.342041,92.602,42.019,0.143
117.353651,366.273,65.825,0.135
117.365261,367.305,65.874,0.120
117.376871,367.078,65.863,0.111
117.388481,366.980,65.858,0.101
117.400091,366.466,65.834,0.100
117.411701,365.930,65.809,0.101
117.423311,365.394,65.783,0.103
117.434921,362.066,65.625,0.115
117.446531,332.364,64.143,0.130
117.458141,331.404,64.093,0.141
117.469751,330.750,64.059,0.156
117.481361,330.669,64.055,0.171
117.492971,331.001,64.072,0.176
117.504580,331.190,64.082,0.174
117.516190,331.574,64.102,0.174
117.527800,331.984,64.123,0.165
117.539410,332.708,64.161,0.152
117.551020,94.737,42.414,0.141
117.562630,362.575,65.649,0.134
117.574240,368.165,65.914,0.131
117.585850,369.407,65.972,0.134
117.597460,369.686,65.986,0.145
117.609070,369.654,65.984,0.150
117.620680,369.231,65.964,0.157
117.632290,368.908,65.949,0.156
117.643900,367.223,65.870,0.158
117.655510,364.811,65.756,0.153
117.667120,363.982,65.716,0.145
117.678730,365.069,65.768,0.142
117.690340,365.577,65.792,0.143
117.701950,365.394,65.783,0.146
117.713560,366.181,65.821,0.144
117.725170,365.610,65.794,0.146
117.736780,365.845,65.805,0.145
117.748390,366.890,65.854,0.137
117.760000,366.687,65.845,0.125
117.771610,364.309,65.732,0.116
117.783220,93.032,42.100,0.113
117.794830,93.053,42.104,0.099
117.806440,717.470,77.465,0.091
117.818050,708.662,77.251,0.107
117.829660,697.203,76.969,0.128
117.841270,686.401,76.699,0.159
117.852880,683.841,76.634,0.175
117.864490,684.091,76.640,0.179
117.876100,679.325,76.519,0.179
117.887710,93.433,42.174,0.183
117.899320,93.332,42.155,0.181
117.910930,93.226,42.136,0.166
117.922540,93.109,42.114,0.142
117.934150,704.926,77.160,0.103
117.945760,710.075,77.286,0.077
117.957370,93.163,42.124,0.059
117.968980,93.216,42.134,0.037
117.980590,364.774,65.754,0.023
117.992200,328.478,63.940,0.031
118.003810,327.482,63.887,0.041
118.015420,328.597,63.946,0.045
118.027029,329.228,63.979,0.053
118.038639,328.969,63.965,0.062
118.050249,328.696,63.951,0.066
118.061859,328.047,63.917,0.064
118.073469,327.633,63.895,0.065
118.085079,327.406,63.883,0.061
118.096689,326.937,63.858,0.054
118.108299,326.376,63.828,0.045
118.119909,326.262,63.822,0.034
118.131519,326.276,63.823,0.017
118.143129,93.401,42.168,0.018
118.154739,93.448,42.177,0.039
118.166349,93.383,42.165,0.052
118.177959,366.379,65.830,0.073
118.189569,367.839,65.899,0.083
118.201179,368.292,65.920,0.093
118.212789,368.376,65.924,0.104
118.224399,369.195,65.963,0.113
118.236009,369.766,65.989,0.118
118.247619,370.072,66.004,0.115
118.259229,369.928,65.997,0.109
118.270839,369.833,65.992,0.095
118.282449,369.938,65.997,0.097
118.294059,370.037,66.002,0.109
118.305669,369.956,65.998,0.113
118.317279,369.741,65.988,0.115
118.328889,369.677,65.985,0.111
118.340499,369.592,65.981,0.103
118.352109,369.504,65.977,0.095
118.363719,368.634,65.936,0.086
118.375329,367.940,65.904,0.069
118.386939,367.925,65.903,0.036
118.398549,,,0.000
118.410159,,,0.000
118.421769,,,0.000
118.433379,,,0.000
118.444989,,,0.000
118.456599,92.910,42.077,0.018
118.468209,92.886,42.072,0.027
118.479819,92.878,42.071,0.033
118.491429,92.837,42.063,0.037
118.503039,92.764,42.050,0.038
118.514649,365.748,65.800,0.034
118.526259,366.457,65.834,0.018
118.537868,,,0.000
118.549478,,,0.000
118.561088,,,0.000
118.572698,,,0.000
118.584308,,,0.000
118.595918,,,0.000
118.607528,,,0.000
118.619138,,,0.000
118.630748,,,0.000
118.642358,,,0.000
118.653968,,,0.000
118.665578,,,0.000
118.677188,,,0.000
118.688798,,,0.000
118.700408,,,0.000
118.712018,,,0.000
118.723628,,,0.000
118.735238,,,0.000
118.746848,,,0.000
118.758458,,,0.000
118.770068,,,0.000
118.781678,,,0.000
118.793288,,,0.000
118.804898,,,0.000
118.816508,,,0.000
118.828118,760.527,78.474,0.017
118.839728,751.522,78.268,0.041
118.851338,754.318,78.332,0.082
118.862948,754.894,78.345,0.135
118.874558,778.532,78.879,0.187
118.886168,756.491,78.382,0.263
118.897778,748.750,78.204,0.319
118.909388,744.760,78.111,0.374
118.920998,746.154,78.144,0.422
118.932608,757.175,78.397,0.465
118.944218,769.680,78.681,0.509
118.955828,771.669,78.726,0.532
118.967438,768.165,78.647,0.543
118.979048,768.921,78.664,0.543
118.990658,771.296,78.717,0.536
119.002268,773.074,78.757,0.523
119.013878,774.891,78.798,0.504
119.025488,773.262,78.761,0.479
119.037098,754.047,78.326,0.614
119.048707,749.635,78.224,0.644
119.060317,756.862,78.390,0.694
119.071927,756.758,78.388,0.729
119.083537,757.939,78.415,0.788
119.095147,757.612,78.407,0.828
119.106757,751.207,78.260,0.862
119.118367,149.195,50.276,0.880
119.129977,900.438,81.397,0.891
119.141587,897.554,81.342,0.908
119.153197,901.169,81.412,0.918
119.164807,901.616,81.420,0.929
119.176417,903.690,81.460,0.926
119.188027,904.023,81.466,0.924
119.199637,903.717,81.460,0.918
119.211247,417.158,68.077,0.917
119.222857,888.828,81.173,0.906
119.234467,282.813,61.348,0.889
119.246077,168.144,52.346,0.871
119.257687,168.806,52.414,0.852
119.269297,169.491,52.484,0.840
119.280907,170.348,52.572,0.820
119.292517,170.973,52.635,0.801
119.304127,168.453,52.378,0.777
119.315737,168.052,52.337,0.766
119.327347,167.998,52.331,0.767
119.338957,167.963,52.328,0.773
119.350567,157.079,51.168,0.782
119.362177,157.362,51.199,0.780
119.373787,150.133,50.385,0.784
119.385397,149.989,50.368,0.787
119.397007,139.312,49.090,0.792
119.408617,138.125,48.942,0.799
119.420227,137.784,48.899,0.798
119.431837,137.347,48.844,0.787
119.443447,137.634,48.880,0.759
119.455057,137.666,48.884,0.735
119.466667,137.840,48.906,0.704
119.478277,137.725,48.891,0.672
119.489887,138.011,48.927,0.644
119.501497,140.505,49.237,0.637
119.513107,145.275,49.815,0.637
119.524717,163.612,51.873,0.660
119.536327,165.625,52.085,0.708
119.547937,166.413,52.167,0.742
119.559546,166.489,52.175,0.768
119.571156,166.600,52.187,0.786
119.582766,166.597,52.186,0.798
119.594376,166.672,52.194,0.794
119.605986,166.031,52.127,0.794
119.617596,166.646,52.191,0.794
119.629206,166.585,52.185,0.785
119.640816,164.598,51.977,0.781
119.652426,164.101,51.925,0.785
119.664036,160.589,51.550,0.794
119.675646,155.513,50.994,0.796
119.687256,150.544,50.432,0.804
119.698866,149.350,50.294,0.808
119.710476,147.065,50.027,0.807
119.722086,145.343,49.823,0.799
119.733696,137.754,48.895,0.788
119.745306,137.633,48.880,0.772
119.756916,135.920,48.663,0.752
119.768526,135.769,48.644,0.742
119.780136,137.075,48.810,0.734
119.791746,140.263,49.208,0.733
119.803356,146.751,49.990,0.753
119.814966,149.039,50.258,0.793
119.826576,167.062,52.235,0.814
119.838186,167.916,52.323,0.824
119.849796,167.866,52.318,0.831
119.861406,167.620,52.292,0.837
119.873016,167.322,52.262,0.841
119.884626,166.993,52.227,0.843
119.896236,166.789,52.206,0.840
119.907846,166.351,52.161,0.823
119.919456,165.679,52.091,0.808
119.931066,165.286,52.050,0.793
119.942676,165.072,52.027,0.775
119.954286,164.796,51.998,0.754
119.965896,164.407,51.957,0.741
119.977506,164.468,51.964,0.732
119.989116,155.581,51.002,0.731
120.000726,141.468,49.356,0.732
120.012336,139.582,49.123,0.729
120.023946,139.585,49.124,0.721
120.035556,139.562,49.121,0.717
120.047166,139.540,49.118,0.713
120.058776,138.026,48.929,0.695
120.070385,137.959,48.921,0.664
120.081995,138.117,48.941,0.603
120.093605,642.569,75.556,0.618
120.105215,646.565,75.664,0.634
120.116825,628.681,75.178,0.689
120.128435,629.867,75.211,0.700
120.140045,633.166,75.301,0.722
120.151655,161.787,51.679,0.743
120.163265,162.254,51.729,0.763
120.174875,81.274,39.760,0.777
120.186485,166.199,52.145,0.772
120.198095,166.707,52.198,0.773
120.209705,166.769,52.204,0.766
120.221315,166.694,52.196,0.773
120.232925,166.658,52.193,0.776
120.244535,166.411,52.167,0.778
120.256145,164.926,52.012,0.777
120.267755,164.732,51.991,0.777
120.279365,164.600,51.978,0.774
120.290975,164.568,51.974,0.771
120.302585,164.602,51.978,0.770
120.314195,164.647,51.982,0.771
120.325805,164.834,52.002,0.768
120.337415,165.009,52.021,0.765
120.349025,165.622,52.085,0.766
120.360635,165.790,52.102,0.766
120.372245,165.853,52.109,0.771
120.383855,165.841,52.108,0.777
120.395465,165.739,52.097,0.782
120.407075,165.463,52.068,0.791
120.418685,165.894,52.113,0.801
120.430295,168.029,52.334,0.809
120.441905,170.733,52.611,0.810
120.453515,168.722,52.406,0.820
120.465125,187.038,54.190,0.820
120.476735,188.087,54.287,0.822
120.488345,187.962,54.275,0.822
120.499955,187.656,54.247,0.819
120.511565,187.430,54.226,0.813
120.523175,187.183,54.203,0.809
120.534785,186.901,54.177,0.810
120.546395,186.335,54.125,0.804
120.558005,186.069,54.100,0.807
120.569615,185.773,54.072,0.804
120.581224,186.240,54.116,0.803
120.592834,187.032,54.189,0.796
120.604444,190.587,54.515,0.794
120.616054,191.911,54.635,0.786
120.627664,193.217,54.753,0.778
120.639274,207.696,56.004,0.765
120.650884,208.244,56.049,0.749
120.662494,208.377,56.060,0.736
120.674104,208.500,56.071,0.716
120.685714,208.474,56.068,0.706
120.697324,208.328,56.056,0.685
120.708934,208.079,56.036,0.664
120.720544,208.092,56.037,0.637
120.732154,207.988,56.028,0.612
120.743764,207.515,55.989,0.585
120.755374,206.922,55.939,0.563
120.766984,208.980,56.110,0.559
120.778594,456.918,69.653,0.567
120.790204,458.626,69.718,0.593
120.801814,458.935,69.729,0.627
120.813424,458.768,69.723,0.655
120.825034,459.178,69.739,0.671
120.836644,459.089,69.735,0.678
120.848254,459.388,69.746,0.677
120.859864,460.024,69.770,0.671
120.871474,460.419,69.785,0.658
120.883084,459.949,69.768,0.636
120.894694,459.891,69.765,0.605
120.906304,460.758,69.798,0.560
120.917914,183.532,53.862,0.507
120.929524,182.958,53.808,0.459
120.941134,182.875,53.800,0.427
120.952744,184.035,53.910,0.387
120.964354,83.517,40.232,0.353
120.975964,467.449,70.048,0.327
120.987574,182.730,53.787,0.309
120.999184,183.339,53.844,0.290
121.010794,182.959,53.808,0.298
121.022404,596.360,74.264,0.694
121.034014,595.467,74.238,0.706
121.045624,596.330,74.263,0.726
121.057234,154.556,50.887,0.766
121.068844,156.990,51.158,0.795
121.080454,159.672,51.451,0.813
121.092063,167.044,52.233,0.827
121.103673,167.130,52.242,0.839
121.115283,166.697,52.197,0.809
121.126893,166.598,52.186,0.813
121.138503,166.277,52.153,0.813
121.150113,166.628,52.190,0.797
121.161723,166.223,52.147,0.781
121.173333,165.945,52.118,0.774
121.184943,165.610,52.083,0.772
121.196553,164.599,51.977,0.770
121.208163,162.291,51.733,0.771
121.219773,162.232,51.727,0.780
121.231383,164.632,51.981,0.785
121.242993,164.868,52.006,0.792
121.254603,165.443,52.066,0.796
121.266213,165.930,52.117,0.798
121.277823,165.994,52.124,0.797
121.289433,165.995,52.124,0.796
121.301043,165.658,52.088,0.793
121.312653,165.217,52.042,0.788
121.324263,164.547,51.972,0.784
121.335873,164.261,51.942,0.780
121.347483,165.313,52.052,0.778
121.359093,170.041,52.541,0.783
121.370703,176.831,53.218,0.785
121.382313,179.497,53.477,0.786
121.393923,182.364,53.752,0.791
121.405533,183.849,53.892,0.794
121.417143,184.550,53.958,0.800
121.428753,184.761,53.978,0.802
121.440363,185.099,54.010,0.801
121.451973,185.526,54.049,0.793
121.463583,185.907,54.085,0.790
121.475193,186.368,54.128,0.791
121.486803,186.889,54.176,0.789
121.498413,187.903,54.270,0.794
121.510023,190.406,54.499,0.792
121.521633,191.731,54.619,0.790
121.533243,207.285,55.969,0.792
121.544853,207.456,55.984,0.795
121.556463,207.781,56.011,0.795
121.568073,207.996,56.029,0.791
121.579683,208.123,56.039,0.788
121.591293,207.995,56.029,0.778
121.602902,207.797,56.012,0.770
121.614512,207.485,55.986,0.761
121.626122,207.250,55.966,0.743
121.637732,206.940,55.941,0.724
121.649342,206.836,55.932,0.695
121.660952,206.692,55.920,0.667
121.672562,206.465,55.901,0.624
121.684172,207.071,55.951,0.573
121.695782,202.178,55.537,0.524
121.707392,151.812,50.577,0.508
121.719002,152.190,50.620,0.542
121.730612,464.110,69.924,0.586
121.742222,589.347,74.059,0.625
121.753832,588.040,74.021,0.654
121.765442,589.542,74.065,0.673
121.777052,589.878,74.075,0.686
121.788662,591.216,74.114,0.691
121.800272,94.321,42.338,0.693
121.811882,94.265,42.327,0.686
121.823492,765.579,78.589,0.667
121.835102,763.973,78.552,0.642
121.846712,760.180,78.466,0.609
121.858322,762.583,78.521,0.573
121.869932,760.862,78.482,0.529
121.881542,159.545,51.438,0.484
121.893152,159.467,51.429,0.396
121.904762,113.877,45.600,0.348
121.916372,85.550,40.648,0.313
121.927982,159.223,51.403,0.508
121.939592,153.475,50.766,0.654
121.951202,157.362,51.199,0.712
121.962812,163.396,51.850,0.747
121.974422,164.113,51.926,0.773
121.986032,164.629,51.981,0.791
121.997642,164.726,51.991,0.798
122.009252,164.624,51.980,0.805
122.020862,164.644,51.982,0.803
122.032472,164.753,51.994,0.786
122.044082,164.634,51.981,0.771
122.055692,164.660,51.984,0.780
122.067302,162.317,51.736,0.783
122.078912,161.967,51.698,0.781
122.090522,158.437,51.317,0.791
122.102132,173.301,52.869,0.798
122.113741,173.357,52.875,0.800
122.125351,173.419,52.881,0.799
122.136961,98.394,43.070,0.793
122.148571,173.368,52.876,0.775
122.160181,173.465,52.886,0.768
122.171791,138.294,48.963,0.769
122.183401,138.074,48.935,0.764
122.195011,137.818,48.903,0.769
122.206621,138.035,48.930,0.771
122.218231,138.066,48.934,0.782
122.229841,138.222,48.954,0.795
122.241451,138.331,48.967,0.796
122.253061,138.291,48.962,0.789
122.264671,138.395,48.975,0.774
122.276281,138.470,48.985,0.770
122.287891,138.894,49.038,0.766
122.299501,139.299,49.088,0.773
122.311111,155.429,50.985,0.772
122.322721,162.322,51.736,0.769
122.334331,164.051,51.920,0.768
122.345941,164.034,51.918,0.765
122.357551,163.967,51.911,0.773
122.369161,163.738,51.887,0.771
122.380771,163.681,51.881,0.762
122.392381,163.707,51.883,0.746
122.403991,163.574,51.869,0.729
122.415601,163.495,51.861,0.712
122.427211,163.363,51.847,0.701
122.438821,163.252,51.835,0.697
122.450431,162.981,51.806,0.692
122.462041,169.247,52.460,0.691
122.473651,169.037,52.438,0.689
122.485261,169.094,52.444,0.685
122.496871,169.102,52.445,0.680
122.508481,168.986,52.433,0.684
122.520091,168.735,52.407,0.693
122.531701,167.281,52.257,0.696
122.543311,165.704,52.093,0.707
122.554921,164.961,52.015,0.719
122.566531,163.983,51.913,0.721
122.578141,168.818,52.416,0.738
122.589751,169.866,52.523,0.752
122.601361,169.202,52.455,0.760
122.612971,168.476,52.381,0.767
122.624580,167.902,52.321,0.773
122.636190,167.583,52.288,0.772
122.647800,167.212,52.250,0.767
122.659410,166.959,52.224,0.768
122.671020,166.386,52.164,0.763
122.682630,164.954,52.015,0.756
122.694240,164.318,51.948,0.744
122.705850,163.659,51.878,0.722
122.717460,163.224,51.832,0.698
122.729070,162.890,51.797,0.672
122.740680,163.003,51.809,0.652
122.752290,163.453,51.856,0.630
122.763900,162.491,51.754,0.606
122.775510,161.370,51.634,0.612
122.787120,161.241,51.621,0.645
122.798730,628.780,75.181,0.688
122.810340,630.217,75.220,0.722
122.821950,630.535,75.229,0.748
122.833560,629.593,75.203,0.771
122.845170,628.022,75.160,0.789
122.856780,944.909,82.232,0.800
122.868390,942.756,82.193,0.800
122.880000,84.775,40.490,0.795
122.891610,145.206,49.807,0.782
122.903220,202.969,55.605,0.776
122.914830,189.359,54.403,0.783
122.926440,190.337,54.493,0.782
122.938050,187.231,54.208,0.786
122.949660,186.711,54.160,0.798
122.961270,186.364,54.127,0.806
122.972880,185.940,54.088,0.815
122.984490,185.431,54.041,0.825
122.996100,185.893,54.084,0.831
123.007710,186.173,54.110,0.829
123.019320,186.712,54.160,0.834
123.030930,191.473,54.596,0.833
123.042540,202.234,55.542,0.833
123.054150,205.545,55.823,0.833
123.065760,206.051,55.866,0.832
123.077370,206.552,55.908,0.828
123.088980,207.269,55.968,0.821
123.100590,207.952,56.025,0.813
123.112200,208.529,56.073,0.798
123.123810,208.603,56.079,0.784
123.135420,208.295,56.054,0.753
123.147029,208.064,56.034,0.722
123.158639,207.816,56.014,0.690
123.170249,207.488,55.986,0.659
123.181859,206.952,55.942,0.622
123.193469,206.263,55.884,0.573
123.205079,205.438,55.814,0.515
123.216689,207.125,55.956,0.417
123.228299,207.297,55.970,0.377
123.239909,205.951,55.858,0.400
123.251519,206.366,55.892,0.432
123.263129,205.946,55.857,0.452
123.274739,735.323,77.890,0.469
123.286349,729.184,77.745,0.480
123.297959,729.913,77.763,0.484
123.309569,731.506,77.800,0.488
123.321179,733.565,77.849,0.489
123.332789,206.665,55.918,0.475
123.344399,722.658,77.590,0.453
123.356009,715.560,77.419,0.432
123.367619,725.761,77.664,0.407
123.379229,730.493,77.776,0.385
123.390839,731.179,77.793,0.376
123.402449,205.524,55.822,0.357
123.414059,731.610,77.803,0.347
123.425669,733.789,77.854,0.338
123.437279,205.969,55.859,0.326
123.448889,206.008,55.862,0.314
123.460499,205.938,55.856,0.302
123.472109,205.965,55.859,0.286
123.483719,164.583,51.976,0.600
123.495329,621.431,74.977,0.718
123.506939,616.793,74.847,0.748
123.518549,605.478,74.527,0.786
123.530159,165.830,52.106,0.815
123.541769,165.853,52.109,0.837
123.553379,165.771,52.100,0.853
123.564989,165.495,52.071,0.864
123.576599,165.509,52.073,0.859
123.588209,164.870,52.006,0.844
123.599819,165.008,52.020,0.842
123.611429,163.519,51.863,0.829
123.623039,162.444,51.749,0.818
123.634649,161.924,51.694,0.808
123.646259,161.865,51.687,0.802
123.657868,162.557,51.761,0.801
123.669478,163.920,51.906,0.803
123.681088,165.643,52.087,0.803
123.692698,166.346,52.160,0.804
123.704308,166.839,52.211,0.807
123.715918,166.868,52.214,0.808
123.727528,166.325,52.158,0.809
123.739138,165.735,52.096,0.809
123.750748,164.975,52.017,0.805
123.762358,164.282,51.944,0.805
123.773968,164.216,51.937,0.807
123.785578,164.380,51.954,0.811
123.797188,165.490,52.071,0.822
123.808798,172.273,52.766,0.833
123.820408,180.771,53.600,0.838
123.832018,183.240,53.835,0.846
123.843628,184.484,53.952,0.858
123.855238,185.079,54.008,0.865
123.866848,185.315,54.030,0.871
123.878458,185.276,54.026,0.876
123.890068,185.238,54.023,0.875
123.901678,185.303,54.029,0.871
123.913288,185.421,54.040,0.866
123.924898,185.460,54.043,0.857
123.936508,185.571,54.054,0.846
123.948118,185.733,54.069,0.838
123.959728,186.741,54.162,0.834
123.971338,188.927,54.364,0.825
123.982948,103.625,43.966,0.823
123.994558,206.548,55.908,0.818
124.006168,207.476,55.985,0.818
124.017778,207.993,56.028,0.817
124.029388,208.473,56.068,0.814
124.040998,208.793,56.095,0.806
124.052608,208.909,56.104,0.789
124.064218,208.775,56.093,0.771
124.075828,208.263,56.051,0.742
124.087438,207.860,56.017,0.712
124.099048,207.283,55.969,0.677
124.110658,207.062,55.951,0.637
124.122268,206.390,55.894,0.588
124.133878,205.666,55.834,0.538
124.145488,202.883,55.598,0.471
124.157098,201.873,55.511,0.410
124.168707,82.809,40.084,0.385
124.180317,82.874,40.098,0.394
124.191927,82.599,40.040,0.406
124.203537,91.652,41.841,0.418
124.215147,91.689,41.848,0.427
124.226757,92.598,42.019,0.433
124.238367,279.383,61.137,0.433
124.249977,92.717,42.041,0.428
124.261587,279.479,61.143,0.425
124.273197,92.708,42.039,0.418
124.284807,92.739,42.045,0.400
124.296417,92.867,42.069,0.387
124.308027,92.889,42.073,0.365
124.319637,164.756,51.994,0.342
124.331247,83.955,40.322,0.320
124.342857,83.921,40.315,0.298
124.354467,158.671,51.342,0.276
124.366077,157.464,51.210,0.260
124.377687,157.069,51.167,0.265
124.389297,886.075,81.119,0.590
124.400907,886.228,81.122,0.670
124.412517,883.233,81.063,0.704
124.424127,876.610,80.933,0.743
124.435737,774.483,78.789,0.770
124.447347,766.558,78.611,0.795
124.458957,167.589,52.289,0.822
124.470567,167.212,52.250,0.837
124.482177,167.383,52.268,0.832
124.493787,166.813,52.209,0.827
124.505397,166.532,52.180,0.825
124.517007,166.383,52.164,0.814
124.528617,165.958,52.120,0.806
124.540227,165.631,52.086,0.800
124.551837,165.133,52.033,0.787
124.563447,166.920,52.220,0.793
124.575057,167.239,52.253,0.796
124.586667,138.779,49.023,0.801
124.598277,138.799,49.026,0.801
124.609887,138.806,49.027,0.798
124.621497,138.778,49.023,0.789
124.633107,138.787,49.024,0.772
124.644717,138.943,49.044,0.749
124.656327,140.366,49.220,0.703
124.667937,140.987,49.297,0.662
124.679546,141.248,49.329,0.582
124.691156,140.059,49.182,0.482
124.702766,190.566,54.513,0.583
124.714376,190.801,54.535,0.680
124.725986,169.322,52.467,0.759
124.737596,169.864,52.523,0.803
124.749206,158.859,51.363,0.835
124.760816,158.511,51.325,0.846
124.772426,158.536,51.328,0.858
124.784036,158.495,51.323,0.864
124.795646,158.492,51.323,0.862
124.807256,158.695,51.345,0.854
124.818866,168.565,52.390,0.834
124.830476,167.873,52.318,0.814
124.842086,166.720,52.199,0.788
124.853696,166.753,52.203,0.780
124.865306,166.625,52.189,0.770
124.876916,165.137,52.034,0.766
124.888526,164.516,51.969,0.759
124.900136,164.282,51.944,0.750
124.911746,164.527,51.970,0.738
124.923356,164.563,51.974,0.723
124.934966,167.964,52.328,0.712
124.946576,169.603,52.496,0.710
124.958186,170.393,52.576,0.706
124.969796,169.708,52.507,0.704
124.981406,169.314,52.466,0.702
124.993016,167.149,52.244,0.704
125.004626,166.644,52.191,0.708
125.016236,160.058,51.493,0.719
125.027846,160.503,51.541,0.724
125.039456,166.304,52.156,0.730
125.051066,166.941,52.222,0.737
125.062676,167.046,52.233,0.749
125.074286,166.824,52.210,0.759
125.085896,166.476,52.174,0.767
125.097506,166.064,52.131,0.775
125.109116,165.712,52.094,0.780
125.120726,165.459,52.068,0.788
125.132336,164.972,52.017,0.791
125.143946,164.628,51.980,0.802
125.155556,164.127,51.928,0.802
125.167166,164.372,51.954,0.813
125.178776,164.603,51.978,0.819
125.190385,164.893,52.008,0.825
125.201995,165.157,52.036,0.830
125.213605,165.277,52.049,0.835
125.225215,165.362,52.058,0.841
125.236825,165.424,52.064,0.840
125.248435,165.466,52.068,0.845
125.260045,165.439,52.066,0.840
125.271655,165.292,52.050,0.834
125.283265,165.143,52.035,0.830
125.294875,165.154,52.036,0.825
125.306485,165.108,52.031,0.811
125.318095,165.073,52.027,0.800
125.329705,165.300,52.051,0.800
125.341315,165.745,52.098,0.804
125.352925,168.141,52.346,0.806
125.364535,180.357,53.560,0.813
125.376145,182.042,53.721,0.817
125.387755,183.669,53.875,0.826
125.399365,184.545,53.958,0.839
125.410975,184.878,53.989,0.850
125.422585,185.256,54.024,0.850
125.434195,185.588,54.055,0.845
125.445805,185.993,54.093,0.841
125.457415,186.538,54.144,0.840
125.469025,186.818,54.170,0.836
125.480635,186.906,54.178,0.829
125.492245,819.222,79.761,0.826
125.503855,827.580,79.937,0.818
125.515465,206.838,55.932,0.821
125.527075,207.053,55.950,0.821
125.538685,207.419,55.981,0.825
125.550295,207.848,56.016,0.824
125.561905,207.934,56.023,0.823
125.573515,207.870,56.018,0.823
125.585125,207.772,56.010,0.817
125.596735,207.711,56.005,0.813
125.608345,207.894,56.020,0.800
125.619955,208.128,56.040,0.794
125.631565,208.616,56.080,0.783
125.643175,209.271,56.134,0.768
125.654785,209.840,56.181,0.752
125.666395,210.695,56.252,0.727
125.678005,211.295,56.301,0.704
125.689615,212.548,56.403,0.678
125.701224,213.011,56.441,0.644
125.712834,213.018,56.442,0.601
125.724444,168.665,52.400,0.551
125.736054,133.890,48.403,0.518
125.747664,765.881,78.595,0.505
125.759274,765.911,78.596,0.502
125.770884,768.257,78.649,0.512
125.782494,768.093,78.645,0.512
125.794104,769.165,78.669,0.516
125.805714,773.160,78.759,0.505
125.817324,778.927,78.888,0.488
125.828934,82.677,40.057,0.469
125.840544,82.634,40.048,0.436
125.852154,168.593,52.393,0.426
125.863764,208.737,56.090,0.406
125.875374,208.433,56.065,0.397
125.886984,207.553,55.992,0.388
125.898594,207.592,55.995,0.386
125.910204,207.103,55.954,0.386
125.921814,167.145,52.243,0.378
125.933424,539.389,72.526,0.581
125.945034,538.591,72.500,0.694
125.956644,158.102,51.280,0.725
125.968254,159.469,51.429,0.755
125.979864,160.217,51.510,0.780
125.991474,161.088,51.604,0.800
126.003084,161.934,51.695,0.818
126.014694,162.290,51.733,0.832
126.026304,164.439,51.961,0.828
126.037914,164.431,51.960,0.815
126.049524,163.684,51.881,0.818
126.061134,162.791,51.786,0.817
126.072744,162.158,51.719,0.815
126.084354,161.755,51.676,0.810
126.095964,161.656,51.665,0.805
126.107574,162.009,51.703,0.802
126.119184,162.717,51.778,0.803
126.130794,163.596,51.872,0.801
126.142404,164.302,51.946,0.795
126.154014,164.849,52.004,0.793
126.165624,165.023,52.022,0.794
126.177234,165.040,52.024,0.797
126.188844,165.003,52.020,0.801
126.200454,164.696,51.988,0.804
126.212063,164.211,51.937,0.807
126.223673,164.113,51.926,0.810
126.235283,164.547,51.972,0.814
126.246893,165.588,52.081,0.815
126.258503,171.483,52.687,0.815
126.270113,177.827,53.316,0.817
126.281723,181.270,53.648,0.814
126.293333,184.140,53.920,0.816
126.304943,185.223,54.021,0.826
126.316553,184.997,54.000,0.831
126.328163,184.560,53.959,0.829
126.339773,184.302,53.935,0.831
126.351383,184.364,53.941,0.834
126.362993,184.801,53.982,0.836
126.374603,184.844,53.986,0.840
126.386213,184.550,53.958,0.843
126.397823,820.770,79.794,0.838
126.409433,823.345,79.848,0.842
126.421043,822.631,79.833,0.850
126.432653,207.800,56.012,0.853
126.444263,207.959,56.026,0.856
126.455873,208.213,56.047,0.852
126.467483,208.393,56.062,0.856
126.479093,208.545,56.074,0.851
126.490703,208.345,56.058,0.850
126.502313,207.952,56.025,0.843
126.513923,207.666,56.001,0.835
126.525533,207.532,55.990,0.828
126.537143,207.223,55.964,0.820
126.548753,207.265,55.968,0.821
126.560363,207.327,55.973,0.815
126.571973,207.278,55.969,0.810
126.583583,207.066,55.951,0.807
126.595193,206.820,55.930,0.802
126.606803,205.868,55.851,0.801
126.618413,205.291,55.802,0.791
126.630023,191.684,54.615,0.777
126.641633,124.026,47.078,0.756
126.653243,124.148,47.095,0.730
126.664853,124.003,47.075,0.708
126.676463,917.432,81.721,0.667
126.688073,92.027,41.912,0.622
126.699683,85.485,40.635,0.550
126.711293,213.084,56.447,0.488
126.722902,165.733,52.096,0.422
126.734512,165.827,52.106,0.390
126.746122,165.564,52.079,0.385
126.757732,165.524,52.074,0.380
126.769342,165.745,52.098,0.379
126.780952,208.718,56.089,0.386
126.792562,208.133,56.040,0.391
126.804172,207.759,56.009,0.391
126.815782,207.538,55.990,0.391
126.827392,207.067,55.951,0.394
126.839002,207.250,55.966,0.391
126.850612,206.789,55.928,0.386
126.862222,206.591,55.911,0.376
126.873832,206.310,55.888,0.362
126.885442,205.837,55.848,0.343
126.897052,205.682,55.835,0.326
126.908662,168.609,52.394,0.315
126.920272,90.967,41.711,0.300
126.931882,85.945,40.728,0.285
126.943492,80.866,39.673,0.278
126.955102,104.065,44.040,0.269
126.966712,104.093,44.044,0.262
126.978322,208.199,56.046,0.258
126.989932,208.331,56.056,0.255
127.001542,103.990,44.027,0.252
127.013152,104.199,44.062,0.254
127.024762,104.267,44.073,0.255
127.036372,104.445,44.103,0.251
127.047982,104.566,44.123,0.256
127.059592,104.590,44.127,0.259
127.071202,104.502,44.112,0.269
127.082812,104.413,44.098,0.276
127.094422,207.993,56.028,0.277
127.106032,208.001,56.029,0.270
127.117642,208.026,56.031,0.271
127.129252,207.589,55.995,0.272
127.140862,207.220,55.964,0.272
127.152472,207.024,55.948,0.267
127.164082,206.676,55.918,0.266
127.175692,206.614,55.913,0.264
127.187302,205.859,55.850,0.272
127.198912,205.620,55.830,0.286
127.210522,742.611,78.061,0.292
127.222132,744.027,78.094,0.292
127.233741,745.372,78.125,0.289
127.245351,747.637,78.178,0.289
127.256961,747.282,78.170,0.279
127.268571,744.692,78.110,0.272
127.280181,745.631,78.132,0.251
127.291791,750.694,78.249,0.227
127.303401,758.181,78.420,0.205
127.315011,206.824,55.931,0.192
127.326621,757.374,78.402,0.181
127.338231,207.097,55.954,0.176
127.349841,207.137,55.957,0.172
127.361451,207.047,55.949,0.163
127.373061,207.867,56.018,0.163
127.384671,207.905,56.021,0.168
127.396281,207.620,55.997,0.169
127.407891,207.909,56.021,0.179
127.419501,208.155,56.042,0.183
127.431111,208.198,56.045,0.182
127.442721,207.784,56.011,0.182
127.454331,207.411,55.980,0.178
127.465941,206.999,55.945,0.177
127.477551,104.239,44.069,0.166
127.489161,208.289,56.053,0.157
127.500771,104.375,44.091,0.137
127.512381,208.410,56.063,0.118
127.523991,752.282,78.285,0.100
127.535601,752.413,78.288,0.083
127.547211,750.433,78.243,0.076
127.558821,752.588,78.292,0.063
127.570431,748.292,78.193,0.064
127.582041,747.670,78.179,0.063
127.593651,747.523,78.175,0.066
127.605261,749.664,78.225,0.070
127.616871,753.706,78.318,0.067
127.628481,755.435,78.358,0.069
127.640091,756.356,78.379,0.069
127.651701,754.800,78.343,0.070
127.663311,756.967,78.393,0.064
127.674921,105.363,44.254,0.057
127.686531,105.398,44.260,0.056
127.698141,758.285,78.423,0.054
127.709751,105.156,44.220,0.059
127.721361,755.733,78.364,0.060
127.732971,757.016,78.394,0.057
127.744580,758.717,78.433,0.058
127.756190,763.240,78.536,0.060
127.767800,764.100,78.555,0.068
127.779410,774.870,78.797,0.072
127.791020,770.644,78.703,0.081
127.802630,770.154,78.692,0.088
127.814240,774.290,78.784,0.097
127.825850,773.895,78.776,0.102
127.837460,772.802,78.751,0.102
127.849070,773.476,78.766,0.101
127.860680,772.526,78.745,0.094
127.872290,767.011,78.621,0.086
127.883900,769.468,78.676,0.069
127.895510,770.478,78.699,0.052
127.907120,762.367,78.516,0.027
127.918730,761.238,78.490,0.009
127.930340,,,0.000
127.941950,,,0.000
127.953560,,,0.000
127.965170,,,0.000
127.976780,,,0.000
127.988390,,,0.000
128.000000,,,0.000
128.011610,,,0.000
128.023220,,,0.000
128.034830,,,0.000
128.046440,,,0.000
128.058050,,,0.000
128.069660,,,0.000
128.081270,,,0.000
128.092880,,,0.000
128.104490,,,0.000
128.116100,,,0.000
128.127710,,,0.000
128.139320,,,0.000
128.150930,,,0.000
128.162540,,,0.000
128.174150,,,0.000
128.185760,,,0.000
128.197370,,,0.000
128.208980,,,0.000
128.220590,,,0.000
128.232200,,,0.000
128.243810,,,0.000
128.255420,,,0.000
128.267029,,,0.000
128.278639,,,0.000
128.290249,764.475,78.564,0.003
128.301859,962.795,82.557,0.240
128.313469,626.224,75.110,0.491
128.325079,837.368,80.140,0.584
128.336689,107.739,44.640,0.632
128.348299,838.972,80.173,0.689
128.359909,839.969,80.194,0.725
128.371519,695.559,76.928,0.749
128.383129,219.230,56.939,0.766
128.394739,219.285,56.944,0.784
128.406349,232.923,57.988,0.792
128.417959,245.964,58.931,0.797
128.429569,245.376,58.890,0.804
128.441179,247.558,59.043,0.806
128.452789,249.721,59.194,0.812
128.464399,248.825,59.132,0.824
128.476009,249.393,59.171,0.840
128.487619,248.821,59.131,0.851
128.499229,248.604,59.116,0.857
128.510839,248.356,59.099,0.859
128.522449,247.603,59.046,0.857
128.534059,246.786,58.989,0.847
128.545669,246.077,58.939,0.830
128.557279,245.513,58.900,0.805
128.568889,245.072,58.868,0.769
128.580499,244.679,58.841,0.721
128.592109,244.381,58.820,0.659
128.603719,244.140,58.802,0.579
128.615329,244.837,58.852,0.446
128.626939,246.262,58.952,0.327
128.638549,246.718,58.984,0.310
128.650159,246.706,58.983,0.343
128.661769,246.977,59.002,0.385
128.673379,242.438,58.681,0.524
128.684989,242.811,58.708,0.612
128.696599,243.061,58.726,0.686
128.708209,243.631,58.766,0.725
128.719819,244.618,58.836,0.753
128.731429,245.401,58.892,0.775
128.743039,245.496,58.898,0.792
128.754649,245.378,58.890,0.809
128.766259,245.501,58.899,0.818
128.777868,245.732,58.915,0.822
128.789478,245.972,58.932,0.818
128.801088,246.217,58.949,0.816
128.812698,246.139,58.944,0.806
128.824308,246.117,58.942,0.805
128.835918,246.580,58.975,0.812
128.847528,247.083,59.010,0.814
128.859138,247.516,59.040,0.815
128.870748,247.788,59.059,0.815
128.882358,247.859,59.064,0.816
128.893968,247.810,59.061,0.812
128.905578,247.812,59.061,0.818
128.917188,247.648,59.049,0.822
128.928798,247.497,59.039,0.820
128.940408,247.363,59.030,0.819
128.952018,246.999,59.004,0.818
128.963628,246.195,58.948,0.814
128.975238,245.046,58.867,0.813
128.986848,244.717,58.843,0.819
128.998458,244.621,58.837,0.829
129.010068,245.921,58.928,0.832
129.021678,250.292,59.233,0.827
129.033288,262.087,60.031,0.827
129.044898,265.378,60.247,0.821
129.056508,282.038,61.301,0.828
129.068118,281.723,61.281,0.831
129.079728,281.799,61.286,0.828
129.091338,281.937,61.294,0.825
129.102948,282.133,61.306,0.818
129.114558,275.491,60.894,0.818
129.126168,275.135,60.872,0.816
129.137778,275.346,60.885,0.817
129.149388,275.504,60.895,0.808
129.160998,275.831,60.915,0.810
129.172608,276.611,60.964,0.813
129.184218,276.986,60.988,0.807
129.195828,277.017,60.990,0.810
129.207438,277.225,61.003,0.810
129.219048,277.309,61.008,0.808
129.230658,276.926,60.984,0.812
129.242268,276.721,60.971,0.814
129.253878,276.359,60.948,0.800
129.265488,276.014,60.927,0.792
129.277098,275.904,60.920,0.790
129.288707,276.352,60.948,0.781
129.300317,276.929,60.984,0.774
129.311927,279.397,61.138,0.777
129.323537,286.219,61.555,0.775
129.335147,309.546,62.912,0.774
129.346757,336.593,64.362,0.786
129.358367,335.166,64.288,0.794
129.369977,333.943,64.225,0.802
129.381587,332.834,64.168,0.811
129.393197,332.344,64.142,0.821
129.404807,327.561,63.891,0.824
129.416417,324.652,63.737,0.831
129.428027,325.366,63.775,0.833
129.439637,325.185,63.765,0.832
129.451247,323.739,63.688,0.832
129.462857,323.254,63.662,0.830
129.474467,334.927,64.276,0.830
129.486077,334.687,64.264,0.833
129.497687,333.860,64.221,0.836
129.509297,334.610,64.260,0.835
129.520907,335.991,64.331,0.837
129.532517,324.643,63.736,0.841
129.544127,324.070,63.706,0.847
129.555737,324.008,63.702,0.841
129.567347,323.790,63.691,0.833
129.578957,323.162,63.657,0.825
129.590567,322.176,63.604,0.835
129.602177,322.006,63.595,0.837
129.613787,321.896,63.589,0.842
129.625397,279.862,61.167,0.849
129.637007,278.888,61.106,0.843
129.648617,278.285,61.069,0.844
129.660227,278.355,61.073,0.841
129.671837,278.537,61.084,0.833
129.683447,278.533,61.084,0.803
129.695057,278.462,61.080,0.780
129.706667,278.545,61.085,0.746
129.718277,276.411,60.952,0.695
129.729887,275.012,60.864,0.664
129.741497,278.249,61.066,0.644
129.753107,279.421,61.139,0.645
129.764717,279.942,61.172,0.652
129.776327,279.569,61.148,0.659
129.787937,279.447,61.141,0.660
129.799546,279.558,61.148,0.660
129.811156,279.688,61.156,0.649
129.822766,279.941,61.171,0.631
129.834376,280.080,61.180,0.611
129.845986,279.273,61.130,0.590
129.857596,278.844,61.103,0.569
129.869206,279.201,61.126,0.553
129.880816,279.209,61.126,0.617
129.892426,279.105,61.120,0.659
129.904036,279.258,61.129,0.679
129.915646,279.391,61.137,0.690
129.927256,279.326,61.133,0.700
129.938866,279.515,61.145,0.720
129.950476,334.121,64.234,0.739
129.962086,335.267,64.294,0.761
129.973696,336.442,64.354,0.764
129.985306,335.186,64.289,0.770
129.996916,333.290,64.191,0.782
130.008526,331.284,64.087,0.797
130.020136,329.643,64.001,0.816
130.031746,329.602,63.999,0.822
130.043356,330.128,64.026,0.826
130.054966,330.463,64.044,0.832
130.066576,331.533,64.100,0.840
130.078186,674.170,76.387,0.850
130.089796,686.606,76.704,0.855
130.101406,703.288,77.119,0.862
130.113016,361.769,65.611,0.865
130.124626,366.311,65.827,0.873
130.136236,367.683,65.892,0.881
130.147846,369.075,65.957,0.884
130.159456,370.058,66.003,0.884
130.171066,370.686,66.032,0.883
130.182676,370.777,66.037,0.884
130.194286,370.317,66.015,0.886
130.205896,369.926,65.997,0.886
130.217506,369.767,65.989,0.886
130.229116,369.665,65.985,0.887
130.240726,369.854,65.993,0.886
130.252336,370.066,66.003,0.885
130.263946,370.243,66.012,0.883
130.275556,370.332,66.016,0.878
130.287166,370.652,66.031,0.872
130.298776,371.029,66.048,0.867
130.310385,370.955,66.045,0.862
130.321995,370.784,66.037,0.861
130.333605,370.383,66.018,0.862
130.345215,370.032,66.002,0.851
130.356825,369.893,65.995,0.836
130.368435,369.697,65.986,0.835
130.380045,369.916,65.996,0.838
130.391655,370.407,66.019,0.846
130.403265,371.207,66.057,0.849
130.414875,371.788,66.084,0.851
130.426485,372.246,66.105,0.847
130.438095,372.483,66.116,0.855
130.449705,372.485,66.116,0.865
130.461315,372.386,66.112,0.864
130.472925,372.101,66.098,0.861
130.484535,371.357,66.064,0.851
130.496145,370.150,66.007,0.842
130.507755,368.847,65.946,0.828
130.519365,367.672,65.891,0.824
130.530975,367.076,65.863,0.821
130.542585,367.051,65.862,0.816
130.554195,367.271,65.872,0.816
130.565805,367.841,65.899,0.816
130.577415,369.283,65.967,0.819
130.589025,371.026,66.048,0.830
130.600635,371.603,66.075,0.838
130.612245,371.620,66.076,0.843
130.623855,370.698,66.033,0.847
130.635465,369.413,65.973,0.851
130.647075,368.479,65.929,0.852
130.658685,367.601,65.888,0.854
130.670295,367.168,65.867,0.860
130.681905,367.213,65.869,0.860
130.693515,367.422,65.879,0.855
130.705125,368.018,65.907,0.849
130.716735,369.202,65.963,0.847
130.728345,370.582,66.027,0.850
130.739955,371.280,66.060,0.854
130.751565,371.731,66.081,0.857
130.763175,371.953,66.091,0.851
130.774785,370.955,66.045,0.841
130.786395,369.543,65.979,0.839
130.798005,368.662,65.938,0.838
130.809615,367.861,65.900,0.827
130.821224,367.030,65.861,0.817
130.832834,367.167,65.867,0.813
130.844444,368.785,65.943,0.802
130.856054,374.461,66.208,0.800
130.867664,374.500,66.210,0.809
130.879274,373.863,66.180,0.821
130.890884,373.110,66.145,0.831
130.902494,372.448,66.114,0.844
130.914104,371.960,66.092,0.855
130.925714,371.891,66.089,0.860
130.937324,372.373,66.111,0.862
130.948934,373.172,66.148,0.866
130.960544,373.752,66.175,0.868
130.972154,185.251,54.024,0.868
130.983764,92.534,42.007,0.866
130.995374,405.120,67.570,0.866
131.006984,207.532,55.990,0.864
131.018594,411.085,67.823,0.860
131.030204,411.841,67.855,0.862
131.041814,412.548,67.885,0.860
131.053424,413.594,67.929,0.858
131.065034,414.082,67.949,0.858
131.076644,414.335,67.960,0.861
131.088254,414.692,67.974,0.862
131.099864,415.275,67.999,0.864
131.111474,415.889,68.024,0.861
131.123084,416.360,68.044,0.854
131.134694,416.952,68.069,0.850
131.146304,417.307,68.083,0.851
131.157914,417.925,68.109,0.847
131.169524,417.918,68.109,0.837
131.181134,417.368,68.086,0.820
131.192744,415.647,68.014,0.800
131.204354,371.722,66.081,0.785
131.215964,371.561,66.073,0.776
131.227574,371.939,66.091,0.761
131.239184,373.293,66.154,0.727
131.250794,370.627,66.030,0.697
131.262404,368.825,65.945,0.670
131.274014,368.228,65.917,0.662
131.285624,367.219,65.870,0.663
131.297234,366.924,65.856,0.659
131.308844,366.423,65.832,0.649
131.320454,366.192,65.821,0.640
131.332063,366.721,65.846,0.636
131.343673,368.140,65.913,0.631
131.355283,369.087,65.958,0.635
131.366893,186.132,54.106,0.635
131.378503,186.266,54.118,0.651
131.390113,185.842,54.079,0.690
131.401723,186.084,54.101,0.730
131.413333,186.411,54.132,0.750
131.424943,187.421,54.225,0.773
131.436553,189.021,54.373,0.791
131.448163,223.326,57.260,0.813
131.459773,231.395,57.874,0.828
131.471383,240.011,58.507,0.833
131.482993,243.718,58.772,0.832
131.494603,245.310,58.885,0.828
131.506213,246.025,58.936,0.829
131.517823,246.506,58.969,0.825
131.529433,123.342,46.982,0.821
131.541043,123.502,47.004,0.812
131.552653,246.992,59.004,0.810
131.564263,246.879,58.996,0.812
131.575873,246.917,58.998,0.816
131.587483,246.900,58.997,0.817
131.599093,247.043,59.007,0.816
131.610703,247.109,59.012,0.820
131.622313,247.290,59.024,0.825
131.633923,247.362,59.029,0.829
131.645533,247.551,59.043,0.829
131.657143,247.642,59.049,0.834
131.668753,247.688,59.052,0.838
131.680363,247.609,59.047,0.843
131.691973,247.654,59.050,0.849
131.703583,247.332,59.027,0.853
131.715193,246.857,58.994,0.856
131.726803,246.191,58.947,0.858
131.738413,245.538,58.901,0.859
131.750023,245.144,58.873,0.857
131.761633,245.240,58.880,0.852
131.773243,245.500,58.899,0.850
131.784853,245.714,58.914,0.850
131.796463,245.627,58.908,0.847
131.808073,245.585,58.905,0.843
131.819683,245.381,58.890,0.842
131.831293,245.386,58.891,0.840
131.842902,244.980,58.862,0.839
131.854512,244.934,58.859,0.842
131.866122,244.816,58.850,0.841
131.877732,244.770,58.847,0.838
131.889342,245.094,58.870,0.835
131.900952,245.713,58.914,0.836
131.912562,246.544,58.972,0.834
131.924172,247.066,59.009,0.831
131.935782,247.731,59.055,0.832
131.947392,248.448,59.105,0.829
131.959002,249.233,59.160,0.824
131.970612,249.697,59.192,0.817
131.982222,250.002,59.213,0.808
131.993832,250.304,59.234,0.796
132.005442,250.429,59.243,0.792
132.017052,250.181,59.226,0.802
132.028662,249.627,59.187,0.795
132.040272,247.410,59.033,0.785
132.051882,245.545,58.902,0.782
132.063492,245.680,58.911,0.792
132.075102,246.615,58.977,0.803
132.086712,246.619,58.977,0.816
132.098322,245.920,58.928,0.823
132.109932,245.058,58.867,0.815
132.121542,243.975,58.791,0.820
132.133152,243.423,58.752,0.832
132.144762,243.673,58.769,0.840
132.156372,244.089,58.799,0.840
132.167982,244.440,58.824,0.837
132.179592,245.717,58.914,0.835
132.191202,247.696,59.053,0.827
132.202812,249.744,59.195,0.823
132.214422,250.763,59.266,0.819
132.226032,251.239,59.299,0.812
132.237642,251.780,59.336,0.802
132.249252,251.196,59.296,0.793
132.260862,249.716,59.193,0.778
132.272472,248.148,59.084,0.755
132.284082,246.580,58.975,0.734
132.295692,244.445,58.824,0.712
132.307302,242.649,58.696,0.686
132.318912,242.289,58.671,0.673
132.330522,242.295,58.671,0.678
132.342132,242.466,58.683,0.675
132.353741,242.508,58.686,0.683
132.365351,242.478,58.684,0.687
132.376961,265.326,60.243,0.717
132.388571,318.802,63.422,0.741
132.400181,319.121,63.439,0.763
132.411791,320.113,63.493,0.775
132.423401,323.105,63.654,0.777
132.435011,323.243,63.661,0.783
132.446621,323.570,63.679,0.796
132.458231,323.839,63.693,0.809
132.469841,324.471,63.727,0.814
132.481451,325.428,63.778,0.820
132.493061,326.662,63.844,0.824
132.504671,328.930,63.963,0.834
132.516281,162.621,51.768,0.843
132.527891,895.988,81.312,0.849
132.539501,906.843,81.520,0.852
132.551111,909.987,81.580,0.856
132.562721,913.058,81.638,0.857
132.574331,369.865,65.994,0.858
132.585941,371.210,66.057,0.858
132.597551,372.760,66.129,0.847
132.609161,373.231,66.151,0.840
132.620771,372.289,66.107,0.837
132.632381,371.183,66.056,0.836
132.643991,370.890,66.042,0.831
132.655601,370.851,66.040,0.828
132.667211,370.868,66.041,0.822
132.678821,370.912,66.043,0.816
132.690431,371.116,66.052,0.809
132.702041,371.494,66.070,0.803
132.713651,372.124,66.099,0.796
132.725261,372.190,66.102,0.788
132.736871,371.715,66.080,0.788
132.748481,370.371,66.018,0.789
132.760091,367.928,65.903,0.799
132.771701,364.963,65.763,0.810
132.783311,363.561,65.696,0.807
132.794921,363.043,65.672,0.802
132.806531,362.661,65.653,0.793
132.818141,361.369,65.592,0.793
132.829751,361.801,65.612,0.793
132.841361,365.483,65.788,0.794
132.852971,372.389,66.112,0.787
132.864580,374.359,66.203,0.781
132.876190,374.806,66.224,0.800
132.887800,374.377,66.204,0.816
132.899410,373.778,66.176,0.829
132.911020,373.035,66.142,0.833
132.922630,372.762,66.129,0.834
132.934240,371.828,66.086,0.833
132.945850,370.024,66.001,0.835
132.957460,367.962,65.905,0.838
132.969070,366.432,65.833,0.837
132.980680,365.703,65.798,0.840
132.992290,365.848,65.805,0.841
133.003900,366.649,65.843,0.843
133.015510,367.672,65.891,0.845
133.027120,368.594,65.934,0.850
133.038730,368.819,65.945,0.858
133.050340,368.978,65.952,0.854
133.061950,368.666,65.938,0.854
133.073560,367.653,65.890,0.850
133.085170,366.580,65.839,0.849
133.096780,366.122,65.818,0.849
133.108390,366.363,65.829,0.851
133.120000,366.907,65.855,0.850
133.131610,368.170,65.914,0.844
133.143220,369.621,65.982,0.848
133.154830,371.045,66.049,0.845
133.166440,371.538,66.072,0.855
133.178050,371.756,66.082,0.858
133.189660,371.025,66.048,0.856
133.201270,369.316,65.968,0.854
133.212880,368.169,65.914,0.852
133.224490,367.516,65.884,0.852
133.236100,367.503,65.883,0.855
133.247710,367.888,65.901,0.865
133.259320,368.473,65.929,0.856
133.270930,368.888,65.948,0.849
133.282540,369.195,65.963,0.844
133.294150,369.510,65.977,0.855
133.305760,370.307,66.015,0.866
133.317370,370.773,66.036,0.862
133.328980,370.405,66.019,0.852
133.340590,369.564,65.980,0.849
133.352200,368.739,65.941,0.852
133.363810,368.595,65.934,0.864
133.375420,368.953,65.951,0.876
133.387029,369.434,65.974,0.870
133.398639,369.419,65.973,0.860
133.410249,370.613,66.029,0.866
133.421859,371.885,66.088,0.871
133.433469,372.662,66.124,0.869
133.445079,750.872,78.253,0.866
133.456689,752.943,78.300,0.858
133.468299,207.516,55.989,0.851
133.479909,208.630,56.081,0.848
133.491519,208.731,56.090,0.849
133.503129,414.674,67.974,0.844
133.514739,415.526,68.009,0.843
133.526349,416.296,68.041,0.841
133.537959,416.366,68.044,0.840
133.549569,416.225,68.038,0.842
133.561179,415.978,68.028,0.848
133.572789,415.732,68.018,0.846
133.584399,415.581,68.012,0.836
133.596009,415.728,68.018,0.831
133.607619,416.087,68.033,0.830
133.619229,416.543,68.052,0.840
133.630839,208.155,56.042,0.849
133.642449,208.408,56.063,0.845
133.654059,370.660,66.031,0.832
133.665669,370.985,66.046,0.820
133.677279,370.940,66.044,0.812
133.688889,370.829,66.039,0.801
133.700499,371.251,66.059,0.785
133.712109,369.759,65.989,0.742
133.723719,368.321,65.922,0.686
133.735329,368.508,65.930,0.645
133.746939,367.641,65.890,0.617
133.758549,367.514,65.884,0.608
133.770159,368.192,65.915,0.614
133.781769,368.869,65.947,0.613
133.793379,369.268,65.966,0.609
133.804989,368.957,65.951,0.613
133.816599,368.804,65.944,0.608
133.828209,368.968,65.952,0.607
133.839819,369.012,65.954,0.608
133.851429,368.690,65.939,0.609
133.863039,368.000,65.906,0.613
133.874649,368.285,65.920,0.647
133.886259,370.027,66.002,0.711
133.897868,246.258,58.952,0.776
133.909478,247.714,59.054,0.820
133.921088,248.141,59.084,0.841
133.932698,248.099,59.081,0.855
133.944308,247.818,59.061,0.865
133.955918,247.728,59.055,0.874
133.967528,247.598,59.046,0.877
133.979138,247.613,59.047,0.874
133.990748,247.007,59.005,0.859
134.002358,246.177,58.946,0.843
134.013968,246.143,58.944,0.838
134.025578,246.647,58.979,0.836
134.037188,247.376,59.030,0.833
134.048798,247.860,59.064,0.832
134.060408,248.424,59.104,0.836
134.072018,249.193,59.157,0.836
134.083628,249.978,59.212,0.838
134.095238,250.387,59.240,0.839
134.106848,250.452,59.244,0.839
134.118458,250.068,59.218,0.840
134.130068,249.936,59.209,0.843
134.141678,249.765,59.197,0.844
134.153288,249.600,59.185,0.843
134.164898,248.699,59.123,0.842
134.176508,247.617,59.047,0.838
134.188118,246.885,58.996,0.828
134.199728,246.309,58.956,0.816
134.211338,246.287,58.954,0.811
134.222948,247.573,59.044,0.812
134.234558,249.630,59.187,0.811
134.246168,250.196,59.227,0.812
134.257778,249.779,59.198,0.816
134.269388,248.520,59.110,0.830
134.280998,247.459,59.036,0.844
134.292608,245.955,58.931,0.860
134.304218,245.029,58.865,0.868
134.315828,244.565,58.833,0.868
134.327438,244.235,58.809,0.866
134.339048,244.050,58.796,0.863
134.350658,243.620,58.766,0.852
134.362268,244.013,58.793,0.835
134.373878,246.022,58.935,0.828
134.385488,247.985,59.073,0.840
134.397098,249.286,59.164,0.850
134.408707,248.434,59.104,0.856
134.420317,460.541,69.790,0.862
134.431927,460.626,69.793,0.863
134.443537,460.325,69.782,0.872
134.455147,459.961,69.768,0.876
134.466757,460.068,69.772,0.877
134.478367,123.554,47.012,0.862
134.489977,243.484,58.756,0.854
134.501587,244.918,58.858,0.860
134.513197,123.300,46.976,0.864
134.524807,123.159,46.956,0.866
134.536417,123.052,46.941,0.866
134.548027,918.312,81.738,0.879
134.559637,448.906,69.347,0.887
134.571247,444.582,69.179,0.890
134.582857,443.553,69.139,0.881
134.594467,443.381,69.133,0.869
134.606077,442.503,69.098,0.868
134.617687,442.454,69.096,0.868
134.629297,443.241,69.127,0.874
134.640907,443.444,69.135,0.861
134.652517,443.979,69.156,0.847
134.664127,450.429,69.406,0.855
134.675737,457.963,69.693,0.859
134.687347,465.693,69.983,0.859
134.698957,479.815,70.500,0.856
134.710567,488.482,70.810,0.867
134.722177,494.140,71.009,0.873
134.733787,494.414,71.019,0.885
134.745397,493.959,71.003,0.890
134.757007,494.052,71.006,0.879
134.768617,492.211,70.941,0.883
134.780227,489.367,70.841,0.884
134.791837,487.307,70.768,0.880
134.803447,485.500,70.704,0.871
134.815057,485.259,70.695,0.853
134.826667,487.228,70.765,0.840
134.838277,491.996,70.934,0.847
134.849887,496.324,71.085,0.854
134.861497,498.864,71.174,0.844
134.873107,500.216,71.221,0.850
134.884717,499.779,71.205,0.868
134.896327,498.542,71.163,0.876
134.907937,497.175,71.115,0.881
134.919546,495.413,71.054,0.881
134.931156,246.611,58.977,0.878
134.942766,246.070,58.939,0.878
134.954376,245.853,58.924,0.884
134.965986,246.034,58.936,0.885
134.977596,246.706,58.983,0.880
134.989206,247.338,59.028,0.882
135.000816,247.596,59.046,0.891
135.012426,495.248,71.048,0.895
135.024036,494.972,71.038,0.893
135.035646,494.503,71.022,0.890
135.047256,493.474,70.986,0.888
135.058866,492.120,70.938,0.885
135.070476,490.447,70.879,0.873
135.082086,488.242,70.801,0.858
135.093696,485.556,70.706,0.836
135.105306,481.471,70.559,0.822
135.116916,474.758,70.316,0.819
135.128526,461.407,69.822,0.817
135.140136,444.375,69.171,0.805
135.151746,386.794,66.769,0.798
135.163356,382.627,66.581,0.800
135.174966,378.510,66.394,0.813
135.186576,375.436,66.253,0.827
135.198186,373.148,66.147,0.836
135.209796,371.349,66.063,0.840
135.221406,370.051,66.003,0.840
135.233016,183.795,53.887,0.842
135.244626,372.873,66.134,0.846
135.256236,781.866,78.953,0.845
135.267846,794.716,79.235,0.839
135.279456,810.027,79.566,0.836
135.291066,822.674,79.834,0.838
135.302676,417.185,68.078,0.839
135.314286,417.170,68.078,0.840
135.325896,416.618,68.055,0.846
135.337506,416.169,68.036,0.846
135.349116,415.439,68.006,0.853
135.360726,414.134,67.951,0.853
135.372336,413.249,67.914,0.851
135.383946,412.695,67.891,0.845
135.395556,412.399,67.878,0.838
135.407166,412.494,67.882,0.831
135.418776,412.737,67.893,0.814
135.430385,413.528,67.926,0.796
135.441995,414.635,67.972,0.771
135.453605,207.826,56.014,0.747
135.465215,207.889,56.020,0.719
135.476825,83.092,40.143,0.685
135.488435,124.005,47.075,0.651
135.500045,247.675,59.051,0.616
135.511655,245.949,58.930,0.616
135.523265,245.688,58.912,0.623
135.534875,245.554,58.902,0.635
135.546485,245.015,58.864,0.638
135.558095,244.796,58.849,0.637
135.569705,244.941,58.859,0.637
135.581315,245.147,58.874,0.638
135.592925,245.549,58.902,0.633
135.604535,246.429,58.964,0.632
135.616145,246.898,58.997,0.628
135.627755,246.947,59.000,0.624
135.639365,246.834,58.992,0.619
135.650975,247.100,59.011,0.617
135.662585,122.518,46.866,0.618
135.674195,122.037,46.798,0.623
135.685805,89.963,41.519,0.675
135.697415,202.604,55.574,0.753
135.709025,202.944,55.603,0.772
135.720635,204.065,55.698,0.786
135.732245,226.345,57.492,0.819
135.743855,221.455,57.114,0.848
135.755465,222.759,57.216,0.866
135.767075,223.941,57.307,0.877
135.778685,333.559,64.205,0.884
135.790295,333.824,64.219,0.872
135.801905,334.010,64.229,0.878
135.813515,333.654,64.210,0.882
135.825125,333.848,64.220,0.872
135.836735,334.486,64.253,0.859
135.848345,333.831,64.219,0.851
135.859955,332.993,64.176,0.843
135.871565,332.695,64.160,0.825
135.883175,334.098,64.233,0.812
135.894785,334.465,64.252,0.800
135.906395,335.926,64.328,0.794
135.918005,337.348,64.401,0.779
135.929615,338.312,64.450,0.758
135.941224,338.021,64.435,0.729
135.952834,334.392,64.248,0.716
135.964444,162.076,51.710,0.729
135.976054,161.002,51.595,0.767
135.987664,319.571,63.464,0.774
135.999274,408.836,67.728,0.784
136.010884,408.941,67.733,0.805
136.022494,196.709,55.063,0.819
136.034104,196.670,55.059,0.826
136.045714,196.683,55.060,0.826
136.057324,159.884,51.474,0.821
136.068934,333.154,64.184,0.805
136.080544,333.404,64.197,0.802
136.092154,334.605,64.259,0.797
136.103764,334.482,64.253,0.795
136.115374,332.650,64.158,0.797
136.126984,331.141,64.079,0.803
136.138594,330.800,64.061,0.811
136.150204,332.312,64.140,0.817
136.161814,330.236,64.032,0.818
136.173424,328.772,63.955,0.817
136.185034,328.796,63.956,0.814
136.196644,328.683,63.950,0.808
136.208254,371.104,66.052,0.809
136.219864,372.412,66.113,0.820
136.231474,373.662,66.171,0.831
136.243084,373.754,66.175,0.844
136.254694,373.143,66.147,0.857
136.266304,372.548,66.119,0.869
136.277914,372.212,66.103,0.877
136.289524,372.093,66.098,0.886
136.301134,371.908,66.089,0.890
136.312744,371.174,66.055,0.889
136.324354,369.848,65.993,0.885
136.335964,368.371,65.924,0.879
136.347574,367.582,65.887,0.873
136.359184,368.352,65.923,0.872
136.370794,369.336,65.969,0.870
136.382404,370.518,66.024,0.867
136.394014,371.057,66.050,0.853
136.405624,371.271,66.060,0.837
136.417234,372.423,66.113,0.822
136.428844,375.256,66.244,0.805
136.440454,112.538,45.395,0.781
136.452063,107.525,44.606,0.738
136.463673,107.338,44.576,0.691
136.475283,81.151,39.734,0.628
136.486893,81.032,39.709,0.634
136.498503,93.305,42.150,0.657
136.510113,108.457,44.756,0.676
136.521723,373.057,66.143,0.689
136.533333,373.119,66.146,0.699
136.544943,372.983,66.139,0.704
136.556553,124.535,47.149,0.703
136.568163,374.025,66.188,0.698
136.579773,374.153,66.193,0.687
136.591383,372.477,66.116,0.670
136.602993,371.412,66.066,0.650
136.614603,371.698,66.080,0.630
136.626213,371.686,66.079,0.608
136.637823,371.401,66.066,0.610
136.649433,1002.273,83.252,0.708
136.661043,956.408,82.441,0.746
136.672653,935.566,82.060,0.764
136.684263,324.047,63.704,0.786
136.695873,325.925,63.804,0.803
136.707483,327.487,63.887,0.815
136.719093,328.397,63.935,0.825
136.730703,328.627,63.947,0.830
136.742313,328.986,63.966,0.806
136.753923,330.505,64.046,0.789
136.765533,331.736,64.110,0.788
136.777143,332.806,64.166,0.779
136.788753,332.606,64.156,0.777
136.800363,331.853,64.116,0.779
136.811973,331.261,64.086,0.786
136.823583,341.400,64.608,0.801
136.835193,361.250,65.586,0.822
136.846803,373.731,66.174,0.840
136.858413,377.296,66.338,0.848
136.870023,377.394,66.343,0.855
136.881633,376.173,66.287,0.859
136.893243,373.904,66.182,0.865
136.904853,372.336,66.109,0.868
136.916463,371.526,66.072,0.867
136.928073,370.140,66.007,0.866
136.939683,369.152,65.961,0.863
136.951293,368.382,65.924,0.860
136.962902,367.440,65.880,0.852
136.974512,366.972,65.858,0.844
136.986122,368.673,65.938,0.839
136.997732,370.732,66.034,0.839
137.009342,372.929,66.137,0.836
137.020952,373.672,66.171,0.832
137.032562,372.133,66.100,0.831
137.044172,371.861,66.087,0.822
137.055782,371.782,66.083,0.815
137.067392,1002.273,83.252,0.805
137.079002,370.906,66.043,0.787
137.090612,370.994,66.047,0.758
137.102222,369.193,65.962,0.727
137.113832,370.972,66.046,0.681
137.125442,369.851,65.993,0.586
137.137052,369.659,65.984,0.541
137.148662,369.631,65.983,0.516
137.160272,369.815,65.992,0.522
137.171882,370.421,66.020,0.525
137.183492,370.493,66.023,0.525
137.195102,370.802,66.038,0.519
137.206712,370.969,66.046,0.516
137.218322,371.498,66.070,0.508
137.229932,371.971,66.092,0.491
137.241542,371.943,66.091,0.571
137.253152,573.074,73.575,0.643
137.264762,372.452,66.115,0.695
137.276372,376.691,66.311,0.754
137.287982,409.689,67.764,0.778
137.299592,413.362,67.919,0.796
137.311202,414.395,67.962,0.815
137.322812,414.552,67.969,0.831
137.334422,413.523,67.926,0.840
137.346032,412.121,67.867,0.843
137.357642,411.302,67.832,0.845
137.369252,411.423,67.837,0.836
137.380862,411.311,67.833,0.840
137.392472,412.369,67.877,0.852
137.404082,414.285,67.957,0.860
137.415692,417.152,68.077,0.864
137.427302,421.577,68.259,0.869
137.438912,425.028,68.401,0.872
137.450522,428.165,68.528,0.875
137.462132,436.124,68.847,0.879
137.473741,437.784,68.913,0.879
137.485351,439.067,68.963,0.875
137.496961,440.445,69.017,0.874
137.508571,440.976,69.038,0.879
137.520181,440.884,69.035,0.880
137.531791,440.610,69.024,0.882
137.543401,440.300,69.012,0.884
137.555011,440.233,69.009,0.886
137.566621,440.149,69.006,0.887
137.578231,440.153,69.006,0.887
137.589841,440.286,69.011,0.886
137.601451,440.356,69.014,0.881
137.613061,440.538,69.021,0.875
137.624671,440.576,69.023,0.869
137.636281,440.673,69.026,0.860
137.647891,440.624,69.025,0.853
137.659501,440.352,69.014,0.841
137.671111,440.258,69.010,0.826
137.682721,440.084,69.003,0.805
137.694331,439.785,68.992,0.784
137.705941,439.203,68.969,0.765
137.717551,437.565,68.904,0.748
137.729161,430.621,68.627,0.766
137.740771,406.606,67.634,0.777
137.752381,396.223,67.186,0.789
137.763991,393.189,67.053,0.806
137.775601,389.821,66.904,0.829
137.787211,386.605,66.760,0.848
137.798821,383.182,66.606,0.861
137.810431,381.011,66.508,0.875
137.822041,379.529,66.440,0.874
137.833651,378.780,66.406,0.870
137.845261,379.049,66.419,0.870
137.856871,379.993,66.462,0.873
137.868481,383.288,66.611,0.872
137.880091,404.401,67.539,0.868
137.891701,410.097,67.782,0.868
137.903311,412.519,67.883,0.862
137.914921,413.612,67.929,0.857
137.926531,414.535,67.968,0.859
137.938141,415.650,68.014,0.862
137.949751,416.128,68.034,0.862
137.961361,416.086,68.033,0.866
137.972971,415.795,68.020,0.876
137.984580,415.476,68.007,0.882
137.996190,415.305,68.000,0.885
138.007800,415.214,67.996,0.886
138.019410,414.429,67.963,0.885
138.031020,413.058,67.906,0.881
138.042630,411.923,67.858,0.880
138.054240,410.501,67.799,0.869
138.065850,409.558,67.759,0.845
138.077460,408.001,67.693,0.819
138.089070,405.838,67.601,0.799
138.100680,402.237,67.447,0.776
138.112290,399.534,67.330,0.752
138.123900,218.674,56.895,0.726
138.135510,110.029,45.005,0.675
138.147120,219.825,56.986,0.665
138.158730,87.889,41.115,0.696
138.170340,87.741,41.086,0.723
138.181950,146.801,49.996,0.766
138.193560,570.532,73.498,0.804
138.205170,577.856,73.718,0.838
138.216780,390.685,66.942,0.865
138.228390,392.869,67.039,0.888
138.240000,393.466,67.065,0.899
138.251610,391.520,66.979,0.916
138.263220,390.014,66.912,0.924
138.274830,386.117,66.738,0.925
138.286440,384.633,66.672,0.921
138.298050,381.527,66.531,0.917
138.309660,377.393,66.343,0.913
138.321270,373.105,66.145,0.905
138.332880,370.449,66.021,0.896
138.344490,366.923,65.856,0.878
138.356100,363.316,65.685,0.870
138.367710,712.251,77.339,0.864
138.379320,705.136,77.165,0.862
138.390930,696.586,76.954,0.852
138.402540,331.645,64.106,0.851
138.414150,329.645,64.001,0.860
138.425760,329.624,64.000,0.870
138.437370,329.936,64.016,0.873
138.448980,330.212,64.031,0.873
138.460590,330.681,64.055,0.875
138.472200,330.931,64.068,0.879
138.483810,330.778,64.060,0.883
138.495420,330.215,64.031,0.874
138.507029,329.373,63.987,0.871
138.518639,328.711,63.952,0.871
138.530249,328.740,63.953,0.875
138.541859,329.549,63.996,0.882
138.553469,330.608,64.051,0.887
138.565079,331.752,64.111,0.897
138.576689,332.956,64.174,0.902
138.588299,333.550,64.205,0.911
138.599909,333.631,64.209,0.913
138.611519,333.609,64.208,0.911
138.623129,333.244,64.189,0.907
138.634739,331.928,64.120,0.905
138.646349,330.444,64.043,0.900
138.657959,328.181,63.924,0.888
138.669569,326.128,63.815,0.885
138.681179,324.911,63.750,0.880
138.692789,325.110,63.761,0.872
138.704399,326.924,63.857,0.869
138.716009,329.694,64.003,0.867
138.727619,332.455,64.148,0.868
138.739229,333.482,64.201,0.867
138.750839,333.924,64.224,0.869
138.762449,334.053,64.231,0.868
138.774059,333.813,64.218,0.864
138.785669,332.590,64.155,0.861
138.797279,330.126,64.026,0.856
138.808889,328.657,63.949,0.846
138.820499,326.823,63.852,0.829
138.832109,325.952,63.806,0.822
138.843719,326.830,63.852,0.814
138.855329,327.790,63.903,0.805
138.866939,163.369,51.848,0.804
138.878549,325.280,63.770,0.810
138.890159,161.454,51.643,0.822
138.901769,710.318,77.292,0.832
138.913379,707.973,77.234,0.842
138.924989,705.363,77.170,0.847
138.936599,703.498,77.125,0.849
138.948209,908.462,81.551,0.844
138.959819,698.911,77.011,0.835
138.971429,81.376,39.782,0.819
138.983039,81.354,39.777,0.796
138.994649,81.354,39.777,0.775
139.006259,81.287,39.763,0.749
139.017868,330.693,64.056,0.721
139.029478,330.547,64.048,0.705
139.041088,330.011,64.020,0.709
139.052698,330.406,64.041,0.716
139.064308,330.953,64.069,0.722
139.075918,332.568,64.154,0.747
139.087528,329.635,64.000,0.759
139.099138,329.609,63.999,0.764
139.110748,132.277,48.193,0.780
139.122358,214.518,56.563,0.797
139.133968,213.335,56.467,0.822
139.145578,209.004,56.112,0.861
139.157188,417.581,68.095,0.900
139.168798,416.310,68.042,0.922
139.180408,415.298,68.000,0.937
139.192018,414.653,67.973,0.943
139.203628,414.414,67.963,0.942
139.215238,414.040,67.947,0.937
139.226848,411.542,67.842,0.931
139.238458,411.366,67.835,0.913
139.250068,410.261,67.788,0.883
139.261678,409.346,67.750,0.863
139.273288,408.307,67.706,0.855
139.284898,123.399,46.990,0.860
139.296508,371.125,66.053,0.870
139.308118,369.996,66.000,0.880
139.319728,369.816,65.992,0.878
139.331338,370.225,66.011,0.870
139.342948,370.702,66.033,0.860
139.354558,370.988,66.046,0.837
139.366168,370.604,66.029,0.807
139.377778,369.348,65.970,0.777
139.389388,341.430,64.609,0.746
139.400998,330.559,64.049,0.710
139.412608,332.296,64.140,0.718
139.424218,208.467,56.068,0.757
139.435828,208.445,56.066,0.791
139.447438,208.023,56.031,0.818
139.459048,207.809,56.013,0.823
139.470658,415.507,68.008,0.823
139.482268,415.340,68.001,0.817
139.493878,415.623,68.013,0.811
139.505488,416.059,68.031,0.791
139.517098,415.793,68.020,0.761
139.528707,414.670,67.974,0.738
139.540317,330.428,64.042,0.687
139.551927,370.959,66.045,0.701
139.563537,368.593,65.934,0.732
139.575147,370.294,66.014,0.770
139.586757,372.167,66.101,0.805
139.598367,372.533,66.118,0.833
139.609977,372.336,66.109,0.855
139.621587,371.650,66.077,0.861
139.633197,371.546,66.072,0.863
139.644807,371.868,66.087,0.861
139.656417,372.522,66.118,0.858
139.668027,371.801,66.084,0.849
139.679637,370.219,66.011,0.830
139.691247,368.417,65.926,0.806
139.702857,375.298,66.246,0.801
139.714467,412.742,67.893,0.802
139.726077,415.376,68.003,0.821
139.737687,416.822,68.063,0.837
139.749297,418.024,68.113,0.848
139.760907,418.191,68.120,0.858
139.772517,417.854,68.106,0.870
139.784127,417.422,68.088,0.884
139.795737,417.163,68.077,0.887
139.807347,416.336,68.043,0.894
139.818957,415.487,68.008,0.894
139.830567,414.660,67.973,0.891
139.842177,413.887,67.941,0.888
139.853787,413.619,67.930,0.886
139.865397,413.706,67.933,0.883
139.877007,414.021,67.946,0.880
139.888617,414.312,67.959,0.877
139.900227,414.409,67.963,0.873
139.911837,413.769,67.936,0.872
139.923447,412.476,67.882,0.873
139.935057,410.504,67.799,0.882
139.946667,408.620,67.719,0.885
139.958277,406.562,67.632,0.884
139.969887,404.202,67.531,0.881
139.981497,401.964,67.435,0.876
139.993107,400.103,67.354,0.871
140.004717,398.159,67.270,0.862
140.016327,392.930,67.041,0.855
140.027937,374.129,66.192,0.834
140.039546,368.828,65.945,0.822
140.051156,339.474,64.510,0.812
140.062766,287.586,61.638,0.805
140.074376,283.671,61.401,0.800
140.085986,280.266,61.192,0.797
140.097596,279.145,61.122,0.800
140.109206,278.420,61.077,0.801
140.120816,138.107,48.939,0.798
140.132426,277.256,61.005,0.792
140.144036,275.361,60.886,0.809
140.155646,275.449,60.891,0.822
140.167256,275.206,60.876,0.828
140.178866,275.558,60.898,0.834
140.190476,275.454,60.892,0.834
140.202086,275.594,60.901,0.835
140.213696,275.866,60.918,0.841
140.225306,276.531,60.959,0.849
140.236916,279.236,61.128,0.845
140.248526,280.603,61.212,0.840
140.260136,280.498,61.206,0.840
140.271746,280.303,61.194,0.837
140.283356,280.066,61.179,0.838
140.294966,279.758,61.160,0.842
140.306576,279.127,61.121,0.841
140.318186,277.842,61.041,0.837
140.329796,276.073,60.931,0.832
140.341406,275.116,60.870,0.829
140.353016,274.540,60.834,0.829
140.364626,275.552,60.898,0.832
140.376236,281.156,61.246,0.834
140.387846,281.712,61.281,0.836
140.399456,281.863,61.290,0.840
140.411066,281.925,61.294,0.847
140.422676,281.818,61.287,0.853
140.434286,280.803,61.225,0.853
140.445896,279.061,61.117,0.849
140.457506,276.817,60.977,0.846
140.469116,274.555,60.835,0.846
140.480726,273.667,60.779,0.842
140.492336,273.442,60.765,0.841
140.503946,273.851,60.791,0.839
140.515556,275.061,60.867,0.836
140.527166,276.811,60.977,0.837
140.538776,277.825,61.040,0.842
140.550385,277.937,61.047,0.846
140.561995,277.539,61.022,0.848
140.573605,277.173,60.999,0.851
140.585215,275.652,60.904,0.853
140.596825,273.791,60.787,0.855
140.608435,272.991,60.736,0.859
140.620045,272.670,60.716,0.861
140.631655,274.576,60.836,0.862
140.643265,279.556,61.148,0.860
140.654875,280.742,61.221,0.859
140.666485,279.585,61.149,0.861
140.678095,278.558,61.086,0.863
140.689705,277.954,61.048,0.864
140.701315,277.406,61.014,0.863
140.712925,277.274,61.006,0.865
140.724535,277.526,61.021,0.866
140.736145,277.628,61.028,0.864
140.747755,277.534,61.022,0.858
140.759365,278.226,61.065,0.864
140.770975,278.750,61.098,0.859
140.782585,281.255,61.253,0.852
140.794195,282.320,61.318,0.844
140.805805,284.032,61.423,0.838
140.817415,283.651,61.399,0.832
140.829025,319.872,63.480,0.833
140.840635,93.469,42.181,0.834
140.852245,139.577,49.123,0.816
140.863855,139.510,49.114,0.809
140.875465,97.947,42.991,0.809
140.887075,91.904,41.888,0.809
140.898685,91.900,41.888,0.808
140.910295,289.173,61.733,0.807
140.921905,91.914,41.890,0.798
140.933515,142.093,49.432,0.789
140.945125,289.154,61.732,0.781
140.956735,328.544,63.943,0.789
140.968345,331.380,64.092,0.791
140.979955,335.871,64.325,0.795
140.991565,334.793,64.269,0.799
141.003175,334.305,64.244,0.799
141.014785,333.263,64.190,0.815
141.026395,332.124,64.131,0.821
141.038005,330.507,64.046,0.834
141.049615,327.539,63.890,0.830
141.061224,324.708,63.740,0.829
141.072834,324.205,63.713,0.829
141.084444,324.159,63.710,0.828
141.096054,324.891,63.749,0.831
141.107664,327.875,63.908,0.826
141.119274,331.919,64.120,0.829
141.130884,332.083,64.128,0.823
141.142494,332.039,64.126,0.825
141.154104,332.209,64.135,0.821
141.165714,331.238,64.084,0.828
141.177324,329.249,63.980,0.827
141.188934,328.109,63.920,0.826
141.200544,327.002,63.862,0.820
141.212154,325.768,63.796,0.808
141.223764,325.063,63.759,0.796
141.235374,324.973,63.754,0.784
141.246984,325.561,63.785,0.783
141.258594,330.706,64.057,0.758
141.270204,342.547,64.666,0.750
141.281814,343.203,64.699,0.744
141.293424,343.455,64.711,0.744
141.305034,137.799,48.901,0.756
141.316644,88.320,41.200,0.768
141.328254,88.302,41.196,0.773
141.339864,88.296,41.195,0.775
141.351474,401.982,67.436,0.775
141.363084,325.052,63.758,0.776
141.374694,93.060,42.105,0.774
141.386304,93.038,42.101,0.767
141.397914,401.359,67.409,0.763
141.409524,338.137,64.441,0.774
141.421134,337.808,64.424,0.797
141.432744,336.990,64.382,0.825
141.444354,336.848,64.375,0.844
141.455964,334.647,64.262,0.852
141.467574,333.639,64.209,0.858
141.479184,332.536,64.152,0.865
141.490794,332.166,64.133,0.873
141.502404,331.736,64.110,0.877
141.514014,332.970,64.175,0.879
141.525624,336.162,64.340,0.875
141.537234,693.754,76.883,0.873
141.548844,702.505,77.100,0.874
141.560454,710.463,77.295,0.879
141.572063,358.537,65.455,0.883
141.583673,362.381,65.640,0.887
141.595283,365.643,65.795,0.890
141.606893,367.639,65.889,0.889
141.618503,369.021,65.954,0.888
141.630113,369.482,65.976,0.886
141.641723,369.391,65.972,0.889
141.653333,369.285,65.967,0.885
141.664943,369.072,65.957,0.884
141.676553,369.045,65.956,0.883
141.688163,368.992,65.953,0.882
141.699773,369.151,65.960,0.882
141.711383,369.312,65.968,0.882
141.722993,369.368,65.971,0.884
141.734603,369.438,65.974,0.886
141.746213,369.468,65.975,0.891
141.757823,369.592,65.981,0.895
141.769433,369.655,65.984,0.897
141.781043,369.865,65.994,0.895
141.792653,370.137,66.007,0.891
141.804263,370.366,66.017,0.885
141.815873,370.668,66.031,0.881
141.827483,370.971,66.046,0.875
141.839093,370.961,66.045,0.859
141.850703,371.730,66.081,0.854
141.862313,372.432,66.114,0.852
141.873923,372.404,66.112,0.850
141.885533,372.100,66.098,0.847
141.897143,371.644,66.077,0.850
141.908753,370.883,66.042,0.852
141.920363,370.264,66.013,0.857
141.931973,370.010,66.001,0.870
141.943583,369.490,65.976,0.870
141.955193,369.064,65.956,0.873
141.966803,369.009,65.954,0.881
141.978413,369.193,65.962,0.886
141.990023,369.602,65.982,0.888
142.001633,184.958,53.996,0.883
142.013243,185.066,54.006,0.873
142.024853,185.174,54.016,0.868
142.036463,185.389,54.037,0.865
142.048073,185.606,54.057,0.854
142.059683,559.164,73.149,0.838
142.071293,560.770,73.199,0.834
142.082902,561.169,73.211,0.830
142.094512,557.879,73.109,0.832
142.106122,557.091,73.085,0.833
142.117732,729.662,77.757,0.822
142.129342,730.732,77.782,0.807
142.140952,731.733,77.806,0.797
142.152562,732.857,77.832,0.783
142.164172,730.427,77.775,0.753
142.175782,726.392,77.679,0.716
142.187392,728.445,77.728,0.678
142.199002,367.281,65.873,0.640
142.210612,367.049,65.862,0.618
142.222222,369.044,65.955,0.594
142.233832,370.122,66.006,0.578
142.245442,370.083,66.004,0.576
142.257052,369.802,65.991,0.580
142.268662,369.378,65.971,0.586
142.280272,369.012,65.954,0.593
142.291882,368.774,65.943,0.604
142.303492,368.599,65.935,0.614
142.315102,368.584,65.934,0.624
142.326712,368.531,65.931,0.636
142.338322,368.560,65.933,0.641
142.349932,368.612,65.935,0.643
142.361542,368.783,65.943,0.645
142.373152,368.914,65.949,0.645
142.384762,369.042,65.955,0.641
142.396372,369.104,65.958,0.636
142.407982,369.105,65.958,0.627
142.419592,369.045,65.956,0.615
142.431202,369.076,65.957,0.604
142.442812,369.331,65.969,0.608
142.454422,122.972,46.930,0.700
142.466032,458.357,69.708,0.770
142.477642,458.581,69.716,0.796
142.489252,458.741,69.722,0.815
142.500862,460.205,69.777,0.834
142.512472,111.251,45.196,0.848
142.524082,111.169,45.183,0.859
142.535692,111.103,45.173,0.868
142.547302,111.061,45.166,0.862
142.558912,332.537,64.152,0.842
142.570522,332.137,64.131,0.835
142.582132,331.274,64.086,0.827
142.593741,330.094,64.024,0.817
142.605351,329.338,63.985,0.813
142.616961,329.382,63.987,0.812
142.628571,328.748,63.954,0.804
142.640181,328.113,63.920,0.790
142.651791,328.451,63.938,0.779
142.663401,329.792,64.009,0.767
142.675011,331.086,64.076,0.756
142.686621,331.647,64.106,0.743
142.698231,726.385,77.679,0.722
142.709841,727.692,77.710,0.689
142.721451,728.168,77.721,0.663
142.733061,730.721,77.782,0.644
142.744671,218.774,56.903,0.624
142.756281,729.574,77.755,0.602
142.767891,727.603,77.708,0.584
142.779501,726.040,77.671,0.562
142.791111,721.542,77.563,0.532
142.802721,715.138,77.409,0.514
142.814331,717.520,77.466,0.499
142.825941,717.863,77.474,0.485
142.837551,723.888,77.619,0.483
142.849161,365.486,65.788,0.478
142.860771,365.580,65.792,0.480
142.872381,366.379,65.830,0.480
142.883991,366.840,65.852,0.485
142.895601,366.664,65.843,0.497
142.907211,740.063,78.002,0.599
142.918821,756.221,78.376,0.681
142.930431,750.303,78.240,0.770
142.942041,729.562,77.754,0.810
142.953651,718.607,77.492,0.835
142.965261,710.203,77.289,0.857
142.976871,330.515,64.047,0.875
142.988481,330.080,64.024,0.887
143.000091,329.752,64.007,0.891
143.011701,329.536,63.995,0.890
143.023311,329.562,63.997,0.876
143.034921,329.309,63.983,0.870
143.046531,329.487,63.993,0.868
143.058141,329.622,64.000,0.863
143.069751,330.348,64.038,0.856
143.081361,331.024,64.073,0.845
143.092971,332.414,64.146,0.835
143.104580,333.447,64.199,0.823
143.116190,334.076,64.232,0.809
143.127800,334.295,64.243,0.788
143.139410,334.258,64.242,0.757
143.151020,333.580,64.206,0.724
143.162630,332.539,64.152,0.694
143.174240,331.307,64.088,0.681
143.185850,329.230,63.979,0.670
143.197460,327.870,63.907,0.657
143.209070,326.710,63.846,0.644
143.220680,325.335,63.773,0.634
143.232290,325.331,63.773,0.625
143.243900,325.287,63.771,0.613
143.255510,325.513,63.783,0.598
143.267120,325.591,63.787,0.581
143.278730,326.728,63.847,0.560
143.290340,330.071,64.023,0.539
143.301950,330.583,64.050,0.517
143.313560,332.004,64.124,0.497
143.325170,332.137,64.131,0.485
143.336780,332.700,64.161,0.472
143.348390,332.608,64.156,0.461
143.360000,593.654,74.185,0.583
143.371610,283.875,61.413,0.655
143.383220,306.793,62.757,0.706
143.394830,324.996,63.755,0.753
143.406440,335.123,64.286,0.782
143.418050,334.027,64.230,0.803
143.429660,332.737,64.163,0.822
143.441270,331.630,64.105,0.839
143.452880,328.632,63.948,0.848
143.464490,328.392,63.935,0.852
143.476100,326.410,63.830,0.852
143.487710,326.303,63.824,0.849
143.499320,326.939,63.858,0.848
143.510930,327.317,63.878,0.850
143.522540,328.011,63.915,0.846
143.534150,328.717,63.952,0.837
143.545760,329.844,64.011,0.830
143.557370,330.676,64.055,0.825
143.568980,331.489,64.097,0.820
143.580590,331.835,64.116,0.812
143.592200,331.424,64.094,0.809
143.603810,330.769,64.060,0.811
143.615420,329.698,64.004,0.822
143.627029,329.145,63.975,0.834
143.638639,329.094,63.972,0.836
143.650249,329.427,63.989,0.838
143.661859,329.895,64.014,0.845
143.673469,330.814,64.062,0.854
143.685079,331.301,64.088,0.856
143.696689,330.898,64.067,0.851
143.708299,331.119,64.078,0.842
143.719909,330.934,64.068,0.836
143.731519,330.065,64.023,0.834
143.743129,328.532,63.942,0.829
143.754739,327.660,63.896,0.822
143.766349,327.232,63.874,0.810
143.777959,327.062,63.865,0.801
143.789569,327.520,63.889,0.793
143.801179,328.245,63.927,0.788
143.812789,329.613,63.999,0.787
143.824399,332.398,64.145,0.796
143.836009,336.226,64.343,0.811
143.847619,350.488,65.062,0.824
143.859229,365.162,65.772,0.835
143.870839,368.073,65.910,0.849
143.882449,369.230,65.964,0.857
143.894059,369.783,65.990,0.864
143.905669,370.027,66.002,0.866
143.917279,369.982,65.999,0.864
143.928889,370.106,66.005,0.856
143.940499,370.178,66.009,0.852
143.952109,369.810,65.991,0.850
143.963719,369.384,65.971,0.845
143.975329,369.224,65.964,0.840
143.986939,369.124,65.959,0.834
143.998549,369.070,65.957,0.826
144.010159,369.266,65.966,0.814
144.021769,369.518,65.978,0.801
144.033379,370.034,66.002,0.777
144.044989,370.509,66.024,0.751
144.056599,370.242,66.012,0.717
144.068209,368.343,65.923,0.693
144.079819,332.077,64.128,0.671
144.091429,329.357,63.986,0.655
144.103039,327.469,63.886,0.647
144.114649,328.815,63.957,0.651
144.126259,330.514,64.046,0.654
144.137868,331.791,64.113,0.660
144.149478,332.685,64.160,0.666
144.161088,333.422,64.198,0.672
144.172698,333.971,64.227,0.676
144.184308,334.394,64.249,0.682
144.195918,334.417,64.250,0.683
144.207528,333.989,64.228,0.687
144.219138,333.420,64.198,0.693
144.230748,333.248,64.189,0.702
144.242358,332.653,64.158,0.711
144.253968,332.484,64.149,0.717
144.265578,332.369,64.143,0.723
144.277188,332.703,64.161,0.727
144.288798,332.691,64.160,0.727
144.300408,334.951,64.277,0.759
144.312018,229.342,57.720,0.792
144.323628,233.581,58.037,0.820
144.335238,237.691,58.339,0.845
144.346848,245.268,58.882,0.863
144.358458,247.336,59.028,0.875
144.370068,247.960,59.071,0.887
144.381678,248.289,59.094,0.898
144.393288,248.425,59.104,0.899
144.404898,248.673,59.121,0.891
144.416508,249.007,59.144,0.878
144.428118,248.870,59.135,0.869
144.439728,248.460,59.106,0.863
144.451338,248.346,59.098,0.859
144.462948,248.263,59.092,0.857
144.474558,247.792,59.060,0.855
144.486168,275.299,60.882,0.853
144.497778,275.188,60.875,0.856
144.509388,274.762,60.848,0.863
144.520998,274.604,60.838,0.863
144.532608,274.716,60.845,0.854
144.544218,274.959,60.861,0.840
144.555828,275.225,60.877,0.826
144.567438,274.993,60.863,0.811
144.579048,274.945,60.860,0.793
144.590658,247.454,59.036,0.771
144.602268,185.125,54.012,0.761
144.613878,185.160,54.015,0.742
144.625488,371.637,66.077,0.750
144.637098,372.023,66.095,0.774
144.648707,335.768,64.320,0.791
144.660317,336.580,64.361,0.808
144.671927,336.320,64.348,0.825
144.683537,335.406,64.301,0.842
144.695147,333.707,64.213,0.844
144.706757,333.033,64.178,0.851
144.718367,332.442,64.147,0.857
144.729977,325.475,63.781,0.861
144.741587,324.828,63.746,0.860
144.753197,325.085,63.760,0.858
144.764807,325.167,63.764,0.858
144.776417,325.338,63.773,0.860
144.788027,327.599,63.893,0.864
144.799637,332.417,64.146,0.867
144.811247,333.482,64.201,0.863
144.822857,333.761,64.216,0.856
144.834467,334.031,64.230,0.855
144.846077,334.171,64.237,0.856
144.857687,333.030,64.178,0.856
144.869297,330.638,64.053,0.851
144.880907,329.791,64.009,0.849
144.892517,329.140,63.974,0.845
144.904127,328.742,63.953,0.839
144.915737,331.635,64.105,0.827
144.927347,332.759,64.164,0.814
144.938957,333.542,64.204,0.794
144.950567,334.546,64.256,0.768
144.962177,335.208,64.291,0.741
144.973787,335.884,64.326,0.703
144.985397,365.420,65.785,0.659
144.997007,364.971,65.763,0.629
145.008617,82.243,39.965,0.634
145.020227,82.263,39.970,0.624
145.031837,82.381,39.995,0.614
145.043447,82.363,39.991,0.606
145.055057,82.489,40.017,0.628
145.066667,372.428,66.114,0.680
145.078277,373.260,66.152,0.726
145.089887,374.087,66.190,0.753
145.101497,341.410,64.608,0.796
145.113107,342.700,64.673,0.840
145.124717,342.405,64.658,0.872
145.136327,341.397,64.607,0.886
145.147937,341.289,64.602,0.890
145.159546,341.807,64.628,0.892
145.171156,341.481,64.612,0.892
145.182766,340.143,64.544,0.893
145.194376,328.514,63.941,0.885
145.205986,326.023,63.810,0.867
145.217596,324.931,63.752,0.845
145.229206,324.081,63.706,0.836
145.240816,324.418,63.724,0.836
145.252426,325.030,63.757,0.834
145.264036,325.572,63.786,0.828
145.275646,326.822,63.852,0.822
145.287256,324.485,63.728,0.819
145.298866,319.863,63.479,0.818
145.310476,137.910,48.915,0.819
145.322086,138.270,48.960,0.822
145.333696,278.719,61.096,0.825
145.345306,278.328,61.071,0.828
145.356916,278.177,61.062,0.831
145.368526,278.155,61.061,0.836
145.380136,278.187,61.063,0.838
145.391746,278.039,61.053,0.844
145.403356,277.774,61.037,0.847
145.414966,277.603,61.026,0.850
145.426576,277.478,61.018,0.851
145.438186,277.245,61.004,0.848
145.449796,277.227,61.003,0.852
145.461406,277.139,60.997,0.851
145.473016,277.241,61.004,0.839
145.484626,277.532,61.022,0.820
145.496236,277.735,61.034,0.810
145.507846,276.905,60.983,0.805
145.519456,276.975,60.987,0.802
145.531066,277.608,61.027,0.792
145.542676,277.149,60.998,0.779
145.554286,129.134,47.776,0.769
145.565896,279.484,61.143,0.784
145.577506,280.427,61.201,0.802
145.589116,281.837,61.288,0.813
145.600726,282.114,61.305,0.813
145.612336,281.626,61.275,0.815
145.623946,281.019,61.238,0.817
145.635556,280.201,61.187,0.819
145.647166,279.420,61.139,0.822
145.658776,278.318,61.071,0.818
145.670385,276.319,60.946,0.815
145.681995,275.773,60.912,0.809
145.693605,275.609,60.901,0.807
145.705215,275.519,60.896,0.806
145.716825,275.825,60.915,0.807
145.728435,277.987,61.050,0.814
145.740045,279.195,61.125,0.815
145.751655,279.874,61.167,0.814
145.763265,280.423,61.201,0.801
145.774875,281.202,61.249,0.786
145.786485,281.756,61.283,0.767
145.798095,281.776,61.285,0.741
145.809705,280.951,61.234,0.727
145.821315,280.559,61.210,0.687
145.832925,315.828,63.260,0.668
145.844535,315.584,63.246,0.674
145.856145,323.696,63.686,0.729
145.867755,333.840,64.220,0.771
145.879365,337.008,64.383,0.803
145.890975,338.712,64.471,0.826
145.902585,337.460,64.407,0.835
145.914195,334.853,64.272,0.848
145.925805,332.724,64.162,0.859
145.937415,329.681,64.003,0.869
145.949025,326.031,63.810,0.871
145.960635,323.778,63.690,0.873
145.972245,323.954,63.699,0.871
145.983855,324.470,63.727,0.872
145.995465,325.409,63.777,0.880
146.007075,327.188,63.871,0.882
146.018685,332.783,64.165,0.884
146.030295,334.748,64.267,0.884
146.041905,334.859,64.273,0.883
146.053515,335.297,64.295,0.878
146.065125,335.532,64.307,0.872
146.076735,333.040,64.178,0.869
146.088345,328.961,63.965,0.863
146.099955,328.107,63.920,0.861
146.111565,328.234,63.927,0.857
146.123175,328.421,63.937,0.851
146.134785,330.068,64.023,0.847
146.146395,332.756,64.164,0.844
146.158005,334.021,64.229,0.848
146.169615,334.279,64.243,0.850
146.181224,334.174,64.237,0.853
146.192834,333.163,64.185,0.857
146.204444,330.658,64.054,0.855
146.216054,327.180,63.871,0.854
146.227664,326.281,63.823,0.852
146.239274,326.338,63.826,0.853
146.250884,325.526,63.783,0.850
146.262494,325.843,63.800,0.847
146.274104,333.478,64.201,0.842
146.285714,336.701,64.368,0.836
146.297324,337.767,64.422,0.834
146.308934,337.849,64.426,0.839
146.320544,337.096,64.388,0.845
146.332154,336.547,64.360,0.853
146.343764,335.750,64.319,0.868
146.355374,334.230,64.240,0.868
146.366984,332.045,64.127,0.864
146.378594,329.737,64.006,0.862
146.390204,325.823,63.799,0.860
146.401814,318.557,63.409,0.854
146.413424,312.839,63.095,0.847
146.425034,290.159,61.792,0.837
146.436644,278.246,61.066,0.814
146.448254,276.972,60.987,0.810
146.459864,276.790,60.975,0.811
146.471474,138.289,48.962,0.809
146.483084,138.322,48.966,0.815
146.494694,138.396,48.976,0.815
146.506304,138.532,48.993,0.816
146.517914,138.639,49.006,0.812
146.529524,138.672,49.010,0.809
146.541134,138.666,49.009,0.800
146.552744,138.617,49.003,0.796
146.564354,138.676,49.011,0.795
146.575964,138.672,49.010,0.795
146.587574,138.650,49.007,0.790
146.599184,138.515,48.990,0.791
146.610794,138.609,49.002,0.789
146.622404,138.671,49.010,0.789
146.634014,912.757,81.633,0.786
146.645624,138.815,49.028,0.779
146.657234,138.784,49.024,0.762
146.668844,139.222,49.079,0.734
146.680454,138.860,49.033,0.715
146.692063,83.131,40.152,0.670
146.703673,139.119,49.066,0.631
146.715283,139.584,49.124,0.583
146.726893,327.060,63.865,0.558
146.738503,327.473,63.886,0.518
146.750113,329.437,63.990,0.512
146.761723,331.947,64.121,0.503
146.773333,168.680,52.401,0.496
146.784943,168.468,52.380,0.514
146.796553,168.361,52.369,0.530
146.808163,168.313,52.364,0.539
146.819773,168.163,52.348,0.537
146.831383,161.454,51.643,0.537
146.842993,161.581,51.657,0.533
146.854603,161.173,51.613,0.531
146.866213,161.205,51.617,0.524
146.877823,161.078,51.603,0.510
146.889433,168.128,52.345,0.494
146.901043,168.472,52.380,0.488
146.912653,168.865,52.420,0.491
146.924263,169.125,52.447,0.492
146.935873,168.628,52.396,0.501
146.947483,336.044,64.334,0.505
146.959093,334.998,64.280,0.511
146.970703,334.853,64.272,0.509
146.982313,333.466,64.200,0.504
146.993923,332.748,64.163,0.506
147.005533,712.861,77.353,0.633
147.017143,711.929,77.331,0.681
147.028753,712.877,77.354,0.700
147.040363,279.581,61.149,0.722
147.051973,338.956,64.483,0.752
147.063583,361.693,65.607,0.790
147.075193,382.888,66.593,0.816
147.086803,404.154,67.529,0.843
147.098413,409.197,67.743,0.857
147.110023,411.813,67.854,0.867
147.121633,413.188,67.912,0.884
147.133243,414.026,67.947,0.899
147.144853,414.520,67.967,0.912
147.156463,414.800,67.979,0.917
147.168073,415.953,68.027,0.911
147.179683,416.223,68.038,0.908
147.191293,415.954,68.027,0.908
147.202902,416.792,68.062,0.916
147.214512,418.114,68.117,0.911
147.226122,419.838,68.188,0.906
147.237732,424.319,68.372,0.899
147.249342,862.713,80.657,0.895
147.260952,867.469,80.752,0.907
147.272562,873.185,80.865,0.915
147.284172,438.862,68.955,0.912
147.295782,441.052,69.041,0.906
147.307392,883.575,81.070,0.910
147.319002,883.531,81.069,0.913
147.330612,883.507,81.069,0.915
147.342222,882.504,81.049,0.919
147.353832,882.002,81.039,0.919
147.365442,882.327,81.046,0.918
147.377052,883.046,81.060,0.923
147.388662,882.919,81.057,0.921
147.400272,882.905,81.057,0.917
147.411882,882.994,81.059,0.912
147.423492,883.125,81.061,0.907
147.435102,883.501,81.069,0.902
147.446712,883.171,81.062,0.900
147.458322,882.701,81.053,0.896
147.469932,882.109,81.041,0.890
147.481542,881.203,81.024,0.889
147.493152,881.149,81.023,0.888
147.504762,881.204,81.024,0.889
147.516372,881.217,81.024,0.890
147.527982,881.452,81.029,0.888
147.539592,881.776,81.035,0.886
147.551202,882.181,81.043,0.884
147.562812,882.935,81.058,0.884
147.574422,883.206,81.063,0.882
147.586032,882.894,81.057,0.878
147.597642,882.554,81.050,0.878
147.609252,882.260,81.044,0.877
147.620862,882.270,81.045,0.876
147.632472,882.636,81.052,0.879
147.644082,882.611,81.051,0.883
147.655692,882.706,81.053,0.886
147.667302,882.719,81.053,0.891
147.678912,882.848,81.056,0.901
147.690522,883.207,81.063,0.910
147.702132,883.171,81.062,0.917
147.713741,883.000,81.059,0.920
147.725351,882.937,81.058,0.918
147.736961,882.467,81.048,0.913
147.748571,882.170,81.043,0.908
147.760181,881.756,81.035,0.904
147.771791,881.417,81.028,0.902
147.783401,881.464,81.029,0.902
147.795011,881.125,81.022,0.904
147.806621,881.153,81.023,0.907
147.818231,881.995,81.039,0.911
147.829841,882.606,81.051,0.916
147.841451,883.019,81.059,0.915
147.853061,883.830,81.075,0.916
147.864671,884.405,81.086,0.916
147.876281,884.569,81.090,0.913
147.887891,884.915,81.096,0.908
147.899501,885.116,81.100,0.898
147.911111,441.853,69.073,0.888
147.922721,441.640,69.064,0.880
147.934331,441.366,69.054,0.880
147.945941,440.632,69.025,0.876
147.957551,439.855,68.994,0.872
147.969161,439.149,68.966,0.862
147.980771,438.022,68.922,0.853
147.992381,435.244,68.812,0.868
148.003991,431.958,68.681,0.880
148.015601,429.836,68.595,0.886
148.027211,427.651,68.507,0.889
148.038821,425.549,68.422,0.889
148.050431,422.482,68.297,0.886
148.062041,420.669,68.222,0.881
148.073651,419.716,68.183,0.881
148.085261,418.371,68.127,0.870
148.096871,417.497,68.091,0.857
148.108481,416.902,68.066,0.850
148.120091,416.077,68.032,0.845
148.131701,416.507,68.050,0.840
148.143311,417.259,68.081,0.833
148.154921,416.882,68.066,0.847
148.166531,416.357,68.044,0.853
148.178141,415.901,68.025,0.848
148.189751,415.450,68.006,0.842
148.201361,414.719,67.976,0.829
148.212971,413.962,67.944,0.811
148.224580,412.963,67.902,0.797
148.236190,412.152,67.868,0.782
148.247800,410.805,67.811,0.735
148.259410,412.353,67.877,0.680
148.271020,419.630,68.179,0.623
148.282630,424.343,68.373,0.636
148.294240,420.861,68.230,0.692
148.305850,425.657,68.426,0.757
148.317460,425.670,68.427,0.798
148.329070,421.810,68.269,0.822
148.340680,419.929,68.192,0.838
148.352290,418.588,68.136,0.853
148.363900,416.898,68.066,0.874
148.375510,416.151,68.035,0.881
148.387120,415.525,68.009,0.884
148.398730,414.194,67.954,0.881
148.410340,413.649,67.931,0.877
148.421950,413.879,67.940,0.884
148.433560,414.420,67.963,0.891
148.445170,415.663,68.015,0.897
148.456780,417.008,68.071,0.896
148.468390,418.293,68.124,0.901
148.480000,419.336,68.167,0.903
148.491610,419.801,68.186,0.904
148.503220,419.559,68.176,0.911
148.514830,419.286,68.165,0.902
148.526440,418.542,68.134,0.895
148.538050,416.959,68.069,0.892
148.549660,415.825,68.022,0.888
148.561270,415.207,67.996,0.886
148.572880,415.648,68.014,0.884
148.584490,416.442,68.047,0.880
148.596100,418.037,68.114,0.872
148.607710,419.440,68.172,0.880
148.619320,421.056,68.238,0.887
148.630930,421.999,68.277,0.878
148.642540,422.267,68.288,0.876
148.654150,421.837,68.270,0.877
148.665760,420.814,68.228,0.870
148.677370,418.821,68.146,0.867
148.688980,416.156,68.035,0.868
148.700590,413.643,67.931,0.865
148.712200,411.980,67.861,0.862
148.723810,412.294,67.874,0.875
148.735420,412.739,67.893,0.879
148.747029,413.629,67.930,0.880
148.758639,414.672,67.974,0.891
148.770249,415.426,68.005,0.897
148.781859,416.086,68.033,0.898
148.793469,416.602,68.054,0.899
148.805079,416.792,68.062,0.894
148.816689,416.508,68.050,0.889
148.828299,415.925,68.026,0.887
148.839909,414.839,67.981,0.882
148.851519,413.496,67.924,0.873
148.863129,412.059,67.864,0.864
148.874739,410.848,67.813,0.855
148.886349,409.432,67.753,0.843
148.897959,407.351,67.665,0.841
148.909569,402.262,67.448,0.839
148.921179,331.889,64.118,0.831
148.932789,328.514,63.941,0.828
148.944399,327.787,63.903,0.824
148.956009,328.669,63.950,0.829
148.967619,329.358,63.986,0.834
148.979229,329.695,64.004,0.843
148.990839,329.818,64.010,0.853
149.002449,330.242,64.032,0.857
149.014059,330.282,64.034,0.863
149.025669,330.330,64.037,0.866
149.037279,330.412,64.041,0.872
149.048889,330.371,64.039,0.873
149.060499,329.971,64.018,0.878
149.072109,329.559,63.996,0.880
149.083719,329.414,63.989,0.878
149.095329,329.488,63.993,0.879
149.106939,329.895,64.014,0.883
149.118549,330.289,64.035,0.885
149.130159,330.360,64.038,0.887
149.141769,330.404,64.041,0.886
149.153379,330.800,64.061,0.872
149.164989,331.123,64.078,0.860
149.176599,331.014,64.073,0.852
149.188209,330.745,64.059,0.846
149.199819,329.487,63.993,0.847
149.211429,329.347,63.985,0.847
149.223039,329.851,64.012,0.845
149.234649,331.147,64.080,0.850
149.246259,332.235,64.136,0.868
149.257868,332.730,64.162,0.882
149.269478,332.847,64.168,0.890
149.281088,332.661,64.159,0.894
149.292698,332.728,64.162,0.890
149.304308,332.395,64.145,0.885
149.315918,331.881,64.118,0.882
149.327528,330.111,64.025,0.882
149.339138,327.868,63.907,0.876
149.350748,325.940,63.805,0.870
149.362358,325.308,63.772,0.868
149.373968,325.539,63.784,0.872
149.385578,325.639,63.789,0.873
149.397188,326.136,63.816,0.875
149.408798,329.159,63.975,0.876
149.420408,332.203,64.135,0.871
149.432018,332.533,64.152,0.867
149.443628,332.733,64.162,0.866
149.455238,332.802,64.166,0.864
149.466848,332.490,64.150,0.857
149.478458,330.680,64.055,0.854
149.490068,329.462,63.991,0.853
149.501678,328.857,63.959,0.848
149.513288,328.576,63.945,0.843
149.524898,328.492,63.940,0.840
149.536508,328.714,63.952,0.835
149.548118,329.077,63.971,0.828
149.559728,329.684,64.003,0.822
149.571338,330.183,64.029,0.814
149.582948,330.532,64.047,0.804
149.594558,331.016,64.073,0.799
149.606168,165.652,52.088,0.800
149.617778,331.037,64.074,0.801
149.629388,330.688,64.056,0.809
149.640998,330.143,64.027,0.820
149.652608,329.759,64.007,0.831
149.664218,329.562,63.997,0.837
149.675828,329.703,64.004,0.847
149.687438,329.993,64.019,0.855
149.699048,330.343,64.038,0.862
149.710658,330.895,64.066,0.865
149.722268,331.373,64.091,0.865
149.733878,331.965,64.122,0.863
149.745488,332.242,64.137,0.861
149.757098,165.889,52.113,0.862
149.768707,331.345,64.090,0.859
149.780317,330.746,64.059,0.855
149.791927,330.465,64.044,0.852
149.803537,330.213,64.031,0.850
149.815147,329.913,64.015,0.845
149.826757,329.711,64.004,0.841
149.838367,329.553,63.996,0.835
149.849977,329.473,63.992,0.832
149.861587,329.399,63.988,0.832
149.873197,329.382,63.987,0.831
149.884807,329.240,63.980,0.831
149.896417,329.228,63.979,0.834
149.908027,329.338,63.985,0.837
149.919637,329.385,63.987,0.840
149.931247,329.357,63.986,0.842
149.942857,329.315,63.984,0.843
149.954467,329.321,63.984,0.841
149.966077,329.287,63.982,0.845
149.977687,329.215,63.978,0.845
149.989297,329.204,63.978,0.844
150.000907,329.273,63.981,0.845
150.012517,329.388,63.987,0.848
150.024127,329.596,63.998,0.851
150.035737,329.778,64.008,0.855
150.047347,329.800,64.009,0.858
150.058957,329.739,64.006,0.858
150.070567,329.739,64.006,0.860
150.082177,329.686,64.003,0.861
150.093787,329.659,64.002,0.862
150.105397,329.658,64.002,0.859
150.117007,329.686,64.003,0.853
150.128617,329.639,64.001,0.846
150.140227,329.614,63.999,0.839
150.151837,329.701,64.004,0.834
150.163447,329.768,64.007,0.832
150.175057,329.862,64.012,0.829
150.186667,329.990,64.019,0.827
150.198277,329.984,64.019,0.828
150.209887,329.975,64.018,0.833
150.221497,330.001,64.020,0.841
150.233107,330.058,64.023,0.853
150.244717,330.023,64.021,0.860
150.256327,329.926,64.016,0.864
150.267937,329.892,64.014,0.869
150.279546,329.881,64.013,0.871
150.291156,329.831,64.011,0.871
150.302766,329.854,64.012,0.872
150.314376,329.955,64.017,0.872
150.325986,330.069,64.023,0.867
150.337596,330.309,64.036,0.865
150.349206,330.403,64.041,0.863
150.360816,330.395,64.040,0.863
150.372426,330.288,64.035,0.867
150.384036,330.219,64.031,0.871
150.395646,330.256,64.033,0.870
150.407256,330.384,64.040,0.867
150.418866,330.554,64.049,0.866
150.430476,330.573,64.050,0.864
150.442086,330.864,64.065,0.866
150.453696,331.717,64.109,0.872
150.465306,82.751,40.072,0.871
150.476916,423.504,68.338,0.871
150.488526,421.600,68.260,0.878
150.500136,423.549,68.340,0.893
150.511746,437.145,68.887,0.903
150.523356,441.626,69.064,0.913
150.534966,445.725,69.224,0.922
150.546576,448.484,69.331,0.926
150.558186,450.497,69.408,0.933
150.569796,453.054,69.506,0.940
150.581406,456.495,69.637,0.941
150.593016,460.843,69.801,0.941
150.604626,464.747,69.947,0.944
150.616236,470.365,70.155,0.947
150.627846,476.126,70.366,0.952
150.639456,488.614,70.814,0.954
150.651066,496.352,71.086,0.958
150.662676,499.444,71.194,0.960
150.674286,500.215,71.221,0.968
150.685896,499.978,71.212,0.970
150.697506,499.202,71.185,0.971
150.709116,498.525,71.162,0.970
150.720726,498.569,71.163,0.964
150.732336,498.135,71.148,0.958
150.743946,496.742,71.100,0.949
150.755556,494.392,71.018,0.942
150.767166,493.662,70.992,0.932
150.778776,493.075,70.972,0.925
150.790385,493.558,70.989,0.915
150.801995,494.136,71.009,0.907
150.813605,247.813,59.061,0.903
150.825215,165.053,52.025,0.904
150.836825,165.002,52.020,0.904
150.848435,164.892,52.008,0.909
150.860045,164.769,51.995,0.910
150.871655,164.732,51.991,0.914
150.883265,164.684,51.986,0.921
150.894875,164.681,51.986,0.928
150.906485,164.688,51.987,0.935
150.918095,164.706,51.989,0.942
150.929705,164.715,51.990,0.954
150.941315,496.072,71.077,0.959
150.952925,494.755,71.031,0.965
150.964535,495.941,71.072,0.974
150.976145,496.170,71.080,0.982
150.987755,495.957,71.073,0.985
150.999365,496.190,71.081,0.988
151.010975,496.462,71.090,0.989
151.022585,495.773,71.066,0.988
151.034195,495.067,71.041,0.988
151.045805,495.115,71.043,0.986
151.057415,494.627,71.026,0.978
151.069025,494.478,71.021,0.972
151.080635,494.147,71.009,0.971
151.092245,494.583,71.025,0.964
151.103855,164.651,51.983,0.958
151.115465,164.606,51.978,0.952
151.127075,164.612,51.979,0.946
151.138685,495.503,71.057,0.942
151.150295,494.956,71.038,0.943
151.161905,495.001,71.039,0.944
151.173515,164.589,51.976,0.937
151.185125,164.597,51.977,0.943
151.196735,164.572,51.975,0.944
151.208345,494.678,71.028,0.944
151.219955,494.662,71.027,0.948
151.231565,494.821,71.033,0.950
151.243175,496.122,71.078,0.949
151.254785,495.821,71.068,0.947
151.266395,495.709,71.064,0.948
151.278005,496.156,71.079,0.943
151.289615,496.295,71.084,0.942
151.301224,496.991,71.109,0.941
151.312834,497.516,71.127,0.939
151.324444,496.830,71.103,0.938
151.336054,495.983,71.073,0.937
151.347664,496.107,71.078,0.935
151.359274,495.866,71.069,0.935
151.370884,495.513,71.057,0.936
151.382494,494.978,71.038,0.941
151.394104,494.584,71.025,0.946
151.405714,494.394,71.018,0.951
151.417324,494.379,71.017,0.955
151.428934,494.029,71.005,0.962
151.440544,494.180,71.010,0.965
151.452154,493.930,71.002,0.971
151.463764,494.053,71.006,0.973
151.475374,494.013,71.005,0.974
151.486984,494.058,71.006,0.971
151.498594,494.035,71.005,0.969
151.510204,493.997,71.004,0.967
151.521814,494.182,71.010,0.964
151.533424,494.068,71.006,0.964
151.545034,494.011,71.004,0.963
151.556644,493.987,71.004,0.963
151.568254,494.093,71.007,0.963
151.579864,494.046,71.006,0.963
151.591474,494.142,71.009,0.963
151.603084,494.151,71.009,0.964
151.614694,494.367,71.017,0.965
151.626304,494.659,71.027,0.966
151.637914,494.934,71.037,0.965
151.649524,494.999,71.039,0.963
151.661134,494.627,71.026,0.961
151.672744,494.437,71.019,0.957
151.684354,494.305,71.015,0.956
151.695964,494.349,71.016,0.953
151.707574,494.481,71.021,0.948
151.719184,493.944,71.002,0.947
151.730794,494.021,71.005,0.946
151.742404,493.276,70.979,0.951
151.754014,493.456,70.985,0.952
151.765624,493.169,70.975,0.959
151.777234,493.182,70.975,0.960
151.788844,492.904,70.966,0.964
151.800454,492.736,70.960,0.967
151.812063,492.762,70.961,0.968
151.823673,492.920,70.966,0.969
151.835283,493.147,70.974,0.967
151.846893,493.232,70.977,0.969
151.858503,493.608,70.990,0.971
151.870113,493.680,70.993,0.975
151.881723,494.213,71.012,0.979
151.893333,494.267,71.013,0.985
151.904943,494.373,71.017,0.988
151.916553,494.411,71.018,0.992
151.928163,494.519,71.022,0.997
151.939773,494.249,71.013,1.000
151.951383,494.264,71.013,1.000
151.962993,494.326,71.016,0.997
151.974603,494.364,71.017,0.991
151.986213,494.224,71.012,0.983
151.997823,494.069,71.007,0.977
152.009433,493.851,70.999,0.971
152.021043,494.104,71.008,0.962
152.032653,493.969,71.003,0.953
152.044263,494.191,71.011,0.946
152.055873,493.981,71.003,0.944
152.067483,494.081,71.007,0.942
152.079093,494.115,71.008,0.941
152.090703,494.300,71.015,0.938
152.102313,494.336,71.016,0.933
152.113923,494.208,71.011,0.928
152.125533,493.886,71.000,0.921
152.137143,493.752,70.995,0.912
152.148753,493.757,70.996,0.906
152.160363,493.466,70.985,0.905
152.171973,493.453,70.985,0.905
152.183583,493.269,70.978,0.907
152.195193,493.352,70.981,0.909
152.206803,493.508,70.987,0.914
152.218413,493.656,70.992,0.921
152.230023,493.824,70.998,0.929
152.241633,493.951,71.002,0.934
152.253243,493.990,71.004,0.937
152.264853,494.031,71.005,0.936
152.276463,494.102,71.008,0.933
152.288073,494.071,71.007,0.931
152.299683,494.067,71.006,0.928
152.311293,494.100,71.008,0.925
152.322902,494.170,71.010,0.919
152.334512,493.972,71.003,0.913
152.346122,493.803,70.997,0.907
152.357732,493.703,70.994,0.907
152.369342,493.830,70.998,0.909
152.380952,493.724,70.994,0.911
152.392562,493.845,70.999,0.912
152.404172,493.792,70.997,0.911
152.415782,493.898,71.001,0.910
152.427392,493.975,71.003,0.909
152.439002,494.126,71.009,0.908
152.450612,493.734,70.995,0.906
152.462222,493.538,70.988,0.902
152.473832,493.366,70.982,0.898
152.485442,493.324,70.980,0.894
152.497052,493.313,70.980,0.893
152.508662,493.143,70.974,0.893
152.520272,493.114,70.973,0.893
152.531882,493.163,70.975,0.894
152.543492,493.386,70.983,0.894
152.555102,493.586,70.990,0.893
152.566712,493.895,71.000,0.889
152.578322,494.062,71.006,0.884
152.589932,494.529,71.023,0.878
152.601542,247.350,59.029,0.876
152.613152,247.428,59.034,0.872
152.624762,247.481,59.038,0.867
152.636372,247.587,59.045,0.863
152.647982,247.616,59.047,0.858
152.659592,247.576,59.044,0.857
152.671202,247.505,59.039,0.857
152.682812,247.431,59.034,0.858
152.694422,247.288,59.024,0.861
152.706032,247.242,59.021,0.863
152.717642,247.211,59.019,0.868
152.729252,494.090,71.007,0.875
152.740862,494.123,71.008,0.886
152.752472,493.960,71.003,0.898
152.764082,494.008,71.004,0.911
152.775692,494.004,71.004,0.921
152.787302,493.815,70.998,0.929
152.798912,493.822,70.998,0.937
152.810522,494.040,71.005,0.944
152.822132,493.945,71.002,0.950
152.833741,494.055,71.006,0.955
152.845351,494.154,71.009,0.958
152.856961,494.405,71.018,0.960
152.868571,494.424,71.019,0.959
152.880181,494.528,71.023,0.959
152.891791,494.578,71.024,0.956
152.903401,494.297,71.014,0.953
152.915011,494.360,71.017,0.949
152.926621,494.472,71.021,0.945
152.938231,494.510,71.022,0.940
152.949841,494.375,71.017,0.937
152.961451,494.136,71.009,0.937
152.973061,494.003,71.004,0.935
152.984671,493.975,71.003,0.935
152.996281,493.682,70.993,0.934
153.007891,493.858,70.999,0.932
153.019501,493.676,70.993,0.928
153.031111,493.785,70.997,0.923
153.042721,493.655,70.992,0.918
153.054331,493.786,70.997,0.914
153.065941,493.788,70.997,0.911
153.077551,494.072,71.007,0.908
153.089161,494.230,71.012,0.909
153.100771,494.594,71.025,0.914
153.112381,494.761,71.031,0.920
153.123991,495.309,71.050,0.926
153.135601,495.511,71.057,0.931
153.147211,495.759,71.066,0.933
153.158821,495.655,71.062,0.935
153.170431,495.514,71.057,0.937
153.182041,495.077,71.042,0.935
153.193651,494.659,71.027,0.932
153.205261,494.239,71.012,0.929
153.216871,494.176,71.010,0.928
153.228481,493.994,71.004,0.926
153.240091,493.732,70.995,0.927
153.251701,493.660,70.992,0.930
153.263311,493.601,70.990,0.933
153.274921,493.677,70.993,0.937
153.286531,493.645,70.992,0.939
153.298141,494.001,71.004,0.940
153.309751,493.843,70.999,0.942
153.321361,494.004,71.004,0.942
153.332971,494.187,71.011,0.940
153.344580,494.336,71.016,0.937
153.356190,494.561,71.024,0.936
153.367800,495.023,71.040,0.935
153.379410,495.263,71.048,0.933
153.391020,495.528,71.058,0.932
153.402630,495.720,71.064,0.931
153.414240,496.226,71.082,0.932
153.425850,495.926,71.071,0.933
153.437460,496.224,71.082,0.934
153.449070,496.317,71.085,0.932
153.460680,495.825,71.068,0.928
153.472290,495.919,71.071,0.924
153.483900,495.764,71.066,0.918
153.495510,494.934,71.037,0.911
153.507120,247.266,59.023,0.902
153.518730,123.389,46.989,0.894
153.530340,123.392,46.989,0.886
153.541950,123.412,46.992,0.881
153.553560,123.432,46.995,0.877
153.565170,123.399,46.990,0.880
153.576780,123.321,46.979,0.885
153.588390,123.247,46.969,0.884
153.600000,123.190,46.961,0.885
153.611610,123.158,46.956,0.880
153.623220,123.159,46.956,0.878
153.634830,123.174,46.958,0.873
153.646440,123.194,46.961,0.870
153.658050,123.261,46.971,0.863
153.669660,123.337,46.981,0.858
153.681270,123.388,46.988,0.859
153.692880,123.432,46.995,0.861
153.704490,123.458,46.998,0.868
153.716100,123.517,47.006,0.872
153.727710,123.485,47.002,0.880
153.739320,123.397,46.990,0.884
153.750930,123.346,46.982,0.886
153.762540,123.392,46.989,0.885
153.774150,123.458,46.998,0.883
153.785760,123.608,47.019,0.873
153.797370,248.438,59.105,0.863
153.808980,505.521,71.403,0.859
153.820590,534.389,72.365,0.848
153.832200,542.037,72.611,0.837
153.843810,547.626,72.788,0.831
153.855420,549.805,72.857,0.834
153.867029,551.493,72.910,0.835
153.878639,552.293,72.935,0.841
153.890249,553.792,72.982,0.847
153.901859,555.245,73.027,0.847
153.913469,557.213,73.089,0.849
153.925079,561.439,73.220,0.858
153.936689,568.929,73.449,0.866
153.948299,591.550,74.124,0.870
153.959909,603.559,74.472,0.877
153.971519,610.021,74.656,0.887
153.983129,614.373,74.779,0.893
153.994739,617.131,74.857,0.901
154.006349,619.052,74.911,0.908
154.017959,620.599,74.954,0.913
154.029569,620.449,74.950,0.914
154.041179,620.883,74.962,0.916
154.052789,618.804,74.904,0.918
154.064399,617.899,74.878,0.915
154.076009,616.250,74.832,0.910
154.087619,614.863,74.793,0.900
154.099229,613.035,74.742,0.889
154.110839,610.295,74.664,0.878
154.122449,606.412,74.554,0.865
154.134059,588.449,74.033,0.855
154.145669,559.680,73.165,0.839
154.157279,550.022,72.864,0.837
154.168889,536.585,72.436,0.839
154.180499,504.629,71.373,0.846
154.192109,501.296,71.258,0.853
154.203719,247.822,59.062,0.850
154.215329,247.359,59.029,0.845
154.226939,164.618,51.979,0.839
154.238549,164.704,51.989,0.840
154.250159,164.484,51.965,0.841
154.261769,163.865,51.900,0.844
154.273379,163.323,51.843,0.847
154.284989,163.455,51.857,0.853
154.296599,164.029,51.917,0.861
154.308209,164.341,51.950,0.869
154.319819,248.136,59.084,0.874
154.331429,248.077,59.079,0.874
154.343039,248.091,59.080,0.870
154.354649,248.028,59.076,0.866
154.366259,496.325,71.085,0.862
154.377868,495.247,71.048,0.856
154.389478,494.574,71.024,0.850
154.401088,493.217,70.977,0.838
154.412698,492.724,70.959,0.823
154.424308,492.951,70.967,0.813
154.435918,494.052,71.006,0.801
154.447528,247.478,59.038,0.780
154.459138,248.258,59.092,0.750
154.470748,248.739,59.126,0.715
154.482358,248.517,59.110,0.693
154.493968,248.569,59.114,0.697
154.505578,248.215,59.089,0.704
154.517188,164.696,51.988,0.708
154.528798,164.123,51.927,0.726
154.540408,163.576,51.869,0.741
154.552018,163.391,51.850,0.763
154.563628,163.095,51.819,0.785
154.575238,162.923,51.800,0.798
154.586848,163.053,51.814,0.810
154.598458,163.163,51.826,0.822
154.610068,163.383,51.849,0.829
154.621678,163.829,51.896,0.835
154.633288,495.074,71.042,0.843
154.644898,164.228,51.938,0.848
154.656508,164.424,51.959,0.847
154.668118,164.367,51.953,0.848
154.679728,164.410,51.958,0.846
154.691338,164.292,51.945,0.844
154.702948,164.091,51.924,0.838
154.714558,123.267,46.971,0.829
154.726168,123.276,46.973,0.817
154.737778,123.336,46.981,0.809
154.749388,123.393,46.989,0.804
154.760998,123.465,46.999,0.805
154.772608,246.918,58.998,0.812
154.784218,247.092,59.011,0.819
154.795828,247.173,59.016,0.835
154.807438,247.183,59.017,0.846
154.819048,495.700,71.064,0.852
154.830658,495.595,71.060,0.852
154.842268,496.204,71.081,0.850
154.853878,497.090,71.112,0.844
154.865488,499.131,71.183,0.837
154.877098,502.746,71.308,0.836
154.888707,507.972,71.487,0.833
154.900317,536.041,72.418,0.831
154.911927,546.873,72.764,0.835
154.923537,550.389,72.875,0.844
154.935147,552.458,72.940,0.850
154.946757,552.702,72.948,0.854
154.958367,553.108,72.961,0.857
154.969977,554.918,73.017,0.852
154.981587,556.145,73.055,0.844
154.993197,556.117,73.055,0.837
155.004807,554.432,73.002,0.826
155.016417,554.312,72.998,0.805
155.028027,553.567,72.975,0.787
155.039637,553.234,72.965,0.769
155.051247,552.322,72.936,0.743
155.062857,549.932,72.861,0.710
155.074467,547.683,72.790,0.679
155.086077,536.447,72.431,0.653
155.097687,516.635,71.780,0.609
155.109297,506.588,71.440,0.605
155.120907,499.916,71.210,0.592
155.132517,497.037,71.110,0.590
155.144127,498.504,71.161,0.589
155.155737,501.233,71.256,0.588
155.167347,503.447,71.332,0.580
155.178957,507.097,71.457,0.575
155.190567,510.489,71.573,0.580
155.202177,514.789,71.718,0.591
155.213787,517.080,71.795,0.602
155.225397,124.180,47.099,0.619
155.237007,124.164,47.097,0.625
155.248617,124.049,47.081,0.633
155.260227,124.034,47.079,0.638
155.271837,123.759,47.040,0.636
155.283447,123.676,47.029,0.630
155.295057,123.515,47.006,0.625
155.306667,511.462,71.605,0.628
155.318277,123.357,46.984,0.632
155.329887,123.255,46.970,0.636
155.341497,123.269,46.972,0.637
155.353107,123.394,46.989,0.640
155.364717,123.401,46.990,0.640
155.376327,247.122,59.013,0.640
155.387937,247.370,59.030,0.631
155.399546,247.497,59.039,0.617
155.411156,247.708,59.054,0.602
155.422766,247.895,59.067,0.598
155.434376,498.604,71.165,0.597
155.445986,499.051,71.180,0.589
155.457596,500.294,71.223,0.583
155.469206,500.691,71.237,0.573
155.480816,502.623,71.304,0.566
155.492426,508.414,71.502,0.569
155.504036,519.522,71.876,0.569
155.515646,531.797,72.280,0.561
155.527256,540.752,72.570,0.560
155.538866,546.565,72.755,0.556
155.550476,549.415,72.845,0.552
155.562086,548.730,72.823,0.561
155.573696,548.874,72.828,0.569
155.585306,549.977,72.862,0.567
155.596916,550.043,72.864,0.566
155.608526,549.594,72.850,0.571
155.620136,551.333,72.905,0.557
155.631746,553.640,72.977,0.550
155.643356,552.652,72.946,0.545
155.654966,551.229,72.902,0.536
155.666576,549.876,72.859,0.524
155.678186,548.212,72.807,0.505
155.689796,545.000,72.705,0.476
155.701406,543.887,72.670,0.427
155.713016,538.192,72.487,0.396
155.724626,515.284,71.734,0.371
155.736236,503.655,71.339,0.352
155.747846,499.874,71.209,0.340
155.759456,499.104,71.182,0.349
155.771066,501.851,71.277,0.362
155.782676,502.306,71.293,0.368
155.794286,509.503,71.539,0.387
155.805896,512.891,71.654,0.416
155.817506,514.179,71.697,0.434
155.829116,519.269,71.868,0.455
155.840726,522.726,71.983,0.471
155.852336,527.786,72.149,0.478
155.863946,528.151,72.161,0.477
155.875556,529.362,72.201,0.481
155.887166,529.354,72.201,0.473
155.898776,82.067,39.928,0.456
155.910385,82.054,39.926,0.438
155.921995,82.169,39.950,0.406
155.933605,546.305,72.746,0.361
155.945215,559.224,73.151,0.302
155.956825,565.773,73.353,0.273
155.968435,558.640,73.133,0.239
155.980045,542.806,72.635,0.246
155.991655,517.706,71.816,0.257
156.003265,509.989,71.556,0.268
156.014875,507.832,71.482,0.284
156.026485,508.057,71.490,0.303
156.038095,507.157,71.459,0.319
156.049705,508.520,71.506,0.326
156.061315,511.948,71.622,0.336
156.072925,517.152,71.797,0.339
156.084535,517.807,71.819,0.335
156.096145,527.700,72.147,0.352
156.107755,535.982,72.416,0.387
156.119365,544.220,72.680,0.407
156.130975,549.230,72.839,0.419
156.142585,550.355,72.874,0.437
156.154195,551.604,72.914,0.441
156.165805,553.311,72.967,0.444
156.177415,554.919,73.017,0.449
156.189025,555.541,73.037,0.448
156.200635,558.382,73.125,0.432
156.212245,559.622,73.163,0.418
156.223855,557.410,73.095,0.412
156.235465,557.953,73.112,0.399
156.247075,557.689,73.103,0.389
156.258685,555.296,73.029,0.381
156.270295,552.907,72.954,0.370
156.281905,550.696,72.885,0.356
156.293515,544.300,72.683,0.351
156.305125,532.367,72.299,0.344
156.316735,517.069,71.794,0.328
156.328345,505.348,71.397,0.316
156.339955,498.891,71.175,0.323
156.351565,495.012,71.040,0.328
156.363175,494.939,71.037,0.330
156.374785,495.312,71.050,0.331
156.386395,496.591,71.095,0.323
156.398005,497.722,71.134,0.310
156.409615,499.956,71.212,0.297
156.421224,504.452,71.367,0.283
156.432834,510.353,71.568,0.268
156.444444,517.333,71.803,0.270
156.456054,522.341,71.970,0.277
156.467664,529.733,72.213,0.278
156.479274,535.519,72.401,0.282
156.490884,538.170,72.487,0.289
156.502494,541.029,72.578,0.287
156.514104,543.566,72.659,0.283
156.525714,542.469,72.624,0.280
156.537324,543.008,72.642,0.261
156.548934,540.538,72.563,0.249
156.560544,526.969,72.123,0.261
156.572154,516.461,71.774,0.264
156.583764,510.401,71.570,0.264
156.595374,504.027,71.352,0.264
156.606984,500.829,71.242,0.263
156.618594,499.900,71.210,0.265
156.630204,501.095,71.251,0.277
156.641814,500.398,71.227,0.282
156.653424,500.118,71.217,0.275
156.665034,500.156,71.218,0.267
156.676644,499.355,71.191,0.253
156.688254,499.607,71.199,0.249
156.699864,500.192,71.220,0.242
156.711474,504.241,71.359,0.240
156.723084,509.965,71.555,0.230
156.734694,517.840,71.820,0.218
156.746304,531.830,72.282,0.205
156.757914,541.881,72.606,0.192
156.769524,547.197,72.775,0.190
156.781134,553.292,72.966,0.191
156.792744,554.335,72.999,0.199
156.804354,557.575,73.100,0.193
156.815964,559.406,73.157,0.191
156.827574,557.977,73.112,0.192
156.839184,557.584,73.100,0.184
156.850794,557.796,73.107,0.177
156.862404,556.007,73.051,0.169
156.874014,554.928,73.018,0.157
156.885624,554.868,73.016,0.141
156.897234,554.340,72.999,0.121
156.908844,554.361,73.000,0.088
156.920454,553.599,72.976,0.050
156.932063,551.899,72.923,0.005
156.943673,,,0.000
156.955283,,,0.000
156.966893,,,0.000
156.978503,,,0.000
156.990113,,,0.000
157.001723,,,0.000
157.013333,,,0.000
157.024943,,,0.000
157.036553,,,0.000
157.048163,,,0.000
157.059773,,,0.000
157.071383,,,0.000
157.082993,,,0.000
157.094603,,,0.000
157.106213,,,0.000
157.117823,,,0.000
157.129433,,,0.000
157.141043,,,0.000
157.152653,,,0.000
157.164263,,,0.000
157.175873,,,0.000
157.187483,,,0.000
157.199093,,,0.000
157.210703,,,0.000
157.222313,,,0.000
157.233923,,,0.000
157.245533,,,0.000
157.257143,,,0.000
157.268753,,,0.000
157.280363,,,0.000
157.291973,,,0.000
157.303583,,,0.000
157.315193,,,0.000
157.326803,,,0.000
157.338413,,,0.000
157.350023,,,0.000
157.361633,,,0.000
157.373243,,,0.000
157.384853,,,0.000
157.396463,,,0.000
157.408073,,,0.000
157.419683,,,0.000
157.431293,,,0.000
157.442902,,,0.000
157.454512,,,0.000
157.466122,,,0.000
157.477732,,,0.000
157.489342,,,0.000
157.500952,,,0.000
157.512562,,,0.000
157.524172,,,0.000
157.535782,,,0.000
157.547392,,,0.000
157.559002,,,0.000
157.570612,,,0.000
157.582222,,,0.000
157.593832,,,0.000
157.605442,,,0.000
157.617052,,,0.000
157.628662,,,0.000
157.640272,,,0.000
157.651882,,,0.000
157.663492,,,0.000
157.675102,,,0.000
157.686712,,,0.000
157.698322,,,0.000
157.709932,,,0.000
157.721542,,,0.000
157.733152,,,0.000
157.744762,,,0.000
157.756372,,,0.000
157.767982,,,0.000
157.779592,,,0.000
157.791202,,,0.000
157.802812,,,0.000
157.814422,,,0.000
157.826032,,,0.000
157.837642,,,0.000
157.849252,,,0.000
157.860862,,,0.000
157.872472,,,0.000
157.884082,,,0.000
157.895692,,,0.000
157.907302,,,0.000
157.918912,,,0.000
157.930522,,,0.000
157.942132,,,0.000
157.953741,,,0.000
157.965351,,,0.000
157.976961,,,0.000
157.988571,876.613,80.933,0.317
158.000181,401.424,67.411,0.482
158.011791,785.816,79.040,0.600
158.023401,626.276,75.112,0.681
158.035011,627.832,75.155,0.720
158.046621,628.861,75.183,0.741
158.058231,629.056,75.188,0.758
158.069841,628.667,75.178,0.769
158.081451,791.405,79.163,0.780
158.093061,393.840,67.081,0.794
158.104671,414.642,67.972,0.811
158.116281,418.556,68.135,0.818
158.127891,418.298,68.124,0.831
158.139501,418.496,68.133,0.844
158.151111,417.301,68.083,0.859
158.162721,416.193,68.037,0.874
158.174331,415.220,67.996,0.887
158.185941,415.117,67.992,0.893
158.197551,415.127,67.993,0.893
158.209161,415.464,68.007,0.895
158.220771,416.665,68.057,0.897
158.232381,419.174,68.161,0.898
158.243991,423.849,68.353,0.897
158.255601,429.228,68.571,0.896
158.267211,435.032,68.803,0.893
158.278821,438.498,68.941,0.894
158.290431,440.330,69.013,0.895
158.302041,441.597,69.063,0.895
158.313651,442.385,69.094,0.891
158.325261,442.273,69.089,0.891
158.336871,441.913,69.075,0.892
158.348481,441.486,69.058,0.891
158.360091,441.127,69.044,0.891
158.371701,440.936,69.037,0.885
158.383311,440.775,69.030,0.876
158.394921,440.837,69.033,0.864
158.406531,441.011,69.040,0.850
158.418141,441.381,69.054,0.833
158.429751,441.443,69.057,0.806
158.441361,441.530,69.060,0.776
158.452971,441.753,69.069,0.734
158.464580,442.103,69.083,0.698
158.476190,442.110,69.083,0.659
158.487800,441.497,69.059,0.625
158.499410,439.737,68.990,0.598
158.511020,418.213,68.121,0.563
158.522630,418.251,68.122,0.567
158.534240,418.776,68.144,0.573
158.545850,419.986,68.194,0.585
158.557460,178.863,53.416,0.643
158.569070,372.462,66.115,0.726
158.580680,373.282,66.153,0.756
158.592290,374.298,66.200,0.806
158.603900,373.375,66.157,0.819
158.615510,371.797,66.084,0.834
158.627120,369.771,65.990,0.847
158.638730,368.910,65.949,0.857
158.650340,368.958,65.951,0.856
158.661950,369.089,65.958,0.846
158.673560,369.732,65.988,0.845
158.685170,369.480,65.976,0.824
158.696780,373.131,66.146,0.837
158.708390,959.656,82.500,0.843
158.720000,977.569,82.820,0.849
158.731610,409.743,67.767,0.862
158.743220,412.216,67.871,0.876
158.754830,413.016,67.904,0.884
158.766440,413.727,67.934,0.892
158.778050,414.307,67.958,0.899
158.789660,415.237,67.997,0.900
158.801270,415.662,68.015,0.900
158.812880,415.370,68.003,0.902
158.824490,415.045,67.989,0.893
158.836100,414.741,67.976,0.876
158.847710,414.413,67.963,0.855
158.859320,413.948,67.943,0.832
158.870930,413.038,67.905,0.804
158.882540,411.588,67.844,0.769
158.894150,409.598,67.760,0.722
158.905760,185.139,54.013,0.645
158.917370,370.603,66.028,0.569
158.928980,371.705,66.080,0.550
158.940590,371.362,66.064,0.554
158.952200,185.456,54.043,0.566
158.963810,185.501,54.047,0.570
158.975420,185.399,54.038,0.570
158.987029,369.945,65.998,0.587
158.998639,448.465,69.330,0.608
159.010249,447.443,69.290,0.633
159.021859,371.481,66.069,0.676
159.033469,329.623,64.000,0.710
159.045079,332.652,64.158,0.740
159.056689,332.522,64.151,0.764
159.068299,331.902,64.119,0.782
159.079909,330.914,64.067,0.794
159.091519,330.223,64.031,0.799
159.103129,329.897,64.014,0.803
159.114739,329.041,63.969,0.801
159.126349,327.241,63.874,0.800
159.137959,325.927,63.805,0.794
159.149569,325.329,63.773,0.787
159.161179,325.115,63.761,0.779
159.172789,325.721,63.794,0.776
159.184399,329.848,64.012,0.778
159.196009,332.621,64.157,0.781
159.207619,333.097,64.181,0.785
159.219229,333.283,64.191,0.785
159.230839,333.039,64.178,0.785
159.242449,331.583,64.102,0.785
159.254059,329.582,63.998,0.789
159.265669,328.334,63.932,0.799
159.277279,327.991,63.914,0.802
159.288889,327.850,63.906,0.799
159.300499,328.127,63.921,0.791
159.312109,330.095,64.025,0.789
159.323719,332.287,64.139,0.787
159.335329,332.992,64.176,0.786
159.346939,333.239,64.189,0.781
159.358549,334.087,64.233,0.768
159.370159,333.079,64.180,0.762
159.381769,331.174,64.081,0.764
159.393379,329.560,63.996,0.769
159.404989,328.964,63.965,0.775
159.416599,328.335,63.932,0.783
159.428209,327.657,63.896,0.794
159.439819,326.986,63.861,0.804
159.451429,325.722,63.794,0.810
159.463039,324.538,63.731,0.812
159.474649,323.077,63.653,0.811
159.486259,320.733,63.526,0.807
159.497868,315.911,63.264,0.800
159.509478,308.043,62.828,0.792
159.521088,297.615,62.231,0.781
159.532698,279.710,61.157,0.768
159.544308,277.181,61.000,0.758
159.555918,276.223,60.940,0.751
159.567528,275.709,60.908,0.745
159.579138,275.665,60.905,0.740
159.590748,276.309,60.945,0.733
159.602358,277.374,61.012,0.724
159.613968,277.921,61.046,0.710
159.625578,278.304,61.070,0.706
159.637188,277.878,61.043,0.704
159.648798,279.682,61.155,0.712
159.660408,332.174,64.133,0.728
159.672018,331.742,64.111,0.737
159.683628,330.924,64.068,0.741
159.695238,329.789,64.008,0.746
159.706848,329.154,63.975,0.754
159.718458,328.883,63.961,0.756
159.730068,328.223,63.926,0.755
159.741678,327.137,63.869,0.750
159.753288,326.048,63.811,0.742
159.764898,325.821,63.799,0.736
159.776508,326.531,63.837,0.733
159.788118,328.729,63.953,0.729
159.799728,330.554,64.049,0.727
159.811338,332.132,64.131,0.728
159.822948,332.515,64.151,0.732
159.834558,332.091,64.129,0.736
159.846168,330.820,64.063,0.735
159.857778,328.902,63.962,0.738
159.869388,327.367,63.881,0.739
159.880998,326.307,63.825,0.745
159.892608,325.923,63.804,0.745
159.904218,325.952,63.806,0.743
159.915828,326.968,63.860,0.744
159.927438,328.296,63.930,0.745
159.939048,329.519,63.994,0.742
159.950658,330.980,64.071,0.739
159.962268,330.944,64.069,0.743
159.973878,329.996,64.019,0.750
159.985488,329.135,63.974,0.762
159.997098,328.366,63.934,0.775
160.008707,327.915,63.910,0.783
160.020317,327.254,63.875,0.789
160.031927,326.695,63.845,0.797
160.043537,326.180,63.818,0.805
160.055147,325.125,63.762,0.807
160.066757,324.073,63.706,0.804
160.078367,322.227,63.607,0.800
160.089977,319.431,63.456,0.794
160.101587,315.990,63.268,0.786
160.113197,311.488,63.020,0.781
160.124807,296.311,62.155,0.779
160.136417,283.869,61.413,0.776
160.148027,279.399,61.138,0.770
160.159637,277.151,60.998,0.764
160.171247,275.817,60.914,0.757
160.182857,275.494,60.894,0.749
160.194467,275.387,60.887,0.742
160.206077,275.818,60.915,0.727
160.217687,277.016,60.990,0.702
160.229297,277.770,61.037,0.678
160.240907,278.000,61.051,0.665
160.252517,278.301,61.070,0.656
160.264127,279.622,61.152,0.650
160.275737,281.114,61.244,0.650
160.287347,281.733,61.282,0.655
160.298957,330.400,64.041,0.665
160.310567,329.768,64.007,0.668
160.322177,329.258,63.981,0.670
160.333787,328.668,63.950,0.672
160.345397,327.902,63.909,0.673
160.357007,326.335,63.826,0.673
160.368617,325.000,63.755,0.664
160.380227,324.697,63.739,0.660
160.391837,325.150,63.763,0.664
160.403447,326.572,63.839,0.671
160.415057,328.683,63.950,0.686
160.426667,330.253,64.033,0.696
160.438277,331.262,64.086,0.695
160.449887,332.311,64.140,0.689
160.461497,331.725,64.110,0.695
160.473107,329.196,63.977,0.704
160.484717,327.373,63.881,0.698
160.496327,326.309,63.825,0.693
160.507937,325.846,63.800,0.679
160.519546,325.737,63.794,0.661
160.531156,326.163,63.817,0.656
160.542766,326.717,63.846,0.655
160.554376,327.959,63.912,0.641
160.565986,328.921,63.963,0.614
160.577596,330.292,64.035,0.605
160.589206,330.116,64.026,0.596
160.600816,329.479,63.992,0.590
160.612426,328.766,63.955,0.589
160.624036,327.968,63.913,0.592
160.635646,327.300,63.877,0.594
160.647256,326.596,63.840,0.601
160.658866,325.694,63.792,0.612
160.670476,324.521,63.730,0.611
160.682086,323.744,63.688,0.613
160.693696,320.888,63.535,0.627
160.705306,317.177,63.333,0.636
160.716916,312.200,63.060,0.642
160.728526,301.102,62.433,0.645
160.740136,283.800,61.408,0.644
160.751746,279.400,61.138,0.641
160.763356,278.385,61.075,0.642
160.774966,277.191,61.001,0.641
160.786576,275.723,60.909,0.629
160.798186,275.356,60.886,0.615
160.809796,275.960,60.923,0.601
160.821406,276.637,60.966,0.583
160.833016,276.769,60.974,0.562
160.844626,276.904,60.983,0.536
160.856236,277.220,61.002,0.517
160.867846,277.710,61.033,0.503
160.879456,110.968,45.152,0.490
160.891066,331.259,64.085,0.478
160.902676,330.772,64.060,0.477
160.914286,330.052,64.022,0.486
160.925896,329.470,63.992,0.488
160.937506,328.953,63.965,0.487
160.949116,328.472,63.939,0.485
160.960726,327.148,63.869,0.485
160.972336,326.252,63.822,0.480
160.983946,325.408,63.777,0.482
160.995556,324.959,63.753,0.480
161.007166,325.857,63.801,0.473
161.018776,327.936,63.911,0.473
161.030385,329.350,63.985,0.479
161.041995,330.414,64.041,0.480
161.053605,331.070,64.076,0.473
161.065215,330.312,64.036,0.475
161.076825,328.180,63.924,0.480
161.088435,325.686,63.792,0.480
161.100045,324.260,63.716,0.487
161.111655,324.076,63.706,0.487
161.123265,324.275,63.717,0.482
161.134875,324.403,63.723,0.478
161.146485,324.723,63.740,0.477
161.158095,325.450,63.779,0.465
161.169705,327.192,63.872,0.451
161.181315,328.542,63.943,0.440
161.192925,328.894,63.961,0.424
161.204535,328.239,63.927,0.416
161.216145,326.997,63.861,0.413
161.227755,326.738,63.848,0.413
161.239365,326.203,63.819,0.410
161.250975,326.184,63.818,0.413
161.262585,326.138,63.816,0.430
161.274195,326.018,63.809,0.448
161.285805,325.429,63.778,0.447
161.297415,325.347,63.774,0.442
161.309025,324.682,63.738,0.439
161.320635,324.263,63.716,0.435
161.332245,323.812,63.692,0.436
161.343855,323.233,63.661,0.431
161.355465,136.766,48.771,0.404
161.367075,137.029,48.804,0.364
161.378685,276.213,60.939,0.349
161.390295,275.372,60.887,0.345
161.401905,274.809,60.851,0.330
161.413515,274.622,60.839,0.320
161.425125,274.855,60.854,0.294
161.436735,275.249,60.879,0.274
161.448345,275.524,60.896,0.259
161.459955,80.131,39.515,0.246
161.471565,643.561,75.583,0.234
161.483175,644.496,75.608,0.225
161.494785,331.094,64.077,0.223
161.506395,331.304,64.088,0.216
161.518005,330.989,64.071,0.214
161.529615,329.733,64.006,0.213
161.541224,329.561,63.997,0.206
161.552834,329.414,63.989,0.199
161.564444,328.819,63.957,0.194
161.576054,326.874,63.855,0.184
161.587664,326.034,63.810,0.178
161.599274,326.203,63.819,0.170
161.610884,326.229,63.821,0.164
161.622494,327.997,63.914,0.155
161.634104,328.672,63.950,0.165
161.645714,329.782,64.008,0.167
161.657324,330.236,64.032,0.164
161.668934,329.835,64.011,0.162
161.680544,329.445,63.990,0.157
161.692154,328.729,63.953,0.155
161.703764,328.335,63.932,0.157
161.715374,328.037,63.916,0.154
161.726984,327.330,63.879,0.142
161.738594,326.552,63.838,0.133
161.750204,326.444,63.832,0.130
161.761814,327.062,63.865,0.127
161.773424,327.824,63.905,0.128
161.785034,328.022,63.915,0.124
161.796644,328.123,63.921,0.111
161.808254,328.617,63.947,0.092
161.819864,328.064,63.918,0.081
161.831474,327.764,63.902,0.084
161.843084,326.724,63.847,0.087
161.854694,326.159,63.817,0.083
161.866304,325.196,63.766,0.077
161.877914,324.842,63.747,0.078
161.889524,324.706,63.740,0.082
161.901134,324.209,63.713,0.078
161.912744,324.154,63.710,0.070
161.924354,324.024,63.703,0.058
161.935964,323.845,63.694,0.046
161.947574,322.969,63.647,0.032
161.959184,107.315,44.572,0.017
161.970794,137.198,48.825,0.006
161.982404,,,0.000
161.994014,137.635,48.880,0.003
162.005624,276.431,60.953,0.002
162.017234,276.250,60.942,0.001
162.028844,,,0.000
162.040454,,,0.000
162.052063,,,0.000
162.063673,,,0.000
162.075283,,,0.000
162.086893,,,0.000
162.098503,,,0.000
162.110113,,,0.000
162.121723,,,0.000
162.133333,,,0.000
162.144943,,,0.000
162.156553,,,0.000
162.168163,,,0.000
162.179773,,,0.000
162.191383,,,0.000
162.202993,,,0.000
162.214603,,,0.000
162.226213,,,0.000
162.237823,,,0.000
162.249433,,,0.000
162.261043,,,0.000
162.272653,,,0.000
162.284263,,,0.000
162.295873,,,0.000
162.307483,,,0.000
162.319093,,,0.000
162.330703,,,0.000
162.342313,,,0.000
162.353923,,,0.000
162.365533,,,0.000
162.377143,,,0.000
162.388753,,,0.000
162.400363,,,0.000
162.411973,,,0.000
162.423583,,,0.000
162.435193,,,0.000
162.446803,,,0.000
162.458413,,,0.000
162.470023,,,0.000
162.481633,,,0.000
162.493243,,,0.000
162.504853,,,0.000
162.516463,,,0.000
162.528073,,,0.000
162.539683,,,0.000
162.551293,,,0.000
162.562902,,,0.000
162.574512,,,0.000
162.586122,,,0.000
162.597732,,,0.000
162.609342,,,0.000
162.620952,,,0.000
162.632562,,,0.000
162.644172,,,0.000
162.655782,,,0.000
162.667392,,,0.000
162.679002,,,0.000
162.690612,,,0.000
162.702222,,,0.000
162.713832,,,0.000
162.725442,,,0.000
162.737052,,,0.000
162.748662,,,0.000
162.760272,,,0.000
162.771882,,,0.000
162.783492,,,0.000
162.795102,,,0.000
162.806712,,,0.000
162.818322,,,0.000
162.829932,,,0.000
162.841542,,,0.000
162.853152,,,0.000
162.864762,,,0.000
162.876372,,,0.000
162.887982,,,0.000
162.899592,,,0.000
162.911202,,,0.000
162.922812,,,0.000
162.934422,,,0.000
162.946032,,,0.000
162.957642,,,0.000
162.969252,,,0.000
162.980862,,,0.000
162.992472,,,0.000
163.004082,,,0.000
163.015692,,,0.000
163.027302,,,0.000
163.038912,,,0.000
163.050522,,,0.000
163.062132,,,0.000
163.073741,,,0.000
163.085351,,,0.000
163.096961,,,0.000
163.108571,,,0.000
163.120181,,,0.000
163.131791,,,0.000
163.143401,,,0.000
163.155011,,,0.000
163.166621,,,0.000
163.178231,,,0.000
163.189841,,,0.000
163.201451,,,0.000
163.213061,,,0.000
163.224671,,,0.000
163.236281,,,0.000
163.247891,,,0.000
163.259501,,,0.000
163.271111,,,0.000
163.282721,,,0.000
163.294331,,,0.000
163.305941,,,0.000
163.317551,,,0.000
163.329161,,,0.000
163.340771,,,0.000
163.352381,,,0.000
163.363991,,,0.000
163.375601,,,0.000
163.387211,,,0.000
163.398821,,,0.000
163.410431,,,0.000
163.422041,,,0.000
163.433651,,,0.000
163.445261,,,0.000
163.456871,,,0.000
163.468481,,,0.000
163.480091,,,0.000
163.491701,,,0.000
163.503311,,,0.000
163.514921,,,0.000
163.526531,,,0.000
163.538141,,,0.000
163.549751,,,0.000
163.561361,,,0.000
163.572971,,,0.000
163.584580,,,0.000
163.596190,,,0.000
163.607800,,,0.000
163.619410,,,0.000
163.631020,,,0.000
163.642630,,,0.000
163.654240,,,0.000
163.665850,,,0.000
163.677460,,,0.000
163.689070,,,0.000
163.700680,,,0.000
163.712290,,,0.000
163.723900,,,0.000
163.735510,,,0.000
163.747120,,,0.000
163.758730,,,0.000
163.770340,,,0.000
163.781950,,,0.000
163.793560,,,0.000
163.805170,,,0.000
163.816780,,,0.000
163.828390,,,0.000
163.840000,,,0.000
163.851610,,,0.000
163.863220,,,0.000
163.874830,,,0.000
163.886440,,,0.000
163.898050,,,0.000
163.909660,,,0.000
163.921270,,,0.000
163.932880,,,0.000
163.944490,,,0.000
163.956100,,,0.000
163.967710,,,0.000
163.979320,,,0.000
163.990930,,,0.000
164.002540,,,0.000
164.014150,,,0.000
164.025760,,,0.000
164.037370,,,0.000
164.048980,,,0.000
164.060590,,,0.000
164.072200,,,0.000
164.083810,,,0.000
164.095420,,,0.000
164.107029,,,0.000
164.118639,,,0.000
164.130249,,,0.000
164.141859,,,0.000
164.153469,,,0.000
164.165079,,,0.000
164.176689,,,0.000
164.188299,,,0.000
164.199909,,,0.000
164.211519,,,0.000
164.223129,,,0.000
164.234739,,,0.000
164.246349,,,0.000
164.257959,,,0.000
164.269569,,,0.000
164.281179,,,0.000
164.292789,,,0.000
164.304399,,,0.000
164.316009,,,0.000
164.327619,,,0.000
164.339229,,,0.000
164.350839,,,0.000
164.362449,,,0.000
164.374059,,,0.000
164.385669,,,0.000
164.397279,,,0.000
164.408889,,,0.000
164.420499,,,0.000
164.432109,,,0.000
164.443719,,,0.000
164.455329,,,0.000
164.466939,,,0.000
164.478549,,,0.000
164.490159,,,0.000
164.501769,,,0.000
164.513379,,,0.000
164.524989,,,0.000
164.536599,,,0.000
164.548209,,,0.000
164.559819,,,0.000
164.571429,,,0.000
164.583039,,,0.000
164.594649,,,0.000
164.606259,,,0.000
164.617868,,,0.000
164.629478,,,0.000
164.641088,,,0.000
164.652698,,,0.000
164.664308,,,0.000
164.675918,,,0.000
164.687528,,,0.000
164.699138,,,0.000
164.710748,,,0.000
164.722358,,,0.000
164.733968,,,0.000
164.745578,,,0.000
164.757188,,,0.000
164.768798,,,0.000
164.780408,,,0.000
164.792018,,,0.000
164.803628,,,0.000
164.815238,,,0.000
164.826848,,,0.000
164.838458,,,0.000
164.850068,,,0.000
164.861678,,,0.000
164.873288,,,0.000
164.884898,,,0.000
164.896508,,,0.000
164.908118,,,0.000
164.919728,,,0.000
164.931338,,,0.000
164.942948,,,0.000
164.954558,,,0.000
164.966168,,,0.000
164.977778,,,0.000
164.989388,,,0.000
165.000998,,,0.000
165.012608,,,0.000
165.024218,,,0.000
165.035828,,,0.000
165.047438,,,0.000
165.059048,,,0.000
165.070658,,,0.000
165.082268,,,0.000
165.093878,,,0.000
165.105488,,,0.000
165.117098,,,0.000
165.128707,,,0.000
165.140317,,,0.000
165.151927,,,0.000
165.163537,,,0.000
165.175147,,,0.000
165.186757,,,0.000
165.198367,,,0.000
165.209977,,,0.000
165.221587,,,0.000
165.233197,,,0.000
165.244807,,,0.000
165.256417,,,0.000
165.268027,,,0.000
165.279637,,,0.000
165.291247,,,0.000
165.302857,,,0.000
165.314467,,,0.000
165.326077,,,0.000
165.337687,,,0.000
165.349297,,,0.000
165.360907,,,0.000
165.372517,,,0.000
165.384127,,,0.000
165.395737,,,0.000
165.407347,,,0.000
165.418957,,,0.000
165.430567,,,0.000
165.442177,,,0.000
165.453787,,,0.000
165.465397,,,0.000
165.477007,,,0.000
165.488617,,,0.000
165.500227,,,0.000
165.511837,,,0.000
165.523447,,,0.000
165.535057,,,0.000
165.546667,,,0.000
165.558277,,,0.000
165.569887,,,0.000
165.581497,,,0.000
165.593107,,,0.000
165.604717,,,0.000
165.616327,,,0.000
165.627937,,,0.000
165.639546,,,0.000
165.651156,,,0.000
165.662766,,,0.000
165.674376,,,0.000
165.685986,,,0.000
165.697596,,,0.000
165.709206,,,0.000
165.720816,,,0.000
165.732426,,,0.000
165.744036,,,0.000
165.755646,,,0.000
165.767256,,,0.000
165.778866,,,0.000
165.790476,,,0.000
165.802086,,,0.000
165.813696,,,0.000
165.825306,,,0.000
165.836916,,,0.000
165.848526,,,0.000
165.860136,,,0.000
165.871746,,,0.000
165.883356,,,0.000
165.894966,,,0.000
165.906576,,,0.000
165.918186,,,0.000
165.929796,,,0.000
165.941406,,,0.000
165.953016,,,0.000
165.964626,,,0.000
165.976236,,,0.000
165.987846,,,0.000
165.999456,,,0.000
166.011066,,,0.000
166.022676,,,0.000
166.034286,,,0.000
166.045896,,,0.000
166.057506,,,0.000
166.069116,,,0.000
166.080726,,,0.000
166.092336,,,0.000
166.103946,,,0.000
166.115556,,,0.000
166.127166,,,0.000
166.138776,,,0.000
166.150385,,,0.000
166.161995,,,0.000
166.173605,,,0.000
166.185215,,,0.000
166.196825,,,0.000
166.208435,,,0.000
166.220045,,,0.000
166.231655,,,0.000
166.243265,,,0.000
166.254875,,,0.000
166.266485,,,0.000
166.278095,,,0.000
166.289705,,,0.000
166.301315,,,0.000
166.312925,,,0.000
166.324535,,,0.000
166.336145,,,0.000
166.347755,,,0.000
166.359365,,,0.000
166.370975,,,0.000
166.382585,,,0.000
166.394195,,,0.000
166.405805,,,0.000
166.417415,,,0.000
166.429025,,,0.000
166.440635,,,0.000
166.452245,,,0.000
166.463855,,,0.000
166.475465,,,0.000
166.487075,,,0.000
166.498685,,,0.000
166.510295,,,0.000
166.521905,,,0.000
166.533515,,,0.000
166.545125,,,0.000
166.556735,,,0.000
166.568345,,,0.000
166.579955,,,0.000
166.591565,,,0.000
166.603175,,,0.000
166.614785,,,0.000
166.626395,,,0.000
166.638005,,,0.000
166.649615,,,0.000
166.661224,,,0.000
166.672834,,,0.000
166.684444,,,0.000
166.696054,,,0.000
166.707664,,,0.000
166.719274,,,0.000
166.730884,,,0.000
166.742494,,,0.000
166.754104,,,0.000
166.765714,,,0.000
166.777324,,,0.000
166.788934,,,0.000
166.800544,,,0.000
166.812154,,,0.000
166.823764,,,0.000
166.835374,,,0.000
166.846984,,,0.000
166.858594,,,0.000
166.870204,,,0.000
166.881814,,,0.000
166.893424,,,0.000
166.905034,,,0.000
166.916644,,,0.000
166.928254,,,0.000
166.939864,,,0.000
166.951474,,,0.000
166.963084,,,0.000
166.974694,,,0.000
166.986304,,,0.000
166.997914,,,0.000
167.009524,,,0.000
167.021134,,,0.000
167.032744,,,0.000
167.044354,,,0.000
167.055964,,,0.000
167.067574,,,0.000
167.079184,,,0.000
167.090794,,,0.000
167.102404,,,0.000
167.114014,,,0.000
167.125624,,,0.000
167.137234,,,0.000
167.148844,,,0.000
167.160454,,,0.000
167.172063,,,0.000
167.183673,,,0.000
167.195283,,,0.000
167.206893,,,0.000
167.218503,,,0.000
167.230113,,,0.000
167.241723,,,0.000
167.253333,,,0.000
167.264943,,,0.000
167.276553,,,0.000
167.288163,,,0.000
167.299773,,,0.000
167.311383,,,0.000
167.322993,,,0.000
167.334603,,,0.000
167.346213,,,0.000
167.357823,,,0.000
167.369433,,,0.000
167.381043,,,0.000
167.392653,,,0.000
167.404263,,,0.000
167.415873,,,0.000
167.427483,,,0.000
167.439093,,,0.000
167.450703,,,0.000
167.462313,,,0.000
167.473923,,,0.000
167.485533,,,0.000
167.497143,,,0.000
167.508753,,,0.000
167.520363,,,0.000
167.531973,,,0.000
167.543583,,,0.000
167.555193,,,0.000
167.566803,,,0.000
167.578413,,,0.000
167.590023,,,0.000
167.601633,,,0.000
167.613243,774.877,78.798,0.079
167.624853,775.761,78.817,0.142
167.636463,776.502,78.834,0.206
167.648073,776.850,78.842,0.268
167.659683,776.060,78.824,0.315
167.671293,773.805,78.774,0.355
167.682902,773.365,78.764,0.377
167.694512,774.908,78.798,0.388
167.706122,773.204,78.760,0.394
167.717732,771.869,78.730,0.393
167.729342,771.153,78.714,0.383
167.740952,770.207,78.693,0.363
167.752562,768.177,78.647,0.333
167.764172,764.290,78.559,0.283
167.775782,757.409,78.403,0.230
167.787392,476.870,70.393,0.165
167.799002,351.638,65.119,0.064
167.810612,,,0.000
167.822222,,,0.000
167.833832,,,0.000
167.845442,698.630,77.004,0.425
167.857052,693.380,76.874,0.679
167.868662,690.600,76.804,0.793
167.880272,691.682,76.831,0.855
167.891882,197.319,55.116,0.892
167.903492,686.333,76.697,0.919
167.915102,680.940,76.560,0.936
167.926712,415.711,68.017,0.959
167.938322,415.631,68.014,0.976
167.949932,412.848,67.897,0.983
167.961542,411.940,67.859,0.978
167.973152,412.040,67.863,0.972
167.984762,411.501,67.841,0.968
167.996372,412.046,67.864,0.966
168.007982,413.409,67.921,0.971
168.019592,414.162,67.952,0.964
168.031202,415.936,68.026,0.959
168.042812,419.560,68.176,0.949
168.054422,424.789,68.391,0.952
168.066032,429.796,68.594,0.957
168.077642,433.190,68.730,0.958
168.089252,435.662,68.828,0.956
168.100862,438.084,68.924,0.952
168.112472,439.551,68.982,0.952
168.124082,440.775,69.030,0.946
168.135692,440.861,69.034,0.953
168.147302,440.881,69.035,0.949
168.158912,440.528,69.021,0.940
168.170522,440.040,69.002,0.933
168.182132,439.587,68.984,0.924
168.193741,439.382,68.976,0.916
168.205351,439.474,68.979,0.912
168.216961,439.517,68.981,0.913
168.228571,220.351,57.028,0.901
168.240181,220.561,57.044,0.892
168.251791,220.798,57.063,0.885
168.263401,221.159,57.091,0.875
168.275011,221.071,57.084,0.872
168.286621,221.050,57.082,0.858
168.298231,438.159,68.927,0.834
168.309841,435.458,68.820,0.806
168.321451,431.421,68.659,0.779
168.333061,429.446,68.580,0.756
168.344671,418.673,68.140,0.740
168.356281,424.824,68.392,0.757
168.367891,339.013,64.486,0.797
168.379501,184.889,53.990,0.825
168.391111,185.326,54.031,0.852
168.402721,185.625,54.059,0.872
168.414331,185.843,54.079,0.887
168.425941,185.843,54.079,0.904
168.437551,185.739,54.069,0.919
168.449161,374.825,66.225,0.924
168.460771,375.416,66.252,0.921
168.472381,376.403,66.297,0.922
168.483991,380.062,66.465,0.923
168.495601,383.107,66.603,0.918
168.507211,398.931,67.304,0.917
168.518821,408.111,67.697,0.913
168.530431,412.645,67.889,0.907
168.542041,414.741,67.976,0.902
168.553651,415.618,68.013,0.903
168.565261,416.203,68.037,0.903
168.576871,416.515,68.050,0.902
168.588481,416.926,68.067,0.906
168.600091,417.176,68.078,0.909
168.611701,417.050,68.073,0.910
168.623311,416.202,68.037,0.915
168.634921,415.136,67.993,0.914
168.646531,414.328,67.959,0.905
168.658141,414.037,67.947,0.889
168.669751,413.769,67.936,0.870
168.681361,413.542,67.926,0.851
168.692971,412.412,67.879,0.828
168.704580,410.347,67.792,0.797
168.716190,410.373,67.793,0.758
168.727800,417.690,68.099,0.730
168.739410,431.493,68.662,0.737
168.751020,416.761,68.061,0.767
168.762630,417.393,68.087,0.794
168.774240,415.264,67.998,0.812
168.785850,272.062,60.677,0.823
168.797460,272.269,60.690,0.839
168.809070,314.345,63.178,0.856
168.820680,315.448,63.239,0.871
168.832290,327.692,63.898,0.900
168.843900,328.764,63.955,0.925
168.855510,330.101,64.025,0.938
168.867120,331.742,64.111,0.945
168.878730,332.128,64.131,0.952
168.890340,331.882,64.118,0.955
168.901950,331.375,64.092,0.954
168.913560,330.919,64.068,0.953
168.925170,330.525,64.047,0.938
168.936780,328.594,63.946,0.919
168.948390,326.860,63.854,0.906
168.960000,325.692,63.792,0.899
168.971610,325.046,63.758,0.897
168.983220,325.096,63.760,0.901
168.994830,325.656,63.790,0.909
169.006440,329.334,63.985,0.910
169.018050,331.981,64.123,0.909
169.029660,332.268,64.138,0.908
169.041270,332.073,64.128,0.908
169.052880,331.666,64.107,0.910
169.064490,331.011,64.072,0.912
169.076100,329.647,64.001,0.909
169.087710,328.339,63.932,0.902
169.099320,327.570,63.892,0.899
169.110930,327.331,63.879,0.901
169.122540,327.622,63.894,0.906
169.134150,328.331,63.932,0.907
169.145760,329.855,64.012,0.900
169.157370,332.070,64.128,0.892
169.168980,333.083,64.181,0.888
169.180590,333.506,64.203,0.889
169.192200,333.527,64.204,0.893
169.203810,333.204,64.187,0.888
169.215420,332.426,64.146,0.884
169.227029,330.789,64.061,0.892
169.238639,329.096,63.972,0.905
169.250249,328.185,63.924,0.918
169.261859,327.434,63.884,0.927
169.273469,326.443,63.832,0.933
169.285079,325.526,63.783,0.932
169.296689,325.430,63.778,0.930
169.308299,324.388,63.723,0.931
169.319909,322.639,63.629,0.918
169.331519,320.206,63.498,0.904
169.343129,317.808,63.368,0.888
169.354739,315.315,63.231,0.868
169.366349,313.959,63.157,0.851
169.377959,312.956,63.101,0.836
169.389569,314.218,63.171,0.836
169.401179,92.827,42.061,0.824
169.412789,92.881,42.071,0.826
169.424399,93.036,42.100,0.823
169.436009,93.232,42.137,0.820
169.447619,93.418,42.171,0.817
169.459229,323.092,63.653,0.806
169.470839,325.397,63.776,0.805
169.482449,327.591,63.893,0.797
169.494059,328.593,63.946,0.780
169.505669,329.172,63.976,0.762
169.517279,329.750,64.006,0.749
169.528889,329.702,64.004,0.734
169.540499,328.597,63.946,0.722
169.552109,327.318,63.878,0.709
169.563719,325.947,63.806,0.692
169.575329,325.480,63.781,0.690
169.586939,326.259,63.822,0.702
169.598549,327.035,63.863,0.712
169.610159,328.066,63.918,0.716
169.621769,329.100,63.972,0.723
169.633379,330.019,64.021,0.723
169.644989,330.900,64.067,0.726
169.656599,331.460,64.096,0.720
169.668209,331.306,64.088,0.715
169.679819,330.901,64.067,0.706
169.691429,330.000,64.020,0.703
169.703039,329.048,63.970,0.700
169.714649,328.539,63.943,0.697
169.726259,328.548,63.943,0.695
169.737868,328.705,63.952,0.697
169.749478,328.848,63.959,0.700
169.761088,329.404,63.988,0.693
169.772698,330.282,64.034,0.694
169.784308,331.414,64.094,0.695
169.795918,331.751,64.111,0.694
169.807528,331.584,64.102,0.689
169.819138,330.763,64.060,0.688
169.830748,329.857,64.012,0.679
169.842358,328.822,63.958,0.680
169.853968,328.167,63.923,0.688
169.865578,327.321,63.878,0.687
169.877188,326.314,63.825,0.694
169.888798,325.631,63.789,0.694
169.900408,324.852,63.747,0.703
169.912018,325.090,63.760,0.701
169.923628,324.516,63.729,0.710
169.935238,324.459,63.726,0.701
169.946848,323.961,63.700,0.693
169.958458,324.254,63.715,0.683
169.970068,324.336,63.720,0.664
169.981678,324.133,63.709,0.658
169.993288,324.376,63.722,0.641
170.004898,323.855,63.694,0.632
170.016508,323.636,63.682,0.612
170.028118,323.674,63.684,0.619
170.039728,323.899,63.696,0.623
170.051338,323.910,63.697,0.627
170.062948,325.470,63.780,0.625
170.074558,326.959,63.859,0.630
170.086168,327.650,63.896,0.637
170.097778,328.400,63.935,0.636
170.109388,329.130,63.974,0.628
170.120998,329.634,64.000,0.614
170.132608,330.277,64.034,0.601
170.144218,329.972,64.018,0.590
170.155828,329.889,64.014,0.580
170.167438,329.515,63.994,0.558
170.179048,328.688,63.951,0.530
170.190658,328.433,63.937,0.526
170.202268,328.326,63.932,0.524
170.213878,328.261,63.928,0.534
170.225488,328.281,63.929,0.541
170.237098,329.105,63.973,0.539
170.248707,329.772,64.008,0.543
170.260317,330.328,64.037,0.539
170.271927,330.410,64.041,0.539
170.283537,330.436,64.042,0.539
170.295147,330.133,64.027,0.539
170.306757,329.639,64.001,0.528
170.318367,329.032,63.969,0.517
170.329977,328.198,63.925,0.511
170.341587,327.568,63.892,0.511
170.353197,327.687,63.898,0.518
170.364807,327.659,63.896,0.522
170.376417,327.615,63.894,0.512
170.388027,328.051,63.917,0.511
170.399637,328.662,63.949,0.523
170.411247,329.230,63.979,0.526
170.422857,329.433,63.990,0.529
170.434467,329.221,63.979,0.523
170.446077,328.965,63.965,0.508
170.457687,328.790,63.956,0.496
170.469297,328.639,63.948,0.506
170.480907,328.006,63.915,0.512
170.492517,327.534,63.890,0.502
170.504127,327.222,63.873,0.499
170.515737,326.903,63.856,0.492
170.527347,326.198,63.819,0.489
170.538957,325.296,63.771,0.491
170.550567,325.256,63.769,0.489
170.562177,325.322,63.772,0.479
170.573787,325.027,63.757,0.462
170.585397,324.754,63.742,0.462
170.597007,324.571,63.732,0.451
170.608617,324.718,63.740,0.446
170.620227,325.760,63.796,0.440
170.631837,326.001,63.808,0.432
170.643447,325.740,63.795,0.427
170.655057,325.743,63.795,0.424
170.666667,326.378,63.828,0.419
170.678277,326.990,63.861,0.399
170.689887,326.671,63.844,0.415
170.701497,327.475,63.887,0.426
170.713107,328.445,63.938,0.435
170.724717,328.368,63.934,0.434
170.736327,327.967,63.913,0.429
170.747937,327.887,63.908,0.420
170.759546,328.258,63.928,0.420
170.771156,328.812,63.957,0.411
170.782766,329.222,63.979,0.384
170.794376,327.878,63.908,0.357
170.805986,327.063,63.865,0.327
170.817596,327.792,63.903,0.318
170.829206,328.450,63.938,0.315
170.840816,328.626,63.947,0.306
170.852426,328.197,63.925,0.289
170.864036,328.030,63.916,0.290
170.875646,329.054,63.970,0.287
170.887256,329.677,64.003,0.286
170.898866,329.784,64.008,0.281
170.910476,329.481,63.992,0.270
170.922086,329.394,63.988,0.257
170.933696,329.425,63.989,0.251
170.945306,329.332,63.984,0.247
170.956916,329.140,63.974,0.233
170.968526,329.066,63.970,0.223
170.980136,328.939,63.964,0.204
170.991746,328.884,63.961,0.187
171.003356,328.798,63.956,0.176
171.014966,329.000,63.967,0.179
171.026576,329.345,63.985,0.177
171.038186,328.492,63.940,0.179
171.049796,327.404,63.883,0.190
171.061406,326.969,63.860,0.180
171.073016,326.720,63.847,0.179
171.084626,326.630,63.842,0.192
171.096236,326.914,63.857,0.197
171.107846,326.858,63.854,0.201
171.119456,326.883,63.855,0.202
171.131066,327.293,63.877,0.196
171.142676,327.752,63.901,0.196
171.154286,327.873,63.908,0.185
171.165896,327.852,63.907,0.176
171.177506,328.030,63.916,0.169
171.189116,327.458,63.886,0.169
171.200726,326.963,63.859,0.154
171.212336,327.812,63.904,0.140
171.223946,327.482,63.887,0.134
171.235556,327.794,63.903,0.119
171.247166,327.541,63.890,0.117
171.258776,327.252,63.875,0.110
171.270385,326.918,63.857,0.089
171.281995,326.651,63.843,0.087
171.293605,327.167,63.870,0.096
171.305215,326.876,63.855,0.103
171.316825,326.117,63.815,0.095
171.328435,324.775,63.743,0.088
171.340045,324.425,63.725,0.087
171.351655,323.314,63.665,0.090
171.363265,324.364,63.721,0.086
171.374875,91.961,41.899,0.062
171.386485,138.566,48.997,0.037
171.398095,138.627,49.004,0.021
171.409705,325.234,63.768,0.020
171.421315,327.012,63.862,0.003
171.432925,,,0.000
171.444535,,,0.000
171.456145,,,0.000
171.467755,,,0.000
171.479365,,,0.000
171.490975,,,0.000
171.502585,,,0.000
171.514195,,,0.000
171.525805,,,0.000
171.537415,,,0.000
171.549025,,,0.000
171.560635,,,0.000
171.572245,,,0.000
171.583855,,,0.000
171.595465,,,0.000
171.607075,,,0.000
171.618685,,,0.000
171.630295,,,0.000
171.641905,,,0.000
171.653515,,,0.000
171.665125,,,0.000
171.676735,,,0.000
171.688345,,,0.000
171.699955,,,0.000
171.711565,,,0.000
171.723175,,,0.000
171.734785,,,0.000
171.746395,,,0.000
171.758005,,,0.000
171.769615,,,0.000
171.781224,,,0.000
171.792834,,,0.000
171.804444,,,0.000
171.816054,,,0.000
171.827664,,,0.000
171.839274,,,0.000
171.850884,,,0.000
171.862494,,,0.000
171.874104,,,0.000
171.885714,,,0.000
171.897324,,,0.000
171.908934,,,0.000
171.920544,,,0.000
171.932154,,,0.000
171.943764,,,0.000
171.955374,,,0.000
171.966984,,,0.000
171.978594,,,0.000
171.990204,,,0.000
172.001814,,,0.000
172.013424,,,0.000
172.025034,,,0.000
172.036644,,,0.000
172.048254,,,0.000
172.059864,,,0.000
172.071474,,,0.000
172.083084,,,0.000
172.094694,,,0.000
172.106304,,,0.000
172.117914,,,0.000
172.129524,,,0.000
172.141134,,,0.000
172.152744,,,0.000
172.164354,,,0.000
172.175964,,,0.000
172.187574,,,0.000
172.199184,,,0.000
172.210794,,,0.000
172.222404,,,0.000
172.234014,,,0.000
172.245624,,,0.000
172.257234,,,0.000
172.268844,,,0.000
172.280454,,,0.000
172.292063,,,0.000
172.303673,,,0.000
172.315283,,,0.000
172.326893,,,0.000
172.338503,,,0.000
172.350113,,,0.000
172.361723,,,0.000
172.373333,,,0.000
172.384943,,,0.000
172.396553,,,0.000
172.408163,,,0.000
172.419773,,,0.000
172.431383,,,0.000
172.442993,,,0.000
172.454603,,,0.000
172.466213,,,0.000
172.477823,,,0.000
172.489433,,,0.000
172.501043,,,0.000
172.512653,,,0.000
172.524263,,,0.000
172.535873,,,0.000
172.547483,,,0.000
172.559093,,,0.000
172.570703,,,0.000
172.582313,,,0.000
172.593923,,,0.000
172.605533,,,0.000
172.617143,,,0.000
172.628753,,,0.000
172.640363,,,0.000
172.651973,,,0.000
172.663583,,,0.000
172.675193,,,0.000
172.686803,,,0.000
172.698413,,,0.000
172.710023,,,0.000
172.721633,,,0.000
172.733243,,,0.000
172.744853,,,0.000
172.756463,,,0.000
172.768073,,,0.000
172.779683,,,0.000
172.791293,,,0.000
172.802902,,,0.000
172.814512,,,0.000
172.826122,,,0.000
172.837732,,,0.000
172.849342,,,0.000
172.860952,,,0.000
172.872562,,,0.000
172.884172,,,0.000
172.895782,,,0.000
172.907392,,,0.000
172.919002,,,0.000
172.930612,,,0.000
172.942222,,,0.000
172.953832,,,0.000
172.965442,,,0.000
172.977052,,,0.000
172.988662,,,0.000
