time_sec,f0_hz,midi,confidence
0.000000,315.985,63.268,0.171
0.011610,894.017,81.274,0.185
0.023220,889.173,81.180,0.196
0.034830,887.504,81.147,0.205
0.046440,886.466,81.127,0.213
0.058050,871.392,80.830,0.197
0.069660,857.043,80.542,0.163
0.081270,859.573,80.593,0.142
0.092880,867.112,80.745,0.124
0.104490,867.580,80.754,0.111
0.116100,868.279,80.768,0.104
0.127710,866.520,80.733,0.092
0.139320,861.379,80.630,0.080
0.150930,860.087,80.604,0.071
0.162540,866.664,80.736,0.073
0.174150,868.519,80.773,0.064
0.185760,864.384,80.690,0.057
0.197370,851.129,80.422,0.056
0.208980,852.670,80.454,0.049
0.220590,852.448,80.449,0.051
0.232200,848.782,80.375,0.063
0.243810,849.573,80.391,0.060
0.255420,845.085,80.299,0.053
0.267029,853.423,80.469,0.055
0.278639,861.816,80.639,0.054
0.290249,860.209,80.606,0.052
0.301859,865.199,80.706,0.050
0.313469,866.527,80.733,0.049
0.325079,873.831,80.878,0.027
0.336689,873.733,80.876,0.023
0.348299,868.496,80.772,0.018
0.359909,856.625,80.534,0.006
0.371519,,,0.000
0.383129,,,0.000
0.394739,,,0.000
0.406349,,,0.000
0.417959,,,0.000
0.429569,,,0.000
0.441179,,,0.000
0.452789,,,0.000
0.464399,,,0.000
0.476009,,,0.000
0.487619,,,0.000
0.499229,,,0.000
0.510839,,,0.000
0.522449,134.013,48.418,0.053
0.534059,133.609,48.366,0.114
0.545669,131.058,48.032,0.134
0.557279,130.094,47.905,0.136
0.568889,130.384,47.943,0.137
0.580499,798.900,79.326,0.429
0.592109,793.621,79.211,0.469
0.603719,786.522,79.056,0.493
0.615329,139.047,49.057,0.576
0.626939,139.792,49.149,0.652
0.638549,139.843,49.156,0.679
0.650159,142.327,49.460,0.713
0.661769,149.867,50.354,0.739
0.673379,153.318,50.748,0.754
0.684989,154.351,50.865,0.772
0.696599,155.288,50.969,0.789
0.708209,160.593,51.551,0.797
0.719819,162.414,51.746,0.799
0.731429,163.242,51.834,0.805
0.743039,163.899,51.904,0.807
0.754649,164.066,51.921,0.808
0.766259,164.242,51.940,0.805
0.777868,164.343,51.951,0.799
0.789478,164.280,51.944,0.793
0.801088,164.157,51.931,0.784
0.812698,164.100,51.925,0.771
0.824308,164.348,51.951,0.763
0.835918,165.590,52.081,0.757
0.847528,171.229,52.661,0.756
0.859138,178.317,53.363,0.763
0.870748,182.275,53.743,0.774
0.882358,183.820,53.889,0.788
0.893968,185.238,54.023,0.802
0.905578,185.837,54.078,0.811
0.917188,186.315,54.123,0.813
0.928798,186.729,54.161,0.813
0.940408,187.046,54.191,0.805
0.952018,187.216,54.206,0.793
0.963628,187.138,54.199,0.781
0.975238,187.053,54.191,0.762
0.986848,189.474,54.414,0.739
0.998458,189.807,54.444,0.723
1.010068,181.327,53.653,0.713
1.021678,181.107,53.632,0.713
1.033288,126.707,47.448,0.719
1.044898,200.066,55.356,0.727
1.056508,199.997,55.350,0.728
1.068118,126.906,47.475,0.733
1.079728,126.973,47.484,0.731
1.091338,200.014,55.351,0.725
1.102948,199.994,55.349,0.717
1.114558,224.497,57.350,0.734
1.126168,224.355,57.339,0.793
1.137778,221.053,57.083,0.830
1.149388,220.836,57.066,0.858
1.160998,220.768,57.060,0.877
1.172608,220.626,57.049,0.898
1.184218,220.448,57.035,0.913
1.195828,219.959,56.997,0.926
1.207438,219.208,56.938,0.929
1.219048,218.269,56.863,0.920
1.230658,217.517,56.803,0.912
1.242268,217.278,56.784,0.905
1.253878,217.325,56.788,0.903
1.265488,218.125,56.852,0.901
1.277098,219.973,56.998,0.903
1.288707,221.980,57.155,0.904
1.300317,223.160,57.247,0.907
1.311927,223.695,57.288,0.907
1.323537,223.862,57.301,0.906
1.335147,223.934,57.307,0.903
1.346757,223.570,57.279,0.893
1.358367,222.814,57.220,0.876
1.369977,221.810,57.142,0.849
1.381587,220.201,57.016,0.820
1.393197,217.983,56.841,0.790
1.404807,215.339,56.629,0.775
1.416417,200.543,55.397,0.785
1.428027,184.905,53.991,0.797
1.439637,184.128,53.918,0.812
1.451247,184.068,53.913,0.826
1.462857,184.099,53.916,0.839
1.474467,184.092,53.915,0.839
1.486077,184.130,53.919,0.837
1.497687,184.138,53.919,0.824
1.509297,183.787,53.886,0.790
1.520907,183.976,53.904,0.747
1.532517,184.353,53.940,0.697
1.544127,125.762,47.318,0.686
1.555737,248.376,59.100,0.724
1.567347,249.963,59.211,0.776
1.578957,249.526,59.180,0.819
1.590567,248.742,59.126,0.853
1.602177,248.083,59.080,0.879
1.613787,248.062,59.078,0.895
1.625397,248.357,59.099,0.907
1.637007,248.829,59.132,0.910
1.648617,248.940,59.140,0.909
1.660227,248.461,59.106,0.908
1.671837,248.747,59.126,0.908
1.683447,275.601,60.901,0.909
1.695057,277.156,60.998,0.902
1.706667,277.115,60.996,0.889
1.718277,276.520,60.959,0.873
1.729887,276.748,60.973,0.857
1.741497,277.960,61.049,0.834
1.753107,278.828,61.102,0.803
1.764717,279.554,61.148,0.754
1.776327,278.700,61.095,0.675
1.787937,115.583,45.857,0.624
1.799546,115.696,45.874,0.677
1.811156,224.703,57.366,0.746
1.822766,140.584,49.247,0.782
1.834376,377.915,66.367,0.810
1.845986,378.093,66.375,0.827
1.857596,110.294,45.046,0.839
1.869206,110.275,45.043,0.843
1.880816,82.306,39.979,0.837
1.892426,82.294,39.976,0.826
1.904036,284.557,61.455,0.814
1.915646,266.547,60.323,0.822
1.927256,265.865,60.278,0.831
1.938866,263.092,60.097,0.842
1.950476,262.420,60.053,0.847
1.962086,262.192,60.037,0.857
1.973696,262.291,60.044,0.870
1.985306,262.250,60.041,0.879
1.996916,262.321,60.046,0.882
2.008526,262.312,60.045,0.880
2.020136,263.114,60.098,0.880
2.031746,265.104,60.229,0.881
2.043356,268.941,60.477,0.888
2.054966,274.132,60.808,0.896
2.066576,276.342,60.947,0.905
2.078186,277.469,61.018,0.914
2.089796,277.836,61.041,0.918
2.101406,278.142,61.060,0.919
2.113016,278.458,61.079,0.919
2.124626,278.829,61.103,0.920
2.136236,278.894,61.107,0.918
2.147846,278.801,61.101,0.912
2.159456,278.559,61.086,0.904
2.171066,278.427,61.078,0.898
2.182676,278.345,61.072,0.894
2.194286,278.342,61.072,0.887
2.205896,278.361,61.073,0.879
2.217506,278.454,61.079,0.869
2.229116,278.498,61.082,0.858
2.240726,278.497,61.082,0.846
2.252336,278.343,61.072,0.835
2.263946,277.953,61.048,0.818
2.275556,277.599,61.026,0.800
2.287166,277.230,61.003,0.782
2.298776,276.547,60.960,0.759
2.310385,275.601,60.901,0.735
2.321995,274.728,60.846,0.712
2.333605,274.273,60.817,0.687
2.345215,273.665,60.779,0.658
2.356825,274.277,60.818,0.620
2.368435,275.043,60.866,0.581
2.380045,276.150,60.935,0.541
2.391655,277.374,61.012,0.499
2.403265,278.086,61.056,0.453
2.414875,277.824,61.040,0.391
2.426485,277.498,61.020,0.337
2.438095,277.054,60.992,0.302
2.449705,277.485,61.019,0.277
2.461315,277.963,61.049,0.256
2.472925,277.844,61.041,0.256
2.484535,278.065,61.055,0.252
2.496145,139.104,49.064,0.256
2.507755,138.917,49.041,0.264
2.519365,139.126,49.067,0.270
2.530975,139.036,49.056,0.267
2.542585,138.935,49.043,0.269
2.554195,139.466,49.109,0.264
2.565805,140.043,49.180,0.258
2.577415,140.110,49.189,0.261
2.589025,275.114,60.870,0.253
2.600635,274.584,60.837,0.238
2.612245,274.528,60.833,0.233
2.623855,271.718,60.655,0.218
2.635465,273.398,60.762,0.193
2.647075,273.242,60.752,0.182
2.658685,274.851,60.854,0.178
2.670295,276.405,60.951,0.179
2.681905,276.941,60.985,0.180
2.693515,277.542,61.022,0.175
2.705125,278.203,61.064,0.163
2.716735,278.561,61.086,0.163
2.728345,278.705,61.095,0.169
2.739955,278.769,61.099,0.168
2.751565,278.653,61.092,0.166
2.763175,278.421,61.077,0.161
2.774785,278.914,61.108,0.175
2.786395,281.149,61.246,0.200
2.798005,284.892,61.475,0.230
2.809615,137.120,48.815,0.255
2.821224,137.038,48.805,0.274
2.832834,136.805,48.775,0.290
2.844444,136.972,48.797,0.302
2.856054,136.862,48.783,0.309
2.867664,137.084,48.811,0.308
2.879274,136.800,48.775,0.300
2.890884,92.662,42.030,0.282
2.902494,79.891,39.463,0.256
2.914104,92.564,42.012,0.226
2.925714,92.322,41.967,0.191
2.937324,92.320,41.967,0.145
2.948934,92.155,41.936,0.082
2.960544,92.114,41.928,0.020
2.972154,,,0.000
2.983764,,,0.000
2.995374,,,0.000
3.006984,146.023,49.904,0.136
3.018594,142.270,49.454,0.370
3.030204,138.706,49.014,0.477
3.041814,139.020,49.053,0.536
3.053424,138.955,49.045,0.583
3.065034,140.760,49.269,0.631
3.076644,144.733,49.751,0.687
3.088254,151.062,50.492,0.727
3.099864,154.160,50.843,0.766
3.111474,157.138,51.174,0.792
3.123084,161.152,51.611,0.812
3.134694,163.124,51.822,0.826
3.146304,163.650,51.877,0.836
3.157914,163.836,51.897,0.843
3.169524,164.133,51.928,0.842
3.181134,164.477,51.965,0.840
3.192744,164.754,51.994,0.831
3.204354,165.186,52.039,0.822
3.215964,165.156,52.036,0.805
3.227574,165.081,52.028,0.786
3.239184,165.424,52.064,0.773
3.250794,166.102,52.135,0.769
3.262404,184.016,53.908,0.776
3.274014,184.883,53.989,0.786
3.285624,185.373,54.035,0.798
3.297234,185.786,54.074,0.800
3.308844,185.681,54.064,0.795
3.320454,185.655,54.061,0.792
3.332063,185.668,54.063,0.782
3.343673,186.141,54.107,0.761
3.355283,186.710,54.160,0.731
3.366893,187.151,54.200,0.691
3.378503,214.598,56.570,0.674
3.390113,220.962,57.076,0.724
3.401723,223.111,57.243,0.792
3.413333,223.498,57.273,0.839
3.424943,223.251,57.254,0.873
3.436553,222.792,57.218,0.900
3.448163,222.265,57.177,0.919
3.459773,221.524,57.120,0.933
3.471383,221.039,57.082,0.937
3.482993,220.181,57.014,0.937
3.494603,219.089,56.928,0.931
3.506213,218.344,56.869,0.925
3.517823,217.821,56.828,0.916
3.529433,217.553,56.806,0.906
3.541043,217.240,56.781,0.893
3.552653,217.470,56.800,0.871
3.564263,217.748,56.822,0.855
3.575873,217.904,56.834,0.837
3.587483,217.776,56.824,0.824
3.599093,216.024,56.684,0.809
3.610703,94.051,42.288,0.802
3.622313,186.614,54.151,0.795
3.633923,185.937,54.088,0.804
3.645533,185.687,54.064,0.822
3.657143,185.551,54.052,0.834
3.668753,185.409,54.039,0.837
3.680363,185.198,54.019,0.838
3.691973,185.062,54.006,0.836
3.703583,185.122,54.012,0.829
3.715193,185.146,54.014,0.814
3.726803,185.224,54.021,0.790
3.738413,185.291,54.027,0.763
3.750023,185.217,54.021,0.734
3.761633,185.100,54.010,0.702
3.773243,185.042,54.004,0.658
3.784853,184.764,53.978,0.584
3.796463,183.705,53.879,0.459
3.808073,108.506,44.763,0.325
3.819683,108.344,44.737,0.288
3.831293,108.018,44.685,0.297
3.842902,108.008,44.684,0.321
3.854512,214.942,56.597,0.407
3.866122,217.089,56.769,0.575
3.877732,216.629,56.733,0.669
3.889342,218.034,56.845,0.728
3.900952,219.220,56.939,0.770
3.912562,220.412,57.032,0.803
3.924172,221.304,57.102,0.831
3.935782,221.474,57.116,0.852
3.947392,221.100,57.086,0.868
3.959002,220.833,57.065,0.872
3.970612,220.434,57.034,0.871
3.982222,220.109,57.009,0.865
3.993832,219.399,56.953,0.860
4.005442,218.813,56.906,0.851
4.017052,218.341,56.869,0.842
4.028662,218.471,56.879,0.837
4.040272,219.214,56.938,0.832
4.051882,220.557,57.044,0.832
4.063492,221.785,57.140,0.828
4.075102,222.516,57.197,0.831
4.086712,222.767,57.216,0.828
4.098322,222.379,57.186,0.828
4.109932,221.633,57.128,0.824
4.121542,220.313,57.025,0.813
4.133152,218.809,56.906,0.802
4.144762,217.718,56.820,0.790
4.156372,217.181,56.777,0.780
4.167982,216.638,56.733,0.764
4.179592,216.667,56.736,0.753
4.191202,217.359,56.791,0.740
4.202812,218.518,56.883,0.730
4.214422,219.510,56.961,0.720
4.226032,220.321,57.025,0.707
4.237642,220.653,57.051,0.697
4.249252,220.656,57.052,0.687
4.260862,220.590,57.046,0.679
4.272472,220.326,57.026,0.663
4.284082,219.760,56.981,0.652
4.295692,218.774,56.903,0.633
4.307302,218.100,56.850,0.627
4.318912,217.602,56.810,0.625
4.330522,217.162,56.775,0.626
4.342132,215.184,56.617,0.628
4.353741,194.004,54.823,0.636
4.365351,191.269,54.577,0.649
4.376961,189.634,54.429,0.658
4.388571,188.626,54.336,0.666
4.400181,187.460,54.229,0.670
4.411791,186.050,54.098,0.671
4.423401,185.314,54.030,0.671
4.435011,185.076,54.007,0.672
4.446621,184.845,53.986,0.670
4.458231,184.885,53.989,0.663
4.469841,184.962,53.997,0.658
4.481451,184.925,53.993,0.655
4.493061,184.928,53.994,0.651
4.504671,184.902,53.991,0.649
4.516281,184.902,53.991,0.644
4.527891,184.880,53.989,0.635
4.539501,184.791,53.981,0.622
4.551111,184.908,53.992,0.611
4.562721,184.984,53.999,0.595
4.574331,184.811,53.983,0.577
4.585941,185.129,54.012,0.556
4.597551,185.649,54.061,0.530
4.609161,186.640,54.153,0.505
4.620771,188.568,54.331,0.487
4.632381,192.973,54.731,0.470
4.643991,193.674,54.794,0.451
4.655601,194.527,54.870,0.433
4.667211,745.102,78.119,0.411
4.678821,747.851,78.183,0.396
4.690431,749.373,78.218,0.380
4.702041,747.859,78.183,0.365
4.713651,749.257,78.215,0.337
4.725261,756.523,78.383,0.320
4.736871,755.799,78.366,0.308
4.748481,751.206,78.260,0.283
4.760091,740.585,78.014,0.263
4.771701,736.156,77.910,0.236
4.783311,738.212,77.958,0.220
4.794921,734.113,77.862,0.199
4.806531,737.740,77.947,0.180
4.818141,733.756,77.854,0.164
4.829751,743.358,78.079,0.136
4.841361,746.797,78.159,0.125
4.852971,220.599,57.047,0.104
4.864580,221.292,57.101,0.081
4.876190,223.387,57.264,0.062
4.887800,224.154,57.324,0.033
4.899410,223.223,57.252,0.013
4.911020,,,0.000
4.922630,,,0.000
4.934240,,,0.000
4.945850,,,0.000
4.957460,,,0.000
4.969070,,,0.000
4.980680,,,0.000
4.992290,,,0.000
5.003900,,,0.000
5.015510,,,0.000
5.027120,,,0.000
5.038730,,,0.000
5.050340,,,0.000
5.061950,,,0.000
5.073560,,,0.000
5.085170,,,0.000
5.096780,,,0.000
5.108390,,,0.000
5.120000,,,0.000
5.131610,,,0.000
5.143220,,,0.000
5.154830,,,0.000
5.166440,,,0.000
5.178050,,,0.000
5.189660,,,0.000
5.201270,,,0.000
5.212880,851.900,80.438,0.025
5.224490,851.521,80.430,0.055
5.236100,874.276,80.887,0.095
5.247710,867.004,80.742,0.121
5.259320,865.894,80.720,0.150
5.270930,868.423,80.771,0.183
5.282540,862.856,80.659,0.213
5.294150,866.175,80.726,0.228
5.305760,887.254,81.142,0.245
5.317370,888.960,81.175,0.262
5.328980,868.247,80.767,0.273
5.340590,873.084,80.863,0.276
5.352200,880.121,81.002,0.276
5.363810,885.072,81.099,0.267
5.375420,894.683,81.286,0.252
5.387029,880.095,81.002,0.235
5.398639,870.498,80.812,0.211
5.410249,867.182,80.746,0.173
5.421859,902.962,81.446,0.124
5.433469,888.624,81.169,0.085
5.445079,112.660,45.414,0.034
5.456689,,,0.000
5.468299,,,0.000
5.479909,582.931,73.870,0.248
5.491519,200.628,55.404,0.377
5.503129,200.583,55.400,0.428
5.514739,168.240,52.356,0.574
5.526349,163.238,51.834,0.670
5.537959,164.174,51.933,0.717
5.549569,164.621,51.980,0.752
5.561179,165.110,52.031,0.778
5.572789,165.302,52.051,0.787
5.584399,165.248,52.046,0.791
5.596009,165.180,52.038,0.796
5.607619,165.322,52.053,0.787
5.619229,165.692,52.092,0.766
5.630839,166.116,52.136,0.743
5.642449,166.248,52.150,0.711
5.654059,164.149,51.930,0.666
5.665669,165.610,52.083,0.638
5.677279,166.281,52.153,0.623
5.688889,174.398,52.979,0.638
5.700499,183.253,53.836,0.716
5.712109,184.740,53.976,0.780
5.723719,184.938,53.994,0.824
5.735329,185.038,54.004,0.852
5.746939,185.090,54.009,0.869
5.758549,185.053,54.005,0.878
5.770159,185.073,54.007,0.880
5.781769,185.141,54.013,0.878
5.793379,185.181,54.017,0.862
5.804989,185.264,54.025,0.835
5.816599,185.416,54.039,0.800
5.828209,186.083,54.101,0.772
5.839819,209.537,56.156,0.757
5.851429,220.016,57.001,0.774
5.863039,223.536,57.276,0.802
5.874649,223.475,57.271,0.823
5.886259,223.139,57.245,0.839
5.897868,222.884,57.225,0.848
5.909478,222.471,57.193,0.860
5.921088,222.330,57.182,0.862
5.932698,221.330,57.104,0.866
5.944308,220.185,57.015,0.860
5.955918,219.193,56.936,0.857
5.967528,218.381,56.872,0.854
5.979138,217.956,56.838,0.839
5.990748,218.204,56.858,0.828
6.002358,217.736,56.821,0.822
6.013968,213.577,56.487,0.828
6.025578,204.977,55.775,0.833
6.037188,201.317,55.464,0.837
6.048798,188.763,54.349,0.837
6.060408,186.857,54.173,0.840
6.072018,186.681,54.157,0.851
6.083628,186.503,54.140,0.858
6.095238,185.895,54.084,0.850
6.106848,185.552,54.052,0.837
6.118458,185.169,54.016,0.820
6.130068,185.029,54.003,0.806
6.141678,185.141,54.013,0.788
6.153288,185.171,54.016,0.766
6.164898,185.109,54.010,0.747
6.176508,185.122,54.012,0.735
6.188118,186.037,54.097,0.741
6.199728,186.360,54.127,0.743
6.211338,186.528,54.143,0.743
6.222948,186.436,54.134,0.740
6.234558,186.630,54.152,0.736
6.246168,187.449,54.228,0.738
6.257778,189.604,54.426,0.741
6.269388,192.184,54.660,0.740
6.280998,196.587,55.052,0.743
6.292608,210.448,56.231,0.768
6.304218,237.744,58.343,0.823
6.315828,243.823,58.780,0.869
6.327438,247.351,59.029,0.900
6.339048,248.536,59.111,0.921
6.350658,249.376,59.170,0.936
6.362268,249.876,59.205,0.949
6.373878,250.320,59.235,0.958
6.385488,251.299,59.303,0.964
6.397098,252.932,59.415,0.960
6.408707,254.697,59.535,0.957
6.420317,257.841,59.748,0.955
6.431927,264.410,60.183,0.954
6.443537,270.682,60.589,0.957
6.455147,273.688,60.780,0.960
6.466757,275.046,60.866,0.962
6.478367,275.946,60.923,0.962
6.489977,276.643,60.966,0.959
6.501587,277.423,61.015,0.945
6.513197,277.737,61.035,0.925
6.524807,277.667,61.030,0.902
6.536417,276.996,60.988,0.871
6.548027,276.208,60.939,0.832
6.559637,275.335,60.884,0.782
6.571247,273.906,60.794,0.714
6.582857,275.952,60.923,0.627
6.594467,685.694,76.681,0.569
6.606077,250.726,59.263,0.641
6.617687,690.981,76.814,0.701
6.629297,692.831,76.860,0.745
6.640907,812.960,79.628,0.779
6.652517,812.947,79.628,0.802
6.664127,695.224,76.920,0.821
6.675737,958.716,82.483,0.839
6.687347,961.282,82.529,0.846
6.698957,961.147,82.527,0.847
6.710567,956.844,82.449,0.845
6.722177,957.380,82.459,0.834
6.733787,955.255,82.421,0.815
6.745397,959.484,82.497,0.804
6.757007,254.169,59.499,0.805
6.768617,256.462,59.655,0.809
6.780227,256.726,59.673,0.825
6.791837,256.864,59.682,0.834
6.803447,256.664,59.669,0.841
6.815057,256.117,59.632,0.850
6.826667,255.725,59.605,0.859
6.838277,255.513,59.591,0.866
6.849887,255.076,59.561,0.863
6.861497,254.200,59.502,0.853
6.873107,253.448,59.450,0.848
6.884717,253.353,59.444,0.845
6.896327,269.932,60.541,0.842
6.907937,272.684,60.717,0.842
6.919546,274.765,60.848,0.845
6.931156,275.881,60.919,0.847
6.942766,276.119,60.933,0.848
6.954376,276.392,60.951,0.849
6.965986,276.994,60.988,0.843
6.977596,277.643,61.029,0.838
6.989206,278.172,61.062,0.835
7.000816,278.417,61.077,0.833
7.012426,278.348,61.073,0.825
7.024036,278.188,61.063,0.811
7.035646,278.554,61.085,0.797
7.047256,279.282,61.131,0.780
7.058866,280.076,61.180,0.758
7.070476,280.707,61.219,0.729
7.082086,279.694,61.156,0.695
7.093696,276.211,60.939,0.654
7.105306,266.413,60.314,0.608
7.116916,272.634,60.714,0.610
7.128526,267.004,60.352,0.604
7.140136,932.457,82.002,0.592
7.151746,932.296,81.999,0.589
7.163356,929.983,81.956,0.588
7.174966,925.177,81.867,0.581
7.186576,925.379,81.870,0.568
7.198186,926.902,81.899,0.555
7.209796,917.335,81.719,0.513
7.221406,274.881,60.856,0.457
7.233016,278.189,61.063,0.406
7.244626,281.402,61.262,0.363
7.256236,278.541,61.085,0.319
7.267846,278.973,61.111,0.272
7.279456,278.970,61.111,0.233
7.291066,276.698,60.970,0.212
7.302676,277.751,61.035,0.210
7.314286,274.852,60.854,0.221
7.325896,277.524,61.021,0.237
7.337506,279.105,61.120,0.248
7.349116,281.430,61.263,0.271
7.360726,279.715,61.157,0.289
7.372336,172.473,52.786,0.323
7.383946,134.042,48.422,0.340
7.395556,172.227,52.762,0.357
7.407166,172.267,52.766,0.372
7.418776,953.021,82.380,0.383
7.430385,125.740,47.315,0.392
7.441995,471.295,70.190,0.402
7.453605,93.035,42.100,0.409
7.465215,474.604,70.311,0.410
7.476825,472.849,70.247,0.416
7.488435,141.141,49.316,0.420
7.500045,141.223,49.326,0.428
7.511655,104.001,44.029,0.428
7.523265,104.080,44.042,0.427
7.534875,108.486,44.760,0.413
7.546485,108.439,44.753,0.396
7.558095,92.257,41.955,0.374
7.569705,92.150,41.935,0.348
7.581315,92.326,41.968,0.312
7.592925,138.307,48.964,0.244
7.604535,276.585,60.963,0.225
7.616145,450.891,69.423,0.184
7.627755,438.683,68.948,0.305
7.639365,470.460,70.159,0.469
7.650975,472.466,70.232,0.639
7.662585,234.877,58.133,0.750
7.674195,237.218,58.305,0.815
7.685805,237.488,58.324,0.858
7.697415,252.238,59.367,0.884
7.709025,251.756,59.334,0.903
7.720635,250.802,59.269,0.917
7.732245,250.161,59.224,0.925
7.743855,250.078,59.219,0.925
7.755465,250.623,59.256,0.917
7.767075,252.293,59.371,0.903
7.778685,251.214,59.297,0.889
7.790295,248.685,59.122,0.883
7.801905,271.974,60.672,0.888
7.813515,274.872,60.855,0.898
7.825125,276.995,60.988,0.911
7.836735,277.794,61.038,0.918
7.848345,277.927,61.046,0.925
7.859955,277.855,61.042,0.932
7.871565,277.862,61.042,0.938
7.883175,278.054,61.054,0.939
7.894785,278.232,61.065,0.935
7.906395,277.970,61.049,0.927
7.918005,277.140,60.997,0.913
7.929615,276.680,60.969,0.899
7.941224,276.272,60.943,0.884
7.952834,275.889,60.919,0.866
7.964444,275.518,60.896,0.847
7.976054,271.531,60.643,0.870
7.987664,262.828,60.079,0.893
7.999274,259.010,59.826,0.908
8.010884,256.984,59.690,0.924
8.022494,255.661,59.601,0.935
8.034104,254.778,59.541,0.942
8.045714,254.174,59.500,0.947
8.057324,253.554,59.457,0.951
8.068934,251.703,59.331,0.935
8.080544,249.722,59.194,0.916
8.092154,247.403,59.032,0.899
8.103764,245.415,58.893,0.885
8.115374,244.282,58.813,0.879
8.126984,242.611,58.694,0.875
8.138594,240.551,58.546,0.873
8.150204,237.554,58.329,0.870
8.161814,233.648,58.042,0.866
8.173424,229.403,57.725,0.861
8.185034,225.386,57.419,0.855
8.196644,222.700,57.211,0.848
8.208254,220.854,57.067,0.839
8.219864,220.222,57.017,0.833
8.231474,219.731,56.979,0.825
8.243084,219.421,56.954,0.820
8.254694,219.389,56.952,0.812
8.266304,219.246,56.941,0.808
8.277914,219.147,56.933,0.803
8.289524,220.107,57.008,0.813
8.301134,220.717,57.056,0.817
8.312744,221.430,57.112,0.824
8.324354,222.260,57.177,0.832
8.335964,222.430,57.190,0.837
8.347574,222.398,57.188,0.847
8.359184,222.204,57.173,0.847
8.370794,221.824,57.143,0.851
8.382404,221.422,57.112,0.841
8.394014,221.537,57.121,0.835
8.405624,221.572,57.123,0.829
8.417234,221.520,57.119,0.824
8.428844,222.702,57.211,0.825
8.440454,241.613,58.622,0.824
8.452063,244.042,58.796,0.832
8.463673,246.337,58.958,0.835
8.475283,247.457,59.036,0.842
8.486893,247.963,59.071,0.849
8.498503,248.243,59.091,0.854
8.510113,248.656,59.120,0.856
8.521723,248.440,59.105,0.859
8.533333,248.135,59.083,0.862
8.544943,247.783,59.059,0.867
8.556553,247.349,59.029,0.876
8.568163,246.778,58.989,0.878
8.579773,246.344,58.958,0.870
8.591383,245.949,58.930,0.862
8.602993,246.032,58.936,0.867
8.614603,246.608,58.977,0.878
8.626213,247.432,59.034,0.891
8.637823,248.203,59.088,0.902
8.649433,248.827,59.132,0.907
8.661043,249.523,59.180,0.914
8.672653,249.526,59.180,0.927
8.684263,249.611,59.186,0.937
8.695873,249.498,59.178,0.938
8.707483,249.192,59.157,0.934
8.719093,248.623,59.117,0.925
8.730703,247.998,59.074,0.913
8.742313,247.347,59.028,0.902
8.753923,246.748,58.986,0.891
8.765533,246.407,58.962,0.880
8.777143,246.188,58.947,0.868
8.788753,246.564,58.974,0.860
8.800363,247.486,59.038,0.853
8.811973,248.886,59.136,0.848
8.823583,250.140,59.223,0.849
8.835193,251.142,59.292,0.851
8.846803,251.678,59.329,0.850
8.858413,251.911,59.345,0.846
8.870023,251.885,59.343,0.841
8.881633,251.509,59.317,0.831
8.893243,250.784,59.267,0.815
8.904853,249.817,59.200,0.795
8.916463,248.525,59.111,0.766
8.928073,246.600,58.976,0.725
8.939683,244.769,58.847,0.680
8.951293,243.498,58.757,0.640
8.962902,243.404,58.750,0.611
8.974512,245.045,58.867,0.596
8.986122,247.153,59.015,0.592
8.997732,248.832,59.132,0.592
9.009342,249.512,59.179,0.598
9.020952,249.730,59.194,0.603
9.032562,249.817,59.200,0.605
9.044172,249.966,59.211,0.598
9.055782,249.745,59.195,0.579
9.067392,249.035,59.146,0.549
9.079002,248.264,59.092,0.516
9.090612,247.663,59.051,0.476
9.102222,247.458,59.036,0.438
9.113832,247.793,59.060,0.402
9.125442,248.661,59.120,0.372
9.137052,249.026,59.146,0.355
9.148662,249.354,59.168,0.348
9.160272,248.817,59.131,0.344
9.171882,248.369,59.100,0.347
9.183492,247.696,59.053,0.349
9.195102,247.109,59.012,0.344
9.206712,246.836,58.993,0.335
9.218322,246.594,58.976,0.323
9.229932,246.618,58.977,0.313
9.241542,246.599,58.976,0.305
9.253152,246.738,58.986,0.304
9.264762,247.179,59.017,0.303
9.276372,247.776,59.058,0.297
9.287982,248.150,59.085,0.274
9.299592,248.300,59.095,0.247
9.311202,248.368,59.100,0.233
9.322812,248.604,59.116,0.228
9.334422,248.655,59.120,0.220
9.346032,249.170,59.156,0.202
9.357642,249.612,59.186,0.181
9.369252,249.521,59.180,0.169
9.380862,249.445,59.175,0.190
9.392472,249.415,59.173,0.202
9.404082,249.554,59.182,0.201
9.415692,249.753,59.196,0.197
9.427302,249.773,59.197,0.192
9.438912,249.654,59.189,0.185
9.450522,249.759,59.196,0.170
9.462132,250.137,59.223,0.138
9.473741,250.536,59.250,0.093
9.485351,250.466,59.245,0.057
9.496961,250.024,59.215,0.039
9.508571,249.796,59.199,0.026
9.520181,249.588,59.185,0.012
9.531791,,,0.000
9.543401,,,0.000
9.555011,248.848,59.133,0.010
9.566621,248.606,59.116,0.012
9.578231,248.490,59.108,0.004
9.589841,,,0.000
9.601451,,,0.000
9.613061,248.390,59.101,0.009
9.624671,248.452,59.106,0.012
9.636281,,,0.000
9.647891,,,0.000
9.659501,,,0.000
9.671111,,,0.000
9.682721,,,0.000
9.694331,,,0.000
9.705941,,,0.000
9.717551,,,0.000
9.729161,,,0.000
9.740771,,,0.000
9.752381,,,0.000
9.763991,,,0.000
9.775601,,,0.000
9.787211,,,0.000
9.798821,,,0.000
9.810431,,,0.000
9.822041,,,0.000
9.833651,,,0.000
9.845261,,,0.000
9.856871,,,0.000
9.868481,,,0.000
9.880091,,,0.000
9.891701,,,0.000
9.903311,,,0.000
9.914921,,,0.000
9.926531,,,0.000
9.938141,,,0.000
9.949751,,,0.000
9.961361,,,0.000
9.972971,,,0.000
9.984580,,,0.000
9.996190,,,0.000
10.007800,,,0.000
10.019410,,,0.000
10.031020,,,0.000
10.042630,,,0.000
10.054240,,,0.000
10.065850,,,0.000
10.077460,,,0.000
10.089070,236.110,58.223,0.026
10.100680,91.244,41.764,0.068
10.112290,806.395,79.488,0.107
10.123900,798.002,79.307,0.132
10.135510,799.997,79.350,0.175
10.147120,799.446,79.338,0.201
10.158730,795.403,79.250,0.234
10.170340,798.686,79.322,0.253
10.181950,800.345,79.357,0.283
10.193560,797.718,79.301,0.308
10.205170,790.944,79.153,0.325
10.216780,783.445,78.988,0.352
10.228390,773.140,78.759,0.365
10.240000,767.553,78.633,0.384
10.251610,758.635,78.431,0.394
10.263220,754.754,78.342,0.410
10.274830,754.978,78.347,0.415
10.286440,751.793,78.274,0.418
10.298050,754.746,78.342,0.415
10.309660,752.529,78.291,0.400
10.321270,753.877,78.322,0.384
10.332880,755.794,78.366,0.358
10.344490,760.298,78.469,0.334
10.356100,752.486,78.290,0.330
10.367710,698.881,77.011,0.397
10.379320,681.829,76.583,0.437
10.390930,661.956,76.071,0.507
10.402540,638.149,75.437,0.545
10.414150,169.219,52.457,0.604
10.425760,176.880,53.223,0.657
10.437370,185.724,54.068,0.697
10.448980,193.678,54.794,0.722
10.460590,203.659,55.664,0.741
10.472200,213.263,56.462,0.763
10.483810,213.209,56.457,0.777
10.495420,214.676,56.576,0.794
10.507029,216.266,56.704,0.804
10.518639,216.824,56.748,0.811
10.530249,218.250,56.862,0.820
10.541859,219.190,56.936,0.828
10.553469,219.694,56.976,0.836
10.565079,220.007,57.001,0.840
10.576689,220.318,57.025,0.846
10.588299,220.560,57.044,0.848
10.599909,220.651,57.051,0.851
10.611519,220.810,57.064,0.853
10.623129,220.988,57.078,0.851
10.634739,221.354,57.106,0.854
10.646349,221.733,57.136,0.855
10.657959,222.154,57.169,0.857
10.669569,222.663,57.208,0.853
10.681179,222.920,57.228,0.845
10.692789,223.304,57.258,0.834
10.704399,223.911,57.305,0.818
10.716009,225.163,57.402,0.806
10.727619,228.768,57.677,0.809
10.739229,238.924,58.429,0.818
10.750839,248.698,59.123,0.824
10.762449,250.189,59.226,0.835
10.774059,249.795,59.199,0.849
10.785669,249.345,59.168,0.863
10.797279,248.587,59.115,0.875
10.808889,248.169,59.086,0.883
10.820499,247.218,59.019,0.881
10.832109,246.562,58.973,0.874
10.843719,246.544,58.972,0.866
10.855329,246.711,58.984,0.859
10.866939,248.626,59.118,0.856
10.878549,250.551,59.251,0.855
10.890159,252.079,59.356,0.852
10.901769,253.027,59.421,0.850
10.913379,251.593,59.323,0.847
10.924989,253.460,59.451,0.853
10.936599,253.440,59.450,0.858
10.948209,253.748,59.471,0.858
10.959819,254.758,59.539,0.852
10.971429,922.793,81.822,0.848
10.983039,915.674,81.688,0.847
10.994649,908.138,81.545,0.853
11.006259,907.709,81.537,0.860
11.017868,905.223,81.489,0.866
11.029478,894.880,81.290,0.876
11.041088,903.336,81.453,0.895
11.052698,901.278,81.414,0.907
11.064308,895.809,81.308,0.914
11.075918,235.965,58.213,0.916
11.087528,235.808,58.201,0.916
11.099138,248.881,59.135,0.916
11.110748,246.991,59.003,0.911
11.122358,247.286,59.024,0.904
11.133968,247.252,59.022,0.890
11.145578,247.609,59.047,0.881
11.157188,247.987,59.073,0.878
11.168798,248.094,59.081,0.875
11.180408,248.362,59.099,0.874
11.192018,248.959,59.141,0.872
11.203628,250.207,59.227,0.876
11.215238,254.460,59.519,0.877
11.226848,258.834,59.814,0.884
11.238458,274.682,60.843,0.892
11.250068,278.540,61.085,0.894
11.261678,279.316,61.133,0.899
11.273288,279.379,61.137,0.899
11.284898,280.093,61.181,0.896
11.296508,280.358,61.197,0.886
11.308118,280.812,61.225,0.879
11.319728,279.399,61.138,0.863
11.331338,275.757,60.911,0.844
11.342948,273.878,60.792,0.831
11.354558,273.543,60.771,0.820
11.366168,273.686,60.780,0.812
11.377778,276.835,60.978,0.809
11.389388,281.308,61.256,0.811
11.400998,282.460,61.327,0.808
11.412608,283.181,61.371,0.807
11.424218,283.626,61.398,0.803
11.435828,284.081,61.426,0.793
11.447438,284.012,61.421,0.781
11.459048,283.025,61.361,0.767
11.470658,281.448,61.264,0.748
11.482268,279.280,61.130,0.724
11.493878,277.153,60.998,0.702
11.505488,275.574,60.899,0.678
11.517098,274.538,60.834,0.656
11.528707,274.849,60.854,0.640
11.540317,275.846,60.916,0.621
11.551927,277.883,61.044,0.609
11.563537,278.948,61.110,0.597
11.575147,140.205,49.200,0.586
11.586757,140.523,49.240,0.576
11.598367,140.566,49.245,0.569
11.609977,279.226,61.127,0.567
11.621587,278.069,61.055,0.557
11.633197,277.933,61.047,0.540
11.644807,280.483,61.205,0.567
11.656417,328.505,63.941,0.667
11.668027,330.913,64.067,0.746
11.679637,331.941,64.121,0.797
11.691247,331.642,64.105,0.832
11.702857,331.010,64.072,0.858
11.714467,330.421,64.042,0.879
11.726077,330.028,64.021,0.895
11.737687,329.582,63.998,0.910
11.749297,329.026,63.968,0.916
11.760907,328.484,63.940,0.916
11.772517,328.079,63.918,0.914
11.784127,327.970,63.913,0.912
11.795737,328.068,63.918,0.911
11.807347,328.290,63.930,0.911
11.818957,328.761,63.954,0.914
11.830567,329.324,63.984,0.915
11.842177,329.863,64.012,0.915
11.853787,330.338,64.037,0.913
11.865397,330.688,64.056,0.913
11.877007,331.029,64.073,0.912
11.888617,331.335,64.089,0.911
11.900227,331.623,64.104,0.907
11.911837,331.785,64.113,0.888
11.923447,331.938,64.121,0.867
11.935057,332.071,64.128,0.842
11.946667,331.788,64.113,0.828
11.958277,332.061,64.127,0.828
11.969887,332.070,64.128,0.837
11.981497,331.577,64.102,0.849
11.993107,330.778,64.060,0.867
12.004717,330.394,64.040,0.895
12.016327,330.011,64.020,0.917
12.027937,329.714,64.005,0.934
12.039546,329.614,63.999,0.942
12.051156,329.318,63.984,0.943
12.062766,329.012,63.968,0.940
12.074376,328.965,63.965,0.934
12.085986,328.974,63.966,0.922
12.097596,328.906,63.962,0.902
12.109206,329.021,63.968,0.877
12.120816,329.329,63.984,0.847
12.132426,329.449,63.991,0.815
12.144036,329.782,64.008,0.778
12.155646,330.433,64.042,0.736
12.167256,333.878,64.222,0.690
12.178866,335.113,64.286,0.665
12.190476,107.662,44.628,0.699
12.202086,107.649,44.626,0.737
12.213696,107.612,44.620,0.763
12.225306,107.630,44.623,0.777
12.236916,107.619,44.621,0.781
12.248526,107.641,44.625,0.777
12.260136,420.754,68.226,0.787
12.271746,387.913,66.819,0.806
12.283356,415.822,68.022,0.827
12.294966,413.256,67.914,0.843
12.306576,416.063,68.032,0.857
12.318186,414.858,67.981,0.868
12.329796,413.580,67.928,0.882
12.341406,413.508,67.925,0.896
12.353016,414.151,67.952,0.903
12.364626,415.378,68.003,0.903
12.376236,416.176,68.036,0.898
12.387846,416.517,68.050,0.893
12.399456,417.928,68.109,0.894
12.411066,421.642,68.262,0.903
12.422676,426.280,68.452,0.912
12.434286,430.984,68.642,0.922
12.445896,434.911,68.799,0.929
12.457506,437.734,68.911,0.935
12.469116,439.758,68.990,0.941
12.480726,440.837,69.033,0.948
12.492336,441.198,69.047,0.951
12.503946,441.176,69.046,0.950
12.515556,440.760,69.030,0.949
12.527166,440.595,69.023,0.945
12.538776,440.065,69.003,0.943
12.550385,439.493,68.980,0.932
12.561995,438.842,68.954,0.916
12.573605,438.347,68.935,0.896
12.585215,437.139,68.887,0.881
12.596825,434.759,68.793,0.880
12.608435,430.160,68.608,0.882
12.620045,425.347,68.414,0.882
12.631655,421.141,68.242,0.879
12.643265,419.703,68.182,0.891
12.654875,419.031,68.155,0.906
12.666485,418.631,68.138,0.919
12.678095,417.601,68.095,0.924
12.689705,416.524,68.051,0.922
12.701315,415.754,68.019,0.916
12.712925,415.765,68.019,0.914
12.724535,415.865,68.023,0.912
12.736145,415.664,68.015,0.909
12.747755,415.653,68.015,0.908
12.759365,415.276,67.999,0.906
12.770975,415.306,68.000,0.903
12.782585,415.126,67.993,0.901
12.794195,415.080,67.991,0.899
12.805805,414.732,67.976,0.896
12.817415,414.050,67.948,0.892
12.829025,413.077,67.907,0.890
12.840635,410.043,67.779,0.887
12.852245,407.642,67.678,0.878
12.863855,405.975,67.607,0.864
12.875465,401.578,67.418,0.858
12.887075,393.273,67.056,0.858
12.898685,379.531,66.441,0.860
12.910295,350.077,65.042,0.865
12.921905,340.042,64.539,0.869
12.933515,336.499,64.357,0.874
12.945125,334.848,64.272,0.887
12.956735,333.904,64.223,0.901
12.968345,332.905,64.171,0.906
12.979955,331.522,64.099,0.908
12.991565,330.575,64.050,0.909
13.003175,329.790,64.009,0.910
13.014785,329.303,63.983,0.912
13.026395,328.761,63.954,0.913
13.038005,328.373,63.934,0.915
13.049615,328.193,63.924,0.918
13.061224,328.309,63.931,0.920
13.072834,328.619,63.947,0.921
13.084444,328.997,63.967,0.919
13.096054,329.159,63.975,0.911
13.107664,329.377,63.987,0.895
13.119274,329.778,64.008,0.874
13.130884,330.279,64.034,0.849
13.142494,330.327,64.037,0.815
13.154104,330.512,64.046,0.779
13.165714,329.173,63.976,0.724
13.177324,320.048,63.489,0.655
13.188934,347.245,64.901,0.606
13.200544,279.003,61.113,0.681
13.212154,279.563,61.148,0.763
13.223764,278.956,61.110,0.817
13.235374,278.093,61.057,0.856
13.246984,277.422,61.015,0.878
13.258594,276.994,60.988,0.897
13.270204,276.884,60.981,0.911
13.281814,277.044,60.991,0.924
13.293424,277.157,60.998,0.928
13.305034,277.166,60.999,0.924
13.316644,277.370,61.012,0.915
13.328254,277.800,61.038,0.897
13.339864,278.386,61.075,0.878
13.351474,279.003,61.113,0.858
13.363084,279.500,61.144,0.837
13.374694,279.823,61.164,0.812
13.386304,279.759,61.160,0.782
13.397914,279.294,61.131,0.749
13.409524,277.587,61.025,0.716
13.421134,277.154,60.998,0.717
13.432744,276.625,60.965,0.728
13.444354,276.387,60.950,0.733
13.455964,276.222,60.940,0.741
13.467574,275.984,60.925,0.743
13.479184,276.369,60.949,0.746
13.490794,276.733,60.972,0.746
13.502404,281.753,61.283,0.759
13.514014,307.859,62.817,0.787
13.525624,319.129,63.440,0.811
13.537234,324.806,63.745,0.833
13.548844,327.816,63.905,0.853
13.560454,329.584,63.998,0.869
13.572063,330.807,64.062,0.885
13.583673,331.287,64.087,0.902
13.595283,331.418,64.094,0.913
13.606893,331.654,64.106,0.916
13.618503,331.694,64.108,0.915
13.630113,331.670,64.107,0.913
13.641723,332.256,64.138,0.911
13.653333,333.755,64.215,0.913
13.664943,336.470,64.356,0.912
13.676553,341.309,64.603,0.906
13.688163,347.138,64.896,0.901
13.699773,353.271,65.199,0.899
13.711383,359.476,65.501,0.902
13.722993,364.072,65.721,0.903
13.734603,366.962,65.858,0.902
13.746213,368.877,65.948,0.897
13.757823,369.553,65.979,0.893
13.769433,369.287,65.967,0.888
13.781043,368.229,65.917,0.883
13.792653,366.865,65.853,0.876
13.804263,365.346,65.781,0.867
13.815873,364.503,65.741,0.859
13.827483,364.745,65.753,0.854
13.839093,365.910,65.808,0.850
13.850703,367.511,65.883,0.846
13.862313,368.850,65.946,0.842
13.873923,370.206,66.010,0.839
13.885533,370.815,66.038,0.840
13.897143,370.954,66.045,0.840
13.908753,370.630,66.030,0.840
13.920363,369.994,66.000,0.836
13.931973,368.832,65.946,0.828
13.943583,367.572,65.886,0.816
13.955193,366.425,65.832,0.805
13.966803,365.128,65.771,0.789
13.978413,364.364,65.735,0.766
13.990023,363.948,65.715,0.740
14.001633,365.240,65.776,0.718
14.013243,368.780,65.943,0.705
14.024853,372.360,66.110,0.697
14.036463,374.668,66.217,0.702
14.048073,375.225,66.243,0.710
14.059683,375.616,66.261,0.713
14.071293,375.410,66.252,0.716
14.082902,374.741,66.221,0.718
14.094512,373.790,66.177,0.711
14.106122,372.232,66.104,0.699
14.117732,370.604,66.028,0.683
14.129342,368.344,65.923,0.655
14.140952,366.317,65.827,0.633
14.152562,364.940,65.762,0.610
14.164172,364.448,65.739,0.590
14.175782,365.985,65.811,0.576
14.187392,369.365,65.971,0.574
14.199002,372.413,66.113,0.574
14.210612,374.238,66.197,0.573
14.222222,375.240,66.244,0.574
14.233832,375.605,66.261,0.571
14.245442,375.284,66.246,0.568
14.257052,374.918,66.229,0.559
14.268662,373.879,66.181,0.542
14.280272,373.139,66.147,0.504
14.291882,371.690,66.079,0.455
14.303492,369.804,65.991,0.419
14.315102,367.744,65.894,0.389
14.326712,366.925,65.856,0.364
14.338322,372.046,66.096,0.383
14.349932,372.990,66.140,0.401
14.361542,374.470,66.208,0.408
14.373152,374.220,66.197,0.410
14.384762,373.805,66.177,0.426
14.396372,374.074,66.190,0.430
14.407982,374.389,66.204,0.426
14.419592,374.611,66.215,0.420
14.431202,373.200,66.149,0.395
14.442812,372.961,66.138,0.371
14.454422,371.089,66.051,0.330
14.466032,371.959,66.092,0.298
14.477642,371.910,66.089,0.226
14.489252,370.405,66.019,0.176
14.500862,369.461,65.975,0.146
14.512472,370.911,66.043,0.142
14.524082,371.792,66.084,0.155
14.535692,372.282,66.107,0.167
14.547302,371.714,66.080,0.172
14.558912,370.924,66.043,0.169
14.570522,370.159,66.008,0.165
14.582132,369.795,65.991,0.174
14.593741,367.646,65.890,0.190
14.605351,365.401,65.784,0.199
14.616961,359.788,65.516,0.234
14.628571,357.503,65.405,0.274
14.640181,451.496,69.447,0.325
14.651791,456.010,69.619,0.381
14.663401,457.559,69.677,0.427
14.675011,936.452,82.076,0.475
14.686621,934.747,82.045,0.515
14.698231,462.095,69.848,0.538
14.709841,465.626,69.980,0.556
14.721451,191.823,54.627,0.572
14.733061,191.576,54.605,0.586
14.744671,104.989,44.193,0.591
14.756281,105.011,44.196,0.596
14.767891,472.442,70.232,0.591
14.779501,176.210,53.158,0.581
14.791111,109.087,44.856,0.573
14.802721,109.169,44.869,0.560
14.814331,108.995,44.841,0.540
14.825941,241.590,58.621,0.511
14.837551,242.476,58.684,0.481
14.849161,458.849,69.726,0.438
14.860771,456.923,69.653,0.393
14.872381,124.722,47.175,0.339
14.883991,159.753,51.460,0.369
14.895601,159.525,51.435,0.434
14.907211,159.733,51.458,0.504
14.918821,160.458,51.536,0.552
14.930431,160.348,51.524,0.565
14.942041,160.336,51.523,0.575
14.953651,160.108,51.499,0.603
14.965261,160.876,51.581,0.651
14.976871,160.750,51.568,0.687
14.988481,179.582,53.486,0.717
15.000091,685.778,76.683,0.734
15.011701,818.270,79.741,0.743
15.023311,218.073,56.848,0.757
15.034921,235.541,58.182,0.788
15.046531,242.781,58.706,0.815
15.058141,249.772,59.197,0.837
15.069751,249.767,59.197,0.863
15.081361,248.640,59.119,0.883
15.092971,247.017,59.005,0.899
15.104580,246.448,58.965,0.914
15.116190,246.342,58.958,0.926
15.127800,246.606,58.976,0.932
15.139410,246.743,58.986,0.934
15.151020,246.352,58.959,0.927
15.162630,245.883,58.926,0.908
15.174240,245.593,58.905,0.884
15.185850,245.577,58.904,0.859
15.197460,245.657,58.910,0.830
15.209070,247.019,59.005,0.804
15.220680,251.028,59.284,0.782
15.232290,275.085,60.868,0.776
15.243900,279.722,61.158,0.788
15.255510,279.958,61.172,0.811
15.267120,279.566,61.148,0.827
15.278730,279.189,61.125,0.837
15.290340,278.974,61.112,0.841
15.301950,279.230,61.127,0.840
15.313560,279.212,61.126,0.833
15.325170,278.369,61.074,0.816
15.336780,276.515,60.958,0.797
15.348390,275.427,60.890,0.782
15.360000,275.233,60.878,0.775
15.371610,277.747,61.035,0.773
15.383220,279.862,61.167,0.780
15.394830,280.672,61.217,0.785
15.406440,280.625,61.214,0.791
15.418050,280.433,61.202,0.796
15.429660,279.847,61.166,0.802
15.441270,278.877,61.106,0.808
15.452880,277.877,61.043,0.811
15.464490,276.769,60.974,0.815
15.476100,275.706,60.908,0.813
15.487710,275.986,60.925,0.818
15.499320,278.281,61.068,0.829
15.510930,278.920,61.108,0.839
15.522540,279.111,61.120,0.850
15.534150,279.178,61.124,0.863
15.545760,279.085,61.118,0.875
15.557370,278.741,61.097,0.885
15.568980,278.418,61.077,0.893
15.580590,278.083,61.056,0.895
15.592200,277.614,61.027,0.892
15.603810,277.758,61.036,0.891
15.615420,278.059,61.055,0.888
15.627029,279.782,61.162,0.891
15.638639,286.478,61.571,0.894
15.650249,290.186,61.794,0.898
15.661859,291.526,61.873,0.904
15.673469,292.416,61.926,0.909
15.685079,292.874,61.953,0.916
15.696689,293.328,61.980,0.918
15.708299,293.446,61.987,0.921
15.719909,293.487,61.990,0.914
15.731519,293.510,61.991,0.906
15.743129,293.450,61.987,0.891
15.754739,293.514,61.991,0.875
15.766349,293.630,61.998,0.858
15.777959,293.977,62.018,0.836
15.789569,294.248,62.034,0.816
15.801179,294.587,62.054,0.790
15.812789,295.290,62.096,0.764
15.824399,294.604,62.055,0.744
15.836009,291.773,61.888,0.738
15.847619,301.067,62.431,0.744
15.859229,300.658,62.407,0.748
15.870839,282.560,61.333,0.754
15.882449,301.592,62.461,0.763
15.894059,512.684,71.647,0.770
15.905669,512.658,71.646,0.773
15.917279,513.139,71.662,0.766
15.928889,115.576,45.856,0.758
15.940499,280.701,61.218,0.766
15.952109,279.438,61.140,0.779
15.963719,279.047,61.116,0.789
15.975329,278.701,61.095,0.802
15.986939,278.869,61.105,0.816
15.998549,278.424,61.077,0.826
16.010159,278.177,61.062,0.833
16.021769,278.192,61.063,0.830
16.033379,278.228,61.065,0.817
16.044989,278.022,61.052,0.798
16.056599,277.698,61.032,0.780
16.068209,276.085,60.931,0.750
16.079819,274.533,60.834,0.719
16.091429,272.358,60.696,0.696
16.103039,254.100,59.495,0.710
16.114649,228.887,57.686,0.749
16.126259,791.272,79.160,0.776
16.137868,788.381,79.097,0.793
16.149478,789.082,79.112,0.805
16.161088,788.349,79.096,0.818
16.172698,943.423,82.205,0.830
16.184308,938.673,82.117,0.839
16.195918,458.741,69.722,0.838
16.207528,457.613,69.679,0.832
16.219138,457.369,69.670,0.824
16.230748,457.059,69.659,0.813
16.242358,918.182,81.735,0.806
16.253968,272.012,60.674,0.806
16.265578,273.758,60.785,0.805
16.277188,282.519,61.330,0.807
16.288798,280.427,61.201,0.811
16.300408,279.767,61.161,0.816
16.312018,279.310,61.132,0.824
16.323628,278.688,61.094,0.832
16.335238,278.310,61.070,0.835
16.346848,277.895,61.044,0.830
16.358458,277.432,61.016,0.823
16.370068,276.980,60.987,0.814
16.381678,276.968,60.987,0.809
16.393288,277.119,60.996,0.805
16.404898,296.082,62.142,0.818
16.416508,296.995,62.195,0.831
16.428118,297.499,62.225,0.851
16.439728,297.532,62.227,0.864
16.451338,297.126,62.203,0.875
16.462948,296.570,62.170,0.881
16.474558,296.557,62.170,0.883
16.486168,296.229,62.150,0.882
16.497778,295.389,62.101,0.871
16.509388,294.131,62.027,0.861
16.520998,292.192,61.913,0.846
16.532608,291.386,61.865,0.835
16.544218,291.753,61.887,0.833
16.555828,293.536,61.992,0.836
16.567438,295.179,62.089,0.848
16.579048,296.421,62.162,0.857
16.590658,296.682,62.177,0.867
16.602268,296.746,62.181,0.871
16.613878,296.791,62.183,0.873
16.625488,296.442,62.163,0.876
16.637098,295.706,62.120,0.870
16.648707,294.716,62.062,0.862
16.660317,293.600,61.996,0.851
16.671927,292.377,61.924,0.840
16.683537,291.641,61.880,0.832
16.695147,291.827,61.891,0.831
16.706757,292.642,61.940,0.834
16.718367,293.615,61.997,0.838
16.729977,294.243,62.034,0.842
16.741587,294.548,62.052,0.847
16.753197,294.588,62.054,0.851
16.764807,294.548,62.052,0.856
16.776417,294.503,62.049,0.856
16.788027,294.304,62.038,0.857
16.799637,294.232,62.033,0.859
16.811247,294.058,62.023,0.857
16.822857,293.906,62.014,0.846
16.834467,293.993,62.019,0.834
16.846077,294.938,62.075,0.849
16.857687,339.493,64.511,0.868
16.869297,392.725,67.032,0.884
16.880907,394.605,67.115,0.899
16.892517,394.160,67.095,0.905
16.904127,393.888,67.083,0.911
16.915737,393.546,67.068,0.923
16.927347,393.215,67.054,0.932
16.938957,393.769,67.078,0.929
16.950567,394.564,67.113,0.919
16.962177,394.889,67.127,0.913
16.973787,395.254,67.143,0.905
16.985397,396.424,67.194,0.905
16.997007,399.505,67.329,0.908
17.008617,406.139,67.614,0.915
17.020227,415.413,68.005,0.920
17.031837,424.359,68.373,0.929
17.043447,431.054,68.644,0.936
17.055057,436.296,68.854,0.939
17.066667,439.126,68.966,0.942
17.078277,440.888,69.035,0.942
17.089887,441.426,69.056,0.942
17.101497,440.709,69.028,0.938
17.113107,440.047,69.002,0.936
17.124717,439.320,68.973,0.933
17.136327,438.984,68.960,0.930
17.147937,438.712,68.949,0.929
17.159546,438.968,68.959,0.927
17.171156,439.479,68.979,0.927
17.182766,439.860,68.994,0.920
17.194376,439.961,68.998,0.905
17.205986,440.308,69.012,0.886
17.217596,441.012,69.040,0.861
17.229206,441.754,69.069,0.833
17.240816,442.514,69.099,0.794
17.252426,442.936,69.115,0.746
17.264036,442.793,69.110,0.651
17.275646,443.208,69.126,0.515
17.287256,445.535,69.216,0.411
17.298866,444.379,69.171,0.396
17.310476,443.166,69.124,0.372
17.322086,437.833,68.915,0.357
17.333696,437.475,68.900,0.339
17.345306,433.428,68.739,0.337
17.356916,438.871,68.956,0.318
17.368526,438.711,68.949,0.323
17.380136,439.107,68.965,0.331
17.391746,439.055,68.963,0.336
17.403356,437.096,68.885,0.364
17.414966,146.936,50.012,0.447
17.426576,145.611,49.855,0.518
17.438186,142.956,49.537,0.569
17.449796,141.394,49.347,0.631
17.461406,266.186,60.299,0.716
17.473016,266.989,60.351,0.780
17.484626,269.747,60.529,0.829
17.496236,271.751,60.657,0.864
17.507846,271.765,60.658,0.892
17.519456,271.621,60.649,0.909
17.531066,272.113,60.680,0.920
17.542676,272.718,60.719,0.928
17.554286,273.895,60.793,0.929
17.565896,275.136,60.872,0.929
17.577506,276.466,60.955,0.926
17.589116,280.726,61.220,0.926
17.600726,289.253,61.738,0.926
17.612336,291.769,61.888,0.931
17.623946,293.430,61.986,0.940
17.635556,294.031,62.022,0.946
17.647166,294.245,62.034,0.952
17.658776,294.439,62.046,0.954
17.670385,294.443,62.046,0.956
17.681995,294.401,62.043,0.954
17.693605,294.245,62.034,0.950
17.705215,293.868,62.012,0.945
17.716825,293.321,61.980,0.927
17.728435,293.061,61.964,0.911
17.740045,293.085,61.966,0.888
17.751655,293.201,61.973,0.870
17.763265,293.104,61.967,0.846
17.774875,292.038,61.904,0.826
17.786485,288.409,61.687,0.804
17.798095,279.453,61.141,0.777
17.809705,279.366,61.136,0.789
17.821315,279.273,61.130,0.795
17.832925,279.472,61.142,0.800
17.844535,279.783,61.162,0.798
17.856145,279.563,61.148,0.793
17.867755,279.000,61.113,0.786
17.879365,278.366,61.074,0.778
17.890975,277.750,61.035,0.776
17.902585,275.872,60.918,0.771
17.914195,273.400,60.762,0.772
17.925805,269.285,60.500,0.775
17.937415,265.096,60.228,0.775
17.949025,258.118,59.766,0.780
17.960635,246.424,58.964,0.785
17.972245,231.158,57.857,0.788
17.983855,224.472,57.348,0.783
17.995465,221.617,57.127,0.778
18.007075,220.270,57.021,0.767
18.018685,219.739,56.979,0.750
18.030295,219.805,56.985,0.733
18.041905,220.186,57.015,0.709
18.053515,220.580,57.046,0.677
18.065125,220.697,57.055,0.635
18.076735,220.143,57.011,0.633
18.088345,221.516,57.119,0.718
18.099955,222.858,57.223,0.786
18.111565,222.609,57.204,0.826
18.123175,222.689,57.210,0.852
18.134785,222.512,57.197,0.868
18.146395,222.178,57.171,0.877
18.158005,221.879,57.147,0.885
18.169615,221.786,57.140,0.888
18.181224,221.421,57.111,0.873
18.192834,221.084,57.085,0.852
18.204444,220.873,57.069,0.831
18.216054,220.895,57.070,0.825
18.227664,229.050,57.698,0.828
18.239274,238.215,58.377,0.842
18.250884,243.531,58.759,0.852
18.262494,246.479,58.968,0.862
18.274104,247.696,59.053,0.872
18.285714,248.024,59.076,0.878
18.297324,247.937,59.070,0.886
18.308934,247.985,59.073,0.886
18.320544,247.421,59.034,0.884
18.332154,246.611,58.977,0.878
18.343764,245.638,58.908,0.878
18.355374,245.079,58.869,0.876
18.366984,244.756,58.846,0.871
18.378594,244.710,58.843,0.872
18.390204,244.868,58.854,0.869
18.401814,245.491,58.898,0.873
18.413424,246.308,58.956,0.877
18.425034,246.927,58.999,0.883
18.436644,247.234,59.020,0.883
18.448254,247.430,59.034,0.882
18.459864,247.520,59.041,0.883
18.471474,247.774,59.058,0.884
18.483084,248.052,59.078,0.887
18.494694,248.324,59.097,0.885
18.506304,248.354,59.099,0.882
18.517914,248.385,59.101,0.878
18.529524,248.347,59.098,0.876
18.541134,248.125,59.083,0.875
18.552744,247.878,59.065,0.869
18.564354,247.481,59.038,0.858
18.575964,246.681,58.982,0.844
18.587574,245.403,58.892,0.829
18.599184,244.739,58.845,0.814
18.610794,244.441,58.824,0.801
18.622404,244.633,58.837,0.793
18.634014,247.296,59.025,0.793
18.645624,250.348,59.237,0.803
18.657234,252.001,59.351,0.816
18.668844,252.470,59.383,0.827
18.680454,252.334,59.374,0.834
18.692063,252.048,59.354,0.838
18.703673,252.014,59.352,0.833
18.715283,251.798,59.337,0.822
18.726893,251.219,59.297,0.805
18.738503,249.992,59.213,0.782
18.750113,247.995,59.074,0.753
18.761723,245.412,58.892,0.717
18.773333,243.506,58.757,0.684
18.784943,243.310,58.744,0.661
18.796553,246.830,58.992,0.671
18.808163,249.440,59.174,0.697
18.819773,250.795,59.268,0.721
18.831383,251.528,59.319,0.739
18.842993,251.916,59.345,0.751
18.854603,251.761,59.335,0.759
18.866213,251.699,59.330,0.761
18.877823,251.802,59.337,0.755
18.889433,251.898,59.344,0.744
18.901043,251.479,59.315,0.723
18.912653,250.516,59.249,0.696
18.924263,249.186,59.157,0.663
18.935873,245.814,58.921,0.633
18.947483,243.179,58.734,0.605
18.959093,243.331,58.745,0.593
18.970703,246.152,58.945,0.601
18.982313,249.318,59.166,0.617
18.993923,250.559,59.252,0.631
19.005533,250.999,59.282,0.645
19.017143,251.135,59.291,0.656
19.028753,251.154,59.293,0.660
19.040363,251.082,59.288,0.658
19.051973,250.941,59.278,0.654
19.063583,250.761,59.266,0.644
19.075193,250.329,59.236,0.624
19.086803,249.445,59.175,0.602
19.098413,247.839,59.063,0.573
19.110023,245.969,58.932,0.543
19.121633,244.518,58.829,0.518
19.133243,245.438,58.894,0.505
19.144853,247.326,59.027,0.498
19.156463,248.025,59.076,0.493
19.168073,248.611,59.117,0.487
19.179683,248.719,59.124,0.477
19.191293,248.714,59.124,0.469
19.202902,248.733,59.125,0.460
19.214512,248.820,59.131,0.448
19.226122,249.132,59.153,0.426
19.237732,248.952,59.140,0.388
19.249342,248.942,59.140,0.345
19.260952,248.476,59.107,0.310
19.272562,249.501,59.179,0.293
19.284172,250.862,59.273,0.274
19.295782,249.955,59.210,0.257
19.307392,250.118,59.221,0.249
19.319002,250.307,59.234,0.240
19.330612,250.470,59.246,0.229
19.342222,250.210,59.228,0.209
19.353832,249.964,59.211,0.183
19.365442,249.957,59.210,0.152
19.377052,249.962,59.210,0.120
19.388662,249.803,59.199,0.100
19.400272,250.020,59.214,0.094
19.411882,250.002,59.213,0.089
19.423492,250.108,59.221,0.078
19.435102,250.132,59.222,0.073
19.446712,250.450,59.244,0.059
19.458322,250.137,59.223,0.046
19.469932,250.002,59.213,0.034
19.481542,249.706,59.193,0.016
19.493152,,,0.000
19.504762,,,0.000
19.516372,,,0.000
19.527982,,,0.000
19.539592,,,0.000
19.551202,,,0.000
19.562812,,,0.000
19.574422,,,0.000
19.586032,,,0.000
19.597642,250.178,59.225,0.002
19.609252,250.197,59.227,0.011
19.620862,249.799,59.199,0.023
19.632472,248.885,59.136,0.037
19.644082,248.478,59.107,0.045
19.655692,248.304,59.095,0.052
19.667302,248.208,59.089,0.053
19.678912,248.236,59.091,0.046
19.690522,248.217,59.089,0.030
19.702132,248.385,59.101,0.007
19.713741,,,0.000
19.725351,,,0.000
19.736961,,,0.000
19.748571,,,0.000
19.760181,,,0.000
19.771791,,,0.000
19.783401,,,0.000
19.795011,,,0.000
19.806621,,,0.000
19.818231,,,0.000
19.829841,,,0.000
19.841451,,,0.000
19.853061,,,0.000
19.864671,,,0.000
19.876281,,,0.000
19.887891,,,0.000
19.899501,,,0.000
19.911111,,,0.000
19.922721,,,0.000
19.934331,,,0.000
19.945941,,,0.000
19.957551,,,0.000
19.969161,,,0.000
19.980771,,,0.000
19.992381,,,0.000
20.003991,744.697,78.110,0.009
20.015601,280.431,61.202,0.032
20.027211,280.548,61.209,0.043
20.038821,279.674,61.155,0.058
20.050431,279.206,61.126,0.067
20.062041,749.525,78.222,0.077
20.073651,741.735,78.041,0.092
20.085261,745.829,78.136,0.104
20.096871,742.143,78.050,0.117
20.108481,734.606,77.874,0.129
20.120091,737.435,77.940,0.146
20.131701,734.011,77.860,0.160
20.143311,742.013,78.047,0.180
20.154921,750.039,78.234,0.199
20.166531,757.633,78.408,0.214
20.178141,754.545,78.337,0.232
20.189751,118.713,46.320,0.247
20.201361,558.175,73.119,0.266
20.212971,409.045,67.737,0.281
20.224580,555.518,73.036,0.296
20.236190,86.852,40.910,0.307
20.247800,86.743,40.888,0.323
20.259410,561.115,73.210,0.337
20.271020,561.249,73.214,0.341
20.282630,560.972,73.205,0.345
20.294240,561.560,73.223,0.343
20.305850,778.263,78.873,0.336
20.317460,776.384,78.831,0.325
20.329070,771.069,78.712,0.312
20.340680,774.198,78.782,0.285
20.352290,118.259,46.253,0.246
20.363900,293.424,61.986,0.332
20.375510,237.521,58.327,0.546
20.387120,503.574,71.336,0.658
20.398730,557.493,73.097,0.723
20.410340,556.290,73.060,0.755
20.421950,1002.273,83.252,0.775
20.433560,1002.273,83.252,0.798
20.445170,1002.273,83.252,0.813
20.456780,1002.273,83.252,0.827
20.468390,1002.273,83.252,0.834
20.480000,1002.273,83.252,0.831
20.491610,1002.273,83.252,0.823
20.503220,282.641,61.338,0.811
20.514830,220.146,57.012,0.813
20.526440,219.741,56.980,0.830
20.538050,228.230,57.636,0.855
20.549660,242.344,58.675,0.878
20.561270,244.834,58.852,0.891
20.572880,246.132,58.943,0.902
20.584490,248.518,59.110,0.911
20.596100,248.217,59.089,0.922
20.607710,248.362,59.099,0.930
20.619320,249.239,59.160,0.931
20.630930,250.571,59.253,0.929
20.642540,251.779,59.336,0.926
20.654150,254.076,59.493,0.929
20.665760,258.916,59.820,0.932
20.677370,271.714,60.655,0.937
20.688980,277.116,60.996,0.943
20.700590,277.847,61.041,0.945
20.712200,278.292,61.069,0.943
20.723810,278.891,61.106,0.936
20.735420,279.456,61.141,0.919
20.747029,279.685,61.156,0.897
20.758639,279.477,61.143,0.870
20.770249,278.657,61.092,0.835
20.781859,277.541,61.022,0.786
20.793469,276.242,60.941,0.717
20.805079,274.883,60.856,0.642
20.816689,262.751,60.074,0.639
20.828299,262.280,60.043,0.692
20.839909,202.436,55.560,0.717
20.851519,310.146,62.945,0.780
20.863129,330.871,64.065,0.826
20.874739,331.742,64.111,0.858
20.886349,333.317,64.193,0.890
20.897959,333.732,64.214,0.911
20.909569,333.125,64.183,0.922
20.921179,332.664,64.159,0.931
20.932789,331.756,64.111,0.942
20.944399,331.103,64.077,0.939
20.956009,330.769,64.060,0.933
20.967619,329.737,64.006,0.929
20.979229,328.917,63.963,0.924
20.990839,328.713,63.952,0.922
21.002449,329.527,63.995,0.924
21.014059,331.089,64.077,0.925
21.025669,332.746,64.163,0.919
21.037279,334.067,64.232,0.907
21.048889,335.212,64.291,0.894
21.060499,336.407,64.352,0.878
21.072109,337.343,64.401,0.855
21.083719,337.512,64.409,0.829
21.095329,335.228,64.292,0.804
21.106939,338.714,64.471,0.783
21.118549,123.109,46.949,0.781
21.130159,123.149,46.955,0.804
21.141769,113.052,45.474,0.826
21.153379,113.086,45.479,0.842
21.164989,113.084,45.479,0.853
21.176599,350.151,65.046,0.886
21.188209,372.331,66.109,0.904
21.199819,372.845,66.133,0.911
21.211429,374.242,66.198,0.917
21.223039,372.724,66.127,0.924
21.234649,371.386,66.065,0.931
21.246259,370.009,66.001,0.938
21.257868,369.778,65.990,0.945
21.269478,370.502,66.024,0.937
21.281088,370.698,66.033,0.927
21.292698,371.758,66.082,0.928
21.304308,373.299,66.154,0.929
21.315918,377.130,66.331,0.931
21.327528,390.004,66.912,0.934
21.339138,403.119,67.484,0.939
21.350748,408.092,67.697,0.940
21.362358,411.100,67.824,0.943
21.373968,412.659,67.889,0.944
21.385578,413.757,67.935,0.945
21.397188,414.618,67.971,0.944
21.408798,415.153,67.994,0.940
21.420408,414.796,67.979,0.936
21.432018,414.170,67.953,0.931
21.443628,413.728,67.934,0.929
21.455238,413.879,67.940,0.925
21.466848,414.267,67.957,0.925
21.478458,414.942,67.985,0.921
21.490068,415.539,68.010,0.920
21.501678,416.068,68.032,0.920
21.513288,416.395,68.045,0.919
21.524898,416.509,68.050,0.920
21.536508,416.468,68.048,0.921
21.548118,416.140,68.035,0.923
21.559728,415.835,68.022,0.922
21.571338,415.437,68.006,0.925
21.582948,415.093,67.991,0.927
21.594558,414.942,67.985,0.928
21.606168,414.894,67.983,0.928
21.617778,414.971,67.986,0.930
21.629388,415.157,67.994,0.932
21.640998,415.341,68.002,0.934
21.652608,415.543,68.010,0.936
21.664218,415.792,68.020,0.937
21.675828,415.830,68.022,0.936
21.687438,415.915,68.025,0.935
21.699048,415.989,68.029,0.938
21.710658,416.151,68.035,0.937
21.722268,416.244,68.039,0.935
21.733878,416.285,68.041,0.933
21.745488,416.076,68.032,0.932
21.757098,416.093,68.033,0.931
21.768707,416.161,68.036,0.932
21.780317,416.304,68.042,0.934
21.791927,416.433,68.047,0.932
21.803537,416.604,68.054,0.931
21.815147,416.658,68.056,0.928
21.826757,416.833,68.064,0.928
21.838367,417.075,68.074,0.925
21.849977,417.177,68.078,0.921
21.861587,417.111,68.075,0.912
21.873197,416.960,68.069,0.899
21.884807,416.808,68.063,0.884
21.896417,416.583,68.053,0.869
21.908027,416.261,68.040,0.851
21.919637,415.701,68.017,0.831
21.931247,414.506,67.967,0.811
21.942857,413.110,67.908,0.788
21.954467,414.293,67.958,0.775
21.966077,416.044,68.031,0.779
21.977687,416.553,68.052,0.779
21.989297,417.026,68.072,0.781
22.000907,416.921,68.067,0.785
22.012517,416.369,68.044,0.788
22.024127,415.844,68.022,0.791
22.035737,415.489,68.008,0.792
22.047347,419.240,68.163,0.824
22.058957,417.970,68.111,0.843
22.070567,416.705,68.058,0.868
22.082177,415.994,68.029,0.887
22.093787,415.581,68.012,0.909
22.105397,415.566,68.011,0.928
22.117007,415.594,68.012,0.943
22.128617,415.429,68.005,0.960
22.140227,415.156,67.994,0.963
22.151837,415.140,67.993,0.968
22.163447,415.280,67.999,0.969
22.175057,415.540,68.010,0.971
22.186667,415.850,68.023,0.971
22.198277,416.434,68.047,0.971
22.209887,417.630,68.097,0.970
22.221497,419.594,68.178,0.967
22.233107,422.529,68.299,0.969
22.244717,426.449,68.458,0.973
22.256327,431.304,68.654,0.977
22.267937,435.677,68.829,0.984
22.279546,439.363,68.975,0.990
22.291156,441.277,69.050,0.995
22.302766,442.165,69.085,0.997
22.314376,442.001,69.079,1.000
22.325986,441.161,69.046,0.997
22.337596,439.744,68.990,0.990
22.349206,438.078,68.924,0.985
22.360816,437.112,68.886,0.978
22.372426,437.122,68.886,0.973
22.384036,438.693,68.949,0.969
22.395646,440.907,69.036,0.971
22.407256,443.382,69.133,0.970
22.418866,445.000,69.196,0.976
22.430476,445.458,69.213,0.980
22.442086,445.502,69.215,0.980
22.453696,444.651,69.182,0.979
22.465306,443.236,69.127,0.977
22.476916,441.383,69.054,0.969
22.488526,438.960,68.959,0.955
22.500136,437.030,68.883,0.945
22.511746,435.556,68.824,0.934
22.523356,435.417,68.819,0.931
22.534966,436.488,68.861,0.931
22.546576,438.834,68.954,0.936
22.558186,441.587,69.062,0.943
22.569796,443.614,69.142,0.951
22.581406,444.944,69.193,0.961
22.593016,445.377,69.210,0.968
22.604626,444.943,69.193,0.971
22.616236,444.221,69.165,0.968
22.627846,443.069,69.120,0.963
22.639456,441.384,69.054,0.952
22.651066,439.450,68.978,0.937
22.662676,438.019,68.922,0.928
22.674286,437.911,68.918,0.923
22.685896,439.063,68.963,0.921
22.697506,441.427,69.056,0.925
22.709116,443.633,69.142,0.929
22.720726,444.891,69.191,0.934
22.732336,445.276,69.206,0.942
22.743946,444.947,69.194,0.948
22.755556,444.274,69.167,0.947
22.767166,442.779,69.109,0.942
22.778776,440.838,69.033,0.933
22.790385,438.051,68.923,0.925
22.801995,435.163,68.809,0.922
22.813605,433.311,68.735,0.919
22.825215,433.363,68.737,0.918
22.836825,434.764,68.793,0.921
22.848435,437.895,68.917,0.929
22.860045,440.186,69.007,0.929
22.871655,442.829,69.111,0.935
22.883265,444.409,69.173,0.946
22.894875,443.671,69.144,0.951
22.906485,451.490,69.446,0.959
22.918095,452.771,69.495,0.959
22.929705,456.041,69.620,0.954
22.941315,460.495,69.788,0.945
22.952925,1002.273,83.252,0.938
22.964535,1002.273,83.252,0.924
22.976145,460.246,69.779,0.896
22.987755,461.119,69.812,0.864
22.999365,458.738,69.722,0.810
23.010975,461.982,69.844,0.749
23.022585,462.380,69.859,0.686
23.034195,453.795,69.534,0.594
23.045805,449.532,69.371,0.565
23.057415,452.576,69.488,0.556
23.069025,452.248,69.475,0.577
23.080635,454.118,69.547,0.596
23.092245,455.973,69.617,0.614
23.103855,456.533,69.639,0.619
23.115465,456.907,69.653,0.618
23.127075,458.294,69.705,0.610
23.138685,459.362,69.746,0.595
23.150295,459.348,69.745,0.580
23.161905,459.876,69.765,0.557
23.173515,458.112,69.698,0.530
23.185125,453.014,69.505,0.487
23.196735,450.229,69.398,0.463
23.208345,470.248,70.151,0.568
23.219955,416.417,68.046,0.712
23.231565,279.205,61.126,0.795
23.243175,480.825,70.536,0.835
23.254785,866.315,80.729,0.849
23.266395,262.085,60.030,0.859
23.278005,262.145,60.034,0.879
23.289615,279.526,61.146,0.894
23.301224,279.506,61.144,0.904
23.312834,280.180,61.186,0.906
23.324444,277.183,61.000,0.899
23.336054,278.370,61.074,0.892
23.347664,278.123,61.059,0.893
23.359274,278.207,61.064,0.896
23.370884,278.430,61.078,0.886
23.382494,278.569,61.086,0.875
23.394104,278.462,61.080,0.862
23.405714,277.964,61.049,0.842
23.417324,278.557,61.086,0.826
23.428934,280.801,61.225,0.819
23.440544,285.026,61.483,0.816
23.452154,290.001,61.783,0.817
23.463764,293.047,61.964,0.827
23.475374,294.599,62.055,0.828
23.486984,297.659,62.234,0.832
23.498594,295.778,62.124,0.853
23.510204,295.184,62.089,0.863
23.521814,295.121,62.086,0.865
23.533424,150.111,50.382,0.866
23.545034,150.155,50.387,0.864
23.556644,150.152,50.387,0.863
23.568254,457.760,69.685,0.869
23.579864,123.214,46.964,0.865
23.591474,320.857,63.533,0.859
23.603084,324.950,63.753,0.866
23.614694,334.400,64.249,0.881
23.626304,332.791,64.165,0.892
23.637914,332.168,64.133,0.903
23.649524,330.802,64.062,0.911
23.661134,330.174,64.029,0.915
23.672744,329.114,63.973,0.922
23.684354,328.965,63.965,0.910
23.695964,328.423,63.937,0.888
23.707574,327.635,63.895,0.860
23.719184,326.309,63.825,0.829
23.730794,324.899,63.750,0.786
23.742404,323.361,63.668,0.729
23.754014,321.842,63.586,0.651
23.765624,311.568,63.024,0.458
23.777234,285.587,61.517,0.263
23.788844,287.067,61.607,0.252
23.800454,287.094,61.608,0.262
23.812063,285.523,61.513,0.263
23.823673,286.189,61.554,0.269
23.835283,110.966,45.151,0.278
23.846893,111.178,45.184,0.275
23.858503,110.972,45.152,0.273
23.870113,111.368,45.214,0.371
23.881723,295.499,62.108,0.543
23.893333,299.201,62.323,0.724
23.904943,305.459,62.682,0.789
23.916553,302.669,62.523,0.810
23.928163,302.198,62.496,0.826
23.939773,301.758,62.471,0.844
23.951383,301.352,62.447,0.862
23.962993,301.033,62.429,0.876
23.974603,301.478,62.455,0.885
23.986213,299.693,62.352,0.871
23.997823,294.078,62.024,0.864
24.009433,294.055,62.023,0.869
24.021043,294.201,62.032,0.878
24.032653,293.799,62.008,0.880
24.044263,293.463,61.988,0.881
24.055873,294.038,62.022,0.885
24.067483,296.363,62.158,0.899
24.079093,297.545,62.227,0.918
24.090703,296.974,62.194,0.931
24.102313,296.205,62.149,0.944
24.113923,295.559,62.111,0.953
24.125533,295.116,62.085,0.961
24.137143,294.770,62.065,0.972
24.148753,294.465,62.047,0.978
24.160363,293.900,62.014,0.977
24.171973,293.363,61.982,0.974
24.183583,293.294,61.978,0.970
24.195193,293.429,61.986,0.971
24.206803,293.698,62.002,0.970
24.218413,294.066,62.024,0.972
24.230023,294.385,62.042,0.970
24.241633,294.695,62.061,0.970
24.253243,294.827,62.068,0.970
24.264853,294.743,62.063,0.963
24.276463,294.677,62.060,0.950
24.288073,294.592,62.055,0.927
24.299683,294.487,62.048,0.904
24.311293,294.269,62.036,0.871
24.322902,293.670,62.000,0.830
24.334512,292.387,61.925,0.782
24.346122,287.891,61.656,0.705
24.357732,268.259,60.433,0.664
24.369342,273.461,60.766,0.714
24.380952,276.775,60.975,0.765
24.392562,277.977,61.050,0.808
24.404172,277.924,61.046,0.836
24.415782,277.973,61.049,0.858
24.427392,278.370,61.074,0.881
24.439002,278.348,61.073,0.893
24.450612,278.514,61.083,0.900
24.462222,278.669,61.093,0.902
24.473832,278.520,61.083,0.900
24.485442,278.425,61.077,0.899
24.497052,278.538,61.084,0.900
24.508662,278.541,61.085,0.899
24.520272,278.424,61.077,0.895
24.531882,278.433,61.078,0.896
24.543492,278.351,61.073,0.895
24.555102,278.327,61.071,0.894
24.566712,278.362,61.073,0.894
24.578322,278.268,61.068,0.892
24.589932,278.061,61.055,0.892
24.601542,277.786,61.038,0.891
24.613152,277.421,61.015,0.888
24.624762,277.150,60.998,0.888
24.636372,276.873,60.981,0.892
24.647982,276.796,60.976,0.892
24.659592,276.940,60.985,0.891
24.671202,277.059,60.992,0.891
24.682812,277.206,61.001,0.890
24.694422,277.274,61.006,0.891
24.706032,277.272,61.006,0.891
24.717642,277.351,61.010,0.888
24.729252,277.558,61.023,0.883
24.740862,277.511,61.020,0.880
24.752472,277.465,61.018,0.875
24.764082,277.246,61.004,0.863
24.775692,277.100,60.995,0.849
24.787302,277.879,61.043,0.840
24.798912,278.493,61.082,0.829
24.810522,273.257,60.753,0.822
24.822132,272.560,60.709,0.811
24.833741,272.181,60.685,0.802
24.845351,272.417,60.700,0.803
24.856961,84.783,40.492,0.812
24.868571,758.783,78.434,0.824
24.880181,83.551,40.239,0.825
24.891791,853.854,80.478,0.823
24.903401,757.893,78.414,0.821
24.915011,1002.273,83.252,0.822
24.926621,853.946,80.480,0.820
24.938231,757.810,78.412,0.816
24.949841,93.743,42.231,0.807
24.961451,93.772,42.237,0.790
24.973061,290.413,61.807,0.812
24.984671,291.461,61.870,0.852
24.996281,292.025,61.903,0.884
25.007891,293.559,61.994,0.907
25.019501,294.010,62.020,0.927
25.031111,294.107,62.026,0.940
25.042721,293.619,61.997,0.953
25.054331,292.987,61.960,0.966
25.065941,292.462,61.929,0.964
25.077551,291.893,61.895,0.954
25.089161,290.841,61.833,0.942
25.100771,290.135,61.791,0.930
25.112381,289.952,61.780,0.920
25.123991,290.603,61.819,0.915
25.135601,292.376,61.924,0.912
25.147211,295.668,62.118,0.912
25.158821,297.326,62.215,0.920
25.170431,298.022,62.255,0.927
25.182041,298.337,62.273,0.933
25.193651,298.101,62.260,0.938
25.205261,297.648,62.233,0.937
25.216871,296.730,62.180,0.937
25.228481,295.277,62.095,0.930
25.240091,293.830,62.010,0.919
25.251701,292.672,61.941,0.909
25.263311,291.781,61.889,0.901
25.274921,291.833,61.892,0.898
25.286531,292.536,61.933,0.901
25.298141,293.916,62.015,0.906
25.309751,295.537,62.110,0.915
25.321361,296.244,62.151,0.926
25.332971,296.082,62.142,0.935
25.344580,295.855,62.129,0.936
25.356190,295.572,62.112,0.934
25.367800,294.984,62.078,0.930
25.379410,294.114,62.026,0.918
25.391020,293.060,61.964,0.907
25.402630,292.018,61.903,0.889
25.414240,291.844,61.892,0.872
25.425850,292.769,61.947,0.855
25.437460,294.356,62.041,0.857
25.449070,295.443,62.105,0.859
25.460680,297.868,62.246,0.860
25.472290,296.979,62.194,0.859
25.483900,296.411,62.161,0.852
25.495510,296.292,62.154,0.837
25.507120,295.478,62.107,0.819
25.518730,148.440,50.188,0.799
25.530340,148.704,50.219,0.759
25.541950,98.267,43.047,0.709
25.553560,150.073,50.378,0.632
25.565170,579.961,73.781,0.569
25.576780,292.154,61.911,0.517
25.588390,295.061,62.082,0.527
25.600000,149.784,50.345,0.545
25.611610,149.667,50.331,0.561
25.623220,149.800,50.346,0.572
25.634830,757.902,78.414,0.577
25.646440,758.196,78.421,0.585
25.658050,761.135,78.488,0.592
25.669660,761.795,78.503,0.587
25.681270,759.297,78.446,0.579
25.692880,763.344,78.538,0.564
25.704490,763.532,78.542,0.555
25.716100,95.760,42.600,0.585
25.727710,203.779,55.674,0.699
25.739320,211.341,56.305,0.756
25.750930,217.844,56.830,0.812
25.762540,219.706,56.977,0.846
25.774150,220.055,57.004,0.870
25.785760,219.912,56.993,0.889
25.797370,219.820,56.986,0.900
25.808980,219.687,56.975,0.905
25.820590,220.599,57.047,0.895
25.832200,221.020,57.080,0.884
25.843810,219.851,56.988,0.861
25.855420,218.286,56.865,0.841
25.867029,217.648,56.814,0.820
25.878639,218.062,56.847,0.804
25.890249,219.517,56.962,0.794
25.901859,222.829,57.221,0.788
25.913469,223.167,57.247,0.787
25.925079,224.512,57.351,0.785
25.936689,225.271,57.410,0.783
25.948299,222.847,57.223,0.786
25.959909,222.313,57.181,0.798
25.971519,221.700,57.133,0.800
25.983129,110.373,45.059,0.807
25.994739,200.167,55.364,0.820
26.006349,200.210,55.368,0.826
26.017959,96.696,42.768,0.830
26.029569,85.758,40.690,0.829
26.041179,325.211,63.766,0.848
26.052789,359.997,65.526,0.869
26.064399,360.954,65.572,0.882
26.076009,362.937,65.667,0.893
26.087619,369.535,65.978,0.898
26.099229,369.487,65.976,0.904
26.110839,368.891,65.948,0.912
26.122449,369.095,65.958,0.922
26.134059,370.053,66.003,0.919
26.145669,371.113,66.052,0.914
26.157279,372.887,66.135,0.913
26.168889,375.172,66.241,0.910
26.180499,378.147,66.377,0.907
26.192109,382.933,66.595,0.909
26.203719,389.993,66.911,0.910
26.215329,399.186,67.315,0.912
26.226939,406.742,67.639,0.913
26.238549,412.101,67.866,0.912
26.250159,415.493,68.008,0.909
26.261769,416.926,68.067,0.908
26.273379,417.550,68.093,0.910
26.284989,417.402,68.087,0.909
26.296599,416.452,68.048,0.908
26.308209,415.543,68.010,0.907
26.319819,414.812,67.979,0.906
26.331429,414.421,67.963,0.906
26.343039,414.393,67.962,0.909
26.354649,414.605,67.971,0.911
26.366259,414.834,67.980,0.912
26.377868,415.198,67.996,0.912
26.389478,415.500,68.008,0.914
26.401088,415.749,68.019,0.915
26.412698,415.883,68.024,0.916
26.424308,416.041,68.031,0.915
26.435918,416.077,68.032,0.917
26.447528,416.065,68.032,0.920
26.459138,416.234,68.039,0.922
26.470748,416.508,68.050,0.926
26.482358,416.762,68.061,0.928
26.493968,416.931,68.068,0.930
26.505578,416.891,68.066,0.932
26.517188,416.843,68.064,0.935
26.528798,416.682,68.057,0.935
26.540408,416.532,68.051,0.935
26.552018,416.238,68.039,0.934
26.563628,415.953,68.027,0.932
26.575238,415.730,68.018,0.930
26.586848,415.645,68.014,0.928
26.598458,415.600,68.012,0.925
26.610068,415.541,68.010,0.921
26.621678,415.576,68.011,0.919
26.633288,415.638,68.014,0.916
26.644898,415.626,68.013,0.914
26.656508,415.530,68.009,0.914
26.668118,415.389,68.004,0.915
26.679728,415.219,67.996,0.916
26.691338,415.131,67.993,0.917
26.702948,415.034,67.989,0.917
26.714558,414.904,67.983,0.918
26.726168,414.925,67.984,0.918
26.737778,415.112,67.992,0.918
26.749388,415.215,67.996,0.917
26.760998,415.180,67.995,0.913
26.772608,415.138,67.993,0.907
26.784218,415.260,67.998,0.903
26.795828,415.672,68.015,0.902
26.807438,416.316,68.042,0.906
26.819048,417.095,68.074,0.907
26.830658,417.763,68.102,0.908
26.842268,419.030,68.155,0.909
26.853878,420.480,68.214,0.912
26.865488,420.756,68.226,0.917
26.877098,420.643,68.221,0.919
26.888707,419.753,68.184,0.918
26.900317,418.341,68.126,0.912
26.911927,416.865,68.065,0.899
26.923537,415.793,68.020,0.881
26.935147,415.773,68.020,0.880
26.946757,417.704,68.100,0.890
26.958367,417.838,68.105,0.890
26.969977,417.626,68.096,0.895
26.981587,417.306,68.083,0.905
26.993197,417.094,68.074,0.917
27.004807,416.887,68.066,0.934
27.016417,416.654,68.056,0.950
27.028027,416.319,68.042,0.957
27.039637,415.675,68.015,0.959
27.051247,415.238,67.997,0.966
27.062857,415.056,67.990,0.971
27.074467,415.090,67.991,0.973
27.086077,415.387,68.003,0.975
27.097687,416.123,68.034,0.977
27.109297,417.689,68.099,0.979
27.120907,420.164,68.201,0.978
27.132517,423.506,68.339,0.978
27.144127,427.682,68.508,0.979
27.155737,432.123,68.687,0.982
27.167347,435.955,68.840,0.983
27.178957,438.773,68.952,0.982
27.190567,440.505,69.020,0.978
27.202177,441.200,69.047,0.978
27.213787,440.693,69.027,0.983
27.225397,439.777,68.991,0.983
27.237007,438.090,68.925,0.980
27.248617,436.520,68.863,0.974
27.260227,435.767,68.833,0.967
27.271837,436.029,68.843,0.968
27.283447,437.193,68.889,0.973
27.295057,439.321,68.973,0.975
27.306667,441.314,69.052,0.972
27.318277,442.838,69.111,0.974
27.329887,444.191,69.164,0.974
27.341497,444.250,69.166,0.979
27.353107,443.725,69.146,0.981
27.364717,442.433,69.095,0.980
27.376327,440.778,69.031,0.975
27.387937,438.888,68.956,0.969
27.399546,437.013,68.882,0.965
27.411156,435.787,68.833,0.959
27.422766,435.432,68.819,0.955
27.434376,436.529,68.863,0.951
27.445986,438.476,68.940,0.952
27.457596,440.601,69.024,0.951
27.469206,442.066,69.081,0.953
27.480816,442.658,69.104,0.958
27.492426,442.888,69.113,0.957
27.504036,442.449,69.096,0.958
27.515646,441.613,69.063,0.958
27.527256,440.201,69.008,0.956
27.538866,438.573,68.944,0.953
27.550476,437.338,68.895,0.950
27.562086,436.862,68.876,0.948
27.573696,437.473,68.900,0.944
27.585306,438.909,68.957,0.945
27.596916,440.556,69.022,0.948
27.608526,441.444,69.057,0.953
27.620136,442.031,69.080,0.957
27.631746,442.198,69.086,0.959
27.643356,441.874,69.074,0.957
27.654966,441.102,69.043,0.956
27.666576,439.779,68.991,0.954
27.678186,438.329,68.934,0.948
27.689796,436.668,68.868,0.942
27.701406,435.613,68.827,0.935
27.713016,435.144,68.808,0.928
27.724626,435.563,68.825,0.921
27.736236,437.333,68.895,0.916
27.747846,440.425,69.017,0.915
27.759456,442.872,69.113,0.924
27.771066,147.067,50.028,0.925
27.782676,147.357,50.062,0.914
27.794286,88.862,41.306,0.895
27.805896,98.421,43.074,0.875
27.817506,98.436,43.077,0.856
27.829116,98.396,43.070,0.836
27.840726,98.130,43.023,0.801
27.852336,108.795,44.809,0.707
27.863946,447.016,69.274,0.596
27.875556,452.025,69.467,0.539
27.887166,450.253,69.399,0.539
27.898776,453.089,69.507,0.559
27.910385,455.632,69.604,0.582
27.921995,457.022,69.657,0.594
27.933605,456.036,69.620,0.606
27.945215,456.268,69.629,0.622
27.956825,456.590,69.641,0.628
27.968435,457.348,69.669,0.629
27.980045,456.012,69.619,0.628
27.991655,455.493,69.599,0.626
28.003265,453.860,69.537,0.618
28.014875,452.734,69.494,0.613
28.026485,452.905,69.500,0.598
28.038095,452.101,69.470,0.575
28.049705,450.827,69.421,0.554
28.061315,449.649,69.376,0.523
28.072925,449.630,69.375,0.495
28.084535,450.561,69.411,0.458
28.096145,447.163,69.280,0.433
28.107755,789.751,79.127,0.564
28.119365,148.955,50.248,0.687
28.130975,144.165,49.683,0.727
28.142585,220.522,57.041,0.757
28.154195,220.540,57.042,0.774
28.165805,262.524,60.059,0.833
28.177415,279.556,61.148,0.863
28.189025,279.913,61.170,0.883
28.200635,297.718,62.237,0.897
28.212245,299.914,62.365,0.904
28.223855,300.128,62.377,0.914
28.235465,298.705,62.295,0.922
28.247075,298.470,62.281,0.933
28.258685,299.040,62.314,0.926
28.270295,299.835,62.360,0.927
28.281905,300.431,62.394,0.930
28.293515,301.700,62.467,0.932
28.305125,304.312,62.617,0.938
28.316735,310.941,62.990,0.944
28.328345,317.040,63.326,0.952
28.339955,321.775,63.583,0.959
28.351565,325.645,63.790,0.965
28.363175,328.185,63.924,0.971
28.374785,329.354,63.986,0.977
28.386395,330.139,64.027,0.981
28.398005,330.870,64.065,0.980
28.409615,331.069,64.076,0.980
28.421224,330.812,64.062,0.979
28.432834,330.397,64.040,0.978
28.444444,330.138,64.027,0.978
28.456054,330.099,64.025,0.976
28.467664,330.056,64.023,0.972
28.479274,330.079,64.024,0.969
28.490884,329.912,64.015,0.965
28.502494,329.756,64.007,0.960
28.514104,329.702,64.004,0.955
28.525714,329.649,64.001,0.950
28.537324,329.597,63.998,0.943
28.548934,329.478,63.992,0.935
28.560544,329.572,63.997,0.928
28.572154,329.759,64.007,0.922
28.583764,330.017,64.020,0.916
28.595374,330.048,64.022,0.911
28.606984,329.716,64.005,0.900
28.618594,329.412,63.989,0.884
28.630204,329.097,63.972,0.870
28.641814,328.892,63.961,0.860
28.653424,329.026,63.968,0.846
28.665034,328.366,63.934,0.829
28.676644,326.357,63.827,0.812
28.688254,312.020,63.050,0.799
28.699864,100.048,43.358,0.798
28.711474,177.763,53.309,0.809
28.723084,177.825,53.315,0.810
28.734694,133.706,48.379,0.811
28.746304,91.780,41.865,0.814
28.757914,91.784,41.866,0.822
28.769524,93.415,42.171,0.825
28.781134,93.409,42.169,0.817
28.792744,301.083,62.432,0.827
28.804354,300.412,62.393,0.840
28.815964,299.955,62.367,0.852
28.827574,298.619,62.290,0.865
28.839184,298.181,62.264,0.873
28.850794,297.725,62.238,0.879
28.862404,295.546,62.111,0.890
28.874014,294.914,62.073,0.902
28.885624,294.919,62.074,0.907
28.897234,293.783,62.007,0.904
28.908844,293.066,61.965,0.905
28.920454,292.470,61.929,0.903
28.932063,292.386,61.924,0.906
28.943673,292.558,61.935,0.910
28.955283,292.914,61.956,0.909
28.966893,293.372,61.983,0.914
28.978503,293.399,61.984,0.915
28.990113,293.668,62.000,0.920
29.001723,293.489,61.990,0.924
29.013333,293.548,61.993,0.925
29.024943,293.690,62.002,0.926
29.036553,293.842,62.010,0.922
29.048163,293.813,62.009,0.921
29.059773,293.590,61.996,0.912
29.071383,293.591,61.996,0.895
29.082993,293.700,62.002,0.875
29.094603,293.925,62.015,0.855
29.106213,293.542,61.993,0.842
29.117823,293.646,61.999,0.826
29.129433,293.396,61.984,0.816
29.141043,293.183,61.972,0.803
29.152653,234.942,58.138,0.799
29.164263,95.059,42.473,0.811
29.175873,512.682,71.647,0.825
29.187483,84.803,40.496,0.828
29.199093,550.598,72.882,0.831
29.210703,512.903,71.654,0.827
29.222313,550.775,72.888,0.827
29.233923,512.974,71.657,0.830
29.245533,512.951,71.656,0.828
29.257143,512.990,71.657,0.819
29.268753,513.485,71.674,0.805
29.280363,289.723,61.766,0.815
29.291973,280.529,61.208,0.827
29.303583,279.816,61.164,0.837
29.315193,280.217,61.189,0.846
29.326803,278.876,61.105,0.855
29.338413,278.359,61.073,0.864
29.350023,278.072,61.055,0.879
29.361633,277.767,61.036,0.891
29.373243,277.077,60.993,0.891
29.384853,276.488,60.957,0.886
29.396463,276.304,60.945,0.880
29.408073,276.401,60.951,0.873
29.419683,276.595,60.963,0.862
29.431293,276.677,60.968,0.846
29.442902,276.877,60.981,0.819
29.454512,277.260,61.005,0.790
29.466122,277.801,61.039,0.758
29.477732,278.280,61.068,0.717
29.489342,278.627,61.090,0.673
29.500952,277.233,61.003,0.599
29.512562,284.413,61.446,0.465
29.524172,291.301,61.860,0.385
29.535782,288.465,61.691,0.372
29.547392,302.528,62.515,0.511
29.559002,271.414,60.636,0.546
29.570612,295.695,62.119,0.707
29.582222,293.466,61.988,0.794
29.593832,293.648,61.999,0.851
29.605442,293.794,62.008,0.882
29.617052,293.903,62.014,0.908
29.628662,293.866,62.012,0.925
29.640272,293.623,61.998,0.936
29.651882,293.309,61.979,0.947
29.663492,292.838,61.951,0.945
29.675102,292.249,61.916,0.935
29.686712,291.291,61.860,0.920
29.698322,290.501,61.812,0.910
29.709932,290.061,61.786,0.899
29.721542,290.045,61.785,0.895
29.733152,290.663,61.822,0.893
29.744762,292.548,61.934,0.896
29.756372,294.479,62.048,0.896
29.767982,295.954,62.134,0.900
29.779592,296.416,62.161,0.902
29.791202,296.033,62.139,0.907
29.802812,295.621,62.115,0.908
29.814422,294.989,62.078,0.906
29.826032,293.900,62.014,0.904
29.837642,292.462,61.929,0.896
29.849252,291.320,61.861,0.893
29.860862,290.398,61.806,0.889
29.872472,290.172,61.793,0.887
29.884082,291.064,61.846,0.891
29.895692,292.361,61.923,0.899
29.907302,293.950,62.017,0.910
29.918912,295.108,62.085,0.915
29.930522,295.710,62.120,0.919
29.942132,295.892,62.131,0.921
29.953741,295.879,62.130,0.919
29.965351,295.693,62.119,0.915
29.976961,294.687,62.060,0.903
29.988571,293.528,61.992,0.887
30.000181,292.456,61.929,0.869
30.011791,291.500,61.872,0.857
30.023401,290.213,61.795,0.849
30.035011,289.880,61.775,0.843
30.046621,290.234,61.797,0.830
30.058231,290.818,61.831,0.813
30.069841,291.203,61.854,0.798
30.081451,290.546,61.815,0.782
30.093061,288.689,61.704,0.755
30.104671,289.007,61.723,0.719
30.116281,97.918,42.986,0.656
30.127891,146.319,49.939,0.527
30.139501,291.473,61.870,0.472
30.151111,290.494,61.812,0.463
30.162721,289.017,61.724,0.479
30.174331,289.271,61.739,0.486
30.185941,288.680,61.704,0.496
30.197551,287.716,61.646,0.501
30.209161,287.151,61.612,0.498
30.220771,286.911,61.597,0.486
30.232381,286.868,61.595,0.474
30.243991,287.681,61.644,0.462
30.255601,287.694,61.644,0.439
30.267211,237.138,58.299,0.594
30.278821,235.906,58.209,0.689
30.290431,249.775,59.197,0.748
30.302041,254.987,59.555,0.790
30.313651,268.486,60.448,0.822
30.325261,279.096,61.119,0.858
30.336871,280.298,61.194,0.890
30.348481,279.451,61.141,0.915
30.360091,278.751,61.098,0.932
30.371701,278.027,61.053,0.943
30.383311,277.727,61.034,0.949
30.394921,277.825,61.040,0.954
30.406531,278.020,61.052,0.957
30.418141,277.665,61.030,0.950
30.429751,277.185,61.000,0.937
30.441361,277.293,61.007,0.924
30.452971,278.247,61.066,0.910
30.464580,279.565,61.148,0.899
30.476190,281.881,61.291,0.895
30.487800,287.174,61.613,0.892
30.499410,330.070,64.023,0.895
30.511020,329.932,64.016,0.901
30.522630,330.950,64.069,0.916
30.534240,331.155,64.080,0.928
30.545850,330.930,64.068,0.934
30.557460,330.749,64.059,0.933
30.569070,330.704,64.056,0.924
30.580680,330.576,64.050,0.907
30.592290,330.065,64.023,0.886
30.603900,329.371,63.987,0.862
30.615510,328.431,63.937,0.831
30.627120,325.753,63.795,0.808
30.638730,324.358,63.721,0.796
30.650340,312.143,63.056,0.784
30.661950,279.237,61.128,0.784
30.673560,279.338,61.134,0.798
30.685170,457.173,69.663,0.816
30.696780,84.831,40.502,0.837
30.708390,84.828,40.501,0.848
30.720000,113.526,45.546,0.842
30.731610,110.839,45.132,0.835
30.743220,110.858,45.134,0.836
30.754830,110.888,45.139,0.836
30.766440,786.160,79.048,0.840
30.778050,119.826,46.481,0.833
30.789660,319.244,63.446,0.851
30.801270,319.682,63.470,0.883
30.812880,331.419,64.094,0.908
30.824490,332.999,64.176,0.926
30.836100,334.019,64.229,0.940
30.847710,334.066,64.232,0.957
30.859320,332.880,64.170,0.969
30.870930,331.977,64.123,0.982
30.882540,331.661,64.106,0.983
30.894150,330.227,64.031,0.980
30.905760,327.934,63.911,0.977
30.917370,326.054,63.811,0.975
30.928980,324.908,63.750,0.971
30.940590,324.475,63.727,0.965
30.952200,324.710,63.740,0.959
30.963810,326.106,63.814,0.954
30.975420,328.415,63.936,0.952
30.987029,330.641,64.053,0.949
30.998639,332.019,64.125,0.948
31.010249,332.535,64.152,0.944
31.021859,332.247,64.137,0.942
31.033469,331.054,64.075,0.939
31.045079,329.380,63.987,0.933
31.056689,327.314,63.878,0.930
31.068299,325.499,63.782,0.930
31.079909,324.361,63.721,0.929
31.091519,324.016,63.703,0.927
31.103129,324.752,63.742,0.926
31.114739,326.310,63.825,0.928
31.126349,328.091,63.919,0.933
31.137959,329.254,63.980,0.941
31.149569,330.003,64.020,0.943
31.161179,330.440,64.043,0.943
31.172789,330.515,64.047,0.941
31.184399,330.032,64.021,0.936
31.196009,328.284,63.929,0.933
31.207619,327.510,63.888,0.921
31.219229,326.581,63.839,0.901
31.230839,324.984,63.754,0.889
31.242449,324.054,63.705,0.888
31.254059,322.838,63.640,0.881
31.265669,320.979,63.540,0.875
31.277279,279.438,61.140,0.869
31.288889,279.175,61.124,0.869
31.300499,279.121,61.121,0.881
31.312109,279.277,61.130,0.896
31.323719,279.109,61.120,0.900
31.335329,278.849,61.104,0.888
31.346939,278.816,61.102,0.874
31.358549,279.032,61.115,0.858
31.370159,279.249,61.129,0.843
31.381769,279.444,61.141,0.839
31.393379,280.410,61.200,0.848
31.404989,323.456,63.673,0.870
31.416599,327.537,63.890,0.897
31.428209,329.565,63.997,0.920
31.439819,330.313,64.036,0.941
31.451429,330.592,64.051,0.959
31.463039,330.440,64.043,0.976
31.474649,330.546,64.048,0.986
31.486259,330.896,64.067,0.992
31.497868,330.371,64.039,0.994
31.509478,329.638,64.001,0.989
31.521088,329.072,63.971,0.984
31.532698,328.682,63.950,0.978
31.544308,328.358,63.933,0.967
31.555918,328.254,63.928,0.950
31.567528,328.577,63.945,0.930
31.579138,329.221,63.979,0.905
31.590748,329.896,64.014,0.869
31.602358,330.271,64.034,0.829
31.613968,329.584,63.998,0.794
31.625578,328.774,63.955,0.759
31.637188,328.524,63.942,0.744
31.648798,328.596,63.946,0.750
31.660408,328.727,63.953,0.756
31.672018,328.913,63.962,0.765
31.683628,328.641,63.948,0.761
31.695238,328.572,63.944,0.768
31.706848,314.405,63.181,0.797
31.718458,281.651,61.277,0.828
31.730068,280.837,61.227,0.870
31.741678,280.017,61.176,0.901
31.753288,279.298,61.132,0.923
31.764898,278.475,61.081,0.946
31.776508,278.166,61.061,0.966
31.788118,277.948,61.048,0.980
31.799728,277.869,61.043,0.984
31.811338,277.820,61.040,0.982
31.822948,277.806,61.039,0.971
31.834558,277.701,61.032,0.954
31.846168,277.608,61.027,0.937
31.857778,277.887,61.044,0.911
31.869388,277.231,61.003,0.886
31.880998,276.584,60.963,0.858
31.892608,282.461,61.327,0.831
31.904218,282.745,61.344,0.820
31.915828,82.851,40.093,0.814
31.927438,145.122,49.797,0.818
31.939048,145.162,49.802,0.823
31.950658,145.184,49.805,0.826
31.962268,408.108,67.697,0.822
31.973878,197.307,55.115,0.821
31.985488,123.232,46.966,0.820
31.997098,123.261,46.971,0.805
32.008707,324.019,63.703,0.816
32.020317,321.438,63.564,0.858
32.031927,329.817,64.010,0.886
32.043537,332.679,64.160,0.907
32.055147,334.864,64.273,0.927
32.066757,336.964,64.381,0.943
32.078367,338.124,64.441,0.957
32.089977,337.632,64.415,0.972
32.101587,336.748,64.370,0.978
32.113197,336.367,64.350,0.974
32.124807,335.396,64.300,0.969
32.136417,333.780,64.217,0.964
32.148027,331.055,64.075,0.959
32.159637,328.610,63.946,0.956
32.171247,327.468,63.886,0.955
32.182857,327.702,63.899,0.953
32.194467,329.439,63.990,0.952
32.206077,331.572,64.102,0.953
32.217687,333.056,64.179,0.955
32.229297,333.448,64.199,0.958
32.240907,333.456,64.200,0.960
32.252517,333.141,64.184,0.959
32.264127,332.160,64.133,0.952
32.275737,330.621,64.052,0.946
32.287347,328.829,63.958,0.945
32.298957,327.336,63.879,0.944
32.310567,326.950,63.859,0.941
32.322177,327.539,63.890,0.936
32.333787,328.973,63.966,0.933
32.345397,330.554,64.049,0.933
32.357007,331.177,64.081,0.936
32.368617,331.409,64.093,0.933
32.380227,331.767,64.112,0.923
32.391837,331.967,64.122,0.908
32.403447,331.529,64.100,0.894
32.415057,330.105,64.025,0.882
32.426667,327.482,63.887,0.867
32.438277,323.015,63.649,0.849
32.449887,311.325,63.011,0.832
32.461497,308.593,62.858,0.835
32.473107,276.696,60.970,0.850
32.484717,276.667,60.968,0.868
32.496327,276.787,60.975,0.885
32.507937,277.057,60.992,0.901
32.519546,277.402,61.014,0.919
32.531156,277.660,61.030,0.930
32.542766,277.912,61.046,0.939
32.554376,278.092,61.057,0.946
32.565986,278.251,61.067,0.951
32.577596,278.421,61.077,0.955
32.589206,278.716,61.095,0.955
32.600816,279.190,61.125,0.951
32.612426,279.884,61.168,0.951
32.624036,280.640,61.215,0.950
32.635646,282.065,61.302,0.951
32.647256,284.971,61.480,0.948
32.658866,306.626,62.748,0.944
32.670476,307.146,62.777,0.940
32.682086,311.231,63.006,0.942
32.693696,318.356,63.398,0.946
32.705306,324.166,63.711,0.943
32.716916,327.900,63.909,0.942
32.728526,329.613,63.999,0.938
32.740136,329.963,64.018,0.937
32.751746,329.920,64.015,0.934
32.763356,329.746,64.006,0.930
32.774966,329.670,64.002,0.924
32.786576,329.508,63.994,0.917
32.798186,329.583,63.998,0.912
32.809796,329.685,64.003,0.907
32.821406,329.759,64.007,0.904
32.833016,329.897,64.014,0.902
32.844626,329.959,64.017,0.901
32.856236,329.962,64.018,0.901
32.867846,330.041,64.022,0.901
32.879456,330.183,64.029,0.904
32.891066,330.356,64.038,0.906
32.902676,330.493,64.045,0.908
32.914286,330.611,64.052,0.911
32.925896,330.762,64.059,0.913
32.937506,331.073,64.076,0.917
32.949116,331.426,64.094,0.921
32.960726,331.548,64.101,0.929
32.972336,330.998,64.072,0.932
32.983946,330.232,64.032,0.933
32.995556,329.530,63.995,0.933
33.007166,328.945,63.964,0.935
33.018776,328.895,63.961,0.938
33.030385,329.467,63.992,0.940
33.041995,330.453,64.043,0.943
33.053605,331.912,64.120,0.942
33.065215,333.296,64.192,0.940
33.076825,335.317,64.296,0.940
33.088435,336.389,64.352,0.943
33.100045,339.674,64.520,0.943
33.111655,184.454,53.949,0.941
33.123265,185.036,54.004,0.941
33.134875,368.038,65.908,0.939
33.146485,369.140,65.960,0.938
33.158095,369.864,65.994,0.940
33.169705,370.011,66.001,0.941
33.181315,369.827,65.992,0.938
33.192925,369.621,65.983,0.936
33.204535,369.536,65.979,0.937
33.216145,369.589,65.981,0.932
33.227755,369.605,65.982,0.930
33.239365,370.099,66.005,0.932
33.250975,370.586,66.028,0.935
33.262585,370.895,66.042,0.937
33.274195,370.998,66.047,0.942
33.285805,370.924,66.043,0.948
33.297415,370.930,66.044,0.951
33.309025,371.086,66.051,0.954
33.320635,371.239,66.058,0.956
33.332245,371.100,66.052,0.949
33.343855,370.889,66.042,0.937
33.355465,370.802,66.038,0.924
33.367075,370.784,66.037,0.908
33.378685,370.695,66.033,0.893
33.390295,369.675,65.985,0.886
33.401905,363.578,65.697,0.881
33.413515,349.818,65.029,0.877
33.425125,339.853,64.529,0.883
33.436735,338.997,64.485,0.885
33.448345,335.476,64.304,0.887
33.459955,333.353,64.195,0.890
33.471565,330.691,64.056,0.889
33.483175,327.274,63.876,0.880
33.494785,280.658,61.216,0.867
33.506395,276.727,60.972,0.854
33.518005,255.168,59.567,0.837
33.529615,253.524,59.455,0.833
33.541224,254.056,59.492,0.827
33.552834,251.324,59.305,0.823
33.564444,248.548,59.112,0.818
33.576054,247.202,59.018,0.813
33.587664,246.422,58.963,0.811
33.599274,123.005,46.935,0.809
33.610884,123.027,46.938,0.812
33.622494,123.063,46.943,0.811
33.634104,123.161,46.957,0.814
33.645714,123.273,46.972,0.814
33.657324,123.431,46.994,0.815
33.668934,247.206,59.019,0.814
33.680544,247.308,59.026,0.814
33.692154,247.453,59.036,0.816
33.703764,247.607,59.047,0.814
33.715374,247.698,59.053,0.816
33.726984,247.687,59.052,0.817
33.738594,247.712,59.054,0.818
33.750204,247.672,59.051,0.821
33.761814,247.870,59.065,0.824
33.773424,247.882,59.066,0.826
33.785034,247.764,59.058,0.826
33.796644,247.721,59.055,0.827
33.808254,247.495,59.039,0.828
33.819864,247.383,59.031,0.825
33.831474,247.348,59.028,0.821
33.843084,247.146,59.014,0.814
33.854694,246.781,58.989,0.809
33.866304,246.597,58.976,0.805
33.877914,246.717,58.984,0.806
33.889524,246.949,59.001,0.807
33.901134,247.375,59.030,0.808
33.912744,247.559,59.043,0.810
33.924354,247.468,59.037,0.809
33.935964,247.410,59.033,0.800
33.947574,247.368,59.030,0.784
33.959184,247.990,59.073,0.794
33.970794,248.133,59.083,0.785
33.982404,248.937,59.139,0.773
33.994014,248.667,59.121,0.773
34.005624,224.176,57.326,0.781
34.017234,224.191,57.327,0.798
34.028844,224.829,57.376,0.827
34.040454,224.980,57.388,0.844
34.052063,224.698,57.366,0.843
34.063673,224.139,57.323,0.846
34.075283,223.744,57.292,0.850
34.086893,223.794,57.296,0.848
34.098503,223.314,57.259,0.844
34.110113,222.524,57.197,0.842
34.121723,220.168,57.013,0.830
34.133333,219.351,56.949,0.831
34.144943,218.879,56.912,0.834
34.156553,219.572,56.966,0.842
34.168163,220.438,57.034,0.849
34.179773,220.890,57.070,0.857
34.191383,221.259,57.099,0.860
34.202993,221.516,57.119,0.859
34.214603,221.774,57.139,0.860
34.226213,221.567,57.123,0.859
34.237823,221.415,57.111,0.860
34.249433,221.295,57.102,0.859
34.261043,220.824,57.065,0.860
34.272653,220.392,57.031,0.858
34.284263,219.427,56.955,0.858
34.295873,218.396,56.873,0.865
34.307483,218.736,56.900,0.877
34.319093,219.363,56.950,0.890
34.330703,219.760,56.981,0.898
34.342313,220.090,57.007,0.907
34.353923,220.309,57.024,0.915
34.365533,220.326,57.026,0.924
34.377143,220.280,57.022,0.928
34.388753,219.920,56.994,0.932
34.400363,219.544,56.964,0.924
34.411973,218.682,56.896,0.918
34.423583,217.684,56.817,0.908
34.435193,216.568,56.728,0.898
34.446803,215.937,56.677,0.886
34.458413,215.702,56.658,0.875
34.470023,215.833,56.669,0.869
34.481633,217.205,56.779,0.861
34.493243,219.801,56.984,0.865
34.504853,222.126,57.166,0.863
34.516463,222.744,57.215,0.867
34.528073,222.762,57.216,0.865
34.539683,222.496,57.195,0.866
34.551293,222.408,57.188,0.856
34.562902,221.124,57.088,0.847
34.574512,219.128,56.931,0.835
34.586122,217.352,56.790,0.823
34.597732,216.240,56.702,0.813
34.609342,215.161,56.615,0.801
34.620952,215.229,56.620,0.797
34.632562,218.930,56.916,0.788
34.644172,221.387,57.109,0.791
34.655782,221.833,57.144,0.792
34.667392,221.820,57.143,0.792
34.679002,222.303,57.180,0.788
34.690612,222.257,57.177,0.784
34.702222,221.009,57.079,0.774
34.713832,219.264,56.942,0.767
34.725442,217.999,56.842,0.759
34.737052,216.596,56.730,0.750
34.748662,215.993,56.682,0.738
34.760272,216.101,56.690,0.729
34.771882,217.764,56.823,0.718
34.783492,219.595,56.968,0.699
34.795102,220.814,57.064,0.676
34.806712,221.745,57.137,0.647
34.818322,222.479,57.194,0.622
34.829932,223.118,57.244,0.581
34.841542,222.880,57.225,0.540
34.853152,221.675,57.131,0.485
34.864762,220.361,57.028,0.430
34.876372,221.569,57.123,0.442
34.887982,221.431,57.112,0.471
34.899592,221.105,57.087,0.499
34.911202,221.758,57.138,0.528
34.922812,584.484,73.916,0.551
34.934422,93.471,42.181,0.568
34.946032,804.176,79.440,0.582
34.957642,440.493,69.019,0.591
34.969252,440.594,69.023,0.601
34.980862,346.735,64.876,0.602
34.992472,347.310,64.905,0.602
35.004082,346.919,64.885,0.599
35.015692,346.770,64.878,0.593
35.027302,84.305,40.394,0.581
35.038912,347.081,64.893,0.567
35.050522,346.732,64.876,0.551
35.062132,451.282,69.438,0.536
35.073741,1002.273,83.252,0.659
35.085351,1002.273,83.252,0.719
35.096961,1002.273,83.252,0.775
35.108571,1002.273,83.252,0.811
35.120181,1002.273,83.252,0.844
35.131791,1002.273,83.252,0.867
35.143401,1002.273,83.252,0.882
35.155011,1002.273,83.252,0.897
35.166621,128.952,47.752,0.901
35.178231,123.039,46.939,0.900
35.189841,123.023,46.937,0.892
35.201451,95.418,42.538,0.883
35.213061,233.274,58.014,0.877
35.224671,224.232,57.330,0.885
35.236281,223.743,57.292,0.889
35.247891,223.780,57.295,0.891
35.259501,223.549,57.277,0.887
35.271111,223.349,57.262,0.890
35.282721,222.895,57.226,0.894
35.294331,222.773,57.217,0.895
35.305941,222.527,57.198,0.893
35.317551,222.259,57.177,0.877
35.329161,221.857,57.146,0.866
35.340771,221.355,57.106,0.856
35.352381,220.861,57.068,0.851
35.363991,220.778,57.061,0.851
35.375601,221.530,57.120,0.856
35.387211,235.973,58.213,0.869
35.398821,239.523,58.472,0.877
35.410431,246.887,58.996,0.885
35.422041,248.846,59.133,0.892
35.433651,249.070,59.149,0.900
35.445261,248.902,59.137,0.905
35.456871,248.375,59.100,0.906
35.468481,248.347,59.098,0.903
35.480091,247.689,59.052,0.896
35.491701,246.797,58.990,0.891
35.503311,245.995,58.934,0.888
35.514921,245.473,58.897,0.885
35.526531,245.096,58.870,0.875
35.538141,245.264,58.882,0.858
35.549751,245.896,58.927,0.838
35.561361,247.384,59.031,0.816
35.572971,248.094,59.081,0.789
35.584580,248.492,59.108,0.753
35.596190,248.247,59.091,0.706
35.607800,247.824,59.062,0.637
35.619410,247.712,59.054,0.549
35.631020,247.814,59.061,0.532
35.642630,185.433,54.041,0.563
35.654240,249.992,59.213,0.583
35.665850,278.843,61.103,0.601
35.677460,251.023,59.284,0.687
35.689070,257.616,59.733,0.753
35.700680,259.004,59.826,0.791
35.712290,258.952,59.822,0.824
35.723900,257.903,59.752,0.853
35.735510,256.987,59.690,0.871
35.747120,255.747,59.607,0.885
35.758730,255.292,59.576,0.898
35.770340,254.653,59.532,0.902
35.781950,253.612,59.461,0.902
35.793560,253.624,59.462,0.906
35.805170,255.131,59.565,0.907
35.816780,258.236,59.774,0.902
35.828390,263.359,60.114,0.902
35.840000,267.788,60.403,0.904
35.851610,271.955,60.670,0.906
35.863220,274.805,60.851,0.909
35.874830,276.964,60.986,0.912
35.886440,278.179,61.062,0.913
35.898050,278.592,61.088,0.915
35.909660,278.304,61.070,0.921
35.921270,277.854,61.042,0.922
35.932880,277.242,61.004,0.922
35.944490,276.630,60.965,0.922
35.956100,276.195,60.938,0.922
35.967710,276.001,60.926,0.924
35.979320,276.109,60.933,0.924
35.990930,276.430,60.953,0.924
36.002540,276.914,60.983,0.921
36.014150,277.379,61.012,0.924
36.025760,277.555,61.023,0.928
36.037370,277.767,61.036,0.931
36.048980,277.915,61.046,0.933
36.060590,277.982,61.050,0.934
36.072200,277.912,61.045,0.937
36.083810,277.868,61.043,0.938
36.095420,277.850,61.042,0.940
36.107029,277.877,61.043,0.942
36.118639,277.894,61.044,0.945
36.130249,277.850,61.042,0.946
36.141859,277.828,61.040,0.947
36.153469,277.784,61.038,0.946
36.165079,277.689,61.032,0.946
36.176689,277.553,61.023,0.950
36.188299,277.412,61.014,0.951
36.199909,277.293,61.007,0.952
36.211519,277.275,61.006,0.950
36.223129,277.305,61.008,0.955
36.234739,277.175,61.000,0.958
36.246349,277.103,60.995,0.961
36.257959,277.066,60.993,0.961
36.269569,277.086,60.994,0.959
36.281179,277.023,60.990,0.950
36.292789,277.011,60.989,0.940
36.304399,276.914,60.983,0.933
36.316009,276.855,60.980,0.921
36.327619,276.802,60.976,0.913
36.339229,276.951,60.986,0.902
36.350839,277.048,60.992,0.894
36.362449,277.609,61.027,0.885
36.374059,278.802,61.101,0.889
36.385669,279.687,61.156,0.892
36.397279,281.106,61.243,0.893
36.408889,283.071,61.364,0.893
36.420499,285.942,61.539,0.885
36.432109,291.441,61.868,0.878
36.443719,294.361,62.041,0.882
36.455329,283.054,61.363,0.893
36.466939,408.033,67.694,0.911
36.478549,408.878,67.730,0.930
36.490159,407.350,67.665,0.935
36.501769,405.845,67.601,0.940
36.513379,404.674,67.551,0.949
36.524989,403.888,67.517,0.957
36.536599,403.858,67.516,0.959
36.548209,404.995,67.565,0.962
36.559819,405.655,67.593,0.960
36.571429,408.307,67.706,0.958
36.583039,415.037,67.989,0.966
36.594649,421.981,68.276,0.973
36.606259,428.081,68.525,0.979
36.617868,432.453,68.700,0.986
36.629478,435.939,68.839,0.991
36.641088,438.637,68.946,0.993
36.652698,440.186,69.007,0.995
36.664308,440.697,69.027,0.994
36.675918,440.712,69.028,0.993
36.687528,440.309,69.012,0.991
36.699138,439.632,68.986,0.989
36.710748,439.046,68.962,0.987
36.722358,438.679,68.948,0.983
36.733968,438.538,68.942,0.981
36.745578,438.680,68.948,0.979
36.757188,438.793,68.952,0.977
36.768798,438.928,68.958,0.975
36.780408,438.926,68.958,0.973
36.792018,439.007,68.961,0.971
36.803628,438.934,68.958,0.969
36.815238,439.108,68.965,0.970
36.826848,439.185,68.968,0.970
36.838458,439.175,68.968,0.968
36.850068,439.262,68.971,0.966
36.861678,439.393,68.976,0.961
36.873288,439.687,68.988,0.959
36.884898,439.934,68.997,0.956
36.896508,440.142,69.006,0.953
36.908118,440.265,69.010,0.948
36.919728,440.177,69.007,0.945
36.931338,439.815,68.993,0.945
36.942948,439.431,68.978,0.938
36.954558,439.145,68.966,0.923
36.966168,438.883,68.956,0.903
36.977778,438.358,68.935,0.882
36.989388,438.278,68.932,0.859
37.000998,437.267,68.892,0.837
37.012608,436.128,68.847,0.800
37.024218,435.321,68.815,0.762
37.035828,432.151,68.688,0.773
37.047438,428.313,68.534,0.817
37.059048,425.161,68.406,0.857
37.070658,423.178,68.325,0.887
37.082268,421.865,68.271,0.902
37.093878,418.630,68.138,0.913
37.105488,416.843,68.064,0.924
37.117098,417.200,68.079,0.932
37.128707,417.940,68.110,0.930
37.140317,418.367,68.127,0.927
37.151927,417.901,68.108,0.920
37.163537,417.779,68.103,0.913
37.175147,417.097,68.075,0.908
37.186757,416.682,68.057,0.909
37.198367,416.591,68.054,0.913
37.209977,416.328,68.043,0.910
37.221587,416.413,68.046,0.913
37.233197,416.200,68.037,0.915
37.244807,416.062,68.032,0.921
37.256417,415.987,68.028,0.922
37.268027,416.117,68.034,0.927
37.279637,415.919,68.026,0.928
37.291247,415.634,68.014,0.925
37.302857,414.922,67.984,0.926
37.314467,413.733,67.934,0.928
37.326077,412.058,67.864,0.930
37.337687,409.094,67.739,0.931
37.349297,405.360,67.580,0.933
37.360907,400.312,67.363,0.931
37.372517,393.224,67.054,0.924
37.384127,384.786,66.679,0.917
37.395737,375.759,66.268,0.910
37.407347,365.699,65.798,0.899
37.418957,355.259,65.296,0.888
37.430567,343.567,64.717,0.873
37.442177,335.664,64.314,0.861
37.453787,331.935,64.121,0.852
37.465397,330.550,64.048,0.857
37.477007,330.260,64.033,0.862
37.488617,329.792,64.009,0.868
37.500227,329.708,64.004,0.876
37.511837,329.578,63.997,0.881
37.523447,329.293,63.982,0.886
37.535057,329.156,63.975,0.890
37.546667,329.004,63.967,0.891
37.558277,328.713,63.952,0.892
37.569887,328.736,63.953,0.893
37.581497,328.788,63.956,0.895
37.593107,328.951,63.964,0.895
37.604717,328.978,63.966,0.894
37.616327,328.312,63.931,0.895
37.627937,326.330,63.826,0.899
37.639546,324.639,63.736,0.900
37.651156,322.723,63.634,0.898
37.662766,320.409,63.509,0.894
37.674376,318.091,63.383,0.886
37.685986,313.422,63.127,0.875
37.697596,308.572,62.857,0.865
37.709206,287.245,61.617,0.850
37.720816,283.565,61.394,0.833
37.732426,280.040,61.178,0.825
37.744036,278.894,61.107,0.817
37.755646,277.881,61.044,0.819
37.767256,277.640,61.029,0.823
37.778866,277.801,61.039,0.831
37.790476,277.592,61.026,0.837
37.802086,277.496,61.020,0.845
37.813696,277.252,61.004,0.850
37.825306,277.093,60.994,0.853
37.836916,277.022,60.990,0.858
37.848526,276.723,60.971,0.857
37.860136,276.712,60.971,0.860
37.871746,276.674,60.968,0.862
37.883356,276.699,60.970,0.865
37.894966,277.013,60.989,0.871
37.906576,277.182,61.000,0.876
37.918186,277.406,61.014,0.881
37.929796,277.730,61.034,0.881
37.941406,278.048,61.054,0.881
37.953016,278.447,61.079,0.879
37.964626,278.652,61.092,0.870
37.976236,279.059,61.117,0.858
37.987846,279.572,61.149,0.840
37.999456,280.261,61.191,0.818
38.011066,282.686,61.340,0.801
38.022676,285.679,61.523,0.798
38.034286,290.377,61.805,0.801
38.045896,293.702,62.002,0.809
38.057506,294.805,62.067,0.828
38.069116,295.244,62.093,0.843
38.080726,295.056,62.082,0.861
38.092336,294.702,62.061,0.873
38.103946,294.235,62.034,0.879
38.115556,293.907,62.014,0.880
38.127166,293.165,61.970,0.875
38.138776,292.105,61.908,0.869
38.150385,291.073,61.847,0.864
38.161995,290.888,61.836,0.865
38.173605,291.333,61.862,0.866
38.185215,292.335,61.921,0.869
38.196825,294.423,62.045,0.878
38.208435,296.026,62.139,0.886
38.220045,297.493,62.224,0.897
38.231655,298.151,62.262,0.904
38.243265,298.297,62.271,0.909
38.254875,297.888,62.247,0.913
38.266485,297.292,62.213,0.911
38.278095,296.124,62.144,0.907
38.289705,294.512,62.050,0.896
38.301315,292.369,61.923,0.884
38.312925,290.358,61.804,0.873
38.324535,289.112,61.729,0.867
38.336145,289.188,61.734,0.861
38.347755,290.270,61.799,0.855
38.359365,292.101,61.908,0.854
38.370975,293.728,62.004,0.858
38.382585,294.353,62.041,0.864
38.394195,294.562,62.053,0.869
38.405805,294.570,62.053,0.865
38.417415,294.311,62.038,0.854
38.429025,293.848,62.011,0.837
38.440635,293.147,61.969,0.816
38.452245,292.119,61.909,0.791
38.463855,291.149,61.851,0.762
38.475465,290.486,61.812,0.734
38.487075,291.700,61.884,0.713
38.498685,294.478,62.048,0.708
38.510295,297.770,62.240,0.726
38.521905,299.356,62.332,0.750
38.533515,299.870,62.362,0.773
38.545125,299.550,62.344,0.797
38.556735,299.072,62.316,0.814
38.568345,297.946,62.251,0.823
38.579955,296.692,62.178,0.826
38.591565,295.502,62.108,0.819
38.603175,293.987,62.019,0.808
38.614785,292.462,61.929,0.797
38.626395,290.897,61.836,0.784
38.638005,289.416,61.748,0.766
38.649615,289.110,61.729,0.747
38.661224,289.937,61.779,0.725
38.672834,291.385,61.865,0.705
38.684444,293.213,61.973,0.700
38.696054,294.837,62.069,0.701
38.707664,296.274,62.153,0.700
38.719274,297.498,62.224,0.694
38.730884,298.153,62.263,0.681
38.742494,297.926,62.249,0.665
38.754104,297.232,62.209,0.652
38.765714,296.488,62.166,0.642
38.777324,295.706,62.120,0.633
38.788934,294.894,62.072,0.619
38.800544,294.158,62.029,0.594
38.812154,293.643,61.999,0.554
38.823764,293.548,61.993,0.506
38.835374,293.902,62.014,0.445
38.846984,294.606,62.055,0.372
38.858594,294.878,62.071,0.318
38.870204,294.477,62.048,0.282
38.881814,294.112,62.026,0.250
38.893424,293.859,62.011,0.222
38.905034,293.603,61.996,0.193
38.916644,293.223,61.974,0.170
38.928254,292.955,61.958,0.152
38.939864,292.633,61.939,0.156
38.951474,292.222,61.915,0.166
38.963084,292.745,61.946,0.189
38.974694,292.982,61.960,0.217
38.986304,292.177,61.912,0.242
38.997914,287.888,61.656,0.267
39.009524,292.571,61.935,0.295
39.021134,143.440,49.595,0.323
39.032744,98.186,43.033,0.359
39.044354,154.012,50.826,0.388
39.055964,98.283,43.050,0.429
39.067574,98.306,43.054,0.453
39.079184,98.384,43.068,0.483
39.090794,140.622,49.252,0.505
39.102404,140.677,49.259,0.526
39.114014,946.839,82.267,0.542
39.125624,467.820,70.061,0.558
39.137234,471.097,70.182,0.573
39.148844,471.891,70.211,0.585
39.160454,471.463,70.196,0.598
39.172063,644.957,75.620,0.615
39.183673,950.934,82.342,0.634
39.195283,920.223,81.774,0.645
39.206893,286.439,61.569,0.654
39.218503,286.491,61.572,0.656
39.230113,286.527,61.574,0.654
39.241723,286.448,61.569,0.648
39.253333,285.993,61.542,0.640
39.264943,104.706,44.146,0.622
39.276553,340.046,64.539,0.593
39.288163,138.634,49.005,0.560
39.299773,284.877,61.474,0.522
39.311383,105.812,44.328,0.480
39.322993,1002.273,83.252,0.545
39.334603,176.510,53.187,0.680
39.346213,553.584,72.976,0.774
39.357823,1002.273,83.252,0.831
39.369433,552.586,72.944,0.859
39.381043,1002.273,83.252,0.883
39.392653,1002.273,83.252,0.900
39.404263,1002.273,83.252,0.917
39.415873,98.031,43.006,0.927
39.427483,101.655,43.634,0.929
39.439093,101.624,43.629,0.920
39.450703,155.137,50.952,0.908
39.462313,99.306,43.229,0.908
39.473923,99.326,43.233,0.903
39.485533,99.353,43.238,0.897
39.497143,99.350,43.237,0.887
39.508753,289.756,61.768,0.887
39.520363,272.119,60.681,0.892
39.531973,272.875,60.729,0.898
39.543583,272.534,60.707,0.903
39.555193,279.155,61.123,0.905
39.566803,278.174,61.062,0.910
39.578413,277.824,61.040,0.914
39.590023,277.319,61.009,0.919
39.601633,277.332,61.009,0.917
39.613243,277.529,61.022,0.909
39.624853,277.361,61.011,0.903
39.636463,276.673,60.968,0.897
39.648073,276.112,60.933,0.892
39.659683,276.002,60.926,0.889
39.671293,276.661,60.967,0.891
39.682902,289.063,61.727,0.894
39.694512,292.838,61.951,0.899
39.706122,294.155,62.029,0.908
39.717732,294.733,62.063,0.915
39.729342,295.108,62.085,0.920
39.740952,295.236,62.092,0.922
39.752562,295.331,62.098,0.925
39.764172,295.358,62.100,0.930
39.775782,295.332,62.098,0.933
39.787392,294.972,62.077,0.931
39.799002,294.709,62.061,0.924
39.810612,294.682,62.060,0.920
39.822222,293.867,62.012,0.915
39.833832,293.646,61.999,0.904
39.845442,293.914,62.015,0.884
39.857052,294.261,62.035,0.854
39.868662,294.829,62.068,0.823
39.880272,294.820,62.068,0.790
39.891882,294.527,62.051,0.750
39.903492,292.505,61.931,0.680
39.915102,290.552,61.816,0.572
39.926712,291.278,61.859,0.456
39.938322,290.322,61.802,0.445
39.949932,290.737,61.827,0.460
39.961542,293.139,61.969,0.476
39.973152,294.222,62.033,0.521
39.984762,310.385,62.959,0.650
39.996372,303.868,62.591,0.767
40.007982,304.598,62.633,0.829
40.019592,303.762,62.585,0.868
40.031202,302.614,62.520,0.893
40.042812,301.172,62.437,0.918
40.054422,300.040,62.372,0.934
40.066032,299.063,62.315,0.949
40.077642,298.096,62.259,0.957
40.089252,296.495,62.166,0.954
40.100862,294.806,62.067,0.951
40.112472,293.981,62.019,0.946
40.124082,293.848,62.011,0.946
40.135692,293.889,62.013,0.940
40.147302,294.049,62.023,0.939
40.158912,293.988,62.019,0.936
40.170522,293.713,62.003,0.930
40.182132,292.987,61.960,0.925
40.193741,291.503,61.872,0.917
40.205351,289.637,61.761,0.911
40.216961,287.081,61.607,0.902
40.228571,284.084,61.426,0.898
40.240181,280.801,61.225,0.893
40.251791,278.642,61.091,0.887
40.263401,277.249,61.004,0.882
40.275011,277.083,60.994,0.880
40.286621,277.837,61.041,0.884
40.298231,278.071,61.055,0.883
40.309841,278.431,61.078,0.881
40.321451,278.547,61.085,0.878
40.333061,278.618,61.089,0.874
40.344671,278.498,61.082,0.879
40.356281,278.306,61.070,0.885
40.367891,277.778,61.037,0.891
40.379501,276.838,60.978,0.891
40.391111,277.289,61.007,0.901
40.402721,277.107,60.995,0.910
40.414331,277.239,61.004,0.919
40.425941,277.084,60.994,0.924
40.437551,276.619,60.965,0.923
40.449161,276.800,60.976,0.920
40.460771,278.073,61.056,0.918
40.472381,279.664,61.154,0.918
40.483991,280.371,61.198,0.913
40.495601,280.697,61.218,0.903
40.507211,280.417,61.201,0.894
40.518821,280.116,61.182,0.887
40.530431,279.972,61.173,0.882
40.542041,279.678,61.155,0.875
40.553651,278.917,61.108,0.869
40.565261,277.670,61.030,0.861
40.576871,276.325,60.946,0.860
40.588481,275.239,60.878,0.860
40.600091,274.713,60.845,0.862
40.611701,274.869,60.855,0.865
40.623311,275.648,60.904,0.871
40.634921,276.686,60.969,0.878
40.646531,277.805,61.039,0.879
40.658141,278.972,61.111,0.880
40.669751,280.181,61.186,0.879
40.681361,280.697,61.218,0.878
40.692971,280.977,61.235,0.877
40.704580,280.920,61.232,0.875
40.716190,280.165,61.185,0.870
40.727800,278.944,61.110,0.863
40.739410,277.563,61.024,0.864
40.751020,275.940,60.922,0.864
40.762630,274.629,60.840,0.862
40.774240,273.753,60.784,0.858
40.785850,272.881,60.729,0.853
40.797460,272.986,60.736,0.849
40.809070,273.713,60.782,0.846
40.820680,275.003,60.863,0.844
40.832290,276.273,60.943,0.841
40.843900,277.276,61.006,0.835
40.855510,277.785,61.038,0.827
40.867120,277.983,61.050,0.810
40.878730,277.953,61.048,0.793
40.890340,277.751,61.035,0.771
40.901950,277.609,61.027,0.743
40.913560,277.611,61.027,0.706
40.925170,277.160,60.999,0.641
40.936780,277.099,60.995,0.549
40.948390,276.809,60.977,0.438
40.960000,276.888,60.982,0.421
40.971610,276.913,60.983,0.407
40.983220,277.012,60.989,0.390
40.994830,277.171,60.999,0.374
41.006440,277.356,61.011,0.362
41.018050,277.520,61.021,0.348
41.029660,277.864,61.043,0.326
41.041270,278.108,61.058,0.313
41.052880,278.371,61.074,0.316
41.064490,278.709,61.095,0.328
41.076100,278.996,61.113,0.343
41.087710,278.666,61.092,0.362
41.099320,278.065,61.055,0.377
41.110930,277.719,61.033,0.386
41.122540,277.091,60.994,0.396
41.134150,276.845,60.979,0.403
41.145760,276.812,60.977,0.414
41.157370,276.579,60.962,0.421
41.168980,276.567,60.962,0.424
41.180590,276.345,60.948,0.421
41.192200,276.602,60.964,0.417
41.203810,276.783,60.975,0.419
41.215420,277.552,61.023,0.426
41.227029,277.731,61.034,0.436
41.238639,278.147,61.060,0.440
41.250249,278.116,61.058,0.440
41.261859,278.157,61.061,0.436
41.273469,278.154,61.061,0.434
41.285079,278.339,61.072,0.430
41.296689,278.501,61.082,0.419
41.308299,278.424,61.077,0.398
41.319909,278.479,61.081,0.368
41.331519,278.407,61.076,0.334
41.343129,278.390,61.075,0.297
41.354739,278.203,61.064,0.264
41.366349,278.147,61.060,0.222
41.377959,277.805,61.039,0.170
41.389569,277.483,61.019,0.100
41.401179,277.547,61.023,0.028
41.412789,,,0.000
41.424399,,,0.000
41.436009,,,0.000
41.447619,,,0.000
41.459229,,,0.000
41.470839,,,0.000
41.482449,,,0.000
41.494059,,,0.000
41.505669,,,0.000
41.517279,,,0.000
41.528889,,,0.000
41.540499,,,0.000
41.552109,,,0.000
41.563719,,,0.000
41.575329,,,0.000
41.586939,,,0.000
41.598549,,,0.000
41.610159,,,0.000
41.621769,,,0.000
41.633379,,,0.000
41.644989,,,0.000
41.656599,,,0.000
41.668209,,,0.000
41.679819,,,0.000
41.691429,,,0.000
41.703039,,,0.000
41.714649,,,0.000
41.726259,,,0.000
41.737868,,,0.000
41.749478,,,0.000
41.761088,,,0.000
41.772698,,,0.000
41.784308,,,0.000
41.795918,,,0.000
41.807528,,,0.000
41.819138,,,0.000
41.830748,,,0.000
41.842358,,,0.000
41.853968,,,0.000
41.865578,,,0.000
41.877188,,,0.000
41.888798,,,0.000
41.900408,,,0.000
41.912018,,,0.000
41.923628,,,0.000
41.935238,,,0.000
41.946848,,,0.000
41.958458,,,0.000
41.970068,,,0.000
41.981678,,,0.000
41.993288,,,0.000
42.004898,,,0.000
42.016508,,,0.000
42.028118,,,0.000
42.039728,,,0.000
42.051338,,,0.000
42.062948,,,0.000
42.074558,,,0.000
42.086168,,,0.000
42.097778,,,0.000
42.109388,,,0.000
42.120998,,,0.000
42.132608,,,0.000
42.144218,,,0.000
42.155828,,,0.000
42.167438,,,0.000
42.179048,,,0.000
42.190658,,,0.000
42.202268,,,0.000
42.213878,,,0.000
42.225488,,,0.000
42.237098,,,0.000
42.248707,,,0.000
42.260317,,,0.000
42.271927,,,0.000
42.283537,,,0.000
42.295147,,,0.000
42.306757,,,0.000
42.318367,,,0.000
42.329977,,,0.000
42.341587,,,0.000
42.353197,,,0.000
42.364807,,,0.000
42.376417,,,0.000
42.388027,,,0.000
42.399637,,,0.000
42.411247,,,0.000
42.422857,,,0.000
42.434467,,,0.000
42.446077,,,0.000
42.457687,,,0.000
42.469297,,,0.000
42.480907,,,0.000
42.492517,,,0.000
42.504127,,,0.000
42.515737,,,0.000
42.527347,,,0.000
42.538957,,,0.000
42.550567,,,0.000
42.562177,,,0.000
42.573787,,,0.000
42.585397,,,0.000
42.597007,,,0.000
42.608617,,,0.000
42.620227,,,0.000
42.631837,,,0.000
42.643447,,,0.000
42.655057,,,0.000
42.666667,,,0.000
42.678277,,,0.000
42.689887,,,0.000
42.701497,,,0.000
42.713107,,,0.000
42.724717,,,0.000
42.736327,,,0.000
42.747937,,,0.000
42.759546,,,0.000
42.771156,,,0.000
42.782766,,,0.000
42.794376,,,0.000
42.805986,,,0.000
42.817596,,,0.000
42.829206,,,0.000
42.840816,,,0.000
42.852426,,,0.000
42.864036,,,0.000
42.875646,,,0.000
42.887256,,,0.000
42.898866,,,0.000
42.910476,,,0.000
42.922086,,,0.000
42.933696,,,0.000
42.945306,,,0.000
42.956916,,,0.000
42.968526,,,0.000
42.980136,,,0.000
42.991746,,,0.000
43.003356,,,0.000
43.014966,,,0.000
43.026576,,,0.000
43.038186,,,0.000
43.049796,,,0.000
43.061406,,,0.000
43.073016,,,0.000
43.084626,,,0.000
43.096236,,,0.000
43.107846,,,0.000
43.119456,,,0.000
43.131066,,,0.000
43.142676,,,0.000
43.154286,,,0.000
43.165896,,,0.000
43.177506,,,0.000
43.189116,,,0.000
43.200726,,,0.000
43.212336,,,0.000
43.223946,,,0.000
43.235556,,,0.000
43.247166,,,0.000
43.258776,,,0.000
43.270385,,,0.000
43.281995,,,0.000
43.293605,,,0.000
43.305215,,,0.000
43.316825,,,0.000
43.328435,,,0.000
43.340045,,,0.000
43.351655,,,0.000
43.363265,,,0.000
43.374875,,,0.000
43.386485,,,0.000
43.398095,,,0.000
43.409705,,,0.000
43.421315,,,0.000
43.432925,,,0.000
43.444535,,,0.000
43.456145,,,0.000
43.467755,,,0.000
43.479365,,,0.000
43.490975,,,0.000
43.502585,,,0.000
43.514195,,,0.000
43.525805,,,0.000
43.537415,,,0.000
43.549025,,,0.000
43.560635,,,0.000
43.572245,,,0.000
43.583855,,,0.000
43.595465,,,0.000
43.607075,,,0.000
43.618685,,,0.000
43.630295,,,0.000
43.641905,,,0.000
43.653515,,,0.000
43.665125,,,0.000
43.676735,,,0.000
43.688345,,,0.000
43.699955,,,0.000
43.711565,,,0.000
43.723175,,,0.000
43.734785,,,0.000
43.746395,,,0.000
43.758005,,,0.000
43.769615,,,0.000
43.781224,,,0.000
43.792834,,,0.000
43.804444,,,0.000
43.816054,,,0.000
43.827664,,,0.000
43.839274,,,0.000
43.850884,,,0.000
43.862494,,,0.000
43.874104,,,0.000
43.885714,,,0.000
43.897324,,,0.000
43.908934,,,0.000
43.920544,,,0.000
43.932154,,,0.000
43.943764,,,0.000
43.955374,,,0.000
43.966984,,,0.000
43.978594,,,0.000
43.990204,,,0.000
44.001814,,,0.000
44.013424,,,0.000
44.025034,,,0.000
44.036644,,,0.000
44.048254,,,0.000
44.059864,,,0.000
44.071474,,,0.000
44.083084,,,0.000
44.094694,,,0.000
44.106304,,,0.000
44.117914,,,0.000
44.129524,,,0.000
44.141134,,,0.000
44.152744,,,0.000
44.164354,,,0.000
44.175964,,,0.000
44.187574,,,0.000
44.199184,,,0.000
44.210794,,,0.000
44.222404,,,0.000
44.234014,,,0.000
44.245624,,,0.000
44.257234,,,0.000
44.268844,,,0.000
44.280454,,,0.000
44.292063,,,0.000
44.303673,,,0.000
44.315283,,,0.000
44.326893,,,0.000
44.338503,,,0.000
44.350113,,,0.000
44.361723,,,0.000
44.373333,,,0.000
44.384943,,,0.000
44.396553,,,0.000
44.408163,,,0.000
44.419773,,,0.000
44.431383,,,0.000
44.442993,,,0.000
44.454603,,,0.000
44.466213,,,0.000
44.477823,,,0.000
44.489433,,,0.000
44.501043,,,0.000
44.512653,,,0.000
44.524263,,,0.000
44.535873,,,0.000
44.547483,,,0.000
44.559093,,,0.000
44.570703,,,0.000
44.582313,,,0.000
44.593923,,,0.000
44.605533,,,0.000
44.617143,,,0.000
44.628753,,,0.000
44.640363,,,0.000
44.651973,,,0.000
44.663583,,,0.000
44.675193,,,0.000
44.686803,,,0.000
44.698413,,,0.000
44.710023,,,0.000
44.721633,,,0.000
44.733243,,,0.000
44.744853,,,0.000
44.756463,,,0.000
44.768073,,,0.000
44.779683,,,0.000
44.791293,,,0.000
44.802902,,,0.000
44.814512,,,0.000
44.826122,,,0.000
44.837732,,,0.000
44.849342,,,0.000
44.860952,,,0.000
44.872562,,,0.000
44.884172,,,0.000
44.895782,,,0.000
44.907392,,,0.000
44.919002,,,0.000
44.930612,,,0.000
44.942222,,,0.000
44.953832,,,0.000
44.965442,,,0.000
44.977052,,,0.000
44.988662,,,0.000
45.000272,,,0.000
45.011882,,,0.000
45.023492,,,0.000
45.035102,,,0.000
45.046712,,,0.000
45.058322,,,0.000
45.069932,,,0.000
45.081542,,,0.000
45.093152,,,0.000
45.104762,,,0.000
45.116372,,,0.000
45.127982,,,0.000
45.139592,,,0.000
45.151202,,,0.000
45.162812,,,0.000
45.174422,,,0.000
45.186032,,,0.000
45.197642,,,0.000
45.209252,,,0.000
45.220862,,,0.000
45.232472,,,0.000
45.244082,,,0.000
45.255692,,,0.000
45.267302,,,0.000
45.278912,,,0.000
45.290522,,,0.000
45.302132,,,0.000
45.313741,,,0.000
45.325351,,,0.000
45.336961,,,0.000
45.348571,,,0.000
45.360181,,,0.000
45.371791,,,0.000
45.383401,,,0.000
45.395011,,,0.000
45.406621,,,0.000
45.418231,,,0.000
45.429841,,,0.000
45.441451,,,0.000
45.453061,,,0.000
45.464671,,,0.000
45.476281,,,0.000
45.487891,,,0.000
45.499501,,,0.000
45.511111,,,0.000
45.522721,,,0.000
45.534331,,,0.000
45.545941,,,0.000
45.557551,,,0.000
45.569161,,,0.000
45.580771,,,0.000
45.592381,,,0.000
45.603991,,,0.000
45.615601,,,0.000
45.627211,,,0.000
45.638821,,,0.000
45.650431,,,0.000
45.662041,,,0.000
45.673651,,,0.000
45.685261,,,0.000
45.696871,,,0.000
45.708481,,,0.000
45.720091,,,0.000
45.731701,,,0.000
45.743311,,,0.000
45.754921,,,0.000
45.766531,,,0.000
45.778141,,,0.000
45.789751,,,0.000
45.801361,,,0.000
45.812971,,,0.000
45.824580,,,0.000
45.836190,,,0.000
45.847800,,,0.000
45.859410,,,0.000
45.871020,,,0.000
45.882630,,,0.000
45.894240,,,0.000
45.905850,,,0.000
45.917460,,,0.000
