time_sec,f0_hz,midi,confidence
0.000000,952.515,82.371,0.337
0.011610,958.693,82.483,0.356
0.023220,959.134,82.491,0.370
0.034830,960.401,82.514,0.385
0.046440,961.325,82.530,0.398
0.058050,967.156,82.635,0.381
0.069660,963.389,82.567,0.381
0.081270,960.520,82.516,0.381
0.092880,112.729,45.424,0.381
0.104490,141.445,49.353,0.383
0.116100,112.634,45.410,0.388
0.127710,97.960,42.993,0.387
0.139320,83.806,40.291,0.387
0.150930,207.435,55.982,0.384
0.162540,169.373,52.472,0.378
0.174150,169.329,52.468,0.369
0.185760,169.252,52.460,0.360
0.197370,169.391,52.474,0.349
0.208980,169.323,52.467,0.332
0.220590,169.612,52.497,0.313
0.232200,335.777,64.320,0.291
0.243810,335.262,64.293,0.261
0.255420,169.508,52.486,0.231
0.267029,337.771,64.423,0.240
0.278639,262.541,60.060,0.335
0.290249,262.261,60.042,0.440
0.301859,341.568,64.616,0.584
0.313469,232.147,57.930,0.664
0.325079,156.603,51.115,0.728
0.336689,156.783,51.135,0.757
0.348299,1002.273,83.252,0.776
0.359909,156.963,51.155,0.788
0.371519,1002.273,83.252,0.795
0.383129,642.430,75.552,0.802
0.394739,602.041,74.428,0.826
0.406349,187.443,54.227,0.828
0.417959,572.759,73.565,0.815
0.429569,565.299,73.338,0.820
0.441179,565.844,73.355,0.825
0.452789,562.740,73.260,0.831
0.464399,561.980,73.236,0.833
0.476009,561.346,73.217,0.833
0.487619,559.959,73.174,0.810
0.499229,560.128,73.179,0.803
0.510839,561.157,73.211,0.801
0.522449,563.968,73.297,0.785
0.534059,571.986,73.542,0.789
0.545669,581.827,73.837,0.781
0.557279,589.523,74.065,0.776
0.568889,597.435,74.295,0.780
0.580499,609.969,74.655,0.792
0.592109,620.124,74.941,0.802
0.603719,621.957,74.992,0.819
0.615329,620.829,74.960,0.831
0.626939,617.882,74.878,0.827
0.638549,611.591,74.701,0.833
0.650159,606.290,74.550,0.833
0.661769,595.493,74.239,0.834
0.673379,581.031,73.813,0.823
0.684989,562.528,73.253,0.807
0.696599,540.905,72.574,0.783
0.708209,515.409,71.739,0.763
0.719819,495.920,71.071,0.746
0.731429,487.994,70.792,0.729
0.743039,478.271,70.444,0.734
0.754649,470.189,70.149,0.732
0.766259,468.614,70.091,0.736
0.777868,468.172,70.074,0.753
0.789478,467.946,70.066,0.767
0.801088,467.889,70.064,0.779
0.812698,467.791,70.060,0.792
0.824308,467.692,70.057,0.803
0.835918,467.600,70.053,0.810
0.847528,468.097,70.072,0.812
0.859138,469.146,70.110,0.811
0.870748,470.848,70.173,0.804
0.882358,476.172,70.368,0.803
0.893968,485.814,70.715,0.807
0.905578,492.831,70.963,0.799
0.917188,505.132,71.390,0.789
0.928798,528.314,72.167,0.789
0.940408,544.519,72.690,0.783
0.952018,548.456,72.814,0.782
0.963628,551.475,72.909,0.785
0.975238,554.141,72.993,0.789
0.986848,554.927,73.018,0.789
0.998458,555.091,73.023,0.793
1.010068,555.400,73.032,0.792
1.021678,555.266,73.028,0.785
1.033288,555.351,73.031,0.778
1.044898,555.200,73.026,0.768
1.056508,555.744,73.043,0.756
1.068118,558.065,73.115,0.734
1.079728,565.683,73.350,0.704
1.091338,570.737,73.504,0.680
1.102948,144.673,49.743,0.670
1.114558,144.825,49.762,0.655
1.126168,135.148,48.564,0.651
1.137778,145.282,49.816,0.655
1.149388,135.277,48.581,0.651
1.160998,969.894,82.684,0.652
1.172608,472.365,70.229,0.688
1.184218,464.381,69.934,0.711
1.195828,461.146,69.813,0.727
1.207438,455.492,69.599,0.739
1.219048,447.654,69.299,0.756
1.230658,436.760,68.872,0.777
1.242268,428.041,68.523,0.799
1.253878,423.854,68.353,0.819
1.265488,418.946,68.151,0.819
1.277098,416.471,68.049,0.819
1.288707,415.104,67.992,0.820
1.300317,414.587,67.970,0.824
1.311927,414.313,67.959,0.824
1.323537,414.532,67.968,0.819
1.335147,414.966,67.986,0.805
1.346757,415.586,68.012,0.784
1.358367,416.341,68.043,0.769
1.369977,417.248,68.081,0.762
1.381587,418.786,68.145,0.760
1.393197,421.582,68.260,0.756
1.404807,431.523,68.663,0.767
1.416417,436.162,68.848,0.760
1.428027,441.983,69.078,0.760
1.439637,450.495,69.408,0.777
1.451247,458.538,69.714,0.801
1.462857,462.128,69.849,0.819
1.474467,464.181,69.926,0.826
1.486077,465.523,69.976,0.831
1.497687,467.372,70.045,0.824
1.509297,467.482,70.049,0.830
1.520907,934.002,82.031,0.834
1.532517,466.607,70.016,0.827
1.544127,465.429,69.973,0.807
1.555737,464.269,69.929,0.781
1.567347,463.473,69.900,0.758
1.578957,462.241,69.854,0.732
1.590567,461.828,69.838,0.712
1.602177,92.668,42.032,0.687
1.613787,92.738,42.045,0.659
1.625397,862.187,80.646,0.634
1.637007,855.225,80.506,0.620
1.648617,856.078,80.523,0.620
1.660227,855.777,80.517,0.615
1.671837,106.157,44.384,0.603
1.683447,883.589,81.070,0.602
1.695057,374.678,66.218,0.667
1.706667,375.696,66.265,0.704
1.718277,367.797,65.897,0.741
1.729887,360.929,65.571,0.784
1.741497,357.364,65.399,0.815
1.753107,355.205,65.294,0.840
1.764717,353.622,65.216,0.856
1.776327,352.255,65.149,0.860
1.787937,350.709,65.073,0.855
1.799546,349.522,65.015,0.856
1.811156,349.007,64.989,0.856
1.822766,348.437,64.961,0.847
1.834376,348.212,64.950,0.838
1.845986,348.063,64.942,0.828
1.857596,348.231,64.950,0.819
1.869206,348.719,64.975,0.823
1.880816,349.323,65.005,0.826
1.892426,350.105,65.043,0.824
1.904036,351.339,65.104,0.819
1.915646,352.352,65.154,0.809
1.927256,354.066,65.238,0.800
1.938866,357.866,65.423,0.800
1.950476,363.205,65.679,0.800
1.962086,372.560,66.120,0.806
1.973696,379.587,66.443,0.796
1.985306,393.360,67.060,0.784
1.996916,405.916,67.604,0.776
2.008526,411.180,67.827,0.778
2.020136,413.876,67.940,0.781
2.031746,415.390,68.004,0.774
2.043356,416.068,68.032,0.774
2.054966,416.565,68.052,0.767
2.066576,416.618,68.055,0.779
2.078186,416.364,68.044,0.783
2.089796,415.786,68.020,0.785
2.101406,415.336,68.001,0.775
2.113016,414.946,67.985,0.761
2.124626,415.210,67.996,0.745
2.136236,415.760,68.019,0.723
2.147846,416.124,68.034,0.695
2.159456,879.829,80.997,0.660
2.171066,910.036,81.581,0.626
2.182676,932.738,82.008,0.586
2.194286,941.576,82.171,0.577
2.205896,365.791,65.802,0.599
2.217506,364.298,65.731,0.672
2.229116,359.862,65.519,0.727
2.240726,358.132,65.436,0.776
2.252336,355.150,65.291,0.811
2.263946,352.653,65.169,0.835
2.275556,350.770,65.076,0.856
2.287166,348.847,64.981,0.873
2.298776,346.948,64.887,0.883
2.310385,344.523,64.765,0.880
2.321995,341.607,64.618,0.870
2.333605,336.997,64.383,0.857
2.345215,332.688,64.160,0.844
2.356825,327.769,63.902,0.830
2.368435,321.666,63.577,0.814
2.380045,315.853,63.261,0.803
2.391655,312.601,63.082,0.789
2.403265,155.706,51.016,0.794
2.414875,155.330,50.974,0.818
2.426485,229.526,57.734,0.831
2.438095,229.390,57.724,0.833
2.449705,229.887,57.761,0.843
2.461315,229.564,57.737,0.844
2.472925,229.657,57.744,0.849
2.484535,231.222,57.861,0.854
2.496145,231.153,57.856,0.861
2.507755,306.937,62.765,0.863
2.519365,310.142,62.945,0.868
2.530975,312.104,63.054,0.874
2.542585,313.675,63.141,0.875
2.554195,313.747,63.145,0.878
2.565805,314.442,63.183,0.879
2.577415,314.294,63.175,0.888
2.589025,314.253,63.173,0.894
2.600635,313.297,63.120,0.898
2.612245,312.049,63.051,0.901
2.623855,311.092,62.998,0.903
2.635465,310.806,62.982,0.902
2.647075,310.769,62.980,0.903
2.658685,310.818,62.983,0.902
2.670295,310.653,62.974,0.893
2.681905,310.357,62.957,0.876
2.693515,310.212,62.949,0.851
2.705125,310.323,62.955,0.825
2.716735,310.531,62.967,0.806
2.728345,310.139,62.945,0.788
2.739955,313.266,63.119,0.771
2.751565,313.365,63.124,0.750
2.763175,154.513,50.883,0.740
2.774785,155.301,50.971,0.732
2.786395,155.332,50.974,0.728
2.798005,155.614,51.006,0.723
2.809615,155.482,50.991,0.708
2.821224,155.147,50.954,0.694
2.832834,155.353,50.977,0.668
2.844444,156.043,51.053,0.642
2.856054,155.720,51.017,0.607
2.867664,155.845,51.031,0.570
2.879274,155.684,51.013,0.541
2.890884,315.238,63.227,0.494
2.902494,103.816,43.998,0.438
2.914104,315.891,63.263,0.425
2.925714,314.541,63.189,0.431
2.937324,315.803,63.258,0.437
2.948934,315.659,63.250,0.448
2.960544,315.471,63.240,0.459
2.972154,103.573,43.958,0.470
2.983764,155.910,51.039,0.484
2.995374,155.686,51.014,0.494
3.006984,451.200,69.435,0.506
3.018594,452.810,69.497,0.516
3.030204,452.922,69.501,0.529
3.041814,452.383,69.480,0.545
3.053424,453.179,69.511,0.555
3.065034,88.117,41.160,0.564
3.076644,451.613,69.451,0.571
3.088254,98.737,43.130,0.580
3.099864,142.383,49.467,0.578
3.111474,153.814,50.804,0.574
3.123084,154.167,50.844,0.564
3.134694,153.932,50.818,0.546
3.146304,154.180,50.845,0.527
3.157914,153.591,50.779,0.496
3.169524,153.731,50.795,0.458
3.181134,154.301,50.859,0.396
3.192744,103.466,43.940,0.351
3.204354,103.652,43.971,0.278
3.215964,153.266,50.742,0.224
3.227574,285.375,61.504,0.616
3.239184,1002.273,83.252,0.678
3.250794,1002.273,83.252,0.752
3.262404,1002.273,83.252,0.792
3.274014,323.433,63.672,0.813
3.285624,322.070,63.598,0.834
3.297234,320.303,63.503,0.855
3.308844,318.614,63.412,0.872
3.320454,316.774,63.311,0.869
3.332063,316.272,63.284,0.869
3.343673,314.748,63.200,0.858
3.355283,312.194,63.059,0.847
3.366893,311.035,62.995,0.843
3.378503,310.374,62.958,0.838
3.390113,310.283,62.953,0.829
3.401723,310.495,62.965,0.820
3.413333,311.033,62.995,0.815
3.424943,311.450,63.018,0.812
3.436553,311.658,63.030,0.807
3.448163,311.487,63.020,0.804
3.459773,311.338,63.012,0.795
3.471383,311.233,63.006,0.777
3.482993,311.300,63.010,0.759
3.494603,311.606,63.027,0.737
3.506213,311.532,63.023,0.709
3.517823,311.579,63.025,0.681
3.529433,312.190,63.059,0.643
3.541043,309.919,62.933,0.596
3.552653,304.263,62.614,0.559
3.564263,103.777,43.992,0.527
3.575873,102.695,43.810,0.499
3.587483,103.093,43.877,0.466
3.599093,104.059,44.039,0.427
3.610703,312.665,63.085,0.362
3.622313,102.719,43.814,0.301
3.633923,310.253,62.951,0.268
3.645533,310.960,62.991,0.253
3.657143,308.493,62.853,0.231
3.668753,309.031,62.883,0.219
3.680363,309.983,62.936,0.211
3.691973,310.808,62.982,0.212
3.703583,311.285,63.009,0.211
3.715193,311.254,63.007,0.209
3.726803,311.309,63.010,0.216
3.738413,1002.273,83.252,0.572
3.750023,1002.273,83.252,0.707
3.761633,322.013,63.595,0.800
3.773243,322.191,63.605,0.832
3.784853,322.071,63.598,0.849
3.796463,321.638,63.575,0.863
3.808073,321.012,63.542,0.876
3.819683,320.423,63.510,0.889
3.831293,319.354,63.452,0.894
3.842902,317.794,63.367,0.889
3.854512,314.541,63.189,0.869
3.866122,311.526,63.022,0.858
3.877732,309.998,62.937,0.855
3.889342,309.635,62.917,0.854
3.900952,309.496,62.909,0.849
3.912562,309.617,62.916,0.842
3.924172,310.150,62.946,0.831
3.935782,310.665,62.974,0.820
3.947392,311.483,63.020,0.816
3.959002,312.012,63.049,0.817
3.970612,312.609,63.082,0.815
3.982222,313.092,63.109,0.806
3.993832,313.648,63.140,0.795
4.005442,314.386,63.180,0.779
4.017052,314.736,63.200,0.762
4.028662,315.045,63.217,0.738
4.040272,315.776,63.257,0.695
4.051882,317.355,63.343,0.640
4.063492,318.535,63.407,0.555
4.075102,320.595,63.519,0.429
4.086712,320.283,63.502,0.314
4.098322,319.389,63.454,0.262
4.109932,316.864,63.316,0.214
4.121542,313.392,63.126,0.171
4.133152,312.407,63.071,0.158
4.144762,310.961,62.991,0.145
4.156372,310.217,62.949,0.131
4.167982,311.093,62.998,0.123
4.179592,311.760,63.035,0.146
4.191202,311.732,63.034,0.160
4.202812,311.826,63.039,0.172
4.214422,312.204,63.060,0.184
4.226032,312.425,63.072,0.195
4.237642,312.818,63.094,0.208
4.249252,319.941,63.484,0.303
4.260862,975.367,82.781,0.782
4.272472,317.218,63.336,0.841
4.284082,316.975,63.322,0.856
4.295692,316.438,63.293,0.870
4.307302,315.919,63.265,0.880
4.318912,315.557,63.245,0.886
4.330522,315.243,63.228,0.891
4.342132,314.936,63.211,0.894
4.353741,314.037,63.161,0.837
4.365351,311.600,63.026,0.787
4.376961,310.843,62.984,0.774
4.388571,310.676,62.975,0.756
4.400181,311.520,63.022,0.737
4.411791,312.816,63.094,0.732
4.423401,314.266,63.174,0.736
4.435011,315.398,63.236,0.743
4.446621,156.548,51.109,0.750
4.458231,156.468,51.100,0.749
4.469841,80.721,39.642,0.748
4.481451,80.678,39.633,0.755
4.493061,80.509,39.597,0.769
4.504671,798.195,79.311,0.771
4.516281,796.651,79.277,0.772
4.527891,85.670,40.672,0.774
4.539501,85.671,40.672,0.772
4.551111,85.785,40.695,0.784
4.562721,352.291,65.151,0.814
4.574331,353.648,65.218,0.821
4.585941,353.825,65.226,0.827
4.597551,351.904,65.132,0.838
4.609161,350.518,65.064,0.843
4.620771,348.867,64.982,0.845
4.632381,348.897,64.984,0.849
4.643991,348.398,64.959,0.847
4.655601,348.208,64.949,0.830
4.667211,349.629,65.020,0.830
4.678821,352.025,65.138,0.828
4.690431,356.229,65.344,0.825
4.702041,360.677,65.558,0.825
4.713651,364.219,65.728,0.825
4.725261,366.669,65.844,0.824
4.736871,368.496,65.930,0.823
4.748481,369.641,65.983,0.827
4.760091,370.333,66.016,0.829
4.771701,370.394,66.019,0.826
4.783311,370.027,66.002,0.827
4.794921,369.570,65.980,0.826
4.806531,369.053,65.956,0.828
4.818141,368.808,65.944,0.829
4.829751,368.800,65.944,0.827
4.841361,368.891,65.948,0.816
4.852971,369.143,65.960,0.802
4.864580,369.576,65.980,0.789
4.876190,370.101,66.005,0.773
4.887800,370.737,66.035,0.755
4.899410,371.779,66.083,0.736
4.911020,371.510,66.071,0.717
4.922630,370.571,66.027,0.702
4.934240,370.248,66.012,0.692
4.945850,371.280,66.060,0.689
4.957460,370.368,66.017,0.685
4.969070,371.173,66.055,0.683
4.980680,368.512,65.930,0.691
4.992290,368.603,65.935,0.697
5.003900,123.540,47.010,0.702
5.015510,123.714,47.034,0.702
5.027120,101.595,43.624,0.710
5.038730,550.000,72.863,0.708
5.050340,1002.273,83.252,0.726
5.061950,1002.273,83.252,0.757
5.073560,354.446,65.257,0.804
5.085170,352.137,65.144,0.838
5.096780,350.868,65.081,0.854
5.108390,350.217,65.049,0.858
5.120000,349.479,65.012,0.870
5.131610,349.189,64.998,0.885
5.143220,349.404,65.009,0.890
5.154830,348.947,64.986,0.889
5.166440,348.747,64.976,0.879
5.178050,349.900,65.033,0.872
5.189660,352.308,65.152,0.874
5.201270,354.864,65.277,0.883
5.212880,358.225,65.440,0.885
5.224490,361.973,65.621,0.881
5.236100,365.369,65.782,0.885
5.247710,367.903,65.902,0.891
5.259320,369.852,65.993,0.898
5.270930,371.219,66.057,0.899
5.282540,371.485,66.070,0.897
5.294150,370.939,66.044,0.896
5.305760,370.256,66.012,0.894
5.317370,369.623,65.983,0.896
5.328980,368.994,65.953,0.895
5.340590,368.671,65.938,0.889
5.352200,368.754,65.942,0.883
5.363810,369.068,65.957,0.874
5.375420,369.551,65.979,0.863
5.387029,370.094,66.005,0.852
5.398639,370.527,66.025,0.834
5.410249,370.803,66.038,0.815
5.421859,372.058,66.096,0.793
5.433469,371.750,66.082,0.768
5.445079,371.894,66.089,0.729
5.456689,371.334,66.063,0.695
5.468299,371.654,66.077,0.673
5.479909,371.606,66.075,0.660
5.491519,372.599,66.121,0.659
5.503129,372.563,66.120,0.652
5.514739,372.006,66.094,0.646
5.526349,372.830,66.132,0.638
5.537959,159.807,51.466,0.633
5.549569,92.918,42.078,0.630
5.561179,159.442,51.426,0.660
5.572789,1002.273,83.252,0.722
5.584399,1002.273,83.252,0.777
5.596009,356.119,65.338,0.805
5.607619,353.369,65.204,0.837
5.619229,352.302,65.152,0.860
5.630839,351.859,65.130,0.874
5.642449,351.334,65.104,0.887
5.654059,350.855,65.080,0.898
5.665669,350.500,65.063,0.899
5.677279,349.388,65.008,0.889
5.688889,349.009,64.989,0.881
5.700499,349.981,65.037,0.869
5.712109,352.168,65.145,0.855
5.723719,355.418,65.304,0.850
5.735329,360.050,65.528,0.842
5.746939,365.301,65.779,0.830
5.758549,368.759,65.942,0.821
5.770159,370.102,66.005,0.824
5.781769,370.578,66.027,0.830
5.793379,371.112,66.052,0.832
5.804989,371.157,66.054,0.833
5.816599,370.966,66.045,0.833
5.828209,370.443,66.021,0.831
5.839819,369.906,65.996,0.827
5.851429,369.614,65.982,0.822
5.863039,369.347,65.970,0.816
5.874649,369.331,65.969,0.809
5.886259,369.278,65.966,0.802
5.897868,369.365,65.971,0.799
5.909478,369.600,65.982,0.793
5.921088,370.036,66.002,0.785
5.932698,370.359,66.017,0.774
5.944308,370.709,66.033,0.757
5.955918,371.491,66.070,0.737
5.967528,370.980,66.046,0.715
5.979138,370.417,66.020,0.691
5.990748,369.234,65.964,0.655
6.002358,368.079,65.910,0.616
6.013968,366.397,65.831,0.578
6.025578,366.963,65.858,0.546
6.037188,366.324,65.827,0.536
6.048798,367.460,65.881,0.523
6.060408,369.687,65.986,0.493
6.072018,373.066,66.143,0.503
6.083628,1002.273,83.252,0.670
6.095238,1002.273,83.252,0.735
6.106848,179.078,53.437,0.779
6.118458,179.217,53.450,0.802
6.130068,178.986,53.428,0.821
6.141678,358.217,65.440,0.842
6.153288,357.132,65.387,0.857
6.164898,356.117,65.338,0.869
6.176508,353.333,65.202,0.865
6.188118,352.027,65.138,0.862
6.199728,350.535,65.065,0.853
6.211338,349.895,65.033,0.851
6.222948,350.394,65.058,0.848
6.234558,352.666,65.170,0.851
6.246168,356.524,65.358,0.855
6.257778,361.160,65.582,0.856
6.269388,365.682,65.797,0.857
6.280998,368.109,65.912,0.855
6.292608,369.430,65.974,0.859
6.304218,370.367,66.017,0.865
6.315828,370.735,66.035,0.873
6.327438,370.802,66.038,0.872
6.339048,370.516,66.024,0.874
6.350658,369.820,65.992,0.877
6.362268,369.117,65.959,0.879
6.373878,368.805,65.944,0.881
6.385488,368.712,65.940,0.883
6.397098,368.801,65.944,0.880
6.408707,369.137,65.960,0.875
6.420317,369.655,65.984,0.867
6.431927,370.057,66.003,0.851
6.443537,370.473,66.022,0.830
6.455147,370.862,66.041,0.811
6.466757,371.093,66.051,0.791
6.478367,370.872,66.041,0.769
6.489977,369.513,65.977,0.746
6.501587,368.672,65.938,0.719
6.513197,367.317,65.874,0.716
6.524807,514.355,71.703,0.727
6.536417,514.228,71.699,0.740
6.548027,514.929,71.722,0.744
6.559637,516.621,71.779,0.746
6.571247,518.112,71.829,0.742
6.582857,516.322,71.769,0.742
6.594467,227.225,57.559,0.741
6.606077,408.226,67.702,0.739
6.617687,401.947,67.434,0.768
6.629297,391.619,66.983,0.794
6.640907,383.637,66.627,0.811
6.652517,379.545,66.441,0.830
6.664127,376.644,66.308,0.841
6.675737,374.428,66.206,0.856
6.687347,371.899,66.089,0.875
6.698957,369.030,65.955,0.883
6.710567,365.550,65.791,0.878
6.722177,361.694,65.607,0.872
6.733787,358.372,65.447,0.866
6.745397,355.392,65.303,0.862
6.757007,353.926,65.231,0.867
6.768617,352.504,65.162,0.865
6.780227,351.800,65.127,0.860
6.791837,351.328,65.104,0.858
6.803447,351.044,65.090,0.857
6.815057,350.770,65.076,0.856
6.826667,350.527,65.064,0.857
6.838277,350.174,65.047,0.854
6.849887,349.337,65.005,0.838
6.861497,349.069,64.992,0.828
6.873107,348.823,64.980,0.819
6.884717,349.348,65.006,0.814
6.896327,349.645,65.021,0.798
6.907937,350.381,65.057,0.780
6.919546,351.708,65.122,0.762
6.931156,352.782,65.175,0.744
6.942766,354.449,65.257,0.736
6.954376,355.805,65.323,0.719
6.965986,360.290,65.540,0.687
6.977596,364.592,65.745,0.632
6.989206,364.817,65.756,0.616
7.000816,362.711,65.656,0.593
7.012426,175.591,53.097,0.569
7.024036,357.894,65.424,0.536
7.035646,174.701,53.009,0.496
7.047256,174.357,52.974,0.435
7.058866,176.514,53.187,0.411
7.070476,176.610,53.197,0.409
7.082086,364.821,65.756,0.428
7.093696,367.966,65.905,0.452
7.105306,368.098,65.911,0.466
7.116916,369.801,65.991,0.482
7.128526,370.334,66.016,0.494
7.140136,757.081,78.395,0.509
7.151746,341.955,64.636,0.520
7.163356,87.937,41.125,0.521
7.174966,609.191,74.633,0.520
7.186576,88.186,41.173,0.512
7.198186,88.045,41.146,0.508
7.209796,542.244,72.617,0.497
7.221406,112.032,45.317,0.485
7.233016,112.329,45.363,0.466
7.244626,369.070,65.957,0.436
7.256236,368.423,65.926,0.419
7.267846,368.583,65.934,0.392
7.279456,367.683,65.891,0.370
7.291066,362.203,65.632,0.363
7.302676,544.773,72.698,0.410
7.314286,364.354,65.734,0.493
7.325896,223.945,57.308,0.551
7.337506,462.403,69.860,0.605
7.349116,460.556,69.790,0.658
7.360726,460.104,69.773,0.677
7.372336,301.231,62.440,0.708
7.383946,301.247,62.441,0.734
7.395556,301.006,62.427,0.763
7.407166,282.261,61.314,0.786
7.418776,281.717,61.281,0.808
7.430385,280.351,61.197,0.822
7.441995,280.414,61.201,0.830
7.453605,279.223,61.127,0.843
7.465215,277.971,61.049,0.851
7.476825,277.122,60.996,0.858
7.488435,276.342,60.947,0.859
7.500045,275.567,60.899,0.858
7.511655,275.128,60.871,0.851
7.523265,275.003,60.863,0.844
7.534875,275.000,60.863,0.835
7.546485,275.040,60.866,0.823
7.558095,275.308,60.882,0.806
7.569705,275.760,60.911,0.788
7.581315,276.250,60.942,0.765
7.592925,276.705,60.970,0.740
7.604535,277.329,61.009,0.715
7.616145,277.783,61.037,0.685
7.627755,278.145,61.060,0.658
7.639365,278.554,61.085,0.628
7.650975,278.524,61.084,0.599
7.662585,277.389,61.013,0.564
7.674195,277.273,61.006,0.529
7.685805,276.915,60.983,0.491
7.697415,277.375,61.012,0.450
7.709025,278.042,61.054,0.409
7.720635,278.054,61.054,0.399
7.732245,223.723,57.291,0.385
7.743855,278.160,61.061,0.364
7.755465,138.311,48.965,0.329
7.767075,277.202,61.001,0.307
7.778685,277.153,60.998,0.293
7.790295,276.629,60.965,0.280
7.801905,138.020,48.929,0.292
7.813515,138.483,48.986,0.343
7.825125,136.975,48.797,0.418
7.836735,137.162,48.821,0.497
7.848345,139.226,49.079,0.552
7.859955,262.503,60.058,0.591
7.871565,262.192,60.037,0.614
7.883175,262.396,60.051,0.638
7.894785,299.719,62.353,0.680
7.906395,297.378,62.218,0.714
7.918005,286.279,61.559,0.741
7.929615,282.572,61.333,0.765
7.941224,281.191,61.249,0.785
7.952834,280.461,61.204,0.801
7.964444,279.319,61.133,0.821
7.976054,278.044,61.054,0.838
7.987664,277.156,60.998,0.845
7.999274,276.637,60.966,0.848
8.010884,275.993,60.926,0.849
8.022494,275.622,60.902,0.847
8.034104,275.375,60.887,0.843
8.045714,275.262,60.880,0.837
8.057324,275.445,60.891,0.824
8.068934,275.737,60.909,0.807
8.080544,275.998,60.926,0.788
8.092154,276.250,60.942,0.770
8.103764,276.530,60.959,0.749
8.115374,276.939,60.985,0.722
8.126984,277.352,61.011,0.691
8.138594,277.663,61.030,0.653
8.150204,278.462,61.080,0.617
8.161814,279.276,61.130,0.575
8.173424,279.688,61.156,0.539
8.185034,279.638,61.153,0.492
8.196644,278.675,61.093,0.433
8.208254,277.823,61.040,0.365
8.219864,276.645,60.966,0.305
8.231474,275.810,60.914,0.259
8.243084,275.884,60.919,0.244
8.254694,275.928,60.921,0.240
8.266304,275.796,60.913,0.229
8.277914,275.675,60.906,0.224
8.289524,276.051,60.929,0.220
8.301134,276.290,60.944,0.212
8.312744,276.170,60.937,0.206
8.324354,276.420,60.952,0.207
8.335964,138.072,48.935,0.246
8.347574,137.997,48.926,0.321
8.359184,466.730,70.021,0.403
8.370794,113.085,45.479,0.484
8.382404,307.397,62.791,0.679
8.394014,291.404,61.866,0.736
8.405624,287.879,61.656,0.769
8.417234,283.636,61.398,0.808
8.428844,281.257,61.253,0.834
8.440454,279.841,61.165,0.853
8.452063,278.818,61.102,0.866
8.463673,278.235,61.066,0.872
8.475283,277.039,60.991,0.857
8.486893,276.372,60.949,0.846
8.498503,275.997,60.926,0.838
8.510113,275.555,60.898,0.819
8.521723,275.668,60.905,0.796
8.533333,276.022,60.927,0.771
8.544943,277.753,61.036,0.748
8.556553,278.845,61.104,0.737
8.568163,279.260,61.129,0.734
8.579773,279.337,61.134,0.742
8.591383,279.150,61.122,0.749
8.602993,278.499,61.082,0.745
8.614603,278.670,61.093,0.755
8.626213,278.402,61.076,0.772
8.637823,278.044,61.054,0.777
8.649433,278.061,61.055,0.774
8.661043,277.799,61.038,0.768
8.672653,277.461,61.017,0.763
8.684263,278.299,61.070,0.773
8.695873,278.673,61.093,0.782
8.707483,279.204,61.126,0.783
8.719093,278.800,61.101,0.790
8.730703,278.578,61.087,0.805
8.742313,278.422,61.077,0.817
8.753923,278.184,61.062,0.824
8.765533,277.859,61.042,0.824
8.777143,277.433,61.016,0.815
8.788753,277.711,61.033,0.815
8.800363,278.788,61.100,0.818
8.811973,280.990,61.236,0.824
8.823583,286.220,61.555,0.838
8.835193,289.575,61.757,0.845
8.846803,291.706,61.884,0.855
8.858413,292.801,61.949,0.858
8.870023,293.568,61.994,0.858
8.881633,294.133,62.028,0.856
8.893243,294.467,62.047,0.852
8.904853,294.302,62.037,0.840
8.916463,293.603,61.996,0.813
8.928073,292.876,61.953,0.794
8.939683,292.333,61.921,0.781
8.951293,292.111,61.908,0.779
8.962902,291.922,61.897,0.786
8.974512,292.157,61.911,0.788
8.986122,292.861,61.953,0.789
8.997732,293.260,61.976,0.787
9.009342,293.834,62.010,0.783
9.020952,294.645,62.058,0.774
9.032562,296.115,62.144,0.761
9.044172,297.337,62.215,0.747
9.055782,298.393,62.277,0.726
9.067392,148.164,50.156,0.708
9.079002,147.941,50.130,0.696
9.090612,158.498,51.324,0.693
9.102222,158.606,51.335,0.695
9.113832,812.548,79.619,0.710
9.125442,809.362,79.551,0.722
9.137052,270.101,60.552,0.740
9.148662,269.268,60.498,0.746
9.160272,271.618,60.649,0.758
9.171882,85.282,40.594,0.762
9.183492,85.256,40.588,0.759
9.195102,85.194,40.576,0.774
9.206712,313.132,63.111,0.778
9.218322,279.513,61.145,0.782
9.229932,279.835,61.165,0.787
9.241542,279.636,61.153,0.793
9.253152,279.565,61.148,0.790
9.264762,279.079,61.118,0.788
9.276372,278.704,61.095,0.792
9.287982,277.183,61.000,0.783
9.299592,276.896,60.982,0.781
9.311202,276.402,60.951,0.776
9.322812,276.668,60.968,0.775
9.334422,278.359,61.073,0.780
9.346032,281.803,61.286,0.791
9.357642,284.589,61.457,0.802
9.369252,289.567,61.757,0.811
9.380862,291.514,61.873,0.814
9.392472,292.381,61.924,0.809
9.404082,292.656,61.940,0.805
9.415692,293.428,61.986,0.791
9.427302,293.959,62.017,0.774
9.438912,293.581,61.995,0.753
9.450522,292.672,61.941,0.734
9.462132,292.121,61.909,0.711
9.473741,292.216,61.914,0.706
9.485351,293.184,61.972,0.719
9.496961,294.095,62.025,0.726
9.508571,294.889,62.072,0.728
9.520181,295.197,62.090,0.728
9.531791,295.703,62.120,0.721
9.543401,297.118,62.202,0.719
9.555011,298.177,62.264,0.712
9.566621,298.904,62.306,0.700
9.578231,299.447,62.338,0.682
9.589841,299.872,62.362,0.677
9.601451,794.859,79.238,0.677
9.613061,786.293,79.051,0.686
9.624671,788.896,79.108,0.693
9.636281,102.052,43.702,0.699
9.647891,102.050,43.701,0.710
9.659501,97.183,42.855,0.724
9.671111,97.019,42.826,0.727
9.682721,161.152,51.611,0.729
9.694331,280.890,61.230,0.746
9.705941,280.783,61.223,0.756
9.717551,281.350,61.258,0.777
9.729161,278.903,61.107,0.792
9.740771,277.196,61.001,0.811
9.752381,275.879,60.918,0.824
9.763991,275.935,60.922,0.839
9.775601,275.840,60.916,0.849
9.787211,275.507,60.895,0.850
9.798821,275.529,60.896,0.851
9.810431,276.070,60.930,0.853
9.822041,277.451,61.017,0.848
9.833651,280.028,61.177,0.842
9.845261,284.437,61.447,0.841
9.856871,289.505,61.753,0.847
9.868481,292.691,61.943,0.853
9.880091,293.841,62.010,0.861
9.891701,294.454,62.046,0.863
9.903311,295.009,62.079,0.857
9.914921,294.816,62.068,0.855
9.926531,294.616,62.056,0.848
9.938141,294.104,62.026,0.833
9.949751,293.540,61.993,0.808
9.961361,292.705,61.943,0.784
9.972971,291.459,61.869,0.759
9.984580,290.608,61.819,0.739
9.996190,292.066,61.905,0.727
10.007800,292.798,61.949,0.716
10.019410,293.984,62.019,0.711
10.031020,295.038,62.081,0.703
10.042630,295.742,62.122,0.694
10.054240,297.413,62.220,0.674
10.065850,298.631,62.290,0.651
10.077460,299.451,62.338,0.631
10.089070,296.966,62.194,0.625
10.100680,287.462,61.630,0.639
10.112290,463.124,69.887,0.663
10.123900,461.585,69.829,0.701
10.135510,462.184,69.852,0.725
10.147120,461.743,69.835,0.745
10.158730,461.693,69.833,0.762
10.170340,462.029,69.846,0.772
10.181950,461.649,69.832,0.771
10.193560,125.512,47.284,0.771
10.205170,1002.273,83.252,0.769
10.216780,1002.273,83.252,0.785
10.228390,1002.273,83.252,0.792
10.240000,962.813,82.557,0.797
10.251610,947.928,82.287,0.801
10.263220,916.043,81.695,0.811
10.274830,902.222,81.432,0.828
10.286440,280.081,61.180,0.845
10.298050,278.504,61.082,0.863
10.309660,276.513,60.958,0.869
10.321270,275.740,60.910,0.879
10.332880,275.993,60.926,0.888
10.344490,276.910,60.983,0.898
10.356100,278.285,61.069,0.904
10.367710,280.077,61.180,0.906
10.379320,282.303,61.317,0.903
10.390930,285.420,61.507,0.899
10.402540,289.061,61.726,0.896
10.414150,291.885,61.895,0.891
10.425760,293.648,61.999,0.885
10.437370,294.675,62.059,0.873
10.448980,294.928,62.074,0.862
10.460590,294.510,62.050,0.850
10.472200,293.802,62.008,0.839
10.483810,293.021,61.962,0.822
10.495420,292.453,61.928,0.802
10.507029,292.187,61.913,0.785
10.518639,292.318,61.920,0.771
10.530249,292.786,61.948,0.775
10.541859,293.408,61.985,0.775
10.553469,294.079,62.024,0.775
10.565079,295.126,62.086,0.770
10.576689,296.092,62.143,0.763
10.588299,297.275,62.212,0.754
10.599909,299.443,62.337,0.745
10.611519,298.698,62.294,0.731
10.623129,298.812,62.301,0.700
10.634739,278.973,61.111,0.672
10.646349,278.405,61.076,0.646
10.657959,278.496,61.082,0.627
10.669569,278.852,61.104,0.615
10.681179,96.514,42.736,0.588
10.692789,291.251,61.857,0.554
10.704399,96.074,42.657,0.518
10.716009,887.579,81.148,0.472
10.727619,284.654,61.460,0.422
10.739229,883.259,81.064,0.385
10.750839,851.999,80.440,0.355
10.762449,282.184,61.310,0.354
10.774059,281.077,61.242,0.353
10.785669,280.088,61.181,0.356
10.797279,278.867,61.105,0.360
10.808889,277.938,61.047,0.375
10.820499,276.935,60.985,0.392
10.832109,276.097,60.932,0.409
10.843719,275.759,60.911,0.413
10.855329,276.345,60.948,0.427
10.866939,842.161,80.239,0.446
10.878549,845.230,80.302,0.449
10.890159,848.508,80.369,0.452
10.901769,852.548,80.451,0.450
10.913379,856.024,80.522,0.444
10.924989,861.567,80.634,0.427
10.936599,435.730,68.831,0.534
10.948209,915.191,81.679,0.625
10.959819,933.498,82.022,0.721
10.971429,937.044,82.087,0.767
10.983039,954.689,82.410,0.809
10.994649,960.114,82.508,0.829
11.006259,945.315,82.239,0.845
11.017868,937.048,82.087,0.871
11.029478,925.101,81.865,0.885
11.041088,921.456,81.797,0.887
11.052698,913.335,81.644,0.879
11.064308,901.664,81.421,0.870
11.075918,868.127,80.765,0.861
11.087528,859.866,80.599,0.853
11.099138,850.432,80.408,0.840
11.110748,830.081,79.989,0.813
11.122358,817.289,79.720,0.792
11.133968,156.536,51.108,0.788
11.145578,158.632,51.338,0.788
11.157188,158.172,51.288,0.805
11.168798,315.289,63.230,0.817
11.180408,315.439,63.238,0.840
11.192018,314.136,63.167,0.864
11.203628,313.804,63.148,0.883
11.215238,311.755,63.035,0.899
11.226848,310.181,62.947,0.912
11.238458,309.770,62.924,0.919
11.250068,309.942,62.934,0.918
11.261678,310.326,62.955,0.912
11.273288,310.939,62.990,0.906
11.284898,311.441,63.017,0.901
11.296508,311.510,63.021,0.897
11.308118,311.615,63.027,0.893
11.319728,311.719,63.033,0.887
11.331338,311.574,63.025,0.887
11.342948,311.641,63.029,0.893
11.354558,311.448,63.018,0.899
11.366168,311.208,63.005,0.904
11.377778,311.110,62.999,0.906
11.389388,311.116,62.999,0.907
11.400998,310.976,62.992,0.905
11.412608,311.063,62.996,0.899
11.424218,311.197,63.004,0.892
11.435828,311.071,62.997,0.877
11.447438,311.000,62.993,0.867
11.459048,311.148,63.001,0.851
11.470658,311.039,62.995,0.829
11.482268,311.643,63.029,0.802
11.493878,313.021,63.105,0.780
11.505488,312.177,63.058,0.773
11.517098,312.075,63.053,0.760
11.528707,311.480,63.020,0.766
11.540317,311.218,63.005,0.774
11.551927,311.284,63.009,0.783
11.563537,311.146,63.001,0.798
11.575147,311.129,63.000,0.812
11.586757,310.862,62.985,0.816
11.598367,310.715,62.977,0.824
11.609977,317.270,63.338,0.836
11.621587,310.850,62.985,0.847
11.633197,310.964,62.991,0.858
11.644807,311.199,63.004,0.873
11.656417,311.563,63.024,0.888
11.668027,311.624,63.028,0.902
11.679637,311.478,63.020,0.916
11.691247,311.288,63.009,0.927
11.702857,311.221,63.005,0.935
11.714467,311.234,63.006,0.942
11.726077,311.182,63.003,0.944
11.737687,311.296,63.009,0.941
11.749297,315.400,63.236,0.933
11.760907,324.871,63.748,0.927
11.772517,333.870,64.221,0.919
11.784127,340.584,64.566,0.912
11.795737,344.122,64.745,0.906
11.807347,345.470,64.813,0.897
11.818957,346.147,64.847,0.889
11.830567,347.017,64.890,0.886
11.842177,348.134,64.946,0.886
11.853787,349.437,65.010,0.878
11.865397,351.084,65.092,0.872
11.877007,354.328,65.251,0.858
11.888617,358.411,65.449,0.842
11.900227,365.315,65.780,0.831
11.911837,368.335,65.922,0.821
11.923447,369.499,65.977,0.815
11.935057,370.082,66.004,0.811
11.946667,369.930,65.997,0.810
11.958277,368.859,65.947,0.807
11.969887,368.085,65.910,0.806
11.981497,367.730,65.894,0.807
11.993107,367.805,65.897,0.810
12.004717,368.928,65.950,0.821
12.016327,371.247,66.059,0.845
12.027937,372.297,66.107,0.859
12.039546,372.270,66.106,0.867
12.051156,371.939,66.091,0.874
12.062766,371.657,66.078,0.883
12.074376,370.794,66.037,0.891
12.085986,369.913,65.996,0.894
12.097596,368.352,65.923,0.893
12.109206,365.945,65.809,0.883
12.120816,362.393,65.641,0.881
12.132426,357.928,65.426,0.883
12.144036,351.336,65.104,0.883
12.155646,343.198,64.698,0.883
12.167256,335.266,64.294,0.883
12.178866,328.525,63.942,0.884
12.190476,324.012,63.703,0.884
12.202086,317.370,63.344,0.885
12.213696,314.853,63.206,0.882
12.225306,312.733,63.089,0.879
12.236916,311.937,63.045,0.876
12.248526,311.463,63.019,0.872
12.260136,311.192,63.004,0.867
12.271746,311.164,63.002,0.863
12.283356,311.306,63.010,0.860
12.294966,311.418,63.016,0.854
12.306576,311.573,63.025,0.849
12.318186,311.661,63.030,0.844
12.329796,311.670,63.030,0.842
12.341406,311.467,63.019,0.842
12.353016,311.187,63.003,0.840
12.364626,310.990,62.992,0.841
12.376236,310.818,62.983,0.842
12.387846,310.826,62.983,0.847
12.399456,310.817,62.983,0.850
12.411066,310.884,62.986,0.853
12.422676,311.071,62.997,0.855
12.434286,311.427,63.017,0.857
12.445896,312.103,63.054,0.861
12.457506,312.736,63.089,0.864
12.469116,313.043,63.106,0.863
12.480726,313.077,63.108,0.861
12.492336,312.812,63.094,0.859
12.503946,312.567,63.080,0.856
12.515556,312.102,63.054,0.851
12.527166,310.811,62.982,0.849
12.538776,309.047,62.884,0.843
12.550385,308.033,62.827,0.837
12.561995,307.878,62.818,0.832
12.573605,308.232,62.838,0.826
12.585215,309.482,62.908,0.825
12.596825,310.861,62.985,0.824
12.608435,312.867,63.097,0.828
12.620045,314.407,63.182,0.824
12.631655,315.437,63.238,0.815
12.643265,315.954,63.267,0.809
12.654875,315.969,63.267,0.800
12.666485,316.000,63.269,0.794
12.678095,315.099,63.220,0.781
12.689705,313.826,63.150,0.768
12.701315,310.230,62.950,0.745
12.712925,307.728,62.810,0.733
12.724535,308.560,62.857,0.722
12.736145,311.506,63.021,0.705
12.747755,1002.273,83.252,0.687
12.759365,1002.273,83.252,0.665
12.770975,1002.273,83.252,0.645
12.782585,158.205,51.291,0.609
12.794195,225.181,57.403,0.570
12.805805,85.747,40.688,0.510
12.817415,85.593,40.657,0.460
12.829025,156.945,51.153,0.412
12.840635,156.445,51.098,0.370
12.852245,156.382,51.091,0.349
12.863855,158.119,51.282,0.341
12.875465,892.941,81.253,0.368
12.887075,894.535,81.284,0.406
12.898685,880.709,81.014,0.445
12.910295,851.471,80.429,0.483
12.921905,849.536,80.390,0.511
12.933515,847.776,80.354,0.521
12.945125,848.133,80.361,0.524
12.956735,843.412,80.265,0.521
12.968345,839.793,80.190,0.509
12.979955,837.221,80.137,0.492
12.991565,831.949,80.028,0.467
13.003175,844.872,80.295,0.421
13.014785,321.394,63.562,0.349
13.026395,575.907,73.660,0.481
13.038005,582.274,73.850,0.485
13.049615,579.994,73.782,0.549
13.061224,560.933,73.204,0.633
13.072834,564.596,73.317,0.646
13.084444,556.801,73.076,0.670
13.096054,546.096,72.740,0.705
13.107664,539.251,72.521,0.722
13.119274,539.491,72.529,0.720
13.130884,540.787,72.571,0.733
13.142494,543.474,72.656,0.738
13.154104,548.865,72.827,0.728
13.165714,286.300,61.560,0.745
13.177324,294.913,62.073,0.755
13.188934,300.184,62.380,0.757
13.200544,301.901,62.479,0.772
13.212154,303.077,62.546,0.785
13.223764,304.534,62.629,0.799
13.235374,307.416,62.792,0.809
13.246984,309.245,62.895,0.817
13.258594,311.240,63.006,0.823
13.270204,311.476,63.019,0.826
13.281814,311.402,63.015,0.830
13.293424,311.416,63.016,0.822
13.305034,311.393,63.015,0.823
13.316644,311.458,63.018,0.821
13.328254,311.558,63.024,0.821
13.339864,311.296,63.009,0.823
13.351474,311.014,62.994,0.823
13.363084,310.938,62.989,0.828
13.374694,310.857,62.985,0.828
13.386304,310.928,62.989,0.841
13.397914,310.990,62.992,0.847
13.409524,311.026,62.994,0.851
13.421134,310.927,62.989,0.856
13.432744,310.969,62.991,0.857
13.444354,310.975,62.992,0.859
13.455964,311.017,62.994,0.861
13.467574,311.030,62.995,0.861
13.479184,310.972,62.991,0.863
13.490794,310.881,62.986,0.859
13.502404,310.823,62.983,0.850
13.514014,310.797,62.982,0.831
13.525624,310.756,62.979,0.812
13.537234,310.771,62.980,0.787
13.548844,310.749,62.979,0.764
13.560454,310.983,62.992,0.753
13.572063,311.745,63.034,0.738
13.583673,316.467,63.295,0.735
13.595283,318.646,63.413,0.753
13.606893,311.847,63.040,0.776
13.618503,311.417,63.016,0.800
13.630113,311.326,63.011,0.820
13.641723,311.241,63.006,0.834
13.653333,311.030,62.995,0.834
13.664943,310.975,62.992,0.827
13.676553,310.922,62.989,0.818
13.688163,310.463,62.963,0.808
13.699773,312.824,63.094,0.804
13.711383,313.827,63.150,0.800
13.722993,314.959,63.212,0.797
13.734603,315.068,63.218,0.792
13.746213,99.355,43.238,0.793
13.757823,479.247,70.479,0.798
13.769433,479.221,70.478,0.804
13.781043,479.483,70.488,0.803
13.792653,479.762,70.498,0.799
13.804263,479.857,70.501,0.784
13.815873,105.018,44.198,0.761
13.827483,349.039,64.991,0.762
13.839093,340.229,64.548,0.797
13.850703,341.266,64.601,0.824
13.862313,342.762,64.676,0.844
13.873923,342.932,64.685,0.863
13.885533,343.503,64.714,0.873
13.897143,343.413,64.709,0.884
13.908753,343.300,64.704,0.895
13.920363,343.479,64.713,0.897
13.931973,344.586,64.768,0.887
13.943583,346.094,64.844,0.877
13.955193,347.263,64.902,0.862
13.966803,351.983,65.136,0.859
13.978413,358.315,65.445,0.863
13.990023,363.114,65.675,0.868
14.001633,363.730,65.704,0.867
14.013243,364.624,65.747,0.872
14.024853,366.078,65.816,0.861
14.036463,367.302,65.874,0.850
14.048073,367.494,65.883,0.839
14.059683,365.127,65.771,0.810
14.071293,360.792,65.564,0.773
14.082902,1002.273,83.252,0.726
14.094512,924.905,81.862,0.687
14.106122,827.834,79.942,0.585
14.117732,162.608,51.767,0.617
14.129342,163.435,51.855,0.619
14.140952,169.161,52.451,0.654
14.152562,336.718,64.368,0.689
14.164172,329.019,63.968,0.723
14.175782,324.327,63.719,0.749
14.187392,316.296,63.285,0.766
14.199002,314.973,63.213,0.780
14.210612,312.626,63.083,0.792
14.222222,312.476,63.075,0.801
14.233832,312.195,63.059,0.808
14.245442,311.911,63.044,0.815
14.257052,311.601,63.026,0.816
14.268662,311.433,63.017,0.818
14.280272,311.374,63.014,0.820
14.291882,311.235,63.006,0.822
14.303492,311.022,62.994,0.823
14.315102,310.826,62.983,0.825
14.326712,310.743,62.979,0.827
14.338322,310.671,62.975,0.826
14.349932,310.692,62.976,0.827
14.361542,310.740,62.978,0.828
14.373152,310.885,62.987,0.827
14.384762,311.022,62.994,0.826
14.396372,311.184,63.003,0.825
14.407982,311.319,63.011,0.825
14.419592,311.375,63.014,0.827
14.431202,311.394,63.015,0.830
14.442812,311.374,63.014,0.833
14.454422,311.243,63.006,0.835
14.466032,311.101,62.999,0.838
14.477642,310.943,62.990,0.842
14.489252,310.838,62.984,0.842
14.500862,310.744,62.979,0.844
14.512472,310.671,62.975,0.846
14.524082,310.575,62.969,0.846
14.535692,310.581,62.970,0.845
14.547302,310.710,62.977,0.842
14.558912,310.842,62.984,0.843
14.570522,310.874,62.986,0.845
14.582132,310.840,62.984,0.846
14.593741,310.769,62.980,0.846
14.605351,310.775,62.980,0.843
14.616961,310.719,62.977,0.841
14.628571,310.586,62.970,0.844
14.640181,310.575,62.969,0.844
14.651791,310.744,62.979,0.842
14.663401,310.988,62.992,0.834
14.675011,311.293,63.009,0.822
14.686621,311.279,63.008,0.809
14.698231,311.796,63.037,0.797
14.709841,312.474,63.075,0.780
14.721451,313.244,63.117,0.758
14.733061,312.832,63.095,0.732
14.744671,309.077,62.886,0.706
14.756281,307.801,62.814,0.680
14.767891,307.794,62.814,0.664
14.779501,308.594,62.858,0.645
14.791111,307.861,62.817,0.614
14.802721,156.084,51.058,0.593
14.814331,155.541,50.998,0.554
14.825941,93.445,42.176,0.531
14.837551,93.314,42.152,0.511
14.849161,97.540,42.919,0.516
14.860771,849.504,80.389,0.530
14.872381,843.184,80.260,0.545
14.883991,844.739,80.292,0.564
14.895601,841.325,80.222,0.585
14.907211,842.136,80.239,0.594
14.918821,160.154,51.504,0.599
14.930431,455.733,69.608,0.598
14.942041,159.885,51.474,0.591
14.953651,456.262,69.628,0.585
14.965261,457.690,69.682,0.578
14.976871,80.399,39.573,0.559
14.988481,80.454,39.585,0.533
15.000091,83.848,40.300,0.510
15.011701,84.072,40.346,0.476
15.023311,84.155,40.363,0.439
15.034921,80.643,39.625,0.398
15.046531,141.342,49.340,0.327
15.058141,86.957,40.930,0.172
15.069751,325.301,63.771,0.098
15.081361,323.795,63.691,0.129
15.092971,261.840,60.014,0.392
15.104580,259.118,59.833,0.497
15.116190,259.690,59.871,0.552
15.127800,260.349,59.915,0.645
15.139410,129.153,47.779,0.707
15.151020,128.827,47.735,0.747
15.162630,771.585,78.724,0.779
15.174240,768.569,78.656,0.790
15.185850,760.672,78.477,0.791
15.197460,757.406,78.403,0.787
15.209070,746.419,78.150,0.789
15.220680,751.831,78.275,0.766
15.232290,744.958,78.116,0.732
15.243900,721.974,77.573,0.686
15.255510,712.820,77.352,0.605
15.267120,713.326,77.365,0.545
15.278730,704.094,77.139,0.494
15.290340,128.412,47.679,0.465
15.301950,103.661,43.972,0.202
15.313560,782.797,78.974,0.183
15.325170,782.039,78.957,0.175
15.336780,785.395,79.031,0.173
15.348390,344.002,64.739,0.172
15.360000,309.707,62.921,0.497
15.371610,96.258,42.690,0.569
15.383220,80.756,39.650,0.616
15.394830,157.922,51.261,0.650
15.406440,337.710,64.419,0.703
15.418050,349.672,65.022,0.735
15.429660,349.470,65.012,0.765
15.441270,347.791,64.929,0.790
15.452880,344.387,64.758,0.797
15.464490,345.700,64.824,0.806
15.476100,346.983,64.888,0.814
15.487710,346.710,64.875,0.821
15.499320,347.081,64.893,0.823
15.510930,345.480,64.813,0.828
15.522540,345.578,64.818,0.830
15.534150,346.031,64.841,0.829
15.545760,346.604,64.869,0.817
15.557370,347.350,64.907,0.802
15.568980,347.683,64.923,0.784
15.580590,348.024,64.940,0.763
15.592200,347.745,64.926,0.731
15.603810,346.827,64.881,0.703
15.615420,342.921,64.684,0.678
15.627029,220.894,57.070,0.630
15.638639,221.255,57.098,0.633
15.650249,339.965,64.535,0.687
15.661859,355.171,65.292,0.730
15.673469,355.868,65.326,0.768
15.685079,355.719,65.319,0.801
15.696689,357.066,65.384,0.821
15.708299,356.187,65.342,0.832
15.719909,355.226,65.295,0.837
15.731519,354.887,65.278,0.834
15.743129,354.485,65.259,0.819
15.754739,353.802,65.225,0.799
15.766349,351.614,65.118,0.772
15.777959,349.721,65.024,0.729
15.789569,346.904,64.884,0.660
15.801179,337.404,64.404,0.541
15.812789,352.078,65.141,0.426
15.824399,351.701,65.122,0.437
15.836009,351.483,65.111,0.441
15.847619,351.677,65.121,0.434
15.859229,325.987,63.808,0.563
15.870839,175.226,53.061,0.616
15.882449,302.078,62.489,0.622
15.894059,665.882,76.173,0.625
15.905669,367.982,65.906,0.723
15.917279,359.280,65.491,0.779
15.928889,356.229,65.344,0.815
15.940499,353.292,65.200,0.843
15.952109,352.136,65.144,0.852
15.963719,351.793,65.127,0.857
15.975329,351.276,65.101,0.863
15.986939,351.028,65.089,0.869
15.998549,349.912,65.034,0.854
16.010159,348.741,64.976,0.836
16.021769,348.085,64.943,0.822
16.033379,346.946,64.886,0.807
16.044989,346.305,64.854,0.787
16.056599,348.370,64.957,0.768
16.068209,349.353,65.006,0.752
16.079819,350.109,65.044,0.731
16.091429,350.614,65.069,0.710
16.103039,354.349,65.252,0.700
16.114649,345.789,64.829,0.726
16.126259,319.915,63.482,0.738
16.137868,319.655,63.468,0.755
16.149478,345.169,64.798,0.763
16.161088,174.737,53.012,0.771
16.172698,709.396,77.269,0.777
16.184308,709.547,77.273,0.781
16.195918,319.498,63.460,0.783
16.207528,313.019,63.105,0.767
16.219138,313.212,63.116,0.759
16.230748,310.725,62.978,0.768
16.242358,311.371,63.014,0.788
16.253968,311.556,63.024,0.807
16.265578,312.170,63.058,0.828
16.277188,311.895,63.043,0.847
16.288798,311.654,63.029,0.858
16.300408,311.912,63.044,0.867
16.312018,312.042,63.051,0.872
16.323628,311.675,63.030,0.875
16.335238,311.537,63.023,0.877
16.346848,311.371,63.014,0.879
16.358458,311.353,63.013,0.882
16.370068,311.333,63.011,0.884
16.381678,311.231,63.006,0.887
16.393288,311.569,63.025,0.887
16.404898,312.490,63.076,0.884
16.416508,315.273,63.229,0.879
16.428118,322.215,63.606,0.874
16.439728,327.517,63.889,0.870
16.451338,336.767,64.371,0.864
16.462948,340.879,64.581,0.861
16.474558,348.402,64.959,0.856
16.486168,349.554,65.016,0.851
16.497778,350.000,65.038,0.852
16.509388,350.276,65.052,0.855
16.520998,350.186,65.047,0.860
16.532608,350.014,65.039,0.863
16.544218,349.986,65.038,0.866
16.555828,350.019,65.039,0.868
16.567438,349.923,65.034,0.870
16.579048,349.931,65.035,0.873
16.590658,349.968,65.037,0.876
16.602268,349.914,65.034,0.879
16.613878,349.931,65.035,0.881
16.625488,350.073,65.042,0.881
16.637098,349.881,65.032,0.879
16.648707,349.396,65.008,0.877
16.660317,349.032,64.990,0.874
16.671927,348.727,64.975,0.872
16.683537,348.871,64.982,0.869
16.695147,348.816,64.980,0.866
16.706757,348.704,64.974,0.864
16.718367,348.446,64.961,0.861
16.729977,348.438,64.961,0.860
16.741587,348.717,64.975,0.857
16.753197,348.827,64.980,0.855
16.764807,348.879,64.983,0.853
16.776417,348.943,64.986,0.851
16.788027,349.339,65.005,0.844
16.799637,350.006,65.039,0.830
16.811247,351.270,65.101,0.817
16.822857,352.026,65.138,0.803
16.834467,350.931,65.084,0.790
16.846077,350.478,65.062,0.774
16.857687,350.271,65.052,0.751
16.869297,349.898,65.033,0.720
16.880907,349.665,65.022,0.696
16.892517,87.812,41.100,0.679
16.904127,87.913,41.120,0.659
16.915737,115.416,45.832,0.634
16.927347,114.577,45.706,0.595
16.938957,86.019,40.743,0.556
16.950567,172.542,52.793,0.528
16.962177,172.520,52.791,0.505
16.973787,172.361,52.775,0.488
16.985397,172.119,52.751,0.479
16.997007,344.175,64.748,0.482
17.008617,344.067,64.742,0.488
17.020227,117.953,46.208,0.497
17.031837,117.873,46.197,0.494
17.043447,106.497,44.440,0.475
17.055057,344.686,64.773,0.468
17.066667,117.896,46.200,0.442
17.078277,173.033,52.843,0.417
17.089887,172.649,52.804,0.389
17.101497,173.516,52.891,0.367
17.113107,349.866,65.032,0.386
17.124717,710.999,77.308,0.521
17.136327,174.844,53.023,0.629
17.147937,320.607,63.520,0.744
17.159546,320.142,63.494,0.777
17.171156,115.863,45.899,0.798
17.182766,113.023,45.469,0.811
17.194376,112.996,45.465,0.818
17.205986,81.610,39.832,0.824
17.217596,104.642,44.135,0.824
17.229206,104.644,44.136,0.815
17.240816,310.860,62.985,0.769
17.252426,150.831,50.465,0.744
17.264036,153.382,50.756,0.720
17.275646,152.578,50.665,0.698
17.287256,152.685,50.677,0.685
17.298866,284.953,61.479,0.676
17.310476,273.180,60.748,0.671
17.322086,271.657,60.651,0.689
17.333696,277.493,61.019,0.718
17.345306,286.518,61.573,0.745
17.356916,293.127,61.968,0.771
17.368526,293.645,61.999,0.797
17.380136,293.894,62.014,0.822
17.391746,294.112,62.026,0.841
17.403356,294.431,62.045,0.858
17.414966,294.463,62.047,0.870
17.426576,294.047,62.023,0.877
17.438186,293.624,61.998,0.885
17.449796,293.715,62.003,0.889
17.461406,293.921,62.015,0.889
17.473016,293.753,62.005,0.886
17.484626,293.947,62.017,0.882
17.496236,294.046,62.022,0.878
17.507846,294.039,62.022,0.872
17.519456,293.915,62.015,0.867
17.531066,293.717,62.003,0.859
17.542676,293.491,61.990,0.855
17.554286,293.278,61.977,0.856
17.565896,292.960,61.958,0.858
17.577506,292.653,61.940,0.862
17.589116,292.382,61.924,0.867
17.600726,292.395,61.925,0.869
17.612336,292.812,61.950,0.873
17.623946,293.310,61.979,0.877
17.635556,293.805,62.008,0.881
17.647166,294.195,62.031,0.882
17.658776,294.532,62.051,0.881
17.670385,294.842,62.069,0.880
17.681995,295.004,62.079,0.875
17.693605,295.100,62.084,0.867
17.705215,295.217,62.091,0.858
17.716825,295.132,62.086,0.852
17.728435,295.031,62.080,0.842
17.740045,295.182,62.089,0.835
17.751655,294.642,62.058,0.831
17.763265,294.230,62.033,0.828
17.774875,293.631,61.998,0.828
17.786485,293.289,61.978,0.833
17.798095,293.543,61.993,0.834
17.809705,293.975,62.018,0.833
17.821315,294.548,62.052,0.832
17.832925,295.264,62.094,0.830
17.844535,297.184,62.206,0.823
17.856145,297.507,62.225,0.807
17.867755,297.979,62.253,0.783
17.879365,298.524,62.284,0.762
17.890975,299.178,62.322,0.733
17.902585,299.928,62.365,0.697
17.914195,301.162,62.436,0.648
17.925805,298.579,62.287,0.576
17.937415,98.175,43.031,0.452
17.949025,98.052,43.009,0.426
17.960635,1002.273,83.252,0.661
17.972245,139.671,49.134,0.719
17.983855,1002.273,83.252,0.775
17.995465,1002.273,83.252,0.809
18.007075,1002.273,83.252,0.836
18.018685,320.998,63.541,0.852
18.030295,319.349,63.452,0.867
18.041905,317.898,63.373,0.879
18.053515,316.333,63.287,0.873
18.065125,315.706,63.253,0.872
18.076735,312.931,63.100,0.863
18.088345,309.969,62.935,0.858
18.099955,308.580,62.858,0.853
18.111565,308.604,62.859,0.854
18.123175,309.297,62.898,0.857
18.134785,310.720,62.977,0.859
18.146395,312.627,63.083,0.861
18.158005,314.146,63.167,0.862
18.169615,314.589,63.192,0.861
18.181224,314.684,63.197,0.859
18.192834,314.539,63.189,0.857
18.204444,314.163,63.168,0.850
18.216054,312.770,63.091,0.841
18.227664,310.706,62.977,0.835
18.239274,309.503,62.909,0.828
18.250884,309.120,62.888,0.820
18.262494,310.455,62.963,0.814
18.274104,313.217,63.116,0.806
18.285714,314.339,63.178,0.795
18.297324,315.006,63.214,0.792
18.308934,315.333,63.232,0.794
18.320544,315.761,63.256,0.796
18.332154,315.316,63.232,0.800
18.343764,313.448,63.129,0.809
18.355374,311.231,63.006,0.819
18.366984,310.311,62.955,0.829
18.378594,310.836,62.984,0.843
18.390204,311.508,63.021,0.856
18.401814,311.461,63.019,0.867
18.413424,310.990,62.992,0.876
18.425034,310.482,62.964,0.884
18.436644,310.337,62.956,0.887
18.448254,310.383,62.959,0.893
18.459864,310.372,62.958,0.896
18.471474,311.504,63.021,0.893
18.483084,313.189,63.114,0.890
18.494694,314.070,63.163,0.890
18.506304,313.709,63.143,0.887
18.517914,313.150,63.112,0.883
18.529524,312.627,63.083,0.881
18.541134,312.475,63.075,0.877
18.552744,312.634,63.084,0.876
18.564354,312.662,63.085,0.878
18.575964,312.711,63.088,0.881
18.587574,313.368,63.124,0.880
18.599184,314.182,63.169,0.880
18.610794,315.272,63.229,0.879
18.622404,316.689,63.307,0.880
18.634014,319.697,63.470,0.884
18.645624,325.226,63.767,0.892
18.657234,335.280,64.294,0.901
18.668844,340.471,64.560,0.907
18.680454,345.751,64.827,0.913
18.692063,348.641,64.971,0.921
18.703673,350.369,65.056,0.929
18.715283,351.457,65.110,0.934
18.726893,351.890,65.131,0.939
18.738503,351.695,65.122,0.939
18.750113,351.231,65.099,0.939
18.761723,350.535,65.065,0.941
18.773333,350.078,65.042,0.939
18.784943,349.806,65.029,0.937
18.796553,349.871,65.032,0.934
18.808163,349.943,65.035,0.933
18.819773,350.205,65.048,0.930
18.831383,350.310,65.054,0.929
18.842993,350.192,65.048,0.923
18.854603,350.151,65.046,0.910
18.866213,350.073,65.042,0.898
18.877823,350.822,65.079,0.889
18.889433,350.923,65.084,0.877
18.901043,351.584,65.116,0.862
18.912653,353.099,65.191,0.843
18.924263,358.456,65.452,0.833
18.935873,361.573,65.601,0.840
18.947483,359.915,65.522,0.863
18.959093,104.837,44.168,0.885
18.970703,153.424,50.760,0.905
18.982313,154.052,50.831,0.923
18.993923,154.833,50.919,0.937
19.005533,313.639,63.139,0.944
19.017143,312.089,63.053,0.944
19.028753,311.471,63.019,0.939
19.040363,310.979,62.992,0.931
19.051973,310.607,62.971,0.921
19.063583,309.883,62.931,0.902
19.075193,309.577,62.914,0.875
19.086803,309.351,62.901,0.842
19.098413,309.052,62.884,0.815
19.110023,308.274,62.840,0.788
19.121633,307.183,62.779,0.756
19.133243,305.213,62.668,0.709
19.144853,301.667,62.465,0.638
19.156463,299.203,62.323,0.529
19.168073,102.528,43.782,0.407
19.179683,322.098,63.600,0.278
19.191293,321.010,63.541,0.265
19.202902,319.606,63.466,0.235
19.214512,320.330,63.505,0.223
19.226122,320.302,63.503,0.222
19.237732,319.838,63.478,0.222
19.249342,342.617,64.669,0.234
19.260952,257.607,59.732,0.565
19.272562,303.315,62.560,0.662
19.284172,310.058,62.940,0.757
19.295782,311.948,63.046,0.810
19.307392,313.278,63.119,0.843
19.319002,313.428,63.128,0.864
19.330612,312.940,63.101,0.885
19.342222,312.372,63.069,0.908
19.353832,312.968,63.102,0.924
19.365442,313.061,63.107,0.935
19.377052,312.253,63.063,0.936
19.388662,311.218,63.005,0.938
19.400272,310.348,62.957,0.945
19.411882,309.903,62.932,0.953
19.423492,310.321,62.955,0.961
19.435102,310.992,62.993,0.964
19.446712,310.909,62.988,0.965
19.458322,310.682,62.975,0.955
19.469932,311.134,63.000,0.944
19.481542,312.435,63.073,0.934
19.493152,310.292,62.953,0.925
19.504762,311.312,63.010,0.913
19.516372,311.453,63.018,0.889
19.527982,329.075,63.971,0.858
19.539592,158.312,51.303,0.839
19.551202,478.061,70.436,0.856
19.562812,477.572,70.419,0.870
19.574422,473.451,70.269,0.871
19.586032,467.864,70.063,0.860
19.597642,470.482,70.160,0.851
19.609252,472.803,70.245,0.856
19.620862,473.566,70.273,0.869
19.632472,471.774,70.207,0.863
19.644082,154.198,50.847,0.850
19.655692,450.594,69.412,0.852
19.667302,501.114,71.252,0.862
19.678912,565.227,73.336,0.875
19.690522,648.682,75.720,0.892
19.702132,648.143,75.706,0.896
19.713741,101.633,43.630,0.898
19.725351,101.640,43.632,0.901
19.736961,98.415,43.073,0.908
19.748571,135.266,48.579,0.902
19.760181,373.953,66.184,0.886
19.771791,374.134,66.193,0.867
19.783401,408.119,67.698,0.843
19.795011,469.658,70.129,0.847
19.806621,236.998,58.288,0.851
19.818231,237.065,58.293,0.852
19.829841,237.216,58.304,0.847
19.841451,470.881,70.174,0.850
19.853061,469.254,70.114,0.863
19.864671,468.653,70.092,0.885
19.876281,467.356,70.044,0.905
19.887891,466.123,69.998,0.910
19.899501,465.065,69.959,0.913
19.911111,463.238,69.891,0.918
19.922721,461.527,69.827,0.922
19.934331,462.472,69.862,0.931
19.945941,464.178,69.926,0.938
19.957551,465.622,69.980,0.942
19.969161,466.043,69.996,0.944
19.980771,464.897,69.953,0.944
19.992381,462.639,69.869,0.939
20.003991,461.603,69.830,0.926
20.015601,459.902,69.766,0.913
20.027211,461.178,69.814,0.900
20.038821,461.474,69.825,0.884
20.050431,461.397,69.822,0.863
20.062041,146.659,49.980,0.858
20.073651,151.811,50.577,0.859
20.085261,306.554,62.744,0.875
20.096871,308.739,62.867,0.901
20.108481,309.722,62.922,0.918
20.120091,310.950,62.990,0.934
20.131701,311.418,63.016,0.943
20.143311,311.465,63.019,0.947
20.154921,311.728,63.033,0.932
20.166531,311.815,63.038,0.914
20.178141,312.537,63.078,0.890
20.189751,313.087,63.109,0.859
20.201361,314.203,63.170,0.821
20.212971,314.575,63.191,0.751
20.224580,310.557,62.968,0.650
20.236190,236.813,58.275,0.473
20.247800,233.793,58.053,0.428
20.259410,154.370,50.867,0.419
20.271020,154.430,50.873,0.457
20.282630,243.570,58.762,0.565
20.294240,298.107,62.260,0.691
20.305850,304.317,62.617,0.778
20.317460,306.317,62.730,0.830
20.329070,308.025,62.827,0.876
20.340680,308.338,62.844,0.902
20.352290,308.886,62.875,0.920
20.363900,309.251,62.895,0.935
20.375510,309.715,62.921,0.944
20.387120,310.064,62.941,0.938
20.398730,309.308,62.898,0.923
20.410340,314.676,63.196,0.913
20.421950,311.737,63.034,0.895
20.433560,312.255,63.063,0.877
20.445170,312.915,63.099,0.862
20.456780,147.194,50.043,0.857
20.468390,431.487,68.662,0.856
20.480000,431.679,68.669,0.870
20.491610,431.027,68.643,0.889
20.503220,429.616,68.587,0.897
20.514830,423.833,68.352,0.902
20.526440,423.856,68.353,0.912
20.538050,424.080,68.362,0.920
20.549660,424.742,68.389,0.916
20.561270,425.058,68.402,0.909
20.572880,425.985,68.440,0.904
20.584490,429.158,68.568,0.896
20.596100,436.073,68.845,0.886
20.607710,443.617,69.142,0.880
20.619320,455.290,69.591,0.876
20.630930,460.926,69.804,0.876
20.642540,464.290,69.930,0.884
20.654150,466.023,69.995,0.893
20.665760,466.680,70.019,0.901
20.677370,466.913,70.028,0.907
20.688980,467.188,70.038,0.914
20.700590,467.229,70.040,0.917
20.712200,467.282,70.041,0.918
20.723810,467.191,70.038,0.920
20.735420,467.284,70.042,0.918
20.747029,467.251,70.040,0.920
20.758639,467.162,70.037,0.918
20.770249,466.908,70.028,0.918
20.781859,466.624,70.017,0.917
20.793469,466.667,70.019,0.917
20.805079,466.490,70.012,0.921
20.816689,466.654,70.018,0.920
20.828299,467.093,70.034,0.920
20.839909,467.364,70.045,0.917
20.851519,467.317,70.043,0.918
20.863129,467.218,70.039,0.921
20.874739,466.842,70.025,0.924
20.886349,466.687,70.019,0.927
20.897959,466.380,70.008,0.920
20.909569,466.158,70.000,0.912
20.921179,465.649,69.981,0.898
20.932789,465.627,69.980,0.886
20.944399,465.426,69.973,0.875
20.956009,467.369,70.045,0.862
20.967619,460.984,69.807,0.853
20.979229,460.795,69.799,0.850
20.990839,460.355,69.783,0.846
21.002449,489.218,70.836,0.852
21.014059,460.490,69.788,0.865
21.025669,489.149,70.833,0.870
21.037279,489.227,70.836,0.873
21.048889,202.188,55.538,0.869
21.060499,84.157,40.364,0.853
21.072109,197.028,55.091,0.826
21.083719,84.147,40.362,0.814
21.095329,361.792,65.612,0.812
21.106939,370.859,66.040,0.806
21.118549,369.831,65.992,0.804
21.130159,368.364,65.924,0.797
21.141769,370.338,66.016,0.795
21.153379,369.442,65.974,0.797
21.164989,368.963,65.952,0.837
21.176599,369.071,65.957,0.863
21.188209,368.855,65.947,0.873
21.199819,368.631,65.936,0.883
21.211429,367.423,65.879,0.892
21.223039,367.540,65.885,0.902
21.234649,365.697,65.798,0.919
21.246259,366.075,65.816,0.926
21.257868,361.690,65.607,0.922
21.269478,355.091,65.288,0.923
21.281088,347.634,64.921,0.922
21.292698,338.630,64.466,0.923
21.304308,330.619,64.052,0.925
21.315918,321.053,63.544,0.929
21.327528,312.870,63.097,0.924
21.339138,312.817,63.094,0.926
21.350748,313.712,63.143,0.925
21.362358,313.273,63.119,0.917
21.373968,312.918,63.099,0.915
21.385578,312.629,63.083,0.910
21.397188,312.390,63.070,0.902
21.408798,312.229,63.061,0.896
21.420408,311.968,63.047,0.889
21.432018,311.348,63.012,0.887
21.443628,311.004,62.993,0.887
21.455238,310.793,62.981,0.887
21.466848,310.686,62.975,0.886
21.478458,310.757,62.979,0.887
21.490068,311.010,62.994,0.894
21.501678,311.162,63.002,0.896
21.513288,311.284,63.009,0.899
21.524898,311.371,63.014,0.901
21.536508,311.513,63.021,0.902
21.548118,311.588,63.026,0.904
21.559728,311.654,63.029,0.901
21.571338,312.873,63.097,0.895
21.582948,313.693,63.142,0.880
21.594558,311.300,63.010,0.876
21.606168,304.350,62.619,0.874
21.617778,151.719,50.567,0.866
21.629388,152.074,50.607,0.862
21.640998,445.274,69.206,0.863
21.652608,445.786,69.226,0.869
21.664218,444.850,69.190,0.876
21.675828,444.161,69.163,0.884
21.687438,447.972,69.311,0.890
21.699048,453.130,69.509,0.893
21.710658,456.528,69.638,0.900
21.722268,461.989,69.844,0.911
21.733878,468.978,70.104,0.912
21.745488,477.344,70.410,0.917
21.757098,483.998,70.650,0.919
21.768707,487.681,70.781,0.926
21.780317,490.683,70.887,0.927
21.791927,491.987,70.933,0.930
21.803537,492.536,70.953,0.933
21.815147,493.231,70.977,0.929
21.826757,492.997,70.969,0.930
21.838367,492.468,70.950,0.930
21.849977,492.327,70.945,0.929
21.861587,492.381,70.947,0.921
21.873197,492.562,70.954,0.912
21.884807,492.859,70.964,0.901
21.896417,493.354,70.981,0.882
21.908027,494.927,71.037,0.862
21.919637,497.474,71.125,0.840
21.931247,501.938,71.280,0.815
21.942857,507.657,71.476,0.787
21.954467,514.275,71.700,0.774
21.966077,516.512,71.776,0.768
21.977687,837.036,80.133,0.769
21.989297,155.493,50.992,0.792
22.000907,96.242,42.687,0.809
22.012517,96.263,42.691,0.820
22.024127,158.575,51.332,0.828
22.035737,158.589,51.333,0.841
22.047347,158.601,51.335,0.855
22.058957,158.616,51.336,0.856
22.070567,89.238,41.379,0.847
22.082177,86.471,40.833,0.837
22.093787,88.210,41.178,0.830
22.105397,125.964,47.346,0.831
22.117007,367.628,65.889,0.838
22.128617,378.895,66.412,0.844
22.140227,373.819,66.178,0.841
22.151837,372.830,66.132,0.843
22.163447,372.706,66.126,0.844
22.175057,372.789,66.130,0.834
22.186667,371.734,66.081,0.823
22.198277,370.865,66.041,0.800
22.209887,372.121,66.099,0.763
22.221497,372.424,66.113,0.712
22.233107,372.354,66.110,0.637
22.244717,373.522,66.164,0.511
22.256327,465.701,69.983,0.349
22.267937,479.392,70.484,0.308
22.279546,481.744,70.569,0.285
22.291156,315.563,63.245,0.291
22.302766,315.503,63.242,0.291
22.314376,317.303,63.340,0.285
22.325986,306.905,62.763,0.423
22.337596,158.662,51.341,0.562
22.349206,151.292,50.518,0.664
22.360816,151.261,50.514,0.705
22.372426,151.259,50.514,0.725
22.384036,151.250,50.513,0.732
22.395646,151.297,50.519,0.739
22.407256,151.334,50.523,0.744
22.418866,151.499,50.542,0.739
22.430476,151.443,50.535,0.722
22.442086,324.597,63.734,0.688
22.453696,321.637,63.575,0.672
22.465306,327.161,63.870,0.686
22.476916,107.195,44.553,0.732
22.488526,106.919,44.508,0.771
22.500136,106.719,44.476,0.800
22.511746,106.719,44.476,0.829
22.523356,455.981,69.618,0.859
22.534966,458.351,69.707,0.882
22.546576,460.805,69.800,0.898
22.558186,460.627,69.793,0.912
22.569796,461.144,69.813,0.917
22.581406,460.667,69.795,0.918
22.593016,458.365,69.708,0.914
22.604626,459.227,69.740,0.916
22.616236,461.922,69.842,0.911
22.627846,462.828,69.876,0.904
22.639456,464.764,69.948,0.901
22.651066,468.676,70.093,0.891
22.662676,476.328,70.373,0.885
22.674286,485.324,70.697,0.887
22.685896,488.799,70.821,0.898
22.697506,492.549,70.953,0.899
22.709116,493.726,70.994,0.904
22.720726,494.255,71.013,0.908
22.732336,494.373,71.017,0.909
22.743946,493.801,70.997,0.914
22.755556,493.190,70.976,0.920
22.767166,492.968,70.968,0.924
22.778776,493.039,70.970,0.923
22.790385,492.921,70.966,0.920
22.801995,492.992,70.969,0.916
22.813605,492.962,70.968,0.914
22.825215,492.874,70.965,0.915
22.836825,492.598,70.955,0.911
22.848435,492.310,70.945,0.896
22.860045,491.914,70.931,0.879
22.871655,491.419,70.913,0.867
22.883265,491.493,70.916,0.872
22.894875,491.184,70.905,0.876
22.906485,491.008,70.899,0.877
22.918095,490.845,70.893,0.878
22.929705,490.979,70.898,0.887
22.941315,491.292,70.909,0.906
22.952925,491.653,70.922,0.923
22.964535,491.979,70.933,0.935
22.976145,492.026,70.935,0.939
22.987755,492.379,70.947,0.944
22.999365,492.671,70.957,0.948
23.010975,492.701,70.959,0.950
23.022585,492.309,70.945,0.947
23.034195,491.771,70.926,0.942
23.045805,491.329,70.910,0.932
23.057415,491.566,70.919,0.920
23.069025,491.553,70.918,0.906
23.080635,490.414,70.878,0.886
23.092245,490.123,70.868,0.866
23.103855,489.769,70.855,0.840
23.115465,495.721,71.064,0.811
23.127075,499.967,71.212,0.775
23.138685,503.622,71.338,0.742
23.150295,504.349,71.363,0.710
23.161905,92.695,42.037,0.669
23.173515,92.636,42.026,0.643
23.185125,123.356,46.984,0.622
23.196735,451.975,69.465,0.632
23.208345,452.362,69.480,0.662
23.219955,1002.273,83.252,0.695
23.231565,1002.273,83.252,0.719
23.243175,452.514,69.486,0.735
23.254785,453.325,69.517,0.744
23.266395,453.037,69.506,0.742
23.278005,452.626,69.490,0.729
23.289615,953.655,82.392,0.711
23.301224,91.175,41.750,0.686
23.312834,100.309,43.403,0.649
23.324444,90.991,41.715,0.602
23.336054,82.049,39.925,0.535
23.347664,322.493,63.621,0.436
23.359274,495.570,71.059,0.343
23.370884,490.786,70.891,0.301
23.382494,1002.273,83.252,0.420
23.394104,717.326,77.461,0.677
23.405714,725.487,77.657,0.733
23.417324,546.201,72.743,0.759
23.428934,315.171,63.224,0.803
23.440544,314.836,63.205,0.845
23.452154,314.698,63.198,0.879
23.463764,314.658,63.195,0.906
23.475374,314.672,63.196,0.921
23.486984,315.326,63.232,0.918
23.498594,314.712,63.198,0.916
23.510204,314.256,63.173,0.917
23.521814,314.473,63.185,0.910
23.533424,316.086,63.274,0.899
23.545034,319.726,63.472,0.890
23.556644,338.754,64.473,0.886
23.568254,343.789,64.728,0.882
23.579864,353.861,65.228,0.884
23.591474,353.542,65.213,0.894
23.603084,353.589,65.215,0.904
23.614694,353.353,65.203,0.907
23.626304,353.515,65.211,0.901
23.637914,353.404,65.206,0.884
23.649524,350.225,65.049,0.858
23.661134,350.024,65.039,0.869
23.672744,349.380,65.008,0.887
23.684354,349.994,65.038,0.891
23.695964,349.880,65.032,0.894
23.707574,349.606,65.019,0.905
23.719184,349.236,65.000,0.926
23.730794,348.778,64.978,0.950
23.742404,348.483,64.963,0.967
23.754014,348.071,64.943,0.967
23.765624,348.109,64.944,0.957
23.777234,348.077,64.943,0.948
23.788844,348.217,64.950,0.940
23.800454,348.522,64.965,0.924
23.812063,349.175,64.997,0.897
23.823673,350.528,65.064,0.857
23.835283,352.915,65.182,0.810
23.846893,354.538,65.261,0.748
23.858503,353.944,65.232,0.687
23.870113,348.875,64.982,0.606
23.881723,747.398,78.172,0.617
23.893333,693.337,76.873,0.723
23.904943,690.893,76.812,0.734
23.916553,174.561,52.995,0.762
23.928163,349.974,65.037,0.812
23.939773,350.178,65.047,0.838
23.951383,351.497,65.112,0.854
23.962993,353.350,65.203,0.868
23.974603,354.341,65.252,0.871
23.986213,354.063,65.238,0.858
23.997823,353.674,65.219,0.864
24.009433,353.161,65.194,0.862
24.021043,353.594,65.215,0.839
24.032653,353.323,65.202,0.830
24.044263,351.009,65.088,0.846
24.055873,348.567,64.967,0.867
24.067483,347.773,64.928,0.886
24.079093,347.127,64.896,0.906
24.090703,348.516,64.965,0.926
24.102313,349.450,65.011,0.942
24.113923,349.880,65.032,0.957
24.125533,350.082,65.042,0.967
24.137143,350.142,65.045,0.969
24.148753,349.809,65.029,0.968
24.160363,349.369,65.007,0.963
24.171973,349.302,65.004,0.951
24.183583,349.375,65.007,0.942
24.195193,348.410,64.959,0.935
24.206803,347.504,64.914,0.931
24.218413,347.621,64.920,0.927
24.230023,348.176,64.948,0.921
24.241633,348.626,64.970,0.911
24.253243,348.778,64.978,0.906
24.264853,348.667,64.972,0.910
24.276463,348.616,64.970,0.913
24.288073,349.053,64.991,0.923
24.299683,349.881,65.032,0.935
24.311293,350.483,65.062,0.947
24.322902,350.681,65.072,0.958
24.334512,350.292,65.053,0.968
24.346122,350.441,65.060,0.977
24.357732,350.770,65.076,0.983
24.369342,350.843,65.080,0.986
24.380952,350.580,65.067,0.983
24.392562,349.890,65.033,0.974
24.404172,349.083,64.993,0.958
24.415782,348.451,64.961,0.936
24.427392,347.605,64.919,0.913
24.439002,348.082,64.943,0.888
24.450612,350.352,65.056,0.872
24.462222,353.147,65.193,0.853
24.473832,353.897,65.230,0.831
24.485442,352.320,65.153,0.812
24.497052,351.035,65.089,0.809
24.508662,347.709,64.924,0.821
24.520272,346.540,64.866,0.827
24.531882,346.220,64.850,0.829
24.543492,345.678,64.823,0.818
24.555102,345.361,64.807,0.820
24.566712,344.894,64.784,0.827
24.578322,344.740,64.776,0.838
24.589932,344.913,64.785,0.853
24.601542,345.724,64.825,0.872
24.613152,349.094,64.993,0.892
24.624762,349.649,65.021,0.913
24.636372,349.799,65.028,0.929
24.647982,349.651,65.021,0.941
24.659592,349.313,65.004,0.952
24.671202,349.007,64.989,0.961
24.682812,348.814,64.979,0.962
24.694422,351.213,65.098,0.960
24.706032,358.677,65.462,0.957
24.717642,361.481,65.597,0.951
24.729252,361.677,65.606,0.945
24.740862,360.665,65.558,0.934
24.752472,360.123,65.532,0.918
24.764082,358.559,65.456,0.905
24.775692,354.978,65.283,0.904
24.787302,352.457,65.159,0.902
24.798912,352.728,65.173,0.902
24.810522,353.573,65.214,0.903
24.822132,354.480,65.258,0.905
24.833741,358.482,65.453,0.911
24.845351,365.900,65.807,0.918
24.856961,366.734,65.847,0.923
24.868571,367.259,65.872,0.928
24.880181,367.956,65.904,0.932
24.891791,368.669,65.938,0.930
24.903401,368.498,65.930,0.923
24.915011,368.035,65.908,0.908
24.926621,367.650,65.890,0.891
24.938231,367.053,65.862,0.882
24.949841,367.121,65.865,0.857
24.961451,367.636,65.889,0.833
24.973061,364.723,65.752,0.820
24.984671,350.345,65.055,0.813
24.996281,350.512,65.064,0.818
25.007891,350.594,65.068,0.837
25.019501,350.343,65.055,0.860
25.031111,349.421,65.010,0.872
25.042721,349.118,64.995,0.888
25.054331,349.383,65.008,0.893
25.065941,349.528,65.015,0.888
25.077551,349.265,65.002,0.875
25.089161,348.719,64.975,0.859
25.100771,348.212,64.950,0.841
25.112381,348.528,64.965,0.810
25.123991,348.727,64.975,0.771
25.135601,350.000,65.038,0.747
25.147211,346.366,64.858,0.744
25.158821,386.512,66.756,0.755
25.170431,386.682,66.764,0.785
25.182041,386.185,66.741,0.810
25.193651,385.838,66.726,0.830
25.205261,385.752,66.722,0.839
25.216871,385.760,66.722,0.839
25.228481,385.791,66.724,0.836
25.240091,384.636,66.672,0.830
25.251701,350.243,65.050,0.825
25.263311,348.629,64.970,0.821
25.274921,350.916,65.083,0.829
25.286531,354.020,65.236,0.834
25.298141,352.424,65.158,0.839
25.309751,350.713,65.073,0.848
25.321361,347.028,64.891,0.860
25.332971,343.306,64.704,0.874
25.344580,337.468,64.407,0.879
25.356190,331.124,64.078,0.882
25.367800,322.886,63.642,0.879
25.379410,312.032,63.050,0.880
25.391020,310.962,62.991,0.885
25.402630,310.525,62.966,0.890
25.414240,310.236,62.950,0.890
25.425850,310.200,62.948,0.884
25.437460,310.440,62.962,0.885
25.449070,310.723,62.978,0.889
25.460680,310.889,62.987,0.892
25.472290,310.983,62.992,0.895
25.483900,310.990,62.992,0.897
25.495510,310.944,62.990,0.901
25.507120,310.959,62.991,0.903
25.518730,311.009,62.993,0.904
25.530340,311.025,62.994,0.905
25.541950,311.085,62.998,0.902
25.553560,311.096,62.998,0.901
25.565170,311.100,62.999,0.898
25.576780,311.073,62.997,0.898
25.588390,310.987,62.992,0.897
25.600000,310.946,62.990,0.896
25.611610,310.896,62.987,0.895
25.623220,310.982,62.992,0.895
25.634830,311.014,62.994,0.895
25.646440,311.057,62.996,0.895
25.658050,311.132,63.000,0.894
25.669660,311.187,63.003,0.893
25.681270,311.244,63.007,0.893
25.692880,311.197,63.004,0.890
25.704490,311.127,63.000,0.890
25.716100,311.006,62.993,0.888
25.727710,310.930,62.989,0.885
25.739320,310.860,62.985,0.882
25.750930,310.855,62.985,0.880
25.762540,310.893,62.987,0.879
25.774150,310.897,62.987,0.877
25.785760,310.876,62.986,0.874
25.797370,310.928,62.989,0.871
25.808980,310.999,62.993,0.868
25.820590,311.184,63.003,0.870
25.832200,311.588,63.026,0.875
25.843810,312.008,63.049,0.879
25.855420,312.320,63.066,0.878
25.867029,312.472,63.075,0.874
25.878639,312.302,63.065,0.873
25.890249,311.871,63.041,0.876
25.901859,311.240,63.006,0.874
25.913469,310.355,62.957,0.871
25.925079,308.721,62.866,0.864
25.936689,305.701,62.695,0.856
25.948299,303.986,62.598,0.848
25.959909,303.602,62.576,0.841
25.971519,303.429,62.566,0.835
25.983129,303.298,62.559,0.820
25.994739,304.689,62.638,0.815
26.006349,309.769,62.924,0.815
26.017959,312.119,63.055,0.815
26.029569,314.386,63.180,0.818
26.041179,314.607,63.193,0.828
26.052789,314.443,63.184,0.836
26.064399,314.315,63.176,0.839
26.076009,313.849,63.151,0.841
26.087619,312.905,63.099,0.838
26.099229,311.590,63.026,0.832
26.110839,310.597,62.970,0.822
26.122449,309.373,62.902,0.811
26.134059,308.578,62.858,0.800
26.145669,308.699,62.864,0.789
26.157279,309.724,62.922,0.781
26.168889,310.090,62.942,0.767
26.180499,309.977,62.936,0.752
26.192109,155.429,50.985,0.734
26.203719,155.618,51.006,0.717
26.215329,155.869,51.034,0.695
26.226939,155.825,51.029,0.661
26.238549,306.722,62.753,0.613
26.250159,305.203,62.667,0.568
26.261769,304.207,62.611,0.551
26.273379,877.537,80.951,0.544
26.284989,881.309,81.026,0.536
26.296599,880.698,81.014,0.528
26.308209,887.638,81.150,0.499
26.319819,893.575,81.265,0.477
26.331429,80.539,39.603,0.455
26.343039,891.221,81.219,0.421
26.354649,901.038,81.409,0.383
26.366259,896.414,81.320,0.344
26.377868,105.297,44.244,0.299
26.389478,898.384,81.358,0.237
26.401088,304.175,62.609,0.212
26.412698,308.684,62.864,0.206
26.424308,310.089,62.942,0.213
26.435918,1002.273,83.252,0.487
26.447528,564.551,73.315,0.611
26.459138,349.857,65.031,0.703
26.470748,179.188,53.448,0.774
26.482358,193.327,54.762,0.821
26.493968,193.399,54.769,0.840
26.505578,107.556,44.611,0.848
26.517188,107.551,44.610,0.855
26.528798,290.196,61.794,0.868
26.540408,305.899,62.707,0.878
26.552018,306.269,62.728,0.879
26.563628,151.007,50.485,0.876
26.575238,301.184,62.438,0.866
26.586848,298.158,62.263,0.876
26.598458,296.632,62.174,0.887
26.610068,295.063,62.082,0.897
26.621678,293.821,62.009,0.902
26.633288,293.226,61.974,0.901
26.644898,291.975,61.900,0.903
26.656508,291.775,61.888,0.901
26.668118,297.493,62.224,0.904
26.679728,308.602,62.859,0.901
26.691338,310.088,62.942,0.902
26.702948,310.242,62.951,0.900
26.714558,311.098,62.998,0.888
26.726168,312.072,63.053,0.871
26.737778,313.119,63.111,0.849
26.749388,312.906,63.099,0.826
26.760998,313.046,63.106,0.798
26.772608,309.665,62.918,0.773
26.784218,303.506,62.571,0.769
26.795828,304.477,62.626,0.758
26.807438,305.611,62.690,0.763
26.819048,306.232,62.725,0.782
26.830658,306.845,62.760,0.797
26.842268,307.587,62.802,0.817
26.853878,308.285,62.841,0.833
26.865488,308.915,62.876,0.841
26.877098,309.907,62.932,0.838
26.888707,310.530,62.967,0.843
26.900317,310.951,62.990,0.852
26.911927,311.202,63.004,0.861
26.923537,311.322,63.011,0.869
26.935147,311.755,63.035,0.877
26.946757,312.207,63.060,0.880
26.958367,312.551,63.079,0.883
26.969977,312.658,63.085,0.886
26.981587,312.626,63.083,0.883
26.993197,312.744,63.090,0.884
27.004807,314.360,63.179,0.884
27.016417,316.299,63.285,0.878
27.028027,319.540,63.462,0.877
27.039637,339.034,64.487,0.884
27.051247,348.638,64.971,0.897
27.062857,350.202,65.048,0.904
27.074467,350.017,65.039,0.912
27.086077,349.731,65.025,0.913
27.097687,349.553,65.016,0.908
27.109297,349.389,65.008,0.910
27.120907,349.063,64.992,0.910
27.132517,348.049,64.941,0.908
27.144127,345.595,64.819,0.906
27.155737,341.843,64.630,0.907
27.167347,340.782,64.576,0.913
27.178957,347.321,64.905,0.921
27.190567,346.799,64.879,0.928
27.202177,347.709,64.925,0.931
27.213787,348.632,64.970,0.927
27.225397,345.706,64.825,0.916
27.237007,348.339,64.956,0.900
27.248617,336.208,64.342,0.878
27.260227,332.025,64.125,0.851
27.271837,332.372,64.144,0.817
27.283447,308.691,62.864,0.791
27.295057,309.109,62.887,0.767
27.306667,310.154,62.946,0.762
27.318277,340.947,64.585,0.781
27.329887,344.591,64.769,0.812
27.341497,348.522,64.965,0.833
27.353107,349.212,64.999,0.851
27.364717,350.136,65.045,0.872
27.376327,349.947,65.036,0.888
27.387937,350.014,65.039,0.897
27.399546,350.454,65.061,0.902
27.411156,351.059,65.091,0.902
27.422766,351.609,65.118,0.899
27.434376,352.302,65.152,0.901
27.445986,354.210,65.245,0.906
27.457596,356.872,65.375,0.903
27.469206,362.055,65.624,0.901
27.480816,365.917,65.808,0.904
27.492426,367.208,65.869,0.907
27.504036,368.093,65.911,0.911
27.515646,368.838,65.946,0.912
27.527256,369.436,65.974,0.911
27.538866,369.528,65.978,0.904
27.550476,369.273,65.966,0.901
27.562086,369.082,65.957,0.897
27.573696,369.032,65.955,0.891
27.585306,369.176,65.962,0.884
27.596916,369.468,65.975,0.877
27.608526,369.937,65.997,0.867
27.620136,370.403,66.019,0.859
27.631746,370.643,66.030,0.859
27.643356,370.633,66.030,0.861
27.654966,370.565,66.027,0.863
27.666576,370.478,66.023,0.867
27.678186,371.106,66.052,0.874
27.689796,370.800,66.038,0.881
27.701406,369.944,65.998,0.888
27.713016,370.224,66.011,0.892
27.724626,369.595,65.981,0.896
27.736236,368.872,65.947,0.899
27.747846,366.985,65.859,0.901
27.759456,365.733,65.799,0.893
27.771066,364.064,65.720,0.881
27.782676,362.231,65.633,0.864
27.794286,361.430,65.595,0.843
27.805896,359.176,65.486,0.820
27.817506,343.626,64.720,0.809
27.829116,377.231,66.335,0.795
27.840726,377.217,66.335,0.781
27.852336,376.687,66.310,0.791
27.863946,375.400,66.251,0.813
27.875556,375.110,66.238,0.829
27.887166,375.640,66.262,0.854
27.898776,376.044,66.281,0.867
27.910385,376.004,66.279,0.864
27.921995,375.150,66.240,0.858
27.933605,175.316,53.069,0.853
27.945215,354.199,65.245,0.845
27.956825,351.794,65.127,0.829
27.968435,351.106,65.093,0.818
27.980045,352.580,65.165,0.796
27.991655,359.180,65.486,0.787
28.003265,364.822,65.756,0.789
28.014875,369.638,65.983,0.800
28.026485,368.540,65.932,0.811
28.038095,362.876,65.664,0.829
28.049705,356.478,65.356,0.837
28.061315,351.457,65.110,0.837
28.072925,343.366,64.707,0.846
28.084535,334.820,64.271,0.853
28.096145,327.030,63.863,0.865
28.107755,332.803,64.166,0.878
28.119365,344.011,64.739,0.886
28.130975,349.756,65.026,0.891
28.142585,352.019,65.138,0.903
28.154195,352.328,65.153,0.916
28.165805,351.596,65.117,0.919
28.177415,350.699,65.073,0.921
28.189025,350.190,65.048,0.916
28.200635,350.312,65.054,0.907
28.212245,348.471,64.962,0.899
28.223855,344.275,64.753,0.890
28.235465,342.871,64.682,0.882
28.247075,341.031,64.589,0.873
28.258685,340.144,64.544,0.870
28.270295,359.851,65.519,0.872
28.281905,367.894,65.901,0.871
28.293515,372.104,66.098,0.877
28.305125,372.238,66.105,0.884
28.316735,372.057,66.096,0.888
28.328345,372.297,66.107,0.892
28.339955,372.403,66.112,0.895
28.351565,371.843,66.086,0.895
28.363175,370.947,66.045,0.894
28.374785,370.101,66.005,0.903
28.386395,369.693,65.986,0.905
28.398005,369.617,65.982,0.905
28.409615,369.705,65.986,0.908
28.421224,369.759,65.989,0.909
28.432834,370.017,66.001,0.909
28.444444,370.092,66.005,0.914
28.456054,369.929,65.997,0.918
28.467664,369.843,65.993,0.914
28.479274,369.748,65.988,0.907
28.490884,369.703,65.986,0.895
28.502494,370.001,66.000,0.877
28.514104,370.294,66.014,0.855
28.525714,370.317,66.015,0.832
28.537324,370.335,66.016,0.795
28.548934,370.303,66.014,0.741
28.560544,369.609,65.982,0.695
28.572154,368.582,65.934,0.629
28.583764,408.954,67.733,0.707
28.595374,372.773,66.130,0.749
28.606984,373.278,66.153,0.786
28.618594,373.148,66.147,0.819
28.630204,372.776,66.130,0.848
28.641814,372.248,66.105,0.874
28.653424,371.627,66.076,0.891
28.665034,371.021,66.048,0.912
28.676644,371.049,66.049,0.917
28.688254,370.421,66.020,0.918
28.699864,369.324,65.969,0.907
28.711474,368.139,65.913,0.892
28.723084,367.508,65.883,0.873
28.734694,367.434,65.880,0.847
28.746304,368.819,65.945,0.811
28.757914,372.989,66.140,0.754
28.769524,375.838,66.271,0.650
28.781134,371.661,66.078,0.457
28.792744,369.813,65.992,0.392
28.804354,369.972,65.999,0.374
28.815964,370.267,66.013,0.427
28.827574,371.024,66.048,0.432
28.839184,370.839,66.039,0.455
28.850794,366.402,65.831,0.695
28.862404,365.503,65.789,0.808
28.874014,368.106,65.911,0.849
28.885624,369.695,65.986,0.873
28.897234,369.648,65.984,0.894
28.908844,369.058,65.956,0.909
28.920454,368.508,65.930,0.923
28.932063,368.018,65.907,0.935
28.943673,367.970,65.905,0.932
28.955283,367.612,65.888,0.914
28.966893,366.900,65.855,0.906
28.978503,366.267,65.825,0.902
28.990113,366.181,65.821,0.897
29.001723,366.154,65.819,0.893
29.013333,366.134,65.818,0.884
29.024943,366.137,65.819,0.874
29.036553,366.215,65.822,0.861
29.048163,366.437,65.833,0.840
29.059773,366.745,65.847,0.814
29.071383,366.358,65.829,0.789
29.082993,363.830,65.709,0.754
29.094603,362.552,65.648,0.738
29.106213,367.206,65.869,0.779
29.117823,371.990,66.093,0.802
29.129433,373.159,66.147,0.823
29.141043,372.741,66.128,0.852
29.152653,372.019,66.094,0.872
29.164263,371.227,66.058,0.889
29.175873,370.874,66.041,0.903
29.187483,368.909,65.949,0.912
29.199093,363.581,65.697,0.907
29.210703,361.362,65.591,0.904
29.222313,361.557,65.601,0.900
29.233923,360.535,65.552,0.892
29.245533,361.373,65.592,0.884
29.257143,366.828,65.851,0.874
29.268753,367.894,65.901,0.865
29.280363,368.007,65.907,0.858
29.291973,368.343,65.923,0.855
29.303583,368.378,65.924,0.851
29.315193,367.934,65.903,0.833
29.326803,366.986,65.859,0.818
29.338413,365.850,65.805,0.811
29.350023,363.454,65.691,0.827
29.361633,361.849,65.615,0.853
29.373243,364.187,65.726,0.866
29.384853,366.732,65.847,0.877
29.396463,370.072,66.004,0.897
29.408073,372.123,66.099,0.921
29.419683,374.181,66.195,0.939
29.431293,377.007,66.325,0.952
29.442902,380.863,66.501,0.956
29.454512,383.940,66.641,0.952
29.466122,387.390,66.795,0.950
29.477732,391.613,66.983,0.950
29.489342,399.128,67.312,0.947
29.500952,405.040,67.567,0.944
29.512562,408.782,67.726,0.935
29.524172,411.906,67.858,0.920
29.535782,414.039,67.947,0.899
29.547392,415.210,67.996,0.880
29.559002,415.734,68.018,0.855
29.570612,416.221,68.038,0.818
29.582222,417.285,68.082,0.761
29.593832,417.530,68.093,0.666
29.605442,407.734,67.682,0.519
29.617052,371.154,66.054,0.482
29.628662,376.489,66.301,0.536
29.640272,417.782,68.103,0.685
29.651882,419.041,68.155,0.785
29.663492,418.142,68.118,0.830
29.675102,417.366,68.086,0.868
29.686712,417.044,68.072,0.899
29.698322,416.838,68.064,0.923
29.709932,416.792,68.062,0.939
29.721542,416.508,68.050,0.951
29.733152,415.771,68.019,0.951
29.744762,415.040,67.989,0.940
29.756372,414.800,67.979,0.925
29.767982,414.512,67.967,0.903
29.779592,414.135,67.951,0.873
29.791202,413.370,67.919,0.836
29.802812,412.367,67.877,0.788
29.814422,411.366,67.835,0.727
29.826032,410.846,67.813,0.639
29.837642,412.656,67.889,0.466
29.849252,414.872,67.982,0.366
29.860862,207.629,55.998,0.470
29.872472,428.982,68.561,0.642
29.884082,430.541,68.624,0.755
29.895692,426.824,68.474,0.801
29.907302,425.037,68.401,0.827
29.918912,423.117,68.323,0.849
29.930522,421.710,68.265,0.867
29.942132,420.227,68.204,0.886
29.953741,418.448,68.131,0.899
29.965351,416.421,68.046,0.899
29.976961,414.053,67.948,0.880
29.988571,411.994,67.861,0.865
30.000181,409.453,67.754,0.857
30.011791,408.129,67.698,0.851
30.023401,409.376,67.751,0.850
30.035011,414.569,67.969,0.852
30.046621,417.915,68.108,0.860
30.058231,419.651,68.180,0.857
30.069841,419.586,68.178,0.859
30.081451,418.203,68.120,0.855
30.093061,416.658,68.056,0.848
30.104671,410.706,67.807,0.849
30.116281,395.859,67.170,0.852
30.127891,369.542,65.979,0.845
30.139501,369.582,65.981,0.825
30.151111,370.995,66.047,0.835
30.162721,371.759,66.082,0.855
30.174331,371.424,66.067,0.875
30.185941,370.626,66.030,0.887
30.197551,370.646,66.030,0.887
30.209161,370.893,66.042,0.881
30.220771,371.930,66.090,0.876
30.232381,371.736,66.081,0.871
30.243991,370.728,66.034,0.851
30.255601,370.377,66.018,0.815
30.267211,370.907,66.043,0.774
30.278821,372.113,66.099,0.734
30.290431,373.370,66.157,0.686
30.302041,374.228,66.197,0.625
30.313651,374.300,66.200,0.502
30.325261,92.464,41.994,0.325
30.336871,208.280,56.052,0.296
30.348481,207.669,56.001,0.288
30.360091,373.428,66.160,0.621
30.371701,823.009,79.841,0.692
30.383311,827.705,79.939,0.728
30.394921,411.280,67.831,0.762
30.406531,353.879,65.229,0.817
30.418141,355.082,65.288,0.839
30.429751,358.399,65.449,0.862
30.441361,368.149,65.913,0.890
30.452971,371.526,66.072,0.901
30.464580,371.444,66.068,0.905
30.476190,369.287,65.967,0.907
30.487800,369.248,65.965,0.910
30.499410,370.408,66.019,0.899
30.511020,372.264,66.106,0.901
30.522630,373.902,66.182,0.901
30.534240,375.179,66.241,0.897
30.545850,799.997,79.350,0.892
30.557460,806.972,79.500,0.895
30.569070,404.603,67.548,0.903
30.580680,407.675,67.679,0.904
30.592290,410.744,67.809,0.903
30.603900,412.932,67.901,0.903
30.615510,414.540,67.968,0.908
30.627120,415.538,68.010,0.911
30.638730,416.005,68.029,0.912
30.650340,416.367,68.044,0.913
30.661950,416.392,68.045,0.913
30.673560,416.291,68.041,0.914
30.685170,416.017,68.030,0.918
30.696780,415.728,68.018,0.919
30.708390,415.807,68.021,0.913
30.720000,416.515,68.050,0.905
30.731610,417.503,68.091,0.901
30.743220,417.748,68.102,0.890
30.754830,417.901,68.108,0.879
30.766440,417.642,68.097,0.871
30.778050,417.204,68.079,0.864
30.789660,414.751,67.977,0.861
30.801270,410.919,67.816,0.854
30.812880,406.702,67.638,0.844
30.824490,792.367,79.184,0.820
30.836100,793.280,79.204,0.804
30.847710,793.171,79.202,0.787
30.859320,802.134,79.396,0.765
30.870930,800.257,79.356,0.731
30.882540,408.741,67.724,0.669
30.894150,201.965,55.519,0.621
30.905760,205.104,55.786,0.622
30.917370,744.315,78.101,0.661
30.928980,204.554,55.740,0.679
30.940590,83.719,40.274,0.697
30.952200,205.408,55.812,0.714
30.963810,740.054,78.002,0.728
30.975420,742.291,78.054,0.740
30.987029,746.405,78.149,0.747
30.998639,751.941,78.277,0.739
31.010249,375.010,66.233,0.733
31.021859,752.260,78.285,0.732
31.033469,753.248,78.307,0.728
31.045079,755.071,78.349,0.716
31.056689,755.594,78.361,0.699
31.068299,755.718,78.364,0.676
31.079909,754.221,78.330,0.645
31.091519,754.389,78.334,0.614
31.103129,757.688,78.409,0.560
31.114739,105.274,44.240,0.502
31.126349,104.124,44.050,0.414
31.137959,223.307,57.258,0.658
31.149569,709.356,77.268,0.729
31.161179,713.434,77.367,0.778
31.172789,428.121,68.526,0.829
31.184399,420.597,68.219,0.859
31.196009,416.942,68.068,0.879
31.207619,414.046,67.947,0.894
31.219229,412.963,67.902,0.906
31.230839,411.964,67.860,0.902
31.242449,409.978,67.777,0.902
31.254059,408.914,67.732,0.900
31.265669,408.658,67.721,0.892
31.277279,408.551,67.716,0.888
31.288889,408.524,67.715,0.891
31.300499,409.229,67.745,0.894
31.312109,410.544,67.800,0.899
31.323719,412.549,67.885,0.902
31.335329,414.554,67.969,0.902
31.346939,416.123,68.034,0.901
31.358549,417.461,68.090,0.900
31.370159,418.278,68.124,0.898
31.381769,418.836,68.147,0.894
31.393379,418.852,68.147,0.892
31.404989,418.453,68.131,0.892
31.416599,418.802,68.145,0.899
31.428209,420.207,68.203,0.903
31.439819,422.256,68.287,0.910
31.451429,423.838,68.352,0.913
31.463039,424.672,68.386,0.908
31.474649,424.572,68.382,0.911
31.486259,230.677,57.820,0.918
31.497868,231.202,57.860,0.918
31.509478,231.145,57.856,0.912
31.521088,457.617,69.680,0.901
31.532698,459.192,69.739,0.883
31.544308,461.032,69.808,0.870
31.555918,461.113,69.811,0.866
31.567528,461.453,69.824,0.852
31.579138,460.483,69.788,0.826
31.590748,459.453,69.749,0.807
31.602358,459.690,69.758,0.795
31.613968,119.802,46.478,0.799
31.625578,1002.273,83.252,0.810
31.637188,119.807,46.478,0.815
31.648798,314.980,63.213,0.820
31.660408,339.307,64.501,0.823
31.672018,97.152,42.850,0.822
31.683628,409.928,67.774,0.831
31.695238,410.917,67.816,0.853
31.706848,416.030,68.030,0.870
31.718458,428.875,68.557,0.881
31.730068,431.051,68.644,0.888
31.741678,431.967,68.681,0.893
31.753288,433.255,68.733,0.898
31.764898,434.363,68.777,0.910
31.776508,434.786,68.794,0.912
31.788118,436.218,68.851,0.905
31.799728,437.274,68.892,0.898
31.811338,438.098,68.925,0.898
31.822948,438.667,68.947,0.900
31.834558,439.030,68.962,0.901
31.846168,439.524,68.981,0.899
31.857778,440.152,69.006,0.890
31.869388,440.590,69.023,0.877
31.880998,440.984,69.039,0.863
31.892608,441.519,69.060,0.843
31.904218,441.504,69.059,0.816
31.915828,441.493,69.059,0.782
31.927438,441.700,69.067,0.750
31.939048,442.007,69.079,0.733
31.950658,468.643,70.092,0.733
31.962268,469.076,70.108,0.750
31.973878,468.536,70.088,0.778
31.985488,467.841,70.062,0.802
31.997098,466.387,70.008,0.830
32.008707,464.339,69.932,0.857
32.020317,462.872,69.877,0.867
32.031927,461.214,69.815,0.862
32.043537,459.210,69.740,0.854
32.055147,458.182,69.701,0.846
32.066757,456.964,69.655,0.836
32.078367,456.610,69.642,0.827
32.089977,458.329,69.707,0.810
32.101587,466.262,70.004,0.784
32.113197,467.959,70.067,0.773
32.124807,467.964,70.067,0.776
32.136417,467.401,70.046,0.782
32.148027,464.623,69.943,0.791
32.159637,461.674,69.832,0.799
32.171247,459.365,69.746,0.805
32.182857,456.879,69.652,0.805
32.194467,449.883,69.385,0.824
32.206077,441.600,69.063,0.856
32.217687,439.960,68.998,0.878
32.229297,439.138,68.966,0.891
32.240907,438.340,68.935,0.901
32.252517,437.969,68.920,0.908
32.264127,437.967,68.920,0.914
32.275737,438.164,68.928,0.920
32.287347,438.335,68.934,0.919
32.298957,439.053,68.963,0.909
32.310567,439.672,68.987,0.902
32.322177,440.102,69.004,0.899
32.333787,440.430,69.017,0.893
32.345397,440.602,69.024,0.888
32.357007,440.410,69.016,0.879
32.368617,440.237,69.009,0.866
32.380227,440.067,69.003,0.849
32.391837,439.963,68.999,0.826
32.403447,439.591,68.984,0.798
32.415057,439.008,68.961,0.760
32.426667,218.661,56.894,0.716
32.438277,217.873,56.832,0.663
32.449887,417.079,68.074,0.715
32.461497,426.437,68.458,0.784
32.473107,436.865,68.876,0.819
32.484717,445.699,69.223,0.851
32.496327,448.089,69.315,0.864
32.507937,450.617,69.413,0.881
32.519546,453.693,69.531,0.899
32.531156,455.589,69.603,0.910
32.542766,456.323,69.631,0.908
32.554376,458.493,69.713,0.896
32.565986,460.941,69.805,0.892
32.577596,463.145,69.888,0.887
32.589206,464.052,69.921,0.895
32.600816,465.084,69.960,0.900
32.612426,465.682,69.982,0.902
32.624036,465.665,69.981,0.908
32.635646,465.389,69.971,0.913
32.647256,465.133,69.962,0.918
32.658866,464.962,69.955,0.920
32.670476,464.733,69.947,0.923
32.682086,464.164,69.926,0.922
32.693696,463.060,69.884,0.917
32.705306,461.057,69.809,0.919
32.716916,459.247,69.741,0.915
32.728526,458.177,69.701,0.903
32.740136,457.818,69.687,0.894
32.751746,456.684,69.644,0.885
32.763356,454.142,69.548,0.877
32.774966,453.454,69.521,0.873
32.786576,452.684,69.492,0.873
32.798186,453.873,69.537,0.861
32.809796,345.580,64.818,0.859
32.821406,346.980,64.888,0.869
32.833016,348.198,64.949,0.875
32.844626,348.697,64.974,0.880
32.856236,348.654,64.971,0.884
32.867846,348.727,64.975,0.883
32.879456,348.819,64.980,0.886
32.891066,348.673,64.972,0.890
32.902676,348.242,64.951,0.891
32.914286,347.565,64.917,0.893
32.925896,347.167,64.898,0.893
32.937506,347.124,64.895,0.892
32.949116,347.421,64.910,0.895
32.960726,347.929,64.935,0.898
32.972336,348.373,64.958,0.891
32.983946,348.589,64.968,0.877
32.995556,348.914,64.984,0.861
33.007166,349.331,65.005,0.846
33.018776,349.621,65.019,0.830
33.030385,349.786,65.028,0.814
33.041995,349.542,65.016,0.786
33.053605,349.173,64.997,0.752
33.065215,348.947,64.986,0.738
33.076825,348.992,64.988,0.743
33.088435,349.148,64.996,0.750
33.100045,349.402,65.009,0.754
33.111655,349.247,65.001,0.761
33.123265,349.154,64.996,0.768
33.134875,349.065,64.992,0.777
33.146485,348.947,64.986,0.790
33.158095,348.788,64.978,0.804
33.169705,348.526,64.965,0.820
33.181315,348.156,64.947,0.831
33.192925,347.808,64.929,0.829
33.204535,347.300,64.904,0.818
33.216145,346.250,64.852,0.806
33.227755,346.009,64.840,0.807
33.239365,376.227,66.289,0.819
33.250975,393.166,67.052,0.835
33.262585,406.186,67.616,0.844
33.274195,411.355,67.835,0.854
33.285805,415.175,67.995,0.878
33.297415,417.385,68.087,0.906
33.309025,418.649,68.139,0.918
33.320635,420.362,68.210,0.924
33.332245,420.668,68.222,0.924
33.343855,421.708,68.265,0.919
33.355465,421.885,68.272,0.915
33.367075,420.955,68.234,0.913
33.378685,419.466,68.173,0.907
33.390295,417.905,68.108,0.899
33.401905,416.726,68.059,0.906
33.413515,415.932,68.026,0.912
33.425125,415.494,68.008,0.914
33.436735,415.275,67.999,0.916
33.448345,415.401,68.004,0.919
33.459955,415.810,68.021,0.923
33.471565,416.448,68.048,0.924
33.483175,417.319,68.084,0.918
33.494785,418.393,68.128,0.908
33.506395,419.361,68.168,0.899
33.518005,420.784,68.227,0.890
33.529615,422.088,68.280,0.884
33.541224,423.301,68.330,0.878
33.552834,424.283,68.370,0.869
33.564444,425.144,68.405,0.859
33.576054,425.876,68.435,0.861
33.587664,426.438,68.458,0.864
33.599274,427.117,68.486,0.868
33.610884,427.817,68.514,0.873
33.622494,428.923,68.559,0.880
33.634104,429.767,68.593,0.883
33.645714,430.351,68.616,0.886
33.657324,430.531,68.623,0.889
33.668934,430.380,68.617,0.890
33.680544,430.251,68.612,0.891
33.692154,430.270,68.613,0.891
33.703764,430.084,68.605,0.893
33.715374,429.676,68.589,0.894
33.726984,429.462,68.580,0.891
33.738594,429.718,68.591,0.890
33.750204,430.407,68.618,0.888
33.761814,431.168,68.649,0.884
33.773424,431.881,68.678,0.878
33.785034,432.501,68.702,0.872
33.796644,433.237,68.732,0.865
33.808254,434.456,68.780,0.862
33.819864,435.632,68.827,0.865
33.831474,436.557,68.864,0.869
33.843084,437.535,68.903,0.874
33.854694,438.566,68.943,0.884
33.866304,439.212,68.969,0.894
33.877914,439.685,68.988,0.904
33.889524,440.080,69.003,0.913
33.901134,440.283,69.011,0.916
33.912744,440.356,69.014,0.915
33.924354,440.389,69.015,0.912
33.935964,440.470,69.018,0.909
33.947574,440.501,69.020,0.903
33.959184,440.754,69.030,0.898
33.970794,441.257,69.049,0.891
33.982404,441.866,69.073,0.886
33.994014,442.625,69.103,0.883
34.005624,443.334,69.131,0.881
34.017234,444.144,69.162,0.879
34.028844,444.848,69.190,0.878
34.040454,445.608,69.219,0.876
34.052063,446.373,69.249,0.871
34.063673,447.136,69.279,0.872
34.075283,447.688,69.300,0.871
34.086893,448.184,69.319,0.865
34.098503,449.084,69.354,0.864
34.110113,449.621,69.374,0.865
34.121723,450.659,69.414,0.870
34.133333,451.954,69.464,0.871
34.144943,453.000,69.504,0.879
34.156553,454.276,69.553,0.880
34.168163,455.747,69.609,0.881
34.179773,456.508,69.638,0.889
34.191383,457.011,69.657,0.895
34.202993,457.758,69.685,0.899
34.214603,458.071,69.697,0.902
34.226213,458.428,69.710,0.905
34.237823,459.141,69.737,0.908
34.249433,459.653,69.757,0.909
34.261043,460.633,69.793,0.908
34.272653,461.423,69.823,0.902
34.284263,462.240,69.854,0.896
34.295873,462.859,69.877,0.890
34.307483,463.530,69.902,0.881
34.319093,463.882,69.915,0.875
34.330703,464.251,69.929,0.867
34.342313,464.872,69.952,0.864
34.353923,465.433,69.973,0.863
34.365533,465.772,69.985,0.866
34.377143,466.174,70.000,0.871
34.388753,466.296,70.005,0.876
34.400363,466.429,70.010,0.879
34.411973,466.727,70.021,0.881
34.423583,466.894,70.027,0.879
34.435193,466.998,70.031,0.881
34.446803,467.029,70.032,0.882
34.458413,467.027,70.032,0.889
34.470023,467.253,70.040,0.893
34.481633,467.870,70.063,0.891
34.493243,468.716,70.095,0.890
34.504853,469.309,70.116,0.893
34.516463,469.645,70.129,0.900
34.528073,469.642,70.129,0.901
34.539683,469.323,70.117,0.897
34.551293,469.262,70.115,0.882
34.562902,468.959,70.103,0.866
34.574512,467.477,70.049,0.862
34.586122,465.768,69.985,0.860
34.597732,465.375,69.971,0.858
34.609342,465.596,69.979,0.858
34.620952,466.307,70.005,0.865
34.632562,467.415,70.046,0.870
34.644172,469.003,70.105,0.879
34.655782,470.547,70.162,0.886
34.667392,472.830,70.246,0.893
34.679002,474.564,70.309,0.899
34.690612,473.831,70.282,0.904
34.702222,473.113,70.256,0.895
34.713832,470.180,70.149,0.889
34.725442,464.430,69.935,0.885
34.737052,460.072,69.772,0.884
34.748662,459.991,69.769,0.892
34.760272,459.853,69.764,0.888
34.771882,459.982,69.769,0.882
34.783492,462.790,69.874,0.885
34.795102,465.989,69.994,0.889
34.806712,469.327,70.117,0.880
34.818322,470.440,70.158,0.882
34.829932,470.819,70.172,0.879
34.841542,470.347,70.155,0.867
34.853152,467.659,70.055,0.873
34.864762,467.010,70.031,0.888
34.876372,466.805,70.024,0.892
34.887982,466.832,70.025,0.897
34.899592,467.429,70.047,0.904
34.911202,468.565,70.089,0.904
34.922812,470.475,70.159,0.910
34.934422,472.514,70.234,0.913
34.946032,478.450,70.450,0.912
34.957642,922.586,81.818,0.904
34.969252,1002.273,83.252,0.895
34.980862,461.174,69.814,0.892
34.992472,100.698,43.470,0.889
35.004082,98.428,43.076,0.885
35.015692,98.425,43.075,0.879
35.027302,98.425,43.075,0.875
35.038912,442.266,69.089,0.872
35.050522,372.242,66.105,0.876
35.062132,372.912,66.136,0.874
35.073741,311.216,63.005,0.874
35.085351,311.976,63.047,0.872
35.096961,311.598,63.026,0.872
35.108571,312.207,63.060,0.872
35.120181,313.311,63.121,0.875
35.131791,312.617,63.083,0.877
35.143401,312.900,63.098,0.876
35.155011,311.867,63.041,0.883
35.166621,311.438,63.017,0.889
35.178231,310.919,62.988,0.898
35.189841,310.053,62.940,0.907
35.201451,309.175,62.891,0.916
35.213061,308.770,62.868,0.923
35.224671,308.490,62.853,0.923
35.236281,308.493,62.853,0.919
35.247891,308.925,62.877,0.913
35.259501,309.462,62.907,0.908
35.271111,309.998,62.937,0.906
35.282721,310.561,62.969,0.905
35.294331,310.837,62.984,0.893
35.305941,311.087,62.998,0.880
35.317551,311.719,63.033,0.882
35.329161,312.651,63.085,0.883
35.340771,315.299,63.231,0.881
35.352381,117.392,46.126,0.880
35.363991,348.041,64.941,0.878
35.375601,349.918,65.034,0.872
35.387211,349.492,65.013,0.876
35.398821,348.917,64.985,0.882
35.410431,348.812,64.979,0.878
35.422041,348.692,64.973,0.877
35.433651,348.690,64.973,0.884
35.445261,346.932,64.886,0.893
35.456871,347.015,64.890,0.900
35.468481,348.219,64.950,0.904
35.480091,349.394,65.008,0.894
35.491701,350.738,65.075,0.879
35.503311,351.594,65.117,0.863
35.514921,351.303,65.103,0.843
35.526531,351.084,65.092,0.813
35.538141,406.575,67.632,0.762
35.549751,407.518,67.672,0.777
35.561361,115.257,45.808,0.768
35.572971,1002.273,83.252,0.794
35.584580,366.148,65.819,0.821
35.596190,370.672,66.032,0.843
35.607800,372.343,66.110,0.863
35.619410,372.193,66.103,0.879
35.631020,370.899,66.042,0.889
35.642630,369.578,65.980,0.870
35.654240,369.407,65.972,0.869
35.665850,369.389,65.972,0.873
35.677460,368.474,65.929,0.870
35.689070,367.719,65.893,0.869
35.700680,367.426,65.879,0.867
35.712290,367.383,65.877,0.867
35.723900,367.724,65.893,0.871
35.735510,368.407,65.926,0.880
35.747120,368.601,65.935,0.882
35.758730,368.532,65.931,0.884
35.770340,368.564,65.933,0.889
35.781950,368.420,65.926,0.892
35.793560,368.025,65.908,0.892
35.805170,367.683,65.891,0.892
35.816780,367.316,65.874,0.889
35.828390,366.505,65.836,0.882
35.840000,365.911,65.808,0.879
35.851610,364.858,65.758,0.870
35.863220,363.183,65.678,0.864
35.874830,361.585,65.602,0.858
35.886440,360.215,65.536,0.853
35.898050,357.868,65.423,0.850
35.909660,355.543,65.310,0.846
35.921270,353.810,65.226,0.850
35.932880,350.428,65.059,0.856
35.944490,347.123,64.895,0.867
35.956100,336.837,64.375,0.871
35.967710,328.263,63.928,0.876
35.979320,324.220,63.714,0.877
35.990930,319.442,63.457,0.878
36.002540,315.748,63.255,0.885
36.014150,308.377,62.846,0.886
36.025760,302.952,62.539,0.873
36.037370,296.433,62.162,0.853
36.048980,292.077,61.906,0.832
36.060590,278.751,61.098,0.835
36.072200,277.584,61.025,0.832
36.083810,278.115,61.058,0.833
36.095420,309.934,62.933,0.828
36.107029,312.819,63.094,0.818
36.118639,313.796,63.148,0.826
36.130249,313.805,63.148,0.841
36.141859,312.827,63.094,0.858
36.153469,311.108,62.999,0.856
36.165079,309.566,62.913,0.860
36.176689,307.823,62.815,0.866
36.188299,306.227,62.725,0.877
36.199909,305.772,62.699,0.888
36.211519,306.069,62.716,0.900
36.223129,306.490,62.740,0.904
36.234739,307.671,62.807,0.907
36.246349,309.474,62.908,0.905
36.257959,312.197,63.059,0.909
36.269569,313.846,63.151,0.911
36.281179,314.618,63.193,0.905
36.292789,314.659,63.195,0.896
36.304399,314.055,63.162,0.884
36.316009,312.220,63.061,0.881
36.327619,309.984,62.936,0.877
36.339229,308.656,62.862,0.871
36.350839,307.740,62.811,0.859
36.362449,307.104,62.775,0.840
36.374059,307.268,62.784,0.828
36.385669,308.441,62.850,0.817
36.397279,310.295,62.954,0.805
36.408889,311.917,63.044,0.784
36.420499,313.157,63.113,0.761
36.432109,313.503,63.132,0.749
36.443719,313.817,63.149,0.737
36.455329,313.160,63.113,0.734
36.466939,311.675,63.030,0.736
36.478549,309.665,62.918,0.743
36.490159,308.154,62.834,0.757
36.501769,308.151,62.834,0.774
36.513379,308.718,62.865,0.794
36.524989,310.480,62.964,0.804
36.536599,312.370,63.069,0.819
36.548209,316.209,63.280,0.829
36.559819,319.304,63.449,0.831
36.571429,320.154,63.495,0.827
36.583039,343.698,64.724,0.829
36.594649,350.441,65.060,0.836
36.606259,361.475,65.597,0.847
36.617868,423.531,68.340,0.862
36.629478,426.136,68.446,0.868
36.641088,425.432,68.417,0.875
36.652698,424.040,68.360,0.883
36.664308,423.165,68.325,0.889
36.675918,422.166,68.284,0.890
36.687528,421.815,68.269,0.888
36.699138,421.973,68.276,0.884
36.710748,419.220,68.162,0.876
36.722358,415.786,68.020,0.871
36.733968,413.913,67.942,0.869
36.745578,463.480,69.900,0.869
36.757188,465.178,69.963,0.873
36.768798,466.068,69.996,0.880
36.780408,465.414,69.972,0.884
36.792018,464.539,69.940,0.885
36.803628,464.822,69.950,0.890
36.815238,465.023,69.958,0.892
36.826848,464.742,69.947,0.892
36.838458,463.682,69.908,0.890
36.850068,462.936,69.880,0.885
36.861678,462.289,69.855,0.874
36.873288,462.297,69.856,0.860
36.884898,462.654,69.869,0.846
36.896508,463.220,69.890,0.820
36.908118,463.719,69.909,0.797
36.919728,464.930,69.954,0.769
36.931338,466.025,69.995,0.746
36.942948,466.529,70.014,0.740
36.954558,466.297,70.005,0.730
36.966168,464.467,69.937,0.719
36.977778,486.941,70.755,0.766
36.989388,491.967,70.933,0.794
37.000998,493.667,70.992,0.815
37.012608,494.179,71.010,0.836
37.024218,494.524,71.022,0.861
37.035828,494.668,71.027,0.881
37.047438,494.938,71.037,0.899
37.059048,495.467,71.055,0.914
37.070658,496.967,71.108,0.916
37.082268,498.578,71.164,0.925
37.093878,500.660,71.236,0.931
37.105488,502.670,71.305,0.930
37.117098,505.560,71.405,0.920
37.128707,512.069,71.626,0.908
37.140317,519.747,71.884,0.899
37.151927,528.988,72.189,0.892
37.163537,538.584,72.500,0.884
37.175147,546.160,72.742,0.875
37.186757,550.544,72.880,0.862
37.198367,552.419,72.939,0.853
37.209977,553.932,72.986,0.847
37.221587,554.978,73.019,0.843
37.233197,555.298,73.029,0.837
37.244807,555.231,73.027,0.827
37.256417,554.980,73.019,0.817
37.268027,554.433,73.002,0.802
37.279637,554.504,73.004,0.793
37.291247,554.683,73.010,0.798
37.302857,554.598,73.007,0.805
37.314467,553.515,72.973,0.807
37.326077,552.467,72.941,0.803
37.337687,551.283,72.903,0.793
37.349297,550.417,72.876,0.786
37.360907,552.468,72.941,0.809
37.372517,554.439,73.002,0.833
37.384127,554.098,72.992,0.857
37.395737,552.134,72.930,0.871
37.407347,547.628,72.788,0.897
37.418957,542.650,72.630,0.924
37.430567,538.887,72.510,0.940
37.442177,536.029,72.418,0.950
37.453787,529.377,72.201,0.963
37.465397,521.746,71.950,0.970
37.477007,514.984,71.724,0.970
37.488617,510.506,71.573,0.972
37.500227,504.892,71.382,0.968
37.511837,501.327,71.259,0.964
37.523447,499.104,71.182,0.970
37.535057,497.560,71.128,0.979
37.546667,496.369,71.087,0.975
37.558277,495.794,71.067,0.974
37.569887,495.273,71.049,0.976
37.581497,494.700,71.029,0.980
37.593107,494.208,71.011,0.988
37.604717,493.626,70.991,0.996
37.616327,493.141,70.974,1.000
37.627937,492.842,70.963,0.996
37.639546,492.652,70.957,0.988
37.651156,492.527,70.952,0.980
37.662766,492.587,70.954,0.973
37.674376,492.705,70.959,0.966
37.685986,492.973,70.968,0.952
37.697596,493.436,70.984,0.933
37.709206,493.771,70.996,0.914
37.720816,493.665,70.992,0.911
37.732426,493.378,70.982,0.921
37.744036,493.111,70.973,0.935
37.755646,493.044,70.971,0.949
37.767256,492.997,70.969,0.960
37.778866,492.849,70.964,0.966
37.790476,492.735,70.960,0.971
37.802086,492.604,70.955,0.974
37.813696,492.679,70.958,0.976
37.825306,492.685,70.958,0.979
37.836916,492.552,70.953,0.982
37.848526,492.279,70.944,0.982
37.860136,491.910,70.931,0.975
37.871746,491.532,70.917,0.964
37.883356,491.355,70.911,0.954
37.894966,491.426,70.914,0.950
37.906576,491.602,70.920,0.945
37.918186,492.167,70.940,0.937
37.929796,493.617,70.991,0.923
37.941406,495.859,71.069,0.904
37.953016,498.179,71.150,0.897
37.964626,501.970,71.281,0.906
37.976236,505.798,71.413,0.912
37.987846,512.638,71.645,0.911
37.999456,528.778,72.182,0.913
38.011066,529.049,72.191,0.908
38.022676,732.272,77.819,0.904
38.034286,730.493,77.776,0.896
38.045896,731.226,77.794,0.889
38.057506,727.388,77.703,0.872
38.069116,727.295,77.700,0.851
38.080726,721.811,77.569,0.823
38.092336,723.082,77.600,0.774
38.103946,731.946,77.811,0.728
38.115556,741.560,78.037,0.645
38.127166,744.203,78.098,0.596
38.138776,746.761,78.158,0.543
38.150385,248.266,59.093,0.557
38.161995,247.385,59.031,0.590
38.173605,247.763,59.058,0.620
38.185215,247.649,59.049,0.645
38.196825,248.293,59.094,0.663
38.208435,247.890,59.066,0.679
38.220045,248.199,59.088,0.691
38.231655,247.720,59.054,0.690
38.243265,247.646,59.049,0.684
38.254875,247.970,59.072,0.672
38.266485,247.801,59.060,0.657
38.278095,248.354,59.099,0.637
38.289705,247.396,59.032,0.616
38.301315,248.151,59.085,0.587
38.312925,248.108,59.082,0.558
38.324535,99.060,43.186,0.536
38.336145,250.439,59.243,0.735
38.347755,249.297,59.164,0.788
38.359365,248.638,59.119,0.820
38.370975,251.527,59.319,0.863
38.382585,258.299,59.778,0.895
38.394195,264.759,60.206,0.909
38.405805,268.118,60.424,0.917
38.417415,275.784,60.912,0.923
38.429025,304.805,62.645,0.911
38.440635,312.402,63.071,0.910
38.452245,313.660,63.140,0.910
38.463855,314.018,63.160,0.894
38.475465,313.609,63.138,0.878
38.487075,312.792,63.092,0.874
38.498685,312.717,63.088,0.882
38.510295,313.682,63.142,0.888
38.521905,314.965,63.212,0.893
38.533515,318.318,63.396,0.898
38.545125,1002.273,83.252,0.906
38.556735,1002.273,83.252,0.914
38.568345,1002.273,83.252,0.921
38.579955,343.253,64.701,0.930
38.591565,345.274,64.803,0.934
38.603175,346.727,64.876,0.943
38.614785,347.902,64.934,0.949
38.626395,348.716,64.975,0.950
38.638005,349.069,64.992,0.952
38.649615,349.120,64.995,0.957
38.661224,349.150,64.996,0.962
38.672834,349.132,64.995,0.967
38.684444,349.154,64.996,0.973
38.696054,349.221,65.000,0.975
38.707664,349.415,65.009,0.975
38.719274,349.652,65.021,0.976
38.730884,349.818,65.029,0.975
38.742494,349.922,65.034,0.976
38.754104,349.946,65.036,0.976
38.765714,349.981,65.037,0.976
38.777324,349.976,65.037,0.975
38.788934,349.883,65.032,0.975
38.800544,349.878,65.032,0.974
38.812154,349.866,65.032,0.974
38.823764,349.939,65.035,0.973
38.835374,349.971,65.037,0.971
38.846984,349.906,65.034,0.965
38.858594,349.829,65.030,0.957
38.870204,349.744,65.026,0.948
38.881814,349.506,65.014,0.932
38.893424,349.396,65.008,0.910
38.905034,349.240,65.001,0.888
38.916644,349.476,65.012,0.871
38.928254,349.966,65.037,0.851
38.939864,350.953,65.085,0.835
38.951474,351.334,65.104,0.823
38.963084,351.130,65.094,0.812
38.974694,350.913,65.083,0.818
38.986304,350.294,65.053,0.833
38.997914,349.300,65.004,0.845
39.009524,347.935,64.936,0.846
39.021134,346.121,64.845,0.850
39.032744,344.297,64.754,0.851
39.044354,343.130,64.695,0.854
39.055964,342.429,64.660,0.858
39.067574,344.950,64.787,0.866
39.079184,347.512,64.915,0.872
39.090794,349.971,65.037,0.877
39.102404,351.065,65.091,0.882
39.114014,351.532,65.114,0.884
39.125624,351.463,65.110,0.884
39.137234,351.247,65.100,0.880
39.148844,350.790,65.077,0.875
39.160454,350.050,65.041,0.867
39.172063,349.690,65.023,0.861
39.183673,350.704,65.073,0.855
39.195283,355.161,65.292,0.843
39.206893,359.889,65.521,0.833
39.218503,372.642,66.123,0.835
39.230113,372.469,66.115,0.841
39.241723,372.144,66.100,0.849
39.253333,372.108,66.099,0.864
39.264943,372.178,66.102,0.872
39.276553,372.254,66.105,0.875
39.288163,371.816,66.085,0.884
39.299773,370.816,66.038,0.892
39.311383,370.100,66.005,0.894
39.322993,369.978,65.999,0.893
39.334603,369.963,65.999,0.895
39.346213,369.938,65.997,0.893
39.357823,369.830,65.992,0.890
39.369433,369.686,65.986,0.891
39.381043,369.760,65.989,0.888
39.392653,370.286,66.014,0.882
39.404263,370.608,66.029,0.879
39.415873,370.968,66.045,0.883
39.427483,371.407,66.066,0.881
39.439093,371.443,66.068,0.876
39.450703,373.147,66.147,0.885
39.462313,407.863,67.687,0.896
39.473923,414.527,67.968,0.902
39.485533,415.864,68.023,0.913
39.497143,415.095,67.991,0.921
39.508753,414.755,67.977,0.917
39.520363,414.609,67.971,0.915
39.531973,415.037,67.989,0.914
39.543583,414.968,67.986,0.905
39.555193,414.012,67.946,0.885
39.566803,412.865,67.898,0.863
39.578413,411.775,67.852,0.831
39.590023,412.649,67.889,0.793
39.601633,414.143,67.952,0.766
39.613243,415.340,68.001,0.739
39.624853,411.987,67.861,0.720
39.636463,372.784,66.130,0.728
39.648073,88.156,41.167,0.767
39.659683,733.011,77.836,0.801
39.671293,1002.273,83.252,0.838
39.682902,731.963,77.811,0.859
39.694512,179.295,53.458,0.867
39.706122,425.191,68.407,0.876
39.717732,424.663,68.386,0.885
39.729342,424.136,68.364,0.890
39.740952,423.617,68.343,0.891
39.752562,421.162,68.242,0.892
39.764172,416.029,68.030,0.897
39.775782,415.444,68.006,0.902
39.787392,414.838,67.981,0.915
39.799002,414.271,67.957,0.921
39.810612,413.712,67.933,0.923
39.822222,413.573,67.928,0.922
39.833832,413.533,67.926,0.919
39.845442,413.174,67.911,0.917
39.857052,413.310,67.917,0.908
39.868662,413.665,67.932,0.903
39.880272,414.021,67.946,0.897
39.891882,414.126,67.951,0.893
39.903492,413.955,67.944,0.891
39.915102,413.237,67.914,0.890
39.926712,411.931,67.859,0.893
39.938322,410.323,67.791,0.893
39.949932,408.254,67.704,0.897
39.961542,406.219,67.617,0.896
39.973152,403.946,67.520,0.893
39.984762,401.760,67.426,0.888
39.996372,399.780,67.340,0.877
40.007982,397.527,67.243,0.866
40.019592,392.228,67.010,0.852
40.031202,383.975,66.642,0.837
40.042812,373.956,66.184,0.816
40.054422,365.574,65.792,0.803
40.066032,356.174,65.341,0.791
40.077642,343.223,64.700,0.775
40.089252,338.386,64.454,0.761
40.100862,335.957,64.329,0.741
40.112472,332.724,64.162,0.720
40.124082,328.789,63.956,0.702
40.135692,325.947,63.806,0.666
40.147302,318.697,63.416,0.605
40.158912,306.884,62.762,0.503
40.170522,302.688,62.524,0.330
40.182132,137.907,48.914,0.264
40.193741,1002.273,83.252,0.556
40.205351,410.096,67.781,0.651
40.216961,361.617,65.603,0.714
40.228571,360.228,65.537,0.754
40.240181,357.818,65.421,0.785
40.251791,356.842,65.373,0.817
40.263401,355.739,65.320,0.851
40.275011,354.209,65.245,0.882
40.286621,352.185,65.146,0.900
40.298231,350.386,65.057,0.904
40.309841,348.338,64.956,0.907
40.321451,345.715,64.825,0.913
40.333061,343.670,64.722,0.917
40.344671,342.622,64.669,0.920
40.356281,342.179,64.647,0.918
40.367891,342.023,64.639,0.910
40.379501,344.509,64.764,0.906
40.391111,348.488,64.963,0.911
40.402721,351.404,65.108,0.919
40.414331,353.181,65.195,0.923
40.425941,353.859,65.228,0.925
40.437551,354.089,65.239,0.922
40.449161,354.123,65.241,0.915
40.460771,353.475,65.209,0.908
40.472381,351.939,65.134,0.894
40.483991,350.571,65.066,0.879
40.495601,348.691,64.973,0.851
40.507211,346.097,64.844,0.821
40.518821,343.141,64.696,0.792
40.530431,341.479,64.612,0.768
40.542041,342.125,64.644,0.753
40.553651,343.869,64.732,0.742
40.565261,345.050,64.792,0.722
40.576871,347.299,64.904,0.700
40.588481,347.522,64.915,0.686
40.600091,346.796,64.879,0.669
40.611701,344.334,64.756,0.638
40.623311,340.370,64.555,0.577
40.634921,332.838,64.168,0.486
40.646531,340.655,64.570,0.327
40.658141,177.225,53.257,0.151
40.669751,177.267,53.261,0.149
40.681361,177.231,53.258,0.158
40.692971,176.880,53.223,0.162
40.704580,542.772,72.634,0.322
40.716190,640.753,75.507,0.722
40.727800,554.411,73.001,0.818
40.739410,559.148,73.149,0.839
40.751020,738.197,77.958,0.865
40.762630,745.125,78.120,0.883
40.774240,747.831,78.182,0.897
40.785850,750.642,78.247,0.915
40.797460,754.755,78.342,0.937
40.809070,758.774,78.434,0.938
40.820680,465.259,69.966,0.928
40.832290,468.050,70.070,0.933
40.843900,470.530,70.161,0.933
40.855510,471.863,70.210,0.929
40.867120,472.217,70.223,0.920
40.878730,473.261,70.262,0.906
40.890340,478.998,70.470,0.882
40.901950,485.949,70.720,0.852
40.913560,490.023,70.864,0.826
40.925170,491.089,70.902,0.805
40.936780,491.642,70.921,0.784
40.948390,493.309,70.980,0.777
40.960000,493.219,70.977,0.786
40.971610,492.963,70.968,0.794
40.983220,493.344,70.981,0.815
40.994830,494.185,71.011,0.830
41.006440,494.630,71.026,0.842
41.018050,495.051,71.041,0.850
41.029660,495.117,71.043,0.853
41.041270,494.919,71.036,0.859
41.052880,494.756,71.031,0.864
41.064490,494.476,71.021,0.864
41.076100,494.350,71.016,0.848
41.087710,493.957,71.003,0.833
41.099320,493.450,70.985,0.818
41.110930,492.720,70.959,0.809
41.122540,492.231,70.942,0.806
41.134150,492.024,70.935,0.804
41.145760,492.174,70.940,0.802
41.157370,493.984,71.004,0.809
41.168980,493.837,70.998,0.821
41.180590,493.964,71.003,0.830
41.192200,493.407,70.983,0.828
41.203810,492.669,70.957,0.831
41.215420,492.086,70.937,0.820
41.227029,491.561,70.918,0.827
41.238639,495.449,71.055,0.839
41.250249,496.187,71.081,0.852
41.261859,494.484,71.021,0.879
41.273469,494.520,71.022,0.893
41.285079,494.344,71.016,0.905
41.296689,493.367,70.982,0.912
41.308299,492.490,70.951,0.925
41.319909,491.091,70.902,0.926
41.331519,489.296,70.838,0.922
41.343129,487.401,70.771,0.910
41.354739,485.842,70.716,0.881
41.366349,483.311,70.625,0.858
41.377959,481.499,70.560,0.842
41.389569,480.125,70.511,0.816
41.401179,479.362,70.483,0.777
41.412789,479.654,70.494,0.732
41.424399,486.312,70.733,0.690
41.436009,247.520,59.040,0.707
41.447619,247.398,59.032,0.761
41.459229,248.100,59.081,0.799
41.470839,580.207,73.789,0.829
41.482449,84.187,40.370,0.853
41.494059,432.465,68.701,0.876
41.505669,84.190,40.371,0.894
41.517279,84.184,40.369,0.899
41.528889,432.686,68.710,0.912
41.540499,433.195,68.730,0.916
41.552109,432.847,68.716,0.923
41.563719,432.635,68.708,0.930
41.575329,430.499,68.622,0.935
41.586939,426.486,68.460,0.937
41.598549,425.313,68.412,0.942
41.610159,425.481,68.419,0.952
41.621769,426.211,68.449,0.950
41.633379,426.335,68.454,0.943
41.644989,425.371,68.415,0.942
41.656599,425.652,68.426,0.941
41.668209,860.051,80.603,0.944
41.679819,861.780,80.638,0.947
41.691429,466.600,70.016,0.950
41.703039,465.932,69.991,0.951
41.714649,465.771,69.985,0.956
41.726259,465.904,69.990,0.962
41.737868,466.873,70.026,0.958
41.749478,466.837,70.025,0.952
41.761088,466.100,69.998,0.939
41.772698,464.566,69.941,0.925
41.784308,464.270,69.930,0.909
41.795918,464.422,69.935,0.898
41.807528,464.582,69.941,0.887
41.819138,464.780,69.949,0.872
41.830748,464.596,69.942,0.852
41.842358,463.314,69.894,0.830
41.853968,462.420,69.860,0.815
41.865578,461.718,69.834,0.802
41.877188,460.591,69.792,0.787
41.888798,459.763,69.761,0.755
41.900408,457.940,69.692,0.700
41.912018,455.345,69.593,0.643
41.923628,448.214,69.320,0.587
41.935238,437.712,68.910,0.556
41.946848,416.691,68.058,0.558
41.958458,332.614,64.156,0.631
41.970068,315.824,63.259,0.656
41.981678,312.225,63.061,0.676
41.993288,309.676,62.919,0.685
42.004898,309.427,62.905,0.687
42.016508,319.181,63.442,0.734
42.028118,329.994,64.019,0.776
42.039728,357.469,65.404,0.828
42.051338,365.223,65.775,0.849
42.062948,370.021,66.001,0.871
42.074558,373.282,66.153,0.887
42.086168,373.684,66.172,0.903
42.097778,372.451,66.115,0.917
42.109388,371.078,66.051,0.921
42.120998,369.837,65.993,0.925
42.132608,368.928,65.950,0.918
42.144218,366.773,65.849,0.915
42.155828,364.697,65.750,0.910
42.167438,363.987,65.717,0.912
42.179048,364.032,65.719,0.914
42.190658,364.621,65.747,0.917
42.202268,366.775,65.849,0.918
42.213878,368.552,65.932,0.913
42.225488,369.558,65.980,0.907
42.237098,370.194,66.009,0.905
42.248707,370.242,66.012,0.902
42.260317,369.949,65.998,0.894
42.271927,369.312,65.968,0.883
42.283537,368.539,65.932,0.872
42.295147,367.847,65.899,0.855
42.306757,367.665,65.891,0.842
42.318367,367.849,65.899,0.832
42.329977,368.179,65.915,0.815
42.341587,369.325,65.969,0.803
42.353197,371.213,66.057,0.796
42.364807,373.153,66.147,0.794
42.376417,374.206,66.196,0.794
42.388027,373.473,66.162,0.804
42.399637,372.627,66.123,0.812
42.411247,372.282,66.107,0.816
42.422857,372.109,66.099,0.810
42.434467,372.422,66.113,0.800
42.446077,372.407,66.112,0.787
42.457687,373.745,66.175,0.775
42.469297,372.824,66.132,0.768
42.480907,373.845,66.179,0.762
42.492517,416.027,68.030,0.775
42.504127,501.812,71.276,0.791
42.515737,503.969,71.350,0.809
42.527347,505.265,71.394,0.820
42.538957,505.313,71.396,0.833
42.550567,503.962,71.350,0.846
42.562177,503.439,71.332,0.850
42.573787,498.048,71.145,0.861
42.585397,490.573,70.884,0.865
42.597007,834.548,80.082,0.862
42.608617,826.562,79.915,0.865
42.620227,823.874,79.859,0.868
42.631837,820.041,79.778,0.869
42.643447,809.198,79.548,0.870
42.655057,804.741,79.452,0.877
42.666667,801.211,79.376,0.875
42.678277,795.460,79.251,0.876
42.689887,161.027,51.598,0.878
42.701497,161.207,51.617,0.880
42.713107,161.425,51.640,0.891
42.724717,323.962,63.700,0.899
42.736327,324.299,63.718,0.904
42.747937,343.271,64.702,0.905
42.759546,343.908,64.734,0.908
42.771156,344.181,64.748,0.909
42.782766,345.059,64.792,0.913
42.794376,346.195,64.849,0.916
42.805986,347.243,64.901,0.915
42.817596,347.989,64.938,0.914
42.829206,348.404,64.959,0.915
42.840816,348.635,64.971,0.919
42.852426,348.788,64.978,0.922
42.864036,348.817,64.980,0.925
42.875646,348.828,64.980,0.926
42.887256,348.761,64.977,0.926
42.898866,348.698,64.974,0.927
42.910476,348.622,64.970,0.926
42.922086,348.544,64.966,0.925
42.933696,348.475,64.963,0.923
42.945306,348.552,64.966,0.922
42.956916,348.656,64.972,0.921
42.968526,348.763,64.977,0.920
42.980136,348.774,64.977,0.918
42.991746,348.775,64.978,0.916
43.003356,348.829,64.980,0.916
43.014966,348.934,64.985,0.916
43.026576,349.033,64.990,0.915
43.038186,349.026,64.990,0.911
43.049796,349.006,64.989,0.905
43.061406,349.071,64.992,0.897
43.073016,349.275,65.002,0.886
43.084626,349.520,65.014,0.872
43.096236,349.890,65.033,0.855
43.107846,350.273,65.052,0.837
43.119456,350.572,65.066,0.817
43.131066,350.971,65.086,0.799
43.142676,351.748,65.124,0.786
43.154286,352.637,65.168,0.782
43.165896,353.969,65.233,0.786
43.177506,355.542,65.310,0.798
43.189116,356.043,65.335,0.817
43.200726,564.380,73.310,0.828
43.212336,563.546,73.284,0.838
43.223946,278.574,61.087,0.854
43.235556,174.943,53.033,0.861
43.247166,89.271,41.385,0.868
43.258776,758.222,78.421,0.876
43.270385,92.655,42.029,0.876
43.281995,92.662,42.031,0.869
43.293605,92.660,42.030,0.864
43.305215,758.735,78.433,0.858
43.316825,459.206,69.740,0.848
43.328435,278.008,61.051,0.857
43.340045,314.090,63.164,0.855
43.351655,313.225,63.116,0.849
43.363265,311.574,63.025,0.851
43.374875,311.604,63.027,0.861
43.386485,312.559,63.079,0.869
43.398095,313.120,63.111,0.878
43.409705,313.451,63.129,0.885
43.421315,312.928,63.100,0.886
43.432925,312.216,63.061,0.895
43.444535,311.498,63.021,0.906
43.456145,310.596,62.970,0.916
43.467755,309.885,62.931,0.920
43.479365,309.283,62.897,0.923
43.490975,308.769,62.868,0.925
43.502585,308.518,62.854,0.925
43.514195,308.600,62.859,0.922
43.525805,309.122,62.888,0.919
43.537415,309.875,62.930,0.914
43.549025,310.463,62.963,0.907
43.560635,310.721,62.977,0.905
43.572245,310.931,62.989,0.893
43.583855,311.279,63.008,0.887
43.595465,312.070,63.052,0.889
43.607075,313.227,63.116,0.888
43.618685,317.709,63.362,0.883
43.630295,342.048,64.640,0.879
43.641905,348.144,64.946,0.878
43.653515,348.318,64.955,0.878
43.665125,347.742,64.926,0.887
43.676735,347.859,64.932,0.885
43.688345,348.326,64.955,0.877
43.699955,347.978,64.938,0.869
43.711565,347.610,64.920,0.867
43.723175,345.366,64.807,0.861
43.734785,344.591,64.769,0.853
43.746395,345.794,64.829,0.833
43.758005,347.111,64.895,0.809
43.769615,348.495,64.964,0.787
43.781224,348.263,64.952,0.762
43.792834,345.056,64.792,0.736
43.804444,85.991,40.737,0.689
43.816054,408.252,67.703,0.723
43.827664,335.750,64.319,0.757
43.839274,337.956,64.432,0.774
43.850884,341.952,64.635,0.797
43.862494,344.825,64.780,0.813
43.874104,1002.273,83.252,0.830
43.885714,125.432,47.273,0.847
43.897324,371.449,66.068,0.861
43.908934,368.584,65.934,0.852
43.920544,368.954,65.951,0.841
43.932154,368.764,65.942,0.843
43.943764,368.703,65.939,0.848
43.955374,368.183,65.915,0.855
43.966984,367.617,65.888,0.858
43.978594,367.394,65.878,0.860
43.990204,367.557,65.886,0.868
44.001814,367.936,65.903,0.873
44.013424,368.239,65.918,0.875
44.025034,368.540,65.932,0.877
44.036644,368.481,65.929,0.877
44.048254,368.244,65.918,0.875
44.059864,368.028,65.908,0.875
44.071474,367.705,65.893,0.876
44.083084,367.255,65.871,0.873
44.094694,366.771,65.849,0.872
44.106304,366.208,65.822,0.869
44.117914,365.338,65.781,0.867
44.129524,364.035,65.719,0.866
44.141134,362.869,65.663,0.865
44.152744,361.751,65.610,0.863
44.164354,360.427,65.546,0.862
44.175964,358.529,65.455,0.860
44.187574,355.573,65.312,0.861
44.199184,353.115,65.192,0.866
44.210794,348.638,64.971,0.872
44.222404,343.447,64.711,0.874
44.234014,331.123,64.078,0.873
44.245624,327.108,63.867,0.871
44.257234,322.887,63.642,0.865
44.268844,318.553,63.408,0.864
44.280454,308.356,62.845,0.870
44.292063,302.781,62.529,0.860
44.303673,296.793,62.183,0.837
44.315283,292.527,61.933,0.814
44.326893,285.810,61.531,0.795
44.338503,275.097,60.869,0.810
44.350113,276.665,60.968,0.816
44.361723,306.386,62.734,0.817
44.373333,311.001,62.993,0.807
44.384943,312.932,63.100,0.814
44.396553,313.692,63.142,0.834
44.408163,313.775,63.147,0.855
44.419773,312.935,63.100,0.869
44.431383,311.216,63.005,0.873
44.442993,309.623,62.916,0.878
44.454603,307.653,62.806,0.885
44.466213,306.154,62.721,0.889
44.477823,305.972,62.711,0.895
44.489433,306.373,62.733,0.904
44.501043,306.668,62.750,0.904
44.512653,307.976,62.824,0.909
44.524263,310.529,62.967,0.904
44.535873,313.371,63.124,0.902
44.547483,314.539,63.189,0.902
44.559093,315.063,63.218,0.899
44.570703,314.793,63.203,0.895
44.582313,313.885,63.153,0.883
44.593923,312.006,63.049,0.882
44.605533,309.991,62.937,0.875
44.617143,308.578,62.858,0.869
44.628753,307.583,62.802,0.857
44.640363,307.164,62.778,0.840
44.651973,307.376,62.790,0.825
44.663583,308.388,62.847,0.815
44.675193,310.279,62.953,0.805
44.686803,311.867,63.041,0.786
44.698413,312.910,63.099,0.776
44.710023,313.015,63.105,0.777
44.721633,312.839,63.095,0.779
44.733243,311.754,63.035,0.787
44.744853,310.140,62.945,0.794
44.756463,307.822,62.815,0.806
44.768073,307.105,62.775,0.820
44.779683,307.526,62.798,0.839
44.791293,308.021,62.826,0.852
44.802902,309.691,62.920,0.860
44.814512,312.016,63.049,0.869
44.826122,315.790,63.258,0.871
44.837732,317.784,63.366,0.866
44.849342,321.746,63.581,0.865
44.860952,344.762,64.777,0.866
44.872562,360.580,65.554,0.867
44.884172,365.570,65.792,0.876
44.895782,422.507,68.298,0.884
44.907392,423.907,68.355,0.890
44.919002,423.830,68.352,0.897
44.930612,422.717,68.306,0.907
44.942222,421.848,68.271,0.910
44.953832,420.859,68.230,0.910
44.965442,421.016,68.236,0.909
44.977052,420.990,68.235,0.902
44.988662,417.143,68.076,0.892
45.000272,412.278,67.873,0.889
45.011882,410.127,67.783,0.888
45.023492,463.528,69.902,0.886
45.035102,465.572,69.978,0.889
45.046712,466.321,70.006,0.891
45.058322,466.128,69.999,0.893
45.069932,465.962,69.992,0.892
45.081542,465.408,69.972,0.897
45.093152,465.602,69.979,0.896
45.104762,465.201,69.964,0.892
45.116372,464.483,69.937,0.889
45.127982,463.570,69.903,0.879
45.139592,462.825,69.876,0.869
45.151202,462.195,69.852,0.855
45.162812,462.080,69.848,0.841
45.174422,462.856,69.877,0.819
45.186032,463.706,69.908,0.793
45.197642,465.104,69.961,0.772
45.209252,465.714,69.983,0.755
45.220862,465.313,69.968,0.754
45.232472,464.140,69.925,0.742
45.244082,472.715,70.242,0.755
45.255692,491.037,70.900,0.789
45.267302,494.383,71.017,0.815
45.278912,495.291,71.049,0.836
45.290522,495.319,71.050,0.859
45.302132,495.102,71.043,0.878
45.313741,494.873,71.035,0.897
45.325351,495.009,71.039,0.915
45.336961,495.585,71.060,0.924
45.348571,496.693,71.098,0.930
45.360181,498.410,71.158,0.939
45.371791,500.736,71.239,0.942
45.383401,503.039,71.318,0.935
45.395011,505.928,71.417,0.926
45.406621,515.194,71.731,0.914
45.418231,525.092,72.061,0.905
45.429841,533.753,72.344,0.897
45.441451,540.781,72.570,0.885
45.453061,547.626,72.788,0.870
45.464671,551.033,72.896,0.855
45.476281,553.086,72.960,0.846
45.487891,554.621,73.008,0.839
45.499501,554.983,73.019,0.831
45.511111,555.182,73.025,0.820
45.522721,555.095,73.023,0.811
45.534331,554.699,73.010,0.803
45.545941,554.411,73.001,0.789
45.557551,554.874,73.016,0.791
45.569161,554.828,73.014,0.805
45.580771,554.249,72.996,0.808
45.592381,553.854,72.984,0.803
45.603991,553.290,72.966,0.792
45.615601,552.438,72.940,0.784
45.627211,555.381,73.032,0.819
45.638821,558.152,73.118,0.850
45.650431,557.764,73.106,0.871
45.662041,555.829,73.046,0.889
45.673651,553.081,72.960,0.904
45.685261,548.331,72.811,0.923
45.696871,543.552,72.659,0.947
45.708481,538.780,72.506,0.965
45.720091,534.787,72.378,0.964
45.731701,528.038,72.158,0.970
45.743311,520.762,71.917,0.974
45.754921,514.509,71.708,0.975
45.766531,509.638,71.544,0.978
45.778141,504.661,71.374,0.978
45.789751,501.414,71.262,0.974
45.801361,499.134,71.183,0.969
45.812971,497.828,71.138,0.970
45.824580,497.017,71.109,0.963
45.836190,496.138,71.079,0.960
45.847800,495.427,71.054,0.963
45.859410,494.609,71.025,0.968
45.871020,493.893,71.000,0.975
45.882630,493.441,70.984,0.979
45.894240,493.088,70.972,0.978
45.905850,492.868,70.964,0.975
45.917460,492.733,70.960,0.970
45.929070,492.723,70.959,0.963
45.940680,492.848,70.964,0.955
45.952290,493.132,70.974,0.944
45.963900,493.427,70.984,0.932
45.975510,493.698,70.994,0.923
45.987120,493.581,70.989,0.922
45.998730,493.363,70.982,0.926
46.010340,493.103,70.973,0.932
46.021950,492.800,70.962,0.940
46.033560,492.619,70.956,0.948
46.045170,492.579,70.954,0.955
46.056780,492.509,70.952,0.958
46.068390,492.440,70.949,0.958
46.080000,492.489,70.951,0.955
46.091610,492.514,70.952,0.951
46.103220,492.728,70.959,0.951
46.114830,492.820,70.963,0.952
46.126440,492.810,70.962,0.954
46.138050,492.713,70.959,0.950
46.149660,492.612,70.955,0.939
46.161270,492.618,70.956,0.929
46.172880,492.591,70.955,0.938
46.184490,492.322,70.945,0.944
46.196100,492.022,70.935,0.938
46.207710,492.005,70.934,0.924
46.219320,492.407,70.948,0.908
46.230930,493.459,70.985,0.901
46.242540,495.423,71.054,0.903
46.254150,246.953,59.001,0.909
46.265760,499.535,71.197,0.888
46.277370,567.144,73.395,0.880
46.288980,570.111,73.485,0.885
46.300590,569.930,73.479,0.892
46.312200,570.903,73.509,0.889
46.323810,571.226,73.519,0.881
46.335420,571.755,73.535,0.870
46.347029,781.512,78.945,0.851
46.358639,775.483,78.811,0.836
46.370249,84.309,40.395,0.806
46.381859,91.017,41.720,0.762
46.393469,274.434,60.827,0.699
46.405079,743.254,78.076,0.637
46.416689,563.147,73.272,0.554
46.428299,568.845,73.446,0.571
46.439909,565.471,73.343,0.608
46.451519,565.097,73.332,0.636
46.463129,563.898,73.295,0.665
46.474739,564.197,73.304,0.685
46.486349,563.802,73.292,0.700
46.497959,563.552,73.285,0.710
46.509569,563.346,73.278,0.715
46.521179,249.679,59.191,0.710
46.532789,248.752,59.126,0.712
46.544399,500.379,71.226,0.721
46.556009,498.635,71.166,0.715
46.567619,498.268,71.153,0.712
46.579229,246.720,58.984,0.709
46.590839,246.571,58.974,0.705
46.602449,246.712,58.984,0.753
46.614059,246.522,58.971,0.776
46.625669,246.488,58.968,0.812
46.637279,246.735,58.986,0.843
46.648889,247.158,59.015,0.875
46.660499,248.338,59.098,0.901
46.672109,249.562,59.183,0.918
46.683719,251.522,59.318,0.928
46.695329,254.748,59.539,0.929
46.706939,264.311,60.177,0.932
46.718549,270.786,60.596,0.932
46.730159,281.135,61.245,0.930
46.741769,285.297,61.500,0.926
46.753379,315.235,63.227,0.922
46.764989,317.262,63.338,0.921
46.776599,337.932,64.431,0.930
46.788209,338.617,64.466,0.936
46.799819,337.743,64.421,0.938
46.811429,337.259,64.396,0.935
46.823039,337.221,64.394,0.931
46.834649,335.578,64.310,0.934
46.846259,334.804,64.270,0.938
46.857868,334.933,64.276,0.940
46.869478,335.958,64.329,0.941
46.881088,337.739,64.421,0.946
46.892698,339.231,64.497,0.953
46.904308,340.279,64.551,0.959
46.915918,342.043,64.640,0.966
46.927528,344.210,64.749,0.967
46.939138,347.091,64.894,0.969
46.950748,347.518,64.915,0.972
46.962358,347.523,64.915,0.975
46.973968,346.680,64.873,0.974
46.985578,346.105,64.844,0.972
46.997188,344.999,64.789,0.978
47.008798,344.526,64.765,0.981
47.020408,344.981,64.788,0.984
47.032018,345.117,64.795,0.987
47.043628,344.951,64.787,0.988
47.055238,344.785,64.778,0.990
47.066848,344.889,64.784,0.992
47.078458,345.387,64.808,0.996
47.090068,345.737,64.826,0.997
47.101678,345.899,64.834,0.995
47.113288,345.899,64.834,0.995
47.124898,345.909,64.835,0.992
47.136508,346.661,64.872,0.992
47.148118,347.295,64.904,0.988
47.159728,347.235,64.901,0.985
47.171338,347.423,64.910,0.977
47.182948,345.757,64.827,0.969
47.194558,345.014,64.790,0.961
47.206168,343.426,64.710,0.949
47.217778,342.460,64.661,0.936
47.229388,116.374,45.975,0.926
47.240998,116.029,45.924,0.914
47.252608,115.874,45.901,0.904
47.264218,115.652,45.867,0.899
47.275828,115.629,45.864,0.893
47.287438,174.989,53.037,0.893
47.299048,175.026,53.041,0.891
47.310658,175.032,53.041,0.889
47.322268,174.993,53.038,0.878
47.333878,175.091,53.047,0.861
47.345488,350.545,65.065,0.842
47.357098,350.442,65.060,0.817
47.368707,350.441,65.060,0.783
47.380317,349.948,65.036,0.740
47.391927,345.616,64.820,0.697
47.403537,339.932,64.533,0.669
47.415147,324.426,63.725,0.693
47.426757,324.080,63.706,0.750
47.438367,193.383,54.768,0.797
47.449977,193.448,54.773,0.810
47.461587,375.067,66.236,0.838
47.473197,357.998,65.429,0.858
47.484807,358.545,65.456,0.874
47.496417,359.304,65.492,0.890
47.508027,361.016,65.575,0.902
47.519637,361.814,65.613,0.908
47.531247,365.708,65.798,0.912
47.542857,366.948,65.857,0.927
47.554467,367.517,65.884,0.934
47.566077,367.964,65.905,0.943
47.577687,368.315,65.921,0.949
47.589297,368.696,65.939,0.951
47.600907,369.060,65.956,0.952
47.612517,369.232,65.964,0.953
47.624127,369.293,65.967,0.956
47.635737,369.057,65.956,0.956
47.647347,368.983,65.953,0.954
47.658957,369.250,65.965,0.951
47.670567,370.036,66.002,0.949
47.682177,370.705,66.033,0.940
47.693787,371.026,66.048,0.924
47.705397,371.495,66.070,0.906
47.717007,372.519,66.118,0.896
47.728617,373.749,66.175,0.894
47.740227,375.889,66.274,0.893
47.751837,414.076,67.949,0.894
47.763447,415.390,68.004,0.897
47.775057,415.273,67.999,0.909
47.786667,415.027,67.988,0.924
47.798277,414.931,67.984,0.936
47.809887,415.017,67.988,0.937
47.821497,415.115,67.992,0.935
47.833107,414.953,67.985,0.932
47.844717,414.955,67.985,0.927
47.856327,415.171,67.994,0.921
47.867937,415.872,68.024,0.918
47.879546,416.281,68.041,0.920
47.891156,416.267,68.040,0.918
47.902766,415.946,68.027,0.917
47.914376,415.357,68.002,0.911
47.925986,414.280,67.957,0.909
47.937596,413.087,67.907,0.904
47.949206,411.883,67.857,0.898
47.960816,410.678,67.806,0.890
47.972426,410.611,67.803,0.881
47.984036,411.628,67.846,0.873
47.995646,414.723,67.976,0.867
48.007256,417.620,68.096,0.862
48.018866,419.587,68.178,0.862
48.030476,418.964,68.152,0.865
48.042086,418.405,68.129,0.866
48.053696,417.843,68.106,0.871
48.065306,417.392,68.087,0.876
48.076916,416.933,68.068,0.886
48.088526,416.396,68.045,0.894
48.100136,415.960,68.027,0.902
48.111746,415.707,68.017,0.906
48.123356,415.504,68.008,0.911
48.134966,415.261,67.998,0.913
48.146576,415.181,67.995,0.916
48.158186,415.011,67.988,0.921
48.169796,414.946,67.985,0.923
48.181406,415.007,67.988,0.924
48.193016,415.062,67.990,0.924
48.204626,414.965,67.986,0.925
48.216236,414.933,67.984,0.927
48.227846,414.883,67.982,0.927
48.239456,414.814,67.980,0.924
48.251066,414.767,67.978,0.918
48.262676,414.420,67.963,0.913
48.274286,413.717,67.934,0.905
48.285896,412.439,67.880,0.898
48.297506,410.834,67.813,0.890
48.309116,409.211,67.744,0.881
48.320726,408.967,67.734,0.874
48.332336,408.628,67.719,0.861
48.343946,407.616,67.677,0.848
48.355556,406.737,67.639,0.834
48.367166,406.205,67.616,0.831
48.378776,405.257,67.576,0.829
48.390385,405.142,67.571,0.831
48.401995,366.245,65.824,0.823
48.413605,359.873,65.520,0.818
48.425215,368.722,65.940,0.825
48.436825,358.190,65.439,0.834
48.448435,354.146,65.242,0.850
48.460045,356.011,65.333,0.856
48.471655,306.366,62.733,0.859
48.483265,279.748,61.159,0.858
48.494875,279.521,61.145,0.865
48.506485,279.533,61.146,0.869
48.518095,357.495,65.405,0.874
48.529705,358.213,65.440,0.879
48.541315,358.449,65.451,0.877
48.552925,357.020,65.382,0.882
48.564535,354.333,65.251,0.888
48.576145,352.401,65.157,0.892
48.587755,350.668,65.071,0.899
48.599365,348.502,64.964,0.907
48.610975,346.298,64.854,0.911
48.622585,344.773,64.778,0.917
48.634195,344.255,64.752,0.925
48.645805,344.010,64.739,0.929
48.657415,344.699,64.774,0.932
48.669025,346.353,64.857,0.936
48.680635,348.081,64.943,0.937
48.692245,349.363,65.007,0.939
48.703855,350.233,65.050,0.941
48.715465,350.626,65.069,0.939
48.727075,350.774,65.076,0.934
48.738685,350.629,65.069,0.928
48.750295,350.325,65.054,0.921
48.761905,349.856,65.031,0.914
48.773515,349.423,65.010,0.907
48.785125,348.959,64.987,0.891
48.796735,348.627,64.970,0.869
48.808345,348.308,64.954,0.843
48.819955,348.033,64.941,0.811
48.831565,347.524,64.915,0.774
48.843175,347.100,64.894,0.728
48.854785,347.203,64.899,0.665
48.866395,345.452,64.812,0.539
48.878005,347.765,64.927,0.349
48.889615,350.288,65.052,0.234
48.901224,349.473,65.012,0.211
48.912834,349.218,64.999,0.204
48.924444,349.578,65.017,0.205
48.936054,350.528,65.064,0.193
48.947664,350.914,65.083,0.178
48.959274,350.754,65.075,0.180
48.970884,351.144,65.095,0.177
48.982494,553.963,72.987,0.632
48.994104,570.300,73.491,0.783
49.005714,741.014,78.024,0.836
49.017324,748.910,78.207,0.870
49.028934,750.670,78.248,0.898
49.040544,755.587,78.361,0.915
49.052154,761.237,78.490,0.927
49.063764,760.730,78.479,0.942
49.075374,765.996,78.598,0.945
49.086984,784.304,79.007,0.934
49.098594,845.649,80.311,0.924
49.110204,856.418,80.530,0.917
49.121814,858.015,80.562,0.897
49.133424,865.606,80.714,0.877
49.145034,868.886,80.780,0.858
49.156644,241.909,58.644,0.827
49.168254,241.634,58.624,0.789
49.179864,242.678,58.698,0.733
49.191474,243.544,58.760,0.661
49.203084,249.194,59.157,0.456
49.214694,820.329,79.784,0.221
49.226304,174.861,53.024,0.193
49.237914,174.890,53.027,0.181
49.249524,850.661,80.413,0.698
49.261134,488.463,70.809,0.760
49.272744,484.663,70.674,0.804
49.284354,482.423,70.594,0.826
49.295964,485.139,70.691,0.847
49.307574,486.386,70.735,0.864
49.319184,487.769,70.784,0.879
49.330794,488.892,70.824,0.893
49.342404,489.294,70.838,0.878
49.354014,490.172,70.869,0.870
49.365624,490.824,70.892,0.860
49.377234,491.642,70.921,0.860
49.388844,492.826,70.963,0.856
49.400454,493.736,70.995,0.854
49.412063,494.102,71.008,0.855
49.423673,494.541,71.023,0.855
49.435283,494.877,71.035,0.859
49.446893,495.219,71.047,0.864
49.458503,495.494,71.056,0.874
49.470113,495.333,71.051,0.880
49.481723,494.934,71.037,0.882
49.493333,494.680,71.028,0.872
49.504943,494.439,71.019,0.857
49.516553,493.669,70.992,0.846
49.528163,492.213,70.941,0.865
49.539773,491.587,70.919,0.877
49.551383,491.613,70.920,0.891
49.562993,492.821,70.963,0.905
49.574603,493.869,70.999,0.918
49.586213,493.771,70.996,0.931
49.597823,493.292,70.979,0.942
49.609433,493.423,70.984,0.940
49.621043,493.934,71.002,0.919
49.632653,493.860,70.999,0.899
49.644263,493.373,70.982,0.865
49.655873,492.098,70.937,0.815
49.667483,490.175,70.870,0.750
49.679093,488.998,70.828,0.669
49.690703,489.376,70.841,0.466
49.702313,495.556,71.059,0.312
49.713923,495.717,71.064,0.278
49.725533,494.740,71.030,0.236
49.737143,494.080,71.007,0.232
49.748753,493.912,71.001,0.225
49.760363,481.915,70.575,0.459
49.771973,455.793,69.611,0.635
49.783583,444.181,69.164,0.787
49.795193,442.491,69.098,0.841
49.806803,441.818,69.071,0.877
49.818413,440.586,69.023,0.909
49.830023,438.725,68.950,0.939
49.841633,436.777,68.873,0.962
49.853243,435.050,68.804,0.975
49.864853,433.326,68.735,0.981
49.876463,430.508,68.622,0.977
49.888073,427.350,68.495,0.980
49.899683,425.734,68.429,0.979
49.911293,424.667,68.386,0.973
49.922902,425.594,68.424,0.965
49.934512,430.114,68.607,0.954
49.946122,439.195,68.968,0.948
49.957732,446.220,69.243,0.948
49.969342,454.331,69.555,0.943
49.980952,458.963,69.730,0.935
49.992562,461.671,69.832,0.934
50.004172,463.441,69.899,0.939
50.015782,465.068,69.959,0.942
50.027392,466.004,69.994,0.944
50.039002,466.345,70.007,0.943
50.050612,466.324,70.006,0.936
50.062222,466.331,70.006,0.927
50.073832,466.226,70.002,0.917
50.085442,465.771,69.985,0.903
50.097052,464.781,69.949,0.887
50.108662,463.773,69.911,0.867
50.120272,462.739,69.872,0.851
50.131882,461.634,69.831,0.836
50.143492,460.493,69.788,0.824
50.155102,459.292,69.743,0.814
50.166712,458.246,69.703,0.800
50.178322,457.143,69.662,0.787
50.189932,456.693,69.645,0.770
50.201542,456.877,69.652,0.747
50.213152,456.795,69.649,0.725
50.224762,456.926,69.654,0.704
50.236372,458.206,69.702,0.678
50.247982,458.164,69.700,0.649
50.259592,460.051,69.771,0.620
50.271202,461.860,69.839,0.591
50.282812,463.445,69.899,0.546
50.294422,155.358,50.977,0.487
50.306032,92.868,42.069,0.394
50.317642,460.565,69.791,0.359
50.329252,460.125,69.774,0.352
50.340862,459.688,69.758,0.350
50.352472,458.448,69.711,0.360
50.364082,459.038,69.733,0.363
50.375692,458.558,69.715,0.377
50.387302,456.537,69.639,0.390
50.398912,456.592,69.641,0.397
50.410522,457.150,69.662,0.393
50.422132,457.531,69.676,0.379
50.433741,457.495,69.675,0.365
50.445351,457.577,69.678,0.345
50.456961,458.093,69.698,0.329
50.468571,460.268,69.780,0.308
50.480181,462.692,69.871,0.279
50.491791,463.670,69.907,0.254
50.503401,464.036,69.921,0.236
50.515011,464.679,69.945,0.234
50.526621,465.309,69.968,0.241
50.538231,483.287,70.625,0.606
50.549841,704.499,77.149,0.807
50.561451,710.296,77.291,0.851
50.573061,711.542,77.321,0.880
50.584671,718.313,77.485,0.894
50.596281,726.108,77.672,0.912
50.607891,733.794,77.854,0.927
50.619501,735.603,77.897,0.940
50.631111,735.344,77.891,0.941
50.642721,764.067,78.554,0.907
50.654331,767.759,78.638,0.881
50.665941,768.428,78.653,0.852
50.677551,768.946,78.665,0.832
50.689161,86.225,40.784,0.795
50.700771,99.381,43.242,0.745
50.712381,95.222,42.502,0.663
50.723991,202.321,55.550,0.526
50.735601,131.931,48.147,0.286
50.747211,466.955,70.029,0.206
50.758821,236.156,58.227,0.160
50.770431,235.782,58.199,0.126
50.782041,235.657,58.190,0.086
50.793651,235.528,58.181,0.079
50.805261,797.216,79.290,0.643
50.816871,394.846,67.125,0.737
50.828481,392.667,67.030,0.769
50.840091,390.781,66.946,0.793
50.851701,389.377,66.884,0.812
50.863311,388.459,66.843,0.826
50.874921,387.828,66.815,0.837
50.886531,386.526,66.757,0.849
50.898141,384.206,66.653,0.840
50.909751,381.238,66.518,0.826
50.921361,378.432,66.390,0.830
50.932971,377.142,66.331,0.835
50.944580,377.145,66.331,0.844
50.956190,376.073,66.282,0.859
50.967800,375.003,66.233,0.876
50.979410,374.477,66.208,0.891
50.991020,414.195,67.954,0.900
51.002630,413.312,67.917,0.908
51.014240,412.684,67.890,0.916
51.025850,412.953,67.902,0.924
51.037460,413.695,67.933,0.928
51.049070,414.896,67.983,0.926
51.060680,415.585,68.012,0.923
51.072290,415.754,68.019,0.921
51.083900,415.530,68.009,0.920
51.095510,415.095,67.991,0.919
51.107120,414.665,67.973,0.917
51.118730,414.320,67.959,0.915
51.130340,413.966,67.944,0.915
51.141950,413.901,67.941,0.917
51.153560,413.880,67.941,0.921
51.165170,413.867,67.940,0.918
51.176780,413.879,67.940,0.905
51.188390,413.582,67.928,0.888
51.200000,413.202,67.912,0.866
51.211610,412.969,67.902,0.837
51.223220,412.711,67.892,0.802
51.234830,411.777,67.852,0.756
51.246440,409.582,67.760,0.667
51.258050,407.763,67.683,0.471
51.269660,412.369,67.877,0.281
51.281270,412.854,67.898,0.277
51.292880,414.308,67.958,0.264
51.304490,446.900,69.269,0.678
51.316100,451.306,69.439,0.755
51.327710,450.933,69.425,0.778
51.339320,201.320,55.464,0.810
51.350930,202.352,55.552,0.835
51.362540,203.097,55.616,0.855
51.374150,203.364,55.639,0.875
51.385760,203.309,55.634,0.895
51.397370,204.198,55.710,0.892
51.408980,408.032,67.694,0.885
51.420590,404.789,67.556,0.899
51.432200,399.153,67.313,0.902
51.443810,393.177,67.052,0.902
51.455420,385.721,66.721,0.905
51.467029,377.993,66.370,0.903
51.478639,369.995,66.000,0.899
51.490249,363.379,65.688,0.895
51.501859,358.593,65.458,0.897
51.513469,353.359,65.204,0.886
51.525079,349.680,65.022,0.876
51.536689,347.942,64.936,0.869
51.548299,346.786,64.878,0.858
51.559909,346.170,64.848,0.852
51.571519,345.967,64.838,0.850
51.583129,345.951,64.837,0.848
51.594739,346.077,64.843,0.845
51.606349,346.475,64.863,0.845
51.617959,346.980,64.888,0.846
51.629569,347.493,64.914,0.849
51.641179,348.002,64.939,0.853
51.652789,348.458,64.962,0.855
51.664399,348.707,64.974,0.854
51.676009,348.863,64.982,0.851
51.687619,348.851,64.981,0.850
51.699229,348.683,64.973,0.852
51.710839,348.458,64.962,0.857
51.722449,348.168,64.947,0.864
51.734059,347.921,64.935,0.867
51.745669,347.904,64.934,0.869
51.757279,348.147,64.946,0.871
51.768889,348.222,64.950,0.876
51.780499,348.436,64.961,0.879
51.792109,349.334,65.005,0.878
51.803719,350.604,65.068,0.875
51.815329,350.782,65.077,0.867
51.826939,351.229,65.099,0.860
51.838549,351.822,65.128,0.849
51.850159,351.852,65.130,0.834
51.861769,175.187,53.057,0.814
51.873379,175.088,53.047,0.792
51.884989,174.888,53.027,0.768
51.896599,175.009,53.039,0.737
51.908209,174.743,53.013,0.703
51.919819,174.967,53.035,0.664
51.931429,175.067,53.045,0.632
51.943039,176.014,53.138,0.605
51.954649,87.160,40.971,0.562
51.966259,87.776,41.093,0.527
51.977868,372.765,66.129,0.483
51.989478,373.416,66.159,0.453
52.001088,371.381,66.065,0.401
52.012698,366.965,65.858,0.367
52.024308,362.957,65.668,0.339
52.035918,351.359,65.105,0.302
52.047528,351.080,65.092,0.307
52.059138,350.509,65.063,0.315
52.070748,350.681,65.072,0.326
52.082358,350.830,65.079,0.333
52.093968,345.718,64.825,0.530
52.105578,345.253,64.802,0.637
52.117188,794.516,79.231,0.721
52.128798,306.787,62.757,0.753
52.140408,343.154,64.696,0.785
52.152018,339.741,64.523,0.805
52.163628,338.659,64.468,0.813
52.175238,338.701,64.470,0.817
52.186848,338.124,64.441,0.813
52.198458,338.032,64.436,0.802
52.210068,338.316,64.450,0.777
52.221678,334.711,64.265,0.766
52.233288,334.526,64.255,0.742
52.244898,309.862,62.929,0.722
52.256508,310.136,62.945,0.719
52.268118,309.602,62.915,0.732
52.279728,308.868,62.874,0.749
52.291338,308.087,62.830,0.763
52.302948,308.634,62.861,0.754
52.314558,310.001,62.937,0.738
52.326168,308.120,62.832,0.726
52.337778,305.955,62.710,0.712
52.349388,295.504,62.108,0.770
52.360998,294.997,62.078,0.791
52.372608,293.738,62.004,0.799
52.384218,270.918,60.604,0.790
52.395828,270.964,60.607,0.789
52.407438,270.956,60.607,0.788
52.419048,270.944,60.606,0.787
52.430658,169.283,52.463,0.788
52.442268,144.285,49.697,0.725
52.453878,82.253,39.968,0.657
52.465488,708.916,77.257,0.600
52.477098,317.563,63.354,0.676
52.488707,186.653,54.154,0.763
52.500317,186.596,54.149,0.806
52.511927,186.727,54.161,0.829
52.523537,350.269,65.052,0.857
52.535147,349.844,65.030,0.879
52.546757,349.235,65.000,0.901
52.558367,348.487,64.963,0.907
52.569977,336.559,64.360,0.909
52.581587,336.954,64.381,0.899
52.593197,336.785,64.372,0.890
52.604807,321.874,63.588,0.887
52.616417,318.524,63.407,0.876
52.628027,316.051,63.272,0.864
52.639637,314.085,63.164,0.849
52.651247,313.104,63.110,0.838
52.662857,311.733,63.034,0.815
52.674467,311.079,62.997,0.797
52.686077,310.487,62.964,0.790
52.697687,309.987,62.936,0.781
52.709297,309.621,62.916,0.790
52.720907,264.543,60.192,0.801
52.732517,270.724,60.592,0.804
52.744127,272.662,60.715,0.822
52.755737,274.055,60.804,0.844
52.767347,275.143,60.872,0.860
52.778957,275.872,60.918,0.869
52.790567,276.559,60.961,0.877
52.802177,277.234,61.003,0.876
52.813787,277.512,61.021,0.874
52.825397,277.765,61.036,0.872
52.837007,277.462,61.017,0.869
52.848617,277.376,61.012,0.861
52.860227,277.134,60.997,0.857
52.871837,277.123,60.996,0.849
52.883447,277.508,61.020,0.840
52.895057,277.897,61.045,0.828
52.906667,277.744,61.035,0.816
52.918277,277.264,61.005,0.804
52.929887,277.152,60.998,0.792
52.941497,277.110,60.995,0.781
52.953107,277.010,60.989,0.765
52.964717,277.082,60.994,0.757
52.976327,276.779,60.975,0.757
52.987937,276.872,60.981,0.767
52.999546,277.000,60.989,0.777
53.011156,277.027,60.990,0.784
53.022766,276.953,60.986,0.802
53.034376,276.934,60.984,0.822
53.045986,277.163,60.999,0.843
53.057596,277.306,61.008,0.856
53.069206,277.597,61.026,0.867
53.080816,277.931,61.047,0.873
53.092426,278.643,61.091,0.879
53.104036,279.841,61.165,0.882
53.115646,280.930,61.232,0.876
53.127256,282.497,61.329,0.866
53.138866,286.411,61.567,0.855
53.150476,303.132,62.549,0.857
53.162086,311.437,63.017,0.860
53.173696,311.954,63.046,0.859
53.185306,311.791,63.037,0.860
53.196916,311.395,63.015,0.864
53.208526,311.021,62.994,0.871
53.220136,310.743,62.979,0.877
53.231746,310.356,62.957,0.880
53.243356,309.944,62.934,0.879
53.254966,309.627,62.916,0.875
53.266576,309.633,62.917,0.877
53.278186,309.727,62.922,0.873
53.289796,309.810,62.927,0.866
53.301406,310.028,62.939,0.850
53.313016,310.399,62.959,0.830
53.324626,310.996,62.993,0.808
53.336236,311.615,63.027,0.775
53.347846,312.068,63.052,0.734
53.359456,311.691,63.031,0.664
53.371066,308.397,62.847,0.571
53.382676,290.470,61.811,0.417
53.394286,304.138,62.607,0.400
53.405896,308.943,62.878,0.493
53.417506,306.235,62.726,0.642
53.429116,307.625,62.804,0.720
53.440726,308.896,62.875,0.761
53.452336,308.090,62.830,0.788
53.463946,154.194,50.847,0.806
53.475556,154.082,50.834,0.810
53.487166,154.106,50.837,0.814
53.498776,154.307,50.860,0.815
53.510385,1002.273,83.252,0.805
53.521995,1002.273,83.252,0.779
53.533605,1002.273,83.252,0.769
53.545215,1002.273,83.252,0.777
53.556825,1002.273,83.252,0.800
53.568435,1002.273,83.252,0.828
53.580045,600.359,74.380,0.851
53.591655,601.720,74.419,0.861
53.603265,302.317,62.503,0.867
53.614875,303.100,62.547,0.877
53.626485,304.136,62.607,0.879
53.638095,304.768,62.643,0.871
53.649705,304.853,62.647,0.859
53.661315,306.461,62.738,0.847
53.672925,307.041,62.771,0.827
53.684535,305.078,62.660,0.822
53.696145,299.768,62.356,0.818
53.707755,285.180,61.492,0.813
53.719365,282.385,61.322,0.811
53.730975,93.042,42.101,0.811
53.742585,279.831,61.165,0.806
53.754195,278.937,61.109,0.802
53.765805,278.459,61.080,0.806
53.777415,278.326,61.071,0.806
53.789025,278.110,61.058,0.806
53.800635,277.959,61.048,0.802
53.812245,277.827,61.040,0.798
53.823855,277.840,61.041,0.798
53.835465,277.786,61.038,0.799
53.847075,277.685,61.031,0.803
53.858685,277.387,61.013,0.805
53.870295,277.104,60.995,0.795
53.881905,277.146,60.998,0.779
53.893515,277.254,61.004,0.765
53.905125,277.838,61.041,0.757
53.916735,278.509,61.083,0.756
53.928345,278.808,61.101,0.759
53.939955,279.125,61.121,0.753
53.951565,279.049,61.116,0.747
53.963175,278.960,61.111,0.753
53.974785,278.742,61.097,0.772
53.986395,278.601,61.088,0.787
53.998005,278.169,61.061,0.794
54.009615,277.709,61.033,0.796
54.021224,276.958,60.986,0.795
54.032834,276.682,60.969,0.799
54.044444,276.537,60.960,0.804
54.056054,276.271,60.943,0.808
54.067664,276.008,60.926,0.806
54.079274,275.795,60.913,0.805
54.090884,275.623,60.902,0.815
54.102494,275.874,60.918,0.832
54.114104,276.376,60.950,0.840
54.125714,276.515,60.958,0.848
54.137324,277.319,61.009,0.854
54.148934,279.815,61.164,0.855
54.160544,283.224,61.373,0.856
54.172154,286.228,61.556,0.854
54.183764,300.697,62.410,0.846
54.195374,308.697,62.864,0.831
54.206984,309.658,62.918,0.823
54.218594,309.482,62.908,0.810
54.230204,309.376,62.902,0.800
54.241814,309.061,62.885,0.801
54.253424,308.877,62.874,0.803
54.265034,308.683,62.863,0.814
54.276644,308.467,62.851,0.821
54.288254,308.301,62.842,0.826
54.299864,308.081,62.830,0.815
54.311474,308.217,62.837,0.801
54.323084,308.491,62.853,0.784
54.334694,308.803,62.870,0.760
54.346304,309.047,62.884,0.732
54.357914,310.153,62.946,0.683
54.369524,310.139,62.945,0.595
54.381134,307.083,62.773,0.391
54.392744,309.160,62.890,0.089
54.404354,1002.273,83.252,0.396
54.415964,654.134,75.865,0.561
54.427574,880.624,81.012,0.594
54.439184,879.120,80.983,0.613
54.450794,878.876,80.978,0.615
54.462404,878.821,80.977,0.615
54.474014,878.784,80.976,0.615
54.485624,878.772,80.976,0.616
54.497234,868.351,80.769,0.594
54.508844,859.892,80.600,0.491
54.520454,859.823,80.598,0.395
54.532063,302.447,62.510,0.192
54.543673,518.175,71.831,0.448
54.555283,787.683,79.081,0.561
54.566893,796.380,79.271,0.631
54.578503,787.018,79.067,0.669
54.590113,785.850,79.041,0.671
54.601723,785.223,79.027,0.675
54.613333,783.911,78.998,0.677
54.624943,783.971,79.000,0.677
54.636553,775.414,78.810,0.657
54.648163,264.917,60.216,0.625
54.659773,379.257,66.428,0.637
54.671383,380.517,66.486,0.715
54.682993,181.013,53.623,0.767
54.694603,123.060,46.942,0.788
54.706213,123.055,46.942,0.799
54.717823,123.024,46.937,0.810
54.729433,323.426,63.671,0.815
54.741043,323.562,63.678,0.820
54.752653,324.139,63.709,0.815
54.764263,299.981,62.368,0.785
54.775873,305.199,62.667,0.755
54.787483,304.788,62.644,0.734
54.799093,294.874,62.071,0.727
54.810703,289.184,61.734,0.725
54.822313,285.546,61.515,0.743
54.833923,284.272,61.437,0.757
54.845533,281.214,61.250,0.770
54.857143,279.331,61.134,0.792
54.868753,278.059,61.055,0.813
54.880363,277.734,61.034,0.837
54.891973,277.574,61.024,0.855
54.903583,277.541,61.022,0.868
54.915193,277.258,61.005,0.876
54.926803,277.098,60.995,0.880
54.938413,277.303,61.008,0.877
54.950023,277.954,61.048,0.866
54.961633,278.222,61.065,0.852
54.973243,278.299,61.070,0.833
54.984853,278.144,61.060,0.815
54.996463,278.026,61.053,0.793
55.008073,277.872,61.043,0.771
55.019683,277.696,61.032,0.759
55.031293,276.902,60.982,0.766
55.042902,276.572,60.962,0.782
55.054512,276.096,60.932,0.798
55.066122,276.120,60.933,0.811
55.077732,275.897,60.920,0.825
55.089342,276.364,60.949,0.836
55.100952,276.921,60.984,0.841
55.112562,277.413,61.014,0.836
55.124172,278.020,61.052,0.819
55.135782,279.364,61.136,0.799
55.147392,279.593,61.150,0.783
55.159002,279.646,61.153,0.774
55.170612,283.040,61.362,0.774
55.182222,282.536,61.331,0.787
55.193832,955.257,82.421,0.814
55.205442,955.984,82.434,0.832
55.217052,101.127,43.544,0.847
55.228662,101.133,43.545,0.854
55.240272,306.293,62.729,0.859
55.251882,306.542,62.743,0.862
55.263492,307.043,62.771,0.850
55.275102,307.232,62.782,0.832
55.286712,307.357,62.789,0.805
55.298322,305.650,62.693,0.790
55.309932,303.244,62.556,0.778
55.321542,298.730,62.296,0.781
55.333152,294.706,62.061,0.784
55.344762,291.419,61.867,0.788
55.356372,289.206,61.735,0.803
55.367982,285.304,61.500,0.815
55.379592,280.688,61.218,0.820
55.391202,278.316,61.071,0.832
55.402812,277.147,60.998,0.843
55.414422,277.158,60.998,0.853
55.426032,276.725,60.971,0.859
55.437642,276.424,60.953,0.862
55.449252,276.523,60.959,0.862
55.460862,277.627,61.028,0.860
55.472472,277.870,61.043,0.858
55.484082,278.003,61.051,0.850
55.495692,277.843,61.041,0.846
55.507302,277.757,61.036,0.837
55.518912,277.747,61.035,0.827
55.530522,277.787,61.038,0.814
55.542132,277.593,61.026,0.811
55.553741,277.121,60.996,0.811
55.565351,276.982,60.987,0.810
55.576961,277.235,61.003,0.810
55.588571,277.571,61.024,0.809
55.600181,278.005,61.051,0.809
55.611791,277.509,61.020,0.810
55.623401,276.907,60.983,0.812
55.635011,276.492,60.957,0.803
55.646621,277.211,61.002,0.789
55.658231,276.713,60.971,0.773
55.669841,276.392,60.951,0.755
55.681451,275.784,60.912,0.759
55.693061,260.362,59.916,0.756
55.704671,261.753,60.008,0.745
55.716281,894.828,81.289,0.748
55.727891,906.307,81.510,0.757
55.739501,902.413,81.435,0.764
55.751111,904.520,81.476,0.770
55.762721,911.070,81.601,0.779
55.774331,968.448,82.658,0.767
55.785941,1002.273,83.252,0.768
55.797551,142.467,49.477,0.775
55.809161,282.225,61.312,0.776
55.820771,281.293,61.255,0.776
55.832381,280.117,61.182,0.785
55.843991,278.811,61.101,0.795
55.855601,277.369,61.012,0.800
55.867211,276.540,60.960,0.806
55.878821,275.762,60.911,0.810
55.890431,275.344,60.885,0.817
55.902041,275.105,60.870,0.824
55.913651,275.353,60.885,0.833
55.925261,275.604,60.901,0.841
55.936871,275.750,60.910,0.847
55.948481,275.866,60.918,0.850
55.960091,275.921,60.921,0.856
55.971701,275.815,60.914,0.858
55.983311,276.013,60.927,0.855
55.994921,276.441,60.954,0.848
56.006531,277.320,61.009,0.845
56.018141,278.143,61.060,0.841
56.029751,278.351,61.073,0.839
56.041361,278.516,61.083,0.842
56.052971,278.393,61.075,0.841
56.064580,278.254,61.067,0.839
56.076190,278.154,61.061,0.842
56.087800,278.202,61.064,0.845
56.099410,278.084,61.056,0.845
56.111020,277.987,61.050,0.841
56.122630,277.912,61.045,0.836
56.134240,277.897,61.045,0.830
56.145850,278.170,61.062,0.819
56.157460,278.043,61.054,0.810
56.169070,277.942,61.047,0.801
56.180680,277.726,61.034,0.787
56.192290,277.493,61.019,0.768
56.203900,277.738,61.035,0.745
56.215510,278.067,61.055,0.716
56.227120,137.030,48.804,0.683
56.238730,137.129,48.816,0.646
56.250340,90.748,41.669,0.598
56.261950,278.598,61.088,0.520
56.273560,277.805,61.039,0.430
56.285170,90.512,41.624,0.347
56.296780,279.927,61.171,0.261
56.308390,277.155,60.998,0.193
56.320000,276.032,60.928,0.166
56.331610,277.601,61.026,0.131
56.343220,277.963,61.049,0.103
56.354830,278.430,61.078,0.074
56.366440,,,0.000
56.378050,,,0.000
56.389660,,,0.000
56.401270,,,0.000
56.412880,,,0.000
56.424490,,,0.000
56.436100,,,0.000
56.447710,,,0.000
56.459320,,,0.000
56.470930,,,0.000
56.482540,,,0.000
56.494150,,,0.000
56.505760,,,0.000
56.517370,,,0.000
56.528980,,,0.000
56.540590,,,0.000
56.552200,,,0.000
56.563810,,,0.000
56.575420,,,0.000
56.587029,,,0.000
56.598639,,,0.000
56.610249,,,0.000
56.621859,,,0.000
56.633469,,,0.000
56.645079,,,0.000
56.656689,,,0.000
56.668299,,,0.000
56.679909,,,0.000
56.691519,,,0.000
56.703129,,,0.000
56.714739,,,0.000
56.726349,,,0.000
56.737959,,,0.000
56.749569,,,0.000
56.761179,,,0.000
56.772789,,,0.000
56.784399,,,0.000
56.796009,,,0.000
56.807619,,,0.000
56.819229,,,0.000
56.830839,,,0.000
56.842449,,,0.000
56.854059,,,0.000
56.865669,,,0.000
56.877279,,,0.000
56.888889,,,0.000
56.900499,,,0.000
56.912109,,,0.000
56.923719,,,0.000
56.935329,,,0.000
56.946939,,,0.000
56.958549,,,0.000
56.970159,,,0.000
56.981769,,,0.000
56.993379,,,0.000
57.004989,,,0.000
57.016599,,,0.000
57.028209,,,0.000
57.039819,,,0.000
57.051429,,,0.000
57.063039,,,0.000
57.074649,,,0.000
57.086259,,,0.000
57.097868,,,0.000
57.109478,,,0.000
57.121088,,,0.000
57.132698,,,0.000
57.144308,,,0.000
57.155918,,,0.000
57.167528,,,0.000
57.179138,,,0.000
57.190748,,,0.000
57.202358,,,0.000
57.213968,,,0.000
57.225578,,,0.000
57.237188,,,0.000
57.248798,,,0.000
57.260408,,,0.000
57.272018,,,0.000
57.283628,,,0.000
57.295238,,,0.000
57.306848,,,0.000
57.318458,,,0.000
57.330068,,,0.000
57.341678,,,0.000
57.353288,,,0.000
57.364898,,,0.000
57.376508,,,0.000
57.388118,,,0.000
57.399728,,,0.000
57.411338,,,0.000
57.422948,,,0.000
57.434558,,,0.000
57.446168,,,0.000
57.457778,,,0.000
57.469388,,,0.000
57.480998,,,0.000
57.492608,,,0.000
57.504218,,,0.000
57.515828,,,0.000
57.527438,,,0.000
57.539048,,,0.000
57.550658,,,0.000
57.562268,,,0.000
57.573878,,,0.000
57.585488,,,0.000
57.597098,,,0.000
57.608707,,,0.000
57.620317,,,0.000
57.631927,,,0.000
57.643537,,,0.000
57.655147,,,0.000
57.666757,,,0.000
57.678367,,,0.000
57.689977,,,0.000
57.701587,,,0.000
57.713197,,,0.000
57.724807,,,0.000
57.736417,,,0.000
57.748027,,,0.000
57.759637,,,0.000
57.771247,,,0.000
57.782857,,,0.000
57.794467,,,0.000
57.806077,,,0.000
57.817687,,,0.000
57.829297,,,0.000
57.840907,,,0.000
57.852517,,,0.000
57.864127,,,0.000
57.875737,,,0.000
57.887347,,,0.000
57.898957,,,0.000
57.910567,,,0.000
57.922177,,,0.000
57.933787,,,0.000
57.945397,,,0.000
57.957007,,,0.000
57.968617,,,0.000
57.980227,,,0.000
57.991837,,,0.000
58.003447,,,0.000
58.015057,,,0.000
58.026667,,,0.000
58.038277,,,0.000
58.049887,,,0.000
58.061497,,,0.000
58.073107,,,0.000
58.084717,,,0.000
58.096327,,,0.000
58.107937,,,0.000
58.119546,,,0.000
58.131156,,,0.000
58.142766,,,0.000
58.154376,,,0.000
58.165986,,,0.000
58.177596,,,0.000
58.189206,,,0.000
58.200816,,,0.000
58.212426,,,0.000
58.224036,,,0.000
58.235646,,,0.000
58.247256,,,0.000
58.258866,,,0.000
58.270476,,,0.000
58.282086,,,0.000
58.293696,,,0.000
58.305306,,,0.000
58.316916,,,0.000
58.328526,,,0.000
58.340136,,,0.000
58.351746,,,0.000
58.363356,,,0.000
58.374966,,,0.000
58.386576,,,0.000
58.398186,,,0.000
58.409796,,,0.000
58.421406,,,0.000
58.433016,,,0.000
58.444626,,,0.000
58.456236,,,0.000
58.467846,,,0.000
58.479456,,,0.000
58.491066,,,0.000
58.502676,,,0.000
58.514286,,,0.000
58.525896,,,0.000
58.537506,,,0.000
58.549116,,,0.000
58.560726,,,0.000
58.572336,,,0.000
58.583946,,,0.000
58.595556,,,0.000
58.607166,,,0.000
58.618776,,,0.000
58.630385,,,0.000
58.641995,,,0.000
58.653605,,,0.000
58.665215,,,0.000
58.676825,,,0.000
58.688435,,,0.000
58.700045,,,0.000
58.711655,,,0.000
58.723265,,,0.000
58.734875,,,0.000
58.746485,,,0.000
58.758095,,,0.000
58.769705,,,0.000
58.781315,,,0.000
58.792925,,,0.000
58.804535,,,0.000
58.816145,,,0.000
58.827755,,,0.000
58.839365,,,0.000
58.850975,,,0.000
58.862585,,,0.000
58.874195,,,0.000
58.885805,,,0.000
58.897415,,,0.000
58.909025,,,0.000
58.920635,,,0.000
58.932245,,,0.000
58.943855,,,0.000
58.955465,,,0.000
58.967075,,,0.000
58.978685,,,0.000
58.990295,,,0.000
59.001905,,,0.000
59.013515,,,0.000
59.025125,,,0.000
59.036735,,,0.000
59.048345,,,0.000
59.059955,,,0.000
59.071565,,,0.000
59.083175,,,0.000
59.094785,,,0.000
59.106395,,,0.000
59.118005,,,0.000
59.129615,,,0.000
59.141224,,,0.000
59.152834,,,0.000
59.164444,,,0.000
59.176054,,,0.000
59.187664,,,0.000
59.199274,,,0.000
59.210884,,,0.000
59.222494,,,0.000
59.234104,,,0.000
59.245714,,,0.000
59.257324,,,0.000
59.268934,,,0.000
59.280544,,,0.000
59.292154,,,0.000
59.303764,,,0.000
59.315374,,,0.000
59.326984,,,0.000
59.338594,,,0.000
59.350204,,,0.000
59.361814,,,0.000
59.373424,,,0.000
59.385034,,,0.000
59.396644,,,0.000
59.408254,,,0.000
59.419864,,,0.000
59.431474,,,0.000
59.443084,,,0.000
59.454694,,,0.000
59.466304,,,0.000
59.477914,,,0.000
59.489524,,,0.000
59.501134,,,0.000
59.512744,,,0.000
59.524354,,,0.000
59.535964,,,0.000
59.547574,,,0.000
59.559184,,,0.000
59.570794,,,0.000
59.582404,,,0.000
59.594014,,,0.000
59.605624,,,0.000
59.617234,,,0.000
59.628844,,,0.000
59.640454,,,0.000
59.652063,,,0.000
59.663673,,,0.000
59.675283,,,0.000
59.686893,,,0.000
59.698503,,,0.000
59.710113,,,0.000
59.721723,,,0.000
59.733333,,,0.000
59.744943,,,0.000
59.756553,,,0.000
59.768163,,,0.000
59.779773,,,0.000
59.791383,,,0.000
59.802993,,,0.000
59.814603,,,0.000
59.826213,,,0.000
59.837823,,,0.000
59.849433,,,0.000
59.861043,,,0.000
59.872653,,,0.000
59.884263,,,0.000
59.895873,,,0.000
59.907483,,,0.000
59.919093,,,0.000
59.930703,,,0.000
59.942313,,,0.000
59.953923,,,0.000
59.965533,,,0.000
59.977143,,,0.000
59.988753,,,0.000
60.000363,,,0.000
60.011973,,,0.000
60.023583,,,0.000
60.035193,,,0.000
60.046803,,,0.000
60.058413,,,0.000
60.070023,,,0.000
60.081633,,,0.000
60.093243,,,0.000
60.104853,,,0.000
60.116463,,,0.000
60.128073,750.655,78.248,0.016
60.139683,745.725,78.134,0.216
60.151293,776.024,78.823,0.322
60.162902,787.429,79.076,0.394
60.174512,605.676,74.533,0.445
60.186122,231.456,57.879,0.486
60.197732,791.710,79.170,0.510
60.209342,774.535,78.790,0.532
60.220952,745.593,78.131,0.543
60.232562,743.604,78.084,0.547
60.244172,740.943,78.022,0.544
60.255782,740.818,78.019,0.532
60.267392,743.803,78.089,0.511
60.279002,742.577,78.060,0.480
60.290612,737.107,77.932,0.450
60.302222,733.711,77.852,0.402
60.313832,87.118,40.963,0.357
60.325442,738.305,77.961,0.293
60.337052,450.921,69.424,0.201
60.348662,357.603,65.410,0.096
60.360272,,,0.000
60.371882,372.620,66.122,0.614
60.383492,826.174,79.907,0.772
60.395102,862.282,80.648,0.819
60.406712,866.082,80.724,0.840
60.418322,866.102,80.724,0.858
60.429932,330.741,64.058,0.873
60.441542,330.782,64.061,0.889
60.453152,332.270,64.138,0.903
60.464762,306.412,62.736,0.902
60.476372,304.951,62.653,0.883
60.487982,305.649,62.692,0.879
60.499592,306.343,62.732,0.887
60.511202,306.428,62.737,0.895
60.522812,305.955,62.710,0.907
60.534422,305.338,62.675,0.916
60.546032,304.380,62.620,0.920
60.557642,304.416,62.622,0.920
60.569252,304.534,62.629,0.915
60.580862,303.333,62.561,0.912
60.592472,302.104,62.490,0.903
60.604082,301.678,62.466,0.895
60.615692,300.153,62.378,0.887
60.627302,299.138,62.320,0.883
60.638912,842.184,80.240,0.875
60.650522,837.220,80.137,0.870
60.662132,836.816,80.129,0.865
60.673741,832.942,80.049,0.858
60.685351,829.054,79.968,0.848
60.696961,795.187,79.245,0.830
60.708571,777.598,78.858,0.800
60.720181,779.725,78.906,0.752
60.731791,780.785,78.929,0.726
60.743401,852.100,80.442,0.744
60.755011,854.855,80.498,0.776
60.766621,855.043,80.502,0.794
60.778231,196.674,55.060,0.820
60.789841,196.715,55.063,0.835
60.801451,328.807,63.957,0.862
60.813061,328.511,63.941,0.889
60.824671,328.197,63.925,0.899
60.836281,327.200,63.872,0.903
60.847891,324.731,63.741,0.900
60.859501,323.274,63.663,0.895
60.871111,321.278,63.556,0.892
60.882721,319.846,63.478,0.894
60.894331,318.062,63.382,0.882
60.905941,315.266,63.229,0.864
60.917551,312.794,63.092,0.856
60.929161,309.994,62.937,0.844
60.940771,308.191,62.836,0.836
60.952381,306.186,62.723,0.829
60.963991,287.187,61.614,0.816
60.975601,285.534,61.514,0.802
60.987211,284.639,61.460,0.791
60.998821,282.947,61.356,0.776
61.010431,280.996,61.237,0.760
61.022041,279.582,61.149,0.744
61.033651,278.475,61.081,0.729
61.045261,277.878,61.043,0.719
61.056871,277.676,61.031,0.707
61.068481,278.028,61.053,0.697
61.080091,277.994,61.051,0.695
61.091701,277.977,61.050,0.694
61.103311,277.831,61.040,0.693
61.114921,277.616,61.027,0.691
61.126531,277.295,61.007,0.683
61.138141,276.887,60.982,0.677
61.149751,276.523,60.959,0.673
61.161361,277.892,61.044,0.669
61.172971,278.084,61.056,0.667
61.184580,278.015,61.052,0.665
61.196190,278.065,61.055,0.663
61.207800,277.946,61.048,0.667
61.219410,277.782,61.037,0.673
61.231020,277.764,61.036,0.679
61.242630,277.528,61.022,0.685
61.254240,277.250,61.004,0.688
61.265850,277.146,60.998,0.686
61.277460,277.051,60.992,0.694
61.289070,276.774,60.974,0.706
61.300680,276.671,60.968,0.713
61.312290,276.787,60.975,0.720
61.323900,276.852,60.979,0.729
61.335510,277.138,60.997,0.738
61.347120,278.071,61.055,0.750
61.358730,279.025,61.115,0.764
61.370340,279.199,61.126,0.773
61.381950,280.428,61.202,0.784
61.393560,282.096,61.304,0.800
61.405170,285.445,61.508,0.807
61.416780,300.195,62.381,0.819
61.428390,306.892,62.763,0.828
61.440000,308.932,62.877,0.837
61.451610,309.862,62.929,0.849
61.463220,310.391,62.959,0.857
61.474830,310.581,62.970,0.858
61.486440,310.588,62.970,0.858
61.498050,310.453,62.962,0.862
61.509660,310.549,62.968,0.862
61.521270,310.569,62.969,0.861
61.532880,310.485,62.964,0.857
61.544490,310.203,62.948,0.850
61.556100,310.031,62.939,0.834
61.567710,309.768,62.924,0.818
61.579320,309.902,62.932,0.794
61.590930,310.141,62.945,0.766
61.602540,310.100,62.943,0.730
61.614150,309.077,62.886,0.687
61.625760,305.735,62.697,0.623
61.637370,277.732,61.034,0.500
61.648980,286.470,61.571,0.408
61.660590,282.207,61.311,0.431
61.672200,279.742,61.159,0.603
61.683810,277.825,61.040,0.692
61.695420,277.575,61.024,0.738
61.707029,277.388,61.013,0.768
61.718639,277.220,61.002,0.790
61.730249,277.084,60.994,0.810
61.741859,277.117,60.996,0.820
61.753469,277.244,61.004,0.827
61.765079,277.420,61.015,0.827
61.776689,278.037,61.053,0.823
61.788299,279.023,61.115,0.816
61.799909,282.012,61.299,0.819
61.811519,289.411,61.747,0.823
61.823129,304.897,62.650,0.826
61.834739,307.589,62.802,0.836
61.846349,308.994,62.881,0.847
61.857959,309.384,62.903,0.852
61.869569,309.342,62.900,0.855
61.881179,308.742,62.867,0.862
61.892789,308.391,62.847,0.860
61.904399,307.412,62.792,0.857
61.916009,305.024,62.657,0.852
61.927619,295.535,62.110,0.847
61.939229,290.827,61.832,0.842
61.950839,286.088,61.547,0.837
61.962449,281.320,61.257,0.830
61.974059,279.542,61.147,0.824
61.985669,278.598,61.088,0.819
61.997279,277.395,61.013,0.816
62.008889,276.543,60.960,0.819
62.020499,276.133,60.934,0.820
62.032109,275.990,60.925,0.820
62.043719,275.916,60.921,0.817
62.055329,275.974,60.924,0.815
62.066939,276.176,60.937,0.814
62.078549,276.239,60.941,0.814
62.090159,276.560,60.961,0.813
62.101769,276.842,60.979,0.808
62.113379,277.013,60.989,0.804
62.124989,277.148,60.998,0.800
62.136599,277.193,61.001,0.788
62.148209,277.134,60.997,0.771
62.159819,277.067,60.993,0.746
62.171429,277.342,61.010,0.734
62.183039,278.833,61.103,0.749
62.194649,279.508,61.145,0.756
62.206259,279.851,61.166,0.760
62.217868,280.251,61.191,0.761
62.229478,280.161,61.185,0.773
62.241088,279.843,61.165,0.787
62.252698,279.391,61.137,0.804
62.264308,278.841,61.103,0.812
62.275918,278.021,61.052,0.804
62.287528,277.451,61.017,0.801
62.299138,277.096,60.995,0.800
62.310748,276.733,60.972,0.801
62.322358,276.486,60.956,0.802
62.333968,276.256,60.942,0.796
62.345578,276.384,60.950,0.791
62.357188,276.617,60.965,0.790
62.368798,276.859,60.980,0.792
62.380408,277.110,60.995,0.789
62.392018,277.393,61.013,0.785
62.403628,277.923,61.046,0.781
62.415238,279.758,61.160,0.782
62.426848,282.982,61.358,0.795
62.438458,286.298,61.560,0.806
62.450068,292.659,61.941,0.815
62.461678,305.055,62.659,0.815
62.473288,311.947,63.046,0.821
62.484898,313.530,63.133,0.826
62.496508,313.618,63.138,0.827
62.508118,312.251,63.062,0.825
62.519728,311.438,63.017,0.819
62.531338,310.620,62.972,0.812
62.542948,309.372,62.902,0.802
62.554558,307.812,62.815,0.800
62.566168,306.803,62.758,0.797
62.577778,305.828,62.703,0.791
62.589388,305.132,62.663,0.775
62.600998,304.272,62.614,0.757
62.612608,303.891,62.593,0.737
62.624218,304.097,62.604,0.710
62.635828,304.318,62.617,0.677
62.647438,303.920,62.594,0.629
62.659048,302.120,62.491,0.521
62.670658,279.142,61.122,0.232
62.682268,279.507,61.145,0.166
62.693878,92.907,42.076,0.203
62.705488,462.627,69.868,0.597
62.717098,460.908,69.804,0.668
62.728707,460.687,69.795,0.689
62.740317,460.227,69.778,0.697
62.751927,460.067,69.772,0.700
62.763537,460.052,69.772,0.701
62.775147,460.043,69.771,0.701
62.786757,460.028,69.771,0.702
62.798367,644.097,75.597,0.640
62.809977,645.176,75.626,0.544
62.821587,618.144,74.885,0.679
62.833197,616.426,74.837,0.690
62.844807,293.597,61.996,0.710
62.856417,291.068,61.846,0.737
62.868027,290.754,61.828,0.741
62.879637,290.118,61.790,0.744
62.891247,289.332,61.743,0.743
62.902857,91.950,41.897,0.744
62.914467,281.555,61.271,0.660
62.926077,278.678,61.093,0.635
62.937687,266.453,60.317,0.634
62.949297,956.576,82.445,0.723
62.960907,123.144,46.954,0.794
62.972517,166.000,52.124,0.825
62.984127,209.379,56.143,0.841
62.995737,209.485,56.152,0.851
63.007347,209.473,56.151,0.856
63.018957,209.487,56.152,0.861
63.030567,311.774,63.036,0.869
63.042177,311.281,63.009,0.857
63.053787,312.334,63.067,0.834
63.065397,311.734,63.034,0.819
63.077007,311.285,63.009,0.816
63.088617,311.822,63.039,0.816
63.100227,310.209,62.949,0.823
63.111837,307.720,62.809,0.830
63.123447,302.748,62.527,0.827
63.135057,294.909,62.073,0.821
63.146667,289.970,61.781,0.824
63.158277,286.097,61.548,0.830
63.169887,283.445,61.387,0.835
63.181497,280.997,61.237,0.845
63.193107,279.013,61.114,0.855
63.204717,277.762,61.036,0.862
63.216327,276.839,60.979,0.869
63.227937,276.012,60.927,0.870
63.239546,275.560,60.898,0.867
63.251156,275.517,60.896,0.859
63.262766,276.780,60.975,0.852
63.274376,277.611,61.027,0.842
63.285986,277.821,61.040,0.830
63.297596,277.882,61.044,0.817
63.309206,277.875,61.043,0.802
63.320816,277.866,61.043,0.793
63.332426,277.706,61.033,0.799
63.344036,277.254,61.004,0.810
63.355646,276.237,60.941,0.820
63.367256,274.960,60.861,0.823
63.378866,272.701,60.718,0.811
63.390476,270.387,60.570,0.798
63.402086,269.622,60.521,0.786
63.413696,269.009,60.482,0.771
63.425306,272.597,60.711,0.766
63.436916,268.315,60.437,0.782
63.448526,136.007,48.674,0.816
63.460136,141.300,49.335,0.861
63.471746,459.763,69.761,0.878
63.483356,459.214,69.740,0.891
63.494966,459.349,69.745,0.899
63.506576,459.741,69.760,0.903
63.518186,407.306,67.663,0.899
63.529796,319.318,63.450,0.895
63.541406,318.771,63.420,0.879
63.553016,317.193,63.334,0.842
63.564626,315.657,63.250,0.831
63.576236,309.499,62.909,0.824
63.587846,305.043,62.658,0.825
63.599456,306.838,62.760,0.828
63.611066,306.116,62.719,0.833
63.622676,302.252,62.499,0.822
63.634286,296.287,62.154,0.810
63.645896,287.291,61.620,0.805
63.657506,281.935,61.294,0.800
63.669116,279.220,61.127,0.793
63.680726,278.258,61.067,0.783
63.692336,277.864,61.043,0.777
63.703946,277.688,61.032,0.770
63.715556,277.637,61.028,0.769
63.727166,277.849,61.042,0.770
63.738776,278.347,61.073,0.769
63.750385,279.242,61.128,0.763
63.761995,279.857,61.166,0.757
63.773605,280.284,61.193,0.753
63.785215,279.716,61.158,0.752
63.796825,278.460,61.080,0.754
63.808435,277.539,61.022,0.756
63.820045,277.050,60.992,0.756
63.831655,276.824,60.978,0.775
63.843265,276.474,60.956,0.798
63.854875,276.080,60.931,0.817
63.866485,275.820,60.915,0.834
63.878095,275.922,60.921,0.840
63.889705,276.712,60.971,0.841
63.901315,277.767,61.036,0.839
63.912925,278.371,61.074,0.834
63.924535,278.533,61.084,0.817
63.936145,278.716,61.096,0.793
63.947755,279.045,61.116,0.762
63.959365,279.456,61.141,0.718
63.970975,279.495,61.144,0.678
63.982585,279.613,61.151,0.644
63.994195,139.445,49.106,0.658
64.005805,280.100,61.181,0.700
64.017415,281.673,61.278,0.736
64.029025,281.943,61.295,0.769
64.040635,284.299,61.439,0.791
64.052245,286.937,61.599,0.808
64.063855,287.377,61.625,0.822
64.075465,287.322,61.622,0.832
64.087075,287.173,61.613,0.831
64.098685,286.925,61.598,0.826
64.110295,286.496,61.572,0.823
64.121905,285.077,61.486,0.816
64.133515,282.330,61.319,0.815
64.145125,280.082,61.180,0.814
64.156735,278.666,61.092,0.816
64.168345,277.747,61.035,0.820
64.179955,277.160,60.999,0.825
64.191565,276.666,60.968,0.828
64.203175,276.445,60.954,0.824
64.214785,276.424,60.953,0.821
64.226395,276.308,60.945,0.816
64.238005,276.137,60.935,0.815
64.249615,276.074,60.931,0.810
64.261224,276.341,60.947,0.805
64.272834,277.907,61.045,0.802
64.284444,278.900,61.107,0.802
64.296054,279.010,61.114,0.809
64.307664,278.847,61.104,0.818
64.319274,278.609,61.089,0.827
64.330884,278.043,61.054,0.835
64.342494,277.468,61.018,0.841
64.354104,276.948,60.985,0.845
64.365714,276.396,60.951,0.848
64.377324,276.118,60.933,0.849
64.388934,276.298,60.945,0.849
64.400544,276.400,60.951,0.847
64.412154,277.015,60.990,0.845
64.423764,278.398,61.076,0.838
64.435374,279.429,61.140,0.831
64.446984,280.087,61.180,0.824
64.458594,280.265,61.191,0.813
64.470204,280.299,61.194,0.798
64.481814,279.974,61.173,0.781
64.493424,279.518,61.145,0.761
64.505034,278.668,61.093,0.733
64.516644,277.622,61.027,0.699
64.528254,277.598,61.026,0.668
64.539864,277.385,61.013,0.630
64.551474,136.899,48.787,0.591
64.563084,277.536,61.022,0.549
64.574694,278.893,61.106,0.483
64.586304,278.382,61.075,0.415
64.597914,278.521,61.083,0.327
64.609524,749.973,78.232,0.238
64.621134,742.426,78.057,0.175
64.632744,754.418,78.334,0.084
64.644354,745.648,78.132,0.029
64.655964,,,0.000
64.667574,,,0.000
64.679184,,,0.000
64.690794,,,0.000
64.702404,,,0.000
64.714014,,,0.000
64.725624,,,0.000
64.737234,,,0.000
64.748844,,,0.000
64.760454,,,0.000
64.772063,,,0.000
64.783673,,,0.000
64.795283,,,0.000
64.806893,,,0.000
64.818503,,,0.000
64.830113,,,0.000
64.841723,,,0.000
64.853333,,,0.000
64.864943,,,0.000
64.876553,,,0.000
64.888163,,,0.000
64.899773,,,0.000
64.911383,,,0.000
64.922993,,,0.000
64.934603,,,0.000
64.946213,,,0.000
64.957823,,,0.000
64.969433,,,0.000
64.981043,,,0.000
64.992653,,,0.000
65.004263,,,0.000
65.015873,,,0.000
65.027483,,,0.000
65.039093,,,0.000
65.050703,,,0.000
65.062313,,,0.000
65.073923,,,0.000
65.085533,,,0.000
65.097143,,,0.000
65.108753,,,0.000
65.120363,,,0.000
65.131973,,,0.000
65.143583,,,0.000
65.155193,,,0.000
65.166803,,,0.000
65.178413,,,0.000
65.190023,,,0.000
65.201633,,,0.000
65.213243,,,0.000
65.224853,,,0.000
65.236463,,,0.000
65.248073,,,0.000
65.259683,,,0.000
65.271293,,,0.000
65.282902,,,0.000
65.294512,,,0.000
65.306122,,,0.000
65.317732,,,0.000
65.329342,,,0.000
65.340952,,,0.000
65.352562,,,0.000
65.364172,,,0.000
65.375782,,,0.000
65.387392,,,0.000
65.399002,,,0.000
65.410612,,,0.000
65.422222,,,0.000
65.433832,,,0.000
65.445442,,,0.000
65.457052,,,0.000
65.468662,,,0.000
65.480272,,,0.000
65.491882,,,0.000
65.503492,,,0.000
65.515102,,,0.000
65.526712,,,0.000
65.538322,,,0.000
65.549932,,,0.000
65.561542,,,0.000
65.573152,,,0.000
65.584762,,,0.000
65.596372,,,0.000
65.607982,,,0.000
65.619592,,,0.000
65.631202,,,0.000
65.642812,,,0.000
65.654422,,,0.000
65.666032,,,0.000
65.677642,,,0.000
65.689252,,,0.000
65.700862,,,0.000
65.712472,,,0.000
65.724082,,,0.000
65.735692,,,0.000
65.747302,,,0.000
65.758912,,,0.000
65.770522,,,0.000
65.782132,,,0.000
65.793741,,,0.000
65.805351,,,0.000
65.816961,,,0.000
65.828571,,,0.000
65.840181,,,0.000
65.851791,,,0.000
65.863401,,,0.000
65.875011,,,0.000
65.886621,,,0.000
65.898231,,,0.000
65.909841,,,0.000
65.921451,,,0.000
65.933061,,,0.000
65.944671,,,0.000
65.956281,,,0.000
65.967891,,,0.000
65.979501,,,0.000
65.991111,,,0.000
66.002721,,,0.000
66.014331,,,0.000
66.025941,,,0.000
66.037551,,,0.000
66.049161,,,0.000
66.060771,,,0.000
66.072381,,,0.000
66.083991,,,0.000
66.095601,,,0.000
66.107211,,,0.000
66.118821,,,0.000
66.130431,,,0.000
66.142041,,,0.000
66.153651,,,0.000
66.165261,,,0.000
66.176871,,,0.000
66.188481,,,0.000
66.200091,,,0.000
66.211701,,,0.000
66.223311,,,0.000
66.234921,,,0.000
66.246531,,,0.000
66.258141,,,0.000
66.269751,,,0.000
66.281361,,,0.000
66.292971,,,0.000
66.304580,,,0.000
66.316190,,,0.000
66.327800,,,0.000
66.339410,,,0.000
66.351020,,,0.000
66.362630,,,0.000
66.374240,,,0.000
66.385850,,,0.000
66.397460,,,0.000
66.409070,,,0.000
66.420680,,,0.000
66.432290,,,0.000
66.443900,,,0.000
66.455510,,,0.000
66.467120,,,0.000
66.478730,,,0.000
66.490340,,,0.000
66.501950,,,0.000
66.513560,,,0.000
66.525170,,,0.000
66.536780,,,0.000
66.548390,,,0.000
66.560000,,,0.000
66.571610,,,0.000
66.583220,,,0.000
66.594830,,,0.000
66.606440,,,0.000
66.618050,,,0.000
66.629660,,,0.000
66.641270,,,0.000
66.652880,,,0.000
66.664490,,,0.000
66.676100,,,0.000
66.687710,,,0.000
66.699320,,,0.000
66.710930,,,0.000
66.722540,,,0.000
66.734150,,,0.000
66.745760,,,0.000
66.757370,,,0.000
66.768980,,,0.000
66.780590,,,0.000
66.792200,,,0.000
66.803810,,,0.000
66.815420,,,0.000
66.827029,,,0.000
66.838639,,,0.000
66.850249,,,0.000
66.861859,,,0.000
66.873469,,,0.000
66.885079,,,0.000
66.896689,,,0.000
66.908299,,,0.000
66.919909,,,0.000
66.931519,,,0.000
66.943129,,,0.000
66.954739,,,0.000
66.966349,,,0.000
66.977959,,,0.000
66.989569,,,0.000
67.001179,,,0.000
67.012789,,,0.000
67.024399,,,0.000
67.036009,,,0.000
67.047619,,,0.000
67.059229,,,0.000
67.070839,,,0.000
67.082449,,,0.000
67.094059,,,0.000
67.105669,,,0.000
67.117279,,,0.000
67.128889,,,0.000
67.140499,,,0.000
67.152109,,,0.000
67.163719,,,0.000
67.175329,,,0.000
67.186939,,,0.000
67.198549,,,0.000
67.210159,,,0.000
67.221769,,,0.000
67.233379,,,0.000
67.244989,,,0.000
67.256599,,,0.000
67.268209,,,0.000
67.279819,,,0.000
67.291429,,,0.000
67.303039,,,0.000
67.314649,,,0.000
67.326259,,,0.000
67.337868,,,0.000
67.349478,,,0.000
67.361088,,,0.000
67.372698,,,0.000
67.384308,,,0.000
67.395918,,,0.000
67.407528,,,0.000
67.419138,,,0.000
67.430748,,,0.000
67.442358,,,0.000
67.453968,,,0.000
67.465578,,,0.000
67.477188,,,0.000
67.488798,,,0.000
67.500408,,,0.000
67.512018,,,0.000
67.523628,,,0.000
67.535238,,,0.000
67.546848,,,0.000
67.558458,,,0.000
67.570068,,,0.000
67.581678,,,0.000
67.593288,,,0.000
67.604898,,,0.000
67.616508,,,0.000
67.628118,,,0.000
67.639728,,,0.000
67.651338,,,0.000
67.662948,,,0.000
67.674558,,,0.000
67.686168,,,0.000
67.697778,,,0.000
67.709388,,,0.000
67.720998,,,0.000
67.732608,,,0.000
67.744218,,,0.000
67.755828,,,0.000
67.767438,,,0.000
67.779048,,,0.000
67.790658,,,0.000
67.802268,,,0.000
67.813878,,,0.000
67.825488,,,0.000
67.837098,,,0.000
67.848707,,,0.000
67.860317,,,0.000
67.871927,,,0.000
67.883537,,,0.000
67.895147,,,0.000
67.906757,,,0.000
67.918367,,,0.000
67.929977,,,0.000
67.941587,,,0.000
67.953197,,,0.000
67.964807,,,0.000
67.976417,,,0.000
67.988027,,,0.000
67.999637,,,0.000
68.011247,,,0.000
68.022857,,,0.000
68.034467,,,0.000
68.046077,,,0.000
68.057687,,,0.000
68.069297,,,0.000
68.080907,,,0.000
68.092517,,,0.000
68.104127,,,0.000
68.115737,,,0.000
68.127347,,,0.000
68.138957,,,0.000
68.150567,,,0.000
68.162177,,,0.000
68.173787,,,0.000
68.185397,,,0.000
68.197007,,,0.000
68.208617,,,0.000
68.220227,,,0.000
68.231837,,,0.000
68.243447,,,0.000
68.255057,,,0.000
68.266667,,,0.000
68.278277,,,0.000
68.289887,,,0.000
68.301497,,,0.000
68.313107,,,0.000
68.324717,,,0.000
68.336327,,,0.000
68.347937,,,0.000
68.359546,,,0.000
68.371156,,,0.000
68.382766,,,0.000
68.394376,,,0.000
68.405986,,,0.000
68.417596,,,0.000
68.429206,,,0.000
68.440816,,,0.000
68.452426,,,0.000
68.464036,,,0.000
68.475646,,,0.000
68.487256,,,0.000
68.498866,,,0.000
68.510476,,,0.000
68.522086,,,0.000
68.533696,,,0.000
68.545306,,,0.000
68.556916,,,0.000
68.568526,349.240,65.001,0.402
68.580136,322.332,63.613,0.663
68.591746,316.521,63.298,0.746
68.603356,315.057,63.217,0.797
68.614966,314.089,63.164,0.830
68.626576,312.897,63.098,0.854
68.638186,312.216,63.060,0.875
68.649796,311.579,63.025,0.893
68.661406,312.140,63.056,0.905
68.673016,312.959,63.102,0.902
68.684626,313.634,63.139,0.898
68.696236,313.877,63.152,0.891
68.707846,314.200,63.170,0.884
68.719456,314.089,63.164,0.880
68.731066,313.856,63.151,0.876
68.742676,313.316,63.121,0.871
68.754286,312.519,63.077,0.870
68.765896,312.033,63.050,0.872
68.777506,311.535,63.023,0.875
68.789116,311.167,63.002,0.878
68.800726,310.795,62.982,0.882
68.812336,310.517,62.966,0.888
68.823946,310.255,62.951,0.890
68.835556,310.091,62.942,0.890
68.847166,309.966,62.935,0.888
68.858776,309.862,62.929,0.884
68.870385,309.918,62.933,0.878
68.881995,309.974,62.936,0.873
68.893605,310.077,62.941,0.868
68.905215,310.238,62.950,0.859
68.916825,310.485,62.964,0.853
68.928435,310.765,62.980,0.851
68.940045,310.980,62.992,0.853
68.951655,311.089,62.998,0.855
68.963265,311.040,62.995,0.858
68.974875,310.915,62.988,0.863
68.986485,310.754,62.979,0.865
68.998095,310.599,62.971,0.869
69.009705,310.452,62.962,0.869
69.021315,310.258,62.952,0.868
69.032925,310.086,62.942,0.866
69.044535,309.998,62.937,0.866
69.056145,310.002,62.937,0.865
69.067755,310.003,62.937,0.852
69.079365,310.060,62.941,0.834
69.090975,310.050,62.940,0.812
69.102585,310.107,62.943,0.787
69.114195,310.358,62.957,0.759
69.125805,310.433,62.961,0.722
69.137415,309.100,62.887,0.715
69.149025,311.137,63.001,0.730
69.160635,844.678,80.291,0.790
69.172245,114.227,45.653,0.816
69.183855,132.747,48.254,0.827
69.195465,157.562,51.221,0.832
69.207075,401.114,67.398,0.867
69.218685,402.215,67.446,0.895
69.230295,403.964,67.521,0.909
69.241905,414.544,67.968,0.919
69.253515,412.957,67.902,0.912
69.265125,413.590,67.928,0.913
69.276735,413.937,67.943,0.918
69.288345,413.716,67.934,0.925
69.299955,414.433,67.964,0.914
69.311565,415.370,68.003,0.899
69.323175,416.030,68.030,0.882
69.334785,417.139,68.076,0.862
69.346395,418.541,68.134,0.857
69.358005,423.650,68.344,0.855
69.369615,450.868,69.422,0.850
69.381224,455.387,69.595,0.842
69.392834,458.398,69.709,0.838
69.404444,460.967,69.806,0.837
69.416054,464.541,69.940,0.840
69.427664,467.800,70.061,0.840
69.439274,470.500,70.160,0.839
69.450884,474.735,70.315,0.852
69.462494,473.062,70.254,0.872
69.474104,470.379,70.156,0.887
69.485714,468.362,70.081,0.897
69.497324,466.952,70.029,0.904
69.508934,466.074,69.997,0.899
69.520544,465.893,69.990,0.890
69.532154,464.984,69.956,0.880
69.543764,462.585,69.867,0.858
69.555374,461.278,69.818,0.826
69.566984,460.647,69.794,0.789
69.578594,460.253,69.779,0.739
69.590204,459.910,69.766,0.667
69.601814,460.053,69.772,0.634
69.613424,460.230,69.778,0.674
69.625034,460.937,69.805,0.715
69.636644,461.084,69.810,0.749
69.648254,460.624,69.793,0.775
69.659864,457.030,69.657,0.793
69.671474,452.906,69.501,0.807
69.683084,454.186,69.549,0.820
69.694694,457.056,69.658,0.850
69.706304,458.593,69.717,0.844
69.717914,459.655,69.757,0.832
69.729524,459.460,69.749,0.818
69.741134,414.231,67.955,0.821
69.752744,359.746,65.514,0.828
69.764354,319.841,63.478,0.832
69.775964,311.557,63.024,0.833
69.787574,311.566,63.024,0.809
69.799184,311.684,63.031,0.813
69.810794,311.666,63.030,0.816
69.822404,311.635,63.028,0.817
69.834014,311.156,63.002,0.798
69.845624,310.845,62.984,0.773
69.857234,310.568,62.969,0.755
69.868844,310.457,62.963,0.732
69.880454,310.492,62.965,0.708
69.892063,310.576,62.969,0.677
69.903673,310.574,62.969,0.646
69.915283,310.404,62.960,0.605
69.926893,310.050,62.940,0.557
69.938503,305.494,62.684,0.512
69.950113,321.245,63.554,0.585
69.961723,320.392,63.508,0.687
69.973333,319.702,63.471,0.732
69.984943,318.482,63.405,0.759
69.996553,317.604,63.357,0.779
70.008163,317.057,63.327,0.804
70.019773,315.862,63.261,0.827
70.031383,315.047,63.217,0.834
70.042993,314.163,63.168,0.822
70.054603,309.479,62.908,0.803
70.066213,302.669,62.523,0.806
70.077823,302.228,62.498,0.822
70.089433,149.960,50.365,0.849
70.101043,150.096,50.381,0.840
70.112653,380.139,66.468,0.844
70.124263,414.533,67.968,0.876
70.135873,414.328,67.959,0.897
70.147483,414.490,67.966,0.909
70.159093,416.046,68.031,0.914
70.170703,415.204,67.996,0.914
70.182313,414.260,67.956,0.906
70.193923,414.829,67.980,0.914
70.205533,415.664,68.015,0.913
70.217143,417.270,68.082,0.900
70.228753,418.106,68.116,0.892
70.240363,418.713,68.141,0.889
70.251973,419.456,68.172,0.883
70.263583,422.989,68.317,0.877
70.275193,429.566,68.585,0.878
70.286803,437.012,68.882,0.879
70.298413,444.296,69.168,0.879
70.310023,452.545,69.487,0.879
70.321633,458.473,69.712,0.879
70.333243,462.230,69.853,0.881
70.344853,464.124,69.924,0.883
70.356463,465.107,69.961,0.885
70.368073,464.798,69.949,0.885
70.379683,464.216,69.928,0.886
70.391293,463.999,69.919,0.891
70.402902,463.756,69.910,0.896
70.414512,463.898,69.916,0.901
70.426122,464.175,69.926,0.906
70.437732,464.686,69.945,0.912
70.449342,465.636,69.980,0.919
70.460952,465.951,69.992,0.925
70.472562,466.264,70.004,0.930
70.484172,466.190,70.001,0.933
70.495782,466.328,70.006,0.933
70.507392,466.518,70.013,0.934
70.519002,466.712,70.020,0.931
70.530612,466.944,70.029,0.929
70.542222,467.139,70.036,0.925
70.553832,467.343,70.044,0.919
70.565442,467.644,70.055,0.915
70.577052,467.698,70.057,0.908
70.588662,467.706,70.057,0.895
70.600272,467.789,70.060,0.877
70.611882,467.858,70.063,0.862
70.623492,469.094,70.108,0.851
70.635102,467.986,70.068,0.841
70.646712,468.257,70.078,0.832
70.658322,467.540,70.051,0.817
70.669932,104.991,44.193,0.808
70.681542,564.720,73.320,0.821
70.693152,408.727,67.724,0.838
70.704762,408.693,67.722,0.837
70.716372,408.719,67.723,0.829
70.727982,94.637,42.396,0.823
70.739592,393.183,67.052,0.819
70.751202,408.890,67.731,0.820
70.762812,408.990,67.735,0.820
70.774422,262.374,60.049,0.812
70.786032,158.493,51.323,0.798
70.797642,157.983,51.267,0.789
70.809252,261.956,60.022,0.780
70.820862,104.899,44.178,0.762
70.832472,156.812,51.138,0.737
70.844082,156.078,51.057,0.692
70.855692,155.291,50.970,0.631
70.867302,154.291,50.858,0.539
70.878912,293.751,62.005,0.350
70.890522,79.891,39.463,0.116
70.902132,156.120,51.062,0.011
70.913741,,,0.000
70.925351,,,0.000
70.936961,,,0.000
70.948571,,,0.000
70.960181,736.983,77.930,0.515
70.971791,777.137,78.848,0.588
70.983401,552.443,72.940,0.627
70.995011,550.949,72.893,0.689
71.006621,312.108,63.054,0.765
71.018231,312.066,63.052,0.802
71.029841,312.000,63.048,0.828
71.041451,311.676,63.031,0.847
71.053061,311.280,63.009,0.854
71.064671,310.798,62.982,0.861
71.076281,310.503,62.965,0.869
71.087891,309.949,62.934,0.869
71.099501,309.559,62.913,0.855
71.111111,309.392,62.903,0.844
71.122721,309.324,62.899,0.832
71.134331,309.475,62.908,0.820
71.145941,309.734,62.922,0.806
71.157551,310.053,62.940,0.794
71.169161,310.500,62.965,0.784
71.180771,310.943,62.990,0.781
71.192381,311.487,63.020,0.783
71.203991,311.889,63.042,0.787
71.215601,312.174,63.058,0.795
71.227211,312.912,63.099,0.804
71.238821,319.463,63.458,0.824
71.250431,335.850,64.324,0.840
71.262041,349.202,64.999,0.857
71.273651,398.633,67.291,0.876
71.285261,414.749,67.977,0.884
71.296871,427.361,68.495,0.891
71.308481,450.323,69.401,0.898
71.320091,456.522,69.638,0.903
71.331701,459.944,69.767,0.900
71.343311,461.841,69.839,0.898
71.354921,464.555,69.940,0.891
71.366531,467.153,70.037,0.879
71.378141,468.931,70.102,0.870
71.389751,470.644,70.166,0.865
71.401361,473.402,70.267,0.857
71.412971,478.455,70.451,0.855
71.424580,483.412,70.629,0.859
71.436190,486.687,70.746,0.864
71.447800,488.625,70.815,0.869
71.459410,491.231,70.907,0.872
71.471020,492.368,70.947,0.879
71.482630,492.484,70.951,0.882
71.494240,491.658,70.922,0.876
71.505850,491.086,70.902,0.885
71.517460,490.179,70.870,0.893
71.529070,489.556,70.848,0.897
71.540680,489.535,70.847,0.901
71.552290,489.666,70.852,0.903
71.563900,489.751,70.855,0.903
71.575510,490.227,70.871,0.906
71.587120,491.099,70.902,0.915
71.598730,491.420,70.913,0.910
71.610340,491.930,70.931,0.903
71.621950,492.252,70.943,0.900
71.633560,492.548,70.953,0.898
71.645170,492.634,70.956,0.900
71.656780,492.895,70.965,0.900
71.668390,493.162,70.975,0.898
71.680000,493.356,70.982,0.897
71.691610,493.467,70.985,0.897
71.703220,493.473,70.986,0.895
71.714830,492.802,70.962,0.892
71.726440,490.270,70.873,0.889
71.738050,488.633,70.815,0.881
71.749660,486.649,70.745,0.868
71.761270,480.690,70.531,0.867
71.772880,477.532,70.417,0.857
71.784490,473.797,70.281,0.853
71.796100,467.741,70.058,0.859
71.807710,456.983,69.656,0.863
71.819320,392.379,67.017,0.864
71.830930,196.638,55.056,0.866
71.842540,391.178,66.964,0.880
71.854150,389.724,66.899,0.884
71.865760,386.126,66.739,0.891
71.877370,345.416,64.810,0.892
71.888980,342.558,64.666,0.888
71.900590,342.044,64.640,0.882
71.912200,311.399,63.015,0.874
71.923810,310.926,62.989,0.864
71.935420,311.257,63.007,0.841
71.947029,311.216,63.005,0.813
71.958639,310.602,62.971,0.782
71.970249,309.740,62.923,0.745
71.981859,308.414,62.848,0.693
71.993469,307.329,62.787,0.637
72.005079,317.504,63.351,0.638
72.016689,316.946,63.321,0.694
72.028299,315.656,63.250,0.750
72.039909,314.972,63.213,0.782
72.051519,314.285,63.175,0.793
72.063129,314.192,63.170,0.804
72.074739,314.005,63.159,0.825
72.086349,313.735,63.145,0.853
72.097959,313.296,63.120,0.870
72.109569,313.097,63.109,0.877
72.121179,313.655,63.140,0.878
72.132789,317.072,63.328,0.884
72.144399,322.637,63.629,0.897
72.156009,331.009,64.072,0.907
72.167619,339.293,64.500,0.924
72.179229,417.079,68.074,0.934
72.190839,426.897,68.477,0.934
72.202449,432.188,68.690,0.934
72.214059,434.540,68.784,0.935
72.225669,436.271,68.853,0.934
72.237279,437.491,68.901,0.932
72.248889,438.485,68.940,0.930
72.260499,440.841,69.033,0.913
72.272109,444.021,69.157,0.893
72.283719,447.573,69.295,0.886
72.295329,451.190,69.435,0.880
72.306939,457.456,69.674,0.880
72.318549,465.045,69.958,0.883
72.330159,473.428,70.268,0.888
72.341769,480.642,70.530,0.893
72.353379,485.567,70.706,0.903
72.364989,488.766,70.820,0.910
72.376599,491.151,70.904,0.914
72.388209,493.006,70.969,0.919
72.399819,494.419,71.019,0.922
72.411429,494.637,71.026,0.922
72.423039,494.317,71.015,0.921
72.434649,493.771,70.996,0.921
72.446259,493.357,70.982,0.918
72.457868,493.274,70.979,0.913
72.469478,493.193,70.976,0.899
72.481088,493.083,70.972,0.879
72.492698,492.888,70.965,0.852
72.504308,492.681,70.958,0.823
72.515918,494.934,71.037,0.816
72.527528,497.925,71.141,0.787
72.539138,504.644,71.373,0.754
72.550748,504.763,71.377,0.770
72.562358,499.941,71.211,0.810
72.573968,496.724,71.099,0.848
72.585578,495.010,71.039,0.874
72.597188,493.839,70.998,0.893
72.608798,492.189,70.941,0.897
72.620408,491.528,70.917,0.909
72.632018,491.066,70.901,0.919
72.643628,491.077,70.901,0.919
72.655238,491.551,70.918,0.916
72.666848,492.010,70.934,0.914
72.678458,492.697,70.958,0.916
72.690068,493.152,70.974,0.921
72.701678,493.437,70.984,0.923
72.713288,493.188,70.976,0.923
72.724898,492.982,70.968,0.915
72.736508,492.817,70.963,0.900
72.748118,492.618,70.956,0.883
72.759728,492.112,70.938,0.858
72.771338,491.268,70.908,0.822
72.782948,489.992,70.863,0.769
72.794558,487.810,70.786,0.701
72.806168,482.676,70.603,0.589
72.817778,465.925,69.991,0.518
72.829388,462.061,69.847,0.538
72.840998,456.955,69.655,0.568
72.852608,765.164,78.579,0.599
72.864218,762.671,78.523,0.618
72.875828,761.536,78.497,0.632
72.887438,761.411,78.494,0.636
72.899048,762.122,78.510,0.630
72.910658,204.855,55.765,0.614
72.922268,204.714,55.753,0.587
72.933878,204.407,55.727,0.556
72.945488,205.135,55.789,0.508
72.957098,205.254,55.799,0.457
72.968707,250.019,59.214,0.382
72.980317,282.282,61.316,0.298
72.991927,249.148,59.154,0.224
73.003537,247.839,59.063,0.085
73.015147,247.929,59.069,0.014
73.026757,563.474,73.282,0.689
73.038367,444.808,69.188,0.759
73.049977,736.379,77.915,0.818
73.061587,735.922,77.905,0.828
73.073197,441.608,69.063,0.847
73.084807,315.378,63.235,0.862
73.096417,315.203,63.225,0.875
73.108027,315.007,63.215,0.886
73.119637,314.431,63.183,0.869
73.131247,313.707,63.143,0.856
73.142857,312.499,63.076,0.831
73.154467,312.275,63.064,0.836
73.166077,312.981,63.103,0.833
73.177687,314.301,63.176,0.833
73.189297,316.447,63.294,0.839
73.200907,326.367,63.828,0.846
73.212517,338.068,64.438,0.854
73.224127,341.336,64.604,0.862
73.235737,346.468,64.863,0.866
73.247347,348.541,64.966,0.868
73.258957,348.804,64.979,0.865
73.270567,349.227,65.000,0.853
73.282177,350.263,65.051,0.833
73.293787,351.101,65.093,0.807
73.305397,351.419,65.108,0.776
73.317007,352.452,65.159,0.773
73.328617,352.116,65.143,0.808
73.340227,352.077,65.141,0.830
73.351837,351.781,65.126,0.848
73.363447,351.431,65.109,0.869
73.375057,351.066,65.091,0.890
73.386667,350.693,65.072,0.908
73.398277,350.288,65.052,0.923
73.409887,349.569,65.017,0.924
73.421497,348.808,64.979,0.909
73.433107,347.897,64.934,0.892
73.444717,346.977,64.888,0.870
73.456327,345.946,64.836,0.846
73.467937,345.018,64.790,0.815
73.479546,344.465,64.762,0.772
73.491156,343.887,64.733,0.709
73.502766,343.200,64.699,0.617
73.514376,343.361,64.707,0.484
73.525986,113.717,45.575,0.260
73.537596,1002.273,83.252,0.486
73.549206,617.217,74.859,0.581
73.560816,624.038,75.050,0.592
73.572426,627.405,75.143,0.599
73.584036,630.043,75.215,0.616
73.595646,340.261,64.550,0.679
73.607256,343.034,64.690,0.733
73.618866,345.692,64.824,0.772
73.630476,346.644,64.871,0.794
73.642086,348.243,64.951,0.807
73.653696,348.708,64.974,0.827
73.665306,348.695,64.974,0.845
73.676916,348.894,64.983,0.860
73.688526,349.749,65.026,0.864
73.700136,350.160,65.046,0.861
73.711746,349.812,65.029,0.852
73.723356,349.209,64.999,0.845
73.734966,348.729,64.975,0.841
73.746576,348.540,64.966,0.837
73.758186,348.571,64.967,0.834
73.769796,348.666,64.972,0.832
73.781406,348.743,64.976,0.830
73.793016,348.942,64.986,0.833
73.804626,349.137,64.995,0.843
73.816236,349.226,65.000,0.849
73.827846,349.937,65.035,0.856
73.839456,351.603,65.117,0.865
73.851066,352.008,65.137,0.873
73.862676,351.316,65.103,0.880
73.874286,350.933,65.084,0.880
73.885896,350.556,65.066,0.877
73.897506,350.298,65.053,0.872
73.909116,350.175,65.047,0.866
73.920726,349.966,65.037,0.856
73.932336,349.474,65.012,0.842
73.943946,348.813,64.979,0.825
73.955556,348.209,64.949,0.805
73.967166,348.182,64.948,0.796
73.978776,348.327,64.955,0.792
73.990385,349.216,64.999,0.792
74.001995,349.971,65.037,0.795
74.013605,350.652,65.070,0.801
74.025215,350.459,65.061,0.808
74.036825,349.953,65.036,0.815
74.048435,349.142,64.996,0.819
74.060045,348.240,64.951,0.822
74.071655,347.193,64.899,0.822
74.083265,348.552,64.966,0.822
74.094875,351.234,65.099,0.832
74.106485,353.451,65.208,0.849
74.118095,353.196,65.196,0.863
74.129705,352.414,65.157,0.872
74.141315,351.922,65.133,0.879
74.152925,351.424,65.109,0.886
74.164535,351.133,65.094,0.892
74.176145,350.821,65.079,0.890
74.187755,350.306,65.053,0.880
74.199365,349.620,65.019,0.862
74.210975,348.911,64.984,0.844
74.222585,348.561,64.967,0.831
74.234195,348.247,64.951,0.824
74.245805,347.943,64.936,0.821
74.257415,348.358,64.957,0.821
74.269025,348.925,64.985,0.833
74.280635,349.311,65.004,0.846
74.292245,349.404,65.009,0.858
74.303855,349.235,65.000,0.867
74.315465,349.041,64.991,0.873
74.327075,348.952,64.986,0.874
74.338685,349.352,65.006,0.871
74.350295,350.807,65.078,0.873
74.361905,352.311,65.152,0.876
74.373515,351.153,65.095,0.876
74.385125,350.315,65.054,0.876
74.396735,349.566,65.017,0.876
74.408345,348.632,64.970,0.875
74.419955,347.815,64.930,0.877
74.431565,347.166,64.897,0.880
74.443175,346.908,64.885,0.881
74.454785,347.075,64.893,0.883
74.466395,348.577,64.968,0.891
74.478005,352.626,65.168,0.903
74.489615,358.586,65.458,0.914
74.501224,364.254,65.729,0.924
74.512834,366.011,65.813,0.928
74.524444,366.567,65.839,0.927
74.536054,367.342,65.875,0.921
74.547664,368.256,65.918,0.907
74.559274,368.619,65.936,0.887
74.570884,368.299,65.920,0.855
74.582494,367.039,65.861,0.812
74.594104,365.953,65.810,0.752
74.605714,361.706,65.608,0.711
74.617324,355.918,65.329,0.681
74.628934,356.848,65.374,0.695
74.640544,356.572,65.360,0.739
74.652154,355.264,65.297,0.784
74.663764,353.486,65.210,0.819
74.675374,351.611,65.118,0.845
74.686984,350.678,65.072,0.867
74.698594,349.589,65.018,0.881
74.710204,348.867,64.982,0.890
74.721814,347.856,64.932,0.888
74.733424,346.397,64.859,0.878
74.745034,345.552,64.817,0.859
74.756644,345.447,64.812,0.834
74.768254,345.825,64.830,0.805
74.779864,346.314,64.855,0.766
74.791474,346.745,64.876,0.701
74.803084,346.010,64.840,0.624
74.814694,365.471,65.787,0.599
74.826304,704.584,77.151,0.656
74.837914,701.838,77.084,0.717
74.849524,703.770,77.131,0.745
74.861134,458.089,69.697,0.777
74.872744,460.291,69.780,0.796
74.884354,460.133,69.775,0.801
74.895964,459.660,69.757,0.804
74.907574,356.280,65.346,0.836
74.919184,353.236,65.198,0.859
74.930794,339.479,64.510,0.881
74.942404,335.066,64.283,0.899
74.954014,333.177,64.185,0.908
74.965624,331.094,64.077,0.915
74.977234,328.922,63.963,0.926
74.988844,326.536,63.837,0.934
75.000454,322.829,63.639,0.928
75.012063,318.760,63.420,0.919
75.023673,314.961,63.212,0.905
75.035283,312.786,63.092,0.894
75.046893,311.656,63.029,0.887
75.058503,311.263,63.008,0.882
75.070113,310.995,62.993,0.879
75.081723,310.897,62.987,0.876
75.093333,310.922,62.989,0.873
75.104943,311.015,62.994,0.871
75.116553,311.227,63.006,0.870
75.128163,311.399,63.015,0.868
75.139773,311.522,63.022,0.865
75.151383,311.600,63.026,0.864
75.162993,311.734,63.034,0.862
75.174603,311.820,63.039,0.859
75.186213,311.823,63.039,0.855
75.197823,311.719,63.033,0.853
75.209433,311.586,63.026,0.850
75.221043,311.489,63.020,0.848
75.232653,311.374,63.014,0.848
75.244263,311.276,63.008,0.849
75.255873,311.120,63.000,0.848
75.267483,311.023,62.994,0.848
75.279093,311.028,62.995,0.849
75.290703,311.168,63.002,0.850
75.302313,311.291,63.009,0.851
75.313923,311.483,63.020,0.854
75.325533,311.636,63.028,0.857
75.337143,311.762,63.035,0.860
75.348753,311.857,63.041,0.862
75.360363,311.908,63.043,0.864
75.371973,311.930,63.045,0.866
75.383583,311.939,63.045,0.866
75.395193,311.955,63.046,0.866
75.406803,311.957,63.046,0.864
75.418413,311.959,63.046,0.863
75.430023,311.992,63.048,0.860
75.441633,312.064,63.052,0.861
75.453243,312.279,63.064,0.863
75.464853,312.501,63.076,0.867
75.476463,312.618,63.083,0.871
75.488073,312.698,63.087,0.875
75.499683,312.618,63.083,0.877
75.511293,312.503,63.076,0.877
75.522902,312.273,63.064,0.879
75.534512,311.804,63.038,0.880
75.546122,311.139,63.001,0.878
75.557732,310.455,62.963,0.875
75.569342,309.636,62.917,0.874
75.580952,308.744,62.867,0.869
75.592562,307.638,62.805,0.863
75.604172,306.799,62.757,0.858
75.615782,306.012,62.713,0.848
75.627392,306.088,62.717,0.844
75.639002,307.184,62.779,0.842
75.650612,309.160,62.890,0.840
75.662222,311.374,63.014,0.837
75.673832,313.233,63.117,0.837
75.685442,314.681,63.197,0.837
75.697052,315.044,63.217,0.839
75.708662,315.066,63.218,0.837
75.720272,315.096,63.219,0.829
75.731882,314.666,63.196,0.819
75.743492,313.913,63.154,0.807
75.755102,312.615,63.083,0.796
75.766712,311.818,63.038,0.787
75.778322,311.747,63.034,0.776
75.789932,313.095,63.109,0.776
75.801542,314.229,63.172,0.786
75.813152,314.417,63.182,0.799
75.824762,314.591,63.192,0.806
75.836372,314.473,63.185,0.810
75.847982,314.095,63.164,0.811
75.859592,313.111,63.110,0.807
75.871202,311.469,63.019,0.802
75.882812,309.865,62.930,0.788
75.894422,308.612,62.859,0.769
75.906032,307.897,62.819,0.743
75.917642,308.463,62.851,0.718
75.929252,154.391,50.869,0.700
75.940862,154.696,50.903,0.676
75.952472,155.010,50.938,0.661
75.964082,155.268,50.967,0.651
75.975692,155.240,50.964,0.643
75.987302,154.894,50.925,0.628
75.998912,155.242,50.964,0.610
76.010522,155.141,50.953,0.592
76.022132,104.457,44.105,0.556
76.033741,155.073,50.945,0.528
76.045351,155.656,51.010,0.478
76.056961,155.784,51.025,0.427
76.068571,155.535,50.997,0.381
76.080181,155.537,50.997,0.385
76.091791,318.365,63.398,0.575
76.103401,739.110,77.979,0.723
76.115011,229.547,57.735,0.828
76.126621,229.926,57.764,0.861
76.138231,229.664,57.744,0.877
76.149841,229.455,57.729,0.892
76.161451,244.168,58.804,0.901
76.173061,259.598,59.865,0.909
76.184671,259.583,59.864,0.917
76.196281,97.101,42.841,0.915
76.207891,287.975,61.661,0.894
76.219501,286.082,61.547,0.889
76.231111,284.302,61.439,0.894
76.242721,283.643,61.399,0.902
76.254331,283.639,61.399,0.913
76.265941,285.453,61.509,0.920
76.277551,284.481,61.450,0.919
76.289161,283.315,61.379,0.914
76.300771,286.155,61.552,0.908
76.312381,293.563,61.994,0.904
76.323991,300.510,62.399,0.898
76.335601,303.067,62.546,0.892
76.347211,309.362,62.902,0.882
76.358821,310.635,62.973,0.874
76.370431,311.082,62.998,0.867
76.382041,310.940,62.990,0.862
76.393651,310.461,62.963,0.852
76.405261,309.914,62.932,0.838
76.416871,308.682,62.863,0.830
76.428481,306.206,62.724,0.822
76.440091,305.290,62.672,0.825
76.451701,307.632,62.804,0.836
76.463311,309.791,62.925,0.843
76.474921,310.595,62.970,0.850
76.486531,310.934,62.989,0.861
76.498141,311.014,62.994,0.872
76.509751,311.004,62.993,0.878
76.521361,311.053,62.996,0.879
76.532971,311.072,62.997,0.875
76.544580,310.986,62.992,0.869
76.556190,310.868,62.986,0.865
76.567800,310.777,62.981,0.865
76.579410,310.691,62.976,0.865
76.591020,310.723,62.977,0.863
76.602630,310.689,62.976,0.858
76.614240,310.702,62.976,0.848
76.625850,310.732,62.978,0.847
76.637460,310.812,62.982,0.847
76.649070,310.893,62.987,0.846
76.660680,311.180,63.003,0.839
76.672290,312.204,63.060,0.843
76.683900,340.455,64.560,0.851
76.695510,347.395,64.909,0.858
76.707120,349.839,65.030,0.871
76.718730,351.341,65.104,0.879
76.730340,351.010,65.088,0.884
76.741950,350.468,65.061,0.884
76.753560,350.167,65.046,0.885
76.765170,350.623,65.069,0.881
76.776780,350.338,65.055,0.879
76.788390,349.655,65.021,0.882
76.800000,348.040,64.941,0.886
76.811610,346.533,64.866,0.894
76.823220,346.620,64.870,0.898
76.834830,347.335,64.906,0.898
76.846440,347.628,64.921,0.893
76.858050,348.651,64.971,0.884
76.869660,340.157,64.544,0.877
76.881270,336.084,64.336,0.872
76.892880,355.253,65.296,0.869
76.904490,355.191,65.293,0.858
76.916100,312.962,63.102,0.853
76.927710,851.629,80.433,0.856
76.939320,285.648,61.521,0.868
76.950930,346.785,64.878,0.882
76.962540,347.450,64.912,0.889
76.974150,348.034,64.941,0.890
76.985760,347.034,64.891,0.886
76.997370,348.742,64.976,0.884
77.008980,349.212,64.999,0.883
77.020590,349.573,65.017,0.885
77.032200,349.537,65.015,0.886
77.043810,349.414,65.009,0.885
77.055420,349.176,64.997,0.887
77.067029,348.797,64.979,0.889
77.078639,348.714,64.974,0.892
77.090249,348.801,64.979,0.891
77.101859,349.031,64.990,0.888
77.113469,349.708,65.024,0.884
77.125079,351.176,65.096,0.883
77.136689,353.421,65.207,0.887
77.148299,356.072,65.336,0.884
77.159909,359.527,65.503,0.884
77.171519,362.912,65.665,0.886
77.183129,365.482,65.788,0.891
77.194739,366.747,65.847,0.895
77.206349,367.497,65.883,0.896
77.217959,368.034,65.908,0.895
77.229569,368.434,65.927,0.889
77.241179,368.281,65.920,0.887
77.252789,368.105,65.911,0.881
77.264399,368.003,65.907,0.872
77.276009,367.830,65.898,0.855
77.287619,367.742,65.894,0.837
77.299229,367.654,65.890,0.823
77.310839,367.605,65.888,0.807
77.322449,367.665,65.891,0.791
77.334059,367.929,65.903,0.778
77.345669,368.117,65.912,0.770
77.357279,368.301,65.921,0.764
77.368889,368.211,65.916,0.772
77.380499,367.928,65.903,0.787
77.392109,367.435,65.880,0.804
77.403719,366.584,65.840,0.817
77.415329,365.170,65.773,0.826
77.426939,362.591,65.650,0.829
77.438549,359.696,65.511,0.825
77.450159,358.247,65.441,0.820
77.461769,355.347,65.301,0.827
77.473379,353.038,65.188,0.843
77.484989,352.279,65.151,0.850
77.496599,351.495,65.112,0.851
77.508209,350.639,65.070,0.853
77.519819,349.442,65.011,0.861
77.531429,347.825,64.930,0.876
77.543039,347.113,64.895,0.884
77.554649,345.921,64.835,0.881
77.566259,344.337,64.756,0.867
77.577868,342.856,64.681,0.859
77.589478,341.522,64.614,0.855
77.601088,340.273,64.550,0.851
77.612698,338.878,64.479,0.850
77.624308,341.144,64.595,0.848
77.635918,349.782,65.027,0.854
77.647528,350.799,65.078,0.862
77.659138,350.696,65.073,0.872
77.670748,350.529,65.064,0.880
77.682358,350.166,65.046,0.889
77.693968,349.588,65.018,0.897
77.705578,348.907,64.984,0.902
77.717188,348.209,64.949,0.903
77.728798,347.851,64.932,0.905
77.740408,348.985,64.988,0.906
77.752018,352.397,65.156,0.907
77.763628,353.172,65.194,0.905
77.775238,352.824,65.177,0.905
77.786848,352.094,65.141,0.904
77.798458,351.291,65.102,0.904
77.810068,350.541,65.065,0.904
77.821678,349.885,65.033,0.904
77.833288,349.225,65.000,0.903
77.844898,348.629,64.970,0.901
77.856508,348.349,64.956,0.900
77.868118,348.535,64.966,0.897
77.879728,349.263,65.002,0.896
77.891338,350.922,65.084,0.900
77.902948,353.415,65.206,0.900
77.914558,358.076,65.433,0.900
77.926168,363.732,65.704,0.904
77.937778,367.030,65.861,0.905
77.949388,368.595,65.934,0.906
77.960998,369.559,65.980,0.909
77.972608,370.474,66.022,0.909
77.984218,371.388,66.065,0.902
77.995828,371.194,66.056,0.898
78.007438,370.161,66.008,0.896
78.019048,369.181,65.962,0.891
78.030658,368.413,65.926,0.888
78.042268,367.850,65.899,0.888
78.053878,367.400,65.878,0.887
78.065488,367.312,65.874,0.889
78.077098,367.280,65.873,0.892
78.088707,367.449,65.880,0.895
78.100317,367.708,65.893,0.895
78.111927,367.809,65.897,0.897
78.123537,367.927,65.903,0.900
78.135147,367.876,65.901,0.902
78.146757,367.694,65.892,0.899
78.158367,367.566,65.886,0.886
78.169977,367.420,65.879,0.871
78.181587,367.105,65.864,0.853
78.193197,366.661,65.843,0.835
78.204807,366.073,65.816,0.808
78.216417,365.276,65.778,0.770
78.228027,363.585,65.697,0.724
78.239637,373.651,66.170,0.722
78.251247,376.387,66.297,0.777
78.262857,375.603,66.260,0.814
78.274467,374.887,66.227,0.842
78.286077,374.290,66.200,0.863
78.297687,373.968,66.185,0.881
78.309297,373.598,66.168,0.901
78.320907,373.262,66.152,0.913
78.332517,372.721,66.127,0.918
78.344127,371.966,66.092,0.913
78.355737,371.076,66.051,0.905
78.367347,370.267,66.013,0.887
78.378957,369.729,65.988,0.867
78.390567,369.308,65.968,0.845
78.402177,368.908,65.949,0.813
78.413787,368.719,65.940,0.772
78.425397,368.402,65.925,0.706
78.437007,367.459,65.881,0.598
78.448617,367.009,65.860,0.378
78.460227,368.197,65.916,0.258
78.471837,758.399,78.425,0.406
78.483447,762.556,78.520,0.450
78.495057,329.906,64.015,0.556
78.506667,331.369,64.091,0.675
78.518277,341.171,64.596,0.748
78.529887,347.787,64.928,0.792
78.541497,350.279,65.052,0.826
78.553107,350.999,65.088,0.853
78.564717,350.571,65.066,0.874
78.576327,350.015,65.039,0.894
78.587937,349.536,65.015,0.907
78.599546,349.412,65.009,0.910
78.611156,349.162,64.997,0.905
78.622766,348.655,64.972,0.903
78.634376,348.037,64.941,0.903
78.645986,347.663,64.922,0.903
78.657596,347.634,64.921,0.902
78.669206,347.871,64.933,0.899
78.680816,348.330,64.955,0.894
78.692426,349.073,64.992,0.891
78.704036,349.243,65.001,0.883
78.715646,349.340,65.006,0.870
78.727256,349.531,65.015,0.848
78.738866,349.789,65.028,0.821
78.750476,350.093,65.043,0.794
78.762086,350.783,65.077,0.805
78.773696,381.954,66.551,0.822
78.785306,383.874,66.638,0.839
78.796916,382.613,66.581,0.872
78.808526,380.659,66.492,0.896
78.820136,379.626,66.445,0.909
78.831746,378.083,66.374,0.924
78.843356,376.394,66.297,0.933
78.854966,369.879,65.995,0.929
78.866576,367.588,65.887,0.925
78.878186,366.710,65.846,0.918
78.889796,365.506,65.789,0.905
78.901406,365.649,65.795,0.896
78.913016,368.090,65.911,0.898
78.924626,370.604,66.029,0.895
78.936236,371.390,66.065,0.897
78.947846,371.937,66.091,0.900
78.959456,371.952,66.091,0.903
78.971066,371.247,66.059,0.902
78.982676,370.470,66.022,0.894
78.994286,369.714,65.987,0.892
79.005896,369.274,65.966,0.891
79.017506,370.325,66.015,0.895
79.029116,371.511,66.071,0.904
79.040726,373.032,66.142,0.916
79.052336,375.208,66.242,0.929
79.063946,377.415,66.344,0.942
79.075556,379.412,66.435,0.957
79.087166,381.567,66.533,0.964
79.098776,385.353,66.704,0.974
79.110385,387.863,66.817,0.978
79.121995,389.636,66.895,0.978
79.133605,798.472,79.317,0.977
79.145215,406.426,67.626,0.970
79.156825,409.486,67.756,0.959
79.168435,412.040,67.863,0.942
79.180045,414.296,67.958,0.923
79.191655,416.997,68.070,0.893
79.203265,417.766,68.102,0.861
79.214875,417.475,68.090,0.818
79.226485,416.393,68.045,0.745
79.238095,413.777,67.936,0.617
79.249705,407.710,67.680,0.217
79.261315,323.385,63.669,0.148
79.272925,1002.273,83.252,0.455
79.284535,425.927,68.437,0.653
79.296145,418.911,68.150,0.794
79.307755,418.697,68.141,0.851
79.319365,418.437,68.130,0.892
79.330975,418.120,68.117,0.924
79.342585,417.688,68.099,0.947
79.354195,417.368,68.086,0.968
79.365805,417.101,68.075,0.984
79.377415,416.543,68.052,0.990
79.389025,416.149,68.035,0.983
79.400635,415.471,68.007,0.971
79.412245,414.971,67.986,0.952
79.423855,414.507,67.967,0.928
79.435465,414.110,67.950,0.900
79.447075,413.439,67.922,0.862
79.458685,412.646,67.889,0.807
79.470295,410.786,67.811,0.732
79.481905,406.509,67.629,0.594
79.493515,408.565,67.717,0.386
79.505125,209.596,56.161,0.200
79.516735,836.081,80.114,0.507
79.528345,307.247,62.783,0.617
79.539955,413.471,67.923,0.729
79.551565,421.893,68.272,0.792
79.563175,422.304,68.289,0.832
79.574785,419.282,68.165,0.864
79.586395,417.663,68.098,0.881
79.598005,416.298,68.041,0.897
79.609615,415.087,67.991,0.905
79.621224,415.350,68.002,0.907
79.632834,415.528,68.009,0.896
79.644444,414.044,67.947,0.882
79.656054,411.647,67.847,0.868
79.667664,412.005,67.862,0.853
79.679274,413.960,67.944,0.851
79.690884,416.173,68.036,0.849
79.702494,417.741,68.101,0.852
79.714104,417.652,68.098,0.860
79.725714,416.255,68.040,0.856
79.737324,413.909,67.942,0.846
79.748934,409.931,67.775,0.836
79.760544,407.847,67.686,0.833
79.772154,385.819,66.725,0.831
79.783764,384.211,66.653,0.824
79.795374,380.592,66.489,0.821
79.806984,375.513,66.256,0.837
79.818594,373.798,66.177,0.871
79.830204,372.545,66.119,0.904
79.841814,371.814,66.085,0.927
79.853424,370.441,66.021,0.937
79.865034,370.118,66.006,0.944
79.876644,370.245,66.012,0.952
79.888254,370.163,66.008,0.950
79.899864,369.744,65.988,0.935
79.911474,369.601,65.982,0.912
79.923084,369.469,65.975,0.881
79.934694,369.646,65.984,0.842
79.946304,369.793,65.991,0.802
79.957914,369.796,65.991,0.745
79.969524,368.661,65.937,0.637
79.981134,367.127,65.865,0.459
79.992744,367.650,65.890,0.252
80.004354,781.073,78.935,0.350
80.015964,373.760,66.175,0.698
80.027574,563.448,73.281,0.725
80.039184,372.189,66.102,0.753
80.050794,337.624,64.415,0.796
80.062404,344.857,64.782,0.830
80.074014,364.718,65.751,0.866
80.085624,370.482,66.023,0.897
80.097234,372.511,66.117,0.923
80.108844,373.539,66.165,0.926
80.120454,372.680,66.125,0.938
80.132063,371.611,66.075,0.949
80.143673,370.116,66.006,0.952
80.155283,370.746,66.035,0.952
80.166893,371.660,66.078,0.950
80.178503,372.248,66.105,0.948
80.190113,371.745,66.082,0.942
80.201723,762.526,78.519,0.943
80.213333,770.086,78.690,0.946
80.224943,781.544,78.946,0.948
80.236553,791.561,79.166,0.952
80.248163,412.199,67.870,0.958
80.259773,413.764,67.936,0.961
80.271383,414.947,67.985,0.961
80.282993,415.721,68.017,0.963
80.294603,416.156,68.035,0.962
80.306213,416.110,68.034,0.960
80.317823,415.864,68.023,0.958
80.329433,415.519,68.009,0.957
80.341043,415.158,67.994,0.956
80.352653,414.960,67.986,0.955
80.364263,415.244,67.997,0.956
80.375873,415.914,68.025,0.950
80.387483,416.489,68.049,0.940
80.399093,416.802,68.062,0.926
80.410703,416.436,68.047,0.916
80.422313,416.348,68.043,0.908
80.433923,415.435,68.005,0.900
80.445533,414.756,67.977,0.880
80.457143,412.066,67.864,0.852
80.468753,777.114,78.847,0.826
80.480363,99.717,43.301,0.808
80.491973,99.694,43.297,0.796
80.503583,769.146,78.669,0.769
80.515193,92.473,41.995,0.711
80.526803,81.721,39.855,0.610
80.538413,755.064,78.349,0.489
80.550023,753.254,78.308,0.355
80.561633,104.105,44.046,0.214
80.573243,755.411,78.357,0.125
80.584853,418.065,68.115,0.116
80.596463,753.592,78.315,0.182
80.608073,734.457,77.870,0.268
80.619683,755.873,78.368,0.349
80.631293,746.518,78.152,0.422
80.642902,743.790,78.089,0.487
80.654512,740.032,78.001,0.533
80.666122,741.572,78.037,0.557
80.677732,743.125,78.073,0.585
80.689342,744.340,78.101,0.591
80.700952,745.921,78.138,0.591
80.712562,745.470,78.128,0.584
80.724172,747.546,78.176,0.569
80.735782,749.964,78.232,0.542
80.747392,754.909,78.346,0.503
80.759002,759.453,78.449,0.467
80.770612,779.850,78.908,0.383
80.782222,103.921,44.016,0.367
80.793832,412.241,67.872,0.665
80.805442,410.533,67.800,0.749
80.817052,403.605,67.505,0.820
80.828662,404.133,67.528,0.852
80.840272,405.878,67.603,0.872
80.851882,407.266,67.662,0.888
80.863492,408.069,67.696,0.900
80.875102,408.899,67.731,0.913
80.886712,409.054,67.737,0.910
80.898322,410.301,67.790,0.906
80.909932,411.974,67.861,0.892
80.921542,413.218,67.913,0.887
80.933152,413.602,67.929,0.887
80.944762,413.631,67.930,0.890
80.956372,413.540,67.926,0.894
80.967982,413.559,67.927,0.895
80.979592,413.730,67.934,0.896
80.991202,413.873,67.940,0.898
81.002812,413.980,67.945,0.902
81.014422,414.395,67.962,0.905
81.026032,415.075,67.990,0.905
81.037642,416.176,68.036,0.904
81.049252,419.118,68.158,0.910
81.060862,422.817,68.310,0.914
81.072472,426.862,68.475,0.923
81.084082,431.500,68.662,0.929
81.095692,437.963,68.920,0.935
81.107302,442.872,69.113,0.939
81.118912,446.373,69.249,0.940
81.130522,447.679,69.300,0.937
81.142132,450.779,69.419,0.935
81.153741,453.373,69.518,0.932
81.165351,456.443,69.635,0.925
81.176961,458.178,69.701,0.909
81.188571,460.066,69.772,0.886
81.200181,461.201,69.815,0.870
81.211791,462.992,69.882,0.854
81.223401,463.578,69.904,0.847
81.235011,478.263,70.444,0.824
81.246621,237.350,58.314,0.799
81.258231,225.219,57.406,0.767
81.269841,225.198,57.404,0.760
81.281451,225.246,57.408,0.769
81.293061,100.195,43.384,0.770
81.304671,183.870,53.894,0.772
81.316281,183.805,53.888,0.764
81.327891,459.021,69.733,0.775
81.339501,414.795,67.979,0.808
81.351111,416.334,68.043,0.839
81.362721,419.139,68.159,0.874
81.374331,430.852,68.636,0.900
81.385941,430.940,68.640,0.915
81.397551,432.355,68.697,0.927
81.409161,434.212,68.771,0.942
81.420771,435.866,68.837,0.950
81.432381,437.418,68.898,0.951
81.443991,438.648,68.947,0.952
81.455601,439.397,68.976,0.946
81.467211,439.934,68.997,0.938
81.478821,440.267,69.010,0.931
81.490431,440.373,69.015,0.928
81.502041,440.287,69.011,0.922
81.513651,440.215,69.008,0.911
81.525261,440.123,69.005,0.895
81.536871,440.070,69.003,0.872
81.548481,440.075,69.003,0.847
81.560091,440.050,69.002,0.820
81.571701,439.865,68.995,0.794
81.583311,442.980,69.117,0.776
81.594921,460.422,69.785,0.773
81.606531,467.066,70.033,0.797
81.618141,468.242,70.077,0.818
81.629751,468.468,70.085,0.844
81.641361,467.894,70.064,0.870
81.652971,467.133,70.036,0.888
81.664580,466.417,70.009,0.900
81.676190,465.881,69.989,0.905
81.687800,465.306,69.968,0.894
81.699410,462.790,69.874,0.877
81.711020,460.458,69.787,0.866
81.722630,458.932,69.729,0.850
81.734240,458.030,69.695,0.829
81.745850,457.498,69.675,0.809
81.757460,461.358,69.821,0.790
81.769070,471.463,70.196,0.768
81.780680,471.219,70.187,0.779
81.792290,470.763,70.170,0.790
81.803900,470.707,70.168,0.798
81.815510,469.673,70.130,0.807
81.827120,467.822,70.061,0.813
81.838730,459.777,69.761,0.818
81.850340,441.093,69.043,0.843
81.861950,437.649,68.907,0.857
81.873560,437.463,68.900,0.877
81.885170,438.300,68.933,0.895
81.896780,438.835,68.954,0.905
81.908390,439.250,68.970,0.912
81.920000,439.707,68.988,0.917
81.931610,440.146,69.006,0.925
81.943220,440.462,69.018,0.924
81.954830,440.600,69.024,0.929
81.966440,440.616,69.024,0.927
81.978050,440.423,69.017,0.923
81.989660,440.267,69.011,0.923
82.001270,440.219,69.009,0.924
82.012880,440.181,69.007,0.928
82.024490,439.815,68.993,0.926
82.036100,439.697,68.988,0.910
82.047710,439.855,68.994,0.889
82.059320,440.063,69.002,0.867
82.070930,440.301,69.012,0.841
82.082540,440.255,69.010,0.810
82.094150,439.811,68.993,0.767
82.105760,437.836,68.915,0.787
82.117370,446.845,69.267,0.825
82.128980,450.427,69.405,0.858
82.140590,452.200,69.474,0.883
82.152200,455.101,69.584,0.906
82.163810,457.021,69.657,0.923
82.175420,458.051,69.696,0.940
82.187029,458.842,69.726,0.958
82.198639,460.314,69.781,0.957
82.210249,463.328,69.894,0.951
82.221859,465.083,69.960,0.954
82.233469,466.200,70.001,0.956
82.245079,465.972,69.993,0.957
82.256689,465.306,69.968,0.960
82.268299,464.660,69.944,0.964
82.279909,464.481,69.937,0.965
82.291519,464.759,69.948,0.965
82.303129,465.210,69.965,0.966
82.314739,465.526,69.976,0.967
82.326349,465.307,69.968,0.966
82.337959,464.232,69.928,0.963
82.349569,463.877,69.915,0.958
82.361179,463.857,69.914,0.946
82.372789,464.079,69.922,0.934
82.384399,463.558,69.903,0.918
82.396009,462.377,69.859,0.899
82.407619,460.717,69.797,0.886
82.419229,460.461,69.787,0.873
82.430839,1002.273,83.252,0.879
82.442449,345.065,64.792,0.884
82.454059,345.807,64.830,0.894
82.465669,346.654,64.872,0.902
82.477279,347.457,64.912,0.912
82.488889,347.966,64.937,0.920
82.500499,348.102,64.944,0.922
82.512109,348.407,64.959,0.929
82.523719,348.969,64.987,0.924
82.535329,349.357,65.006,0.921
82.546939,349.321,65.005,0.921
82.558549,349.142,64.996,0.922
82.570159,348.931,64.985,0.923
82.581769,348.883,64.983,0.922
82.593379,348.908,64.984,0.922
82.604989,348.954,64.986,0.919
82.616599,349.001,64.989,0.917
82.628209,349.023,64.990,0.909
82.639819,349.120,64.995,0.894
82.651429,349.184,64.998,0.877
82.663039,349.345,65.006,0.859
82.674649,349.522,65.015,0.839
82.686259,349.985,65.037,0.820
82.697868,350.622,65.069,0.799
82.709478,351.469,65.111,0.777
82.721088,351.728,65.124,0.772
82.732698,351.318,65.103,0.784
82.744308,350.810,65.078,0.796
82.755918,350.417,65.059,0.805
82.767528,350.117,65.044,0.813
82.779138,349.658,65.021,0.820
82.790748,349.107,64.994,0.829
82.802358,348.371,64.957,0.837
82.813968,347.592,64.919,0.841
82.825578,346.783,64.878,0.838
82.837188,346.218,64.850,0.827
82.848798,345.681,64.823,0.814
82.860408,345.150,64.797,0.796
82.872018,344.474,64.763,0.779
82.883628,410.544,67.800,0.813
82.895238,416.607,68.054,0.852
82.906848,419.937,68.192,0.892
82.918458,422.015,68.277,0.920
82.930068,422.475,68.296,0.939
82.941678,422.268,68.288,0.953
82.953288,422.004,68.277,0.967
82.964898,422.022,68.278,0.984
82.976508,422.503,68.297,0.988
82.988118,422.311,68.290,0.985
82.999728,420.811,68.228,0.978
83.011338,418.761,68.143,0.973
83.022948,417.319,68.084,0.972
83.034558,416.453,68.048,0.973
83.046168,415.850,68.023,0.974
83.057778,415.527,68.009,0.969
83.069388,415.558,68.011,0.963
83.080998,415.883,68.024,0.960
83.092608,416.403,68.046,0.958
83.104218,416.846,68.064,0.956
83.115828,417.225,68.080,0.954
83.127438,417.872,68.107,0.953
83.139048,418.489,68.132,0.950
83.150658,418.857,68.147,0.947
83.162268,419.208,68.162,0.943
83.173878,419.539,68.176,0.939
83.185488,419.715,68.183,0.932
83.197098,419.926,68.192,0.926
83.208707,419.933,68.192,0.924
83.220317,419.808,68.187,0.921
83.231927,419.466,68.173,0.918
83.243537,419.563,68.177,0.918
83.255147,419.819,68.187,0.920
83.266757,420.170,68.202,0.921
83.278367,420.890,68.231,0.924
83.289977,421.545,68.258,0.927
83.301587,422.319,68.290,0.928
83.313197,423.110,68.322,0.928
83.324807,423.866,68.353,0.934
83.336417,424.509,68.380,0.937
83.348027,425.328,68.413,0.940
83.359637,426.212,68.449,0.942
83.371247,426.717,68.469,0.942
83.382857,427.704,68.509,0.947
83.394467,428.382,68.537,0.953
83.406077,429.013,68.562,0.956
83.417687,429.825,68.595,0.954
83.429297,430.502,68.622,0.951
83.440907,431.150,68.648,0.948
83.452517,431.594,68.666,0.944
83.464127,432.191,68.690,0.944
83.475737,432.636,68.708,0.939
83.487347,433.306,68.735,0.931
83.498957,434.150,68.768,0.928
83.510567,435.111,68.807,0.929
83.522177,435.882,68.837,0.932
83.533787,436.565,68.864,0.936
83.545397,437.028,68.883,0.942
83.557007,437.426,68.898,0.942
83.568617,438.025,68.922,0.944
83.580227,438.330,68.934,0.950
83.591837,438.556,68.943,0.952
83.603447,438.867,68.955,0.953
83.615057,439.127,68.966,0.955
83.626667,439.384,68.976,0.957
83.638277,439.669,68.987,0.958
83.649887,439.903,68.996,0.959
83.661497,440.288,69.011,0.958
83.673107,440.850,69.033,0.953
83.684717,441.410,69.055,0.947
83.696327,442.175,69.085,0.942
83.707937,442.995,69.117,0.937
83.719546,444.018,69.157,0.934
83.731156,444.982,69.195,0.933
83.742766,445.698,69.223,0.934
83.754376,446.241,69.244,0.934
83.765986,446.439,69.252,0.937
83.777596,446.573,69.257,0.942
83.789206,446.612,69.258,0.944
83.800816,446.897,69.269,0.946
83.812426,447.341,69.286,0.946
83.824036,447.876,69.307,0.946
83.835646,448.549,69.333,0.945
83.847256,449.034,69.352,0.946
83.858866,449.593,69.373,0.947
83.870476,450.264,69.399,0.951
83.882086,450.916,69.424,0.956
83.893696,451.460,69.445,0.959
83.905306,451.957,69.464,0.959
83.916916,452.645,69.491,0.958
83.928526,453.316,69.516,0.955
83.940136,454.265,69.552,0.951
83.951746,455.456,69.598,0.949
83.963356,456.496,69.637,0.946
83.974966,457.902,69.690,0.941
83.986576,459.015,69.732,0.939
83.998186,459.947,69.768,0.937
84.009796,460.641,69.794,0.937
84.021406,461.032,69.808,0.940
84.033016,461.302,69.818,0.944
84.044626,461.690,69.833,0.949
84.056236,461.919,69.842,0.952
84.067846,461.975,69.844,0.955
84.079456,462.205,69.852,0.957
84.091066,462.478,69.863,0.959
84.102676,462.863,69.877,0.962
84.114286,463.337,69.895,0.963
84.125896,463.583,69.904,0.965
84.137506,464.056,69.922,0.966
84.149116,464.407,69.935,0.967
84.160726,464.562,69.940,0.969
84.172336,464.661,69.944,0.968
84.183946,464.583,69.941,0.967
84.195556,464.360,69.933,0.966
84.207166,463.966,69.918,0.963
84.218776,463.585,69.904,0.960
84.230385,462.974,69.881,0.955
84.241995,462.627,69.868,0.949
84.253605,462.513,69.864,0.944
84.265215,462.621,69.868,0.939
84.276825,462.871,69.877,0.934
84.288435,463.402,69.897,0.931
84.300045,464.130,69.924,0.929
84.311655,464.934,69.954,0.930
84.323265,465.468,69.974,0.930
84.334875,465.320,69.969,0.931
84.346485,464.723,69.946,0.932
84.358095,463.843,69.914,0.937
84.369705,462.571,69.866,0.946
84.381315,460.909,69.804,0.954
84.392925,459.557,69.753,0.961
84.404535,458.643,69.718,0.967
84.416145,458.159,69.700,0.971
84.427755,458.062,69.696,0.972
84.439365,458.530,69.714,0.969
84.450975,459.375,69.746,0.966
84.462585,460.523,69.789,0.961
84.474195,462.174,69.851,0.954
84.485805,463.417,69.898,0.947
84.497415,463.957,69.918,0.938
84.509025,464.018,69.920,0.930
84.520635,463.592,69.904,0.928
84.532245,462.654,69.869,0.928
84.543855,461.494,69.826,0.924
84.555465,460.559,69.791,0.918
84.567075,459.824,69.763,0.914
84.578685,459.477,69.750,0.916
84.590295,459.678,69.757,0.917
84.601905,460.529,69.789,0.920
84.613515,461.928,69.842,0.926
84.625125,463.730,69.909,0.931
84.636735,465.684,69.982,0.938
84.648345,466.814,70.024,0.945
84.659955,467.197,70.038,0.950
84.671565,467.147,70.036,0.950
84.683175,466.676,70.019,0.949
84.694785,465.761,69.985,0.947
84.706395,464.631,69.943,0.940
84.718005,463.408,69.897,0.931
84.729615,461.990,69.844,0.925
84.741224,461.061,69.809,0.918
84.752834,460.669,69.795,0.911
84.764444,461.391,69.822,0.907
84.776054,463.116,69.886,0.905
84.787664,465.838,69.988,0.907
84.799274,467.731,70.058,0.907
84.810884,468.800,70.098,0.910
84.822494,469.255,70.114,0.912
84.834104,469.142,70.110,0.920
84.845714,468.362,70.081,0.931
84.857324,467.369,70.045,0.937
84.868934,466.070,69.997,0.943
84.880544,464.803,69.949,0.947
84.892154,463.891,69.915,0.954
84.903764,463.351,69.895,0.959
84.915374,463.488,69.900,0.961
84.926984,464.192,69.927,0.960
84.938594,465.217,69.965,0.954
84.950204,466.318,70.006,0.947
84.961814,467.134,70.036,0.939
84.973424,467.502,70.050,0.930
84.985034,467.289,70.042,0.920
84.996644,466.944,70.029,0.907
85.008254,466.177,70.000,0.891
85.019864,465.806,69.987,0.877
85.031474,231.477,57.880,0.859
85.043084,230.779,57.828,0.842
85.054694,229.955,57.766,0.822
85.066304,229.623,57.741,0.802
85.077914,229.812,57.755,0.782
85.089524,585.116,73.935,0.776
85.101134,593.296,74.175,0.790
85.112744,597.283,74.291,0.794
85.124354,597.508,74.297,0.796
85.135964,597.280,74.291,0.796
85.147574,597.778,74.305,0.788
85.159184,598.526,74.327,0.778
85.170794,794.127,79.222,0.762
85.182404,795.793,79.259,0.734
85.194014,781.206,78.938,0.673
85.205624,153.219,50.737,0.584
85.217234,84.897,40.515,0.506
85.228844,455.657,69.605,0.352
85.240454,462.305,69.856,0.251
85.252063,461.435,69.824,0.190
85.263673,461.221,69.815,0.171
85.275283,461.833,69.838,0.144
85.286893,461.986,69.844,0.122
85.298503,461.942,69.842,0.122
85.310113,462.708,69.871,0.132
85.321723,463.291,69.893,0.136
85.333333,463.841,69.914,0.130
85.344943,464.156,69.925,0.121
85.356553,463.766,69.911,0.145
85.368163,463.050,69.884,0.171
85.379773,462.360,69.858,0.190
85.391383,462.074,69.847,0.206
85.402993,461.651,69.832,0.202
85.414603,461.020,69.808,0.193
85.426213,460.566,69.791,0.184
85.437823,460.713,69.796,0.172
85.449433,460.738,69.797,0.145
85.461043,461.140,69.812,0.112
85.472653,462.351,69.858,0.074
85.484263,462.458,69.862,0.026
85.495873,462.440,69.861,0.014
85.507483,462.524,69.864,0.021
85.519093,462.520,69.864,0.014
85.530703,461.572,69.829,0.005
85.542313,461.805,69.837,0.001
85.553923,,,0.000
85.565533,,,0.000
85.577143,,,0.000
85.588753,,,0.000
85.600363,,,0.000
85.611973,,,0.000
85.623583,,,0.000
85.635193,,,0.000
85.646803,,,0.000
85.658413,,,0.000
85.670023,,,0.000
85.681633,,,0.000
85.693243,928.733,81.933,0.003
85.704853,927.484,81.910,0.012
85.716463,926.581,81.893,0.008
85.728073,925.618,81.875,0.005
85.739683,925.161,81.866,0.003
85.751293,,,0.000
85.762902,,,0.000
85.774512,,,0.000
85.786122,,,0.000
85.797732,,,0.000
85.809342,,,0.000
85.820952,,,0.000
85.832562,,,0.000
85.844172,,,0.000
85.855782,,,0.000
85.867392,,,0.000
85.879002,,,0.000
85.890612,,,0.000
85.902222,,,0.000
85.913832,,,0.000
85.925442,,,0.000
85.937052,,,0.000
85.948662,,,0.000
85.960272,,,0.000
85.971882,,,0.000
85.983492,,,0.000
85.995102,,,0.000
86.006712,,,0.000
86.018322,,,0.000
86.029932,,,0.000
86.041542,,,0.000
86.053152,,,0.000
86.064762,,,0.000
86.076372,,,0.000
86.087982,,,0.000
86.099592,,,0.000
86.111202,,,0.000
86.122812,,,0.000
86.134422,,,0.000
86.146032,,,0.000
86.157642,,,0.000
86.169252,,,0.000
86.180862,,,0.000
86.192472,,,0.000
86.204082,,,0.000
86.215692,,,0.000
86.227302,,,0.000
86.238912,,,0.000
86.250522,,,0.000
86.262132,,,0.000
86.273741,,,0.000
86.285351,,,0.000
86.296961,,,0.000
86.308571,,,0.000
86.320181,,,0.000
86.331791,,,0.000
86.343401,,,0.000
86.355011,,,0.000
86.366621,,,0.000
86.378231,,,0.000
86.389841,,,0.000
86.401451,566.735,73.382,0.098
86.413061,740.352,78.009,0.179
86.424671,738.105,77.956,0.237
86.436281,740.839,78.020,0.286
86.447891,741.103,78.026,0.316
86.459501,741.026,78.024,0.343
86.471111,569.169,73.456,0.368
86.482721,569.441,73.465,0.386
86.494331,571.210,73.518,0.392
86.505941,460.241,69.779,0.396
86.517551,459.487,69.750,0.391
86.529161,747.777,78.181,0.384
86.540771,80.139,39.517,0.373
86.552381,748.142,78.190,0.354
86.563991,86.545,40.848,0.324
86.575601,118.628,46.307,0.287
86.587211,118.691,46.316,0.250
86.598821,118.538,46.294,0.202
86.610431,715.635,77.421,0.311
86.622041,1002.273,83.252,0.506
86.633651,106.015,44.361,0.634
86.645261,401.001,67.393,0.732
86.656871,136.016,48.675,0.798
86.668481,136.070,48.682,0.839
86.680091,136.079,48.683,0.861
86.691701,136.082,48.684,0.880
86.703311,136.081,48.684,0.897
86.714921,136.075,48.683,0.906
86.726531,107.583,44.615,0.909
86.738141,83.845,40.299,0.903
86.749751,85.504,40.639,0.894
86.761361,566.318,73.369,0.884
86.772971,324.570,63.732,0.888
86.784580,324.869,63.748,0.892
86.796190,324.488,63.728,0.889
86.807800,314.523,63.188,0.891
86.819410,313.146,63.112,0.896
86.831020,312.813,63.094,0.904
86.842630,312.082,63.053,0.908
86.854240,312.343,63.068,0.914
86.865850,311.602,63.026,0.915
86.877460,311.478,63.020,0.914
86.889070,311.291,63.009,0.923
86.900680,311.298,63.009,0.929
86.912290,311.073,62.997,0.931
86.923900,310.391,62.959,0.930
86.935510,309.746,62.923,0.931
86.947120,309.248,62.895,0.934
86.958730,309.010,62.882,0.934
86.970340,309.322,62.899,0.934
86.981950,309.858,62.929,0.932
86.993560,310.466,62.963,0.928
87.005170,310.942,62.990,0.929
87.016780,311.311,63.010,0.918
87.028390,311.557,63.024,0.905
87.040000,312.591,63.081,0.914
87.051610,316.902,63.318,0.927
87.063220,336.862,64.376,0.932
87.074830,344.400,64.759,0.933
87.086440,346.869,64.883,0.936
87.098050,348.312,64.955,0.938
87.109660,347.900,64.934,0.948
87.121270,347.589,64.919,0.959
87.132880,348.897,64.984,0.951
87.144490,349.047,64.991,0.942
87.156100,349.031,64.990,0.941
87.167710,349.099,64.994,0.940
87.179320,349.287,65.003,0.931
87.190930,349.859,65.031,0.917
87.202540,350.976,65.086,0.903
87.214150,352.367,65.155,0.880
87.225760,353.779,65.224,0.855
87.237370,354.258,65.248,0.819
87.248980,354.075,65.239,0.765
87.260590,766.002,78.598,0.681
87.272200,821.664,79.813,0.591
87.283810,962.589,82.553,0.743
87.295420,970.451,82.694,0.777
87.307029,369.117,65.959,0.825
87.318639,371.480,66.069,0.850
87.330249,372.137,66.100,0.877
87.341859,371.799,66.084,0.900
87.353469,370.896,66.042,0.917
87.365079,369.900,65.996,0.931
87.376689,369.051,65.956,0.921
87.388299,369.170,65.961,0.925
87.399909,368.521,65.931,0.922
87.411519,367.902,65.902,0.925
87.423129,367.451,65.881,0.925
87.434739,367.391,65.878,0.925
87.446349,367.707,65.893,0.925
87.457959,368.053,65.909,0.926
87.469569,368.250,65.918,0.927
87.481179,368.504,65.930,0.924
87.492789,368.589,65.934,0.924
87.504399,368.533,65.932,0.923
87.516009,368.423,65.926,0.925
87.527619,367.983,65.906,0.925
87.539229,367.508,65.883,0.925
87.550839,367.048,65.862,0.926
87.562449,366.293,65.826,0.925
87.574059,365.217,65.775,0.924
87.585669,363.758,65.706,0.920
87.597279,362.582,65.650,0.914
87.608889,361.070,65.577,0.902
87.620499,359.916,65.522,0.890
87.632109,358.489,65.453,0.876
87.643719,356.058,65.335,0.857
87.655329,352.682,65.170,0.842
87.666939,348.248,64.951,0.843
87.678549,342.318,64.654,0.859
87.690159,335.203,64.290,0.879
87.701769,327.382,63.882,0.900
87.713379,321.230,63.553,0.917
87.724989,313.845,63.151,0.928
87.736599,310.371,62.958,0.938
87.748209,306.905,62.763,0.940
87.759819,303.263,62.557,0.932
87.771429,298.462,62.280,0.916
87.783039,290.804,61.831,0.901
87.794649,281.914,61.293,0.878
87.806259,279.498,61.144,0.857
87.817868,313.341,63.123,0.852
87.829478,315.621,63.248,0.850
87.841088,315.302,63.231,0.860
87.852698,314.737,63.200,0.876
87.864308,313.948,63.156,0.888
87.875918,313.081,63.108,0.896
87.887528,312.210,63.060,0.902
87.899138,310.629,62.972,0.907
87.910748,308.569,62.857,0.906
87.922358,307.014,62.770,0.906
87.933968,306.463,62.738,0.909
87.945578,306.784,62.757,0.914
87.957188,307.603,62.803,0.920
87.968798,310.326,62.955,0.923
87.980408,313.423,63.127,0.932
87.992018,315.259,63.228,0.937
88.003628,315.667,63.251,0.939
88.015238,315.729,63.254,0.936
88.026848,315.545,63.244,0.928
88.038458,313.993,63.159,0.918
88.050068,311.798,63.037,0.907
88.061678,309.946,62.934,0.895
88.073288,308.494,62.853,0.878
88.084898,307.654,62.806,0.861
88.096508,308.085,62.830,0.852
88.108118,309.606,62.915,0.845
88.119728,311.179,63.003,0.843
88.131338,312.967,63.102,0.842
88.142948,313.734,63.144,0.842
88.154558,314.167,63.168,0.837
88.166168,314.118,63.166,0.836
88.177778,313.717,63.144,0.834
88.189388,312.068,63.052,0.836
88.200998,310.747,62.979,0.842
88.212608,309.393,62.903,0.853
88.224218,308.362,62.845,0.864
88.235828,308.461,62.851,0.877
88.247438,309.135,62.889,0.895
88.259048,309.563,62.913,0.909
88.270658,310.950,62.990,0.917
88.282268,329.433,63.990,0.921
88.293878,332.790,64.165,0.926
88.305488,336.240,64.344,0.925
88.317098,345.487,64.814,0.933
88.328707,364.512,65.742,0.939
88.340317,419.372,68.169,0.943
88.351927,423.855,68.353,0.945
88.363537,424.238,68.368,0.951
88.375147,423.291,68.330,0.952
88.386757,422.433,68.295,0.950
88.398367,420.936,68.233,0.953
88.409977,420.644,68.221,0.946
88.421587,421.521,68.257,0.939
88.433197,419.925,68.192,0.931
88.444807,414.400,67.962,0.921
88.456417,410.882,67.815,0.915
88.468027,411.000,67.820,0.912
88.479637,462.206,69.852,0.911
88.491247,464.931,69.954,0.910
88.502857,465.481,69.975,0.909
88.514467,465.194,69.964,0.907
88.526077,465.926,69.991,0.906
88.537687,465.961,69.992,0.912
88.549297,465.868,69.989,0.911
88.560907,465.166,69.963,0.911
88.572517,464.126,69.924,0.911
88.584127,463.213,69.890,0.905
88.595737,462.798,69.875,0.900
88.607347,462.675,69.870,0.894
88.618957,462.520,69.864,0.883
88.630567,462.855,69.877,0.864
88.642177,463.858,69.914,0.844
88.653787,464.894,69.953,0.834
88.665397,465.965,69.993,0.828
88.677007,466.048,69.996,0.829
88.688617,464.323,69.932,0.827
88.700227,488.032,70.794,0.849
88.711837,493.283,70.979,0.890
88.723447,494.612,71.026,0.914
88.735057,495.277,71.049,0.929
88.746667,495.467,71.055,0.942
88.758277,495.612,71.061,0.952
88.769887,247.879,59.066,0.960
88.781497,247.928,59.069,0.969
88.793107,496.806,71.102,0.969
88.804717,497.995,71.144,0.958
88.816327,499.101,71.182,0.950
88.827937,500.609,71.234,0.943
88.839546,502.849,71.311,0.937
88.851156,506.074,71.422,0.929
88.862766,515.045,71.726,0.918
88.874376,536.066,72.419,0.909
88.885986,543.744,72.665,0.902
88.897596,547.375,72.780,0.892
88.909206,549.206,72.838,0.877
88.920816,551.239,72.902,0.864
88.932426,552.979,72.957,0.845
88.944036,553.867,72.984,0.826
88.955646,554.336,72.999,0.809
88.967256,554.003,72.989,0.781
88.978866,553.205,72.964,0.741
88.990476,552.685,72.947,0.723
89.002086,553.028,72.958,0.728
89.013696,553.725,72.980,0.731
89.025306,554.264,72.997,0.732
89.036916,554.437,73.002,0.727
89.048526,554.738,73.012,0.715
89.060136,554.176,72.994,0.704
89.071746,553.576,72.975,0.697
89.083356,568.119,73.424,0.752
89.094966,567.551,73.407,0.807
89.106576,561.702,73.228,0.836
89.118186,555.538,73.037,0.870
89.129796,550.278,72.872,0.908
89.141406,545.081,72.708,0.931
89.153016,541.463,72.592,0.950
89.164626,538.660,72.502,0.962
89.176236,534.476,72.367,0.967
89.187846,528.791,72.182,0.966
89.199456,523.607,72.012,0.963
89.211066,517.078,71.795,0.956
89.222676,508.756,71.514,0.944
89.234286,503.552,71.336,0.944
89.245896,500.398,71.227,0.947
89.257506,498.611,71.165,0.955
89.269116,497.264,71.118,0.958
89.280726,496.535,71.093,0.958
89.292336,496.138,71.079,0.961
89.303946,495.667,71.062,0.962
89.315556,495.054,71.041,0.959
89.327166,494.359,71.017,0.952
89.338776,493.827,70.998,0.944
89.350385,493.484,70.986,0.936
89.361995,493.046,70.971,0.930
89.373605,492.885,70.965,0.932
89.385215,492.941,70.967,0.940
89.396825,493.190,70.976,0.951
89.408435,493.474,70.986,0.961
89.420045,493.905,71.001,0.970
89.431655,494.376,71.017,0.977
89.443265,494.496,71.021,0.982
89.454875,494.378,71.017,0.985
89.466485,494.103,71.008,0.984
89.478095,493.774,70.996,0.980
89.489705,493.469,70.985,0.973
89.501315,493.123,70.973,0.966
89.512925,492.811,70.962,0.960
89.524535,492.601,70.955,0.957
89.536145,492.493,70.951,0.955
89.547755,492.462,70.950,0.957
89.559365,492.464,70.950,0.960
89.570975,492.332,70.946,0.965
89.582585,492.229,70.942,0.969
89.594195,492.251,70.943,0.971
89.605805,492.298,70.944,0.970
89.617415,492.728,70.959,0.967
89.629025,493.392,70.983,0.960
89.640635,493.984,71.004,0.952
89.652245,495.087,71.042,0.941
89.663855,497.503,71.126,0.928
89.675465,501.372,71.261,0.918
89.687075,503.021,71.317,0.911
89.698685,504.850,71.380,0.908
89.710295,513.778,71.684,0.911
89.721905,516.610,71.779,0.910
89.733515,522.179,71.965,0.907
89.745125,528.880,72.185,0.906
89.756735,530.224,72.229,0.903
89.768345,202.308,55.549,0.895
89.779955,148.294,50.171,0.881
89.791565,148.244,50.166,0.859
89.803175,148.266,50.168,0.820
89.814785,148.582,50.205,0.785
89.826395,140.660,49.257,0.743
89.838005,321.480,63.567,0.690
89.849615,140.853,49.280,0.635
89.861224,141.461,49.355,0.580
89.872834,248.370,59.100,0.569
89.884444,248.308,59.096,0.571
89.896054,248.613,59.117,0.585
89.907664,248.824,59.131,0.603
89.919274,141.383,49.345,0.618
89.930884,141.433,49.351,0.626
89.942494,141.374,49.344,0.628
89.954104,141.346,49.341,0.631
89.965714,248.213,59.089,0.628
89.977324,248.127,59.083,0.624
89.988934,247.947,59.070,0.616
90.000544,247.958,59.071,0.600
90.012154,247.703,59.053,0.576
90.023764,248.059,59.078,0.551
90.035374,248.083,59.080,0.524
90.046984,247.526,59.041,0.489
90.058594,247.663,59.050,0.463
90.070204,247.534,59.041,0.525
90.081814,276.014,60.927,0.757
90.093424,276.461,60.955,0.849
90.105034,277.900,61.045,0.894
90.116644,279.006,61.114,0.919
90.128254,282.628,61.337,0.928
90.139864,287.835,61.653,0.934
90.151474,290.869,61.834,0.940
90.163084,293.343,61.981,0.946
90.174694,310.427,62.961,0.930
90.186304,311.088,62.998,0.904
90.197914,311.120,63.000,0.880
90.209524,310.950,62.990,0.862
90.221134,310.796,62.982,0.863
90.232744,310.961,62.991,0.868
90.244354,311.098,62.998,0.873
90.255964,311.426,63.017,0.881
90.267574,312.323,63.066,0.890
90.279184,328.700,63.951,0.900
90.290794,336.301,64.347,0.909
90.302404,340.502,64.562,0.919
90.314014,343.026,64.690,0.927
90.325624,344.364,64.757,0.934
90.337234,345.442,64.811,0.940
90.348844,346.853,64.882,0.942
90.360454,347.815,64.930,0.943
90.372063,348.345,64.956,0.942
90.383673,348.509,64.964,0.942
90.395283,348.587,64.968,0.941
90.406893,348.638,64.971,0.941
90.418503,348.682,64.973,0.942
90.430113,348.804,64.979,0.942
90.441723,348.952,64.986,0.943
90.453333,349.086,64.993,0.942
90.464943,349.280,65.003,0.941
90.476553,349.429,65.010,0.940
90.488163,349.449,65.011,0.940
90.499773,349.519,65.014,0.940
90.511383,349.559,65.016,0.940
90.522993,349.602,65.019,0.941
90.534603,349.521,65.015,0.940
90.546213,349.438,65.010,0.941
90.557823,349.347,65.006,0.941
90.569433,349.273,65.002,0.943
90.581043,349.187,64.998,0.944
90.592653,348.983,64.988,0.940
90.604263,348.838,64.981,0.925
90.615873,348.733,64.975,0.908
90.627483,348.305,64.954,0.894
90.639093,347.573,64.918,0.884
90.650703,347.849,64.931,0.875
90.662313,349.005,64.989,0.862
90.673923,350.977,65.086,0.848
90.685533,351.966,65.135,0.843
90.697143,351.215,65.098,0.862
90.708753,350.558,65.066,0.878
90.720363,350.451,65.061,0.886
90.731973,350.652,65.070,0.890
90.743583,350.105,65.043,0.893
90.755193,348.444,64.961,0.895
90.766803,346.983,64.888,0.899
90.778413,346.153,64.847,0.900
90.790023,346.180,64.848,0.901
90.801633,347.123,64.895,0.902
90.813243,348.473,64.963,0.905
90.824853,349.212,64.999,0.909
90.836463,349.301,65.004,0.912
90.848073,349.143,64.996,0.913
90.859683,348.722,64.975,0.911
90.871293,348.223,64.950,0.908
90.882902,347.831,64.931,0.905
90.894512,347.840,64.931,0.901
90.906122,348.250,64.951,0.895
90.917732,349.244,65.001,0.885
90.929342,350.850,65.080,0.877
90.940952,354.925,65.280,0.869
90.952562,366.289,65.826,0.867
90.964172,368.213,65.916,0.866
90.975782,368.950,65.951,0.866
90.987392,369.324,65.969,0.871
90.999002,369.440,65.974,0.879
91.010612,369.230,65.964,0.885
91.022222,369.043,65.955,0.888
91.033832,368.863,65.947,0.894
91.045442,368.810,65.944,0.897
91.057052,368.766,65.942,0.902
91.068662,368.610,65.935,0.910
91.080272,368.421,65.926,0.911
91.091882,368.274,65.919,0.909
91.103492,368.403,65.925,0.905
91.115102,368.410,65.926,0.904
91.126712,368.072,65.910,0.908
91.138322,368.335,65.922,0.910
91.149932,369.660,65.984,0.912
91.161542,374.490,66.209,0.912
91.173152,402.498,67.458,0.917
91.184762,411.068,67.822,0.926
91.196372,413.571,67.928,0.936
91.207982,413.105,67.908,0.941
91.219592,410.749,67.809,0.942
91.231202,409.227,67.745,0.946
91.242812,410.114,67.782,0.945
91.254422,411.485,67.840,0.942
91.266032,411.133,67.825,0.932
91.277642,409.375,67.751,0.911
91.289252,407.536,67.673,0.886
91.300862,407.802,67.684,0.860
91.312472,413.438,67.922,0.827
91.324082,421.404,68.252,0.776
91.335692,429.780,68.593,0.717
91.347302,436.950,68.880,0.665
91.358912,211.940,56.354,0.674
91.370522,85.789,40.696,0.718
91.382132,917.310,81.719,0.772
91.393741,917.163,81.716,0.800
91.405351,817.603,79.727,0.818
91.416961,406.823,67.643,0.835
91.428571,407.180,67.658,0.851
91.440181,408.601,67.718,0.865
91.451791,414.820,67.980,0.887
91.463401,414.393,67.962,0.902
91.475011,415.402,68.004,0.907
91.486621,414.777,67.978,0.918
91.498231,414.628,67.972,0.929
91.509841,414.116,67.950,0.935
91.521451,413.898,67.941,0.940
91.533061,413.787,67.937,0.941
91.544671,413.656,67.931,0.931
91.556281,413.568,67.927,0.925
91.567891,413.753,67.935,0.920
91.579501,414.044,67.947,0.915
91.591111,414.393,67.962,0.911
91.602721,414.872,67.982,0.911
91.614331,414.955,67.985,0.910
91.625941,414.698,67.975,0.909
91.637551,414.215,67.955,0.911
91.649161,413.472,67.923,0.913
91.660771,412.509,67.883,0.915
91.672381,410.644,67.805,0.915
91.683991,408.144,67.699,0.917
91.695601,404.922,67.562,0.919
91.707211,400.636,67.377,0.918
91.718821,397.259,67.231,0.915
91.730431,392.603,67.027,0.903
91.742041,388.418,66.841,0.890
91.753651,383.282,66.611,0.878
91.765261,378.302,66.384,0.865
91.776871,373.293,66.154,0.846
91.788481,367.800,65.897,0.821
91.800091,362.060,65.625,0.799
91.811701,356.931,65.378,0.778
91.823311,356.807,65.372,0.762
91.834921,357.776,65.419,0.747
91.846531,358.360,65.447,0.721
91.858141,356.090,65.337,0.679
91.869751,346.535,64.866,0.634
91.881361,322.218,63.606,0.588
91.892971,310.239,62.951,0.495
91.904580,206.186,55.877,0.348
91.916190,568.532,73.437,0.625
91.927800,783.235,78.983,0.665
91.939410,777.263,78.851,0.712
91.951020,349.264,65.002,0.787
91.962630,351.459,65.110,0.841
91.974240,350.502,65.063,0.867
91.985850,350.018,65.039,0.889
91.997460,349.715,65.024,0.908
92.009070,349.311,65.004,0.912
92.020680,348.570,64.967,0.921
92.032290,347.730,64.926,0.928
92.043900,345.585,64.818,0.927
92.055510,343.878,64.733,0.923
92.067120,343.139,64.695,0.925
92.078730,342.908,64.684,0.930
92.090340,343.323,64.705,0.934
92.101950,343.799,64.729,0.934
92.113560,345.093,64.794,0.935
92.125170,347.600,64.919,0.937
92.136780,351.332,65.104,0.936
92.148390,354.030,65.236,0.936
92.160000,354.660,65.267,0.932
92.171610,355.254,65.296,0.923
92.183220,355.135,65.290,0.915
92.194830,354.290,65.249,0.912
92.206440,351.930,65.133,0.909
92.218050,348.725,64.975,0.901
92.229660,345.512,64.815,0.887
92.241270,343.105,64.694,0.873
92.252880,342.616,64.669,0.864
92.264490,344.541,64.766,0.858
92.276100,347.689,64.924,0.850
92.287710,350.624,65.069,0.842
92.299320,352.978,65.185,0.836
92.310930,352.507,65.162,0.821
92.322540,351.014,65.088,0.808
92.334150,350.512,65.064,0.789
92.345760,348.600,64.969,0.763
92.357370,344.502,64.764,0.734
92.368980,338.946,64.483,0.696
92.380590,331.214,64.083,0.642
92.392200,318.099,63.384,0.528
92.403810,320.469,63.512,0.378
92.415420,354.441,65.256,0.192
92.427029,354.628,65.266,0.161
92.438639,302.616,62.520,0.343
92.450249,468.235,70.077,0.732
92.461859,468.112,70.072,0.803
92.473469,465.744,69.984,0.849
92.485079,462.848,69.876,0.883
92.496689,460.889,69.803,0.911
92.508299,459.109,69.736,0.933
92.519909,457.700,69.683,0.953
92.531519,458.165,69.700,0.967
92.543129,458.242,69.703,0.962
92.554739,457.747,69.685,0.954
92.566349,457.333,69.669,0.945
92.577959,458.626,69.718,0.936
92.589569,461.160,69.813,0.922
92.601179,465.972,69.993,0.915
92.612789,472.505,70.234,0.904
92.624399,483.971,70.649,0.901
92.636009,492.720,70.959,0.898
92.647619,494.566,71.024,0.905
92.659229,494.613,71.026,0.913
92.670839,494.132,71.009,0.922
92.682449,494.194,71.011,0.935
92.694059,494.060,71.006,0.942
92.705669,494.042,71.006,0.948
92.717279,494.308,71.015,0.951
92.728889,494.833,71.033,0.952
92.740499,494.806,71.032,0.950
92.752109,494.763,71.031,0.947
92.763719,494.359,71.017,0.941
92.775329,494.082,71.007,0.934
92.786939,493.749,70.995,0.923
92.798549,493.499,70.987,0.910
92.810159,493.144,70.974,0.896
92.821769,492.670,70.957,0.890
92.833379,492.261,70.943,0.887
92.844989,491.883,70.930,0.883
92.856599,491.477,70.915,0.881
92.868209,490.904,70.895,0.878
92.879819,490.802,70.892,0.878
92.891429,490.964,70.897,0.881
92.903039,491.180,70.905,0.883
92.914649,491.484,70.916,0.881
92.926259,491.355,70.911,0.872
92.937868,491.156,70.904,0.857
92.949478,491.269,70.908,0.849
92.961088,498.580,71.164,0.866
92.972698,500.587,71.233,0.882
92.984308,500.602,71.234,0.894
92.995918,500.171,71.219,0.903
93.007528,499.421,71.193,0.909
93.019138,498.300,71.154,0.915
93.030748,497.026,71.110,0.925
93.042358,496.276,71.084,0.926
93.053968,493.893,71.000,0.913
93.065578,491.319,70.910,0.900
93.077188,489.262,70.837,0.890
93.088798,487.390,70.771,0.885
93.100408,486.092,70.725,0.882
93.112018,486.361,70.734,0.881
93.123628,487.846,70.787,0.867
93.135238,490.222,70.871,0.856
93.146848,493.600,70.990,0.842
93.158458,494.855,71.034,0.820
93.170068,494.218,71.012,0.793
93.181678,492.956,70.967,0.776
93.193288,502.025,71.283,0.780
93.204898,469.805,70.135,0.793
93.216508,123.245,46.968,0.827
93.228118,123.296,46.975,0.854
93.239728,123.332,46.980,0.864
93.251338,123.342,46.982,0.875
93.262948,401.461,67.413,0.892
93.274558,417.023,68.071,0.904
93.286168,419.585,68.178,0.913
93.297778,422.867,68.312,0.915
93.309388,422.977,68.317,0.922
93.320998,420.289,68.207,0.937
93.332608,418.872,68.148,0.957
93.344218,418.194,68.120,0.974
93.355828,418.682,68.140,0.974
93.367438,419.463,68.172,0.970
93.379048,419.445,68.172,0.963
93.390658,418.967,68.152,0.960
93.402268,419.367,68.169,0.956
93.413878,423.087,68.321,0.948
93.425488,434.138,68.768,0.937
93.437098,459.574,69.754,0.924
93.448707,462.179,69.851,0.927
93.460317,464.164,69.926,0.929
93.471927,465.564,69.978,0.930
93.483537,466.718,70.021,0.925
93.495147,467.559,70.052,0.910
93.506757,468.074,70.071,0.886
93.518367,468.319,70.080,0.861
93.529977,468.199,70.075,0.830
93.541587,467.988,70.068,0.790
93.553197,467.799,70.061,0.734
93.564807,467.792,70.060,0.642
93.576417,466.786,70.023,0.540
93.588027,466.071,69.997,0.422
93.599637,463.594,69.904,0.352
93.611247,462.391,69.859,0.335
93.622857,462.432,69.861,0.308
93.634467,462.883,69.878,0.294
93.646077,461.836,69.839,0.282
93.657687,242.200,58.664,0.262
93.669297,240.222,58.522,0.244
93.680907,464.681,69.945,0.221
93.692517,464.895,69.953,0.208
93.704127,465.348,69.970,0.204
93.715737,460.915,69.804,0.237
93.727347,275.968,60.924,0.319
93.738957,707.066,77.212,0.379
93.750567,360.573,65.553,0.688
93.762177,364.328,65.733,0.771
93.773787,368.214,65.916,0.846
93.785397,370.106,66.005,0.892
93.797007,369.605,65.982,0.917
93.808617,368.818,65.945,0.936
93.820227,368.122,65.912,0.950
93.831837,367.821,65.898,0.960
93.843447,367.613,65.888,0.955
93.855057,367.009,65.860,0.950
93.866667,365.121,65.770,0.934
93.878277,363.380,65.688,0.916
93.889887,362.653,65.653,0.907
93.901497,362.818,65.661,0.899
93.913107,363.304,65.684,0.890
93.924717,365.961,65.810,0.894
93.936327,369.112,65.959,0.899
93.947937,372.238,66.105,0.907
93.959546,373.558,66.166,0.915
93.971156,373.485,66.163,0.921
93.982766,373.491,66.163,0.920
93.994376,373.352,66.156,0.918
94.005986,373.006,66.140,0.917
94.017596,371.543,66.072,0.909
94.029206,368.983,65.953,0.901
94.040816,366.585,65.840,0.886
94.052426,364.081,65.721,0.868
94.064036,361.607,65.603,0.849
94.075646,362.096,65.626,0.832
94.087256,367.674,65.891,0.820
94.098866,369.846,65.993,0.810
94.110476,371.303,66.061,0.804
94.122086,371.905,66.089,0.803
94.133696,370.350,66.017,0.813
94.145306,367.577,65.886,0.815
94.156916,366.854,65.852,0.819
94.168526,123.052,46.941,0.826
94.180136,123.312,46.978,0.830
94.191746,121.837,46.769,0.846
94.203356,121.098,46.664,0.862
94.214966,498.836,71.173,0.880
94.226576,499.830,71.207,0.887
94.238186,501.264,71.257,0.897
94.249796,501.635,71.270,0.901
94.261406,501.563,71.267,0.902
94.273016,500.567,71.233,0.909
94.284626,498.336,71.155,0.906
94.296236,125.647,47.303,0.898
94.307846,168.288,52.361,0.887
94.319456,167.789,52.310,0.880
94.331066,166.312,52.157,0.871
94.342676,108.597,44.778,0.870
94.354286,315.797,63.258,0.876
94.365896,315.844,63.261,0.878
94.377506,314.198,63.170,0.884
94.389116,312.820,63.094,0.888
94.400726,312.181,63.059,0.890
94.412336,311.955,63.046,0.890
94.423946,312.174,63.058,0.894
94.435556,312.289,63.065,0.892
94.447166,312.656,63.085,0.896
94.458776,314.077,63.163,0.901
94.470385,316.558,63.300,0.900
94.481995,329.879,64.013,0.902
94.493605,333.576,64.206,0.909
94.505215,335.291,64.295,0.916
94.516825,337.581,64.413,0.924
94.528435,340.253,64.549,0.935
94.540045,343.386,64.708,0.941
94.551655,345.517,64.815,0.944
94.563265,347.228,64.901,0.949
94.574875,348.440,64.961,0.955
94.586485,349.098,64.994,0.957
94.598095,349.419,65.009,0.958
94.609705,349.444,65.011,0.959
94.621315,349.253,65.001,0.960
94.632925,348.840,64.981,0.960
94.644535,348.441,64.961,0.961
94.656145,348.243,64.951,0.961
94.667755,348.163,64.947,0.963
94.679365,348.168,64.947,0.968
94.690975,348.225,64.950,0.973
94.702585,348.358,64.957,0.977
94.714195,348.385,64.958,0.978
94.725805,348.401,64.959,0.979
94.737415,348.362,64.957,0.979
94.749025,348.249,64.951,0.977
94.760635,348.210,64.949,0.972
94.772245,348.241,64.951,0.961
94.783855,348.322,64.955,0.946
94.795465,348.413,64.960,0.926
94.807075,349.037,64.991,0.905
94.818685,349.670,65.022,0.881
94.830295,349.602,65.019,0.857
94.841905,349.414,65.009,0.829
94.853515,350.192,65.048,0.799
94.865125,366.208,65.822,0.772
94.876735,761.181,78.489,0.762
94.888345,760.756,78.479,0.777
94.899955,763.129,78.533,0.797
94.911565,761.579,78.498,0.820
94.923175,565.813,73.354,0.832
94.934785,566.309,73.369,0.842
94.946395,566.060,73.361,0.855
94.958005,565.813,73.354,0.862
94.969615,565.393,73.341,0.870
94.981224,565.474,73.344,0.873
94.992834,565.467,73.343,0.866
95.004444,97.543,42.919,0.854
95.016054,97.555,42.921,0.847
95.027664,237.142,58.299,0.848
95.039274,846.758,80.333,0.837
95.050884,328.520,63.942,0.840
95.062494,328.574,63.945,0.845
95.074104,307.775,62.812,0.847
95.085714,307.728,62.810,0.856
95.097324,307.664,62.806,0.866
95.108934,309.278,62.897,0.877
95.120544,310.904,62.988,0.885
95.132154,311.362,63.013,0.899
95.143764,311.759,63.035,0.908
95.155374,312.034,63.050,0.913
95.166984,312.147,63.057,0.918
95.178594,312.173,63.058,0.921
95.190204,311.543,63.023,0.924
95.201814,310.718,62.977,0.924
95.213424,309.566,62.913,0.924
95.225034,308.705,62.865,0.926
95.236644,308.224,62.838,0.925
95.248254,308.090,62.830,0.928
95.259864,308.214,62.837,0.928
95.271474,308.770,62.868,0.927
95.283084,309.362,62.902,0.919
95.294694,309.804,62.926,0.906
95.306304,310.601,62.971,0.900
95.317914,311.609,63.027,0.893
95.329524,312.089,63.053,0.890
95.341134,348.077,64.943,0.883
95.352744,349.901,65.033,0.869
95.364354,350.426,65.059,0.864
95.375964,350.015,65.039,0.868
95.387574,349.556,65.016,0.880
95.399184,349.715,65.024,0.879
95.410794,349.846,65.031,0.878
95.422404,349.099,64.994,0.877
95.434014,348.177,64.948,0.875
95.445624,348.283,64.953,0.879
95.457234,347.708,64.924,0.877
95.468844,348.010,64.939,0.873
95.480454,173.783,52.917,0.875
95.492063,174.309,52.970,0.866
95.503673,174.619,53.001,0.848
95.515283,174.178,52.957,0.824
95.526893,173.680,52.907,0.794
95.538503,173.568,52.896,0.803
95.550113,108.271,44.726,0.813
95.561723,1002.273,83.252,0.827
95.573333,1002.273,83.252,0.827
95.584943,1002.273,83.252,0.841
95.596553,1002.273,83.252,0.863
95.608163,1002.273,83.252,0.880
95.619773,1002.273,83.252,0.893
95.631383,367.379,65.877,0.893
95.642993,122.557,46.871,0.890
95.654603,366.703,65.845,0.887
95.666213,367.276,65.872,0.889
95.677823,367.946,65.904,0.891
95.689433,368.033,65.908,0.889
95.701043,367.852,65.899,0.890
95.712653,367.799,65.897,0.896
95.724263,367.942,65.904,0.900
95.735873,368.080,65.910,0.905
95.747483,368.191,65.915,0.907
95.759093,368.254,65.918,0.911
95.770703,368.318,65.921,0.913
95.782313,368.289,65.920,0.916
95.793923,368.272,65.919,0.918
95.805533,367.940,65.904,0.917
95.817143,367.367,65.877,0.915
95.828753,366.593,65.840,0.911
95.840363,365.709,65.798,0.908
95.851973,364.194,65.726,0.908
95.863583,362.290,65.636,0.908
95.875193,360.402,65.545,0.907
95.886803,358.355,65.447,0.907
95.898413,355.414,65.304,0.902
95.910023,352.076,65.141,0.898
95.921633,349.210,64.999,0.895
95.933243,346.100,64.844,0.893
95.944853,340.311,64.552,0.892
95.956463,334.504,64.254,0.895
95.968073,330.331,64.037,0.901
95.979683,325.933,63.805,0.905
95.991293,321.814,63.585,0.915
96.002902,315.046,63.217,0.922
96.014512,309.872,62.930,0.923
96.026122,306.514,62.741,0.919
96.037732,302.763,62.528,0.906
96.049342,299.238,62.325,0.888
96.060952,290.996,61.842,0.882
96.072562,288.213,61.676,0.864
96.084172,285.494,61.511,0.838
96.095782,291.036,61.844,0.818
96.107392,311.417,63.016,0.817
96.119002,313.841,63.150,0.829
96.130612,313.660,63.140,0.846
96.142222,312.698,63.087,0.861
96.153832,311.807,63.038,0.852
96.165442,311.427,63.017,0.857
96.177052,310.910,62.988,0.866
96.188662,309.792,62.926,0.874
96.200272,308.289,62.841,0.876
96.211882,308.149,62.834,0.882
96.223492,308.986,62.880,0.889
96.235102,311.669,63.030,0.897
96.246712,314.148,63.167,0.904
96.258322,315.494,63.241,0.912
96.269932,316.372,63.289,0.918
96.281542,316.580,63.301,0.918
96.293152,316.445,63.293,0.918
96.304762,316.114,63.275,0.912
96.316372,315.239,63.227,0.903
96.327982,313.854,63.151,0.893
96.339592,312.278,63.064,0.883
96.351202,311.302,63.010,0.873
96.362812,310.789,62.981,0.863
96.374422,310.809,62.982,0.854
96.386032,311.614,63.027,0.844
96.397642,312.923,63.100,0.841
96.409252,314.521,63.188,0.835
96.420862,315.245,63.228,0.833
96.432472,315.536,63.244,0.834
96.444082,314.991,63.214,0.833
96.455692,313.408,63.126,0.834
96.467302,311.153,63.001,0.844
96.478912,309.516,62.910,0.858
96.490522,308.601,62.859,0.871
96.502132,308.402,62.848,0.885
96.513741,308.303,62.842,0.897
96.525351,309.072,62.885,0.906
96.536961,310.675,62.975,0.915
96.548571,314.378,63.180,0.918
96.560181,318.997,63.432,0.918
96.571791,325.308,63.772,0.920
96.583401,339.309,64.501,0.918
96.595011,346.786,64.878,0.913
96.606621,372.239,66.105,0.913
96.618231,379.769,66.451,0.914
96.629841,428.200,68.529,0.921
96.641451,426.647,68.466,0.927
96.653061,423.241,68.328,0.930
96.664671,420.101,68.199,0.927
96.676281,417.441,68.089,0.926
96.687891,417.276,68.082,0.924
96.699501,418.921,68.150,0.921
96.711111,416.866,68.065,0.918
96.722721,411.279,67.831,0.910
96.734331,409.803,67.769,0.905
96.745941,461.414,69.823,0.910
96.757551,462.291,69.856,0.909
96.769161,463.616,69.905,0.912
96.780771,463.640,69.906,0.915
96.792381,463.806,69.912,0.917
96.803991,464.470,69.937,0.921
96.815601,465.033,69.958,0.921
96.827211,464.575,69.941,0.922
96.838821,463.925,69.917,0.915
96.850431,462.844,69.876,0.912
96.862041,462.022,69.846,0.905
96.873651,461.533,69.827,0.898
96.885261,461.042,69.809,0.884
96.896871,460.830,69.801,0.868
96.908481,460.804,69.800,0.856
96.920091,460.610,69.792,0.846
96.931701,460.591,69.792,0.844
96.943311,460.748,69.798,0.844
96.954921,459.707,69.759,0.846
96.966531,479.120,70.475,0.869
96.978141,485.617,70.708,0.889
96.989751,487.728,70.783,0.908
97.001361,489.304,70.839,0.923
97.012971,490.453,70.879,0.932
97.024580,490.821,70.892,0.935
97.036190,490.940,70.897,0.941
97.047800,490.896,70.895,0.951
97.059410,491.666,70.922,0.952
97.071020,492.580,70.954,0.951
97.082630,493.791,70.997,0.945
97.094240,494.799,71.032,0.940
97.105850,496.991,71.109,0.936
97.117460,501.036,71.249,0.938
97.129070,510.449,71.571,0.938
97.140680,529.765,72.214,0.933
97.152290,539.451,72.528,0.925
97.163900,543.346,72.652,0.922
97.175510,545.963,72.736,0.926
97.187120,548.365,72.812,0.918
97.198730,550.188,72.869,0.904
97.210340,551.316,72.905,0.896
97.221950,551.637,72.915,0.890
97.233560,551.658,72.915,0.883
97.245170,551.820,72.920,0.877
97.256780,552.537,72.943,0.866
97.268390,553.450,72.971,0.845
97.280000,554.001,72.989,0.841
97.291610,553.999,72.989,0.849
97.303220,554.036,72.990,0.845
97.314830,554.095,72.992,0.826
97.326440,553.926,72.986,0.801
97.338050,554.550,73.006,0.779
97.349660,560.446,73.189,0.789
97.361270,563.261,73.276,0.827
97.372880,560.844,73.201,0.860
97.384490,555.357,73.031,0.881
97.396100,549.565,72.849,0.903
97.407710,544.427,72.687,0.928
97.419320,540.996,72.577,0.945
97.430930,539.747,72.537,0.951
97.442540,536.813,72.443,0.956
97.454150,533.945,72.350,0.947
97.465760,529.566,72.208,0.946
97.477370,524.606,72.045,0.949
97.488980,518.058,71.827,0.946
97.500590,506.634,71.441,0.938
97.512200,501.264,71.257,0.937
97.523810,499.270,71.188,0.946
97.535420,497.362,71.122,0.950
97.547029,496.123,71.078,0.962
97.558639,495.530,71.058,0.963
97.570249,495.297,71.049,0.962
97.581859,495.075,71.042,0.963
97.593469,494.536,71.023,0.966
97.605079,493.907,71.001,0.969
97.616689,493.448,70.985,0.971
97.628299,493.249,70.978,0.969
97.639909,493.062,70.971,0.963
97.651519,493.057,70.971,0.957
97.663129,493.264,70.978,0.952
97.674739,493.562,70.989,0.949
97.686349,493.792,70.997,0.944
97.697959,494.067,71.006,0.940
97.709569,494.088,71.007,0.935
97.721179,494.100,71.008,0.932
97.732789,493.988,71.004,0.931
97.744399,493.746,70.995,0.931
97.756009,493.434,70.984,0.930
97.767619,493.061,70.971,0.930
97.779229,492.915,70.966,0.931
97.790839,492.828,70.963,0.932
97.802449,492.776,70.961,0.932
97.814059,492.698,70.958,0.932
97.825669,492.550,70.953,0.931
97.837279,492.491,70.951,0.929
97.848889,492.467,70.950,0.927
97.860499,492.402,70.948,0.926
97.872109,492.295,70.944,0.921
97.883719,492.177,70.940,0.914
97.895329,492.283,70.944,0.905
97.906939,492.815,70.962,0.901
97.918549,494.096,71.007,0.903
97.930159,496.263,71.083,0.901
97.941769,499.470,71.195,0.899
97.953379,502.132,71.287,0.887
97.964989,507.866,71.483,0.883
97.976599,510.462,71.572,0.881
97.988209,512.414,71.638,0.879
97.999819,512.891,71.654,0.873
98.011429,512.499,71.641,0.863
98.023039,511.895,71.620,0.859
98.034649,512.600,71.644,0.845
98.046259,512.494,71.640,0.838
98.057868,247.031,59.006,0.817
98.069478,247.208,59.019,0.795
98.081088,248.246,59.091,0.768
98.092698,248.192,59.087,0.735
98.104308,247.718,59.054,0.680
98.115918,247.870,59.065,0.598
98.127528,247.809,59.061,0.547
98.139138,248.282,59.094,0.533
98.150748,204.337,55.721,0.549
98.162358,204.207,55.710,0.565
98.173968,741.933,78.045,0.583
98.185578,741.475,78.035,0.603
98.197188,742.905,78.068,0.618
98.208798,741.970,78.046,0.627
98.220408,743.551,78.083,0.628
98.232018,744.133,78.097,0.629
98.243628,745.276,78.123,0.626
98.255238,746.599,78.154,0.622
98.266848,746.971,78.163,0.612
98.278458,247.431,59.034,0.595
98.290068,98.850,43.150,0.573
98.301678,122.891,46.918,0.547
98.313288,122.834,46.911,0.524
98.324898,123.174,46.958,0.495
98.336508,98.547,43.097,0.463
98.348118,246.475,58.967,0.455
98.359728,268.138,60.426,0.774
98.371338,266.100,60.294,0.865
98.382948,266.406,60.314,0.911
98.394558,267.157,60.362,0.934
98.406168,268.488,60.448,0.944
98.417778,269.736,60.529,0.954
98.429388,272.486,60.704,0.966
98.440998,275.116,60.870,0.974
98.452608,282.252,61.314,0.963
98.464218,290.472,61.811,0.949
98.475828,302.279,62.501,0.939
98.487438,309.743,62.923,0.940
98.499048,310.375,62.958,0.947
98.510658,310.983,62.992,0.955
98.522268,311.529,63.022,0.958
98.533878,311.798,63.037,0.961
98.545488,312.438,63.073,0.959
98.557098,313.957,63.157,0.955
98.568707,317.527,63.352,0.949
98.580317,318.489,63.405,0.944
98.591927,319.661,63.468,0.942
98.603537,334.526,64.255,0.942
98.615147,343.065,64.692,0.945
98.626757,343.989,64.738,0.950
98.638367,344.511,64.765,0.954
98.649977,345.675,64.823,0.960
98.661587,347.201,64.899,0.965
98.673197,348.204,64.949,0.969
98.684807,348.911,64.984,0.975
98.696417,349.291,65.003,0.978
98.708027,349.436,65.010,0.982
98.719637,349.498,65.013,0.985
98.731247,349.520,65.014,0.987
98.742857,349.526,65.015,0.988
98.754467,349.502,65.014,0.988
98.766077,349.411,65.009,0.988
98.777687,349.342,65.006,0.985
98.789297,349.286,65.003,0.983
98.800907,349.187,64.998,0.979
98.812517,349.014,64.989,0.977
98.824127,348.705,64.974,0.976
98.835737,348.437,64.961,0.977
98.847347,348.246,64.951,0.979
98.858957,348.166,64.947,0.982
98.870567,348.062,64.942,0.986
98.882177,347.864,64.932,0.986
98.893787,347.863,64.932,0.985
98.905397,347.808,64.929,0.983
98.917007,347.751,64.927,0.978
98.928617,347.819,64.930,0.969
98.940227,347.781,64.928,0.958
98.951837,347.920,64.935,0.945
98.963447,348.202,64.949,0.930
98.975057,348.552,64.966,0.919
98.986667,348.932,64.985,0.910
98.998277,349.216,64.999,0.902
99.009887,349.472,65.012,0.900
99.021497,349.726,65.025,0.903
99.033107,350.065,65.041,0.903
99.044717,350.131,65.045,0.895
99.056327,350.152,65.046,0.879
99.067937,350.164,65.046,0.861
99.079546,350.226,65.049,0.839
99.091156,350.331,65.055,0.809
99.102766,350.424,65.059,0.767
99.114376,350.491,65.062,0.720
99.125986,347.942,64.936,0.704
99.137596,333.717,64.213,0.726
99.149206,148.902,50.242,0.766
99.160816,707.709,77.228,0.798
99.172426,707.986,77.235,0.808
99.184036,370.990,66.047,0.830
99.195646,372.083,66.097,0.853
99.207256,372.912,66.136,0.872
99.218866,371.630,66.076,0.877
99.230476,371.165,66.055,0.884
99.242086,371.409,66.066,0.888
99.253696,370.218,66.010,0.892
99.265306,370.136,66.007,0.904
99.276916,369.843,65.993,0.908
99.288526,369.272,65.966,0.907
99.300136,368.969,65.952,0.902
99.311746,368.869,65.947,0.903
99.323356,368.693,65.939,0.899
99.334966,368.521,65.931,0.898
99.346576,368.280,65.920,0.900
99.358186,368.321,65.922,0.904
99.369796,368.487,65.929,0.907
99.381406,368.813,65.945,0.909
99.393016,369.326,65.969,0.912
99.404626,369.725,65.987,0.903
99.416236,370.148,66.007,0.889
99.427846,370.715,66.034,0.874
99.439456,371.500,66.070,0.868
99.451066,372.561,66.120,0.869
99.462676,374.697,66.219,0.875
99.474286,417.954,68.110,0.885
99.485896,417.435,68.089,0.893
99.497506,416.164,68.036,0.906
99.509116,415.307,68.000,0.921
99.520726,414.761,67.977,0.932
99.532336,414.662,67.973,0.938
99.543946,414.405,67.962,0.939
99.555556,413.440,67.922,0.936
99.567166,412.063,67.864,0.928
99.578776,411.669,67.848,0.923
99.590385,412.923,67.900,0.923
99.601995,414.095,67.949,0.923
99.613605,414.785,67.978,0.922
99.625215,414.954,67.985,0.917
99.636825,414.722,67.976,0.909
99.648435,414.521,67.967,0.903
99.660045,414.446,67.964,0.900
99.671655,414.531,67.968,0.892
99.683265,414.480,67.966,0.882
99.694875,414.707,67.975,0.875
99.706485,415.295,68.000,0.867
99.718095,415.323,68.001,0.857
99.729705,415.134,67.993,0.850
99.741315,414.930,67.984,0.847
99.752925,414.727,67.976,0.849
99.764535,414.610,67.971,0.854
99.776145,414.417,67.963,0.858
99.787755,414.064,67.948,0.861
99.799365,413.778,67.936,0.869
99.810975,413.824,67.938,0.879
99.822585,413.942,67.943,0.885
99.834195,414.033,67.947,0.891
99.845805,414.179,67.953,0.895
99.857415,414.360,67.961,0.901
99.869025,414.625,67.972,0.908
99.880635,414.933,67.985,0.914
99.892245,415.235,67.997,0.917
99.903855,415.330,68.001,0.918
99.915465,415.466,68.007,0.919
99.927075,415.403,68.004,0.920
99.938685,415.283,67.999,0.919
99.950295,415.068,67.990,0.917
99.961905,414.707,67.975,0.914
99.973515,414.089,67.949,0.908
99.985125,412.924,67.900,0.904
99.996735,411.719,67.850,0.900
100.008345,410.724,67.808,0.899
100.019955,410.148,67.784,0.891
100.031565,409.373,67.751,0.881
100.043175,408.363,67.708,0.871
100.054785,375.644,66.262,0.857
100.066395,376.114,66.284,0.849
100.078005,376.204,66.288,0.841
100.089615,375.867,66.273,0.836
100.101224,374.955,66.231,0.827
100.112834,374.506,66.210,0.821
100.124444,375.147,66.239,0.820
100.136054,376.033,66.280,0.818
100.147664,377.606,66.353,0.819
100.159274,377.365,66.342,0.828
100.170884,378.958,66.414,0.835
100.182494,379.521,66.440,0.841
100.194104,380.874,66.502,0.851
100.205714,464.155,69.925,0.856
100.217324,465.169,69.963,0.859
100.228934,340.095,64.541,0.869
100.240544,341.143,64.594,0.879
100.252154,343.583,64.718,0.881
100.263764,345.753,64.827,0.880
100.275374,352.130,65.143,0.884
100.286984,351.236,65.099,0.887
100.298594,350.262,65.051,0.895
100.310204,349.165,64.997,0.902
100.321814,348.050,64.941,0.906
100.333424,345.535,64.816,0.909
100.345034,343.911,64.734,0.911
100.356644,343.551,64.716,0.916
100.368254,343.854,64.731,0.917
100.379864,344.874,64.783,0.920
100.391474,348.558,64.967,0.923
100.403084,351.868,65.130,0.926
100.414694,353.207,65.196,0.925
100.426304,353.904,65.230,0.920
100.437914,353.943,65.232,0.915
100.449524,353.418,65.206,0.908
100.461134,351.226,65.099,0.897
100.472744,348.621,64.970,0.879
100.484354,346.567,64.868,0.859
100.495964,344.369,64.757,0.836
100.507574,342.670,64.672,0.810
100.519184,342.999,64.688,0.781
100.530794,345.746,64.827,0.749
100.542404,349.425,65.010,0.710
100.554014,353.298,65.201,0.666
100.565624,356.532,65.358,0.622
100.577234,356.199,65.342,0.565
100.588844,353.830,65.227,0.483
100.600454,82.752,40.072,0.393
100.612063,359.327,65.494,0.348
100.623673,366.208,65.822,0.292
100.635283,363.839,65.710,0.267
100.646893,179.103,53.439,0.253
100.658503,179.220,53.451,0.242
100.670113,179.243,53.453,0.238
100.681723,179.137,53.443,0.234
100.693333,179.167,53.446,0.233
100.704943,553.528,72.974,0.340
100.716553,552.448,72.940,0.735
100.728163,558.129,73.117,0.799
100.739773,744.614,78.108,0.865
100.751383,753.602,78.316,0.906
100.762993,757.611,78.407,0.931
100.774603,765.244,78.581,0.953
100.786213,768.431,78.653,0.967
100.797823,771.818,78.729,0.982
100.809433,772.101,78.735,0.971
100.821043,775.277,78.806,0.963
100.832653,784.236,79.005,0.939
100.844263,785.152,79.026,0.909
100.855873,787.529,79.078,0.878
100.867483,784.586,79.013,0.834
100.879093,784.249,79.006,0.787
100.890703,81.720,39.855,0.684
100.902313,80.057,39.499,0.605
100.913923,139.667,49.134,0.436
100.925533,358.186,65.438,0.335
100.937143,358.474,65.452,0.319
100.948753,357.492,65.405,0.310
100.960363,356.604,65.362,0.362
100.971973,743.214,78.075,0.668
100.983583,739.814,77.996,0.699
100.995193,468.306,70.079,0.741
101.006803,472.858,70.247,0.784
101.018413,484.226,70.658,0.811
101.030023,499.711,71.203,0.837
101.041633,502.221,71.290,0.860
101.053243,500.793,71.241,0.879
101.064853,498.138,71.148,0.875
101.076463,495.918,71.071,0.885
101.088073,496.273,71.084,0.892
101.099683,497.670,71.132,0.893
101.111293,496.482,71.091,0.898
101.122902,494.933,71.037,0.903
101.134512,494.149,71.009,0.907
101.146122,494.145,71.009,0.910
101.157732,494.241,71.013,0.914
101.169342,494.783,71.032,0.916
101.180952,494.755,71.031,0.913
101.192562,494.249,71.013,0.908
101.204172,493.779,70.996,0.898
101.215782,493.506,70.987,0.883
101.227392,493.579,70.989,0.868
101.239002,493.811,70.997,0.853
101.250612,493.642,70.992,0.835
101.262222,493.706,70.994,0.814
101.273832,493.550,70.988,0.798
101.285442,247.835,59.063,0.794
101.297052,247.415,59.033,0.790
101.308662,247.614,59.047,0.789
101.320272,98.135,43.024,0.784
101.331882,452.609,69.489,0.774
101.343492,80.121,39.513,0.757
101.355102,79.891,39.463,0.741
101.366712,79.891,39.463,0.718
101.378322,79.891,39.463,0.681
101.389932,80.071,39.502,0.647
101.401542,80.117,39.512,0.600
101.413152,112.409,45.375,0.529
101.424762,97.411,42.896,0.413
101.436372,247.270,59.023,0.291
101.447982,246.819,58.991,0.204
101.459592,246.754,58.987,0.184
101.471202,246.528,58.971,0.169
101.482812,247.047,59.007,0.216
101.494422,725.400,77.655,0.646
101.506032,476.484,70.379,0.713
101.517642,414.408,67.963,0.811
101.529252,414.683,67.974,0.866
101.540862,415.270,67.999,0.902
101.552472,415.495,68.008,0.930
101.564082,415.430,68.005,0.952
101.575692,415.235,67.997,0.971
101.587302,414.741,67.976,0.977
101.598912,414.772,67.978,0.985
101.610522,415.418,68.005,0.979
101.622132,416.414,68.046,0.973
101.633741,418.065,68.115,0.968
101.645351,422.385,68.293,0.964
101.656961,873.363,80.869,0.961
101.668571,887.382,81.145,0.959
101.680181,901.087,81.410,0.960
101.691791,457.683,69.682,0.964
101.703401,461.762,69.836,0.966
101.715011,464.991,69.956,0.968
101.726621,466.745,70.022,0.968
101.738231,468.141,70.073,0.968
101.749841,468.632,70.091,0.967
101.761451,468.753,70.096,0.958
101.773061,468.685,70.093,0.941
101.784671,468.696,70.094,0.923
101.796281,469.409,70.120,0.907
101.807891,470.688,70.167,0.894
101.819501,472.951,70.250,0.888
101.831111,475.189,70.332,0.868
101.842721,477.833,70.428,0.846
101.854331,484.736,70.676,0.844
101.865941,486.943,70.755,0.855
101.877551,495.493,71.056,0.863
101.889161,159.005,51.379,0.867
101.900771,840.058,80.196,0.866
101.912381,821.001,79.799,0.850
101.923991,806.468,79.489,0.841
101.935601,803.249,79.420,0.834
101.947211,814.097,79.652,0.815
101.958821,811.691,79.601,0.788
101.970431,820.995,79.798,0.749
101.982041,92.619,42.023,0.705
101.993651,194.391,54.858,0.632
102.005261,92.858,42.067,0.572
102.016871,104.960,44.188,0.516
102.028481,105.031,44.200,0.439
102.040091,155.889,51.036,0.357
102.051701,156.339,51.086,0.325
102.063311,104.321,44.082,0.307
102.074921,104.367,44.090,0.293
102.086531,104.405,44.096,0.281
102.098141,104.417,44.098,0.277
102.109751,104.410,44.097,0.273
102.121361,104.465,44.106,0.264
102.132971,104.444,44.103,0.258
102.144580,104.511,44.114,0.252
102.156190,428.555,68.544,0.241
102.167800,873.577,80.873,0.253
102.179410,461.362,69.821,0.272
102.191020,464.284,69.930,0.288
102.202630,465.371,69.971,0.303
102.214240,466.074,69.997,0.324
102.225850,466.569,70.015,0.338
102.237460,467.093,70.034,0.348
102.249070,467.988,70.068,0.357
102.260680,468.701,70.094,0.355
102.272290,472.309,70.227,0.547
102.283900,395.110,67.137,0.798
102.295510,390.287,66.924,0.872
102.307120,387.939,66.820,0.908
102.318730,385.567,66.714,0.928
102.330340,383.444,66.618,0.941
102.341950,382.118,66.558,0.953
102.353560,380.857,66.501,0.963
102.365170,379.420,66.436,0.968
102.376780,376.268,66.291,0.945
102.388390,374.171,66.194,0.915
102.400000,372.685,66.125,0.883
102.411610,372.205,66.103,0.852
102.423220,372.306,66.108,0.823
102.434830,372.726,66.127,0.788
102.446440,372.581,66.121,0.735
102.458050,371.970,66.092,0.666
102.469660,370.442,66.021,0.568
102.481270,369.131,65.960,0.376
102.492880,372.912,66.136,0.270
102.504490,371.204,66.057,0.230
102.516100,371.054,66.050,0.210
102.527710,736.850,77.926,0.506
102.539320,735.488,77.894,0.638
102.550930,732.845,77.832,0.676
102.562540,459.109,69.736,0.726
102.574150,405.943,67.605,0.792
102.585760,406.197,67.616,0.833
102.597370,405.768,67.598,0.864
102.608980,404.683,67.551,0.888
102.620590,403.366,67.495,0.906
102.632200,401.337,67.408,0.914
102.643810,398.368,67.279,0.927
102.655420,392.049,67.002,0.933
102.667029,391.563,66.981,0.933
102.678639,392.608,67.027,0.935
102.690249,393.097,67.049,0.937
102.701859,395.045,67.134,0.940
102.713469,408.229,67.702,0.943
102.725079,412.283,67.874,0.948
102.736689,413.216,67.913,0.950
102.748299,413.968,67.944,0.953
102.759909,414.985,67.987,0.955
102.771519,415.615,68.013,0.956
102.783129,415.796,68.020,0.956
102.794739,415.879,68.024,0.956
102.806349,415.851,68.023,0.953
102.817959,415.845,68.022,0.950
102.829569,415.974,68.028,0.948
102.841179,416.013,68.029,0.947
102.852789,416.009,68.029,0.947
102.864399,415.970,68.028,0.945
102.876009,415.844,68.022,0.939
102.887619,415.742,68.018,0.928
102.899229,415.743,68.018,0.910
102.910839,415.634,68.014,0.887
102.922449,415.414,68.005,0.863
102.934059,415.273,67.999,0.828
102.945669,415.236,67.997,0.778
102.957279,414.459,67.965,0.701
102.968889,411.623,67.846,0.585
102.980499,412.746,67.893,0.298
102.992109,413.030,67.905,0.135
103.003719,413.530,67.926,0.108
103.015329,413.174,67.911,0.103
103.026939,413.749,67.935,0.245
103.038549,763.273,78.536,0.640
103.050159,371.088,66.051,0.689
103.061769,408.828,67.728,0.778
103.073379,407.147,67.657,0.821
103.084989,405.559,67.589,0.860
103.096599,402.920,67.476,0.890
103.108209,399.576,67.332,0.914
103.119819,395.699,67.163,0.939
103.131429,393.500,67.066,0.947
103.143039,389.378,66.884,0.957
103.154649,384.525,66.667,0.952
103.166259,378.576,66.397,0.954
103.177868,371.071,66.050,0.952
103.189478,363.553,65.696,0.951
103.201088,357.215,65.391,0.947
103.212698,352.740,65.173,0.938
103.224308,351.041,65.090,0.934
103.235918,350.420,65.059,0.932
103.247528,350.252,65.051,0.933
103.259138,350.393,65.058,0.931
103.270748,350.634,65.070,0.927
103.282358,350.950,65.085,0.924
103.293968,351.130,65.094,0.922
103.305578,351.081,65.092,0.923
103.317188,350.891,65.082,0.923
103.328798,350.648,65.070,0.922
103.340408,350.507,65.063,0.923
103.352018,350.496,65.063,0.921
103.363628,350.383,65.057,0.921
103.375238,350.219,65.049,0.921
103.386848,350.133,65.045,0.921
103.398458,350.135,65.045,0.918
103.410068,350.215,65.049,0.916
103.421678,350.398,65.058,0.914
103.433288,350.568,65.066,0.910
103.444898,350.597,65.068,0.911
103.456508,350.683,65.072,0.907
103.468118,350.604,65.068,0.905
103.479728,350.540,65.065,0.904
103.491338,350.268,65.051,0.903
103.502948,349.678,65.022,0.897
103.514558,349.085,64.993,0.888
103.526168,348.512,64.964,0.876
103.537778,347.925,64.935,0.860
103.549388,347.696,64.924,0.843
103.560998,347.706,64.924,0.824
103.572608,347.115,64.895,0.796
103.584218,346.610,64.870,0.764
103.595828,347.616,64.920,0.735
103.607438,352.394,65.156,0.709
103.619048,754.200,78.329,0.685
103.630658,754.740,78.342,0.670
103.642268,756.388,78.379,0.654
103.653878,751.435,78.266,0.615
103.665488,750.439,78.243,0.586
103.677098,738.680,77.969,0.527
103.688707,736.201,77.911,0.466
103.700317,721.549,77.563,0.374
103.711927,719.755,77.520,0.315
103.723537,714.246,77.387,0.251
103.735147,353.914,65.231,0.220
103.746757,353.161,65.194,0.199
103.758367,351.705,65.122,0.187
103.769977,351.285,65.102,0.186
103.781587,351.124,65.094,0.188
103.793197,351.254,65.100,0.186
103.804807,351.312,65.103,0.183
103.816417,351.121,65.094,0.185
103.828027,351.258,65.100,0.183
103.839637,351.124,65.094,0.178
103.851247,351.323,65.104,0.172
103.862857,351.164,65.096,0.164
103.874467,351.075,65.091,0.153
103.886077,350.748,65.075,0.148
103.897687,350.913,65.083,0.135
103.909297,350.828,65.079,0.120
103.920907,350.717,65.074,0.107
103.932517,350.608,65.068,0.094
103.944127,350.656,65.071,0.083
103.955737,350.420,65.059,0.077
103.967347,350.513,65.064,0.068
103.978957,350.493,65.063,0.060
103.990567,350.495,65.063,0.056
104.002177,350.438,65.060,0.049
104.013787,349.940,65.035,0.048
104.025397,349.668,65.022,0.051
104.037007,348.930,64.985,0.063
104.048617,348.643,64.971,0.067
104.060227,348.092,64.944,0.069
104.071837,348.202,64.949,0.069
104.083447,347.568,64.917,0.073
104.095057,349.675,65.022,0.074
104.106667,353.336,65.202,0.071
104.118277,359.147,65.485,0.065
104.129887,365.148,65.772,0.049
104.141497,367.964,65.905,0.033
104.153107,754.826,78.344,0.024
104.164717,752.674,78.294,0.007
104.176327,,,0.000
104.187937,,,0.000
104.199546,,,0.000
104.211156,,,0.000
104.222766,,,0.000
104.234376,,,0.000
104.245986,,,0.000
104.257596,,,0.000
104.269206,,,0.000
104.280816,,,0.000
104.292426,,,0.000
104.304036,,,0.000
104.315646,,,0.000
104.327256,,,0.000
104.338866,,,0.000
104.350476,,,0.000
104.362086,,,0.000
104.373696,,,0.000
104.385306,,,0.000
104.396916,,,0.000
104.408526,,,0.000
104.420136,,,0.000
104.431746,,,0.000
104.443356,,,0.000
104.454966,,,0.000
104.466576,,,0.000
104.478186,,,0.000
104.489796,,,0.000
104.501406,,,0.000
104.513016,,,0.000
104.524626,,,0.000
104.536236,,,0.000
104.547846,,,0.000
104.559456,,,0.000
104.571066,,,0.000
104.582676,,,0.000
104.594286,,,0.000
104.605896,,,0.000
104.617506,,,0.000
104.629116,,,0.000
104.640726,,,0.000
104.652336,,,0.000
104.663946,,,0.000
104.675556,,,0.000
104.687166,,,0.000
104.698776,,,0.000
104.710385,,,0.000
104.721995,,,0.000
104.733605,,,0.000
104.745215,,,0.000
104.756825,,,0.000
104.768435,,,0.000
104.780045,,,0.000
104.791655,,,0.000
104.803265,,,0.000
104.814875,,,0.000
104.826485,,,0.000
104.838095,,,0.000
104.849705,,,0.000
104.861315,,,0.000
104.872925,,,0.000
104.884535,,,0.000
104.896145,,,0.000
104.907755,,,0.000
104.919365,,,0.000
104.930975,,,0.000
104.942585,,,0.000
104.954195,,,0.000
104.965805,,,0.000
104.977415,,,0.000
104.989025,,,0.000
105.000635,,,0.000
105.012245,,,0.000
105.023855,,,0.000
105.035465,,,0.000
105.047075,,,0.000
105.058685,,,0.000
105.070295,,,0.000
105.081905,,,0.000
105.093515,,,0.000
105.105125,,,0.000
105.116735,,,0.000
105.128345,,,0.000
105.139955,,,0.000
105.151565,,,0.000
105.163175,,,0.000
105.174785,,,0.000
105.186395,,,0.000
105.198005,,,0.000
105.209615,,,0.000
105.221224,,,0.000
105.232834,,,0.000
105.244444,,,0.000
105.256054,,,0.000
105.267664,,,0.000
105.279274,,,0.000
105.290884,,,0.000
105.302494,,,0.000
105.314104,,,0.000
105.325714,,,0.000
105.337324,,,0.000
105.348934,,,0.000
105.360544,,,0.000
105.372154,,,0.000
105.383764,,,0.000
105.395374,,,0.000
105.406984,,,0.000
105.418594,,,0.000
105.430204,,,0.000
105.441814,,,0.000
105.453424,,,0.000
105.465034,,,0.000
105.476644,,,0.000
105.488254,,,0.000
105.499864,,,0.000
105.511474,,,0.000
105.523084,,,0.000
105.534694,,,0.000
105.546304,,,0.000
105.557914,,,0.000
105.569524,,,0.000
105.581134,,,0.000
105.592744,,,0.000
105.604354,,,0.000
105.615964,,,0.000
105.627574,,,0.000
105.639184,,,0.000
105.650794,,,0.000
105.662404,,,0.000
105.674014,,,0.000
105.685624,,,0.000
105.697234,,,0.000
105.708844,,,0.000
105.720454,,,0.000
105.732063,,,0.000
105.743673,,,0.000
105.755283,,,0.000
105.766893,,,0.000
105.778503,,,0.000
105.790113,,,0.000
105.801723,,,0.000
105.813333,,,0.000
105.824943,,,0.000
105.836553,,,0.000
105.848163,,,0.000
105.859773,,,0.000
105.871383,,,0.000
105.882993,,,0.000
105.894603,,,0.000
105.906213,,,0.000
105.917823,,,0.000
105.929433,,,0.000
105.941043,,,0.000
105.952653,,,0.000
105.964263,,,0.000
105.975873,,,0.000
105.987483,,,0.000
105.999093,,,0.000
106.010703,,,0.000
106.022313,,,0.000
106.033923,,,0.000
106.045533,,,0.000
106.057143,,,0.000
106.068753,,,0.000
106.080363,,,0.000
106.091973,,,0.000
106.103583,,,0.000
106.115193,,,0.000
106.126803,,,0.000
106.138413,,,0.000
106.150023,,,0.000
106.161633,,,0.000
106.173243,,,0.000
106.184853,,,0.000
106.196463,,,0.000
106.208073,,,0.000
106.219683,,,0.000
106.231293,,,0.000
106.242902,,,0.000
106.254512,,,0.000
106.266122,,,0.000
106.277732,,,0.000
106.289342,,,0.000
106.300952,,,0.000
106.312562,,,0.000
106.324172,,,0.000
106.335782,,,0.000
106.347392,,,0.000
106.359002,,,0.000
106.370612,,,0.000
106.382222,,,0.000
106.393832,,,0.000
106.405442,,,0.000
106.417052,,,0.000
106.428662,,,0.000
106.440272,,,0.000
106.451882,,,0.000
106.463492,,,0.000
106.475102,,,0.000
106.486712,,,0.000
106.498322,,,0.000
106.509932,,,0.000
106.521542,,,0.000
106.533152,,,0.000
106.544762,,,0.000
106.556372,,,0.000
106.567982,,,0.000
106.579592,,,0.000
106.591202,,,0.000
106.602812,,,0.000
106.614422,,,0.000
106.626032,,,0.000
106.637642,,,0.000
106.649252,,,0.000
106.660862,,,0.000
106.672472,,,0.000
106.684082,,,0.000
106.695692,,,0.000
106.707302,,,0.000
106.718912,,,0.000
106.730522,,,0.000
106.742132,,,0.000
106.753741,,,0.000
106.765351,,,0.000
106.776961,,,0.000
106.788571,,,0.000
106.800181,,,0.000
106.811791,,,0.000
106.823401,,,0.000
106.835011,,,0.000
106.846621,,,0.000
106.858231,,,0.000
106.869841,,,0.000
106.881451,,,0.000
106.893061,,,0.000
106.904671,,,0.000
106.916281,,,0.000
106.927891,,,0.000
106.939501,,,0.000
106.951111,,,0.000
106.962721,,,0.000
106.974331,,,0.000
106.985941,,,0.000
106.997551,,,0.000
107.009161,,,0.000
107.020771,,,0.000
107.032381,,,0.000
107.043991,,,0.000
107.055601,,,0.000
107.067211,,,0.000
107.078821,,,0.000
107.090431,,,0.000
107.102041,,,0.000
107.113651,,,0.000
107.125261,,,0.000
107.136871,,,0.000
107.148481,,,0.000
107.160091,,,0.000
107.171701,,,0.000
107.183311,,,0.000
107.194921,,,0.000
107.206531,,,0.000
107.218141,,,0.000
107.229751,,,0.000
107.241361,,,0.000
107.252971,,,0.000
107.264580,,,0.000
107.276190,,,0.000
107.287800,,,0.000
107.299410,,,0.000
107.311020,,,0.000
107.322630,,,0.000
107.334240,,,0.000
107.345850,,,0.000
107.357460,,,0.000
107.369070,,,0.000
107.380680,,,0.000
107.392290,,,0.000
107.403900,,,0.000
107.415510,,,0.000
107.427120,,,0.000
107.438730,,,0.000
107.450340,,,0.000
107.461950,,,0.000
107.473560,,,0.000
107.485170,,,0.000
107.496780,,,0.000
107.508390,,,0.000
107.520000,,,0.000
107.531610,,,0.000
107.543220,,,0.000
107.554830,,,0.000
107.566440,,,0.000
107.578050,,,0.000
107.589660,,,0.000
107.601270,,,0.000
107.612880,,,0.000
107.624490,,,0.000
107.636100,,,0.000
107.647710,,,0.000
107.659320,,,0.000
107.670930,,,0.000
107.682540,,,0.000
107.694150,,,0.000
107.705760,,,0.000
107.717370,,,0.000
107.728980,,,0.000
107.740590,,,0.000
107.752200,,,0.000
107.763810,,,0.000
107.775420,,,0.000
107.787029,,,0.000
107.798639,,,0.000
107.810249,,,0.000
107.821859,,,0.000
107.833469,,,0.000
107.845079,,,0.000
107.856689,,,0.000
107.868299,,,0.000
107.879909,,,0.000
107.891519,,,0.000
107.903129,,,0.000
107.914739,,,0.000
107.926349,,,0.000
107.937959,,,0.000
107.949569,,,0.000
107.961179,,,0.000
107.972789,,,0.000
107.984399,,,0.000
107.996009,,,0.000
108.007619,,,0.000
108.019229,,,0.000
108.030839,,,0.000
108.042449,,,0.000
108.054059,,,0.000
108.065669,,,0.000
108.077279,,,0.000
108.088889,,,0.000
108.100499,,,0.000
108.112109,,,0.000
108.123719,,,0.000
108.135329,,,0.000
108.146939,,,0.000
108.158549,,,0.000
108.170159,,,0.000
108.181769,,,0.000
108.193379,,,0.000
108.204989,,,0.000
108.216599,,,0.000
108.228209,,,0.000
108.239819,,,0.000
108.251429,,,0.000
108.263039,,,0.000
108.274649,,,0.000
108.286259,,,0.000
108.297868,,,0.000
108.309478,,,0.000
108.321088,,,0.000
108.332698,,,0.000
108.344308,,,0.000
108.355918,,,0.000
108.367528,,,0.000
108.379138,,,0.000
108.390748,,,0.000
108.402358,,,0.000
108.413968,,,0.000
108.425578,,,0.000
108.437188,,,0.000
108.448798,,,0.000
108.460408,,,0.000
108.472018,,,0.000
108.483628,,,0.000
108.495238,,,0.000
108.506848,,,0.000
108.518458,,,0.000
108.530068,,,0.000
108.541678,,,0.000
108.553288,,,0.000
108.564898,,,0.000
108.576508,,,0.000
108.588118,,,0.000
108.599728,,,0.000
108.611338,,,0.000
108.622948,,,0.000
108.634558,,,0.000
108.646168,,,0.000
108.657778,,,0.000
108.669388,,,0.000
108.680998,,,0.000
108.692608,,,0.000
108.704218,,,0.000
108.715828,,,0.000
108.727438,,,0.000
108.739048,,,0.000
108.750658,,,0.000
108.762268,,,0.000
108.773878,,,0.000
108.785488,,,0.000
108.797098,,,0.000
108.808707,,,0.000
108.820317,,,0.000
108.831927,,,0.000
108.843537,,,0.000
108.855147,,,0.000
108.866757,,,0.000
108.878367,,,0.000
108.889977,,,0.000
108.901587,,,0.000
108.913197,,,0.000
108.924807,,,0.000
108.936417,,,0.000
108.948027,,,0.000
108.959637,,,0.000
108.971247,,,0.000
108.982857,,,0.000
108.994467,,,0.000
109.006077,,,0.000
109.017687,,,0.000
109.029297,,,0.000
109.040907,,,0.000
109.052517,,,0.000
109.064127,,,0.000
109.075737,,,0.000
109.087347,,,0.000
109.098957,,,0.000
109.110567,,,0.000
109.122177,,,0.000
109.133787,,,0.000
109.145397,,,0.000
109.157007,,,0.000
109.168617,,,0.000
109.180227,,,0.000
109.191837,,,0.000
109.203447,,,0.000
109.215057,,,0.000
109.226667,,,0.000
109.238277,,,0.000
109.249887,,,0.000
109.261497,,,0.000
109.273107,,,0.000
109.284717,,,0.000
109.296327,,,0.000
109.307937,,,0.000
109.319546,,,0.000
109.331156,,,0.000
109.342766,,,0.000
109.354376,,,0.000
109.365986,,,0.000
109.377596,,,0.000
109.389206,,,0.000
109.400816,,,0.000
109.412426,,,0.000
109.424036,,,0.000
109.435646,,,0.000
109.447256,,,0.000
109.458866,,,0.000
109.470476,,,0.000
109.482086,,,0.000
109.493696,,,0.000
109.505306,,,0.000
109.516916,,,0.000
109.528526,,,0.000
109.540136,,,0.000
109.551746,,,0.000
109.563356,,,0.000
109.574966,,,0.000
109.586576,,,0.000
109.598186,,,0.000
109.609796,,,0.000
109.621406,,,0.000
109.633016,,,0.000
109.644626,,,0.000
109.656236,,,0.000
109.667846,,,0.000
109.679456,,,0.000
109.691066,,,0.000
109.702676,,,0.000
109.714286,,,0.000
109.725896,,,0.000
109.737506,,,0.000
109.749116,,,0.000
109.760726,,,0.000
109.772336,,,0.000
109.783946,,,0.000
109.795556,,,0.000
109.807166,,,0.000
109.818776,,,0.000
109.830385,,,0.000
109.841995,,,0.000
109.853605,,,0.000
109.865215,,,0.000
109.876825,,,0.000
109.888435,,,0.000
109.900045,,,0.000
109.911655,,,0.000
109.923265,,,0.000
109.934875,,,0.000
109.946485,,,0.000
109.958095,,,0.000
109.969705,,,0.000
109.981315,,,0.000
109.992925,,,0.000
110.004535,,,0.000
110.016145,,,0.000
110.027755,,,0.000
110.039365,,,0.000
110.050975,,,0.000
110.062585,,,0.000
110.074195,,,0.000
110.085805,,,0.000
110.097415,,,0.000
110.109025,,,0.000
110.120635,,,0.000
110.132245,,,0.000
110.143855,,,0.000
110.155465,,,0.000
110.167075,,,0.000
110.178685,,,0.000
110.190295,,,0.000
110.201905,,,0.000
110.213515,,,0.000
110.225125,,,0.000
110.236735,,,0.000
110.248345,,,0.000
110.259955,,,0.000
110.271565,,,0.000
110.283175,,,0.000
110.294785,,,0.000
110.306395,,,0.000
110.318005,,,0.000
110.329615,,,0.000
110.341224,,,0.000
110.352834,,,0.000
110.364444,,,0.000
110.376054,,,0.000
110.387664,,,0.000
110.399274,,,0.000
110.410884,,,0.000
110.422494,,,0.000
110.434104,,,0.000
110.445714,,,0.000
110.457324,,,0.000
110.468934,,,0.000
110.480544,,,0.000
110.492154,,,0.000
110.503764,,,0.000
110.515374,,,0.000
110.526984,,,0.000
110.538594,,,0.000
110.550204,,,0.000
110.561814,,,0.000
110.573424,,,0.000
110.585034,,,0.000
110.596644,,,0.000
110.608254,,,0.000
110.619864,,,0.000
110.631474,,,0.000
110.643084,,,0.000
110.654694,,,0.000
110.666304,,,0.000
110.677914,,,0.000
110.689524,,,0.000
110.701134,,,0.000
110.712744,,,0.000
110.724354,,,0.000
110.735964,,,0.000
110.747574,,,0.000
110.759184,,,0.000
110.770794,,,0.000
110.782404,,,0.000
110.794014,,,0.000
110.805624,,,0.000
110.817234,,,0.000
110.828844,,,0.000
110.840454,,,0.000
110.852063,,,0.000
110.863673,,,0.000
110.875283,,,0.000
110.886893,,,0.000
110.898503,,,0.000
110.910113,,,0.000
110.921723,,,0.000
110.933333,,,0.000
110.944943,,,0.000
110.956553,,,0.000
110.968163,,,0.000
110.979773,,,0.000
110.991383,,,0.000
111.002993,,,0.000
111.014603,,,0.000
111.026213,,,0.000
111.037823,,,0.000
111.049433,,,0.000
111.061043,,,0.000
111.072653,,,0.000
111.084263,,,0.000
111.095873,,,0.000
111.107483,,,0.000
111.119093,,,0.000
111.130703,,,0.000
111.142313,,,0.000
111.153923,,,0.000
111.165533,,,0.000
111.177143,,,0.000
111.188753,,,0.000
111.200363,,,0.000
111.211973,,,0.000
111.223583,,,0.000
111.235193,,,0.000
111.246803,,,0.000
111.258413,,,0.000
111.270023,,,0.000
111.281633,,,0.000
111.293243,,,0.000
111.304853,,,0.000
111.316463,,,0.000
111.328073,,,0.000
111.339683,,,0.000
111.351293,,,0.000
111.362902,,,0.000
111.374512,,,0.000
111.386122,,,0.000
111.397732,,,0.000
111.409342,,,0.000
111.420952,,,0.000
111.432562,,,0.000
111.444172,,,0.000
111.455782,,,0.000
111.467392,,,0.000
111.479002,,,0.000
111.490612,,,0.000
111.502222,,,0.000
111.513832,,,0.000
111.525442,,,0.000
111.537052,,,0.000
111.548662,,,0.000
111.560272,,,0.000
111.571882,,,0.000
111.583492,,,0.000
111.595102,,,0.000
111.606712,,,0.000
111.618322,,,0.000
111.629932,,,0.000
111.641542,,,0.000
111.653152,,,0.000
111.664762,,,0.000
111.676372,,,0.000
111.687982,,,0.000
111.699592,,,0.000
111.711202,,,0.000
111.722812,,,0.000
111.734422,,,0.000
111.746032,,,0.000
111.757642,,,0.000
111.769252,,,0.000
111.780862,,,0.000
111.792472,,,0.000
111.804082,,,0.000
111.815692,,,0.000
111.827302,,,0.000
111.838912,,,0.000
111.850522,,,0.000
111.862132,,,0.000
111.873741,,,0.000
111.885351,,,0.000
111.896961,,,0.000
111.908571,,,0.000
111.920181,,,0.000
111.931791,,,0.000
111.943401,,,0.000
111.955011,,,0.000
111.966621,,,0.000
111.978231,,,0.000
111.989841,,,0.000
112.001451,,,0.000
112.013061,,,0.000
112.024671,,,0.000
112.036281,,,0.000
112.047891,,,0.000
112.059501,,,0.000
112.071111,,,0.000
112.082721,,,0.000
112.094331,,,0.000
112.105941,,,0.000
112.117551,,,0.000
112.129161,,,0.000
112.140771,,,0.000
112.152381,,,0.000
112.163991,,,0.000
112.175601,,,0.000
112.187211,,,0.000
112.198821,,,0.000
112.210431,,,0.000
112.222041,,,0.000
112.233651,,,0.000
112.245261,,,0.000
112.256871,,,0.000
112.268481,,,0.000
112.280091,,,0.000
112.291701,,,0.000
112.303311,,,0.000
112.314921,,,0.000
112.326531,,,0.000
112.338141,,,0.000
112.349751,,,0.000
112.361361,,,0.000
112.372971,,,0.000
112.384580,,,0.000
112.396190,,,0.000
112.407800,,,0.000
112.419410,,,0.000
112.431020,,,0.000
112.442630,,,0.000
112.454240,,,0.000
112.465850,,,0.000
112.477460,,,0.000
112.489070,,,0.000
112.500680,,,0.000
112.512290,,,0.000
112.523900,,,0.000
112.535510,,,0.000
112.547120,,,0.000
112.558730,,,0.000
112.570340,,,0.000
112.581950,,,0.000
112.593560,,,0.000
112.605170,,,0.000
112.616780,,,0.000
112.628390,,,0.000
112.640000,,,0.000
112.651610,,,0.000
112.663220,,,0.000
112.674830,,,0.000
112.686440,,,0.000
112.698050,,,0.000
112.709660,,,0.000
112.721270,,,0.000
112.732880,,,0.000
112.744490,,,0.000
112.756100,,,0.000
112.767710,,,0.000
112.779320,,,0.000
112.790930,,,0.000
112.802540,,,0.000
112.814150,,,0.000
112.825760,,,0.000
112.837370,,,0.000
112.848980,,,0.000
112.860590,,,0.000
112.872200,,,0.000
112.883810,,,0.000
112.895420,,,0.000
112.907029,,,0.000
112.918639,,,0.000
112.930249,,,0.000
112.941859,,,0.000
112.953469,,,0.000
112.965079,,,0.000
112.976689,,,0.000
112.988299,,,0.000
112.999909,,,0.000
113.011519,,,0.000
113.023129,,,0.000
113.034739,,,0.000
113.046349,,,0.000
113.057959,,,0.000
113.069569,,,0.000
113.081179,,,0.000
113.092789,,,0.000
113.104399,,,0.000
113.116009,,,0.000
113.127619,,,0.000
113.139229,,,0.000
113.150839,,,0.000
113.162449,,,0.000
113.174059,,,0.000
113.185669,,,0.000
113.197279,,,0.000
113.208889,,,0.000
113.220499,,,0.000
113.232109,,,0.000
113.243719,,,0.000
113.255329,,,0.000
113.266939,,,0.000
113.278549,,,0.000
113.290159,,,0.000
113.301769,,,0.000
113.313379,,,0.000
113.324989,,,0.000
113.336599,,,0.000
113.348209,,,0.000
113.359819,,,0.000
113.371429,,,0.000
113.383039,,,0.000
113.394649,,,0.000
113.406259,,,0.000
113.417868,,,0.000
113.429478,,,0.000
113.441088,,,0.000
113.452698,,,0.000
113.464308,,,0.000
113.475918,,,0.000
113.487528,,,0.000
113.499138,,,0.000
113.510748,,,0.000
113.522358,,,0.000
113.533968,,,0.000
113.545578,,,0.000
113.557188,,,0.000
113.568798,,,0.000
113.580408,,,0.000
113.592018,,,0.000
113.603628,,,0.000
113.615238,,,0.000
113.626848,,,0.000
113.638458,,,0.000
113.650068,,,0.000
113.661678,,,0.000
113.673288,,,0.000
113.684898,,,0.000
113.696508,,,0.000
113.708118,,,0.000
113.719728,,,0.000
113.731338,,,0.000
113.742948,,,0.000
113.754558,,,0.000
113.766168,,,0.000
113.777778,,,0.000
113.789388,,,0.000
113.800998,,,0.000
113.812608,,,0.000
113.824218,,,0.000
113.835828,,,0.000
113.847438,,,0.000
113.859048,,,0.000
113.870658,,,0.000
113.882268,,,0.000
113.893878,,,0.000
113.905488,,,0.000
113.917098,,,0.000
113.928707,,,0.000
113.940317,,,0.000
113.951927,,,0.000
113.963537,,,0.000
113.975147,,,0.000
113.986757,,,0.000
113.998367,,,0.000
114.009977,,,0.000
114.021587,,,0.000
114.033197,,,0.000
114.044807,,,0.000
114.056417,,,0.000
114.068027,,,0.000
114.079637,,,0.000
114.091247,,,0.000
114.102857,,,0.000
114.114467,,,0.000
114.126077,,,0.000
114.137687,,,0.000
114.149297,,,0.000
114.160907,,,0.000
114.172517,,,0.000
114.184127,,,0.000
114.195737,,,0.000
114.207347,,,0.000
114.218957,,,0.000
114.230567,,,0.000
114.242177,,,0.000
114.253787,,,0.000
114.265397,,,0.000
114.277007,,,0.000
114.288617,,,0.000
114.300227,,,0.000
114.311837,,,0.000
114.323447,,,0.000
114.335057,,,0.000
114.346667,,,0.000
114.358277,,,0.000
114.369887,,,0.000
114.381497,,,0.000
114.393107,,,0.000
114.404717,,,0.000
114.416327,,,0.000
114.427937,,,0.000
114.439546,,,0.000
114.451156,,,0.000
114.462766,,,0.000
114.474376,,,0.000
114.485986,,,0.000
114.497596,,,0.000
114.509206,,,0.000
114.520816,,,0.000
114.532426,,,0.000
114.544036,,,0.000
114.555646,,,0.000
114.567256,,,0.000
114.578866,,,0.000
114.590476,,,0.000
114.602086,,,0.000
114.613696,,,0.000
114.625306,,,0.000
114.636916,,,0.000
114.648526,,,0.000
114.660136,,,0.000
114.671746,,,0.000
114.683356,,,0.000
114.694966,,,0.000
114.706576,,,0.000
114.718186,,,0.000
114.729796,,,0.000
114.741406,,,0.000
114.753016,,,0.000
114.764626,,,0.000
114.776236,,,0.000
114.787846,,,0.000
114.799456,,,0.000
114.811066,,,0.000
114.822676,,,0.000
114.834286,,,0.000
114.845896,,,0.000
114.857506,,,0.000
114.869116,,,0.000
114.880726,,,0.000
114.892336,,,0.000
114.903946,,,0.000
114.915556,,,0.000
114.927166,,,0.000
114.938776,,,0.000
114.950385,,,0.000
114.961995,,,0.000
114.973605,,,0.000
114.985215,,,0.000
114.996825,,,0.000
115.008435,,,0.000
115.020045,,,0.000
115.031655,,,0.000
115.043265,,,0.000
115.054875,,,0.000
115.066485,,,0.000
115.078095,,,0.000
115.089705,,,0.000
115.101315,,,0.000
115.112925,,,0.000
115.124535,,,0.000
115.136145,,,0.000
115.147755,,,0.000
115.159365,,,0.000
115.170975,,,0.000
115.182585,,,0.000
115.194195,,,0.000
115.205805,,,0.000
115.217415,,,0.000
115.229025,,,0.000
115.240635,,,0.000
115.252245,,,0.000
115.263855,,,0.000
115.275465,,,0.000
115.287075,,,0.000
115.298685,,,0.000
115.310295,,,0.000
115.321905,,,0.000
115.333515,,,0.000
115.345125,,,0.000
115.356735,,,0.000
115.368345,,,0.000
115.379955,,,0.000
115.391565,,,0.000
115.403175,,,0.000
115.414785,,,0.000
115.426395,,,0.000
115.438005,,,0.000
115.449615,,,0.000
115.461224,,,0.000
115.472834,,,0.000
115.484444,,,0.000
115.496054,,,0.000
115.507664,,,0.000
115.519274,,,0.000
115.530884,,,0.000
115.542494,,,0.000
115.554104,,,0.000
115.565714,,,0.000
115.577324,,,0.000
115.588934,,,0.000
115.600544,,,0.000
115.612154,,,0.000
115.623764,,,0.000
115.635374,,,0.000
115.646984,,,0.000
115.658594,,,0.000
115.670204,,,0.000
115.681814,,,0.000
115.693424,,,0.000
115.705034,,,0.000
115.716644,,,0.000
115.728254,,,0.000
115.739864,,,0.000
115.751474,,,0.000
115.763084,,,0.000
115.774694,,,0.000
115.786304,,,0.000
115.797914,,,0.000
115.809524,,,0.000
115.821134,,,0.000
115.832744,,,0.000
115.844354,,,0.000
115.855964,,,0.000
115.867574,,,0.000
115.879184,,,0.000
115.890794,,,0.000
115.902404,,,0.000
115.914014,,,0.000
115.925624,,,0.000
115.937234,,,0.000
115.948844,,,0.000
115.960454,,,0.000
115.972063,,,0.000
115.983673,,,0.000
115.995283,,,0.000
116.006893,,,0.000
116.018503,,,0.000
116.030113,,,0.000
116.041723,,,0.000
116.053333,,,0.000
116.064943,,,0.000
116.076553,,,0.000
116.088163,,,0.000
116.099773,,,0.000
116.111383,,,0.000
116.122993,,,0.000
116.134603,,,0.000
116.146213,,,0.000
116.157823,,,0.000
116.169433,,,0.000
116.181043,,,0.000
116.192653,,,0.000
116.204263,,,0.000
116.215873,,,0.000
116.227483,,,0.000
116.239093,,,0.000
116.250703,,,0.000
116.262313,,,0.000
116.273923,,,0.000
116.285533,,,0.000
116.297143,,,0.000
116.308753,,,0.000
116.320363,,,0.000
116.331973,,,0.000
116.343583,,,0.000
116.355193,,,0.000
116.366803,,,0.000
116.378413,,,0.000
116.390023,,,0.000
116.401633,,,0.000
116.413243,,,0.000
116.424853,,,0.000
116.436463,,,0.000
116.448073,,,0.000
116.459683,,,0.000
116.471293,,,0.000
116.482902,,,0.000
116.494512,,,0.000
116.506122,,,0.000
116.517732,,,0.000
116.529342,,,0.000
116.540952,,,0.000
116.552562,,,0.000
116.564172,,,0.000
116.575782,,,0.000
116.587392,,,0.000
116.599002,,,0.000
116.610612,,,0.000
116.622222,,,0.000
116.633832,,,0.000
116.645442,,,0.000
116.657052,,,0.000
116.668662,,,0.000
116.680272,,,0.000
116.691882,,,0.000
116.703492,,,0.000
116.715102,,,0.000
116.726712,,,0.000
116.738322,,,0.000
116.749932,,,0.000
116.761542,,,0.000
116.773152,,,0.000
116.784762,,,0.000
116.796372,,,0.000
116.807982,,,0.000
116.819592,,,0.000
116.831202,,,0.000
116.842812,,,0.000
116.854422,,,0.000
116.866032,,,0.000
116.877642,,,0.000
116.889252,,,0.000
116.900862,,,0.000
116.912472,,,0.000
116.924082,,,0.000
116.935692,,,0.000
116.947302,,,0.000
116.958912,,,0.000
116.970522,,,0.000
116.982132,,,0.000
116.993741,,,0.000
117.005351,,,0.000
117.016961,,,0.000
117.028571,,,0.000
117.040181,,,0.000
117.051791,,,0.000
117.063401,,,0.000
117.075011,,,0.000
117.086621,,,0.000
117.098231,,,0.000
117.109841,,,0.000
117.121451,,,0.000
117.133061,,,0.000
117.144671,,,0.000
117.156281,,,0.000
117.167891,,,0.000
117.179501,,,0.000
117.191111,,,0.000
117.202721,,,0.000
117.214331,,,0.000
117.225941,,,0.000
117.237551,,,0.000
117.249161,,,0.000
117.260771,,,0.000
117.272381,,,0.000
117.283991,,,0.000
117.295601,,,0.000
117.307211,,,0.000
117.318821,,,0.000
117.330431,,,0.000
117.342041,,,0.000
117.353651,,,0.000
117.365261,,,0.000
117.376871,,,0.000
117.388481,,,0.000
117.400091,,,0.000
117.411701,,,0.000
117.423311,,,0.000
117.434921,,,0.000
117.446531,,,0.000
117.458141,,,0.000
117.469751,,,0.000
117.481361,,,0.000
117.492971,,,0.000
117.504580,,,0.000
117.516190,,,0.000
117.527800,,,0.000
117.539410,,,0.000
117.551020,,,0.000
117.562630,,,0.000
117.574240,,,0.000
117.585850,,,0.000
117.597460,,,0.000
117.609070,,,0.000
117.620680,,,0.000
117.632290,,,0.000
117.643900,,,0.000
117.655510,,,0.000
117.667120,,,0.000
117.678730,,,0.000
117.690340,,,0.000
117.701950,,,0.000
117.713560,,,0.000
117.725170,,,0.000
117.736780,,,0.000
117.748390,,,0.000
117.760000,,,0.000
117.771610,,,0.000
117.783220,,,0.000
117.794830,,,0.000
117.806440,,,0.000
117.818050,,,0.000
117.829660,,,0.000
117.841270,,,0.000
117.852880,,,0.000
117.864490,,,0.000
117.876100,,,0.000
117.887710,,,0.000
117.899320,,,0.000
117.910930,,,0.000
117.922540,,,0.000
117.934150,,,0.000
117.945760,,,0.000
117.957370,,,0.000
117.968980,,,0.000
117.980590,,,0.000
117.992200,,,0.000
118.003810,,,0.000
118.015420,,,0.000
118.027029,,,0.000
118.038639,,,0.000
118.050249,,,0.000
118.061859,,,0.000
118.073469,,,0.000
118.085079,,,0.000
118.096689,,,0.000
118.108299,,,0.000
118.119909,,,0.000
118.131519,,,0.000
118.143129,,,0.000
118.154739,,,0.000
118.166349,,,0.000
118.177959,,,0.000
118.189569,,,0.000
118.201179,,,0.000
118.212789,,,0.000
118.224399,,,0.000
118.236009,,,0.000
118.247619,,,0.000
118.259229,,,0.000
118.270839,,,0.000
118.282449,,,0.000
118.294059,,,0.000
118.305669,,,0.000
118.317279,,,0.000
118.328889,,,0.000
118.340499,,,0.000
118.352109,,,0.000
118.363719,,,0.000
118.375329,,,0.000
118.386939,,,0.000
118.398549,,,0.000
118.410159,,,0.000
118.421769,,,0.000
118.433379,,,0.000
118.444989,,,0.000
118.456599,,,0.000
118.468209,,,0.000
118.479819,,,0.000
118.491429,,,0.000
118.503039,,,0.000
118.514649,,,0.000
118.526259,,,0.000
118.537868,,,0.000
118.549478,,,0.000
118.561088,,,0.000
118.572698,,,0.000
118.584308,,,0.000
118.595918,,,0.000
118.607528,,,0.000
118.619138,,,0.000
118.630748,,,0.000
118.642358,,,0.000
118.653968,,,0.000
118.665578,,,0.000
118.677188,,,0.000
118.688798,,,0.000
118.700408,,,0.000
118.712018,,,0.000
118.723628,,,0.000
118.735238,,,0.000
118.746848,,,0.000
118.758458,,,0.000
118.770068,,,0.000
118.781678,,,0.000
118.793288,,,0.000
118.804898,,,0.000
118.816508,,,0.000
118.828118,,,0.000
118.839728,,,0.000
118.851338,,,0.000
118.862948,,,0.000
118.874558,,,0.000
118.886168,,,0.000
118.897778,,,0.000
118.909388,,,0.000
118.920998,,,0.000
118.932608,,,0.000
118.944218,,,0.000
118.955828,,,0.000
118.967438,,,0.000
118.979048,,,0.000
118.990658,,,0.000
119.002268,,,0.000
119.013878,,,0.000
119.025488,,,0.000
119.037098,,,0.000
119.048707,,,0.000
119.060317,,,0.000
119.071927,,,0.000
119.083537,,,0.000
119.095147,,,0.000
119.106757,,,0.000
119.118367,,,0.000
119.129977,,,0.000
119.141587,,,0.000
119.153197,,,0.000
119.164807,,,0.000
119.176417,,,0.000
119.188027,,,0.000
119.199637,,,0.000
119.211247,,,0.000
119.222857,,,0.000
119.234467,,,0.000
119.246077,,,0.000
119.257687,,,0.000
119.269297,,,0.000
119.280907,,,0.000
119.292517,,,0.000
119.304127,,,0.000
119.315737,,,0.000
119.327347,,,0.000
119.338957,,,0.000
119.350567,,,0.000
119.362177,,,0.000
119.373787,,,0.000
119.385397,,,0.000
119.397007,,,0.000
119.408617,,,0.000
119.420227,,,0.000
119.431837,,,0.000
119.443447,,,0.000
119.455057,,,0.000
119.466667,,,0.000
119.478277,,,0.000
119.489887,,,0.000
119.501497,,,0.000
119.513107,,,0.000
119.524717,,,0.000
119.536327,,,0.000
119.547937,,,0.000
119.559546,,,0.000
119.571156,,,0.000
119.582766,,,0.000
119.594376,,,0.000
119.605986,,,0.000
119.617596,,,0.000
119.629206,,,0.000
119.640816,,,0.000
119.652426,,,0.000
119.664036,,,0.000
119.675646,,,0.000
119.687256,,,0.000
119.698866,,,0.000
119.710476,,,0.000
119.722086,,,0.000
119.733696,,,0.000
119.745306,,,0.000
119.756916,,,0.000
119.768526,,,0.000
119.780136,,,0.000
119.791746,,,0.000
119.803356,,,0.000
119.814966,,,0.000
119.826576,,,0.000
119.838186,,,0.000
119.849796,,,0.000
119.861406,,,0.000
119.873016,,,0.000
119.884626,,,0.000
119.896236,,,0.000
119.907846,,,0.000
119.919456,,,0.000
119.931066,,,0.000
119.942676,,,0.000
119.954286,,,0.000
119.965896,,,0.000
119.977506,,,0.000
119.989116,,,0.000
120.000726,,,0.000
120.012336,,,0.000
120.023946,,,0.000
120.035556,,,0.000
120.047166,,,0.000
120.058776,,,0.000
120.070385,,,0.000
120.081995,,,0.000
120.093605,,,0.000
120.105215,,,0.000
120.116825,,,0.000
120.128435,,,0.000
120.140045,,,0.000
120.151655,,,0.000
120.163265,,,0.000
120.174875,,,0.000
120.186485,,,0.000
120.198095,,,0.000
120.209705,,,0.000
120.221315,,,0.000
120.232925,,,0.000
120.244535,,,0.000
120.256145,,,0.000
120.267755,,,0.000
120.279365,,,0.000
120.290975,,,0.000
120.302585,,,0.000
120.314195,,,0.000
120.325805,,,0.000
120.337415,,,0.000
120.349025,,,0.000
120.360635,,,0.000
120.372245,,,0.000
120.383855,,,0.000
120.395465,,,0.000
120.407075,,,0.000
120.418685,,,0.000
120.430295,,,0.000
120.441905,,,0.000
120.453515,,,0.000
120.465125,,,0.000
120.476735,,,0.000
120.488345,,,0.000
120.499955,,,0.000
120.511565,,,0.000
120.523175,,,0.000
120.534785,,,0.000
120.546395,,,0.000
120.558005,,,0.000
120.569615,,,0.000
120.581224,,,0.000
120.592834,,,0.000
120.604444,,,0.000
120.616054,,,0.000
120.627664,,,0.000
120.639274,,,0.000
120.650884,,,0.000
120.662494,,,0.000
120.674104,,,0.000
120.685714,,,0.000
120.697324,,,0.000
120.708934,,,0.000
120.720544,,,0.000
120.732154,,,0.000
120.743764,,,0.000
120.755374,,,0.000
120.766984,,,0.000
120.778594,,,0.000
120.790204,,,0.000
120.801814,,,0.000
120.813424,,,0.000
120.825034,,,0.000
120.836644,,,0.000
120.848254,,,0.000
120.859864,,,0.000
120.871474,,,0.000
120.883084,,,0.000
120.894694,,,0.000
120.906304,,,0.000
120.917914,,,0.000
120.929524,,,0.000
120.941134,,,0.000
120.952744,,,0.000
120.964354,,,0.000
120.975964,,,0.000
120.987574,,,0.000
120.999184,,,0.000
121.010794,,,0.000
121.022404,,,0.000
121.034014,,,0.000
121.045624,,,0.000
121.057234,,,0.000
121.068844,,,0.000
121.080454,,,0.000
121.092063,,,0.000
121.103673,,,0.000
121.115283,,,0.000
121.126893,,,0.000
121.138503,,,0.000
121.150113,,,0.000
121.161723,,,0.000
121.173333,,,0.000
121.184943,,,0.000
121.196553,,,0.000
121.208163,,,0.000
121.219773,,,0.000
121.231383,,,0.000
121.242993,,,0.000
121.254603,,,0.000
121.266213,,,0.000
121.277823,,,0.000
121.289433,,,0.000
121.301043,,,0.000
121.312653,,,0.000
121.324263,,,0.000
121.335873,,,0.000
121.347483,,,0.000
121.359093,,,0.000
121.370703,,,0.000
121.382313,,,0.000
121.393923,,,0.000
121.405533,,,0.000
121.417143,,,0.000
121.428753,,,0.000
121.440363,,,0.000
121.451973,,,0.000
121.463583,,,0.000
121.475193,,,0.000
121.486803,,,0.000
121.498413,,,0.000
121.510023,,,0.000
121.521633,,,0.000
121.533243,,,0.000
121.544853,,,0.000
121.556463,,,0.000
121.568073,,,0.000
121.579683,,,0.000
121.591293,,,0.000
121.602902,,,0.000
121.614512,,,0.000
121.626122,,,0.000
121.637732,,,0.000
121.649342,,,0.000
121.660952,,,0.000
121.672562,,,0.000
121.684172,,,0.000
121.695782,,,0.000
121.707392,,,0.000
121.719002,,,0.000
121.730612,,,0.000
121.742222,,,0.000
121.753832,,,0.000
121.765442,,,0.000
121.777052,,,0.000
121.788662,,,0.000
121.800272,,,0.000
121.811882,,,0.000
121.823492,,,0.000
121.835102,,,0.000
