time_sec,f0_hz,midi,confidence
0.000000,880.510,81.010,0.498
0.011610,881.124,81.022,0.511
0.023220,878.071,80.962,0.524
0.034830,878.204,80.965,0.530
0.046440,873.499,80.872,0.538
0.058050,871.337,80.829,0.509
0.069660,871.652,80.835,0.479
0.081270,856.085,80.523,0.463
0.092880,860.994,80.622,0.452
0.104490,855.558,80.512,0.446
0.116100,856.075,80.523,0.431
0.127710,859.187,80.586,0.428
0.139320,862.388,80.650,0.424
0.150930,866.767,80.738,0.411
0.162540,866.163,80.726,0.403
0.174150,868.688,80.776,0.391
0.185760,868.224,80.767,0.377
0.197370,868.060,80.763,0.359
0.208980,861.259,80.627,0.341
0.220590,855.911,80.519,0.326
0.232200,853.825,80.477,0.291
0.243810,847.837,80.355,0.265
0.255420,842.932,80.255,0.228
0.267029,841.459,80.225,0.186
0.278639,843.129,80.259,0.147
0.290249,827.951,79.944,0.092
0.301859,823.235,79.846,0.054
0.313469,,,0.000
0.325079,,,0.000
0.336689,,,0.000
0.348299,,,0.000
0.359909,,,0.000
0.371519,,,0.000
0.383129,743.642,78.085,0.058
0.394739,634.735,75.344,0.172
0.406349,641.178,75.519,0.235
0.417959,271.381,60.634,0.278
0.429569,638.612,75.449,0.327
0.441179,637.009,75.406,0.367
0.452789,639.699,75.479,0.397
0.464399,645.699,75.640,0.423
0.476009,643.940,75.593,0.445
0.487619,639.960,75.486,0.460
0.499229,635.550,75.366,0.468
0.510839,634.474,75.337,0.482
0.522449,634.891,75.348,0.489
0.534059,116.301,45.964,0.497
0.545669,116.290,45.963,0.502
0.557279,296.873,62.188,0.509
0.568889,115.961,45.914,0.517
0.580499,88.228,41.182,0.518
0.592109,107.315,44.572,0.526
0.603719,107.420,44.589,0.521
0.615329,176.435,53.180,0.553
0.626939,197.762,55.155,0.614
0.638549,206.463,55.901,0.659
0.650159,206.970,55.943,0.687
0.661769,209.147,56.124,0.707
0.673379,211.206,56.294,0.725
0.684989,212.677,56.414,0.739
0.696599,214.047,56.525,0.754
0.708209,215.685,56.657,0.759
0.719819,217.450,56.798,0.754
0.731429,218.686,56.896,0.744
0.743039,219.340,56.948,0.737
0.754649,219.518,56.962,0.730
0.766259,219.515,56.962,0.723
0.777868,219.850,56.988,0.715
0.789478,220.311,57.024,0.703
0.801088,221.854,57.145,0.691
0.812698,224.531,57.353,0.683
0.824308,227.793,57.603,0.676
0.835918,230.960,57.842,0.668
0.847528,234.501,58.105,0.655
0.859138,238.890,58.426,0.650
0.870748,241.350,58.603,0.652
0.882358,243.444,58.753,0.650
0.893968,244.906,58.857,0.656
0.905578,246.285,58.954,0.652
0.917188,247.216,59.019,0.648
0.928798,246.953,59.001,0.651
0.940408,246.716,58.984,0.654
0.952018,246.867,58.995,0.648
0.963628,246.614,58.977,0.640
0.975238,246.122,58.942,0.637
0.986848,246.317,58.956,0.628
0.998458,246.086,58.940,0.625
1.010068,246.242,58.951,0.625
1.021678,246.937,59.000,0.619
1.033288,246.828,58.992,0.615
1.044898,246.790,58.989,0.612
1.056508,246.973,59.002,0.610
1.068118,247.477,59.038,0.607
1.079728,247.753,59.057,0.608
1.091338,247.675,59.051,0.611
1.102948,247.531,59.041,0.613
1.114558,247.582,59.045,0.616
1.126168,247.587,59.045,0.618
1.137778,247.261,59.022,0.620
1.149388,247.128,59.013,0.617
1.160998,246.979,59.003,0.619
1.172608,246.528,58.971,0.616
1.184218,246.559,58.973,0.612
1.195828,246.624,58.978,0.606
1.207438,246.646,58.979,0.595
1.219048,246.879,58.996,0.588
1.230658,247.019,59.005,0.584
1.242268,247.040,59.007,0.581
1.253878,247.602,59.046,0.576
1.265488,247.308,59.026,0.576
1.277098,247.315,59.026,0.573
1.288707,247.565,59.044,0.571
1.300317,246.938,59.000,0.577
1.311927,246.847,58.993,0.581
1.323537,247.098,59.011,0.579
1.335147,247.269,59.023,0.582
1.346757,247.526,59.041,0.587
1.358367,247.445,59.035,0.587
1.369977,247.219,59.019,0.593
1.381587,247.476,59.037,0.594
1.393197,247.167,59.016,0.593
1.404807,246.978,59.003,0.596
1.416417,246.554,58.973,0.604
1.428027,246.715,58.984,0.607
1.439637,246.752,58.987,0.608
1.451247,246.525,58.971,0.610
1.462857,246.989,59.003,0.608
1.474467,247.043,59.007,0.610
1.486077,246.758,58.987,0.616
1.497687,246.860,58.994,0.618
1.509297,247.275,59.023,0.617
1.520907,247.033,59.006,0.617
1.532517,246.966,59.002,0.617
1.544127,247.152,59.015,0.619
1.555737,247.230,59.020,0.619
1.567347,247.157,59.015,0.619
1.578957,247.095,59.011,0.619
1.590567,247.235,59.021,0.620
1.602177,247.472,59.037,0.617
1.613787,247.255,59.022,0.617
1.625397,247.102,59.011,0.617
1.637007,247.426,59.034,0.615
1.648617,247.248,59.021,0.614
1.660227,247.105,59.011,0.615
1.671837,247.058,59.008,0.616
1.683447,247.169,59.016,0.616
1.695057,247.108,59.012,0.618
1.706667,246.954,59.001,0.620
1.718277,247.147,59.014,0.622
1.729887,247.408,59.033,0.626
1.741497,247.236,59.021,0.632
1.753107,247.384,59.031,0.639
1.764717,247.600,59.046,0.644
1.776327,247.788,59.059,0.649
1.787937,247.905,59.067,0.655
1.799546,247.596,59.046,0.663
1.811156,247.671,59.051,0.669
1.822766,247.676,59.051,0.673
1.834376,247.398,59.032,0.678
1.845986,247.304,59.025,0.681
1.857596,247.374,59.030,0.686
1.869206,247.535,59.042,0.690
1.880816,247.290,59.024,0.691
1.892426,247.262,59.022,0.691
1.904036,247.456,59.036,0.692
1.915646,247.299,59.025,0.694
1.927256,246.978,59.003,0.693
1.938866,247.114,59.012,0.692
1.950476,247.083,59.010,0.686
1.962086,247.042,59.007,0.681
1.973696,246.865,58.995,0.680
1.985306,246.947,59.000,0.680
1.996916,246.814,58.991,0.681
2.008526,246.805,58.990,0.686
2.020136,246.699,58.983,0.690
2.031746,247.024,59.006,0.694
2.043356,247.280,59.024,0.698
2.054966,247.103,59.011,0.703
2.066576,247.136,59.014,0.709
2.078186,247.508,59.040,0.712
2.089796,247.350,59.029,0.712
2.101406,247.016,59.005,0.713
2.113016,246.513,58.970,0.712
2.124626,245.787,58.919,0.712
2.136236,244.785,58.848,0.716
2.147846,243.909,58.786,0.714
2.159456,242.745,58.703,0.711
2.171066,241.872,58.641,0.705
2.182676,240.973,58.576,0.696
2.194286,241.018,58.580,0.684
2.205896,241.496,58.614,0.673
2.217506,242.643,58.696,0.668
2.229116,244.563,58.832,0.667
2.240726,246.852,58.994,0.676
2.252336,248.415,59.103,0.681
2.263946,248.848,59.133,0.690
2.275556,248.272,59.093,0.700
2.287166,247.310,59.026,0.709
2.298776,245.705,58.913,0.716
2.310385,243.978,58.791,0.719
2.321995,241.384,58.606,0.717
2.333605,238.333,58.386,0.713
2.345215,236.257,58.234,0.713
2.356825,235.881,58.207,0.714
2.368435,237.628,58.334,0.713
2.380045,240.333,58.530,0.711
2.391655,243.683,58.770,0.709
2.403265,246.540,58.972,0.709
2.414875,248.007,59.075,0.706
2.426485,248.290,59.094,0.702
2.438095,248.016,59.075,0.699
2.449705,246.229,58.950,0.697
2.461315,242.756,58.704,0.693
2.472925,238.798,58.419,0.683
2.484535,234.921,58.136,0.675
2.496145,231.843,57.908,0.668
2.507755,231.378,57.873,0.661
2.519365,232.032,57.922,0.651
2.530975,233.698,58.046,0.632
2.542585,236.829,58.276,0.609
2.554195,240.637,58.552,0.596
2.565805,242.863,58.712,0.593
2.577415,243.892,58.785,0.587
2.589025,244.799,58.849,0.572
2.600635,244.974,58.862,0.552
2.612245,244.793,58.849,0.535
2.623855,244.058,58.797,0.526
2.635465,243.425,58.752,0.521
2.647075,242.628,58.695,0.504
2.658685,242.390,58.678,0.475
2.670295,243.474,58.755,0.439
2.681905,244.464,58.825,0.408
2.693515,244.498,58.828,0.383
2.705125,244.150,58.803,0.376
2.716735,243.382,58.749,0.372
2.728345,242.711,58.701,0.356
2.739955,242.515,58.687,0.337
2.751565,241.554,58.618,0.340
2.763175,240.509,58.543,0.346
2.774785,240.141,58.517,0.351
2.786395,239.514,58.471,0.353
2.798005,239.213,58.450,0.341
2.809615,238.465,58.395,0.311
2.821224,238.191,58.375,0.262
2.832834,239.623,58.479,0.221
2.844444,240.277,58.526,0.193
2.856054,242.305,58.672,0.173
2.867664,243.883,58.784,0.156
2.879274,245.337,58.887,0.145
2.890884,244.354,58.818,0.168
2.902494,244.542,58.831,0.203
2.914104,244.673,58.840,0.212
2.925714,244.429,58.823,0.211
2.937324,244.527,58.830,0.215
2.948934,243.376,58.748,0.230
2.960544,241.988,58.649,0.246
2.972154,249.539,59.181,0.292
2.983764,246.518,58.970,0.307
2.995374,245.424,58.893,0.315
3.006984,246.387,58.961,0.330
3.018594,247.839,59.063,0.342
3.030204,248.139,59.084,0.346
3.041814,247.157,59.015,0.352
3.053424,247.422,59.034,0.347
3.065034,246.636,58.979,0.318
3.076644,247.290,59.024,0.296
3.088254,248.162,59.085,0.269
3.099864,246.767,58.988,0.291
3.111474,488.425,70.808,0.467
3.123084,235.377,58.170,0.624
3.134694,232.804,57.979,0.641
3.146304,230.972,57.843,0.653
3.157914,229.274,57.715,0.664
3.169524,227.738,57.598,0.675
3.181134,226.685,57.518,0.683
3.192744,225.672,57.441,0.685
3.204354,223.144,57.246,0.670
3.215964,207.994,56.028,0.591
3.227574,207.585,55.994,0.568
3.239184,207.206,55.963,0.551
3.250794,207.055,55.950,0.534
3.262404,205.379,55.809,0.514
3.274014,192.962,54.730,0.521
3.285624,97.366,42.888,0.539
3.297234,97.298,42.876,0.562
3.308844,125.169,47.236,0.599
3.320454,97.300,42.876,0.621
3.332063,250.791,59.268,0.659
3.343673,565.523,73.345,0.680
3.355283,565.245,73.336,0.698
3.366893,633.621,75.313,0.707
3.378503,136.931,48.791,0.718
3.390113,82.042,39.923,0.730
3.401723,964.186,82.582,0.726
3.413333,962.714,82.555,0.720
3.424943,971.148,82.706,0.700
3.436553,964.094,82.580,0.685
3.448163,86.483,40.836,0.668
3.459773,86.468,40.833,0.650
3.471383,208.188,56.045,0.628
3.482993,836.504,80.122,0.595
3.494603,817.805,79.731,0.572
3.506213,814.946,79.670,0.564
3.517823,809.188,79.548,0.563
3.529433,206.837,55.932,0.551
3.541043,203.506,55.651,0.536
3.552653,264.858,60.213,0.512
3.564263,262.632,60.066,0.476
3.575873,262.031,60.027,0.412
3.587483,517.473,71.808,0.374
3.599093,1002.273,83.252,0.336
3.610703,517.490,71.808,0.294
3.622313,607.161,74.575,0.721
3.633923,608.949,74.626,0.770
3.645533,608.973,74.626,0.775
3.657143,611.547,74.700,0.782
3.668753,622.456,75.006,0.794
3.680363,239.747,58.488,0.804
3.691973,639.361,75.470,0.810
3.703583,291.896,61.895,0.816
3.715193,704.791,77.156,0.750
3.726803,719.669,77.518,0.705
3.738413,721.510,77.562,0.706
3.750023,728.835,77.737,0.706
3.761633,723.717,77.615,0.692
3.773243,741.777,78.042,0.682
3.784853,771.136,78.714,0.676
3.796463,767.338,78.628,0.663
3.808073,798.909,79.326,0.657
3.819683,825.351,79.890,0.642
3.831293,840.733,80.210,0.635
3.842902,855.154,80.504,0.614
3.854512,854.394,80.489,0.597
3.866122,857.163,80.545,0.569
3.877732,418.043,68.114,0.541
3.889342,416.019,68.030,0.521
3.900952,81.944,39.902,0.476
3.912562,81.862,39.885,0.441
3.924172,80.584,39.613,0.377
3.935782,456.379,69.633,0.479
3.947392,477.459,70.414,0.520
3.959002,470.015,70.142,0.527
3.970612,261.355,59.982,0.551
3.982222,262.222,60.039,0.568
3.993832,264.088,60.162,0.590
4.005442,264.032,60.158,0.609
4.017052,818.274,79.741,0.621
4.028662,816.519,79.704,0.606
4.040272,823.206,79.845,0.596
4.051882,819.470,79.766,0.600
4.063492,816.667,79.707,0.595
4.075102,812.956,79.628,0.589
4.086712,799.381,79.337,0.574
4.098322,796.689,79.278,0.551
4.109932,797.876,79.304,0.533
4.121542,811.805,79.604,0.522
4.133152,821.937,79.818,0.523
4.144762,828.896,79.964,0.541
4.156372,713.812,77.376,0.555
4.167982,846.511,80.328,0.570
4.179592,848.635,80.372,0.586
4.191202,850.703,80.414,0.605
4.202812,847.100,80.340,0.624
4.214422,850.295,80.406,0.634
4.226032,848.406,80.367,0.636
4.237642,851.441,80.429,0.632
4.249252,845.367,80.305,0.623
4.260862,838.306,80.160,0.611
4.272472,832.011,80.029,0.597
4.284082,830.325,79.994,0.578
4.295692,830.699,80.002,0.557
4.307302,827.567,79.936,0.542
4.318912,830.855,80.005,0.526
4.330522,819.671,79.770,0.516
4.342132,816.033,79.693,0.522
4.353741,816.084,79.695,0.562
4.365351,822.800,79.836,0.577
4.376961,829.783,79.983,0.601
4.388571,835.339,80.098,0.614
4.400181,839.689,80.188,0.620
4.411791,837.602,80.145,0.640
4.423401,831.988,80.029,0.641
4.435011,835.302,80.098,0.640
4.446621,833.634,80.063,0.625
4.458231,824.818,79.879,0.629
4.469841,823.026,79.841,0.619
4.481451,824.361,79.869,0.618
4.493061,825.442,79.892,0.613
4.504671,823.989,79.861,0.591
4.516281,829.778,79.983,0.590
4.527891,829.561,79.978,0.585
4.539501,829.027,79.967,0.593
4.551111,834.408,80.079,0.578
4.562721,819.256,79.762,0.572
4.574331,796.331,79.270,0.556
4.585941,772.590,78.746,0.544
4.597551,755.881,78.368,0.538
4.609161,741.282,78.030,0.525
4.620771,746.141,78.143,0.517
4.632381,746.807,78.159,0.473
4.643991,747.323,78.171,0.445
4.655601,751.829,78.275,0.416
4.667211,748.848,78.206,0.370
4.678821,749.320,78.217,0.328
4.690431,763.151,78.534,0.254
4.702041,798.753,79.323,0.145
4.713651,817.050,79.715,0.086
4.725261,818.780,79.752,0.056
4.736871,820.318,79.784,0.026
4.748481,819.811,79.773,0.026
4.760091,813.818,79.646,0.019
4.771701,812.491,79.618,0.006
4.783311,808.952,79.543,0.012
4.794921,806.004,79.479,0.004
4.806531,800.480,79.360,0.005
4.818141,809.568,79.556,0.007
4.829751,807.016,79.501,0.008
4.841361,802.157,79.397,0.001
4.852971,,,0.000
4.864580,,,0.000
4.876190,,,0.000
4.887800,,,0.000
4.899410,,,0.000
4.911020,,,0.000
4.922630,,,0.000
4.934240,,,0.000
4.945850,,,0.000
4.957460,,,0.000
4.969070,,,0.000
4.980680,,,0.000
4.992290,,,0.000
5.003900,,,0.000
5.015510,,,0.000
5.027120,,,0.000
5.038730,,,0.000
5.050340,,,0.000
5.061950,,,0.000
5.073560,,,0.000
5.085170,,,0.000
5.096780,,,0.000
5.108390,,,0.000
5.120000,,,0.000
5.131610,,,0.000
5.143220,,,0.000
5.154830,,,0.000
5.166440,,,0.000
5.178050,,,0.000
5.189660,,,0.000
5.201270,,,0.000
5.212880,,,0.000
5.224490,,,0.000
5.236100,,,0.000
5.247710,,,0.000
5.259320,,,0.000
5.270930,,,0.000
5.282540,,,0.000
5.294150,,,0.000
5.305760,,,0.000
5.317370,,,0.000
5.328980,,,0.000
5.340590,,,0.000
5.352200,,,0.000
5.363810,,,0.000
5.375420,,,0.000
5.387029,,,0.000
5.398639,,,0.000
5.410249,,,0.000
5.421859,,,0.000
5.433469,,,0.000
5.445079,,,0.000
5.456689,,,0.000
5.468299,,,0.000
5.479909,,,0.000
5.491519,,,0.000
5.503129,,,0.000
5.514739,,,0.000
5.526349,,,0.000
5.537959,,,0.000
5.549569,,,0.000
5.561179,,,0.000
5.572789,,,0.000
5.584399,,,0.000
5.596009,,,0.000
5.607619,841.776,80.231,0.049
5.619229,842.320,80.242,0.101
5.630839,850.484,80.409,0.138
5.642449,832.905,80.048,0.169
5.654059,830.426,79.996,0.209
5.665669,833.574,80.062,0.221
5.677279,826.411,79.912,0.238
5.688889,823.720,79.856,0.254
5.700499,817.574,79.726,0.264
5.712109,816.826,79.710,0.275
5.723719,823.320,79.847,0.286
5.735329,821.323,79.805,0.302
5.746939,822.466,79.829,0.307
5.758549,811.694,79.601,0.330
5.770159,810.158,79.568,0.336
5.781769,816.739,79.708,0.349
5.793379,818.527,79.746,0.357
5.804989,817.349,79.721,0.364
5.816599,817.839,79.732,0.372
5.828209,815.838,79.689,0.373
5.839819,812.597,79.620,0.366
5.851429,818.216,79.740,0.352
5.863039,821.942,79.818,0.343
5.874649,811.050,79.587,0.321
5.886259,808.871,79.541,0.299
5.897868,809.806,79.561,0.266
5.909478,794.242,79.225,0.216
5.921088,783.581,78.991,0.146
5.932698,786.215,79.049,0.097
5.944308,768.476,78.654,0.027
5.955918,,,0.000
5.967528,,,0.000
5.979138,,,0.000
5.990748,,,0.000
6.002358,,,0.000
6.013968,,,0.000
6.025578,,,0.000
6.037188,,,0.000
6.048798,,,0.000
6.060408,,,0.000
6.072018,,,0.000
6.083628,,,0.000
6.095238,,,0.000
6.106848,,,0.000
6.118458,,,0.000
6.130068,,,0.000
6.141678,,,0.000
6.153288,,,0.000
6.164898,,,0.000
6.176508,,,0.000
6.188118,,,0.000
6.199728,,,0.000
6.211338,,,0.000
6.222948,,,0.000
6.234558,,,0.000
6.246168,803.586,79.427,0.009
6.257778,807.723,79.516,0.029
6.269388,800.087,79.352,0.051
6.280998,812.681,79.622,0.073
6.292608,824.614,79.875,0.091
6.304218,823.718,79.856,0.097
6.315828,815.133,79.674,0.108
6.327438,334.279,64.243,0.115
6.339048,826.632,79.917,0.127
6.350658,823.549,79.852,0.134
6.362268,823.580,79.853,0.137
6.373878,822.506,79.830,0.133
6.385488,815.602,79.684,0.131
6.397098,815.906,79.691,0.133
6.408707,813.386,79.637,0.130
6.420317,814.255,79.656,0.126
6.431927,810.670,79.579,0.114
6.443537,812.932,79.628,0.107
6.455147,818.368,79.743,0.097
6.466757,804.495,79.447,0.093
6.478367,809.702,79.559,0.083
6.489977,273.155,60.747,0.072
6.501587,138.079,48.936,0.055
6.513197,138.426,48.979,0.043
6.524807,513.533,71.675,0.035
6.536417,511.436,71.605,0.035
6.548027,516.943,71.790,0.036
6.559637,804.209,79.441,0.055
6.571247,760.145,78.465,0.238
6.582857,707.326,77.218,0.421
6.594467,748.426,78.196,0.473
6.606077,238.197,58.376,0.516
6.617687,237.362,58.315,0.529
6.629297,237.430,58.320,0.531
6.640907,237.412,58.319,0.562
6.652517,237.158,58.300,0.580
6.664127,237.478,58.323,0.582
6.675737,236.419,58.246,0.568
6.687347,468.912,70.102,0.570
6.698957,467.861,70.063,0.564
6.710567,669.533,76.268,0.563
6.722177,98.050,43.009,0.568
6.733787,953.701,82.392,0.540
6.745397,976.464,82.801,0.515
6.757007,969.951,82.685,0.503
6.768617,979.588,82.856,0.488
6.780227,1002.273,83.252,0.454
6.791837,1002.273,83.252,0.457
6.803447,860.532,80.613,0.484
6.815057,841.998,80.236,0.500
6.826667,837.360,80.140,0.550
6.838277,828.303,79.952,0.565
6.849887,828.522,79.956,0.596
6.861497,828.247,79.951,0.602
6.873107,827.884,79.943,0.609
6.884717,820.376,79.785,0.608
6.896327,811.841,79.604,0.602
6.907937,809.412,79.552,0.606
6.919546,806.338,79.487,0.588
6.931156,807.280,79.507,0.590
6.942766,798.305,79.313,0.578
6.954376,796.024,79.264,0.584
6.965986,792.723,79.192,0.584
6.977596,789.956,79.131,0.584
6.989206,784.321,79.007,0.583
7.000816,773.424,78.765,0.580
7.012426,772.612,78.747,0.586
7.024036,765.096,78.578,0.584
7.035646,753.494,78.313,0.575
7.047256,736.007,77.907,0.567
7.058866,762.032,78.508,0.566
7.070476,779.966,78.911,0.558
7.082086,807.839,79.519,0.553
7.093696,830.999,80.008,0.543
7.105306,838.610,80.166,0.521
7.116916,841.247,80.220,0.512
7.128526,837.266,80.138,0.508
7.140136,832.620,80.042,0.496
7.151746,828.396,79.954,0.475
7.163356,828.226,79.950,0.464
7.174966,824.002,79.862,0.453
7.186576,818.664,79.749,0.438
7.198186,817.076,79.716,0.427
7.209796,812.600,79.621,0.405
7.221406,813.294,79.635,0.365
7.233016,819.564,79.768,0.338
7.244626,818.690,79.750,0.324
7.256236,826.179,79.907,0.296
7.267846,830.736,80.003,0.264
7.279456,834.574,80.082,0.249
7.291066,832.122,80.031,0.263
7.302676,832.618,80.042,0.256
7.314286,829.531,79.978,0.256
7.325896,828.033,79.946,0.251
7.337506,830.448,79.997,0.242
7.349116,829.653,79.980,0.240
7.360726,825.044,79.884,0.225
7.372336,819.800,79.773,0.217
7.383946,816.153,79.696,0.179
7.395556,813.515,79.640,0.169
7.407166,809.578,79.556,0.144
7.418776,808.845,79.540,0.124
7.430385,796.837,79.281,0.094
7.441995,794.099,79.222,0.061
7.453605,799.372,79.336,0.055
7.465215,796.192,79.267,0.033
7.476825,781.160,78.937,0.004
7.488435,,,0.000
7.500045,,,0.000
7.511655,,,0.000
7.523265,,,0.000
7.534875,,,0.000
7.546485,,,0.000
7.558095,,,0.000
7.569705,,,0.000
7.581315,,,0.000
7.592925,,,0.000
7.604535,,,0.000
7.616145,,,0.000
7.627755,,,0.000
7.639365,,,0.000
7.650975,,,0.000
7.662585,,,0.000
7.674195,,,0.000
7.685805,,,0.000
7.697415,,,0.000
7.709025,,,0.000
7.720635,,,0.000
7.732245,,,0.000
7.743855,,,0.000
7.755465,,,0.000
7.767075,,,0.000
7.778685,,,0.000
7.790295,,,0.000
7.801905,,,0.000
7.813515,,,0.000
7.825125,,,0.000
7.836735,,,0.000
7.848345,,,0.000
7.859955,,,0.000
7.871565,,,0.000
7.883175,,,0.000
7.894785,,,0.000
7.906395,,,0.000
7.918005,,,0.000
7.929615,,,0.000
7.941224,,,0.000
7.952834,,,0.000
7.964444,,,0.000
7.976054,,,0.000
7.987664,,,0.000
7.999274,,,0.000
8.010884,,,0.000
8.022494,,,0.000
8.034104,,,0.000
8.045714,,,0.000
8.057324,,,0.000
8.068934,,,0.000
8.080544,,,0.000
8.092154,,,0.000
8.103764,,,0.000
8.115374,,,0.000
8.126984,,,0.000
8.138594,,,0.000
8.150204,,,0.000
8.161814,,,0.000
8.173424,,,0.000
8.185034,,,0.000
8.196644,,,0.000
8.208254,,,0.000
8.219864,,,0.000
8.231474,,,0.000
8.243084,,,0.000
8.254694,,,0.000
8.266304,,,0.000
8.277914,,,0.000
8.289524,,,0.000
8.301134,,,0.000
8.312744,,,0.000
8.324354,,,0.000
8.335964,,,0.000
8.347574,,,0.000
8.359184,,,0.000
8.370794,,,0.000
8.382404,,,0.000
8.394014,,,0.000
8.405624,,,0.000
8.417234,,,0.000
8.428844,,,0.000
8.440454,,,0.000
8.452063,,,0.000
8.463673,,,0.000
8.475283,,,0.000
8.486893,,,0.000
8.498503,,,0.000
8.510113,,,0.000
8.521723,,,0.000
8.533333,,,0.000
8.544943,,,0.000
8.556553,,,0.000
8.568163,,,0.000
8.579773,,,0.000
8.591383,,,0.000
8.602993,,,0.000
8.614603,,,0.000
8.626213,,,0.000
8.637823,,,0.000
8.649433,231.263,57.864,0.354
8.661043,469.723,70.132,0.488
8.672653,236.452,58.248,0.541
8.684263,468.883,70.101,0.576
8.695873,239.788,58.491,0.595
8.707483,239.372,58.461,0.604
8.719093,239.381,58.462,0.604
8.730703,239.417,58.464,0.604
8.742313,239.680,58.483,0.586
8.753923,241.534,58.617,0.542
8.765533,241.956,58.647,0.490
8.777143,94.630,42.394,0.404
8.788753,438.614,68.945,0.280
8.800363,,,0.000
8.811973,,,0.000
8.823583,,,0.000
8.835193,275.846,60.916,0.357
8.846803,524.520,72.042,0.434
8.858413,553.026,72.958,0.559
8.870023,537.059,72.451,0.582
8.881633,532.719,72.310,0.604
8.893243,725.728,77.663,0.639
8.904853,740.913,78.022,0.656
8.916463,748.943,78.208,0.671
8.928073,765.935,78.597,0.681
8.939683,776.283,78.829,0.691
8.951293,802.083,79.395,0.673
8.962902,812.691,79.622,0.682
8.974512,819.059,79.758,0.680
8.986122,828.675,79.960,0.669
8.997732,833.754,80.065,0.673
9.009342,838.686,80.168,0.669
9.020952,842.008,80.236,0.650
9.032562,847.412,80.347,0.630
9.044172,850.753,80.415,0.616
9.055782,854.453,80.490,0.588
9.067392,857.659,80.555,0.580
9.079002,855.597,80.513,0.572
9.090612,861.349,80.629,0.555
9.102222,842.228,80.240,0.548
9.113832,776.927,78.843,0.556
9.125442,746.821,78.159,0.567
9.137052,734.139,77.863,0.578
9.148662,730.402,77.774,0.590
9.160272,728.427,77.727,0.589
9.171882,727.591,77.707,0.584
9.183492,721.116,77.553,0.566
9.195102,722.317,77.582,0.549
9.206712,720.733,77.544,0.534
9.218322,732.963,77.835,0.510
9.229932,753.163,78.306,0.481
9.241542,125.274,47.251,0.435
9.253152,389.005,66.867,0.407
9.264762,442.738,69.107,0.377
9.276372,445.823,69.228,0.392
9.287982,878.306,80.967,0.439
9.299592,908.324,81.548,0.457
9.311202,918.486,81.741,0.477
9.322812,907.805,81.539,0.490
9.334422,895.435,81.301,0.500
9.346032,887.942,81.156,0.505
9.357642,883.444,81.068,0.506
9.369252,869.968,80.802,0.503
9.380862,865.619,80.715,0.484
9.392472,843.586,80.268,0.471
9.404082,818.562,79.747,0.452
9.415692,810.578,79.577,0.433
9.427302,790.811,79.150,0.410
9.438912,783.535,78.990,0.384
9.450522,786.168,79.048,0.355
9.462132,793.273,79.204,0.313
9.473741,787.984,79.088,0.267
9.485351,786.400,79.053,0.234
9.496961,800.844,79.368,0.198
9.508571,811.859,79.605,0.156
9.520181,806.164,79.483,0.138
9.531791,792.691,79.191,0.118
9.543401,794.300,79.226,0.087
9.555011,794.270,79.226,0.070
9.566621,800.659,79.364,0.021
9.578231,,,0.000
9.589841,,,0.000
9.601451,,,0.000
9.613061,,,0.000
9.624671,,,0.000
9.636281,,,0.000
9.647891,,,0.000
9.659501,,,0.000
9.671111,,,0.000
9.682721,,,0.000
9.694331,,,0.000
9.705941,,,0.000
9.717551,,,0.000
9.729161,,,0.000
9.740771,,,0.000
9.752381,,,0.000
9.763991,,,0.000
9.775601,,,0.000
9.787211,,,0.000
9.798821,,,0.000
9.810431,,,0.000
9.822041,,,0.000
9.833651,,,0.000
9.845261,,,0.000
9.856871,,,0.000
9.868481,,,0.000
9.880091,,,0.000
9.891701,,,0.000
9.903311,,,0.000
9.914921,,,0.000
9.926531,,,0.000
9.938141,,,0.000
9.949751,,,0.000
9.961361,,,0.000
9.972971,,,0.000
9.984580,,,0.000
9.996190,,,0.000
10.007800,,,0.000
10.019410,343.726,64.725,0.017
10.031020,482.354,70.591,0.056
10.042630,814.343,79.658,0.080
10.054240,814.934,79.670,0.113
10.065850,133.616,48.367,0.138
10.077460,133.752,48.385,0.163
10.089070,140.815,49.276,0.192
10.100680,141.047,49.304,0.208
10.112290,171.697,52.708,0.221
10.123900,171.711,52.710,0.225
10.135510,222.046,57.160,0.232
10.147120,141.348,49.341,0.234
10.158730,141.552,49.366,0.242
10.170340,141.749,49.390,0.241
10.181950,96.461,42.726,0.236
10.193560,96.594,42.750,0.234
10.205170,279.865,61.167,0.229
10.216780,80.191,39.528,0.223
10.228390,80.203,39.531,0.215
10.240000,80.213,39.533,0.207
10.251610,80.249,39.541,0.184
10.263220,80.305,39.553,0.163
10.274830,86.655,40.870,0.133
10.286440,91.704,41.851,0.097
10.298050,175.292,53.067,0.050
10.309660,86.926,40.924,0.013
10.321270,,,0.000
10.332880,,,0.000
10.344490,456.799,69.649,0.078
10.356100,456.723,69.646,0.077
10.367710,465.763,69.985,0.158
10.379320,399.403,67.324,0.183
10.390930,403.144,67.485,0.214
10.402540,402.029,67.438,0.236
10.414150,404.009,67.523,0.264
10.425760,405.069,67.568,0.291
10.437370,458.225,69.703,0.305
10.448980,457.255,69.666,0.316
10.460590,443.904,69.153,0.334
10.472200,444.185,69.164,0.343
10.483810,445.339,69.209,0.353
10.495420,444.340,69.170,0.371
10.507029,441.381,69.054,0.376
10.518639,445.559,69.217,0.374
10.530249,446.608,69.258,0.380
10.541859,448.313,69.324,0.385
10.553469,457.411,69.672,0.389
10.565079,464.026,69.920,0.407
10.576689,473.947,70.287,0.427
10.588299,485.646,70.709,0.450
10.599909,500.804,71.241,0.482
10.611519,501.694,71.272,0.505
10.623129,481.728,70.569,0.542
10.634739,479.852,70.501,0.583
10.646349,238.469,58.396,0.614
10.657959,240.261,58.525,0.642
10.669569,242.424,58.680,0.666
10.681179,244.065,58.797,0.687
10.692789,244.743,58.845,0.701
10.704399,245.436,58.894,0.716
10.716009,246.178,58.946,0.727
10.727619,246.699,58.983,0.734
10.739229,247.241,59.021,0.738
10.750839,247.322,59.027,0.738
10.762449,247.098,59.011,0.737
10.774059,246.843,58.993,0.731
10.785669,246.693,58.983,0.724
10.797279,246.897,58.997,0.716
10.808889,247.672,59.051,0.707
10.820499,249.705,59.193,0.699
10.832109,253.818,59.475,0.695
10.843719,261.737,60.007,0.694
10.855329,273.072,60.741,0.692
10.866939,285.286,61.499,0.695
10.878549,289.821,61.772,0.701
10.890159,290.171,61.793,0.705
10.901769,290.163,61.792,0.710
10.913379,291.028,61.844,0.711
10.924989,291.001,61.842,0.711
10.936599,291.390,61.865,0.716
10.948209,291.800,61.890,0.716
10.959819,292.447,61.928,0.714
10.971429,293.921,62.015,0.716
10.983039,295.051,62.082,0.722
10.994649,294.975,62.077,0.727
11.006259,294.131,62.027,0.730
11.017868,292.898,61.955,0.731
11.029478,289.634,61.761,0.734
11.041088,287.738,61.647,0.738
11.052698,287.317,61.622,0.743
11.064308,287.246,61.617,0.743
11.075918,288.132,61.671,0.740
11.087528,290.559,61.816,0.744
11.099138,292.748,61.946,0.745
11.110748,294.212,62.032,0.748
11.122358,295.146,62.087,0.748
11.133968,295.412,62.103,0.751
11.145578,295.330,62.098,0.751
11.157188,295.169,62.088,0.752
11.168798,295.917,62.132,0.756
11.180408,297.380,62.218,0.756
11.192018,299.599,62.346,0.761
11.203628,303.070,62.546,0.765
11.215238,307.948,62.822,0.767
11.226848,315.688,63.252,0.769
11.238458,321.649,63.576,0.775
11.250068,324.959,63.753,0.783
11.261678,327.342,63.880,0.786
11.273288,329.081,63.971,0.783
11.284898,330.586,64.050,0.782
11.296508,332.043,64.126,0.789
11.308118,333.624,64.209,0.802
11.319728,335.661,64.314,0.803
11.331338,338.768,64.474,0.804
11.342948,343.687,64.723,0.802
11.354558,349.518,65.014,0.801
11.366168,354.476,65.258,0.801
11.377778,358.928,65.474,0.800
11.389388,362.928,65.666,0.793
11.400998,367.067,65.862,0.778
11.412608,368.601,65.935,0.775
11.424218,369.823,65.992,0.772
11.435828,185.172,54.016,0.772
11.447438,185.191,54.018,0.773
11.459048,370.111,66.005,0.775
11.470658,370.052,66.003,0.778
11.482268,369.777,65.990,0.778
11.493878,369.294,65.967,0.775
11.505488,368.106,65.911,0.773
11.517098,366.452,65.833,0.769
11.528707,363.228,65.680,0.766
11.540317,359.798,65.516,0.763
11.551927,356.268,65.346,0.765
11.563537,352.413,65.157,0.767
11.575147,349.696,65.023,0.772
11.586757,347.757,64.927,0.776
11.598367,346.129,64.846,0.778
11.609977,345.305,64.804,0.782
11.621587,345.145,64.796,0.781
11.633197,346.388,64.859,0.784
11.644807,348.369,64.957,0.784
11.656417,352.124,65.143,0.791
11.668027,356.349,65.349,0.788
11.679637,360.643,65.557,0.791
11.691247,364.249,65.729,0.793
11.702857,367.036,65.861,0.794
11.714467,368.588,65.934,0.802
11.726077,369.845,65.993,0.800
11.737687,370.203,66.010,0.800
11.749297,370.210,66.010,0.797
11.760907,369.795,65.991,0.799
11.772517,369.185,65.962,0.800
11.784127,369.135,65.960,0.796
11.795737,368.917,65.950,0.794
11.807347,368.858,65.947,0.792
11.818957,369.024,65.955,0.796
11.830567,369.323,65.969,0.795
11.842177,369.919,65.996,0.789
11.853787,369.993,66.000,0.792
11.865397,370.435,66.021,0.790
11.877007,370.296,66.014,0.795
11.888617,370.289,66.014,0.796
11.900227,370.230,66.011,0.792
11.911837,369.930,65.997,0.792
11.923447,369.756,65.989,0.791
11.935057,369.563,65.980,0.792
11.946667,369.554,65.979,0.784
11.958277,369.402,65.972,0.779
11.969887,369.406,65.972,0.776
11.981497,369.462,65.975,0.774
11.993107,369.299,65.967,0.776
12.004717,369.452,65.975,0.768
12.016327,369.325,65.969,0.763
12.027937,369.158,65.961,0.761
12.039546,368.772,65.943,0.766
12.051156,368.124,65.912,0.772
12.062766,367.590,65.887,0.775
12.074376,366.507,65.836,0.776
12.085986,364.760,65.753,0.774
12.097596,362.453,65.643,0.776
12.109206,360.027,65.527,0.782
12.120816,357.003,65.381,0.780
12.132426,352.355,65.154,0.777
12.144036,345.367,64.808,0.771
12.155646,339.685,64.520,0.767
12.167256,336.010,64.332,0.766
12.178866,333.167,64.185,0.763
12.190476,331.340,64.090,0.763
12.202086,330.224,64.031,0.758
12.213696,329.748,64.006,0.761
12.225306,330.117,64.026,0.761
12.236916,330.660,64.054,0.764
12.248526,331.383,64.092,0.761
12.260136,332.165,64.133,0.752
12.271746,332.676,64.159,0.747
12.283356,335.587,64.310,0.755
12.294966,342.408,64.659,0.761
12.306576,348.051,64.942,0.771
12.318186,349.772,65.027,0.771
12.329796,352.881,65.180,0.767
12.341406,353.915,65.231,0.765
12.353016,353.341,65.203,0.771
12.364626,353.389,65.205,0.769
12.376236,354.822,65.275,0.755
12.387846,349.581,65.017,0.741
12.399456,669.892,76.277,0.719
12.411066,123.986,47.072,0.706
12.422676,124.437,47.135,0.692
12.434286,243.784,58.777,0.682
12.445896,886.883,81.135,0.667
12.457506,892.990,81.254,0.663
12.469116,881.209,81.024,0.654
12.480726,878.480,80.970,0.651
12.492336,888.575,81.168,0.640
12.503946,882.727,81.054,0.634
12.515556,881.718,81.034,0.627
12.527166,877.568,80.952,0.624
12.538776,874.793,80.897,0.616
12.550385,870.854,80.819,0.613
12.561995,869.872,80.800,0.604
12.573605,868.843,80.779,0.597
12.585215,862.967,80.662,0.593
12.596825,849.788,80.395,0.584
12.608435,872.002,80.842,0.577
12.620045,865.980,80.722,0.569
12.631655,871.114,80.824,0.557
12.643265,91.020,41.721,0.547
12.654875,239.822,58.494,0.534
12.666485,239.974,58.504,0.522
12.678095,373.224,66.150,0.504
12.689705,124.044,47.080,0.494
12.701315,89.591,41.447,0.480
12.712925,473.450,70.269,0.469
12.724535,122.624,46.881,0.461
12.736145,89.853,41.498,0.439
12.747755,89.993,41.524,0.422
12.759365,90.162,41.557,0.407
12.770975,90.371,41.597,0.393
12.782585,90.561,41.634,0.371
12.794195,90.690,41.658,0.356
12.805805,90.712,41.662,0.333
12.817415,344.116,64.745,0.319
12.829025,347.042,64.891,0.313
12.840635,123.737,47.037,0.307
12.852245,362.215,65.632,0.399
12.863855,714.596,77.395,0.433
12.875465,716.622,77.445,0.455
12.887075,719.545,77.515,0.503
12.898685,719.604,77.516,0.552
12.910295,717.417,77.464,0.604
12.921905,713.102,77.359,0.627
12.933515,711.433,77.319,0.639
12.945125,1002.273,83.252,0.647
12.956735,1002.273,83.252,0.654
12.968345,1002.273,83.252,0.658
12.979955,1002.273,83.252,0.653
12.991565,1002.273,83.252,0.646
13.003175,406.144,67.614,0.650
13.014785,395.243,67.143,0.670
13.026395,394.980,67.131,0.694
13.038005,394.475,67.109,0.706
13.049615,397.146,67.226,0.718
13.061224,396.790,67.210,0.732
13.072834,395.699,67.163,0.742
13.084444,394.596,67.114,0.753
13.096054,393.755,67.078,0.748
13.107664,392.990,67.044,0.741
13.119274,393.001,67.044,0.732
13.130884,393.736,67.077,0.728
13.142494,395.530,67.155,0.728
13.154104,401.495,67.415,0.724
13.165714,411.308,67.833,0.729
13.177324,420.981,68.235,0.732
13.188934,429.226,68.571,0.740
13.200544,437.453,68.899,0.749
13.212154,439.854,68.994,0.754
13.223764,440.992,69.039,0.762
13.235374,441.932,69.076,0.760
13.246984,441.368,69.054,0.764
13.258594,440.897,69.035,0.760
13.270204,439.783,68.991,0.758
13.281814,439.204,68.969,0.753
13.293424,439.449,68.978,0.745
13.305034,439.352,68.974,0.748
13.316644,439.935,68.997,0.745
13.328254,439.369,68.975,0.759
13.339864,438.722,68.950,0.759
13.351474,435.829,68.835,0.768
13.363084,430.479,68.621,0.774
13.374694,423.931,68.356,0.778
13.386304,417.262,68.081,0.782
13.397914,411.184,67.827,0.784
13.409524,405.191,67.573,0.786
13.421134,396.836,67.212,0.780
13.432744,393.957,67.086,0.781
13.444354,391.909,66.996,0.780
13.455964,391.567,66.981,0.779
13.467574,391.732,66.988,0.780
13.479184,392.057,67.003,0.785
13.490794,392.309,67.014,0.786
13.502404,392.596,67.026,0.788
13.514014,392.944,67.042,0.786
13.525624,393.098,67.049,0.782
13.537234,393.245,67.055,0.768
13.548844,393.636,67.072,0.757
13.560454,393.878,67.083,0.746
13.572063,394.103,67.093,0.729
13.583673,394.347,67.104,0.712
13.595283,395.665,67.161,0.686
13.606893,397.171,67.227,0.661
13.618503,398.950,67.304,0.636
13.630113,399.887,67.345,0.626
13.641723,400.829,67.386,0.603
13.653333,402.621,67.463,0.571
13.664943,404.016,67.523,0.528
13.676553,403.466,67.499,0.469
13.688163,402.728,67.468,0.408
13.699773,215.512,56.643,0.523
13.711383,219.206,56.937,0.577
13.722993,219.525,56.963,0.594
13.734603,219.612,56.969,0.604
13.746213,219.581,56.967,0.611
13.757823,219.432,56.955,0.617
13.769433,219.471,56.958,0.621
13.781043,110.297,45.047,0.623
13.792653,137.393,48.850,0.576
13.804263,392.482,67.021,0.509
13.815873,394.030,67.090,0.481
13.827483,402.126,67.442,0.579
13.839093,395.860,67.170,0.643
13.850703,392.113,67.005,0.677
13.862313,389.398,66.885,0.693
13.873923,386.500,66.756,0.717
13.885533,384.131,66.649,0.739
13.897143,379.907,66.458,0.753
13.908753,376.036,66.280,0.763
13.920363,369.418,65.973,0.756
13.931973,367.816,65.898,0.743
13.943583,366.919,65.856,0.733
13.955193,367.123,65.865,0.734
13.966803,366.864,65.853,0.734
13.978413,365.804,65.803,0.723
13.990023,364.717,65.751,0.714
14.001633,361.137,65.580,0.712
14.013243,354.295,65.249,0.709
14.024853,348.539,64.966,0.708
14.036463,346.917,64.885,0.712
14.048073,342.037,64.640,0.703
14.059683,337.415,64.404,0.689
14.071293,333.389,64.196,0.690
14.082902,332.239,64.137,0.686
14.094512,334.503,64.254,0.681
14.106122,337.127,64.389,0.673
14.117732,337.283,64.397,0.663
14.129342,338.396,64.455,0.650
14.140952,339.315,64.501,0.648
14.152562,363.800,65.708,0.638
14.164172,365.478,65.787,0.624
14.175782,372.266,66.106,0.623
14.187392,373.286,66.153,0.615
14.199002,374.168,66.194,0.614
14.210612,459.228,69.740,0.621
14.222222,459.334,69.744,0.618
14.233832,458.935,69.729,0.619
14.245442,459.609,69.755,0.623
14.257052,459.576,69.754,0.626
14.268662,459.194,69.739,0.626
14.280272,328.879,63.961,0.625
14.291882,355.947,65.330,0.614
14.303492,354.568,65.263,0.594
14.315102,354.939,65.281,0.605
14.326712,352.072,65.140,0.658
14.338322,347.768,64.927,0.692
14.349932,344.234,64.751,0.712
14.361542,340.682,64.571,0.723
14.373152,339.119,64.491,0.732
14.384762,338.339,64.452,0.740
14.396372,337.768,64.422,0.749
14.407982,336.867,64.376,0.748
14.419592,335.560,64.309,0.725
14.431202,331.608,64.104,0.701
14.442812,327.939,63.911,0.683
14.454422,325.948,63.806,0.672
14.466032,324.919,63.751,0.665
14.477642,324.800,63.745,0.668
14.489252,324.956,63.753,0.671
14.500862,326.165,63.817,0.684
14.512472,330.583,64.050,0.699
14.524082,333.830,64.219,0.709
14.535692,334.689,64.264,0.715
14.547302,334.956,64.278,0.721
14.558912,334.915,64.275,0.723
14.570522,334.765,64.268,0.723
14.582132,333.202,64.187,0.720
14.593741,330.727,64.058,0.711
14.605351,329.535,63.995,0.698
14.616961,327.528,63.889,0.682
14.628571,326.582,63.839,0.668
14.640181,326.506,63.835,0.657
14.651791,327.922,63.910,0.650
14.663401,332.536,64.152,0.651
14.675011,334.629,64.261,0.652
14.686621,336.351,64.350,0.653
14.698231,336.838,64.375,0.662
14.709841,337.233,64.395,0.675
14.721451,337.208,64.394,0.701
14.733061,112.950,45.458,0.733
14.744671,353.649,65.218,0.765
14.756281,112.915,45.453,0.784
14.767891,352.629,65.168,0.794
14.779501,352.040,65.139,0.796
14.791111,352.113,65.142,0.793
14.802721,112.973,45.462,0.809
14.814331,141.450,49.353,0.844
14.825941,141.230,49.326,0.855
14.837551,134.208,48.444,0.855
14.849161,129.451,47.819,0.852
14.860771,125.252,47.248,0.851
14.872381,123.175,46.958,0.858
14.883991,117.904,46.201,0.865
14.895601,116.516,45.996,0.859
14.907211,112.156,45.336,0.828
14.918821,111.545,45.242,0.803
14.930431,111.148,45.180,0.787
14.942041,110.837,45.131,0.779
14.953651,110.261,45.041,0.774
14.965261,106.732,44.478,0.766
14.976871,106.336,44.413,0.757
14.988481,105.801,44.326,0.762
15.000091,104.156,44.055,0.767
15.011701,111.910,45.298,0.770
15.023311,883.082,81.061,0.765
15.034921,891.969,81.234,0.771
15.046531,888.831,81.173,0.768
15.058141,888.370,81.164,0.772
15.069751,896.435,81.320,0.776
15.081361,892.233,81.239,0.769
15.092971,892.882,81.252,0.763
15.104580,888.841,81.173,0.763
15.116190,890.955,81.214,0.763
15.127800,885.074,81.100,0.768
15.139410,889.818,81.192,0.767
15.151020,890.951,81.214,0.761
15.162630,880.773,81.015,0.751
15.174240,888.254,81.162,0.743
15.185850,858.472,80.571,0.745
15.197460,882.775,81.055,0.740
15.209070,876.767,80.936,0.749
15.220680,865.527,80.713,0.738
15.232290,880.827,81.016,0.737
15.243900,172.787,52.818,0.742
15.255510,172.745,52.814,0.782
15.267120,173.103,52.850,0.801
15.278730,174.288,52.968,0.804
15.290340,173.398,52.879,0.815
15.301950,171.145,52.653,0.816
15.313560,163.575,51.869,0.819
15.325170,164.940,52.013,0.821
15.336780,160.729,51.566,0.816
15.348390,164.238,51.939,0.779
15.360000,165.687,52.091,0.755
15.371610,162.055,51.708,0.752
15.383220,169.451,52.480,0.758
15.394830,174.243,52.963,0.764
15.406440,180.813,53.604,0.780
15.418050,180.844,53.607,0.792
15.429660,1002.273,83.252,0.806
15.441270,1002.273,83.252,0.813
15.452880,1002.273,83.252,0.832
15.464490,136.645,48.755,0.834
15.476100,92.613,42.021,0.829
15.487710,308.640,62.861,0.828
15.499320,313.192,63.115,0.817
15.510930,305.362,62.676,0.811
15.522540,302.961,62.540,0.800
15.534150,299.883,62.363,0.803
15.545760,299.235,62.325,0.790
15.557370,299.199,62.323,0.783
15.568980,298.968,62.310,0.779
15.580590,296.090,62.142,0.777
15.592200,293.176,61.971,0.776
15.603810,292.445,61.928,0.777
15.615420,293.138,61.969,0.784
15.627029,293.586,61.995,0.786
15.638639,293.598,61.996,0.783
15.650249,292.202,61.914,0.786
15.661859,288.763,61.709,0.803
15.673469,283.661,61.400,0.814
15.685079,280.733,61.220,0.824
15.696689,279.391,61.137,0.835
15.708299,278.877,61.106,0.838
15.719909,278.422,61.077,0.833
15.731519,278.482,61.081,0.824
15.743129,278.332,61.072,0.812
15.754739,277.712,61.033,0.782
15.766349,277.606,61.026,0.745
15.777959,278.037,61.053,0.697
15.789569,277.517,61.021,0.609
15.801179,274.415,60.826,0.466
15.812789,281.405,61.262,0.264
15.824399,284.037,61.423,0.207
15.836009,140.045,49.181,0.195
15.847619,284.661,61.461,0.201
15.859229,781.167,78.938,0.525
15.870839,302.661,62.522,0.619
15.882449,296.951,62.193,0.693
15.894059,296.963,62.193,0.725
15.905669,297.679,62.235,0.749
15.917279,297.148,62.204,0.768
15.928889,296.644,62.175,0.783
15.940499,296.376,62.159,0.792
15.952109,295.418,62.103,0.790
15.963719,295.601,62.114,0.787
15.975329,295.924,62.133,0.772
15.986939,294.618,62.056,0.769
15.998549,293.223,61.974,0.764
16.010159,292.539,61.933,0.762
16.021769,292.893,61.954,0.764
16.033379,293.474,61.989,0.770
16.044989,294.273,62.036,0.771
16.056599,294.822,62.068,0.768
16.068209,295.262,62.094,0.766
16.079819,295.651,62.117,0.758
16.091429,295.589,62.113,0.749
16.103039,293.232,61.974,0.739
16.114649,292.378,61.924,0.726
16.126259,293.269,61.977,0.714
16.137868,294.425,62.045,0.704
16.149478,296.905,62.190,0.705
16.161088,297.995,62.253,0.708
16.172698,296.412,62.161,0.722
16.184308,293.951,62.017,0.745
16.195918,291.849,61.893,0.762
16.207528,288.588,61.698,0.775
16.219138,285.203,61.494,0.788
16.230748,282.736,61.343,0.801
16.242358,280.346,61.196,0.810
16.253968,278.658,61.092,0.818
16.265578,277.499,61.020,0.823
16.277188,276.823,60.978,0.826
16.288798,276.689,60.969,0.826
16.300408,276.850,60.979,0.828
16.312018,277.119,60.996,0.827
16.323628,277.490,61.019,0.827
16.335238,277.847,61.041,0.828
16.346848,278.091,61.057,0.829
16.358458,278.219,61.065,0.830
16.370068,278.272,61.068,0.829
16.381678,278.220,61.065,0.830
16.393288,278.057,61.055,0.829
16.404898,277.927,61.046,0.827
16.416508,277.868,61.043,0.819
16.428118,277.789,61.038,0.807
16.439728,277.532,61.022,0.792
16.451338,277.337,61.010,0.775
16.462948,276.978,60.987,0.756
16.474558,276.807,60.977,0.728
16.486168,276.698,60.970,0.696
16.497778,276.400,60.951,0.665
16.509388,274.996,60.863,0.639
16.520998,254.812,59.543,0.656
16.532608,240.045,58.510,0.686
16.544218,242.904,58.715,0.708
16.555828,247.709,59.054,0.723
16.567438,250.660,59.259,0.741
16.579048,251.174,59.294,0.756
16.590658,250.556,59.252,0.769
16.602268,249.560,59.183,0.780
16.613878,248.971,59.142,0.776
16.625488,247.594,59.046,0.769
16.637098,246.024,58.936,0.762
16.648707,244.053,58.796,0.759
16.660317,242.354,58.675,0.756
16.671927,242.016,58.651,0.757
16.683537,242.900,58.714,0.758
16.695147,245.946,58.930,0.761
16.706757,249.356,59.168,0.765
16.718367,250.691,59.261,0.765
16.729977,250.762,59.266,0.765
16.741587,251.046,59.285,0.764
16.753197,251.390,59.309,0.761
16.764807,249.554,59.182,0.754
16.776417,247.484,59.038,0.747
16.788027,245.911,58.928,0.738
16.799637,244.311,58.815,0.726
16.811247,243.930,58.788,0.712
16.822857,245.539,58.901,0.694
16.834467,248.365,59.099,0.669
16.846077,252.465,59.383,0.646
16.857687,254.958,59.553,0.622
16.869297,256.678,59.669,0.587
16.880907,257.713,59.739,0.546
16.892517,259.536,59.861,0.493
16.904127,263.443,60.120,0.432
16.915737,275.377,60.887,0.382
16.927347,383.296,66.611,0.492
16.938957,244.621,58.837,0.598
16.950567,244.213,58.808,0.653
16.962177,244.397,58.821,0.668
16.973787,244.362,58.818,0.671
16.985397,244.361,58.818,0.671
16.997007,244.359,58.818,0.671
17.008617,244.335,58.816,0.670
17.020227,244.691,58.841,0.648
17.031837,243.975,58.791,0.582
17.043447,243.826,58.780,0.448
17.055057,249.111,59.151,0.247
17.066667,253.810,59.475,0.124
17.078277,255.744,59.606,0.113
17.089887,256.886,59.683,0.115
17.101497,92.305,41.964,0.096
17.113107,258.314,59.779,0.113
17.124717,1002.273,83.252,0.574
17.136327,265.153,60.232,0.624
17.147937,290.153,61.792,0.675
17.159546,292.613,61.938,0.712
17.171156,295.958,62.135,0.736
17.182766,296.371,62.159,0.756
17.194376,295.411,62.103,0.771
17.205986,294.546,62.052,0.786
17.217596,295.110,62.085,0.774
17.229206,294.972,62.077,0.772
17.240816,295.113,62.085,0.766
17.252426,294.456,62.047,0.760
17.264036,293.457,61.988,0.756
17.275646,292.696,61.943,0.753
17.287256,292.544,61.934,0.751
17.298866,293.123,61.968,0.748
17.310476,293.859,62.011,0.752
17.322086,293.899,62.014,0.758
17.333696,293.198,61.972,0.760
17.345306,289.434,61.749,0.763
17.356916,283.325,61.379,0.767
17.368526,280.560,61.210,0.768
17.380136,279.267,61.130,0.767
17.391746,278.621,61.090,0.765
17.403356,278.100,61.057,0.757
17.414966,277.455,61.017,0.742
17.426576,277.243,61.004,0.727
17.438186,276.703,60.970,0.707
17.449796,276.278,60.943,0.680
17.461406,277.740,61.035,0.656
17.473016,278.797,61.101,0.633
17.484626,279.140,61.122,0.607
17.496236,89.583,41.445,0.596
17.507846,89.592,41.447,0.601
17.519456,687.593,76.729,0.610
17.531066,688.067,76.741,0.619
17.542676,689.452,76.775,0.622
17.554286,196.722,55.064,0.624
17.565896,275.336,60.884,0.656
17.577506,287.259,61.618,0.687
17.589116,288.170,61.673,0.717
17.600726,291.508,61.872,0.742
17.612336,297.536,62.227,0.769
17.623946,296.857,62.187,0.786
17.635556,295.800,62.125,0.800
17.647166,294.662,62.059,0.810
17.658776,294.778,62.066,0.813
17.670385,295.298,62.096,0.815
17.681995,295.112,62.085,0.817
17.693605,294.963,62.076,0.821
17.705215,295.010,62.079,0.817
17.716825,295.421,62.103,0.816
17.728435,295.728,62.121,0.815
17.740045,295.906,62.132,0.817
17.751655,296.064,62.141,0.809
17.763265,296.277,62.153,0.796
17.774875,296.119,62.144,0.782
17.786485,295.069,62.083,0.766
17.798095,293.516,61.991,0.758
17.809705,292.829,61.951,0.748
17.821315,293.078,61.965,0.747
17.832925,293.214,61.973,0.748
17.844535,291.953,61.899,0.760
17.856145,289.867,61.775,0.778
17.867755,287.168,61.613,0.787
17.879365,283.775,61.407,0.795
17.890975,280.400,61.200,0.798
17.902585,278.500,61.082,0.799
17.914195,276.860,60.980,0.798
17.925805,275.758,60.911,0.796
17.937415,275.349,60.885,0.795
17.949025,275.183,60.875,0.790
17.960635,275.385,60.887,0.784
17.972245,275.671,60.905,0.774
17.983855,276.328,60.947,0.767
17.995465,277.077,60.993,0.760
18.007075,277.739,61.035,0.746
18.018685,278.700,61.095,0.730
18.030295,280.548,61.209,0.710
18.041905,282.419,61.324,0.681
18.053515,284.763,61.467,0.653
18.065125,288.399,61.687,0.621
18.076735,657.057,75.942,0.574
18.088345,665.628,76.167,0.522
18.099955,670.667,76.297,0.480
18.111565,680.375,76.546,0.394
18.123175,287.806,61.651,0.295
18.134785,288.061,61.666,0.302
18.146395,288.184,61.674,0.296
18.158005,287.960,61.660,0.300
18.169615,287.230,61.616,0.302
18.181224,287.155,61.612,0.281
18.192834,694.075,76.891,0.675
18.204444,689.160,76.768,0.732
18.216054,696.167,76.943,0.765
18.227664,704.535,77.150,0.782
18.239274,712.514,77.345,0.813
18.250884,718.267,77.484,0.833
18.262494,720.307,77.533,0.847
18.274104,720.093,77.528,0.857
18.285714,732.654,77.828,0.835
18.297324,247.320,59.027,0.823
18.308934,246.806,58.990,0.816
18.320544,245.662,58.910,0.815
18.332154,242.898,58.714,0.802
18.343764,241.621,58.623,0.795
18.355374,242.940,58.717,0.792
18.366984,246.355,58.959,0.795
18.378594,248.867,59.134,0.799
18.390204,250.052,59.217,0.804
18.401814,250.085,59.219,0.807
18.413424,249.759,59.196,0.806
18.425034,248.938,59.139,0.801
18.436644,247.335,59.028,0.792
18.448254,244.436,58.823,0.785
18.459864,242.400,58.679,0.778
18.471474,241.287,58.599,0.770
18.483084,241.108,58.586,0.762
18.494694,242.319,58.673,0.750
18.506304,245.004,58.864,0.748
18.517914,247.117,59.012,0.746
18.529524,248.310,59.096,0.752
18.541134,248.992,59.143,0.751
18.552744,249.062,59.148,0.752
18.564354,248.464,59.106,0.757
18.575964,247.859,59.064,0.759
18.587574,247.174,59.016,0.754
18.599184,246.667,58.981,0.740
18.610794,246.482,58.968,0.739
18.622404,247.115,59.012,0.739
18.634014,247.648,59.049,0.743
18.645624,247.953,59.071,0.746
18.657234,247.955,59.071,0.752
18.668844,247.799,59.060,0.760
18.680454,247.955,59.071,0.772
18.692063,247.829,59.062,0.789
18.703673,247.965,59.072,0.794
18.715283,247.813,59.061,0.795
18.726893,247.805,59.060,0.797
18.738503,247.907,59.068,0.797
18.750113,247.967,59.072,0.795
18.761723,248.052,59.078,0.794
18.773333,248.163,59.085,0.793
18.784943,248.114,59.082,0.788
18.796553,247.970,59.072,0.774
18.808163,247.847,59.063,0.759
18.819773,247.670,59.051,0.739
18.831383,247.524,59.041,0.723
18.842993,247.927,59.069,0.705
18.854603,249.236,59.160,0.690
18.866213,251.482,59.315,0.677
18.877823,255.823,59.612,0.653
18.889433,256.296,59.644,0.646
18.901043,256.891,59.684,0.638
18.912653,257.522,59.726,0.631
18.924263,258.396,59.785,0.614
18.935873,259.432,59.854,0.581
18.947483,260.037,59.895,0.515
18.959093,249.884,59.205,0.382
18.970703,248.179,59.087,0.290
18.982313,249.177,59.156,0.264
18.993923,249.168,59.155,0.256
19.005533,248.949,59.140,0.327
19.017143,155.248,50.965,0.516
19.028753,185.385,54.036,0.571
19.040363,185.409,54.038,0.598
19.051973,320.251,63.500,0.634
19.063583,282.993,61.359,0.684
19.075193,294.324,62.039,0.708
19.086803,294.978,62.077,0.731
19.098413,295.176,62.089,0.744
19.110023,295.626,62.115,0.743
19.121633,294.558,62.053,0.742
19.133243,293.877,62.013,0.746
19.144853,294.149,62.029,0.747
19.156463,294.365,62.041,0.730
19.168073,294.072,62.024,0.717
19.179683,293.627,61.998,0.701
19.191293,292.941,61.957,0.694
19.202902,293.288,61.978,0.689
19.214512,293.004,61.961,0.691
19.226122,291.224,61.856,0.689
19.237732,279.406,61.138,0.671
19.249342,250.048,59.216,0.691
19.260952,250.028,59.215,0.716
19.272562,248.846,59.133,0.730
19.284172,249.646,59.189,0.735
19.295782,248.177,59.086,0.732
19.307392,247.410,59.033,0.725
19.319002,249.224,59.159,0.722
19.330612,249.677,59.191,0.730
19.342222,248.346,59.098,0.719
19.353832,244.477,58.826,0.705
19.365442,244.267,58.811,0.695
19.377052,244.483,58.827,0.690
19.388662,324.146,63.710,0.696
19.400272,81.602,39.830,0.704
19.411882,324.476,63.727,0.714
19.423492,82.567,40.034,0.725
19.435102,82.586,40.038,0.729
19.446712,81.633,39.837,0.725
19.458322,81.633,39.837,0.715
19.469932,82.572,40.035,0.713
19.481542,289.983,61.782,0.721
19.493152,290.821,61.832,0.731
19.504762,303.054,62.545,0.737
19.516372,302.531,62.515,0.731
19.527982,304.053,62.602,0.736
19.539592,303.267,62.557,0.745
19.551202,302.935,62.538,0.756
19.562812,303.476,62.569,0.759
19.574422,304.979,62.654,0.753
19.586032,306.359,62.733,0.750
19.597642,306.912,62.764,0.745
19.609252,307.799,62.814,0.745
19.620862,328.127,63.921,0.739
19.632472,329.280,63.982,0.730
19.644082,329.632,64.000,0.719
19.655692,330.220,64.031,0.711
19.667302,331.347,64.090,0.704
19.678912,332.690,64.160,0.694
19.690522,333.093,64.181,0.690
19.702132,332.995,64.176,0.685
19.713741,332.833,64.168,0.677
19.725351,332.868,64.169,0.670
19.736961,333.026,64.178,0.671
19.748571,333.148,64.184,0.671
19.760181,333.294,64.192,0.668
19.771791,333.112,64.182,0.661
19.783401,332.031,64.126,0.652
19.795011,330.505,64.046,0.641
19.806621,329.880,64.013,0.636
19.818231,329.958,64.017,0.642
19.829841,330.006,64.020,0.644
19.841451,329.896,64.014,0.648
19.853061,329.859,64.012,0.653
19.864671,329.930,64.016,0.658
19.876281,330.601,64.051,0.670
19.887891,333.217,64.188,0.695
19.899501,332.541,64.152,0.722
19.911111,332.038,64.126,0.739
19.922721,331.844,64.116,0.749
19.934331,331.551,64.101,0.752
19.945941,331.523,64.099,0.748
19.957551,331.487,64.097,0.745
19.969161,330.988,64.071,0.738
19.980771,330.272,64.034,0.719
19.992381,329.780,64.008,0.686
20.003991,329.208,63.978,0.648
20.015601,328.476,63.939,0.607
20.027211,328.934,63.964,0.570
20.038821,329.044,63.969,0.550
20.050431,333.657,64.210,0.560
20.062041,322.830,63.639,0.621
20.073651,164.422,51.959,0.642
20.085261,144.764,49.754,0.669
20.096871,903.961,81.465,0.688
20.108481,172.204,52.759,0.703
20.120091,320.380,63.507,0.717
20.131701,280.067,61.179,0.727
20.143311,144.717,49.749,0.733
20.154921,289.627,61.760,0.725
20.166531,148.435,50.188,0.723
20.178141,148.112,50.150,0.716
20.189751,147.717,50.104,0.717
20.201361,294.809,62.067,0.718
20.212971,294.324,62.039,0.721
20.224580,294.344,62.040,0.723
20.236190,293.860,62.012,0.721
20.247800,293.285,61.978,0.716
20.259410,292.731,61.945,0.714
20.271020,291.801,61.890,0.702
20.282630,291.386,61.865,0.684
20.294240,291.490,61.871,0.674
20.305850,314.751,63.200,0.698
20.317460,329.907,64.015,0.732
20.329070,333.668,64.211,0.769
20.340680,334.548,64.257,0.796
20.352290,334.043,64.230,0.821
20.363900,333.157,64.184,0.840
20.375510,332.224,64.136,0.854
20.387120,331.350,64.090,0.867
20.398730,330.930,64.068,0.869
20.410340,329.934,64.016,0.870
20.421950,329.028,63.968,0.867
20.433560,328.496,63.940,0.861
20.445170,328.511,63.941,0.854
20.456780,329.057,63.970,0.851
20.468390,329.437,63.990,0.850
20.480000,329.704,64.004,0.846
20.491610,330.104,64.025,0.832
20.503220,330.423,64.042,0.811
20.514830,330.653,64.054,0.785
20.526440,330.596,64.051,0.756
20.538050,330.168,64.028,0.720
20.549660,329.689,64.003,0.669
20.561270,330.576,64.050,0.584
20.572880,334.961,64.278,0.406
20.584490,330.407,64.041,0.267
20.596100,330.618,64.052,0.267
20.607710,330.681,64.055,0.282
20.619320,330.567,64.049,0.286
20.630930,330.169,64.028,0.293
20.642540,329.917,64.015,0.312
20.654150,329.834,64.011,0.324
20.665760,329.814,64.010,0.331
20.677370,329.362,63.986,0.334
20.688980,328.948,63.964,0.332
20.700590,654.260,75.868,0.408
20.712200,348.295,64.954,0.583
20.723810,348.197,64.949,0.652
20.735420,346.037,64.841,0.699
20.747029,171.189,52.657,0.741
20.758639,171.762,52.715,0.779
20.770249,171.754,52.714,0.811
20.781859,171.218,52.660,0.829
20.793469,170.648,52.602,0.842
20.805079,170.014,52.538,0.844
20.816689,169.538,52.489,0.847
20.828299,168.717,52.405,0.848
20.839909,168.144,52.346,0.848
20.851519,168.094,52.341,0.847
20.863129,340.595,64.567,0.847
20.874739,348.528,64.965,0.848
20.886349,352.517,65.162,0.849
20.897959,357.531,65.407,0.852
20.909569,360.402,65.545,0.851
20.921179,361.045,65.576,0.850
20.932789,360.864,65.567,0.848
20.944399,360.764,65.563,0.839
20.956009,355.595,65.313,0.830
20.967619,349.996,65.038,0.821
20.979229,345.710,64.825,0.811
20.990839,340.164,64.545,0.802
21.002449,335.482,64.305,0.792
21.014059,165.556,52.078,0.773
21.025669,164.745,51.993,0.749
21.037279,164.732,51.991,0.724
21.048889,165.589,52.081,0.686
21.060499,166.562,52.183,0.655
21.072109,167.327,52.262,0.613
21.083719,167.973,52.329,0.521
21.095329,343.646,64.721,0.357
21.106939,341.824,64.629,0.276
21.118549,324.816,63.745,0.418
21.130159,324.293,63.718,0.533
21.141769,918.751,81.746,0.579
21.153379,919.135,81.753,0.600
21.164989,919.294,81.756,0.608
21.176599,324.320,63.719,0.645
21.188209,324.084,63.706,0.672
21.199819,324.431,63.725,0.696
21.211429,166.826,52.210,0.716
21.223039,169.144,52.449,0.727
21.234649,169.478,52.483,0.746
21.246259,168.293,52.362,0.768
21.257868,334.266,64.242,0.788
21.269478,332.547,64.153,0.793
21.281088,331.456,64.096,0.797
21.292698,328.536,63.943,0.803
21.304308,325.451,63.779,0.806
21.315918,325.083,63.760,0.809
21.327528,325.541,63.784,0.810
21.339138,326.544,63.837,0.808
21.350748,329.494,63.993,0.809
21.362358,332.600,64.155,0.816
21.373968,332.664,64.159,0.822
21.385578,333.692,64.212,0.825
21.397188,334.540,64.256,0.826
21.408798,333.513,64.203,0.826
21.420408,331.637,64.105,0.827
21.432018,330.494,64.045,0.833
21.443628,329.642,64.001,0.835
21.455238,316.539,63.299,0.834
21.466848,316.256,63.283,0.831
21.478458,331.488,64.097,0.826
21.490068,332.312,64.140,0.821
21.501678,333.350,64.194,0.815
21.513288,334.416,64.250,0.803
21.524898,334.863,64.273,0.783
21.536508,338.632,64.467,0.762
21.548118,339.301,64.501,0.742
21.559728,337.107,64.388,0.727
21.571338,333.921,64.224,0.722
21.582948,332.327,64.141,0.713
21.594558,332.159,64.132,0.712
21.606168,333.736,64.214,0.718
21.617778,334.964,64.278,0.725
21.629388,336.726,64.369,0.731
21.640998,339.384,64.505,0.741
21.652608,342.749,64.676,0.752
21.664218,346.250,64.852,0.763
21.675828,347.878,64.933,0.775
21.687438,820.585,79.790,0.779
21.699048,820.818,79.795,0.781
21.710658,818.624,79.748,0.777
21.722268,818.377,79.743,0.772
21.733878,457.968,69.693,0.758
21.745488,459.398,69.747,0.736
21.757098,310.859,62.985,0.704
21.768707,310.050,62.940,0.661
21.780317,313.503,63.132,0.605
21.791927,312.620,63.083,0.529
21.803537,236.566,58.257,0.466
21.815147,164.734,51.992,0.374
21.826757,164.112,51.926,0.292
21.838367,111.823,45.285,0.298
21.849977,111.819,45.284,0.347
21.861587,111.714,45.268,0.390
21.873197,111.751,45.273,0.418
21.884807,96.760,42.780,0.444
21.896417,1002.273,83.252,0.460
21.908027,1002.273,83.252,0.481
21.919637,366.424,65.832,0.501
21.931247,105.616,44.296,0.515
21.942857,93.458,42.179,0.519
21.954467,665.281,76.158,0.527
21.966077,669.017,76.254,0.544
21.977687,201.030,55.439,0.549
21.989297,201.029,55.439,0.551
22.000907,200.945,55.432,0.544
22.012517,200.777,55.417,0.527
22.024127,200.667,55.408,0.509
22.035737,200.672,55.408,0.492
22.047347,200.815,55.420,0.462
22.058957,79.891,39.463,0.399
22.070567,83.288,40.184,0.329
22.082177,160.140,51.502,0.244
22.093787,458.909,69.728,0.168
22.105397,1002.273,83.252,0.269
22.117007,176.552,53.191,0.541
22.128617,479.875,70.502,0.638
22.140227,242.111,58.658,0.695
22.151837,242.038,58.653,0.737
22.163447,953.670,82.392,0.770
22.175057,953.939,82.397,0.786
22.186667,954.391,82.405,0.800
22.198277,957.644,82.464,0.816
22.209887,707.979,77.234,0.813
22.221497,714.257,77.387,0.804
22.233107,146.313,49.939,0.797
22.244717,146.342,49.942,0.792
22.256327,290.210,61.795,0.785
22.267937,290.337,61.803,0.790
22.279546,147.191,50.042,0.791
22.291156,292.091,61.907,0.787
22.302766,292.533,61.933,0.793
22.314376,293.147,61.969,0.801
22.325986,293.404,61.985,0.806
22.337596,293.742,62.005,0.805
22.349206,293.718,62.003,0.805
22.360816,293.774,62.006,0.800
22.372426,293.808,62.008,0.793
22.384036,294.541,62.052,0.779
22.395646,295.372,62.100,0.760
22.407256,296.039,62.139,0.739
22.418866,296.405,62.161,0.716
22.430476,294.302,62.038,0.719
22.442086,291.089,61.847,0.724
22.453696,291.691,61.883,0.735
22.465306,292.721,61.944,0.756
22.476916,293.260,61.976,0.775
22.488526,293.850,62.011,0.796
22.500136,294.275,62.036,0.812
22.511746,294.463,62.047,0.826
22.523356,294.760,62.064,0.828
22.534966,295.015,62.079,0.828
22.546576,294.792,62.066,0.828
22.558186,294.555,62.052,0.825
22.569796,294.366,62.041,0.828
22.581406,294.139,62.028,0.826
22.593016,293.918,62.015,0.824
22.604626,293.664,62.000,0.822
22.616236,293.473,61.989,0.818
22.627846,293.434,61.986,0.817
22.639456,293.437,61.987,0.812
22.651066,293.467,61.988,0.809
22.662676,293.366,61.982,0.805
22.674286,293.377,61.983,0.800
22.685896,293.530,61.992,0.796
22.697506,293.714,62.003,0.785
22.709116,293.823,62.009,0.778
22.720726,293.863,62.012,0.768
22.732336,293.884,62.013,0.764
22.743946,293.656,61.999,0.760
22.755556,293.154,61.970,0.752
22.767166,292.130,61.909,0.749
22.778776,290.504,61.813,0.744
22.790385,289.033,61.725,0.742
22.801995,287.583,61.638,0.734
22.813605,286.220,61.555,0.720
22.825215,284.457,61.449,0.704
22.836825,279.619,61.152,0.688
22.848435,268.169,60.428,0.691
22.860045,265.709,60.268,0.699
22.871655,262.809,60.078,0.691
22.883265,260.726,59.940,0.697
22.894875,259.470,59.857,0.710
22.906485,258.071,59.763,0.726
22.918095,256.626,59.666,0.738
22.929705,254.942,59.552,0.747
22.941315,252.643,59.395,0.748
22.952925,252.173,59.363,0.746
22.964535,254.437,59.518,0.753
22.976145,257.984,59.757,0.754
22.987755,264.386,60.182,0.756
22.999365,269.946,60.542,0.756
23.010975,273.380,60.761,0.756
23.022585,275.016,60.864,0.753
23.034195,276.411,60.952,0.748
23.045805,277.467,61.018,0.740
23.057415,277.971,61.049,0.733
23.069025,277.477,61.018,0.724
23.080635,276.695,60.970,0.711
23.092245,276.164,60.936,0.700
23.103855,275.752,60.910,0.691
23.115465,275.387,60.887,0.687
23.127075,274.996,60.863,0.690
23.138685,274.188,60.812,0.694
23.150295,272.063,60.677,0.693
23.161905,268.473,60.447,0.693
23.173515,265.822,60.275,0.693
23.185125,260.369,59.917,0.708
23.196735,244.544,58.831,0.720
23.208345,239.223,58.450,0.740
23.219955,224.382,57.341,0.752
23.231565,221.435,57.113,0.763
23.243175,220.390,57.031,0.772
23.254785,219.762,56.981,0.779
23.266395,219.311,56.946,0.787
23.278005,218.565,56.887,0.787
23.289615,217.934,56.837,0.782
23.301224,216.589,56.729,0.769
23.312834,216.298,56.706,0.754
23.324444,215.895,56.674,0.740
23.336054,215.655,56.655,0.723
23.347664,215.536,56.645,0.699
23.359274,216.603,56.731,0.669
23.370884,217.588,56.809,0.632
23.382494,218.917,56.915,0.597
23.394104,220.635,57.050,0.558
23.405714,221.859,57.146,0.502
23.417324,223.280,57.256,0.390
23.428934,92.298,41.962,0.182
23.440544,250.282,59.233,0.400
23.452154,711.265,77.315,0.506
23.463764,229.643,57.743,0.561
23.475374,712.685,77.349,0.581
23.486984,229.571,57.737,0.589
23.498594,229.548,57.735,0.636
23.510204,222.521,57.197,0.678
23.521814,222.451,57.192,0.704
23.533424,218.356,56.870,0.716
23.545034,220.629,57.049,0.723
23.556644,217.149,56.774,0.730
23.568254,218.522,56.883,0.735
23.579864,217.949,56.838,0.738
23.591474,220.053,57.004,0.727
23.603084,216.507,56.723,0.711
23.614694,216.573,56.728,0.703
23.626304,217.087,56.769,0.691
23.637914,216.565,56.728,0.676
23.649524,232.057,57.924,0.658
23.661134,1002.273,83.252,0.649
23.672744,1002.273,83.252,0.644
23.684354,1002.273,83.252,0.655
23.695964,1002.273,83.252,0.654
23.707574,220.905,57.071,0.657
23.719184,220.790,57.062,0.683
23.730794,246.696,58.983,0.715
23.742404,250.631,59.257,0.746
23.754014,255.571,59.595,0.770
23.765624,256.162,59.635,0.789
23.777234,256.016,59.625,0.800
23.788844,255.009,59.557,0.811
23.800454,254.021,59.489,0.816
23.812063,253.387,59.446,0.815
23.823673,253.135,59.429,0.810
23.835283,252.121,59.359,0.808
23.846893,251.846,59.340,0.804
23.858503,253.914,59.482,0.807
23.870113,266.941,60.348,0.815
23.881723,272.864,60.728,0.824
23.893333,274.601,60.838,0.835
23.904943,275.364,60.886,0.842
23.916553,275.943,60.922,0.850
23.928163,276.605,60.964,0.851
23.939773,277.076,60.993,0.857
23.951383,277.123,60.996,0.859
23.962993,277.011,60.989,0.857
23.974603,276.892,60.982,0.854
23.986213,276.831,60.978,0.850
23.997823,276.927,60.984,0.848
24.009433,277.013,60.989,0.845
24.021043,277.097,60.995,0.840
24.032653,276.867,60.980,0.830
24.044263,276.369,60.949,0.815
24.055873,275.461,60.892,0.802
24.067483,274.104,60.807,0.791
24.079093,271.363,60.633,0.783
24.090703,265.052,60.225,0.771
24.102313,257.779,59.744,0.761
24.113923,237.277,58.309,0.761
24.125533,233.296,58.016,0.764
24.137143,220.612,57.048,0.770
24.148753,219.536,56.963,0.775
24.160363,219.078,56.927,0.777
24.171973,218.822,56.907,0.778
24.183583,218.785,56.904,0.778
24.195193,218.986,56.920,0.782
24.206803,219.052,56.925,0.780
24.218413,219.324,56.947,0.783
24.230023,219.680,56.975,0.783
24.241633,219.996,57.000,0.786
24.253243,220.285,57.022,0.788
24.264853,220.499,57.039,0.791
24.276463,220.504,57.040,0.794
24.288073,220.458,57.036,0.790
24.299683,220.050,57.004,0.782
24.311293,219.718,56.978,0.777
24.322902,218.740,56.901,0.773
24.334512,218.038,56.845,0.767
24.346122,218.636,56.892,0.760
24.357732,220.206,57.016,0.751
24.369342,221.908,57.149,0.745
24.380952,222.590,57.203,0.745
24.392562,221.623,57.127,0.757
24.404172,220.743,57.058,0.763
24.415782,219.887,56.991,0.768
24.427392,219.195,56.936,0.764
24.439002,217.894,56.833,0.764
24.450612,217.420,56.796,0.765
24.462222,217.308,56.787,0.767
24.473832,217.675,56.816,0.769
24.485442,218.605,56.890,0.763
24.497052,219.690,56.976,0.759
24.508662,220.194,57.015,0.755
24.520272,220.428,57.034,0.754
24.531882,220.389,57.031,0.750
24.543492,219.853,56.988,0.741
24.555102,218.296,56.865,0.727
24.566712,215.830,56.669,0.711
24.578322,212.884,56.431,0.698
24.589932,205.589,55.827,0.677
24.601542,185.989,54.093,0.659
24.613152,184.401,53.944,0.651
24.624762,183.380,53.848,0.643
24.636372,183.581,53.867,0.648
24.647982,184.187,53.924,0.656
24.659592,183.928,53.900,0.659
24.671202,183.766,53.884,0.667
24.682812,183.827,53.890,0.679
24.694422,183.752,53.883,0.688
24.706032,183.715,53.880,0.692
24.717642,184.095,53.915,0.700
24.729252,184.143,53.920,0.703
24.740862,184.411,53.945,0.704
24.752472,184.474,53.951,0.703
24.764082,184.980,53.998,0.702
24.775692,185.472,54.044,0.697
24.787302,185.206,54.020,0.690
24.798912,185.067,54.007,0.690
24.810522,92.158,41.936,0.683
24.822132,887.408,81.145,0.665
24.833741,886.125,81.120,0.643
24.845351,894.492,81.283,0.625
24.856961,902.953,81.446,0.599
24.868571,914.167,81.659,0.568
24.880181,926.476,81.891,0.533
24.891791,954.563,82.408,0.460
24.903401,354.886,65.278,0.370
24.915011,953.761,82.393,0.396
24.926621,581.019,73.813,0.443
24.938231,943.387,82.204,0.485
24.949841,598.692,74.332,0.527
24.961451,124.617,47.160,0.552
24.973061,858.841,80.579,0.585
24.984671,124.321,47.119,0.607
24.996281,891.892,81.232,0.625
25.007891,884.347,81.085,0.635
25.019501,864.277,80.688,0.649
25.031111,868.800,80.778,0.657
25.042721,895.814,81.308,0.649
25.054331,91.895,41.887,0.638
25.065941,87.436,41.026,0.615
25.077551,92.042,41.914,0.592
25.089161,298.036,62.256,0.559
25.100771,92.388,41.979,0.524
25.112381,92.506,42.001,0.452
25.123991,141.042,49.303,0.356
25.135601,144.330,49.702,0.337
25.147211,149.495,50.311,0.359
25.158821,148.736,50.223,0.373
25.170431,314.504,63.187,0.420
25.182041,327.409,63.883,0.473
25.193651,322.442,63.618,0.533
25.205261,324.736,63.741,0.589
25.216871,124.985,47.211,0.617
25.228481,125.140,47.232,0.634
25.240091,123.577,47.015,0.661
25.251701,123.761,47.041,0.689
25.263311,125.397,47.268,0.700
25.274921,125.402,47.269,0.709
25.286531,125.347,47.261,0.714
25.298141,134.479,48.479,0.715
25.309751,132.142,48.175,0.720
25.321361,132.101,48.170,0.725
25.332971,310.709,62.977,0.724
25.344580,628.607,75.176,0.716
25.356190,629.266,75.194,0.711
25.367800,85.476,40.633,0.699
25.379410,212.176,56.373,0.705
25.391020,212.323,56.385,0.712
25.402630,212.380,56.390,0.708
25.414240,215.836,56.669,0.702
25.425850,216.282,56.705,0.705
25.437460,220.731,57.057,0.713
25.449070,220.348,57.027,0.728
25.460680,219.910,56.993,0.740
25.472290,220.005,57.000,0.741
25.483900,220.975,57.077,0.739
25.495510,221.262,57.099,0.739
25.507120,221.124,57.088,0.736
25.518730,220.652,57.051,0.721
25.530340,220.276,57.022,0.700
25.541950,219.892,56.991,0.671
25.553560,220.352,57.028,0.664
25.565170,216.268,56.704,0.655
25.576780,216.760,56.743,0.641
25.588390,266.134,60.296,0.638
25.600000,245.149,58.874,0.674
25.611610,246.006,58.934,0.709
25.623220,248.041,59.077,0.743
25.634830,248.556,59.113,0.767
25.646440,248.723,59.124,0.777
25.658050,248.545,59.112,0.786
25.669660,248.577,59.114,0.797
25.681270,248.500,59.109,0.807
25.692880,248.483,59.108,0.811
25.704490,248.224,59.090,0.815
25.716100,247.824,59.062,0.814
25.727710,247.432,59.034,0.815
25.739320,247.165,59.016,0.819
25.750930,246.938,59.000,0.821
25.762540,246.704,58.983,0.820
25.774150,246.407,58.962,0.811
25.785760,246.192,58.947,0.794
25.797370,246.142,58.944,0.780
25.808980,247.016,59.005,0.774
25.820590,248.694,59.122,0.768
25.832200,253.469,59.452,0.760
25.843810,272.187,60.685,0.749
25.855420,300.220,62.382,0.743
25.867029,298.898,62.306,0.747
25.878639,297.387,62.218,0.758
25.890249,297.234,62.209,0.760
25.901859,298.309,62.272,0.753
25.913469,300.825,62.417,0.750
25.925079,283.553,61.393,0.749
25.936689,285.065,61.485,0.750
25.948299,286.276,61.559,0.748
25.959909,286.498,61.572,0.749
25.971519,288.351,61.684,0.752
25.983129,294.872,62.071,0.756
25.994739,295.514,62.109,0.757
26.006349,295.098,62.084,0.756
26.017959,295.374,62.100,0.750
26.029569,296.254,62.152,0.746
26.041179,296.448,62.163,0.746
26.052789,292.395,61.925,0.748
26.064399,289.818,61.772,0.748
26.076009,288.513,61.694,0.747
26.087619,287.994,61.662,0.749
26.099229,288.800,61.711,0.751
26.110839,290.898,61.836,0.742
26.122449,293.161,61.970,0.728
26.134059,296.252,62.152,0.707
26.145669,298.991,62.311,0.678
26.157279,300.984,62.426,0.648
26.168889,302.146,62.493,0.630
26.180499,301.888,62.478,0.611
26.192109,301.656,62.465,0.599
26.203719,301.582,62.461,0.628
26.215329,301.848,62.476,0.660
26.226939,302.750,62.527,0.702
26.238549,303.291,62.558,0.743
26.250159,303.246,62.556,0.778
26.261769,303.462,62.568,0.797
26.273379,302.484,62.512,0.808
26.284989,301.584,62.461,0.814
26.296599,300.822,62.417,0.817
26.308209,299.915,62.365,0.820
26.319819,298.832,62.302,0.820
26.331429,299.724,62.354,0.821
26.343039,301.159,62.436,0.810
26.354649,304.830,62.646,0.805
26.366259,311.418,63.016,0.813
26.377868,318.325,63.396,0.822
26.389478,322.614,63.628,0.832
26.401088,325.254,63.769,0.837
26.412698,327.303,63.877,0.838
26.424308,329.512,63.994,0.833
26.435918,330.675,64.055,0.836
26.447528,331.416,64.094,0.838
26.459138,331.429,64.094,0.834
26.470748,331.077,64.076,0.828
26.482358,331.015,64.073,0.823
26.493968,331.029,64.073,0.821
26.505578,331.137,64.079,0.816
26.517188,330.984,64.071,0.804
26.528798,330.654,64.054,0.787
26.540408,330.309,64.036,0.762
26.552018,330.311,64.036,0.732
26.563628,330.611,64.052,0.695
26.575238,330.627,64.052,0.644
26.586848,330.403,64.041,0.553
26.598458,329.468,63.992,0.423
26.610068,331.057,64.075,0.380
26.621678,222.837,57.222,0.526
26.633288,208.083,56.036,0.552
26.644898,329.642,64.001,0.610
26.656508,330.070,64.023,0.669
26.668118,333.324,64.193,0.708
26.679728,334.798,64.269,0.744
26.691338,333.901,64.223,0.776
26.702948,333.156,64.184,0.797
26.714558,331.305,64.088,0.803
26.726168,330.361,64.038,0.813
26.737778,329.095,63.972,0.818
26.749388,327.803,63.904,0.816
26.760998,325.745,63.795,0.815
26.772608,324.688,63.739,0.813
26.784218,324.079,63.706,0.810
26.795828,324.613,63.735,0.808
26.807438,326.856,63.854,0.807
26.819048,328.574,63.945,0.808
26.830658,329.655,64.001,0.799
26.842268,330.760,64.059,0.788
26.853878,331.537,64.100,0.776
26.865488,331.090,64.077,0.771
26.877098,323.633,63.682,0.766
26.888707,307.970,62.823,0.767
26.900317,301.485,62.455,0.775
26.911927,297.429,62.221,0.787
26.923537,295.889,62.131,0.807
26.935147,295.197,62.090,0.827
26.946757,294.798,62.067,0.844
26.958367,294.337,62.040,0.852
26.969977,293.707,62.003,0.857
26.981587,293.307,61.979,0.860
26.993197,293.416,61.985,0.858
27.004807,293.574,61.995,0.852
27.016417,293.800,62.008,0.838
27.028027,294.054,62.023,0.819
27.039637,294.313,62.038,0.793
27.051247,294.561,62.053,0.762
27.062857,295.638,62.116,0.747
27.074467,301.261,62.442,0.751
27.086077,336.292,64.347,0.751
27.097687,339.869,64.530,0.758
27.109297,338.755,64.473,0.780
27.120907,336.191,64.341,0.801
27.132517,334.154,64.236,0.823
27.144127,331.893,64.119,0.842
27.155737,329.666,64.002,0.852
27.167347,326.946,63.859,0.856
27.178957,325.810,63.798,0.861
27.190567,325.427,63.778,0.866
27.202177,325.264,63.769,0.868
27.213787,325.587,63.786,0.870
27.225397,326.061,63.812,0.863
27.237007,327.209,63.872,0.848
27.248617,328.953,63.965,0.830
27.260227,330.796,64.061,0.803
27.271837,332.318,64.141,0.773
27.283447,332.586,64.155,0.732
27.295057,329.288,63.982,0.702
27.306667,296.429,62.162,0.687
27.318277,294.483,62.048,0.693
27.329887,294.841,62.069,0.738
27.341497,294.810,62.067,0.763
27.353107,294.738,62.063,0.791
27.364717,294.556,62.052,0.813
27.376327,294.416,62.044,0.829
27.387937,294.433,62.045,0.837
27.399546,294.318,62.038,0.839
27.411156,294.261,62.035,0.843
27.422766,294.141,62.028,0.837
27.434376,294.031,62.022,0.837
27.445986,293.981,62.019,0.833
27.457596,294.307,62.038,0.825
27.469206,294.958,62.076,0.818
27.480816,295.872,62.130,0.813
27.492426,297.232,62.209,0.803
27.504036,298.667,62.292,0.795
27.515646,298.418,62.278,0.797
27.527256,328.889,63.961,0.793
27.538866,331.612,64.104,0.789
27.550476,331.371,64.091,0.792
27.562086,330.577,64.050,0.794
27.573696,330.347,64.038,0.790
27.585306,329.924,64.016,0.794
27.596916,329.764,64.007,0.792
27.608526,328.473,63.939,0.782
27.620136,327.086,63.866,0.775
27.631746,325.496,63.782,0.758
27.643356,324.438,63.725,0.736
27.654966,324.637,63.736,0.709
27.666576,326.378,63.828,0.680
27.678186,329.760,64.007,0.642
27.689796,333.306,64.192,0.616
27.701406,339.987,64.536,0.571
27.713016,302.527,62.515,0.628
27.724626,301.536,62.458,0.678
27.736236,299.117,62.318,0.709
27.747846,297.714,62.237,0.731
27.759456,297.133,62.203,0.743
27.771066,297.078,62.200,0.744
27.782676,296.798,62.184,0.735
27.794286,296.764,62.182,0.733
27.805896,295.756,62.123,0.695
27.817506,294.806,62.067,0.648
27.829116,294.358,62.041,0.582
27.840726,294.680,62.060,0.475
27.852336,83.885,40.308,0.270
27.863946,329.971,64.018,0.240
27.875556,328.463,63.939,0.236
27.887166,83.541,40.237,0.234
27.898776,593.886,74.192,0.523
27.910385,336.194,64.342,0.602
27.921995,337.774,64.423,0.653
27.933605,340.851,64.580,0.695
27.945215,341.894,64.633,0.730
27.956825,340.792,64.577,0.767
27.968435,339.516,64.512,0.796
27.980045,338.242,64.447,0.816
27.991655,337.234,64.395,0.824
28.003265,335.258,64.293,0.830
28.014875,335.047,64.282,0.838
28.026485,335.585,64.310,0.844
28.038095,336.842,64.375,0.852
28.049705,342.068,64.641,0.854
28.061315,360.995,65.574,0.856
28.072925,366.411,65.832,0.862
28.084535,368.019,65.907,0.865
28.096145,369.273,65.966,0.867
28.107755,370.295,66.014,0.869
28.119365,371.410,66.066,0.871
28.130975,371.601,66.075,0.867
28.142585,371.081,66.051,0.862
28.154195,370.420,66.020,0.849
28.165805,369.884,65.995,0.827
28.177415,369.528,65.978,0.804
28.189025,369.208,65.963,0.778
28.200635,368.636,65.936,0.741
28.212245,367.935,65.903,0.689
28.223855,366.996,65.859,0.618
28.235465,365.743,65.800,0.473
28.247075,329.232,63.979,0.227
28.258685,331.211,64.083,0.222
28.270295,334.200,64.238,0.299
28.281905,785.532,79.034,0.421
28.293515,785.746,79.039,0.485
28.305125,339.363,64.504,0.541
28.316735,339.046,64.488,0.578
28.328345,459.937,69.767,0.596
28.339955,460.053,69.772,0.604
28.351565,204.137,55.704,0.629
28.363175,223.243,57.253,0.656
28.374785,230.120,57.779,0.678
28.386395,244.691,58.841,0.699
28.398005,245.951,58.930,0.718
28.409615,251.464,59.314,0.741
28.421224,252.815,59.407,0.758
28.432834,252.922,59.414,0.771
28.444444,252.139,59.361,0.779
28.456054,250.809,59.269,0.782
28.467664,250.123,59.222,0.783
28.479274,249.116,59.152,0.783
28.490884,246.948,59.000,0.780
28.502494,244.853,58.853,0.771
28.514104,244.553,58.832,0.772
28.525714,245.174,58.876,0.779
28.537324,246.771,58.988,0.782
28.548934,248.437,59.105,0.785
28.560544,249.323,59.166,0.783
28.572154,249.659,59.189,0.780
28.583764,249.743,59.195,0.775
28.595374,249.522,59.180,0.768
28.606984,247.232,59.020,0.761
28.618594,243.636,58.767,0.751
28.630204,242.360,58.676,0.748
28.641814,241.974,58.648,0.745
28.653424,243.484,58.756,0.745
28.665034,247.158,59.015,0.751
28.676644,249.620,59.187,0.760
28.688254,249.799,59.199,0.770
28.699864,249.612,59.186,0.776
28.711474,249.504,59.179,0.779
28.723084,249.663,59.190,0.774
28.734694,247.795,59.060,0.771
28.746304,243.820,58.780,0.778
28.757914,241.718,58.630,0.774
28.769524,240.817,58.565,0.768
28.781134,239.976,58.505,0.765
28.792744,242.535,58.688,0.761
28.804354,243.665,58.769,0.753
28.815964,244.342,58.817,0.749
28.827574,245.274,58.883,0.740
28.839184,250.096,59.220,0.717
28.850794,121.047,46.657,0.703
28.862404,121.326,46.697,0.687
28.874014,120.399,46.564,0.663
28.885624,120.446,46.571,0.637
28.897234,240.908,58.572,0.619
28.908844,774.764,78.795,0.605
28.920454,770.265,78.694,0.592
28.932063,791.955,79.175,0.586
28.943673,823.932,79.860,0.590
28.955283,831.439,80.017,0.597
28.966893,247.130,59.013,0.685
28.978503,258.319,59.780,0.760
28.990113,254.782,59.541,0.780
29.001723,251.738,59.333,0.794
29.013333,250.130,59.222,0.806
29.024943,248.567,59.114,0.818
29.036553,247.999,59.074,0.826
29.048163,247.492,59.039,0.834
29.059773,246.449,58.965,0.824
29.071383,245.148,58.874,0.797
29.082993,244.767,58.847,0.791
29.094603,244.827,58.851,0.785
29.106213,245.327,58.886,0.782
29.117823,245.948,58.930,0.777
29.129433,246.955,59.001,0.777
29.141043,247.833,59.062,0.777
29.152653,248.364,59.099,0.772
29.164263,248.731,59.125,0.767
29.175873,248.815,59.131,0.760
29.187483,248.606,59.116,0.760
29.199093,248.270,59.093,0.762
29.210703,247.900,59.067,0.765
29.222313,247.721,59.055,0.760
29.233923,247.828,59.062,0.754
29.245533,247.815,59.061,0.751
29.257143,247.890,59.066,0.756
29.268753,247.576,59.044,0.763
29.280363,247.164,59.016,0.771
29.291973,246.368,58.960,0.776
29.303583,245.597,58.905,0.781
29.315193,245.611,58.906,0.791
29.326803,245.907,58.927,0.794
29.338413,245.965,58.931,0.793
29.350023,246.031,58.936,0.785
29.361633,246.200,58.948,0.780
29.373243,246.427,58.964,0.770
29.384853,247.268,59.023,0.768
29.396463,248.753,59.127,0.769
29.408073,249.331,59.167,0.762
29.419683,249.167,59.155,0.761
29.431293,248.951,59.140,0.763
29.442902,248.839,59.133,0.771
29.454512,248.674,59.121,0.773
29.466122,248.553,59.113,0.770
29.477732,248.411,59.103,0.756
29.489342,247.950,59.071,0.741
29.500952,247.643,59.049,0.731
29.512562,247.355,59.029,0.727
29.524172,247.135,59.014,0.723
29.535782,246.537,58.972,0.721
29.547392,246.775,58.988,0.722
29.559002,250.553,59.251,0.730
29.570612,253.932,59.483,0.733
29.582222,262.786,60.077,0.738
29.593832,276.946,60.985,0.752
29.605442,322.134,63.602,0.768
29.617052,328.795,63.956,0.792
29.628662,331.302,64.088,0.813
29.640272,331.862,64.117,0.821
29.651882,331.241,64.085,0.830
29.663492,330.569,64.049,0.839
29.675102,330.095,64.025,0.845
29.686712,329.691,64.003,0.847
29.698322,329.971,64.018,0.852
29.709932,331.248,64.085,0.853
29.721542,335.441,64.303,0.853
29.733152,710.405,77.294,0.862
29.744762,717.833,77.474,0.863
29.756372,722.781,77.593,0.864
29.767982,727.266,77.700,0.865
29.779592,730.178,77.769,0.862
29.791202,367.768,65.896,0.847
29.802812,369.808,65.991,0.824
29.814422,371.079,66.051,0.796
29.826032,371.754,66.082,0.752
29.837642,370.522,66.025,0.718
29.849252,369.104,65.958,0.669
29.860862,368.017,65.907,0.585
29.872472,731.551,77.801,0.468
29.884082,737.078,77.932,0.348
29.895692,736.019,77.907,0.324
29.907302,632.639,75.287,0.571
29.918912,355.042,65.286,0.644
29.930522,359.851,65.519,0.704
29.942132,365.365,65.782,0.742
29.953741,367.337,65.875,0.773
29.965351,365.605,65.793,0.800
29.976961,362.886,65.664,0.824
29.988571,361.235,65.585,0.844
30.000181,361.487,65.597,0.849
30.011791,360.336,65.542,0.857
30.023401,326.112,63.814,0.860
30.035011,328.059,63.917,0.863
30.046621,330.724,64.057,0.866
30.058231,330.281,64.034,0.869
30.069841,328.498,63.941,0.873
30.081451,163.837,51.897,0.877
30.093061,164.182,51.933,0.881
30.104671,164.661,51.984,0.882
30.116281,165.087,52.029,0.883
30.127891,165.386,52.060,0.883
30.139501,165.491,52.071,0.883
30.151111,165.480,52.070,0.882
30.162721,165.269,52.048,0.881
30.174331,329.166,63.976,0.877
30.185941,327.622,63.894,0.867
30.197551,325.780,63.797,0.856
30.209161,324.355,63.721,0.840
30.220771,322.769,63.636,0.822
30.232381,320.861,63.533,0.811
30.243991,318.765,63.420,0.798
30.255601,315.414,63.237,0.776
30.267211,147.145,50.037,0.765
30.278821,146.732,49.988,0.764
30.290431,146.504,49.961,0.765
30.302041,146.450,49.955,0.779
30.313651,146.349,49.943,0.794
30.325261,146.220,49.928,0.792
30.336871,146.103,49.914,0.794
30.348481,146.108,49.914,0.785
30.360091,146.083,49.911,0.769
30.371701,146.077,49.911,0.750
30.383311,145.923,49.892,0.731
30.394921,291.170,61.852,0.703
30.406531,290.662,61.822,0.663
30.418141,290.572,61.817,0.617
30.429751,798.324,79.314,0.657
30.441361,789.217,79.115,0.688
30.452971,779.943,78.910,0.727
30.464580,333.187,64.186,0.772
30.476190,337.965,64.432,0.811
30.487800,339.553,64.514,0.835
30.499410,336.871,64.376,0.850
30.511020,334.436,64.251,0.863
30.522630,330.919,64.068,0.867
30.534240,329.736,64.006,0.871
30.545850,329.531,63.995,0.873
30.557460,331.484,64.097,0.871
30.569070,331.074,64.076,0.867
30.580680,755.533,78.360,0.870
30.592290,753.004,78.302,0.878
30.603900,748.172,78.190,0.881
30.615510,365.619,65.794,0.870
30.627120,365.919,65.808,0.860
30.638730,367.680,65.891,0.848
30.650340,370.007,66.001,0.832
30.661950,186.324,54.124,0.808
30.673560,187.219,54.207,0.775
30.685170,187.264,54.211,0.732
30.696780,185.404,54.038,0.689
30.708390,185.219,54.021,0.669
30.720000,179.463,53.474,0.666
30.731610,168.250,52.357,0.664
30.743220,242.501,58.686,0.667
30.754830,794.332,79.227,0.670
30.766440,792.026,79.177,0.674
30.778050,386.172,66.741,0.685
30.789660,386.878,66.773,0.741
30.801270,193.465,54.775,0.795
30.812880,385.571,66.714,0.829
30.824490,377.074,66.328,0.851
30.836100,371.522,66.071,0.864
30.847710,367.077,65.863,0.877
30.859320,362.953,65.667,0.883
30.870930,357.777,65.419,0.890
30.882540,349.965,65.036,0.882
30.894150,342.357,64.656,0.868
30.905760,335.170,64.289,0.857
30.917370,331.659,64.106,0.846
30.928980,330.094,64.024,0.849
30.940590,329.570,63.997,0.848
30.952200,329.555,63.996,0.851
30.963810,329.758,64.007,0.844
30.975420,330.407,64.041,0.840
30.987029,331.454,64.096,0.828
30.998639,332.591,64.155,0.808
31.010249,332.844,64.168,0.789
31.021859,876.698,80.935,0.751
31.033469,876.215,80.925,0.708
31.045079,871.314,80.828,0.652
31.056689,862.882,80.660,0.627
31.068299,854.099,80.483,0.621
31.079909,856.092,80.523,0.676
31.091519,866.549,80.733,0.714
31.103129,871.853,80.839,0.749
31.114739,873.314,80.868,0.772
31.126349,871.865,80.839,0.786
31.137959,872.127,80.844,0.790
31.149569,146.648,49.978,0.787
31.161179,146.745,49.990,0.777
31.172789,146.692,49.983,0.754
31.184399,147.083,50.030,0.733
31.196009,147.107,50.032,0.702
31.207619,147.168,50.040,0.670
31.219229,147.952,50.131,0.657
31.230839,148.138,50.153,0.663
31.242449,148.160,50.156,0.674
31.254059,148.176,50.158,0.686
31.265669,148.172,50.157,0.692
31.277279,148.169,50.157,0.689
31.288889,148.065,50.145,0.692
31.300499,148.299,50.172,0.705
31.312109,319.818,63.477,0.721
31.323719,318.448,63.403,0.743
31.335329,316.311,63.286,0.770
31.346939,314.184,63.169,0.782
31.358549,312.842,63.095,0.794
31.370159,310.568,62.969,0.813
31.381769,308.171,62.835,0.823
31.393379,137.301,48.838,0.827
31.404989,279.969,61.173,0.828
31.416599,278.925,61.108,0.828
31.428209,277.971,61.049,0.825
31.439819,276.814,60.977,0.828
31.451429,276.339,60.947,0.829
31.463039,276.193,60.938,0.824
31.474649,276.271,60.943,0.824
31.486259,276.626,60.965,0.828
31.497868,276.750,60.973,0.833
31.509478,277.037,60.991,0.836
31.521088,277.272,61.006,0.835
31.532698,277.305,61.008,0.830
31.544308,277.294,61.007,0.825
31.555918,277.186,61.000,0.819
31.567528,138.659,49.008,0.814
31.579138,276.900,60.982,0.813
31.590748,276.320,60.946,0.808
31.602358,275.815,60.914,0.804
31.613968,274.949,60.860,0.791
31.625578,274.220,60.814,0.778
31.637188,273.553,60.772,0.765
31.648798,273.227,60.751,0.750
31.660408,273.287,60.755,0.730
31.672018,273.389,60.761,0.691
31.683628,272.265,60.690,0.639
31.695238,272.134,60.682,0.535
31.706848,274.016,60.801,0.456
31.718458,276.531,60.959,0.429
31.730068,275.904,60.920,0.436
31.741678,275.790,60.913,0.472
31.753288,133.713,48.380,0.504
31.764898,270.698,60.590,0.553
31.776508,133.489,48.351,0.587
31.788118,277.706,61.033,0.597
31.799728,277.472,61.018,0.597
31.811338,276.818,60.977,0.591
31.822948,277.984,61.050,0.585
31.834558,278.268,61.068,0.571
31.846168,278.533,61.084,0.552
31.857778,279.120,61.121,0.505
31.869388,277.538,61.022,0.421
31.880998,276.530,60.959,0.353
31.892608,278.472,61.080,0.442
31.904218,278.593,61.088,0.526
31.915828,234.621,58.114,0.662
31.927438,245.345,58.888,0.727
31.939048,246.346,58.958,0.777
31.950658,246.604,58.976,0.805
31.962268,247.076,59.009,0.825
31.973878,247.300,59.025,0.843
31.985488,247.218,59.019,0.856
31.997098,247.661,59.050,0.868
32.008707,247.812,59.061,0.868
32.020317,247.267,59.023,0.869
32.031927,123.407,46.991,0.867
32.043537,123.466,46.999,0.867
32.055147,246.679,58.982,0.866
32.066757,246.471,58.967,0.860
32.078367,246.286,58.954,0.847
32.089977,246.218,58.949,0.827
32.101587,246.256,58.952,0.805
32.113197,246.506,58.969,0.773
32.124807,247.557,59.043,0.736
32.136417,247.959,59.071,0.707
32.148027,248.316,59.096,0.705
32.159637,248.030,59.076,0.719
32.171247,249.193,59.157,0.747
32.182857,249.309,59.165,0.763
32.194467,249.248,59.161,0.766
32.206077,249.459,59.176,0.766
32.217687,249.190,59.157,0.760
32.229297,249.001,59.144,0.745
32.240907,249.760,59.197,0.708
32.252517,251.073,59.287,0.651
32.264127,231.694,57.897,0.560
32.275737,205.312,55.804,0.431
32.287347,237.776,58.345,0.351
32.298957,244.758,58.846,0.241
32.310567,244.900,58.856,0.233
32.322177,82.515,40.023,0.254
32.333787,106.140,44.382,0.486
32.345397,119.294,46.404,0.663
32.357007,248.766,59.127,0.748
32.368617,248.787,59.129,0.791
32.380227,249.167,59.155,0.818
32.391837,248.685,59.122,0.829
32.403447,248.553,59.113,0.831
32.415057,248.468,59.107,0.832
32.426667,248.276,59.093,0.826
32.438277,248.387,59.101,0.798
32.449887,248.238,59.091,0.748
32.461497,246.928,58.999,0.682
32.473107,238.098,58.369,0.570
32.484717,210.527,56.238,0.425
32.496327,243.429,58.752,0.368
32.507937,247.156,59.015,0.284
32.519546,247.088,59.010,0.282
32.531156,147.490,50.077,0.520
32.542766,105.601,44.293,0.678
32.554376,109.085,44.855,0.728
32.565986,114.159,45.643,0.766
32.577596,239.280,58.454,0.797
32.589206,244.052,58.796,0.819
32.600816,246.704,58.983,0.836
32.612426,248.115,59.082,0.854
32.624036,248.139,59.084,0.865
32.635646,248.067,59.079,0.859
32.647256,247.792,59.059,0.859
32.658866,248.249,59.091,0.858
32.670476,248.258,59.092,0.859
32.682086,247.988,59.073,0.861
32.693696,247.584,59.045,0.864
32.705306,247.087,59.010,0.860
32.716916,246.962,59.001,0.849
32.728526,246.889,58.996,0.834
32.740136,246.810,58.991,0.817
32.751746,246.683,58.982,0.796
32.763356,246.035,58.936,0.767
32.774966,245.030,58.865,0.739
32.786576,242.863,58.712,0.731
32.798186,241.919,58.644,0.760
32.809796,244.400,58.821,0.792
32.821406,245.446,58.895,0.820
32.833016,246.057,58.938,0.838
32.844626,246.504,58.969,0.853
32.856236,246.687,58.982,0.856
32.867846,246.856,58.994,0.853
32.879456,247.637,59.049,0.842
32.891066,247.780,59.059,0.811
32.902676,247.894,59.067,0.771
32.914286,247.993,59.074,0.720
32.925896,247.748,59.056,0.664
32.937506,209.052,56.116,0.566
32.949116,195.454,54.952,0.501
32.960726,189.874,54.450,0.467
32.972336,193.846,54.809,0.472
32.983946,91.172,41.750,0.512
32.995556,786.346,79.052,0.546
33.007166,349.013,64.989,0.603
33.018776,347.110,64.895,0.683
33.030385,344.953,64.787,0.715
33.041995,343.219,64.700,0.739
33.053605,340.969,64.586,0.756
33.065215,339.039,64.487,0.768
33.076825,336.935,64.380,0.778
33.088435,334.969,64.278,0.789
33.100045,333.087,64.181,0.797
33.111655,331.213,64.083,0.791
33.123265,330.555,64.049,0.793
33.134875,326.482,63.834,0.799
33.146485,369.667,65.985,0.808
33.158095,371.945,66.091,0.816
33.169705,372.816,66.132,0.824
33.181315,372.598,66.121,0.829
33.192925,371.917,66.090,0.825
33.204535,371.498,66.070,0.823
33.216145,371.380,66.065,0.823
33.227755,371.231,66.058,0.821
33.239365,370.084,66.004,0.816
33.250975,369.144,65.960,0.812
33.262585,184.344,53.939,0.802
33.274195,184.369,53.941,0.794
33.285805,184.565,53.960,0.794
33.297415,184.639,53.966,0.793
33.309025,184.740,53.976,0.800
33.320635,184.847,53.986,0.816
33.332245,185.025,54.003,0.841
33.343855,185.107,54.010,0.853
33.355465,185.111,54.011,0.861
33.367075,369.314,65.968,0.869
33.378685,368.092,65.911,0.877
33.390295,366.966,65.858,0.883
33.401905,364.187,65.726,0.883
33.413515,356.598,65.362,0.879
33.425125,344.035,64.741,0.868
33.436735,336.193,64.341,0.865
33.448345,332.927,64.172,0.871
33.459955,330.971,64.070,0.878
33.471565,330.080,64.024,0.883
33.483175,329.710,64.004,0.891
33.494785,329.902,64.014,0.897
33.506395,330.145,64.027,0.902
33.518005,330.318,64.036,0.906
33.529615,330.468,64.044,0.907
33.541224,330.559,64.049,0.907
33.552834,330.470,64.044,0.907
33.564444,329.958,64.017,0.904
33.576054,329.254,63.980,0.895
33.587664,328.928,63.963,0.877
33.599274,328.599,63.946,0.858
33.610884,327.889,63.908,0.837
33.622494,326.904,63.856,0.817
33.634104,325.085,63.760,0.797
33.645714,320.540,63.516,0.791
33.657324,293.492,61.990,0.790
33.668934,146.573,49.969,0.798
33.680544,146.602,49.973,0.822
33.692154,146.566,49.969,0.831
33.703764,146.598,49.972,0.829
33.715374,146.658,49.979,0.824
33.726984,146.726,49.987,0.810
33.738594,146.725,49.987,0.778
33.750204,146.661,49.980,0.739
33.761814,293.180,61.971,0.689
33.773424,292.585,61.936,0.584
33.785034,235.972,58.213,0.440
33.796644,81.642,39.839,0.422
33.808254,662.411,76.083,0.429
33.819864,678.520,76.499,0.466
33.831474,110.017,45.003,0.539
33.843084,112.552,45.397,0.638
33.854694,112.436,45.379,0.734
33.866304,112.702,45.420,0.786
33.877914,169.099,52.444,0.816
33.889524,168.982,52.432,0.831
33.901134,168.450,52.378,0.848
33.912744,167.632,52.294,0.860
33.924354,166.732,52.200,0.874
33.935964,165.596,52.082,0.874
33.947574,164.723,51.990,0.863
33.959184,164.383,51.955,0.853
33.970794,329.106,63.973,0.848
33.982404,330.820,64.062,0.850
33.994014,91.581,41.827,0.850
34.005624,92.003,41.907,0.853
34.017234,184.801,53.982,0.853
34.028844,184.996,54.000,0.864
34.040454,185.001,54.000,0.870
34.052063,185.076,54.007,0.873
34.063673,185.195,54.019,0.873
34.075283,185.086,54.008,0.874
34.086893,184.962,53.997,0.873
34.098503,184.840,53.985,0.866
34.110113,184.638,53.966,0.851
34.121723,184.425,53.946,0.834
34.133333,184.255,53.930,0.821
34.144943,184.719,53.974,0.822
34.156553,186.474,54.138,0.847
34.168163,186.767,54.165,0.860
34.179773,186.327,54.124,0.866
34.191383,185.443,54.042,0.876
34.202993,368.050,65.909,0.888
34.214603,366.264,65.825,0.894
34.226213,364.807,65.756,0.898
34.237823,361.936,65.619,0.899
34.249433,353.873,65.229,0.885
34.261043,346.130,64.846,0.876
34.272653,333.678,64.211,0.875
34.284263,329.741,64.006,0.874
34.295873,163.605,51.873,0.871
34.307483,163.577,51.870,0.872
34.319093,163.642,51.876,0.870
34.330703,164.159,51.931,0.867
34.342313,164.672,51.985,0.866
34.353923,164.938,52.013,0.866
34.365533,165.035,52.023,0.866
34.377143,164.970,52.016,0.863
34.388753,164.789,51.997,0.861
34.400363,328.504,63.941,0.863
34.411973,327.436,63.885,0.864
34.423583,326.790,63.850,0.850
34.435193,325.022,63.756,0.834
34.446803,322.916,63.644,0.815
34.458413,318.838,63.424,0.793
34.470023,314.038,63.161,0.776
34.481633,311.310,63.010,0.769
34.493243,294.329,62.039,0.751
34.504853,147.516,50.080,0.743
34.516463,148.159,50.156,0.765
34.528073,148.129,50.152,0.780
34.539683,147.959,50.132,0.794
34.551293,147.798,50.113,0.805
34.562902,147.641,50.095,0.810
34.574512,147.638,50.095,0.809
34.586122,147.351,50.061,0.806
34.597732,146.888,50.007,0.804
34.609342,146.520,49.963,0.798
34.620952,146.356,49.944,0.799
34.632562,146.293,49.936,0.799
34.644172,146.284,49.935,0.795
34.655782,146.450,49.955,0.792
34.667392,146.844,50.001,0.778
34.679002,147.036,50.024,0.766
34.690612,295.354,62.099,0.773
34.702222,298.194,62.265,0.790
34.713832,330.353,64.038,0.810
34.725442,332.319,64.141,0.830
34.737052,333.240,64.189,0.843
34.748662,333.490,64.202,0.848
34.760272,333.265,64.190,0.858
34.771882,332.637,64.157,0.868
34.783492,332.548,64.153,0.869
34.795102,332.093,64.129,0.862
34.806712,330.306,64.036,0.855
34.818322,328.753,63.954,0.849
34.829932,328.245,63.927,0.847
34.841542,328.287,63.929,0.848
34.853152,328.979,63.966,0.854
34.864762,330.429,64.042,0.859
34.876372,331.953,64.122,0.863
34.887982,332.561,64.153,0.873
34.899592,332.944,64.173,0.878
34.911202,332.818,64.167,0.876
34.922812,332.357,64.143,0.878
34.934422,331.643,64.106,0.880
34.946032,329.879,64.013,0.882
34.957642,328.343,63.932,0.880
34.969252,327.733,63.900,0.884
34.980862,327.850,63.906,0.882
34.992472,327.904,63.909,0.874
35.004082,329.202,63.978,0.875
35.015692,330.380,64.039,0.874
35.027302,331.134,64.079,0.870
35.038912,331.735,64.110,0.863
35.050522,332.015,64.125,0.858
35.062132,332.095,64.129,0.845
35.073741,331.524,64.099,0.837
35.085351,331.092,64.077,0.837
35.096961,331.265,64.086,0.833
35.108571,334.066,64.232,0.832
35.120181,346.402,64.859,0.844
35.131791,353.601,65.215,0.853
35.143401,359.757,65.514,0.864
35.155011,363.653,65.701,0.874
35.166621,366.083,65.816,0.883
35.178231,367.841,65.899,0.891
35.189841,369.216,65.964,0.902
35.201451,370.166,66.008,0.909
35.213061,370.555,66.026,0.911
35.224671,370.343,66.016,0.911
35.236281,370.302,66.014,0.908
35.247891,370.389,66.018,0.905
35.259501,370.747,66.035,0.906
35.271111,371.208,66.057,0.907
35.282721,371.514,66.071,0.904
35.294331,371.453,66.068,0.896
35.305941,372.235,66.105,0.884
35.317551,185.995,54.093,0.875
35.329161,185.979,54.092,0.866
35.340771,185.847,54.079,0.859
35.352381,185.748,54.070,0.845
35.363991,185.907,54.085,0.825
35.375601,920.910,81.787,0.803
35.387211,457.298,69.668,0.790
35.398821,456.691,69.645,0.782
35.410431,456.099,69.622,0.768
35.422041,457.371,69.670,0.759
35.433651,459.137,69.737,0.739
35.445261,459.181,69.739,0.716
35.456871,453.856,69.537,0.682
35.468481,83.740,40.278,0.646
35.480091,110.045,45.007,0.593
35.491701,110.179,45.028,0.547
35.503311,335.488,64.305,0.475
35.514921,110.350,45.055,0.418
35.526531,110.198,45.031,0.399
35.538141,110.187,45.029,0.387
35.549751,110.235,45.037,0.388
35.561361,110.425,45.067,0.385
35.572971,110.311,45.049,0.364
35.584580,162.261,51.730,0.347
35.596190,161.929,51.694,0.345
35.607800,110.315,45.049,0.349
35.619410,93.071,42.107,0.351
35.631020,93.039,42.101,0.354
35.642630,93.014,42.096,0.346
35.654240,185.739,54.069,0.348
35.665850,92.857,42.067,0.348
35.677460,92.922,42.079,0.356
35.689070,357.478,65.404,0.494
35.700680,609.263,74.635,0.594
35.712290,273.958,60.797,0.664
35.723900,276.706,60.970,0.704
35.735510,276.906,60.983,0.731
35.747120,276.995,60.988,0.742
35.758730,277.208,61.002,0.751
35.770340,133.705,48.379,0.759
35.781950,277.125,60.996,0.759
35.793560,279.100,61.119,0.748
35.805170,143.091,49.553,0.726
35.816780,286.924,61.598,0.702
35.828390,126.786,47.459,0.678
35.840000,150.054,50.376,0.669
35.851610,84.824,40.501,0.663
35.863220,84.828,40.501,0.660
35.874830,734.149,77.863,0.653
35.886440,84.800,40.496,0.648
35.898050,734.978,77.882,0.645
35.909660,787.474,79.077,0.653
35.921270,208.015,56.030,0.659
35.932880,278.768,61.099,0.691
35.944490,279.551,61.147,0.723
35.956100,291.187,61.853,0.750
35.967710,292.309,61.920,0.772
35.979320,292.297,61.919,0.797
35.990930,292.579,61.936,0.823
36.002540,292.680,61.942,0.841
36.014150,293.165,61.971,0.856
36.025760,293.389,61.984,0.862
36.037370,293.472,61.989,0.866
36.048980,293.447,61.987,0.869
36.060590,293.315,61.979,0.871
36.072200,293.175,61.971,0.868
36.083810,293.127,61.968,0.862
36.095420,292.982,61.960,0.851
36.107029,292.637,61.939,0.834
36.118639,292.368,61.923,0.815
36.130249,292.178,61.912,0.796
36.141859,292.059,61.905,0.779
36.153469,291.365,61.864,0.773
36.165079,292.244,61.916,0.775
36.176689,327.986,63.914,0.777
36.188299,330.247,64.033,0.786
36.199909,330.622,64.052,0.796
36.211519,330.599,64.051,0.795
36.223129,330.642,64.053,0.790
36.234739,330.811,64.062,0.778
36.246349,332.184,64.134,0.752
36.257959,333.134,64.183,0.713
36.269569,333.226,64.188,0.654
36.281179,329.056,63.970,0.560
36.292789,291.944,61.898,0.394
36.304399,292.587,61.936,0.360
36.316009,292.617,61.938,0.359
36.327619,293.445,61.987,0.357
36.339229,293.413,61.985,0.353
36.350839,292.277,61.918,0.404
36.362449,148.492,50.195,0.496
36.374059,148.175,50.158,0.561
36.385669,320.755,63.528,0.648
36.397279,333.167,64.185,0.683
36.408889,332.236,64.136,0.712
36.420499,330.589,64.050,0.738
36.432109,328.976,63.966,0.763
36.443719,328.009,63.915,0.781
36.455329,328.016,63.915,0.794
36.466939,328.615,63.947,0.805
36.478549,329.405,63.988,0.802
36.490159,329.569,63.997,0.804
36.501769,330.480,64.045,0.806
36.513379,331.808,64.114,0.808
36.524989,331.981,64.123,0.803
36.536599,332.360,64.143,0.789
36.548209,332.854,64.169,0.774
36.559819,332.929,64.173,0.757
36.571429,332.602,64.156,0.746
36.583039,332.096,64.129,0.742
36.594649,294.626,62.057,0.741
36.606259,294.979,62.077,0.734
36.617868,294.480,62.048,0.731
36.629478,294.299,62.037,0.732
36.641088,294.239,62.034,0.729
36.652698,294.252,62.035,0.727
36.664308,294.348,62.040,0.719
36.675918,294.088,62.025,0.707
36.687528,293.368,61.982,0.706
36.699138,322.010,63.595,0.714
36.710748,326.829,63.852,0.726
36.722358,329.325,63.984,0.745
36.733968,329.964,64.018,0.761
36.745578,329.289,63.982,0.776
36.757188,328.494,63.940,0.786
36.768798,327.509,63.888,0.797
36.780408,326.802,63.851,0.802
36.792018,326.272,63.823,0.803
36.803628,325.752,63.795,0.803
36.815238,325.775,63.796,0.805
36.826848,325.539,63.784,0.810
36.838458,326.594,63.840,0.814
36.850068,337.804,64.424,0.819
36.861678,337.822,64.425,0.824
36.873288,337.049,64.385,0.824
36.884898,337.734,64.421,0.824
36.896508,338.608,64.465,0.825
36.908118,339.059,64.488,0.824
36.919728,337.882,64.428,0.821
36.931338,321.869,63.588,0.815
36.942948,321.379,63.561,0.800
36.954558,320.598,63.519,0.782
36.966168,318.945,63.430,0.763
36.977778,318.794,63.421,0.744
36.989388,321.531,63.569,0.727
37.000998,325.352,63.774,0.721
37.012608,290.353,61.804,0.721
37.024218,290.791,61.830,0.728
37.035828,292.022,61.903,0.742
37.047438,292.846,61.952,0.757
37.059048,293.136,61.969,0.763
37.070658,293.051,61.964,0.760
37.082268,293.046,61.963,0.751
37.093878,293.226,61.974,0.731
37.105488,294.014,62.021,0.699
37.117098,294.559,62.053,0.656
37.128707,294.697,62.061,0.609
37.140317,293.479,61.989,0.520
37.151927,329.218,63.978,0.408
37.163537,329.795,64.009,0.364
37.175147,329.345,63.985,0.365
37.186757,328.386,63.935,0.415
37.198367,326.614,63.841,0.468
37.209977,322.523,63.623,0.535
37.221587,324.659,63.737,0.650
37.233197,329.658,64.002,0.717
37.244807,333.317,64.193,0.755
37.256417,334.533,64.256,0.784
37.268027,333.729,64.214,0.809
37.279637,332.309,64.140,0.827
37.291247,330.843,64.064,0.842
37.302857,329.904,64.014,0.854
37.314467,329.452,63.991,0.857
37.326077,328.515,63.941,0.857
37.337687,328.211,63.925,0.861
37.349297,328.096,63.919,0.864
37.360907,328.151,63.922,0.866
37.372517,328.166,63.923,0.858
37.384127,328.491,63.940,0.851
37.395737,328.972,63.966,0.840
37.407347,329.191,63.977,0.835
37.418957,329.679,64.003,0.829
37.430567,306.420,62.736,0.825
37.442177,299.052,62.315,0.828
37.453787,293.187,61.972,0.832
37.465397,293.004,61.961,0.847
37.477007,293.167,61.971,0.859
37.488617,293.283,61.977,0.872
37.500227,292.669,61.941,0.876
37.511837,292.990,61.960,0.880
37.523447,293.459,61.988,0.878
37.535057,293.893,62.013,0.863
37.546667,294.058,62.023,0.844
37.558277,294.037,62.022,0.823
37.569887,293.819,62.009,0.797
37.581497,293.472,61.989,0.764
37.593107,292.873,61.953,0.723
37.604717,291.789,61.889,0.674
37.616327,222.440,57.191,0.636
37.627937,232.333,57.944,0.650
37.639546,262.983,60.090,0.676
37.651156,327.259,63.875,0.713
37.662766,334.320,64.245,0.746
37.674376,333.103,64.182,0.777
37.685986,331.007,64.072,0.804
37.697596,329.555,63.996,0.825
37.709206,328.630,63.948,0.835
37.720816,328.412,63.936,0.843
37.732426,328.810,63.957,0.853
37.744036,329.733,64.006,0.859
37.755646,330.011,64.020,0.860
37.767256,332.455,64.148,0.865
37.778866,341.263,64.601,0.869
37.790476,359.040,65.480,0.870
37.802086,365.241,65.776,0.876
37.813696,367.289,65.873,0.880
37.825306,368.814,65.945,0.880
37.836916,370.243,66.012,0.878
37.848526,371.215,66.057,0.873
37.860136,371.543,66.072,0.857
37.871746,371.371,66.064,0.836
37.883356,370.925,66.044,0.811
37.894966,370.354,66.017,0.783
37.906576,369.909,65.996,0.751
37.918186,371.404,66.066,0.714
37.929796,374.271,66.199,0.668
37.941406,375.626,66.262,0.636
37.953016,91.828,41.874,0.636
37.964626,374.456,66.208,0.644
37.976236,106.509,44.442,0.650
37.987846,106.523,44.444,0.653
37.999456,106.500,44.440,0.656
38.011066,106.509,44.442,0.654
38.022676,106.527,44.445,0.651
38.034286,106.530,44.445,0.646
38.045896,110.335,45.053,0.638
38.057506,95.477,42.549,0.626
38.069116,305.623,62.691,0.626
38.080726,339.914,64.532,0.667
38.092336,347.779,64.928,0.707
38.103946,346.929,64.886,0.755
38.115556,344.081,64.743,0.771
38.127166,342.373,64.657,0.789
38.138776,340.700,64.572,0.806
38.150385,338.916,64.481,0.820
38.161995,337.066,64.386,0.831
38.173605,334.058,64.231,0.836
38.185215,329.946,64.017,0.838
38.196825,326.749,63.848,0.829
38.208435,326.256,63.822,0.835
38.220045,326.226,63.820,0.840
38.231655,326.728,63.847,0.842
38.243265,328.050,63.917,0.845
38.254875,329.636,64.000,0.847
38.266485,331.271,64.086,0.846
38.278095,332.252,64.137,0.846
38.289705,332.340,64.142,0.847
38.301315,331.956,64.122,0.844
38.312925,331.031,64.074,0.842
38.324535,330.219,64.031,0.842
38.336145,329.556,63.996,0.842
38.347755,329.192,63.977,0.843
38.359365,329.016,63.968,0.844
38.370975,329.117,63.973,0.846
38.382585,329.505,63.994,0.847
38.394195,330.042,64.022,0.848
38.405805,330.249,64.033,0.849
38.417415,330.052,64.022,0.849
38.429025,329.559,63.996,0.847
38.440635,328.788,63.956,0.845
38.452245,327.853,63.907,0.841
38.463855,327.130,63.868,0.837
38.475465,326.970,63.860,0.834
38.487075,327.294,63.877,0.835
38.498685,328.531,63.942,0.835
38.510295,331.111,64.078,0.837
38.521905,334.907,64.275,0.841
38.533515,344.730,64.776,0.850
38.545125,357.571,65.409,0.862
38.556735,363.299,65.684,0.871
38.568345,366.629,65.842,0.877
38.579955,368.233,65.917,0.879
38.591565,369.442,65.974,0.881
38.603175,370.296,66.014,0.883
38.614785,370.157,66.008,0.885
38.626395,369.569,65.980,0.881
38.638005,368.990,65.953,0.875
38.649615,368.710,65.940,0.872
38.661224,368.749,65.942,0.869
38.672834,369.052,65.956,0.873
38.684444,369.470,65.975,0.874
38.696054,369.774,65.990,0.872
38.707664,370.104,66.005,0.870
38.719274,370.232,66.011,0.865
38.730884,369.819,65.992,0.857
38.742494,369.154,65.961,0.847
38.754104,368.375,65.924,0.833
38.765714,366.862,65.853,0.819
38.777324,365.107,65.770,0.798
38.788934,363.052,65.672,0.780
38.800544,359.785,65.516,0.760
38.812154,354.612,65.265,0.743
38.823764,957.066,82.453,0.726
38.835374,964.885,82.594,0.702
38.846984,966.455,82.622,0.684
38.858594,92.390,41.980,0.648
38.870204,92.195,41.943,0.619
38.881814,92.786,42.054,0.575
38.893424,164.670,51.985,0.519
38.905034,82.320,39.982,0.471
38.916644,164.664,51.984,0.435
38.928254,164.565,51.974,0.423
38.939864,739.839,77.996,0.432
38.951474,741.325,78.031,0.446
38.963084,742.445,78.057,0.467
38.974694,744.110,78.096,0.478
38.986304,741.204,78.028,0.479
38.997914,739.892,77.998,0.483
39.009524,368.898,65.949,0.491
39.021134,369.215,65.963,0.491
39.032744,369.142,65.960,0.491
39.044354,368.952,65.951,0.487
39.055964,369.291,65.967,0.477
39.067574,372.611,66.122,0.499
39.079184,372.695,66.126,0.550
39.090794,374.548,66.212,0.594
39.102404,91.860,41.880,0.641
39.114014,91.854,41.879,0.672
39.125624,210.180,56.209,0.703
39.137234,218.149,56.854,0.734
39.148844,241.626,58.623,0.757
39.160454,241.778,58.634,0.771
39.172063,244.013,58.793,0.780
39.183673,245.514,58.900,0.787
39.195283,246.424,58.964,0.790
39.206893,246.557,58.973,0.794
39.218503,246.167,58.946,0.793
39.230113,246.188,58.947,0.792
39.241723,246.456,58.966,0.791
39.253333,246.745,58.986,0.793
39.264943,246.628,58.978,0.791
39.276553,246.281,58.954,0.785
39.288163,246.150,58.944,0.769
39.299773,246.366,58.960,0.753
39.311383,246.749,58.986,0.735
39.322993,246.885,58.996,0.711
39.334603,246.844,58.993,0.707
39.346213,233.508,58.032,0.713
39.357823,234.152,58.079,0.725
39.369433,251.390,59.309,0.737
39.381043,251.292,59.302,0.747
39.392653,251.071,59.287,0.761
39.404263,250.782,59.267,0.775
39.415873,250.460,59.245,0.787
39.427483,245.737,58.915,0.786
39.439093,246.076,58.939,0.780
39.450703,245.838,58.922,0.775
39.462313,245.774,58.918,0.775
39.473923,245.847,58.923,0.780
39.485533,245.981,58.933,0.783
39.497143,246.143,58.944,0.783
39.508753,246.278,58.953,0.783
39.520363,246.259,58.952,0.783
39.531973,245.958,58.931,0.786
39.543583,245.575,58.904,0.785
39.555193,245.621,58.907,0.783
39.566803,246.686,58.982,0.789
39.578413,247.742,59.056,0.794
39.590023,247.999,59.074,0.795
39.601633,248.079,59.080,0.796
39.613243,248.118,59.082,0.798
39.624853,248.404,59.102,0.798
39.636463,248.641,59.119,0.794
39.648073,248.660,59.120,0.786
39.659683,248.594,59.115,0.770
39.671293,248.686,59.122,0.749
39.682902,249.037,59.146,0.727
39.694512,250.001,59.213,0.699
39.706122,251.669,59.328,0.665
39.717732,256.733,59.673,0.615
39.729342,129.829,47.869,0.567
39.740952,130.028,47.896,0.535
39.752562,80.926,39.686,0.518
39.764172,768.468,78.654,0.599
39.775782,400.669,67.379,0.608
39.787392,847.800,80.355,0.638
39.799002,880.539,81.011,0.671
39.810612,883.411,81.067,0.690
39.822222,435.058,68.804,0.705
39.833832,434.263,68.773,0.726
39.845442,435.189,68.810,0.752
39.857052,441.900,69.075,0.751
39.868662,446.312,69.247,0.770
39.880272,451.711,69.455,0.785
39.891882,458.059,69.696,0.793
39.903492,463.980,69.919,0.798
39.915102,471.258,70.188,0.806
39.926712,479.250,70.479,0.812
39.938322,486.797,70.750,0.812
39.949932,490.561,70.883,0.815
39.961542,493.583,70.989,0.815
39.973152,495.269,71.049,0.805
39.984762,495.952,71.072,0.795
39.996372,495.447,71.055,0.789
40.007982,495.131,71.044,0.781
40.019592,494.188,71.011,0.772
40.031202,492.991,70.969,0.755
40.042812,489.759,70.855,0.736
40.054422,480.721,70.532,0.705
40.066032,467.855,70.063,0.696
40.077642,451.713,69.455,0.724
40.089252,442.745,69.108,0.741
40.100862,440.635,69.025,0.751
40.112472,441.448,69.057,0.755
40.124082,444.684,69.183,0.770
40.135692,446.849,69.267,0.787
40.147302,446.960,69.272,0.807
40.158912,445.880,69.230,0.822
40.170522,444.711,69.184,0.823
40.182132,442.801,69.110,0.828
40.193741,440.992,69.039,0.832
40.205351,439.451,68.978,0.836
40.216961,438.082,68.924,0.840
40.228571,437.773,68.912,0.843
40.240181,438.502,68.941,0.845
40.251791,440.575,69.023,0.846
40.263401,442.862,69.112,0.843
40.275011,444.907,69.192,0.836
40.286621,445.723,69.224,0.835
40.298231,444.912,69.192,0.839
40.309841,442.856,69.112,0.840
40.321451,439.946,68.998,0.833
40.333061,437.287,68.893,0.816
40.344671,433.963,68.761,0.795
40.356281,431.618,68.667,0.776
40.367891,429.730,68.591,0.757
40.379501,427.073,68.484,0.740
40.391111,425.740,68.430,0.732
40.402721,420.911,68.232,0.734
40.414331,409.689,67.764,0.751
40.425941,351.238,65.099,0.786
40.437551,346.419,64.860,0.809
40.449161,342.531,64.665,0.826
40.460771,339.452,64.508,0.842
40.472381,336.328,64.348,0.851
40.483991,335.348,64.298,0.851
40.495601,335.898,64.326,0.851
40.507211,337.294,64.398,0.852
40.518821,338.309,64.450,0.847
40.530431,346.106,64.845,0.848
40.542041,360.185,65.535,0.853
40.553651,364.641,65.748,0.856
40.565261,365.653,65.796,0.862
40.576871,366.007,65.812,0.866
40.588481,366.829,65.851,0.864
40.600091,367.851,65.899,0.857
40.611701,367.134,65.866,0.848
40.623311,364.137,65.724,0.841
40.634921,357.599,65.410,0.834
40.646531,349.439,65.010,0.827
40.658141,342.137,64.645,0.820
40.669751,334.128,64.235,0.812
40.681361,331.071,64.076,0.814
40.692971,329.586,63.998,0.821
40.704580,328.920,63.963,0.835
40.716190,328.292,63.930,0.839
40.727800,328.146,63.922,0.840
40.739410,328.078,63.918,0.842
40.751020,328.126,63.921,0.840
40.762630,328.247,63.927,0.838
40.774240,328.111,63.920,0.828
40.785850,328.341,63.932,0.808
40.797460,329.275,63.981,0.797
40.809070,329.631,64.000,0.789
40.820680,329.441,63.990,0.783
40.832290,328.804,63.957,0.778
40.843900,292.661,61.941,0.775
40.855510,292.661,61.941,0.778
40.867120,292.851,61.952,0.786
40.878730,293.100,61.967,0.804
40.890340,293.135,61.969,0.805
40.901950,293.238,61.975,0.807
40.913560,293.347,61.981,0.809
40.925170,293.537,61.992,0.805
40.936780,293.589,61.996,0.800
40.948390,293.518,61.991,0.785
40.960000,293.421,61.986,0.769
40.971610,293.036,61.963,0.745
40.983220,292.557,61.935,0.721
40.994830,291.772,61.888,0.704
41.006440,290.912,61.837,0.690
41.018050,290.648,61.821,0.684
41.029660,262.146,60.034,0.685
41.041270,307.977,62.824,0.717
41.052880,341.451,64.610,0.749
41.064490,339.071,64.489,0.778
41.076100,337.525,64.410,0.797
41.087710,335.323,64.297,0.806
41.099320,334.267,64.242,0.813
41.110930,333.688,64.212,0.818
41.122540,331.906,64.119,0.825
41.134150,329.451,63.991,0.825
41.145760,328.817,63.957,0.824
41.157370,328.255,63.928,0.821
41.168980,327.539,63.890,0.819
41.180590,327.638,63.895,0.818
41.192200,329.687,64.003,0.807
41.203810,330.559,64.049,0.794
41.215420,332.329,64.141,0.775
41.227029,333.584,64.207,0.765
41.238639,333.389,64.196,0.774
41.250249,293.842,62.010,0.786
41.261859,292.853,61.952,0.795
41.273469,292.501,61.931,0.802
41.285079,292.848,61.952,0.820
41.296689,293.424,61.986,0.836
41.308299,294.003,62.020,0.853
41.319909,294.114,62.026,0.862
41.331519,294.368,62.041,0.861
41.343129,294.154,62.029,0.858
41.354739,293.957,62.017,0.851
41.366349,294.094,62.025,0.840
41.377959,294.220,62.033,0.831
41.389569,293.243,61.975,0.825
41.401179,289.688,61.764,0.816
41.412789,286.013,61.543,0.809
41.424399,279.830,61.165,0.798
41.436009,277.373,61.012,0.786
41.447619,310.334,62.956,0.791
41.459229,313.615,63.138,0.807
41.470839,317.439,63.348,0.820
41.482449,320.862,63.533,0.827
41.494059,328.231,63.926,0.837
41.505669,331.266,64.086,0.845
41.517279,331.909,64.119,0.854
41.528889,331.202,64.082,0.863
41.540499,330.853,64.064,0.870
41.552109,330.857,64.064,0.869
41.563719,331.750,64.111,0.867
41.575329,332.827,64.167,0.870
41.586939,333.452,64.200,0.872
41.598549,334.584,64.258,0.869
41.610159,337.198,64.393,0.864
41.621769,347.361,64.907,0.857
41.633379,347.817,64.930,0.848
41.644989,347.698,64.924,0.846
41.656599,347.964,64.937,0.843
41.668209,347.650,64.922,0.836
41.679819,335.959,64.329,0.826
41.691429,335.041,64.282,0.825
41.703039,334.901,64.275,0.826
41.714649,334.897,64.275,0.827
41.726259,334.432,64.251,0.831
41.737868,333.969,64.227,0.833
41.749478,333.662,64.211,0.832
41.761088,333.827,64.219,0.832
41.772698,333.575,64.206,0.831
41.784308,331.773,64.112,0.828
41.795918,326.422,63.831,0.829
41.807528,294.738,62.063,0.832
41.819138,294.720,62.062,0.833
41.830748,294.331,62.039,0.834
41.842358,293.430,61.986,0.832
41.853968,292.376,61.924,0.835
41.865578,292.244,61.916,0.834
41.877188,292.647,61.940,0.829
41.888798,147.362,50.062,0.822
41.900408,146.816,49.998,0.814
41.912018,81.686,39.848,0.809
41.923628,250.011,59.214,0.806
41.935238,249.726,59.194,0.808
41.946848,250.016,59.214,0.804
41.958458,250.867,59.273,0.802
41.970068,251.633,59.326,0.808
41.981678,251.741,59.333,0.808
41.993288,252.118,59.359,0.805
42.004898,252.480,59.384,0.799
42.016508,252.596,59.392,0.790
42.028118,251.673,59.329,0.781
42.039728,249.398,59.171,0.767
42.051338,245.681,58.911,0.759
42.062948,243.010,58.722,0.747
42.074558,242.897,58.714,0.744
42.086168,243.486,58.756,0.747
42.097778,246.189,58.947,0.748
42.109388,250.376,59.239,0.753
42.120998,249.467,59.176,0.754
42.132608,250.485,59.247,0.752
42.144218,251.169,59.294,0.750
42.155828,250.655,59.258,0.747
42.167438,245.830,58.922,0.742
42.179048,242.937,58.717,0.735
42.190658,242.168,58.662,0.726
42.202268,241.547,58.618,0.708
42.213878,241.602,58.622,0.694
42.225488,242.764,58.705,0.691
42.237098,247.173,59.016,0.682
42.248707,249.299,59.165,0.670
42.260317,126.093,47.364,0.722
42.271927,125.961,47.346,0.780
42.283537,135.799,48.648,0.816
42.295147,137.262,48.833,0.840
42.306757,138.331,48.968,0.862
42.318367,138.000,48.926,0.877
42.329977,138.196,48.951,0.884
42.341587,138.493,48.988,0.892
42.353197,282.502,61.329,0.879
42.364807,283.062,61.363,0.855
42.376417,284.696,61.463,0.828
42.388027,289.424,61.748,0.804
42.399637,292.969,61.959,0.768
42.411247,81.129,39.730,0.734
42.422857,255.905,59.617,0.710
42.434467,245.660,58.910,0.672
42.446077,244.776,58.848,0.667
42.457687,244.782,58.848,0.659
42.469297,243.724,58.773,0.676
42.480907,240.006,58.507,0.685
42.492517,266.218,60.301,0.709
42.504127,303.940,62.595,0.749
42.515737,307.116,62.775,0.787
42.527347,328.873,63.960,0.807
42.538957,329.255,63.980,0.821
42.550567,329.398,63.988,0.837
42.562177,328.056,63.917,0.849
42.573787,328.240,63.927,0.861
42.585397,328.660,63.949,0.866
42.597007,328.843,63.959,0.864
42.608617,329.240,63.980,0.855
42.620227,329.165,63.976,0.849
42.631837,329.199,63.977,0.842
42.643447,329.206,63.978,0.833
42.655057,329.293,63.982,0.821
42.666667,329.310,63.983,0.810
42.678277,329.311,63.983,0.803
42.689887,330.719,64.057,0.792
42.701497,333.043,64.178,0.784
42.713107,335.514,64.306,0.798
42.724717,338.374,64.453,0.817
42.736327,338.046,64.437,0.832
42.747937,336.194,64.341,0.845
42.759546,334.206,64.239,0.849
42.771156,333.521,64.203,0.849
42.782766,331.726,64.110,0.854
42.794376,330.441,64.043,0.858
42.805986,329.299,63.983,0.853
42.817596,327.761,63.902,0.848
42.829206,326.680,63.844,0.848
42.840816,325.888,63.802,0.846
42.852426,326.085,63.813,0.848
42.864036,326.929,63.858,0.853
42.875646,328.607,63.946,0.859
42.887256,329.695,64.004,0.860
42.898866,330.496,64.046,0.863
42.910476,331.100,64.077,0.865
42.922086,331.464,64.096,0.868
42.933696,331.453,64.096,0.870
42.945306,331.238,64.084,0.873
42.956916,330.766,64.060,0.873
42.968526,330.138,64.027,0.867
42.980136,329.692,64.003,0.865
42.991746,329.206,63.978,0.865
43.003356,329.025,63.968,0.863
43.014966,328.987,63.966,0.859
43.026576,329.315,63.984,0.859
43.038186,328.796,63.956,0.860
43.049796,328.769,63.955,0.864
43.061406,328.578,63.945,0.872
43.073016,328.383,63.935,0.880
43.084626,328.246,63.927,0.884
43.096236,327.979,63.913,0.884
43.107846,327.724,63.900,0.880
43.119456,328.931,63.963,0.872
43.131066,331.021,64.073,0.869
43.142676,332.681,64.160,0.864
43.154286,333.402,64.197,0.854
43.165896,333.239,64.189,0.846
43.177506,331.716,64.109,0.846
43.189116,330.407,64.041,0.848
43.200726,329.557,63.996,0.850
43.212336,329.082,63.971,0.854
43.223946,328.912,63.962,0.855
43.235556,666.610,76.192,0.856
43.247166,672.496,76.344,0.861
43.258776,680.384,76.546,0.868
43.270385,696.000,76.939,0.868
43.281995,711.132,77.311,0.861
43.293605,721.432,77.560,0.851
43.305215,366.930,65.856,0.842
43.316825,368.651,65.937,0.830
43.328435,369.726,65.987,0.820
43.340045,369.941,65.998,0.811
43.351655,369.952,65.998,0.791
43.363265,370.298,66.014,0.766
43.374875,370.610,66.029,0.753
43.386485,370.301,66.014,0.759
43.398095,369.268,65.966,0.766
43.409705,369.893,65.995,0.782
43.421315,370.796,66.037,0.791
43.432925,371.626,66.076,0.809
43.444535,322.526,63.623,0.817
43.456145,321.812,63.585,0.830
43.467755,321.361,63.560,0.841
43.479365,320.346,63.506,0.851
43.490975,319.809,63.476,0.852
43.502585,276.590,60.963,0.846
43.514195,275.900,60.920,0.837
43.525805,950.086,82.327,0.816
43.537415,950.092,82.327,0.801
43.549025,275.121,60.871,0.776
43.560635,958.285,82.475,0.750
43.572245,962.750,82.556,0.713
43.583855,969.605,82.679,0.684
43.595465,373.736,66.174,0.647
43.607075,968.190,82.653,0.623
43.618685,971.629,82.715,0.600
43.630295,975.371,82.781,0.579
43.641905,975.937,82.791,0.566
43.653515,969.000,82.668,0.556
43.665125,967.825,82.647,0.545
43.676735,967.392,82.639,0.536
43.688345,242.587,58.692,0.514
43.699955,243.836,58.781,0.453
43.711565,369.161,65.961,0.416
43.723175,244.768,58.847,0.399
43.734785,245.796,58.919,0.390
43.746395,245.758,58.917,0.364
43.758005,245.345,58.888,0.341
43.769615,245.490,58.898,0.338
43.781224,245.576,58.904,0.332
43.792834,244.684,58.841,0.326
43.804444,739.579,77.990,0.315
43.816054,369.650,65.984,0.310
43.827664,242.927,58.716,0.305
43.839274,373.082,66.144,0.314
43.850884,372.754,66.129,0.309
43.862494,372.804,66.131,0.323
43.874104,372.803,66.131,0.324
43.885714,373.642,66.170,0.321
43.897324,373.029,66.141,0.326
43.908934,372.432,66.114,0.323
43.920544,370.704,66.033,0.326
43.932154,370.702,66.033,0.489
43.943764,670.525,76.293,0.599
43.955374,668.169,76.233,0.659
43.966984,303.443,62.567,0.706
43.978594,278.177,61.062,0.758
43.990204,277.528,61.022,0.792
44.001814,278.525,61.084,0.823
44.013424,279.581,61.149,0.843
44.025034,282.685,61.340,0.870
44.036644,293.556,61.994,0.887
44.048254,292.764,61.947,0.896
44.059864,294.044,62.022,0.899
44.071474,294.273,62.036,0.899
44.083084,294.196,62.031,0.897
44.094694,294.388,62.043,0.898
44.106304,294.142,62.028,0.902
44.117914,293.705,62.002,0.889
44.129524,293.458,61.988,0.880
44.141134,293.545,61.993,0.871
44.152744,293.754,62.005,0.866
44.164354,294.147,62.028,0.854
44.175964,294.434,62.045,0.847
44.187574,296.588,62.171,0.834
44.199184,306.326,62.731,0.814
44.210794,318.790,63.421,0.806
44.222404,325.921,63.804,0.793
44.234014,327.925,63.910,0.788
44.245624,329.267,63.981,0.774
44.257234,329.877,64.013,0.762
44.268844,330.956,64.070,0.740
44.280454,330.758,64.059,0.715
44.292063,330.526,64.047,0.687
44.303673,329.669,64.002,0.645
44.315283,326.912,63.857,0.585
44.326893,83.115,40.148,0.474
44.338503,293.310,61.979,0.428
44.350113,149.082,50.263,0.372
44.361723,149.190,50.276,0.362
44.373333,313.815,63.149,0.513
44.384943,323.552,63.678,0.648
44.396553,327.848,63.906,0.730
44.408163,329.504,63.994,0.752
44.419773,332.676,64.159,0.797
44.431383,333.208,64.187,0.830
44.442993,333.051,64.179,0.853
44.454603,332.812,64.166,0.882
44.466213,332.381,64.144,0.901
44.477823,331.764,64.112,0.903
44.489433,330.812,64.062,0.902
44.501043,330.257,64.033,0.909
44.512653,329.465,63.991,0.902
44.524263,329.138,63.974,0.896
44.535873,328.995,63.967,0.895
44.547483,328.815,63.957,0.880
44.559093,329.091,63.972,0.856
44.570703,329.618,63.999,0.843
44.582313,330.334,64.037,0.830
44.593923,330.443,64.043,0.818
44.605533,330.582,64.050,0.811
44.617143,330.608,64.051,0.807
44.628753,330.568,64.049,0.797
44.640363,330.413,64.041,0.792
44.651973,330.326,64.037,0.800
44.663583,330.385,64.040,0.803
44.675193,330.681,64.055,0.806
44.686803,330.916,64.068,0.815
44.698413,330.298,64.035,0.824
44.710023,329.419,63.989,0.826
44.721633,328.774,63.955,0.831
44.733243,328.884,63.961,0.842
44.744853,328.841,63.959,0.850
44.756463,328.749,63.954,0.858
44.768073,328.602,63.946,0.863
44.779683,328.445,63.938,0.863
44.791293,328.080,63.919,0.858
44.802902,329.460,63.991,0.858
44.814512,332.974,64.175,0.852
44.826122,334.765,64.268,0.847
44.837732,335.434,64.302,0.851
44.849342,335.440,64.303,0.857
44.860952,334.936,64.277,0.863
44.872562,334.227,64.240,0.865
44.884172,333.426,64.198,0.865
44.895782,331.589,64.103,0.860
44.907392,329.558,63.996,0.861
44.919002,329.124,63.974,0.862
44.930612,329.382,63.987,0.863
44.942222,329.662,64.002,0.857
44.953832,329.706,64.004,0.855
44.965442,903.792,81.462,0.855
44.977052,363.854,65.710,0.882
44.988662,365.524,65.790,0.899
45.000272,366.268,65.825,0.906
45.011882,367.685,65.892,0.913
45.023492,369.150,65.960,0.920
45.035102,369.875,65.994,0.931
45.046712,370.060,66.003,0.933
45.058322,370.125,66.006,0.933
45.069932,370.423,66.020,0.916
45.081542,370.662,66.031,0.901
45.093152,370.733,66.035,0.886
45.104762,370.556,66.026,0.866
45.116372,370.797,66.037,0.831
45.127982,371.278,66.060,0.780
45.139592,371.733,66.081,0.723
45.151202,371.955,66.092,0.661
45.162812,371.538,66.072,0.600
45.174422,369.383,65.971,0.493
45.186032,322.846,63.640,0.493
45.197642,811.961,79.607,0.607
45.209252,808.812,79.540,0.644
45.220862,802.469,79.403,0.668
45.232472,799.279,79.334,0.699
45.244082,123.864,47.055,0.732
45.255692,123.733,47.037,0.761
45.267302,232.487,57.956,0.791
45.278912,236.626,58.261,0.807
45.290522,245.803,58.920,0.806
45.302132,247.060,59.008,0.823
45.313741,247.668,59.051,0.844
45.325351,247.941,59.070,0.854
45.336961,247.615,59.047,0.857
45.348571,247.467,59.037,0.861
45.360181,247.480,59.038,0.857
45.371791,247.835,59.063,0.855
45.383401,248.013,59.075,0.857
45.395011,247.914,59.068,0.855
45.406621,247.781,59.059,0.851
45.418231,247.710,59.054,0.854
45.429841,247.636,59.049,0.854
45.441451,247.497,59.039,0.853
45.453061,247.053,59.008,0.854
45.464671,246.425,58.964,0.853
45.476281,123.989,47.072,0.859
45.487891,81.957,39.905,0.855
45.499501,108.193,44.713,0.848
45.511111,221.268,57.100,0.839
45.522721,220.558,57.044,0.837
45.534331,219.961,56.997,0.829
45.545941,219.973,56.998,0.823
45.557551,220.248,57.019,0.822
45.569161,220.572,57.045,0.813
45.580771,220.653,57.051,0.812
45.592381,220.737,57.058,0.809
45.603991,220.770,57.060,0.812
45.615601,220.736,57.058,0.811
45.627211,220.631,57.050,0.807
45.638821,220.657,57.052,0.804
45.650431,220.770,57.061,0.798
45.662041,221.015,57.080,0.803
45.673651,221.675,57.131,0.800
45.685261,222.430,57.190,0.795
45.696871,223.939,57.307,0.788
45.708481,245.663,58.910,0.786
45.720091,247.171,59.016,0.792
45.731701,248.039,59.077,0.803
45.743311,247.827,59.062,0.816
45.754921,247.716,59.054,0.811
45.766531,247.494,59.039,0.815
45.778141,246.825,58.992,0.823
45.789751,244.167,58.804,0.824
45.801361,242.280,58.670,0.829
45.812971,242.491,58.685,0.833
45.824580,242.469,58.684,0.836
45.836190,243.480,58.756,0.838
45.847800,245.338,58.887,0.847
45.859410,246.050,58.937,0.848
45.871020,246.576,58.974,0.839
45.882630,247.029,59.006,0.836
45.894240,247.089,59.010,0.834
45.905850,246.531,58.971,0.832
45.917460,245.822,58.921,0.826
45.929070,244.919,58.858,0.819
45.940680,244.490,58.827,0.808
45.952290,244.846,58.852,0.802
45.963900,246.498,58.969,0.810
45.975510,247.338,59.028,0.810
45.987120,248.147,59.084,0.805
45.998730,248.004,59.074,0.799
46.010340,247.061,59.008,0.795
46.021950,245.708,58.913,0.791
46.033560,242.379,58.677,0.782
46.045170,236.075,58.221,0.780
46.056780,231.588,57.889,0.780
46.068390,230.662,57.819,0.786
46.080000,231.633,57.892,0.796
46.091610,230.479,57.806,0.803
46.103220,228.683,57.670,0.810
46.114830,292.807,61.949,0.830
46.126440,295.611,62.114,0.850
46.138050,296.342,62.157,0.866
46.149660,296.392,62.160,0.880
46.161270,295.742,62.122,0.886
46.172880,294.441,62.046,0.887
46.184490,294.318,62.038,0.885
46.196100,294.791,62.066,0.887
46.207710,295.791,62.125,0.877
46.219320,297.567,62.229,0.873
46.230930,302.937,62.538,0.868
46.242540,309.162,62.890,0.861
46.254150,315.175,63.224,0.860
46.265760,321.623,63.574,0.861
46.277370,324.982,63.754,0.871
46.288980,327.159,63.870,0.876
46.300590,328.647,63.948,0.885
46.312200,329.829,64.011,0.888
46.323810,329.927,64.016,0.888
46.335420,329.877,64.013,0.888
46.347029,329.806,64.009,0.887
46.358639,329.605,63.999,0.887
46.370249,329.513,63.994,0.876
46.381859,329.206,63.978,0.858
46.393469,328.922,63.963,0.833
46.405079,328.776,63.955,0.804
46.416689,328.787,63.956,0.771
46.428299,328.872,63.960,0.731
46.439909,219.961,56.997,0.681
46.451519,219.052,56.925,0.597
46.463129,212.239,56.378,0.524
46.474739,213.871,56.511,0.515
46.486349,215.540,56.645,0.562
46.497959,182.845,53.797,0.635
46.509569,330.365,64.039,0.685
46.521179,332.451,64.148,0.721
46.532789,334.231,64.240,0.751
46.544399,334.533,64.256,0.780
46.556009,333.703,64.213,0.815
46.567619,332.764,64.164,0.839
46.579229,331.812,64.114,0.860
46.590839,330.777,64.060,0.871
46.602449,329.713,64.004,0.877
46.614059,328.422,63.937,0.887
46.625669,327.173,63.871,0.893
46.637279,326.240,63.821,0.889
46.648889,325.666,63.791,0.878
46.660499,325.752,63.795,0.869
46.672109,326.656,63.843,0.855
46.683719,327.825,63.905,0.835
46.695329,329.076,63.971,0.815
46.706939,330.125,64.026,0.781
46.718549,330.671,64.055,0.750
46.730159,331.025,64.073,0.749
46.741769,330.658,64.054,0.761
46.753379,329.876,64.013,0.763
46.764989,329.661,64.002,0.760
46.776599,329.647,64.001,0.780
46.788209,329.823,64.010,0.808
46.799819,330.086,64.024,0.825
46.811429,330.295,64.035,0.836
46.823039,330.413,64.041,0.841
46.834649,330.463,64.044,0.840
46.846259,330.463,64.044,0.841
46.857868,330.500,64.046,0.846
46.869478,330.617,64.052,0.849
46.881088,330.444,64.043,0.850
46.892698,330.189,64.029,0.853
46.904308,330.053,64.022,0.858
46.915918,330.146,64.027,0.863
46.927528,330.283,64.034,0.870
46.939138,330.234,64.032,0.877
46.950748,329.898,64.014,0.884
46.962358,329.339,63.985,0.902
46.973968,328.838,63.958,0.906
46.985578,327.960,63.912,0.905
46.997188,327.473,63.886,0.906
47.008798,327.081,63.866,0.907
47.020408,326.967,63.860,0.913
47.032018,327.160,63.870,0.916
47.043628,327.355,63.880,0.911
47.055238,327.628,63.895,0.887
47.066848,327.931,63.911,0.873
47.078458,328.642,63.948,0.863
47.090068,329.238,63.980,0.845
47.101678,329.859,64.012,0.823
47.113288,331.163,64.080,0.781
47.124898,332.688,64.160,0.730
47.136508,333.263,64.190,0.694
47.148118,332.477,64.149,0.676
47.159728,332.327,64.141,0.647
47.171338,324.710,63.740,0.627
47.182948,91.828,41.874,0.628
47.194558,158.581,51.333,0.631
47.206168,164.493,51.966,0.633
47.217778,164.484,51.965,0.631
47.229388,164.455,51.962,0.623
47.240998,82.288,39.975,0.613
47.252608,167.088,52.237,0.595
47.264218,82.251,39.967,0.572
47.275828,164.249,51.941,0.541
47.287438,164.416,51.958,0.495
47.299048,164.292,51.945,0.447
47.310658,328.090,63.919,0.404
47.322268,328.274,63.929,0.416
47.333878,330.625,64.052,0.574
47.345488,330.587,64.050,0.672
47.357098,331.089,64.077,0.728
47.368707,334.064,64.231,0.781
47.380317,335.331,64.297,0.809
47.391927,334.587,64.259,0.823
47.403537,332.047,64.127,0.844
47.415147,329.610,63.999,0.860
47.426757,328.126,63.921,0.868
47.438367,327.009,63.862,0.876
47.449977,326.671,63.844,0.874
47.461587,326.161,63.817,0.862
47.473197,326.574,63.839,0.855
47.484807,328.168,63.923,0.860
47.496417,330.440,64.043,0.857
47.508027,331.515,64.099,0.855
47.519637,331.853,64.117,0.846
47.531247,332.040,64.126,0.829
47.542857,331.766,64.112,0.823
47.554467,331.030,64.074,0.820
47.566077,330.267,64.034,0.819
47.577687,329.136,63.974,0.810
47.589297,328.448,63.938,0.799
47.600907,328.483,63.940,0.789
47.612517,329.288,63.982,0.789
47.624127,330.443,64.043,0.783
47.635737,331.671,64.107,0.777
47.647347,332.731,64.162,0.776
47.658957,333.201,64.187,0.774
47.670567,333.619,64.208,0.775
47.682177,333.285,64.191,0.782
47.693787,332.336,64.142,0.788
47.705397,330.870,64.065,0.794
47.717007,329.954,64.017,0.811
47.728617,329.559,63.996,0.806
47.740227,329.004,63.967,0.796
47.751837,327.786,63.903,0.787
47.763447,326.964,63.860,0.781
47.775057,333.367,64.195,0.803
47.786667,335.253,64.293,0.813
47.798277,333.965,64.226,0.810
47.809887,333.258,64.190,0.795
47.821497,332.346,64.142,0.804
47.833107,331.477,64.097,0.817
47.844717,330.943,64.069,0.822
47.856327,330.119,64.026,0.828
47.867937,328.913,63.962,0.815
47.879546,329.111,63.973,0.812
47.891156,163.743,51.887,0.817
47.902766,163.508,51.862,0.830
47.914376,365.797,65.802,0.840
47.925986,365.327,65.780,0.842
47.937596,366.139,65.819,0.847
47.949206,365.725,65.799,0.850
47.960816,365.643,65.795,0.845
47.972426,367.186,65.868,0.838
47.984036,368.037,65.908,0.827
47.995646,369.122,65.959,0.807
48.007256,369.618,65.982,0.783
48.018866,369.858,65.994,0.765
48.030476,370.163,66.008,0.746
48.042086,370.532,66.025,0.715
48.053696,370.839,66.039,0.689
48.065306,369.669,65.985,0.660
48.076916,370.792,66.037,0.631
48.088526,325.597,63.787,0.617
48.100136,324.958,63.753,0.604
48.111746,324.338,63.720,0.584
48.123356,324.086,63.706,0.563
48.134966,324.920,63.751,0.541
48.146576,82.503,40.020,0.507
48.158186,375.835,66.271,0.468
48.169796,374.351,66.203,0.435
48.181406,373.588,66.167,0.422
48.193016,323.086,63.653,0.447
48.204626,251.458,59.314,0.544
48.216236,249.447,59.175,0.654
48.227846,250.298,59.234,0.728
48.239456,251.504,59.317,0.781
48.251066,251.874,59.342,0.810
48.262676,251.339,59.306,0.833
48.274286,251.122,59.291,0.842
48.285896,250.449,59.244,0.852
48.297506,249.167,59.155,0.864
48.309116,762.695,78.523,0.859
48.320726,767.228,78.626,0.856
48.332336,241.538,58.617,0.842
48.343946,240.584,58.548,0.840
48.355556,242.203,58.665,0.843
48.367166,246.364,58.959,0.856
48.378776,248.905,59.137,0.869
48.390385,249.894,59.206,0.868
48.401995,249.289,59.164,0.872
48.413605,249.586,59.184,0.868
48.425215,249.127,59.153,0.872
48.436825,247.336,59.028,0.868
48.448435,244.706,58.843,0.857
48.460045,243.013,58.722,0.851
48.471655,242.088,58.656,0.837
48.483265,242.233,58.667,0.832
48.494875,243.665,58.769,0.832
48.506485,245.145,58.874,0.837
48.518095,246.710,58.984,0.833
48.529705,247.683,59.052,0.831
48.541315,248.560,59.113,0.828
48.552925,249.152,59.154,0.819
48.564535,249.377,59.170,0.812
48.576145,248.723,59.124,0.809
48.587755,248.301,59.095,0.799
48.599365,247.952,59.071,0.785
48.610975,247.407,59.033,0.777
48.622585,247.134,59.013,0.778
48.634195,246.582,58.975,0.778
48.645805,246.355,58.959,0.788
48.657415,270.130,60.554,0.817
48.669025,273.458,60.766,0.834
48.680635,585.035,73.932,0.842
48.692245,593.717,74.187,0.855
48.703855,594.864,74.221,0.871
48.715465,596.988,74.282,0.880
48.727075,291.136,61.850,0.886
48.738685,291.527,61.873,0.886
48.750295,293.276,61.977,0.881
48.761905,293.466,61.988,0.880
48.773515,293.509,61.991,0.882
48.785125,293.614,61.997,0.879
48.796735,293.810,62.009,0.872
48.808345,293.931,62.016,0.866
48.819955,294.253,62.035,0.865
48.831565,294.251,62.035,0.867
48.843175,294.274,62.036,0.862
48.854785,294.283,62.036,0.853
48.866395,293.912,62.015,0.847
48.878005,293.305,61.979,0.839
48.889615,292.217,61.914,0.833
48.901224,291.382,61.865,0.824
48.912834,145.800,49.878,0.821
48.924444,289.699,61.765,0.814
48.936054,145.276,49.816,0.805
48.947664,145.183,49.804,0.797
48.959274,831.319,80.015,0.789
48.970884,835.759,80.107,0.780
48.982494,828.005,79.946,0.767
48.994104,829.762,79.982,0.755
49.005714,829.075,79.968,0.732
49.017324,825.517,79.894,0.712
49.028934,806.377,79.487,0.686
49.040544,798.018,79.307,0.655
49.052154,793.524,79.209,0.626
49.063764,791.641,79.168,0.601
49.075374,787.824,79.084,0.573
49.086984,779.692,78.905,0.551
49.098594,779.057,78.891,0.534
49.110204,779.275,78.896,0.514
49.121814,772.652,78.748,0.497
49.133424,771.709,78.727,0.485
49.145034,774.968,78.800,0.469
49.156644,782.906,78.976,0.449
49.168254,780.588,78.925,0.434
49.179864,784.354,79.008,0.430
49.191474,783.271,78.984,0.414
49.203084,782.257,78.962,0.400
49.214694,245.535,58.901,0.501
49.226304,245.838,58.922,0.621
49.237914,249.479,59.177,0.695
49.249524,258.770,59.810,0.745
49.261134,268.684,60.461,0.778
49.272744,280.650,61.215,0.807
49.284354,321.986,63.594,0.834
49.295964,329.325,63.984,0.858
49.307574,330.896,64.067,0.866
49.319184,331.256,64.085,0.867
49.330794,331.445,64.095,0.874
49.342404,332.074,64.128,0.873
49.354014,333.151,64.184,0.875
49.365624,334.554,64.257,0.878
49.377234,337.848,64.426,0.875
49.388844,346.300,64.854,0.875
49.400454,352.240,65.149,0.878
49.412063,355.730,65.319,0.876
49.423673,360.212,65.536,0.870
49.435283,364.158,65.725,0.869
49.446893,366.685,65.844,0.865
49.458503,368.705,65.940,0.858
49.470113,369.677,65.985,0.856
49.481723,370.196,66.009,0.852
49.493333,370.829,66.039,0.856
49.504943,370.522,66.025,0.863
49.516553,370.169,66.008,0.871
49.528163,370.067,66.003,0.878
49.539773,370.167,66.008,0.889
49.551383,370.286,66.014,0.901
49.562993,370.287,66.014,0.915
49.574603,369.933,65.997,0.926
49.586213,369.474,65.976,0.932
49.597823,369.408,65.973,0.936
49.609433,369.363,65.970,0.932
49.621043,369.267,65.966,0.927
49.632653,369.047,65.956,0.915
49.644263,368.936,65.950,0.897
49.655873,368.929,65.950,0.878
49.667483,369.479,65.976,0.862
49.679093,370.144,66.007,0.846
49.690703,370.775,66.036,0.843
49.702313,371.345,66.063,0.852
49.713923,371.345,66.063,0.861
49.725533,370.689,66.032,0.867
49.737143,370.586,66.028,0.867
49.748753,370.378,66.018,0.860
49.760363,369.454,65.975,0.843
49.771973,368.355,65.923,0.827
49.783583,367.257,65.871,0.800
49.795193,365.325,65.780,0.757
49.806803,347.387,64.908,0.694
49.818413,370.390,66.018,0.635
49.830023,371.675,66.078,0.624
49.841633,372.543,66.119,0.615
49.853243,735.719,77.900,0.607
49.864853,186.702,54.159,0.596
49.876463,372.892,66.135,0.596
49.888073,372.219,66.104,0.622
49.899683,326.869,63.855,0.669
49.911293,328.948,63.964,0.710
49.922902,331.173,64.081,0.735
49.934512,331.531,64.100,0.743
49.946122,334.151,64.236,0.780
49.957732,333.928,64.224,0.805
49.969342,333.499,64.202,0.815
49.980952,332.067,64.128,0.821
49.992562,331.198,64.082,0.825
50.004172,329.892,64.014,0.829
50.015782,328.331,63.932,0.834
50.027392,327.732,63.900,0.837
50.039002,327.415,63.883,0.830
50.050612,328.454,63.938,0.834
50.062222,329.873,64.013,0.848
50.073832,331.408,64.093,0.857
50.085442,332.016,64.125,0.859
50.097052,332.283,64.139,0.857
50.108662,332.129,64.131,0.854
50.120272,331.507,64.098,0.859
50.131882,330.546,64.048,0.860
50.143492,329.043,63.969,0.856
50.155102,327.409,63.883,0.847
50.166712,326.221,63.820,0.840
50.178322,325.796,63.798,0.836
50.189932,325.953,63.806,0.837
50.201542,326.495,63.835,0.840
50.213152,327.537,63.890,0.848
50.224762,328.657,63.949,0.852
50.236372,329.521,63.994,0.853
50.247982,330.187,64.029,0.856
50.259592,330.420,64.042,0.856
50.271202,330.465,64.044,0.857
50.282812,330.387,64.040,0.857
50.294422,330.115,64.026,0.860
50.306032,329.718,64.005,0.858
50.317642,329.340,63.985,0.853
50.329252,329.051,63.970,0.847
50.340862,328.969,63.965,0.842
50.352472,328.703,63.951,0.840
50.364082,328.241,63.927,0.835
50.375692,327.961,63.912,0.830
50.387302,328.684,63.950,0.818
50.398912,329.337,63.985,0.813
50.410522,164.467,51.964,0.821
50.422132,323.000,63.648,0.831
50.433741,365.063,65.768,0.836
50.445351,365.745,65.800,0.844
50.456961,366.340,65.828,0.853
50.468571,366.756,65.848,0.857
50.480181,367.199,65.869,0.861
50.491791,368.278,65.920,0.861
50.503401,369.756,65.989,0.854
50.515011,185.138,54.013,0.856
50.526621,369.818,65.992,0.863
50.538231,369.506,65.977,0.864
50.549841,369.199,65.963,0.862
50.561451,368.763,65.942,0.858
50.573061,184.188,53.924,0.847
50.584671,184.029,53.909,0.833
50.596281,183.854,53.893,0.817
50.607891,183.706,53.879,0.784
50.619501,183.676,53.876,0.738
50.631111,183.535,53.863,0.678
50.642721,183.281,53.839,0.592
50.654331,368.680,65.938,0.489
50.665941,324.436,63.725,0.464
50.677551,325.549,63.784,0.493
50.689161,374.258,66.198,0.533
50.700771,374.467,66.208,0.563
50.712381,374.601,66.214,0.585
50.723991,375.182,66.241,0.600
50.735601,325.290,63.771,0.627
50.747211,325.376,63.775,0.679
50.758821,326.216,63.820,0.723
50.770431,330.575,64.050,0.747
50.782041,337.329,64.400,0.765
50.793651,334.485,64.253,0.775
50.805261,333.826,64.219,0.780
50.816871,332.530,64.152,0.796
50.828481,165.919,52.116,0.811
50.840091,165.864,52.110,0.816
50.851701,164.807,51.999,0.811
50.863311,163.833,51.897,0.810
50.874921,163.370,51.848,0.804
50.886531,163.129,51.822,0.802
50.898141,163.859,51.899,0.806
50.909751,164.519,51.969,0.802
50.921361,164.599,51.977,0.801
50.932971,165.039,52.024,0.806
50.944580,166.017,52.126,0.819
50.956190,166.775,52.205,0.830
50.967800,166.685,52.195,0.842
50.979410,166.370,52.163,0.853
50.991020,166.269,52.152,0.855
51.002630,166.304,52.156,0.850
51.014240,166.348,52.160,0.840
51.025850,166.221,52.147,0.826
51.037460,165.796,52.103,0.807
51.049070,165.427,52.064,0.788
51.060680,165.187,52.039,0.767
51.072290,164.859,52.005,0.744
51.083900,164.907,52.010,0.736
51.095510,164.940,52.013,0.743
51.107120,164.882,52.007,0.750
51.118730,164.771,51.995,0.752
51.130340,164.637,51.981,0.753
51.141950,164.555,51.973,0.763
51.153560,165.074,52.027,0.787
51.165170,165.170,52.037,0.809
51.176780,165.288,52.050,0.831
51.188390,165.326,52.054,0.853
51.200000,165.317,52.053,0.866
51.211610,330.418,64.041,0.874
51.223220,330.320,64.036,0.881
51.234830,330.860,64.065,0.891
51.246440,332.154,64.132,0.894
51.258050,334.159,64.236,0.895
51.269660,337.316,64.399,0.889
51.281270,343.962,64.737,0.884
51.292880,736.384,77.915,0.887
51.304490,361.850,65.615,0.886
51.316100,364.312,65.732,0.888
51.327710,367.174,65.868,0.888
51.339320,368.782,65.943,0.892
51.350930,370.149,66.007,0.893
51.362540,370.814,66.038,0.883
51.374150,370.674,66.032,0.867
51.385760,370.289,66.014,0.842
51.397370,369.800,65.991,0.825
51.408980,368.936,65.950,0.805
51.420590,368.421,65.926,0.767
51.432200,371.630,66.076,0.702
51.443810,373.521,66.164,0.613
51.455420,373.514,66.164,0.622
51.467029,334.566,64.257,0.641
51.478639,208.080,56.036,0.659
51.490249,82.267,39.971,0.673
51.501859,208.112,56.038,0.677
51.513469,847.703,80.353,0.684
51.525079,113.137,45.487,0.681
51.536689,82.267,39.971,0.677
51.548299,113.123,45.485,0.667
51.559909,845.121,80.300,0.660
51.571519,80.785,39.656,0.648
51.583129,164.866,52.006,0.655
51.594739,218.672,56.895,0.672
51.606349,216.249,56.702,0.690
51.617959,220.222,57.017,0.711
51.629569,221.228,57.096,0.725
51.641179,221.160,57.091,0.732
51.652789,219.971,56.998,0.745
51.664399,218.653,56.894,0.754
51.676009,218.360,56.870,0.752
51.687619,218.575,56.887,0.746
51.699229,218.027,56.844,0.745
51.710839,215.801,56.666,0.764
51.722449,215.461,56.639,0.773
51.734059,215.750,56.662,0.776
51.745669,217.444,56.798,0.771
51.757279,219.261,56.942,0.768
51.768889,219.361,56.950,0.774
51.780499,218.998,56.921,0.781
51.792109,218.704,56.898,0.779
51.803719,219.360,56.950,0.752
51.815329,215.298,56.626,0.735
51.826939,210.940,56.272,0.745
51.838549,210.479,56.234,0.762
51.850159,211.853,56.347,0.773
51.861769,213.326,56.467,0.774
51.873379,213.841,56.508,0.776
51.884989,214.981,56.600,0.775
51.896599,215.383,56.633,0.773
51.908209,216.181,56.697,0.769
51.919819,215.559,56.647,0.766
51.931429,215.698,56.658,0.756
51.943039,213.991,56.521,0.777
51.954649,216.662,56.735,0.794
51.966259,234.972,58.140,0.818
51.977868,242.581,58.692,0.826
51.989478,246.151,58.944,0.835
52.001088,255.510,59.591,0.839
52.012698,264.361,60.180,0.844
52.024308,244.888,58.855,0.853
52.035918,324.185,63.712,0.851
52.047528,330.179,64.029,0.848
52.059138,333.289,64.191,0.834
52.070748,333.754,64.215,0.829
52.082358,334.271,64.242,0.828
52.093968,334.982,64.279,0.828
52.105578,337.698,64.419,0.828
52.117188,340.589,64.566,0.823
52.128798,344.932,64.786,0.811
52.140408,350.670,65.071,0.803
52.152018,358.411,65.449,0.806
52.163628,363.065,65.673,0.816
52.175238,366.720,65.846,0.820
52.186848,368.308,65.921,0.828
52.198458,370.704,66.033,0.825
52.210068,371.691,66.079,0.819
52.221678,371.478,66.069,0.813
52.233288,370.540,66.026,0.803
52.244898,371.420,66.067,0.789
52.256508,184.156,53.921,0.772
52.268118,372.804,66.131,0.756
52.279728,373.804,66.177,0.740
52.291338,374.062,66.189,0.724
52.302948,186.730,54.161,0.717
52.314558,282.627,61.337,0.713
52.326168,81.040,39.711,0.709
52.337778,237.140,58.299,0.689
52.349388,91.130,41.742,0.663
52.360998,82.569,40.034,0.633
52.372608,91.147,41.745,0.593
52.384218,93.057,42.104,0.546
52.395828,93.050,42.103,0.485
52.407438,360.028,65.527,0.504
52.419048,348.658,64.972,0.578
52.430658,339.861,64.529,0.636
52.442268,339.248,64.498,0.684
52.453878,339.440,64.508,0.722
52.465488,338.037,64.436,0.742
52.477098,335.745,64.318,0.763
52.488707,333.756,64.216,0.797
52.500317,332.305,64.140,0.816
52.511927,331.150,64.080,0.825
52.523537,329.731,64.005,0.832
52.535147,328.162,63.923,0.836
52.546757,327.226,63.873,0.838
52.558367,327.069,63.865,0.846
52.569977,327.289,63.877,0.849
52.581587,327.947,63.911,0.842
52.593197,328.771,63.955,0.838
52.604807,329.491,63.993,0.835
52.616417,329.612,63.999,0.832
52.628027,164.774,51.996,0.831
52.639637,164.621,51.980,0.833
52.651247,164.312,51.947,0.833
52.662857,164.034,51.918,0.836
52.674467,163.782,51.891,0.840
52.686077,163.635,51.876,0.842
52.697687,163.586,51.871,0.847
52.709297,163.983,51.913,0.851
52.720907,164.376,51.954,0.856
52.732517,329.214,63.978,0.858
52.744127,329.710,64.004,0.859
52.755737,330.188,64.029,0.855
52.767347,330.312,64.036,0.849
52.778957,165.166,52.037,0.840
52.790567,165.188,52.039,0.835
52.802177,165.444,52.066,0.835
52.813787,165.934,52.117,0.836
52.825397,167.431,52.273,0.835
52.837007,169.871,52.523,0.838
52.848617,175.648,53.102,0.838
52.860227,204.331,55.721,0.846
52.871837,213.011,56.441,0.852
52.883447,216.340,56.710,0.852
52.895057,218.098,56.850,0.848
52.906667,218.799,56.905,0.841
52.918277,218.830,56.908,0.829
52.929887,218.871,56.911,0.814
52.941497,219.349,56.949,0.812
52.953107,219.973,56.998,0.803
52.964717,220.226,57.018,0.806
52.976327,220.263,57.021,0.807
52.987937,220.790,57.062,0.809
52.999546,221.808,57.142,0.809
53.011156,222.517,57.197,0.808
53.022766,222.957,57.231,0.800
53.034376,223.178,57.248,0.785
53.045986,223.562,57.278,0.774
53.057596,223.583,57.280,0.761
53.069206,220.939,57.074,0.771
53.080816,220.695,57.055,0.763
53.092426,221.400,57.110,0.765
53.104036,222.469,57.193,0.784
53.115646,222.820,57.220,0.806
53.127256,222.524,57.197,0.820
53.138866,222.321,57.182,0.824
53.150476,222.555,57.200,0.825
53.162086,222.707,57.212,0.814
53.173696,222.484,57.194,0.818
53.185306,222.019,57.158,0.820
53.196916,220.939,57.074,0.822
53.208526,219.089,56.928,0.821
53.220136,219.253,56.941,0.824
53.231746,219.455,56.957,0.828
53.243356,219.687,56.975,0.828
53.254966,220.143,57.011,0.828
53.266576,220.625,57.049,0.826
53.278186,222.123,57.166,0.818
53.289796,222.249,57.176,0.800
53.301406,221.591,57.125,0.787
53.313016,221.232,57.097,0.777
53.324626,221.029,57.081,0.770
53.336236,220.806,57.063,0.772
53.347846,220.866,57.068,0.773
53.359456,221.065,57.084,0.772
53.371066,221.294,57.102,0.781
53.382676,222.169,57.170,0.792
53.394286,224.418,57.344,0.803
53.405896,226.005,57.466,0.805
53.417506,245.323,58.886,0.807
53.429116,246.989,59.003,0.806
53.440726,247.682,59.052,0.805
53.452336,247.926,59.069,0.802
53.463946,248.276,59.093,0.798
53.475556,248.453,59.106,0.800
53.487166,247.688,59.052,0.796
53.498776,246.730,58.985,0.800
53.510385,246.390,58.961,0.807
53.521995,246.616,58.977,0.816
53.533605,247.176,59.016,0.827
53.545215,247.793,59.060,0.835
53.556825,248.489,59.108,0.837
53.568435,249.132,59.153,0.828
53.580045,250.735,59.264,0.825
53.591655,253.912,59.482,0.834
53.603265,258.740,59.808,0.840
53.614875,288.776,61.709,0.849
53.626485,292.646,61.940,0.859
53.638095,293.673,62.000,0.859
53.649705,293.931,62.016,0.860
53.661315,293.834,62.010,0.865
53.672925,293.890,62.013,0.869
53.684535,293.838,62.010,0.862
53.696145,293.138,61.969,0.860
53.707755,292.076,61.906,0.849
53.719365,291.158,61.852,0.827
53.730975,290.594,61.818,0.817
53.742585,290.581,61.817,0.809
53.754195,290.524,61.814,0.795
53.765805,290.561,61.816,0.778
53.777415,289.992,61.782,0.757
53.789025,278.874,61.105,0.716
53.800635,275.946,60.923,0.671
53.812245,274.776,60.849,0.637
53.823855,808.807,79.540,0.577
53.835465,811.568,79.598,0.512
53.847075,809.501,79.554,0.473
53.858685,806.656,79.493,0.444
53.870295,809.448,79.553,0.457
53.881905,822.881,79.838,0.495
53.893515,97.283,42.873,0.557
53.905125,217.423,56.796,0.654
53.916735,218.073,56.848,0.713
53.928345,218.517,56.883,0.738
53.939955,218.071,56.848,0.759
53.951565,217.898,56.834,0.790
53.963175,218.238,56.861,0.810
53.974785,218.240,56.861,0.826
53.986395,219.636,56.971,0.837
53.998005,220.751,57.059,0.838
54.009615,221.095,57.086,0.834
54.021224,221.643,57.129,0.834
54.032834,221.799,57.141,0.831
54.044444,221.873,57.147,0.813
54.056054,222.172,57.170,0.801
54.067664,222.458,57.192,0.803
54.079274,222.078,57.163,0.811
54.090884,221.703,57.133,0.811
54.102494,221.851,57.145,0.810
54.114104,225.633,57.438,0.818
54.125714,245.415,58.893,0.829
54.137324,247.875,59.065,0.845
54.148934,249.236,59.160,0.853
54.160544,249.966,59.211,0.850
54.172154,249.808,59.200,0.841
54.183764,249.476,59.177,0.838
54.195374,249.367,59.169,0.839
54.206984,248.058,59.078,0.837
54.218594,245.349,58.888,0.829
54.230204,244.327,58.816,0.825
54.241814,244.170,58.805,0.826
54.253424,244.440,58.824,0.826
54.265034,246.599,58.976,0.823
54.276644,248.552,59.113,0.822
54.288254,248.868,59.135,0.825
54.299864,248.919,59.138,0.826
54.311474,248.776,59.128,0.829
54.323084,248.442,59.105,0.822
54.334694,247.858,59.064,0.811
54.346304,247.103,59.011,0.812
54.357914,246.829,58.992,0.817
54.369524,246.518,58.970,0.816
54.381134,247.006,59.004,0.819
54.392744,249.642,59.188,0.821
54.404354,251.762,59.335,0.810
54.415964,253.387,59.446,0.800
54.427574,255.090,59.562,0.802
54.439184,258.453,59.789,0.803
54.450794,278.965,61.111,0.816
54.462404,284.908,61.476,0.842
54.474014,289.561,61.756,0.857
54.485624,291.996,61.901,0.857
54.497234,292.877,61.953,0.865
54.508844,293.077,61.965,0.873
54.520454,293.131,61.969,0.878
54.532063,293.423,61.986,0.881
54.543673,293.818,62.009,0.876
54.555283,294.200,62.032,0.864
54.566893,294.398,62.043,0.849
54.578503,293.595,61.996,0.858
54.590113,292.786,61.948,0.857
54.601723,292.633,61.939,0.850
54.613333,292.585,61.936,0.837
54.624943,292.558,61.935,0.817
54.636553,822.913,79.839,0.793
54.648163,815.572,79.684,0.759
54.659773,816.433,79.702,0.722
54.671383,788.589,79.101,0.618
54.682993,793.837,79.216,0.508
54.694603,762.207,78.512,0.440
54.706213,148.254,50.167,0.377
54.717823,148.219,50.163,0.366
54.729433,148.693,50.218,0.476
54.741043,593.715,74.187,0.639
54.752653,603.336,74.465,0.715
54.764263,615.469,74.810,0.760
54.775873,620.778,74.959,0.779
54.787483,219.010,56.922,0.803
54.799093,219.055,56.925,0.818
54.810703,218.422,56.875,0.831
54.822313,217.742,56.821,0.835
54.833923,218.198,56.858,0.825
54.845533,218.934,56.916,0.811
54.857143,218.038,56.845,0.792
54.868753,216.815,56.748,0.785
54.880363,215.754,56.663,0.774
54.891973,215.657,56.655,0.772
54.903583,217.589,56.809,0.777
54.915193,219.010,56.922,0.792
54.926803,220.306,57.024,0.803
54.938413,221.014,57.080,0.809
54.950023,221.172,57.092,0.813
54.961633,220.995,57.078,0.811
54.973243,221.134,57.089,0.807
54.984853,221.547,57.121,0.803
54.996463,224.231,57.330,0.799
55.008073,225.089,57.396,0.800
55.019683,224.646,57.362,0.797
55.031293,224.139,57.323,0.796
55.042902,223.114,57.243,0.801
55.054512,221.545,57.121,0.812
55.066122,221.009,57.079,0.820
55.077732,221.018,57.080,0.827
55.089342,221.625,57.127,0.830
55.100952,221.550,57.122,0.825
55.112562,221.188,57.093,0.825
55.124172,243.588,58.763,0.827
55.135782,246.143,58.944,0.833
55.147392,246.818,58.991,0.837
55.159002,246.996,59.004,0.841
55.170612,246.875,58.995,0.839
55.182222,247.435,59.035,0.838
55.193832,247.545,59.042,0.841
55.205442,247.582,59.045,0.834
55.217052,247.453,59.036,0.825
55.228662,247.233,59.020,0.819
55.240272,247.059,59.008,0.821
55.251882,246.810,58.991,0.815
55.263492,246.492,58.968,0.814
55.275102,245.586,58.905,0.815
55.286712,244.412,58.822,0.811
55.298322,242.541,58.689,0.810
55.309932,240.412,58.536,0.813
55.321542,236.105,58.223,0.811
55.333152,225.289,57.411,0.799
55.344762,223.760,57.293,0.791
55.356372,221.235,57.097,0.791
55.367982,219.433,56.955,0.791
55.379592,216.709,56.739,0.796
55.391202,213.740,56.500,0.805
55.402812,204.962,55.774,0.812
55.414422,198.917,55.256,0.816
55.426032,194.784,54.892,0.822
55.437642,192.841,54.719,0.829
55.449252,185.824,54.077,0.831
55.460862,184.451,53.949,0.831
55.472472,183.644,53.873,0.832
55.484082,183.413,53.851,0.833
55.495692,183.183,53.829,0.833
55.507302,183.444,53.854,0.836
55.518912,183.754,53.883,0.838
55.530522,183.882,53.895,0.836
55.542132,183.959,53.903,0.835
55.553741,184.640,53.967,0.833
55.565351,185.326,54.031,0.826
55.576961,185.897,54.084,0.816
55.588571,186.287,54.120,0.803
55.600181,186.665,54.155,0.782
55.611791,186.996,54.186,0.754
55.623401,186.887,54.176,0.733
55.635011,187.118,54.197,0.708
55.646621,186.779,54.166,0.668
55.658231,186.249,54.117,0.634
55.669841,185.073,54.007,0.625
55.681451,186.168,54.109,0.659
55.693061,187.257,54.210,0.704
55.704671,197.926,55.170,0.745
55.716281,201.461,55.476,0.780
55.727891,205.290,55.802,0.804
55.739501,208.311,56.055,0.832
55.751111,211.625,56.328,0.843
55.762721,215.786,56.665,0.848
55.774331,221.258,57.099,0.846
55.785941,227.145,57.553,0.842
55.797551,244.476,58.826,0.836
55.809161,249.642,59.188,0.823
55.820771,285.189,61.493,0.822
55.832381,291.942,61.898,0.813
55.843991,293.010,61.961,0.821
55.855601,293.516,61.991,0.828
55.867211,293.994,62.019,0.839
55.878821,294.126,62.027,0.843
55.890431,294.087,62.025,0.832
55.902041,294.073,62.024,0.825
55.913651,293.959,62.017,0.807
55.925261,293.973,62.018,0.785
55.936871,293.904,62.014,0.757
55.948481,293.589,61.996,0.728
55.960091,292.686,61.942,0.675
55.971701,293.248,61.975,0.626
55.983311,294.063,62.023,0.661
55.994921,300.685,62.409,0.737
56.006531,329.421,63.989,0.806
56.018141,330.292,64.035,0.842
56.029751,330.879,64.066,0.865
56.041361,330.975,64.071,0.885
56.052971,330.436,64.042,0.903
56.064580,329.517,63.994,0.916
56.076190,328.913,63.962,0.920
56.087800,328.269,63.928,0.912
56.099410,326.875,63.855,0.891
56.111020,325.647,63.790,0.878
56.122630,325.294,63.771,0.867
56.134240,325.225,63.767,0.857
56.145850,325.608,63.788,0.846
56.157460,326.664,63.844,0.835
56.169070,328.392,63.935,0.839
56.180680,328.857,63.959,0.851
56.192290,328.877,63.961,0.860
56.203900,329.057,63.970,0.854
56.215510,328.871,63.960,0.846
56.227120,328.411,63.936,0.834
56.238730,327.360,63.881,0.826
56.250340,326.091,63.813,0.820
56.261950,324.737,63.741,0.808
56.273560,293.432,61.986,0.783
56.285170,293.232,61.974,0.764
56.296780,293.738,62.004,0.768
56.308390,293.417,61.985,0.771
56.320000,293.245,61.975,0.784
56.331610,292.866,61.953,0.788
56.343220,292.996,61.961,0.796
56.354830,292.631,61.939,0.807
56.366440,292.002,61.902,0.824
56.378050,291.695,61.883,0.837
56.389660,291.484,61.871,0.846
56.401270,291.985,61.901,0.857
56.412880,292.809,61.949,0.865
56.424490,294.223,62.033,0.864
56.436100,295.402,62.102,0.866
56.447710,325.275,63.770,0.878
56.459320,328.175,63.924,0.878
56.470930,330.282,64.034,0.879
56.482540,331.763,64.112,0.882
56.494150,332.438,64.147,0.880
56.505760,332.540,64.152,0.875
56.517370,332.180,64.134,0.881
56.528980,331.784,64.113,0.887
56.540590,330.992,64.072,0.882
56.552200,329.417,63.989,0.884
56.563810,328.840,63.959,0.879
56.575420,329.234,63.979,0.875
56.587029,330.648,64.054,0.881
56.598639,332.246,64.137,0.885
56.610249,332.703,64.161,0.885
56.621859,332.626,64.157,0.881
56.633469,333.153,64.184,0.870
56.645079,333.356,64.195,0.863
56.656689,332.680,64.160,0.862
56.668299,329.971,64.018,0.856
56.679909,326.668,63.844,0.839
56.691519,324.410,63.724,0.828
56.703129,323.461,63.673,0.819
56.714739,322.822,63.639,0.800
56.726349,324.246,63.715,0.797
56.737959,327.030,63.863,0.797
56.749569,329.224,63.979,0.798
56.761179,331.117,64.078,0.809
56.772789,332.055,64.127,0.821
56.784399,332.575,64.154,0.824
56.796009,332.860,64.169,0.823
56.807619,332.769,64.164,0.830
56.819229,332.402,64.145,0.832
56.830839,331.944,64.121,0.828
56.842449,330.800,64.061,0.825
56.854059,329.291,63.982,0.824
56.865669,328.129,63.921,0.834
56.877279,327.697,63.898,0.865
56.888889,327.397,63.882,0.901
56.900499,327.313,63.878,0.929
56.912109,327.301,63.877,0.945
56.923719,327.827,63.905,0.953
56.935329,328.624,63.947,0.955
56.946939,329.399,63.988,0.954
56.958549,665.228,76.156,0.953
56.970159,666.866,76.199,0.946
56.981769,332.467,64.149,0.926
56.993379,337.555,64.411,0.907
57.004989,693.202,76.869,0.883
57.016599,702.743,77.106,0.881
57.028209,710.758,77.302,0.889
57.039819,718.324,77.486,0.904
57.051429,726.425,77.680,0.914
57.063039,733.377,77.845,0.919
57.074649,736.282,77.913,0.929
57.086259,739.623,77.991,0.933
57.097868,741.263,78.030,0.947
57.109478,741.542,78.036,0.960
57.121088,741.445,78.034,0.974
57.132698,741.058,78.025,0.980
57.144308,741.200,78.028,0.975
57.155918,741.770,78.042,0.970
57.167528,741.968,78.046,0.965
57.179138,741.089,78.026,0.955
57.190748,369.590,65.981,0.939
57.202358,369.181,65.962,0.913
57.213968,368.373,65.924,0.878
57.225578,367.646,65.890,0.839
57.237188,367.123,65.865,0.822
57.248798,721.591,77.564,0.803
57.260408,723.535,77.611,0.783
57.272018,246.580,58.975,0.776
57.283628,721.428,77.560,0.771
57.295238,244.871,58.854,0.765
57.306848,112.120,45.330,0.740
57.318458,81.524,39.814,0.724
57.330068,753.776,78.320,0.699
57.341678,749.761,78.227,0.666
57.353288,741.718,78.040,0.642
57.364898,745.695,78.133,0.615
57.376508,748.186,78.191,0.601
57.388118,753.205,78.306,0.588
57.399728,753.193,78.306,0.582
57.411338,752.389,78.288,0.605
57.422948,184.653,53.968,0.681
57.434558,202.149,55.535,0.720
57.446168,201.981,55.521,0.733
57.457778,202.976,55.606,0.737
57.469388,203.857,55.681,0.741
57.480998,228.271,57.639,0.765
57.492608,244.294,58.813,0.801
57.504218,288.768,61.709,0.837
57.515828,294.405,62.044,0.858
57.527438,294.567,62.053,0.866
57.539048,294.258,62.035,0.876
57.550658,293.997,62.020,0.886
57.562268,293.867,62.012,0.891
57.573878,293.968,62.018,0.884
57.585488,294.272,62.036,0.871
57.597098,293.797,62.008,0.848
57.608707,293.204,61.973,0.818
57.620317,293.047,61.964,0.800
57.631927,293.543,61.993,0.781
57.643537,294.517,62.050,0.762
57.655147,295.272,62.095,0.757
57.666757,294.962,62.076,0.765
57.678367,294.839,62.069,0.766
57.689977,296.554,62.170,0.776
57.701587,310.939,62.990,0.794
57.713197,325.071,63.759,0.801
57.724807,328.348,63.933,0.810
57.736417,329.567,63.997,0.820
57.748027,330.408,64.041,0.827
57.759637,330.337,64.037,0.835
57.771247,330.113,64.025,0.846
57.782857,330.454,64.043,0.847
57.794467,330.710,64.057,0.839
57.806077,330.500,64.046,0.840
57.817687,330.114,64.026,0.845
57.829297,329.823,64.010,0.849
57.840907,329.559,63.996,0.852
57.852517,329.416,63.989,0.849
57.864127,329.323,63.984,0.847
57.875737,328.804,63.957,0.858
57.887347,328.257,63.928,0.865
57.898957,327.522,63.889,0.870
57.910567,324.161,63.710,0.877
57.922177,593.503,74.181,0.880
57.933787,298.204,62.266,0.879
57.945397,298.498,62.283,0.881
57.957007,297.903,62.248,0.875
57.968617,295.775,62.124,0.855
57.980227,294.280,62.036,0.833
57.991837,294.181,62.030,0.805
58.003447,295.981,62.136,0.762
58.015057,296.914,62.191,0.710
58.026667,296.241,62.151,0.655
58.038277,288.249,61.678,0.561
58.049887,148.515,50.197,0.473
58.061497,148.840,50.235,0.461
58.073107,148.849,50.236,0.464
58.084717,148.895,50.241,0.461
58.096327,149.222,50.279,0.459
58.107937,149.065,50.261,0.478
58.119546,660.598,76.035,0.577
58.131156,326.523,63.836,0.667
58.142766,329.522,63.994,0.719
58.154376,330.305,64.036,0.749
58.165986,329.988,64.019,0.777
58.177596,329.909,64.015,0.790
58.189206,329.863,64.012,0.808
58.200816,328.728,63.953,0.823
58.212426,328.293,63.930,0.825
58.224036,325.383,63.776,0.832
58.235646,322.865,63.641,0.839
58.247256,322.895,63.643,0.845
58.258866,323.072,63.652,0.849
58.270476,324.118,63.708,0.861
58.282086,168.438,52.377,0.867
58.293696,168.062,52.338,0.872
58.305306,167.646,52.295,0.874
58.316916,332.169,64.133,0.867
58.328526,333.230,64.188,0.854
58.340136,333.203,64.187,0.845
58.351746,330.613,64.052,0.840
58.363356,328.517,63.942,0.829
58.374966,327.279,63.876,0.817
58.386576,326.644,63.843,0.805
58.398186,328.694,63.951,0.809
58.409796,332.389,64.144,0.817
58.421406,333.728,64.214,0.826
58.433016,334.556,64.257,0.827
58.444626,335.528,64.307,0.817
58.456236,336.142,64.339,0.807
58.467846,336.363,64.350,0.796
58.479456,336.318,64.348,0.781
58.491066,336.077,64.335,0.754
58.502676,334.491,64.254,0.713
58.514286,328.632,63.948,0.672
58.525896,317.081,63.328,0.634
58.537506,291.909,61.896,0.670
58.549116,308.279,62.841,0.734
58.560726,317.913,63.374,0.782
58.572336,322.851,63.640,0.823
58.583946,324.886,63.749,0.841
58.595556,326.441,63.832,0.852
58.607166,327.441,63.885,0.860
58.618776,327.838,63.906,0.866
58.630385,328.146,63.922,0.865
58.641995,328.419,63.936,0.858
58.653605,328.653,63.949,0.843
58.665215,329.146,63.975,0.834
58.676825,330.735,64.058,0.849
58.688435,332.994,64.176,0.865
58.700045,795.457,79.251,0.877
58.711655,787.277,79.072,0.896
58.723265,777.612,78.859,0.913
58.734875,764.007,78.553,0.924
58.746485,757.737,78.410,0.934
58.758095,368.679,65.938,0.936
58.769705,370.088,66.004,0.936
58.781315,370.685,66.032,0.938
58.792925,370.491,66.023,0.943
58.804535,370.182,66.009,0.944
58.816145,369.911,65.996,0.940
58.827755,369.768,65.989,0.936
58.839365,369.491,65.976,0.929
58.850975,369.235,65.964,0.920
58.862585,369.535,65.978,0.909
58.874195,369.576,65.980,0.885
58.885805,369.507,65.977,0.856
58.897415,369.601,65.982,0.817
58.909025,370.216,66.010,0.775
58.920635,824.333,79.869,0.714
58.932245,842.812,80.252,0.656
58.943855,828.457,79.955,0.600
58.955465,368.646,65.937,0.508
58.967075,772.801,78.751,0.521
58.978685,237.918,58.356,0.574
58.990295,244.104,58.800,0.622
59.001905,247.365,59.030,0.700
59.013515,247.390,59.031,0.727
59.025125,247.005,59.004,0.742
59.036735,246.722,58.985,0.752
59.048345,246.651,58.980,0.755
59.059955,246.601,58.976,0.749
59.071565,247.674,59.051,0.735
59.083175,246.355,58.959,0.717
59.094785,245.842,58.923,0.649
59.106395,185.554,54.052,0.600
59.118005,185.308,54.029,0.547
59.129615,185.535,54.050,0.491
59.141224,185.623,54.058,0.470
59.152834,371.834,66.086,0.475
59.164444,370.593,66.028,0.495
59.176054,371.473,66.069,0.530
59.187664,750.999,78.256,0.650
59.199274,729.105,77.743,0.739
59.210884,302.683,62.524,0.807
59.222494,308.761,62.868,0.825
59.234104,312.147,63.057,0.840
59.245714,313.032,63.106,0.865
59.257324,313.212,63.116,0.871
59.268934,311.238,63.006,0.880
59.280544,309.023,62.883,0.885
59.292154,306.213,62.724,0.884
59.303764,886.962,81.136,0.873
59.315374,887.375,81.144,0.879
59.326984,294.689,62.060,0.883
59.338594,294.697,62.061,0.877
59.350204,295.141,62.087,0.881
59.361814,295.379,62.101,0.875
59.373424,295.874,62.130,0.856
59.385034,297.068,62.199,0.833
59.396644,298.874,62.304,0.811
59.408254,300.882,62.420,0.799
59.419864,301.157,62.436,0.790
59.431474,165.829,52.106,0.782
59.443084,330.710,64.057,0.780
59.454694,330.315,64.036,0.798
59.466304,330.043,64.022,0.817
59.477914,329.743,64.006,0.829
59.489524,329.583,63.998,0.837
59.501134,329.480,63.992,0.837
59.512744,329.593,63.998,0.839
59.524354,329.667,64.002,0.843
59.535964,329.988,64.019,0.843
59.547574,330.200,64.030,0.833
59.559184,330.600,64.051,0.816
59.570794,331.378,64.092,0.799
59.582404,332.384,64.144,0.783
59.594014,333.210,64.187,0.774
59.605624,332.874,64.170,0.791
59.617234,293.893,62.013,0.802
59.628844,292.695,61.943,0.812
59.640454,293.018,61.962,0.833
59.652063,293.343,61.981,0.853
59.663673,293.971,62.018,0.865
59.675283,294.007,62.020,0.871
59.686893,293.803,62.008,0.866
59.698503,294.915,62.074,0.843
59.710113,295.136,62.087,0.817
59.721723,295.312,62.097,0.786
59.733333,295.698,62.119,0.742
59.744943,296.012,62.138,0.684
59.756553,281.471,61.266,0.616
59.768163,247.484,59.038,0.543
59.779773,246.309,58.956,0.543
59.791383,191.486,54.597,0.592
59.802993,191.715,54.618,0.635
59.814603,196.643,55.057,0.686
59.826213,199.443,55.302,0.739
59.837823,99.661,43.291,0.775
59.849433,95.777,42.603,0.813
59.861043,164.994,52.019,0.844
59.872653,327.747,63.901,0.861
59.884263,328.820,63.958,0.875
59.895873,328.986,63.966,0.892
59.907483,328.857,63.959,0.905
59.919093,328.610,63.946,0.905
59.930703,328.928,63.963,0.906
59.942313,328.689,63.951,0.907
59.953923,328.999,63.967,0.909
59.965533,329.775,64.008,0.912
59.977143,330.393,64.040,0.909
59.988753,331.332,64.089,0.904
60.000363,331.646,64.106,0.900
60.011973,331.506,64.098,0.903
60.023583,331.329,64.089,0.904
60.035193,330.626,64.052,0.902
60.046803,328.955,63.965,0.892
60.058413,326.819,63.852,0.884
60.070023,325.075,63.759,0.882
60.081633,324.334,63.720,0.879
60.093243,324.686,63.739,0.873
60.104853,326.063,63.812,0.865
60.116463,328.491,63.940,0.857
60.128073,332.380,64.144,0.851
60.139683,334.332,64.245,0.851
60.151293,335.161,64.288,0.856
60.162902,335.514,64.306,0.861
60.174512,335.435,64.302,0.866
60.186122,334.693,64.264,0.872
60.197732,333.984,64.227,0.865
60.209342,333.355,64.195,0.855
60.220952,332.485,64.149,0.837
60.232562,331.595,64.103,0.817
60.244172,330.389,64.040,0.798
60.255782,328.012,63.915,0.797
60.267392,322.921,63.644,0.791
60.279002,294.342,62.040,0.774
60.290612,294.161,62.029,0.793
60.302222,294.150,62.029,0.821
60.313832,293.892,62.013,0.849
60.325442,293.606,61.997,0.872
60.337052,293.397,61.984,0.892
60.348662,293.148,61.969,0.894
60.360272,292.813,61.950,0.894
60.371882,292.588,61.936,0.898
60.383492,292.596,61.937,0.898
60.395102,292.819,61.950,0.897
60.406712,293.148,61.969,0.890
60.418322,293.616,61.997,0.881
60.429932,294.495,62.049,0.869
60.441542,295.235,62.092,0.854
60.453152,295.961,62.135,0.839
60.464762,297.129,62.203,0.828
60.476372,298.643,62.291,0.821
60.487982,305.713,62.696,0.814
60.499592,317.174,63.333,0.809
60.511202,324.620,63.735,0.806
60.522812,327.855,63.907,0.800
60.534422,328.569,63.944,0.806
60.546032,328.559,63.944,0.816
60.557642,328.774,63.955,0.819
60.569252,329.202,63.978,0.832
60.580862,330.074,64.023,0.853
60.592472,333.556,64.205,0.869
60.604082,337.431,64.405,0.874
60.615692,701.800,77.083,0.888
60.627302,708.228,77.241,0.903
60.638912,712.747,77.351,0.911
60.650522,716.512,77.442,0.916
60.662132,720.555,77.539,0.917
60.673741,366.788,65.849,0.909
60.685351,369.714,65.987,0.902
60.696961,369.946,65.998,0.903
60.708571,369.921,65.997,0.891
60.720181,369.703,65.986,0.870
60.731791,369.287,65.967,0.849
60.743401,368.794,65.944,0.825
60.755011,368.457,65.928,0.795
60.766621,368.305,65.921,0.763
60.778231,368.565,65.933,0.720
60.789841,369.819,65.992,0.656
60.801451,368.299,65.920,0.578
60.813061,706.872,77.207,0.488
60.824671,710.984,77.308,0.469
60.836281,713.930,77.379,0.469
60.847891,720.319,77.534,0.481
60.859501,366.271,65.825,0.547
60.871111,219.497,56.960,0.663
60.882721,225.386,57.419,0.735
60.894331,231.436,57.877,0.775
60.905941,237.727,58.342,0.797
60.917551,242.919,58.716,0.827
60.929161,244.841,58.852,0.858
60.940771,245.806,58.920,0.884
60.952381,245.893,58.926,0.903
60.963991,246.091,58.940,0.911
60.975601,246.894,58.997,0.913
60.987211,247.078,59.010,0.914
60.998821,246.985,59.003,0.916
61.010431,246.807,58.991,0.911
61.022041,246.855,58.994,0.901
61.033651,246.872,58.995,0.890
61.045261,246.875,58.995,0.880
61.056871,246.778,58.989,0.870
61.068481,246.249,58.951,0.864
61.080091,245.968,58.932,0.861
61.091701,245.733,58.915,0.857
61.103311,245.347,58.888,0.853
61.114921,245.407,58.892,0.849
61.126531,245.717,58.914,0.844
61.138141,246.546,58.972,0.834
61.149751,247.567,59.044,0.824
61.161361,248.446,59.105,0.818
61.172971,249.169,59.155,0.817
61.184580,249.435,59.174,0.818
61.196190,249.676,59.191,0.821
61.207800,249.812,59.200,0.821
61.219410,249.565,59.183,0.825
61.231020,249.392,59.171,0.833
61.242630,249.285,59.163,0.841
61.254240,249.418,59.173,0.844
61.265850,249.725,59.194,0.841
61.277460,251.290,59.302,0.840
61.289070,252.715,59.400,0.842
61.300680,255.058,59.560,0.847
61.312290,271.621,60.649,0.846
61.323900,274.442,60.828,0.838
61.335510,275.748,60.910,0.826
61.347120,276.280,60.944,0.820
61.358730,276.862,60.980,0.827
61.370340,277.126,60.996,0.821
61.381950,277.143,60.998,0.824
61.393560,276.922,60.984,0.821
61.405170,276.494,60.957,0.824
61.416780,276.546,60.960,0.826
61.428390,294.052,62.023,0.829
61.440000,294.050,62.023,0.824
61.451610,293.519,61.991,0.813
61.463220,277.834,61.041,0.816
61.474830,280.116,61.182,0.800
61.486440,281.595,61.273,0.789
61.498050,280.174,61.186,0.767
61.509660,280.615,61.213,0.754
61.521270,280.768,61.222,0.740
61.532880,281.921,61.293,0.750
61.544490,285.124,61.489,0.743
61.556100,294.399,62.043,0.751
61.567710,294.708,62.061,0.767
61.579320,294.331,62.039,0.781
61.590930,293.748,62.005,0.790
61.602540,292.901,61.955,0.804
61.614150,292.517,61.932,0.817
61.625760,292.562,61.935,0.819
61.637370,293.122,61.968,0.834
61.648980,293.368,61.983,0.834
61.660590,292.692,61.943,0.829
61.672200,292.135,61.910,0.827
61.683810,326.764,63.849,0.827
61.695420,327.943,63.911,0.828
61.707029,327.897,63.909,0.831
61.718639,328.650,63.949,0.837
61.730249,330.433,64.042,0.834
61.741859,331.227,64.084,0.837
61.753469,331.466,64.096,0.843
61.765079,331.447,64.095,0.845
61.776689,331.439,64.095,0.848
61.788299,331.197,64.082,0.844
61.799909,330.995,64.072,0.836
61.811519,330.779,64.060,0.825
61.823129,330.355,64.038,0.829
61.834739,330.234,64.032,0.825
61.846349,330.269,64.034,0.828
61.857959,330.062,64.023,0.829
61.869569,329.481,63.992,0.833
61.881179,328.139,63.922,0.839
61.892789,324.515,63.729,0.856
61.904399,728.663,77.733,0.861
61.916009,734.667,77.875,0.858
61.927619,743.691,78.086,0.858
61.939229,748.760,78.204,0.854
61.950839,750.397,78.242,0.856
61.962449,753.235,78.307,0.866
61.974059,750.582,78.246,0.867
61.985669,755.923,78.369,0.858
61.997279,752.490,78.290,0.863
62.008889,248.561,59.113,0.860
62.020499,248.291,59.094,0.860
62.032109,248.052,59.078,0.859
62.043719,247.132,59.013,0.858
62.055329,246.720,58.984,0.847
62.066939,246.984,59.003,0.846
62.078549,123.905,47.061,0.849
62.090159,247.516,59.040,0.848
62.101769,247.521,59.041,0.850
62.113379,247.269,59.023,0.854
62.124989,247.060,59.008,0.856
62.136599,246.842,58.993,0.854
62.148209,246.755,58.987,0.847
62.159819,246.536,58.972,0.835
62.171429,246.171,58.946,0.814
62.183039,245.727,58.915,0.789
62.194649,245.785,58.919,0.762
62.206259,245.971,58.932,0.726
62.217868,246.524,58.971,0.682
62.229478,245.928,58.929,0.623
62.241088,82.032,39.921,0.564
62.252698,82.064,39.928,0.527
62.264308,82.066,39.928,0.521
62.275918,124.395,47.129,0.530
62.287528,795.459,79.251,0.601
62.299138,786.355,79.052,0.665
62.310748,107.554,44.611,0.720
62.322358,107.511,44.604,0.748
62.333968,768.616,78.657,0.763
62.345578,81.155,39.735,0.776
62.357188,249.729,59.194,0.794
62.368798,249.682,59.191,0.820
62.380408,249.422,59.173,0.838
62.392018,248.652,59.120,0.847
62.403628,249.843,59.202,0.834
62.415238,249.531,59.181,0.822
62.426848,248.208,59.089,0.813
62.438458,248.057,59.078,0.803
62.450068,248.363,59.099,0.786
62.461678,247.885,59.066,0.748
62.473288,245.068,58.868,0.682
62.484898,243.847,58.782,0.563
62.496508,240.281,58.527,0.519
62.508118,233.876,58.059,0.490
62.519728,231.670,57.895,0.470
62.531338,230.126,57.779,0.458
62.542948,239.606,58.478,0.569
62.554558,239.588,58.477,0.606
62.566168,328.540,63.943,0.683
62.577778,329.431,63.990,0.747
62.589388,330.238,64.032,0.784
62.600998,330.066,64.023,0.801
62.612608,330.431,64.042,0.830
62.624218,330.203,64.030,0.851
62.635828,330.686,64.056,0.861
62.647438,332.347,64.142,0.880
62.659048,333.383,64.196,0.878
62.670658,334.861,64.273,0.882
62.682268,336.754,64.370,0.883
62.693878,340.313,64.552,0.890
62.705488,353.621,65.216,0.891
62.717098,359.089,65.482,0.889
62.728707,363.559,65.696,0.887
62.740317,367.066,65.862,0.877
62.751927,368.357,65.923,0.880
62.763537,369.895,65.995,0.871
62.775147,370.326,66.016,0.867
62.786757,370.494,66.023,0.866
62.798367,370.504,66.024,0.863
62.809977,370.560,66.026,0.867
62.821587,370.801,66.038,0.871
62.833197,371.163,66.055,0.874
62.844807,371.354,66.063,0.870
62.856417,371.171,66.055,0.869
62.868027,370.606,66.029,0.874
62.879637,368.931,65.950,0.884
62.891247,367.329,65.875,0.879
62.902857,365.072,65.768,0.875
62.914467,359.224,65.489,0.872
62.926077,353.061,65.189,0.869
62.937687,349.015,64.989,0.869
62.949297,345.883,64.833,0.872
62.960907,344.630,64.771,0.867
62.972517,344.311,64.755,0.857
62.984127,346.698,64.874,0.863
62.995737,350.842,65.080,0.866
63.007347,355.708,65.318,0.868
63.018957,362.141,65.629,0.873
63.030567,366.950,65.857,0.882
63.042177,370.019,66.001,0.884
63.053787,371.159,66.054,0.887
63.065397,372.080,66.097,0.888
63.077007,372.307,66.108,0.886
63.088617,371.616,66.076,0.885
63.100227,370.786,66.037,0.881
63.111837,370.116,66.006,0.873
63.123447,369.508,65.977,0.862
63.135057,368.760,65.942,0.856
63.146667,367.675,65.891,0.849
63.158277,366.500,65.836,0.832
63.169887,364.636,65.747,0.814
63.181497,359.384,65.496,0.798
63.193107,343.123,64.695,0.800
63.204717,314.609,63.193,0.804
63.216327,278.108,61.058,0.808
63.227937,250.051,59.217,0.814
63.239546,249.445,59.175,0.814
63.251156,249.644,59.188,0.821
63.262766,249.691,59.192,0.821
63.274376,249.664,59.190,0.817
63.285986,250.038,59.216,0.798
63.297596,250.051,59.217,0.778
63.309206,250.322,59.235,0.746
63.320816,250.261,59.231,0.696
63.332426,249.728,59.194,0.636
63.344036,242.333,58.674,0.573
63.355646,372.596,66.121,0.562
63.367256,367.893,65.901,0.611
63.378866,368.433,65.927,0.670
63.390476,113.378,45.524,0.701
63.402086,113.468,45.537,0.716
63.413696,113.467,45.537,0.724
63.425306,113.459,45.536,0.740
63.436916,226.693,57.519,0.754
63.448526,251.483,59.315,0.767
63.460136,252.602,59.392,0.770
63.471746,252.222,59.366,0.775
63.483356,247.617,59.047,0.787
63.494966,246.093,58.940,0.803
63.506576,245.206,58.878,0.818
63.518186,244.933,58.859,0.821
63.529796,244.482,58.827,0.826
63.541406,243.926,58.787,0.836
63.553016,244.207,58.807,0.850
63.564626,245.236,58.880,0.859
63.576236,247.021,59.006,0.873
63.587846,248.329,59.097,0.881
63.599456,248.702,59.123,0.880
63.611066,248.474,59.107,0.890
63.622676,248.014,59.075,0.901
63.634286,248.367,59.100,0.895
63.645896,247.531,59.041,0.886
63.657506,245.896,58.927,0.878
63.669116,244.814,58.850,0.869
63.680726,244.802,58.849,0.871
63.692336,245.842,58.923,0.871
63.703946,248.298,59.095,0.861
63.715556,250.363,59.238,0.849
63.727166,250.315,59.235,0.855
63.738776,250.243,59.230,0.859
63.750385,249.622,59.187,0.860
63.761995,248.991,59.143,0.853
63.773605,248.346,59.098,0.842
63.785215,247.958,59.071,0.847
63.796825,247.424,59.034,0.850
63.808435,246.941,59.000,0.843
63.820045,246.598,58.976,0.835
63.831655,246.371,58.960,0.820
63.843265,245.940,58.930,0.807
63.854875,243.804,58.779,0.798
63.866485,233.393,58.023,0.784
63.878095,225.906,57.459,0.760
63.889705,202.447,55.561,0.738
63.901315,188.482,54.323,0.734
63.912925,186.751,54.163,0.728
63.924535,186.108,54.104,0.735
63.936145,184.380,53.942,0.740
63.947755,91.723,41.854,0.740
63.959365,183.773,53.885,0.742
63.970975,183.930,53.900,0.752
63.982585,184.412,53.945,0.765
63.994195,185.225,54.021,0.788
64.005805,188.299,54.306,0.804
64.017415,193.183,54.750,0.815
64.029025,194.058,54.828,0.822
64.040635,193.193,54.750,0.826
64.052245,193.136,54.745,0.827
64.063855,193.476,54.776,0.821
64.075465,194.318,54.851,0.815
64.087075,194.242,54.844,0.804
64.098685,192.087,54.651,0.791
64.110295,190.640,54.520,0.771
64.121905,190.166,54.477,0.747
64.133515,189.919,54.455,0.718
64.145125,189.755,54.440,0.692
64.156735,189.764,54.440,0.680
64.168345,184.270,53.932,0.657
64.179955,183.961,53.903,0.604
64.191565,182.189,53.735,0.596
64.203175,93.930,42.266,0.617
64.214785,83.188,40.163,0.674
64.226395,256.022,59.625,0.725
64.238005,84.798,40.495,0.747
64.249615,84.804,40.496,0.760
64.261224,320.113,63.493,0.782
64.272834,320.753,63.528,0.801
64.284444,343.815,64.730,0.813
64.296054,343.173,64.697,0.833
64.307664,340.033,64.538,0.846
64.319274,335.786,64.320,0.844
64.330884,333.190,64.186,0.852
64.342494,333.227,64.188,0.860
64.354104,334.251,64.241,0.859
64.365714,335.981,64.330,0.867
64.377324,343.838,64.731,0.884
64.388934,352.970,65.185,0.892
64.400544,358.140,65.436,0.894
64.412154,364.922,65.761,0.904
64.423764,367.247,65.871,0.909
64.435374,368.506,65.930,0.916
64.446984,369.131,65.960,0.925
64.458594,369.802,65.991,0.928
64.470204,370.111,66.005,0.919
64.481814,369.768,65.989,0.909
64.493424,369.006,65.954,0.898
64.505034,368.390,65.925,0.878
64.516644,367.842,65.899,0.857
64.528254,367.399,65.878,0.829
64.539864,367.079,65.863,0.793
64.551474,366.217,65.822,0.744
64.563084,359.363,65.495,0.744
64.574694,353.891,65.230,0.762
64.586304,353.458,65.208,0.797
64.597914,352.948,65.183,0.838
64.609524,351.734,65.124,0.866
64.621134,350.474,65.062,0.882
64.632744,349.319,65.004,0.893
64.644354,348.179,64.948,0.903
64.655964,345.718,64.825,0.902
64.667574,342.511,64.664,0.897
64.679184,341.311,64.603,0.888
64.690794,342.033,64.640,0.877
64.702404,349.414,65.009,0.873
64.714014,716.621,77.444,0.869
64.725624,359.644,65.509,0.871
64.737234,364.877,65.759,0.878
64.748844,367.277,65.872,0.883
64.760454,368.483,65.929,0.887
64.772063,369.043,65.955,0.892
64.783673,369.074,65.957,0.896
64.795283,368.923,65.950,0.898
64.806893,368.437,65.927,0.903
64.818503,367.620,65.889,0.907
64.830113,366.767,65.848,0.900
64.841723,366.448,65.833,0.882
64.853333,366.204,65.822,0.865
64.864943,365.606,65.793,0.845
64.876553,362.492,65.645,0.822
64.888163,356.306,65.347,0.799
64.899773,230.760,57.827,0.779
64.911383,247.033,59.006,0.752
64.922993,247.254,59.022,0.747
64.934603,246.612,58.977,0.771
64.946213,246.015,58.935,0.783
64.957823,245.759,58.917,0.786
64.969433,245.407,58.892,0.786
64.981043,244.835,58.852,0.784
64.992653,244.617,58.836,0.778
65.004263,244.332,58.816,0.775
65.015873,244.592,58.834,0.772
65.027483,245.621,58.907,0.769
65.039093,246.828,58.992,0.773
65.050703,246.810,58.991,0.787
65.062313,246.693,58.983,0.800
65.073923,246.587,58.975,0.810
65.085533,246.426,58.964,0.817
65.097143,246.299,58.955,0.815
65.108753,246.708,58.984,0.814
65.120363,248.316,59.096,0.818
65.131973,250.224,59.229,0.818
65.143583,250.934,59.278,0.812
65.155193,250.774,59.267,0.810
65.166803,250.229,59.229,0.804
65.178413,249.261,59.162,0.798
65.190023,247.754,59.057,0.806
65.201633,245.955,58.931,0.809
65.213243,243.780,58.777,0.802
65.224853,242.828,58.709,0.810
65.236463,242.773,58.705,0.824
65.248073,243.557,58.761,0.836
65.259683,245.001,58.863,0.848
65.271293,246.863,58.994,0.855
65.282902,249.039,59.146,0.863
65.294512,249.276,59.163,0.868
65.306122,249.193,59.157,0.869
65.317732,249.186,59.157,0.865
65.329342,248.831,59.132,0.861
65.340952,247.831,59.062,0.852
65.352562,246.532,58.971,0.843
65.364172,245.685,58.912,0.840
65.375782,245.301,58.885,0.837
65.387392,245.778,58.918,0.833
65.399002,247.140,59.014,0.837
65.410612,248.737,59.125,0.850
65.422222,249.503,59.179,0.862
65.433832,249.685,59.191,0.874
65.445442,249.498,59.178,0.886
65.457052,249.205,59.158,0.895
65.468662,248.719,59.124,0.897
65.480272,248.008,59.075,0.899
65.491882,247.284,59.024,0.899
65.503492,246.783,58.989,0.892
65.515102,246.804,58.990,0.880
65.526712,247.955,59.071,0.870
65.538322,250.097,59.220,0.859
65.549932,255.075,59.561,0.850
65.561542,268.659,60.459,0.842
65.573152,284.957,61.479,0.844
65.584762,289.400,61.747,0.844
65.596372,291.455,61.869,0.847
65.607982,292.717,61.944,0.849
65.619592,293.687,62.001,0.854
65.631202,294.050,62.023,0.863
65.642812,294.017,62.021,0.875
65.654422,293.787,62.007,0.896
65.666032,293.716,62.003,0.905
65.677642,293.586,61.995,0.915
65.689252,293.640,61.999,0.922
65.700862,293.593,61.996,0.931
65.712472,293.602,61.996,0.939
65.724082,293.671,62.000,0.945
65.735692,293.850,62.011,0.948
65.747302,294.001,62.020,0.944
65.758912,294.062,62.023,0.943
65.770522,293.850,62.011,0.939
65.782132,293.599,61.996,0.932
65.793741,293.130,61.968,0.921
65.805351,292.774,61.947,0.908
65.816961,292.309,61.920,0.891
65.828571,291.777,61.888,0.871
65.840181,291.454,61.869,0.851
65.851791,290.999,61.842,0.834
65.863401,290.742,61.827,0.820
65.875011,291.972,61.900,0.818
65.886621,124.205,47.103,0.814
65.898231,457.956,69.692,0.801
65.909841,458.102,69.698,0.791
65.921451,458.756,69.723,0.779
65.933061,459.534,69.752,0.762
65.944671,460.861,69.802,0.734
65.956281,124.519,47.146,0.706
65.967891,124.449,47.137,0.673
65.979501,124.805,47.186,0.645
65.991111,466.983,70.030,0.624
66.002721,465.905,69.990,0.616
66.014331,808.820,79.540,0.598
66.025941,817.601,79.727,0.589
66.037551,809.156,79.547,0.595
66.049161,816.267,79.698,0.596
66.060771,825.050,79.884,0.596
66.072381,124.881,47.197,0.601
66.083991,125.112,47.229,0.601
66.095601,146.518,49.963,0.596
66.107211,292.799,61.949,0.592
66.118821,292.317,61.920,0.586
66.130431,291.893,61.895,0.584
66.142041,97.600,42.929,0.609
66.153651,875.653,80.914,0.647
66.165261,214.772,56.584,0.712
66.176871,248.865,59.134,0.778
66.188481,248.852,59.133,0.811
66.200091,248.321,59.096,0.827
66.211701,247.946,59.070,0.842
66.223311,247.543,59.042,0.853
66.234921,247.184,59.017,0.857
66.246531,246.541,58.972,0.858
66.258141,246.932,58.999,0.850
66.269751,246.909,58.998,0.826
66.281361,245.818,58.921,0.804
66.292971,246.242,58.951,0.784
66.304580,247.486,59.038,0.759
66.316190,247.883,59.066,0.729
66.327800,247.839,59.063,0.700
66.339410,246.872,58.995,0.665
66.351020,247.436,59.035,0.620
66.362630,230.503,57.807,0.602
66.374240,229.877,57.760,0.582
66.385850,266.669,60.331,0.669
66.397460,246.766,58.988,0.724
66.409070,246.746,58.986,0.771
66.420680,246.659,58.980,0.802
66.432290,246.704,58.983,0.835
66.443900,246.407,58.962,0.860
66.455510,245.878,58.925,0.874
66.467120,245.597,58.905,0.888
66.478730,245.581,58.904,0.888
66.490340,245.572,58.904,0.887
66.501950,245.739,58.916,0.881
66.513560,245.955,58.931,0.876
66.525170,246.287,58.954,0.864
66.536780,247.347,59.028,0.848
66.548390,248.597,59.116,0.833
66.560000,250.869,59.273,0.824
66.571610,252.129,59.360,0.808
66.583220,254.403,59.515,0.794
66.594830,258.394,59.785,0.805
66.606440,130.124,47.909,0.831
66.618050,131.754,48.124,0.836
66.629660,327.505,63.888,0.839
66.641270,329.963,64.018,0.842
66.652880,331.756,64.111,0.847
66.664490,332.225,64.136,0.866
66.676100,331.750,64.111,0.883
66.687710,331.358,64.091,0.887
66.699320,331.835,64.116,0.876
66.710930,332.953,64.174,0.878
66.722540,334.193,64.238,0.887
66.734150,336.316,64.348,0.901
66.745760,342.109,64.643,0.900
66.757370,348.937,64.986,0.891
66.768980,354.786,65.273,0.877
66.780590,359.877,65.520,0.861
66.792200,363.661,65.701,0.851
66.803810,366.791,65.849,0.844
66.815420,368.487,65.929,0.830
66.827029,369.418,65.973,0.805
66.838639,369.430,65.974,0.803
66.850249,369.256,65.965,0.809
66.861859,369.303,65.968,0.818
66.873469,369.531,65.978,0.827
66.885079,369.727,65.987,0.834
66.896689,369.994,66.000,0.842
66.908299,370.440,66.021,0.853
66.919909,370.756,66.036,0.865
66.931519,370.783,66.037,0.873
66.943129,370.818,66.039,0.878
66.954739,370.822,66.039,0.878
66.966349,370.761,66.036,0.869
66.977959,370.733,66.035,0.858
66.989569,370.573,66.027,0.846
67.001179,370.634,66.030,0.836
67.012789,374.637,66.216,0.835
67.024399,388.385,66.840,0.826
67.036009,393.113,67.049,0.821
67.047619,394.559,67.113,0.827
67.059229,394.666,67.118,0.852
67.070839,394.647,67.117,0.875
67.082449,394.723,67.120,0.891
67.094059,394.696,67.119,0.892
67.105669,394.689,67.119,0.878
67.117279,394.441,67.108,0.872
67.128889,394.121,67.094,0.870
67.140499,393.727,67.076,0.864
67.152109,393.131,67.050,0.854
67.163719,391.541,66.980,0.841
67.175329,381.356,66.524,0.828
67.186939,378.906,66.412,0.840
67.198549,379.637,66.445,0.865
67.210159,378.954,66.414,0.876
67.221769,377.013,66.325,0.879
67.233379,375.536,66.257,0.878
67.244989,373.926,66.183,0.876
67.256599,372.538,66.119,0.879
67.268209,371.763,66.083,0.884
67.279819,370.934,66.044,0.884
67.291429,370.100,66.005,0.882
67.303039,369.186,65.962,0.888
67.314649,368.367,65.924,0.899
67.326259,368.121,65.912,0.909
67.337868,368.118,65.912,0.915
67.349478,368.117,65.912,0.914
67.361088,367.816,65.898,0.911
67.372698,367.824,65.898,0.902
67.384308,367.825,65.898,0.883
67.395918,367.793,65.897,0.859
67.407528,367.631,65.889,0.824
67.419138,367.687,65.892,0.785
67.430748,368.693,65.939,0.754
67.442358,376.139,66.285,0.742
67.453968,382.501,66.576,0.725
67.465578,333.610,64.208,0.733
67.477188,333.129,64.183,0.750
67.488798,332.936,64.173,0.785
67.500408,332.798,64.166,0.811
67.512018,332.770,64.164,0.818
67.523628,332.981,64.175,0.811
67.535238,332.457,64.148,0.794
67.546848,331.077,64.076,0.779
67.558458,328.136,63.921,0.755
67.570068,326.400,63.830,0.735
67.581678,330.551,64.048,0.678
67.593288,364.128,65.723,0.578
67.604898,367.933,65.903,0.487
67.616508,368.754,65.942,0.494
67.628118,374.684,66.218,0.549
67.639728,374.490,66.209,0.590
67.651338,248.061,59.078,0.613
67.662948,277.796,61.038,0.682
67.674558,278.022,61.052,0.726
67.686168,277.733,61.034,0.765
67.697778,277.504,61.020,0.794
67.709388,277.321,61.009,0.807
67.720998,277.346,61.010,0.813
67.732608,277.868,61.043,0.826
67.744218,278.166,61.061,0.843
67.755828,278.395,61.076,0.835
67.767438,278.700,61.095,0.827
67.779048,279.955,61.172,0.819
67.790658,286.920,61.598,0.820
67.802268,289.827,61.772,0.831
67.813878,291.211,61.855,0.842
67.825488,291.408,61.866,0.843
67.837098,290.479,61.811,0.841
67.848707,288.259,61.678,0.853
67.860317,285.776,61.529,0.860
67.871927,283.575,61.395,0.861
67.883537,281.933,61.294,0.859
67.895147,280.631,61.214,0.860
67.906757,279.735,61.159,0.861
67.918367,279.333,61.134,0.865
67.929977,279.114,61.120,0.868
67.941587,278.940,61.109,0.870
67.953197,278.907,61.107,0.874
67.964807,278.743,61.097,0.879
67.976417,278.462,61.080,0.881
67.988027,278.008,61.051,0.872
67.999637,277.486,61.019,0.862
68.011247,276.706,60.970,0.844
68.022857,276.115,60.933,0.824
68.034467,275.513,60.895,0.794
68.046077,275.574,60.899,0.766
68.057687,274.965,60.861,0.738
68.069297,273.793,60.787,0.728
68.080907,276.828,60.978,0.772
68.092517,280.068,61.179,0.811
68.104127,280.622,61.214,0.834
68.115737,280.316,61.195,0.847
68.127347,280.184,61.186,0.862
68.138957,279.735,61.159,0.871
68.150567,279.641,61.153,0.880
68.162177,279.302,61.132,0.885
68.173787,278.497,61.082,0.874
68.185397,277.009,60.989,0.861
68.197007,276.616,60.965,0.865
68.208617,277.005,60.989,0.874
68.220227,277.466,61.018,0.880
68.231837,277.915,61.046,0.883
68.243447,277.822,61.040,0.883
68.255057,277.740,61.035,0.874
68.266667,277.878,61.043,0.866
68.278277,277.990,61.050,0.856
68.289887,277.350,61.010,0.841
68.301497,273.354,60.759,0.829
68.313107,263.033,60.093,0.817
68.324717,250.054,59.217,0.813
68.336327,246.438,58.965,0.817
68.347937,245.677,58.911,0.829
68.359546,245.711,58.913,0.844
68.371156,245.794,58.919,0.854
68.382766,245.839,58.923,0.862
68.394376,245.983,58.933,0.866
68.405986,246.015,58.935,0.866
68.417596,246.023,58.935,0.865
68.429206,246.112,58.942,0.861
68.440816,246.124,58.943,0.856
68.452426,246.163,58.945,0.848
68.464036,246.444,58.965,0.843
68.475646,246.764,58.988,0.835
68.487256,247.332,59.027,0.828
68.498866,248.003,59.074,0.822
68.510476,248.126,59.083,0.812
68.522086,248.233,59.090,0.806
68.533696,247.936,59.070,0.813
68.545306,247.449,59.036,0.826
68.556916,246.725,58.985,0.835
68.568526,246.109,58.942,0.834
68.580136,245.115,58.871,0.835
68.591746,244.522,58.830,0.838
68.603356,244.417,58.822,0.843
68.614966,244.669,58.840,0.849
68.626576,245.067,58.868,0.843
68.638186,245.685,58.912,0.832
68.649796,247.636,59.049,0.832
68.661406,249.263,59.162,0.840
68.673016,250.603,59.255,0.842
68.684626,250.626,59.256,0.849
68.696236,250.215,59.228,0.859
68.707846,249.523,59.180,0.858
68.719456,248.588,59.115,0.856
68.731066,246.125,58.943,0.866
68.742676,244.513,58.829,0.856
68.754286,243.222,58.737,0.844
68.765896,242.548,58.689,0.845
68.777506,243.838,58.781,0.845
68.789116,245.699,58.913,0.832
68.800726,246.861,58.994,0.826
68.812336,248.349,59.098,0.829
68.823946,249.326,59.166,0.817
68.835556,248.855,59.134,0.825
68.847166,248.147,59.084,0.844
68.858776,247.799,59.060,0.844
68.870385,247.456,59.036,0.846
68.881995,244.684,58.841,0.858
68.893605,243.790,58.778,0.869
68.905215,81.604,39.830,0.875
68.916825,242.075,58.655,0.889
68.928435,827.876,79.943,0.908
68.940045,817.058,79.715,0.909
68.951655,812.766,79.624,0.923
68.963265,795.870,79.260,0.942
68.974875,785.446,79.032,0.946
68.986485,785.270,79.028,0.944
68.998095,782.994,78.978,0.952
69.009705,778.702,78.883,0.957
69.021315,782.622,78.970,0.948
69.032925,785.633,79.036,0.947
69.044535,788.732,79.104,0.937
69.056145,797.083,79.287,0.924
69.067755,804.232,79.441,0.915
69.079365,803.790,79.432,0.925
69.090975,802.855,79.412,0.922
69.102585,800.283,79.356,0.913
69.114195,800.061,79.351,0.909
69.125805,122.452,46.857,0.909
69.137415,122.636,46.883,0.907
69.149025,122.820,46.909,0.895
69.160635,123.200,46.962,0.889
69.172245,123.584,47.016,0.865
69.183855,246.759,58.987,0.839
69.195465,123.737,47.037,0.809
69.207075,123.647,47.025,0.788
69.218685,122.574,46.874,0.757
69.230295,123.745,47.038,0.719
69.241905,123.526,47.008,0.688
69.253515,123.306,46.977,0.658
69.265125,123.162,46.957,0.656
69.276735,123.257,46.970,0.645
69.288345,123.392,46.989,0.637
69.299955,123.276,46.973,0.635
69.311565,123.299,46.976,0.629
69.323175,839.359,80.181,0.630
69.334785,839.329,80.181,0.625
69.346395,840.017,80.195,0.615
69.358005,838.525,80.164,0.596
69.369615,837.051,80.134,0.583
69.381224,802.589,79.406,0.560
69.392834,804.004,79.436,0.524
69.404444,123.871,47.056,0.490
69.416054,123.782,47.044,0.469
69.427664,779.563,78.902,0.469
69.439274,123.826,47.050,0.481
69.450884,123.954,47.068,0.486
69.462494,123.946,47.067,0.464
69.474104,124.035,47.079,0.456
69.485714,124.108,47.089,0.484
69.497324,123.118,46.951,0.528
69.508934,122.906,46.921,0.598
69.520544,124.476,47.140,0.624
69.532154,1002.273,83.252,0.663
69.543764,1002.273,83.252,0.688
69.555374,133.173,48.310,0.717
69.566984,139.085,49.062,0.760
69.578594,146.659,49.980,0.778
69.590204,142.270,49.453,0.788
69.601814,139.901,49.163,0.788
69.613424,139.719,49.140,0.791
69.625034,138.563,48.996,0.798
69.636644,137.569,48.872,0.799
69.648254,133.990,48.415,0.799
69.659864,132.546,48.228,0.778
69.671474,130.853,48.005,0.774
69.683084,129.657,47.846,0.768
69.694694,127.541,47.562,0.773
69.706304,124.197,47.102,0.776
69.717914,122.879,46.917,0.761
69.729524,122.228,46.825,0.756
69.741134,119.091,46.375,0.750
69.752744,118.866,46.342,0.746
69.764354,118.438,46.280,0.738
69.775964,118.288,46.258,0.732
69.787574,663.984,76.124,0.720
69.799184,676.322,76.442,0.707
69.810794,780.070,78.913,0.693
69.822404,775.458,78.811,0.684
69.834014,771.019,78.711,0.659
69.845624,775.842,78.819,0.651
69.857234,843.962,80.276,0.661
69.868844,848.824,80.376,0.672
69.880454,859.799,80.598,0.689
69.892063,866.389,80.730,0.705
69.903673,868.472,80.772,0.730
69.915283,871.078,80.824,0.751
69.926893,871.109,80.824,0.771
69.938503,869.221,80.787,0.787
69.950113,881.313,81.026,0.797
69.961723,884.606,81.090,0.803
69.973333,887.458,81.146,0.803
69.984943,887.645,81.150,0.795
69.996553,889.241,81.181,0.788
70.008163,283.296,61.378,0.779
70.019773,282.941,61.356,0.764
70.031383,121.725,46.753,0.740
70.042993,122.767,46.901,0.709
70.054603,123.287,46.974,0.707
70.066213,131.664,48.112,0.713
70.077823,131.428,48.081,0.728
70.089433,131.715,48.119,0.725
70.101043,131.596,48.103,0.719
70.112653,131.588,48.102,0.725
70.124263,131.609,48.105,0.738
70.135873,131.426,48.081,0.748
70.147483,130.811,48.000,0.733
70.159093,129.098,47.772,0.710
70.170703,128.809,47.733,0.693
70.182313,130.793,47.997,0.741
70.193923,138.404,48.977,0.782
70.205533,142.851,49.524,0.810
70.217143,142.514,49.483,0.824
70.228753,747.281,78.170,0.833
70.240363,748.391,78.195,0.843
70.251973,750.064,78.234,0.847
70.263583,748.489,78.198,0.852
70.275193,752.373,78.287,0.849
70.286803,753.672,78.317,0.842
70.298413,136.349,48.718,0.826
70.310023,135.989,48.672,0.807
70.321633,135.508,48.611,0.791
70.333243,135.110,48.560,0.771
70.344853,135.055,48.552,0.762
70.356463,135.444,48.602,0.744
70.368073,134.940,48.538,0.694
70.379683,130.287,47.930,0.626
70.391293,131.092,48.037,0.649
70.402902,268.679,60.461,0.733
70.414512,541.903,72.606,0.762
70.426122,542.211,72.616,0.786
70.437732,541.998,72.609,0.787
70.449342,542.310,72.619,0.789
70.460952,542.654,72.630,0.793
70.472562,135.616,48.624,0.793
70.484172,135.355,48.591,0.786
70.495782,135.601,48.622,0.760
70.507392,135.855,48.655,0.745
70.519002,136.941,48.793,0.717
70.530612,137.053,48.807,0.720
70.542222,137.123,48.816,0.726
70.553832,137.130,48.817,0.730
70.565442,137.279,48.835,0.737
70.577052,137.020,48.803,0.726
70.588662,134.394,48.468,0.711
70.600272,137.904,48.914,0.726
70.611882,134.914,48.534,0.732
70.623492,134.642,48.499,0.731
70.635102,134.497,48.481,0.722
70.646712,134.384,48.466,0.711
70.658322,134.350,48.462,0.692
70.669932,134.555,48.488,0.677
70.681542,134.176,48.440,0.683
70.693152,137.900,48.913,0.682
70.704762,138.436,48.981,0.688
70.716372,138.326,48.967,0.700
70.727982,138.271,48.960,0.709
70.739592,138.383,48.974,0.718
70.751202,137.930,48.917,0.730
70.762812,137.885,48.912,0.737
70.774422,131.999,48.156,0.731
70.786032,133.264,48.321,0.707
70.797642,123.114,46.950,0.696
70.809252,158.582,51.333,0.699
70.820862,158.585,51.333,0.728
70.832472,148.187,50.159,0.739
70.844082,145.045,49.788,0.741
70.855692,141.315,49.337,0.733
70.867302,145.145,49.800,0.723
70.878912,140.906,49.287,0.715
70.890522,142.176,49.442,0.703
70.902132,142.178,49.442,0.691
70.913741,137.572,48.872,0.683
70.925351,134.040,48.422,0.686
70.936961,133.911,48.405,0.693
70.948571,134.028,48.420,0.698
70.960181,134.011,48.418,0.702
70.971791,133.984,48.415,0.702
70.983401,133.848,48.397,0.706
70.995011,133.343,48.332,0.703
71.006621,131.905,48.144,0.671
71.018231,130.549,47.965,0.662
71.029841,141.334,49.339,0.738
71.041451,147.642,50.095,0.781
71.053061,149.679,50.332,0.821
71.064671,148.155,50.155,0.833
71.076281,150.137,50.385,0.855
71.087891,151.077,50.493,0.869
71.099501,150.896,50.473,0.883
71.111111,526.741,72.115,0.888
71.122721,530.657,72.243,0.871
71.134331,537.229,72.456,0.854
71.145941,550.155,72.868,0.823
71.157551,549.089,72.834,0.809
71.169161,550.922,72.892,0.775
71.180771,537.902,72.478,0.759
71.192381,121.342,46.699,0.729
71.203991,121.166,46.674,0.708
71.215601,145.972,49.898,0.698
71.227211,401.955,67.434,0.705
71.238821,401.674,67.422,0.726
71.250431,400.914,67.389,0.740
71.262041,302.589,62.518,0.749
71.273651,163.057,51.814,0.741
71.285261,153.196,50.734,0.745
71.296871,153.146,50.729,0.762
71.308481,143.975,49.660,0.770
71.320091,144.142,49.680,0.778
71.331701,140.927,49.289,0.783
71.343311,137.300,48.838,0.788
71.354921,136.756,48.769,0.794
71.366531,136.069,48.682,0.794
71.378141,135.191,48.570,0.799
71.389751,134.534,48.486,0.784
71.401361,134.024,48.420,0.774
71.412971,133.388,48.338,0.759
71.424580,133.043,48.293,0.744
71.436190,132.818,48.263,0.739
71.447800,133.562,48.360,0.733
71.459410,133.350,48.333,0.737
71.471020,133.120,48.303,0.721
71.482630,133.287,48.324,0.721
71.494240,133.248,48.319,0.719
71.505850,133.218,48.315,0.723
71.517460,133.121,48.303,0.721
71.529070,132.904,48.275,0.715
71.540680,135.253,48.578,0.731
71.552290,135.975,48.670,0.732
71.563900,136.857,48.782,0.739
71.575510,136.749,48.768,0.734
71.587120,136.807,48.776,0.732
71.598730,136.824,48.778,0.725
71.610340,136.923,48.790,0.717
71.621950,135.685,48.633,0.702
71.633560,135.379,48.594,0.652
71.645170,133.147,48.306,0.602
71.656780,132.046,48.162,0.533
71.668390,185.800,54.075,0.661
71.680000,142.058,49.428,0.694
71.691610,142.288,49.456,0.712
71.703220,141.277,49.332,0.730
71.714830,140.858,49.281,0.748
71.726440,140.307,49.213,0.763
71.738050,139.694,49.137,0.780
71.749660,133.816,48.393,0.788
71.761270,133.361,48.334,0.767
71.772880,132.630,48.239,0.750
71.784490,132.483,48.220,0.735
71.796100,132.199,48.183,0.718
71.807710,126.515,47.422,0.690
71.819320,126.755,47.454,0.662
71.830930,126.332,47.397,0.610
71.842540,125.877,47.334,0.562
71.854150,118.983,46.359,0.613
71.865760,116.508,45.995,0.648
71.877370,631.206,75.247,0.715
71.888980,935.406,82.057,0.747
71.900590,916.688,81.707,0.777
71.912200,145.636,49.858,0.798
71.923810,146.008,49.902,0.814
71.935420,145.906,49.890,0.820
71.947029,145.946,49.895,0.808
71.958639,146.211,49.927,0.805
71.970249,146.251,49.931,0.786
71.981859,146.864,50.004,0.784
71.993469,136.796,48.774,0.790
72.005079,135.964,48.669,0.792
72.016689,134.854,48.527,0.795
72.028299,134.449,48.475,0.799
72.039909,134.297,48.455,0.808
72.051519,134.116,48.432,0.801
72.063129,134.032,48.421,0.800
72.074739,133.706,48.379,0.796
72.086349,134.203,48.443,0.794
72.097959,134.902,48.533,0.787
72.109569,136.508,48.738,0.769
72.121179,137.122,48.816,0.758
72.132789,138.364,48.972,0.733
72.144399,138.292,48.963,0.731
72.156009,137.966,48.922,0.719
72.167619,136.496,48.736,0.690
72.179229,188.731,54.346,0.736
72.190839,139.457,49.108,0.777
72.202449,138.713,49.015,0.810
72.214059,138.799,49.026,0.818
72.225669,138.716,49.016,0.819
72.237279,138.726,49.017,0.820
72.248889,138.674,49.010,0.823
72.260499,138.668,49.010,0.826
72.272109,138.402,48.976,0.794
72.283719,136.870,48.784,0.772
72.295329,134.797,48.519,0.738
72.306939,133.987,48.415,0.754
72.318549,134.202,48.443,0.765
72.330159,134.199,48.442,0.768
72.341769,134.191,48.441,0.770
72.353379,134.164,48.438,0.774
72.364989,133.992,48.416,0.773
72.376599,133.502,48.352,0.763
72.388209,133.567,48.361,0.757
72.399819,133.070,48.296,0.743
72.411429,132.949,48.280,0.736
72.423039,132.924,48.277,0.744
72.434649,132.861,48.269,0.752
72.446259,132.774,48.258,0.750
72.457868,132.536,48.227,0.741
72.469478,132.224,48.186,0.723
72.481088,132.214,48.185,0.719
72.492698,132.216,48.185,0.715
72.504308,154.154,50.842,0.739
72.515918,154.433,50.874,0.761
72.527528,155.511,50.994,0.787
72.539138,154.909,50.927,0.799
72.550748,154.583,50.891,0.816
72.562358,124.402,47.130,0.835
72.573968,123.985,47.072,0.848
72.585578,123.125,46.951,0.855
72.597188,122.577,46.874,0.857
72.608798,830.243,79.992,0.854
72.620408,850.232,80.404,0.848
72.632018,859.725,80.596,0.843
72.643628,880.552,81.011,0.842
72.655238,134.090,48.428,0.830
72.666848,133.487,48.350,0.820
72.678458,132.966,48.283,0.805
72.690068,132.520,48.224,0.782
72.701678,132.535,48.226,0.758
72.713288,133.065,48.296,0.737
72.724898,134.556,48.488,0.758
72.736508,136.059,48.681,0.749
72.748118,136.327,48.715,0.747
72.759728,136.359,48.719,0.760
72.771338,136.398,48.724,0.776
72.782948,136.049,48.679,0.785
72.794558,136.350,48.718,0.796
72.806168,136.441,48.729,0.799
72.817778,796.015,79.264,0.790
72.829388,788.117,79.091,0.790
72.840998,787.831,79.085,0.788
72.852608,784.002,79.000,0.779
72.864218,792.405,79.185,0.773
72.875828,806.682,79.494,0.776
72.887438,806.096,79.481,0.765
72.899048,804.942,79.457,0.751
72.910658,805.813,79.475,0.728
72.922268,815.459,79.681,0.697
72.933878,825.426,79.892,0.673
72.945488,833.491,80.060,0.647
72.957098,839.282,80.180,0.612
72.968707,757.232,78.399,0.578
72.980317,756.064,78.372,0.586
72.991927,757.774,78.411,0.606
73.003537,148.882,50.240,0.621
73.015147,148.887,50.241,0.637
73.026757,148.890,50.241,0.641
73.038367,148.897,50.242,0.645
73.049977,567.545,73.407,0.645
73.061587,566.965,73.389,0.631
73.073197,566.846,73.385,0.611
73.084807,566.809,73.384,0.587
73.096417,566.849,73.386,0.561
73.108027,567.724,73.412,0.524
73.119637,394.990,67.132,0.545
73.131247,102.678,43.807,0.579
73.142857,141.172,49.319,0.662
73.154467,141.848,49.402,0.719
73.166077,141.529,49.363,0.746
73.177687,141.092,49.310,0.771
73.189297,140.817,49.276,0.785
73.200907,140.395,49.224,0.803
73.212517,140.026,49.178,0.808
73.224127,139.461,49.108,0.809
73.235737,138.969,49.047,0.802
73.247347,138.915,49.040,0.791
73.258957,139.888,49.161,0.786
73.270567,142.020,49.423,0.777
73.282177,143.017,49.544,0.772
73.293787,145.228,49.810,0.761
73.305397,146.801,49.996,0.762
73.317007,147.514,50.080,0.767
73.328617,147.685,50.100,0.756
73.340227,147.549,50.084,0.744
73.351837,146.891,50.007,0.741
73.363447,145.659,49.861,0.745
73.375057,140.771,49.270,0.760
73.386667,138.228,48.955,0.765
73.398277,135.228,48.575,0.764
73.409887,134.188,48.441,0.757
73.421497,134.674,48.504,0.767
73.433107,135.954,48.667,0.780
73.444717,136.637,48.754,0.780
73.456327,138.610,49.002,0.783
73.467937,141.226,49.326,0.774
73.479546,142.423,49.472,0.767
73.491156,143.370,49.587,0.763
73.502766,144.586,49.733,0.760
73.514376,145.690,49.865,0.746
73.525986,146.366,49.945,0.724
73.537596,146.616,49.974,0.709
73.549206,146.809,49.997,0.676
73.560816,146.678,49.982,0.651
73.572426,146.496,49.960,0.635
73.584036,145.943,49.895,0.614
73.595646,145.416,49.832,0.581
73.607256,144.640,49.740,0.542
73.618866,143.420,49.593,0.514
73.630476,140.235,49.204,0.546
73.642086,145.957,49.897,0.608
73.653696,140.616,49.251,0.652
73.665306,140.748,49.267,0.692
73.676916,140.699,49.261,0.716
73.688526,140.690,49.260,0.720
73.700136,140.684,49.259,0.721
73.711746,140.732,49.265,0.720
73.723356,140.661,49.257,0.709
73.734966,140.716,49.263,0.682
73.746576,137.820,48.903,0.739
73.758186,135.258,48.579,0.747
73.769796,147.319,50.057,0.754
73.781406,146.514,49.962,0.775
73.793016,145.992,49.901,0.787
73.804626,145.809,49.879,0.791
73.816236,145.785,49.876,0.793
73.827846,145.798,49.878,0.793
73.839456,144.753,49.753,0.738
73.851066,142.777,49.515,0.703
73.862676,142.753,49.512,0.680
73.874286,138.166,48.947,0.659
73.885896,153.390,50.756,0.688
73.897506,150.644,50.444,0.724
73.909116,150.163,50.388,0.743
73.920726,150.965,50.481,0.751
73.932336,152.089,50.609,0.758
73.943946,151.002,50.485,0.763
73.955556,151.093,50.495,0.760
73.967166,504.964,71.384,0.783
73.978776,505.426,71.400,0.775
73.990385,531.958,72.286,0.780
74.001995,548.123,72.804,0.787
74.013605,138.901,49.039,0.807
74.025215,138.585,48.999,0.823
74.036825,138.292,48.963,0.832
74.048435,137.889,48.912,0.844
74.060045,137.672,48.885,0.837
74.071655,137.103,48.813,0.838
74.083265,136.298,48.711,0.829
74.094875,135.451,48.603,0.821
74.106485,134.499,48.481,0.803
74.118095,133.530,48.356,0.779
74.129705,132.852,48.268,0.755
74.141315,132.696,48.247,0.718
74.152925,132.116,48.172,0.675
74.164535,123.574,47.014,0.617
74.176145,123.347,46.983,0.657
74.187755,510.623,71.577,0.657
74.199365,593.491,74.181,0.693
74.210975,593.699,74.187,0.716
74.222585,156.122,51.062,0.747
74.234195,156.002,51.049,0.765
74.245805,140.703,49.262,0.780
74.257415,140.620,49.252,0.790
74.269025,140.464,49.232,0.775
74.280635,140.398,49.224,0.773
74.292245,139.725,49.141,0.764
74.303855,134.687,48.505,0.757
74.315465,134.721,48.510,0.750
74.327075,134.306,48.456,0.754
74.338685,133.823,48.394,0.755
74.350295,133.445,48.345,0.775
74.361905,133.223,48.316,0.786
74.373515,116.048,45.927,0.804
74.385125,149.101,50.265,0.813
74.396735,104.948,44.186,0.831
74.408345,695.042,76.915,0.845
74.419955,693.313,76.872,0.847
74.431565,458.239,69.703,0.842
74.443175,458.994,69.732,0.830
74.454785,132.548,48.228,0.820
74.466395,132.668,48.244,0.809
74.478005,132.761,48.256,0.800
74.489615,132.722,48.251,0.780
74.501224,132.458,48.216,0.745
74.512834,135.226,48.574,0.729
74.524444,135.789,48.646,0.737
74.536054,135.804,48.648,0.740
74.547664,131.964,48.152,0.743
74.559274,128.213,47.652,0.735
74.570884,116.715,46.026,0.729
74.582494,512.862,71.653,0.726
74.594104,513.148,71.662,0.731
74.605714,512.821,71.651,0.728
74.617324,100.301,43.402,0.720
74.628934,167.203,52.249,0.750
74.640544,155.844,51.031,0.756
74.652154,160.058,51.493,0.763
74.663764,139.255,49.083,0.779
74.675374,137.530,48.867,0.794
74.686984,136.760,48.770,0.809
74.698594,135.041,48.551,0.820
74.710204,134.485,48.479,0.818
74.721814,134.723,48.510,0.797
74.733424,134.456,48.476,0.793
74.745034,133.931,48.408,0.791
74.756644,133.409,48.340,0.778
74.768254,133.568,48.361,0.762
74.779864,133.997,48.416,0.736
74.791474,134.446,48.474,0.714
74.803084,134.476,48.478,0.721
74.814694,134.063,48.425,0.773
74.826304,134.934,48.537,0.802
74.837914,133.825,48.394,0.807
74.849524,133.582,48.363,0.802
74.861134,133.358,48.334,0.793
74.872744,133.245,48.319,0.789
74.884354,133.174,48.310,0.782
74.895964,133.414,48.341,0.779
74.907574,133.281,48.324,0.753
74.919184,823.081,79.842,0.742
74.930794,318.486,63.405,0.777
74.942404,318.984,63.432,0.790
74.954014,108.674,44.790,0.793
74.965624,108.676,44.790,0.790
74.977234,108.674,44.790,0.789
74.988844,108.690,44.793,0.783
75.000454,108.604,44.779,0.758
75.012063,108.506,44.763,0.727
75.023673,267.557,60.388,0.673
75.035283,271.024,60.611,0.675
75.046893,272.628,60.713,0.724
75.058503,273.572,60.773,0.753
75.070113,273.390,60.762,0.759
75.081723,273.426,60.764,0.763
75.093333,273.391,60.762,0.768
75.104943,137.689,48.887,0.762
75.116553,138.249,48.957,0.747
75.128163,137.885,48.912,0.745
75.139773,135.797,48.647,0.719
75.151383,134.662,48.502,0.705
75.162993,134.399,48.468,0.709
75.174603,134.359,48.463,0.711
75.186213,134.246,48.448,0.705
75.197823,134.194,48.442,0.698
75.209433,134.164,48.438,0.683
75.221043,132.038,48.161,0.650
75.232653,131.831,48.134,0.642
75.244263,117.835,46.191,0.644
75.255873,102.929,43.850,0.649
75.267483,168.102,52.342,0.677
75.279093,140.504,49.237,0.695
75.290703,140.396,49.224,0.723
75.302313,140.322,49.215,0.742
75.313923,138.138,48.943,0.749
75.325533,138.050,48.932,0.757
75.337143,137.929,48.917,0.753
75.348753,136.381,48.722,0.759
75.360363,136.007,48.674,0.754
75.371973,135.532,48.614,0.752
75.383583,135.258,48.579,0.732
75.395193,134.971,48.542,0.715
75.406803,134.160,48.437,0.700
75.418413,133.193,48.312,0.671
75.430023,132.842,48.267,0.644
75.441633,130.885,48.010,0.601
75.453243,272.691,60.717,0.634
75.464853,136.429,48.728,0.705
75.476463,135.444,48.602,0.722
75.488073,135.217,48.573,0.731
75.499683,135.773,48.644,0.740
75.511293,135.283,48.582,0.747
75.522902,135.398,48.596,0.754
75.534512,135.162,48.566,0.762
75.546122,134.934,48.537,0.752
75.557732,135.070,48.554,0.712
75.569342,162.793,51.786,0.714
75.580952,150.720,50.452,0.729
75.592562,150.658,50.445,0.728
75.604172,145.663,49.862,0.736
75.615782,145.665,49.862,0.742
75.627392,145.598,49.854,0.748
75.639002,140.543,49.242,0.744
75.650612,141.191,49.322,0.750
75.662222,137.594,48.875,0.784
75.673832,135.931,48.664,0.791
75.685442,134.211,48.444,0.814
75.697052,133.219,48.316,0.828
75.708662,132.361,48.204,0.834
75.720272,132.355,48.203,0.834
75.731882,132.264,48.191,0.830
75.743492,131.975,48.153,0.824
75.755102,131.226,48.055,0.818
75.766712,130.756,47.992,0.824
75.778322,598.908,74.338,0.810
75.789932,87.735,41.085,0.800
75.801542,131.074,48.034,0.801
75.813152,131.066,48.034,0.806
75.824762,130.393,47.944,0.832
75.836372,129.995,47.891,0.850
75.847982,129.488,47.824,0.850
75.859592,846.109,80.320,0.846
75.871202,847.667,80.352,0.852
75.882812,845.611,80.310,0.851
75.894422,841.350,80.222,0.851
75.906032,843.923,80.275,0.843
75.917642,842.078,80.237,0.818
75.929252,853.666,80.474,0.788
75.940862,823.905,79.860,0.764
75.952472,170.847,52.622,0.764
75.964082,171.841,52.723,0.758
75.975692,598.050,74.313,0.749
75.987302,279.803,61.163,0.732
75.998912,139.451,49.107,0.738
76.010522,139.416,49.103,0.748
76.022132,135.060,48.553,0.761
76.033741,134.835,48.524,0.761
76.045351,131.892,48.142,0.744
76.056961,134.331,48.459,0.727
76.068571,133.202,48.313,0.732
76.080181,135.513,48.611,0.748
76.091791,135.334,48.588,0.763
76.103401,129.905,47.879,0.778
76.115011,129.266,47.794,0.786
76.126621,128.796,47.731,0.805
76.138231,140.054,49.182,0.810
76.149841,756.425,78.380,0.820
76.161451,759.582,78.452,0.826
76.173061,764.552,78.565,0.826
76.184671,765.366,78.584,0.821
76.196281,762.634,78.522,0.818
76.207891,761.457,78.495,0.814
76.219501,763.266,78.536,0.805
76.231111,767.989,78.643,0.800
76.242721,768.140,78.646,0.786
76.254331,763.974,78.552,0.764
76.265941,761.906,78.505,0.742
76.277551,767.363,78.629,0.723
76.289161,773.723,78.772,0.738
76.300771,385.683,66.719,0.742
76.312381,385.977,66.732,0.759
76.323991,154.645,50.898,0.762
76.335601,154.345,50.864,0.771
76.347211,154.119,50.839,0.783
76.358821,153.868,50.810,0.801
76.370431,145.834,49.882,0.815
76.382041,146.342,49.942,0.813
76.393651,144.682,49.745,0.819
76.405261,140.689,49.260,0.805
76.416871,139.716,49.140,0.806
76.428481,139.200,49.076,0.801
76.440091,138.915,49.040,0.799
76.451701,138.767,49.022,0.791
76.463311,138.194,48.950,0.785
76.474921,138.220,48.954,0.772
76.486531,137.717,48.890,0.754
76.498141,138.558,48.996,0.765
76.509751,141.934,49.413,0.791
76.521361,142.533,49.486,0.806
76.532971,142.809,49.519,0.828
76.544580,142.085,49.431,0.844
76.556190,141.310,49.336,0.848
76.567800,140.451,49.231,0.854
76.579410,139.652,49.132,0.863
76.591020,137.905,48.914,0.868
76.602630,136.916,48.789,0.861
76.614240,136.009,48.674,0.859
76.625850,135.363,48.592,0.846
76.637460,134.901,48.533,0.828
76.649070,134.700,48.507,0.819
76.660680,134.487,48.480,0.809
76.672290,134.417,48.471,0.797
76.683900,134.440,48.474,0.773
76.695510,134.456,48.476,0.748
76.707120,134.253,48.449,0.736
76.718730,134.735,48.511,0.747
76.730340,134.897,48.532,0.760
76.741950,134.401,48.468,0.785
76.753560,134.273,48.452,0.804
76.765170,133.905,48.404,0.824
76.776780,133.721,48.381,0.838
76.788390,133.259,48.321,0.853
76.800000,132.815,48.263,0.856
76.811610,132.109,48.171,0.857
76.823220,131.746,48.123,0.862
76.834830,131.255,48.058,0.858
76.846440,130.924,48.015,0.860
76.858050,130.652,47.979,0.859
76.869660,130.430,47.949,0.849
76.881270,130.420,47.948,0.831
76.892880,130.427,47.949,0.826
76.904490,129.990,47.891,0.809
76.916100,129.358,47.806,0.793
76.927710,128.155,47.645,0.775
76.939320,129.631,47.843,0.747
76.950930,135.906,48.661,0.708
76.962540,136.299,48.711,0.716
76.974150,135.885,48.659,0.736
76.985760,135.090,48.557,0.738
76.997370,134.724,48.510,0.740
77.008980,134.608,48.495,0.743
77.020590,201.379,55.469,0.758
77.032200,200.151,55.363,0.759
77.043810,123.994,47.073,0.760
77.055420,124.487,47.142,0.749
77.067029,124.451,47.137,0.739
77.078639,124.375,47.126,0.732
77.090249,124.702,47.172,0.735
77.101859,122.887,46.918,0.735
77.113469,124.967,47.209,0.718
77.125079,124.878,47.196,0.719
77.136689,125.014,47.215,0.715
77.148299,113.702,45.573,0.710
77.159909,161.031,51.598,0.740
77.171519,160.876,51.581,0.746
77.183129,155.231,50.963,0.751
77.194739,143.841,49.644,0.771
77.206349,141.725,49.387,0.795
77.217959,141.322,49.338,0.812
77.229569,140.730,49.265,0.833
77.241179,140.502,49.237,0.845
77.252789,140.155,49.194,0.843
77.264399,139.756,49.145,0.848
77.276009,139.329,49.092,0.845
77.287619,138.726,49.017,0.831
77.299229,138.221,48.954,0.811
77.310839,137.532,48.867,0.783
77.322449,136.361,48.719,0.739
77.334059,135.587,48.621,0.701
77.345669,136.217,48.701,0.678
77.357279,683.519,76.626,0.722
77.368889,452.128,69.471,0.734
77.380499,451.674,69.453,0.737
77.392109,451.788,69.458,0.735
77.403719,451.826,69.459,0.735
77.415329,451.873,69.461,0.736
77.426939,451.904,69.462,0.736
77.438549,155.358,50.977,0.731
77.450159,150.866,50.469,0.653
77.461769,129.019,47.761,0.616
77.473379,162.511,51.756,0.639
77.484989,145.989,49.900,0.677
77.496599,145.985,49.900,0.696
77.508209,146.007,49.902,0.709
77.519819,146.084,49.912,0.722
77.531429,146.165,49.921,0.715
77.543039,146.333,49.941,0.717
77.554649,146.343,49.942,0.724
77.566259,136.228,48.702,0.720
77.577868,136.208,48.700,0.707
77.589478,136.171,48.695,0.706
77.601088,187.015,54.188,0.718
77.612698,148.952,50.248,0.733
77.624308,148.893,50.241,0.744
77.635918,144.705,49.747,0.749
77.647528,144.159,49.682,0.749
77.659138,143.803,49.639,0.746
77.670748,142.126,49.436,0.748
77.682358,140.631,49.253,0.745
77.693968,139.935,49.167,0.735
77.705578,139.042,49.056,0.708
77.717188,133.167,48.309,0.681
77.728798,132.860,48.269,0.662
77.740408,132.565,48.230,0.632
77.752018,131.770,48.126,0.623
77.763628,121.146,46.671,0.637
77.775238,168.211,52.353,0.685
77.786848,174.007,52.940,0.711
77.798458,502.867,71.312,0.730
77.810068,174.127,52.952,0.736
77.821678,174.082,52.947,0.749
77.833288,151.431,50.534,0.758
77.844898,151.257,50.514,0.773
77.856508,141.537,49.364,0.773
77.868118,141.535,49.364,0.761
77.879728,141.439,49.352,0.754
77.891338,141.412,49.349,0.746
77.902948,141.005,49.299,0.745
77.914558,140.480,49.234,0.731
77.926168,140.147,49.193,0.716
77.937778,136.100,48.686,0.682
77.949388,134.485,48.479,0.645
77.960998,132.506,48.223,0.599
77.972608,121.536,46.727,0.573
77.984218,168.175,52.349,0.657
77.995828,167.792,52.310,0.715
78.007438,535.241,72.392,0.756
78.019048,535.810,72.411,0.775
78.030658,537.174,72.455,0.779
78.042268,539.316,72.524,0.784
78.053878,541.203,72.584,0.790
78.065488,135.841,48.653,0.788
78.077098,136.231,48.703,0.782
78.088707,139.003,49.051,0.779
78.100317,139.458,49.108,0.780
78.111927,139.224,49.079,0.788
78.123537,138.676,49.011,0.798
78.135147,138.724,49.017,0.794
78.146757,138.772,49.023,0.792
78.158367,138.838,49.031,0.786
78.169977,137.911,48.915,0.764
78.181587,137.016,48.802,0.728
78.193197,135.693,48.634,0.688
78.204807,125.797,47.323,0.702
78.216417,147.215,50.045,0.736
78.228027,146.667,49.980,0.766
78.239637,624.626,75.066,0.785
78.251247,118.356,46.268,0.816
78.262857,139.501,49.113,0.841
78.274467,138.237,48.956,0.874
78.286077,137.659,48.883,0.886
78.297687,137.103,48.813,0.883
78.309297,136.626,48.753,0.872
78.320907,136.515,48.739,0.863
78.332517,136.324,48.714,0.852
78.344127,135.660,48.630,0.828
78.355737,135.184,48.569,0.799
78.367347,134.530,48.485,0.728
78.378957,133.944,48.409,0.663
78.390567,133.422,48.342,0.608
78.402177,173.114,52.851,0.603
78.413787,152.916,50.703,0.626
78.425397,152.959,50.708,0.658
78.437007,144.394,49.710,0.669
78.448617,144.355,49.705,0.688
78.460227,144.383,49.709,0.705
78.471837,144.369,49.707,0.725
78.483447,143.543,49.608,0.741
78.495057,143.480,49.600,0.743
78.506667,143.431,49.594,0.741
78.518277,143.257,49.573,0.741
78.529887,143.896,49.650,0.744
78.541497,143.413,49.592,0.739
78.553107,141.610,49.373,0.741
78.564717,141.452,49.354,0.723
78.576327,136.895,48.787,0.687
78.587937,129.741,47.858,0.660
78.599546,119.351,46.412,0.624
78.611156,119.478,46.431,0.576
78.622766,119.296,46.405,0.533
78.634376,89.581,41.445,0.490
78.645986,90.823,41.683,0.324
78.657596,154.541,50.886,0.642
78.669206,178.326,53.364,0.727
78.680816,177.873,53.320,0.777
78.692426,179.374,53.466,0.808
78.704036,681.953,76.586,0.825
78.715646,715.168,77.409,0.851
78.727256,739.166,77.981,0.875
78.738866,745.140,78.120,0.885
78.750476,756.850,78.390,0.881
78.762086,767.554,78.633,0.876
78.773696,782.952,78.977,0.878
78.785306,789.833,79.129,0.883
78.796916,791.434,79.164,0.885
78.808526,789.306,79.117,0.872
78.820136,794.173,79.223,0.872
78.831746,795.774,79.258,0.876
78.843356,793.736,79.214,0.876
78.854966,792.167,79.180,0.872
78.866576,783.219,78.983,0.861
78.878186,780.308,78.918,0.846
78.889796,777.624,78.859,0.837
78.901406,773.576,78.768,0.831
78.913016,761.704,78.501,0.802
78.924626,755.941,78.369,0.772
78.936236,752.124,78.282,0.739
78.947846,745.979,78.140,0.703
78.959456,760.786,78.480,0.654
78.971066,112.784,45.433,0.590
78.982676,781.639,78.948,0.524
78.994286,785.318,79.029,0.469
79.005896,787.234,79.071,0.377
79.017506,794.780,79.237,0.299
79.029116,786.747,79.061,0.692
79.040726,785.326,79.029,0.722
79.052336,785.411,79.031,0.747
79.063946,154.401,50.870,0.768
79.075556,153.919,50.816,0.787
79.087166,142.378,49.467,0.802
79.098776,142.161,49.440,0.813
79.110385,142.126,49.436,0.815
79.121995,144.349,49.705,0.772
79.133605,145.084,49.793,0.778
79.145215,143.800,49.639,0.777
79.156825,142.896,49.530,0.767
79.168435,141.701,49.384,0.753
79.180045,147.649,50.096,0.740
79.191655,148.429,50.187,0.733
79.203265,148.368,50.180,0.743
79.214875,146.826,49.999,0.732
79.226485,143.674,49.624,0.696
79.238095,143.382,49.588,0.662
79.249705,141.498,49.359,0.688
79.261315,141.686,49.382,0.719
79.272925,161.809,51.682,0.742
79.284535,171.992,52.738,0.757
79.296145,172.243,52.763,0.770
79.307755,172.821,52.821,0.780
79.319365,173.457,52.885,0.807
79.330975,173.451,52.884,0.831
79.342585,170.862,52.624,0.835
79.354195,801.498,79.382,0.850
79.365805,806.345,79.487,0.852
79.377415,809.090,79.546,0.849
79.389025,813.031,79.630,0.838
79.400635,810.543,79.577,0.830
79.412245,808.015,79.523,0.807
79.423855,811.552,79.598,0.775
79.435465,812.891,79.627,0.746
79.447075,812.531,79.619,0.670
79.458685,155.585,51.002,0.610
79.470295,171.010,52.639,0.615
79.481905,158.706,51.346,0.682
79.493515,153.419,50.760,0.706
79.505125,502.615,71.303,0.739
79.516735,137.313,48.840,0.769
79.528345,135.845,48.654,0.798
79.539955,134.808,48.521,0.812
79.551565,132.741,48.253,0.826
79.563175,131.400,48.078,0.833
79.574785,130.767,47.994,0.831
79.586395,130.561,47.967,0.831
79.598005,130.008,47.893,0.826
79.609615,129.714,47.854,0.813
79.621224,129.251,47.792,0.793
79.632834,129.502,47.826,0.781
79.644444,129.635,47.843,0.763
79.656054,129.378,47.809,0.745
79.667664,129.541,47.831,0.748
79.679274,135.457,48.604,0.759
79.690884,137.461,48.858,0.777
79.702494,137.856,48.908,0.793
79.714104,137.691,48.887,0.796
79.725714,137.735,48.893,0.795
79.737324,137.805,48.901,0.793
79.748934,137.864,48.909,0.791
79.760544,137.944,48.919,0.774
79.772154,137.837,48.906,0.763
79.783764,138.383,48.974,0.770
79.795374,141.123,49.313,0.773
79.806984,141.043,49.304,0.788
79.818594,141.048,49.304,0.798
79.830204,140.986,49.297,0.797
79.841814,141.029,49.302,0.799
79.853424,141.113,49.312,0.802
79.865034,141.133,49.315,0.802
79.876644,140.746,49.267,0.785
79.888254,141.012,49.300,0.781
79.899864,141.280,49.333,0.772
79.911474,144.888,49.769,0.766
79.923084,144.813,49.760,0.769
79.934694,144.910,49.772,0.767
79.946304,145.002,49.783,0.769
79.957914,145.111,49.796,0.771
79.969524,145.189,49.805,0.776
79.981134,144.514,49.725,0.773
79.992744,145.135,49.799,0.779
80.004354,145.236,49.811,0.777
80.015964,145.344,49.824,0.776
80.027574,145.283,49.816,0.770
80.039184,145.179,49.804,0.758
80.050794,145.103,49.795,0.744
80.062404,144.827,49.762,0.715
80.074014,145.201,49.807,0.679
80.085624,142.888,49.529,0.657
80.097234,127.357,47.536,0.703
80.108844,515.688,71.748,0.757
80.120454,586.677,73.981,0.786
80.132063,626.771,75.125,0.821
80.143673,635.012,75.351,0.835
80.155283,126.747,47.453,0.855
80.166893,710.130,77.287,0.869
80.178503,778.683,78.882,0.891
80.190113,808.429,79.531,0.897
80.201723,825.451,79.892,0.890
80.213333,833.473,80.060,0.889
80.224943,834.850,80.088,0.883
80.236553,829.944,79.986,0.878
80.248163,828.006,79.946,0.862
80.259773,138.939,49.043,0.848
80.271383,138.633,49.005,0.807
80.282993,137.638,48.881,0.761
80.294603,136.707,48.763,0.728
80.306213,136.229,48.702,0.701
80.317823,135.454,48.604,0.665
80.329433,134.791,48.519,0.668
80.341043,135.310,48.585,0.693
80.352653,134.079,48.427,0.723
80.364263,787.142,79.069,0.763
80.375873,776.415,78.832,0.788
80.387483,766.007,78.598,0.802
80.399093,763.973,78.552,0.811
80.410703,770.934,78.709,0.810
80.422313,771.108,78.713,0.802
80.433923,771.387,78.719,0.792
80.445533,765.463,78.586,0.775
80.457143,123.433,46.995,0.737
80.468753,123.767,47.042,0.698
80.480363,123.830,47.050,0.676
80.491973,120.889,46.634,0.702
80.503583,264.841,60.211,0.734
80.515193,264.213,60.170,0.761
80.526803,264.781,60.208,0.790
80.538413,264.341,60.179,0.806
80.550023,264.299,60.176,0.814
80.561633,151.438,50.535,0.823
80.573243,151.360,50.526,0.828
80.584853,151.502,50.542,0.821
80.596463,708.260,77.241,0.821
80.608073,699.107,77.016,0.833
80.619683,680.115,76.539,0.828
80.631293,670.199,76.285,0.826
80.642902,664.492,76.137,0.823
80.654512,663.608,76.114,0.813
80.666122,666.522,76.190,0.801
80.677732,138.681,49.011,0.778
80.689342,138.315,48.965,0.741
80.700952,137.175,48.822,0.666
80.712562,684.108,76.641,0.668
80.724172,689.197,76.769,0.649
80.735782,697.970,76.988,0.650
80.747392,700.270,77.045,0.663
80.759002,134.833,48.524,0.689
80.770612,135.528,48.613,0.714
80.782222,146.265,49.933,0.741
80.793832,144.554,49.729,0.758
80.805442,143.137,49.559,0.750
80.817052,142.575,49.491,0.761
80.828662,141.203,49.323,0.780
80.840272,140.388,49.223,0.790
80.851882,139.569,49.122,0.793
80.863492,139.208,49.077,0.789
80.875102,138.144,48.944,0.774
80.886712,137.407,48.851,0.757
80.898322,136.072,48.682,0.734
80.909932,134.605,48.495,0.704
80.921542,131.664,48.112,0.651
80.933152,129.545,47.831,0.617
80.944762,135.826,48.651,0.638
80.956372,118.698,46.318,0.662
80.967982,118.695,46.317,0.675
80.979592,176.508,53.187,0.709
80.991202,148.348,50.178,0.733
81.002812,148.316,50.174,0.752
81.014422,148.325,50.175,0.772
81.026032,148.353,50.178,0.769
81.037642,150.085,50.379,0.757
81.049252,147.777,50.111,0.761
81.060862,142.696,49.505,0.770
81.072472,141.357,49.342,0.773
81.084082,140.890,49.285,0.760
81.095692,140.580,49.247,0.750
81.107302,140.649,49.255,0.735
81.118912,140.656,49.256,0.740
81.130522,140.722,49.264,0.738
81.142132,139.121,49.066,0.718
81.153741,138.567,48.997,0.710
81.165351,143.096,49.554,0.723
81.176961,143.475,49.600,0.741
81.188571,143.322,49.581,0.750
81.200181,142.843,49.523,0.756
81.211791,142.975,49.539,0.750
81.223401,142.978,49.540,0.741
81.235011,142.919,49.532,0.737
81.246621,144.943,49.776,0.760
81.258231,143.359,49.586,0.753
81.269841,145.662,49.861,0.756
81.281451,145.577,49.851,0.762
81.293061,144.840,49.763,0.766
81.304671,144.795,49.758,0.768
81.316281,144.806,49.759,0.773
81.327891,145.213,49.808,0.776
81.339501,144.085,49.673,0.753
81.351111,143.633,49.619,0.741
81.362721,143.494,49.602,0.751
81.374331,143.074,49.551,0.750
81.385941,140.860,49.281,0.759
81.397551,141.912,49.410,0.772
81.409161,141.959,49.416,0.775
81.420771,141.858,49.403,0.771
81.432381,141.802,49.397,0.768
81.443991,140.392,49.224,0.769
81.455601,141.836,49.401,0.771
81.467211,143.916,49.653,0.771
81.478821,145.478,49.840,0.760
81.490431,145.942,49.895,0.758
81.502041,146.214,49.927,0.754
81.513651,145.922,49.892,0.759
81.525261,146.349,49.943,0.759
81.536871,144.701,49.747,0.750
81.548481,141.489,49.358,0.719
81.560091,139.372,49.097,0.700
81.571701,138.796,49.026,0.694
81.583311,139.535,49.118,0.686
81.594921,140.639,49.254,0.686
81.606531,140.958,49.293,0.687
81.618141,140.742,49.267,0.694
81.629751,141.111,49.312,0.699
81.641361,141.409,49.348,0.714
81.652971,141.844,49.402,0.723
81.664580,141.724,49.387,0.727
81.676190,141.700,49.384,0.721
81.687800,141.669,49.380,0.716
81.699410,141.870,49.405,0.703
81.711020,142.496,49.481,0.693
81.722630,142.920,49.532,0.683
81.734240,139.588,49.124,0.660
81.745850,135.367,48.592,0.643
81.757460,127.952,47.617,0.624
81.769070,127.803,47.597,0.625
81.780680,162.137,51.717,0.639
81.792290,401.908,67.432,0.654
81.803900,174.997,53.038,0.666
81.815510,161.806,51.681,0.700
81.827120,154.464,50.877,0.721
81.838730,154.444,50.875,0.728
81.850340,148.709,50.220,0.735
81.861950,148.352,50.178,0.744
81.873560,148.192,50.160,0.751
81.885170,147.453,50.073,0.755
81.896780,146.791,49.995,0.764
81.908390,145.160,49.802,0.754
81.920000,144.388,49.709,0.745
81.931610,143.119,49.556,0.738
81.943220,142.293,49.456,0.728
81.954830,141.283,49.333,0.711
81.966440,139.780,49.148,0.696
81.978050,138.430,48.980,0.680
81.989660,134.747,48.513,0.662
82.001270,133.922,48.407,0.674
82.012880,143.606,49.615,0.677
82.024490,145.956,49.896,0.689
82.036100,146.089,49.912,0.704
82.047710,145.148,49.800,0.719
82.059320,145.216,49.808,0.727
82.070930,145.227,49.810,0.726
82.082540,145.153,49.801,0.725
82.094150,144.943,49.776,0.722
82.105760,143.585,49.613,0.717
82.117370,142.124,49.436,0.726
82.128980,139.098,49.063,0.735
82.140590,138.655,49.008,0.734
82.152200,138.706,49.014,0.727
82.163810,138.586,48.999,0.727
82.175420,138.810,49.027,0.718
82.187029,138.984,49.049,0.694
82.198639,139.265,49.084,0.698
82.210249,139.801,49.151,0.712
82.221859,139.352,49.095,0.710
82.233469,138.905,49.039,0.716
82.245079,138.219,48.953,0.726
82.256689,138.207,48.952,0.726
82.268299,138.269,48.960,0.723
82.279909,138.102,48.939,0.720
82.291519,137.901,48.914,0.702
82.303129,624.068,75.050,0.770
82.314739,618.020,74.882,0.780
82.326349,619.627,74.927,0.776
82.337959,622.209,74.999,0.782
82.349569,622.393,75.004,0.792
82.361179,146.501,49.961,0.798
82.372789,146.498,49.961,0.807
82.384399,146.407,49.950,0.815
82.396009,150.768,50.458,0.756
82.407619,145.890,49.889,0.735
82.419229,150.556,50.434,0.780
82.430839,141.678,49.381,0.800
82.442449,139.940,49.168,0.826
82.454059,140.054,49.182,0.837
82.465669,140.001,49.175,0.835
82.477279,139.907,49.164,0.830
82.488889,139.855,49.157,0.825
82.500499,139.847,49.156,0.819
82.512109,139.412,49.102,0.777
82.523719,139.990,49.174,0.794
82.535329,140.446,49.230,0.761
82.546939,140.927,49.289,0.754
82.558549,141.090,49.309,0.752
82.570159,141.065,49.306,0.752
82.581769,141.072,49.307,0.752
82.593379,141.043,49.304,0.753
82.604989,141.143,49.316,0.753
82.616599,141.560,49.367,0.662
82.628209,146.182,49.923,0.676
82.639819,150.509,50.428,0.683
82.651429,150.243,50.398,0.715
82.663039,149.891,50.357,0.725
82.674649,150.003,50.370,0.728
82.686259,149.741,50.340,0.734
82.697868,149.787,50.345,0.735
82.709478,149.302,50.289,0.737
82.721088,144.552,49.729,0.734
82.732698,144.745,49.752,0.737
82.744308,148.216,50.162,0.740
82.755918,147.399,50.067,0.751
82.767528,142.268,49.453,0.776
82.779138,142.303,49.458,0.773
82.790748,142.403,49.470,0.772
82.802358,141.924,49.411,0.770
82.813968,485.185,70.692,0.749
82.825578,515.701,71.748,0.714
82.837188,551.873,72.922,0.662
82.848798,540.071,72.548,0.650
82.860408,153.016,50.714,0.652
82.872018,140.393,49.224,0.665
82.883628,139.874,49.160,0.683
82.895238,138.340,48.969,0.718
82.906848,131.973,48.153,0.739
82.918458,131.922,48.146,0.752
82.930068,131.792,48.129,0.781
82.941678,131.278,48.061,0.792
82.953288,130.656,47.979,0.796
82.964898,130.294,47.931,0.802
82.976508,129.768,47.861,0.803
82.988118,129.486,47.824,0.790
82.999728,129.304,47.799,0.784
83.011338,129.555,47.833,0.780
83.022948,129.298,47.798,0.761
83.034558,129.177,47.782,0.739
83.046168,129.817,47.868,0.705
83.057778,138.170,48.947,0.729
83.069388,141.813,49.398,0.785
83.080998,141.686,49.382,0.820
83.092608,141.115,49.312,0.839
83.104218,140.698,49.261,0.852
83.115828,140.206,49.201,0.859
83.127438,139.609,49.127,0.869
83.139048,139.066,49.059,0.876
83.150658,138.292,48.963,0.867
83.162268,136.617,48.752,0.838
83.173878,135.199,48.571,0.808
83.185488,134.078,48.427,0.779
83.197098,133.352,48.333,0.757
83.208707,132.941,48.279,0.745
83.220317,133.328,48.330,0.732
83.231927,126.084,47.363,0.739
83.243537,121.171,46.675,0.749
83.255147,117.325,46.116,0.754
83.266757,282.864,61.351,0.758
83.278367,851.987,80.440,0.764
83.289977,855.753,80.516,0.765
83.301587,862.449,80.651,0.761
83.313197,81.688,39.848,0.750
83.324807,870.192,80.806,0.721
83.336417,874.112,80.884,0.701
83.348027,873.870,80.879,0.695
83.359637,874.912,80.900,0.691
83.371247,876.081,80.923,0.682
83.382857,878.755,80.975,0.674
83.394467,82.599,40.040,0.670
83.406077,286.157,61.552,0.689
83.417687,286.260,61.558,0.715
83.429297,286.099,61.548,0.713
83.440907,285.782,61.529,0.717
83.452517,285.095,61.487,0.723
83.464127,137.404,48.851,0.737
83.475737,138.420,48.979,0.762
83.487347,141.083,49.308,0.799
83.498957,144.942,49.776,0.822
83.510567,144.539,49.728,0.825
83.522177,144.678,49.744,0.836
83.533787,144.682,49.745,0.845
83.545397,144.553,49.729,0.852
83.557007,145.146,49.800,0.849
83.568617,145.573,49.851,0.835
83.580227,144.813,49.760,0.805
83.591837,142.793,49.517,0.763
83.603447,122.479,46.860,0.741
83.615057,120.526,46.582,0.718
83.626667,119.809,46.479,0.689
83.638277,302.594,62.519,0.649
83.649887,239.696,58.484,0.647
83.661497,183.779,53.886,0.660
83.673107,110.810,45.127,0.670
83.684717,111.884,45.294,0.671
83.696327,109.118,44.861,0.660
83.707937,218.238,56.861,0.660
83.719546,150.834,50.465,0.687
83.731156,150.575,50.436,0.710
83.742766,148.268,50.168,0.721
83.754376,148.363,50.180,0.739
83.765986,146.138,49.918,0.756
83.777596,147.972,50.134,0.779
83.789206,148.229,50.164,0.800
83.800816,146.978,50.017,0.811
83.812426,706.393,77.196,0.809
83.824036,708.120,77.238,0.806
83.835646,714.839,77.401,0.805
83.847256,123.240,46.968,0.790
83.858866,123.127,46.952,0.773
83.870476,121.826,46.768,0.770
83.882086,121.789,46.763,0.763
83.893696,121.199,46.679,0.763
83.905306,282.003,61.298,0.769
83.916916,282.421,61.324,0.786
83.928526,329.782,64.008,0.800
83.940136,331.046,64.074,0.821
83.951746,330.260,64.033,0.842
83.963356,327.466,63.886,0.848
83.974966,326.773,63.849,0.854
83.986576,328.889,63.961,0.859
83.998186,331.676,64.107,0.865
84.009796,335.207,64.291,0.865
84.021406,338.514,64.461,0.864
84.033016,343.837,64.731,0.859
84.044626,349.969,65.037,0.841
84.056236,354.699,65.269,0.820
84.067846,359.939,65.523,0.798
84.079456,365.850,65.805,0.778
84.091066,368.909,65.949,0.759
84.102676,368.020,65.907,0.740
84.114286,362.606,65.651,0.720
84.125896,460.511,69.789,0.708
84.137506,361.616,65.603,0.719
84.149116,361.482,65.597,0.739
84.160726,337.044,64.385,0.762
84.172336,335.366,64.299,0.773
84.183946,334.359,64.247,0.777
84.195556,332.665,64.159,0.777
84.207166,330.821,64.063,0.780
84.218776,329.547,63.996,0.785
84.230385,328.462,63.939,0.795
84.241995,328.926,63.963,0.799
84.253605,329.258,63.981,0.798
84.265215,329.392,63.988,0.798
84.276825,329.956,64.017,0.794
84.288435,330.804,64.062,0.779
84.300045,331.973,64.123,0.761
84.311655,333.174,64.185,0.751
84.323265,334.463,64.252,0.733
84.334875,334.114,64.234,0.729
84.346485,334.916,64.276,0.738
84.358095,295.339,62.098,0.750
84.369705,294.741,62.063,0.772
84.381315,294.705,62.061,0.786
84.392925,294.599,62.055,0.791
84.404535,294.559,62.053,0.792
84.416145,294.758,62.064,0.794
84.427755,294.859,62.070,0.788
84.439365,294.573,62.053,0.774
84.450975,293.712,62.003,0.754
84.462585,293.660,62.000,0.733
84.474195,293.689,62.001,0.732
84.485805,294.014,62.021,0.746
84.497415,293.956,62.017,0.755
84.509025,293.624,61.998,0.769
84.520635,292.780,61.948,0.780
84.532245,293.684,62.001,0.794
84.543855,295.230,62.092,0.808
84.555465,295.785,62.125,0.816
84.567075,295.969,62.135,0.826
84.578685,295.663,62.117,0.833
84.590295,295.118,62.085,0.839
84.601905,294.054,62.023,0.847
84.613515,293.225,61.974,0.849
84.625125,291.813,61.891,0.850
84.636735,290.531,61.814,0.853
84.648345,290.164,61.792,0.854
84.659955,290.120,61.790,0.853
84.671565,290.656,61.822,0.853
84.683175,291.572,61.876,0.852
84.694785,292.297,61.919,0.847
84.706395,292.558,61.935,0.842
84.718005,292.991,61.960,0.832
84.729615,293.633,61.998,0.810
84.741224,293.100,61.967,0.803
84.752834,289.305,61.741,0.796
84.764444,274.397,60.825,0.786
84.776054,253.325,59.442,0.777
84.787664,250.974,59.280,0.765
84.799274,249.537,59.181,0.756
84.810884,249.004,59.144,0.751
84.822494,249.098,59.150,0.759
84.834104,248.626,59.118,0.744
84.845714,249.165,59.155,0.730
84.857324,248.785,59.129,0.722
84.868934,248.563,59.113,0.716
84.880544,249.265,59.162,0.713
84.892154,115.361,45.824,0.711
84.903764,413.877,67.940,0.720
84.915374,99.283,43.225,0.723
84.926984,118.056,46.224,0.731
84.938594,99.231,43.216,0.731
84.950204,99.349,43.237,0.727
84.961814,80.844,39.668,0.723
84.973424,269.108,60.488,0.727
84.985034,269.105,60.488,0.733
84.996644,252.304,59.372,0.735
85.008254,252.494,59.385,0.739
85.019864,251.574,59.322,0.742
85.031474,250.242,59.230,0.750
85.043084,249.159,59.155,0.757
85.054694,247.371,59.030,0.763
85.066304,243.065,58.726,0.762
85.077914,242.758,58.704,0.761
85.089524,242.918,58.716,0.760
85.101134,243.282,58.742,0.758
85.112744,243.128,58.731,0.755
85.124354,244.038,58.795,0.749
85.135964,247.749,59.056,0.742
85.147574,248.611,59.117,0.739
85.159184,249.177,59.156,0.739
85.170794,249.409,59.172,0.744
85.182404,249.406,59.172,0.745
85.194014,248.674,59.121,0.744
85.205624,247.999,59.074,0.741
85.217234,247.773,59.058,0.738
85.228844,247.667,59.051,0.735
85.240454,247.852,59.064,0.725
85.252063,247.980,59.073,0.712
85.263673,248.507,59.109,0.693
85.275283,250.006,59.213,0.673
85.286893,249.748,59.196,0.662
85.298503,241.668,58.626,0.651
85.310113,218.573,56.887,0.652
85.321723,191.759,54.621,0.657
85.333333,886.139,81.120,0.666
85.344943,89.262,41.383,0.673
85.356553,883.410,81.067,0.679
85.368163,91.109,41.738,0.683
85.379773,101.658,43.635,0.678
85.391383,95.489,42.551,0.676
85.402993,286.134,61.550,0.674
85.414603,301.114,62.434,0.685
85.426213,302.200,62.496,0.695
85.437823,302.079,62.489,0.708
85.449433,300.608,62.405,0.726
85.461043,298.082,62.258,0.739
85.472653,294.842,62.069,0.749
85.484263,293.701,62.002,0.759
85.495873,294.928,62.074,0.762
85.507483,295.876,62.130,0.762
85.519093,296.836,62.186,0.765
85.530703,300.113,62.376,0.767
85.542313,315.818,63.259,0.768
85.553923,324.783,63.744,0.767
85.565533,326.805,63.851,0.776
85.577143,327.711,63.899,0.781
85.588753,328.462,63.939,0.789
85.600363,329.372,63.987,0.791
85.611973,329.826,64.010,0.788
85.623583,329.875,64.013,0.781
85.635193,329.903,64.014,0.772
85.646803,329.849,64.012,0.770
85.658413,330.036,64.021,0.756
85.670023,330.117,64.026,0.741
85.681633,329.720,64.005,0.721
85.693243,329.178,63.976,0.700
85.704853,328.863,63.960,0.684
85.716463,328.251,63.928,0.674
85.728073,327.718,63.899,0.660
85.739683,338.951,64.483,0.645
85.751293,289.965,61.780,0.635
85.762902,596.931,74.281,0.632
85.774512,597.590,74.300,0.639
85.786122,158.585,51.333,0.640
85.797732,158.589,51.333,0.641
85.809342,158.628,51.338,0.643
85.820952,158.680,51.343,0.646
85.832562,301.455,62.453,0.668
85.844172,301.444,62.453,0.695
85.855782,302.397,62.507,0.730
85.867392,302.690,62.524,0.754
85.879002,301.994,62.484,0.782
85.890612,301.109,62.433,0.802
85.902222,299.296,62.329,0.819
85.913832,297.030,62.197,0.834
85.925442,294.423,62.045,0.841
85.937052,291.762,61.887,0.850
85.948662,291.286,61.859,0.854
85.960272,291.598,61.878,0.858
85.971882,292.886,61.954,0.862
85.983492,295.221,62.091,0.866
85.995102,297.806,62.242,0.870
86.006712,299.113,62.318,0.874
86.018322,299.112,62.318,0.879
86.029932,299.099,62.317,0.878
86.041542,298.200,62.265,0.880
86.053152,296.317,62.156,0.881
86.064762,293.883,62.013,0.879
86.076372,292.353,61.923,0.880
86.087982,291.830,61.891,0.879
86.099592,291.990,61.901,0.880
86.111202,292.674,61.942,0.879
86.122812,293.130,61.968,0.879
86.134422,293.271,61.977,0.877
86.146032,293.261,61.976,0.875
86.157642,293.096,61.966,0.873
86.169252,292.522,61.932,0.869
86.180862,291.781,61.889,0.868
86.192472,291.828,61.891,0.864
86.204082,292.969,61.959,0.856
86.215692,294.079,62.024,0.841
86.227302,295.654,62.117,0.823
86.238912,296.309,62.155,0.814
86.250522,296.790,62.183,0.805
86.262132,295.812,62.126,0.799
86.273741,295.141,62.087,0.792
86.285351,293.288,61.978,0.789
86.296961,291.698,61.884,0.789
86.308571,291.637,61.880,0.796
86.320181,291.875,61.894,0.801
86.331791,292.267,61.917,0.802
86.343401,292.090,61.907,0.804
86.355011,291.695,61.883,0.801
86.366621,154.346,50.864,0.801
86.378231,164.896,52.009,0.793
86.389841,164.937,52.013,0.792
86.401451,164.775,51.996,0.796
86.413061,164.818,52.000,0.800
86.424671,164.932,52.012,0.798
86.436281,329.724,64.005,0.796
86.447891,329.828,64.011,0.796
86.459501,329.956,64.017,0.797
86.471111,329.839,64.011,0.801
86.482721,329.702,64.004,0.802
86.494331,329.617,63.999,0.805
86.505941,329.681,64.003,0.807
86.517551,329.732,64.006,0.803
86.529161,329.780,64.008,0.798
86.540771,329.801,64.009,0.795
86.552381,329.812,64.010,0.790
86.563991,329.889,64.014,0.785
86.575601,329.977,64.018,0.782
86.587211,329.935,64.016,0.775
86.598821,329.525,63.995,0.771
86.610431,329.456,63.991,0.778
86.622041,329.468,63.992,0.787
86.633651,329.594,63.998,0.788
86.645261,329.772,64.008,0.790
86.656871,330.572,64.050,0.800
86.668481,334.467,64.252,0.825
86.680091,334.959,64.278,0.850
86.691701,334.442,64.251,0.871
86.703311,333.654,64.210,0.885
86.714921,332.738,64.163,0.894
86.726531,331.644,64.106,0.901
86.738141,330.776,64.060,0.907
86.749751,330.224,64.031,0.910
86.761361,329.920,64.015,0.902
86.772971,330.985,64.071,0.897
86.784580,333.737,64.214,0.890
86.796190,340.922,64.583,0.889
86.807800,352.540,65.163,0.888
86.819410,359.218,65.488,0.890
86.831020,362.859,65.663,0.892
86.842630,365.222,65.775,0.895
86.854240,366.429,65.832,0.900
86.865850,367.685,65.892,0.902
86.877460,368.397,65.925,0.905
86.889070,368.685,65.939,0.904
86.900680,369.020,65.954,0.907
86.912290,369.530,65.978,0.913
86.923900,369.877,65.995,0.919
86.935510,370.585,66.028,0.918
86.947120,371.378,66.065,0.909
86.958730,371.959,66.092,0.893
86.970340,372.533,66.118,0.876
86.981950,372.780,66.130,0.859
86.993560,372.804,66.131,0.837
87.005170,372.654,66.124,0.807
87.016780,371.620,66.076,0.762
87.028390,368.162,65.914,0.706
87.040000,710.658,77.300,0.681
87.051610,711.661,77.324,0.676
87.063220,712.822,77.352,0.663
87.074830,82.837,40.090,0.632
87.086440,82.861,40.095,0.607
87.098050,726.117,77.672,0.567
87.109660,371.791,66.084,0.517
87.121270,370.371,66.018,0.520
87.132880,371.909,66.089,0.546
87.144490,373.482,66.162,0.573
87.156100,373.378,66.158,0.595
87.167710,373.783,66.176,0.612
87.179320,373.924,66.183,0.631
87.190930,373.573,66.167,0.645
87.202540,373.984,66.186,0.661
87.214150,373.374,66.157,0.671
87.225760,373.400,66.159,0.681
87.237370,373.277,66.153,0.676
87.248980,373.232,66.151,0.666
87.260590,373.137,66.146,0.654
87.272200,373.004,66.140,0.652
87.283810,371.290,66.061,0.678
87.295420,329.309,63.983,0.714
87.307029,337.771,64.422,0.749
87.318639,339.865,64.529,0.781
87.330249,338.258,64.447,0.801
87.341859,337.171,64.392,0.815
87.353469,336.053,64.334,0.826
87.365079,335.382,64.300,0.836
87.376689,336.479,64.356,0.839
87.388299,336.794,64.372,0.837
87.399909,332.140,64.131,0.832
87.411519,374.322,66.201,0.822
87.423129,371.084,66.051,0.826
87.434739,369.983,65.999,0.829
87.446349,369.241,65.965,0.819
87.457959,367.115,65.865,0.802
87.469569,368.980,65.952,0.783
87.481179,370.954,66.045,0.764
87.492789,371.995,66.093,0.770
87.504399,372.093,66.098,0.796
87.516009,371.318,66.062,0.827
87.527619,368.879,65.948,0.841
87.539229,365.884,65.807,0.856
87.550839,363.430,65.690,0.870
87.562449,362.424,65.642,0.881
87.574059,360.664,65.558,0.889
87.585669,357.565,65.408,0.886
87.597279,348.320,64.955,0.877
87.608889,335.329,64.297,0.857
87.620499,332.740,64.163,0.845
87.632109,332.163,64.133,0.846
87.643719,331.650,64.106,0.845
87.655329,332.818,64.167,0.845
87.666939,333.717,64.213,0.843
87.678549,334.616,64.260,0.839
87.690159,335.763,64.319,0.826
87.701769,335.055,64.283,0.812
87.713379,332.569,64.154,0.803
87.724989,324.179,63.711,0.796
87.736599,307.590,62.802,0.792
87.748209,295.511,62.108,0.792
87.759819,293.817,62.009,0.793
87.771429,293.280,61.977,0.797
87.783039,293.114,61.967,0.814
87.794649,293.028,61.962,0.826
87.806259,292.905,61.955,0.832
87.817868,293.044,61.963,0.832
87.829478,293.201,61.973,0.830
87.841088,293.282,61.977,0.829
87.852698,293.145,61.969,0.825
87.864308,292.832,61.951,0.818
87.875918,292.883,61.954,0.796
87.887528,292.971,61.959,0.772
87.899138,292.968,61.959,0.748
87.910748,292.374,61.924,0.734
87.922358,291.858,61.893,0.746
87.933968,293.909,62.014,0.757
87.945578,296.969,62.194,0.771
87.957188,297.589,62.230,0.793
87.968798,296.671,62.176,0.821
87.980408,294.960,62.076,0.857
87.992018,293.360,61.982,0.882
88.003628,292.768,61.947,0.896
88.015238,291.450,61.869,0.903
88.026848,290.815,61.831,0.907
88.038458,290.715,61.825,0.911
88.050068,290.835,61.832,0.913
88.061678,291.227,61.856,0.912
88.073288,292.117,61.909,0.901
88.084898,293.093,61.966,0.881
88.096508,294.199,62.031,0.861
88.108118,295.186,62.089,0.835
88.119728,295.627,62.115,0.808
88.131338,295.125,62.086,0.785
88.142948,291.568,61.876,0.763
88.154558,284.679,61.462,0.740
88.166168,249.199,59.158,0.696
88.177778,249.114,59.152,0.687
88.189388,249.128,59.153,0.688
88.200998,249.182,59.156,0.688
88.212608,124.804,47.186,0.682
88.224218,125.133,47.232,0.642
88.235828,223.270,57.255,0.573
88.247438,289.431,61.749,0.483
88.259048,288.734,61.707,0.484
88.270658,292.361,61.923,0.528
88.282268,287.517,61.634,0.580
88.293878,887.008,81.137,0.625
88.305488,109.109,44.859,0.671
88.317098,109.090,44.856,0.696
88.328707,106.687,44.471,0.708
88.340317,106.699,44.473,0.715
88.351927,106.677,44.469,0.729
88.363537,120.204,46.536,0.749
88.375147,249.125,59.152,0.761
88.386757,250.311,59.235,0.771
88.398367,249.546,59.182,0.772
88.409977,249.998,59.213,0.776
88.421587,248.854,59.134,0.784
88.433197,247.124,59.013,0.796
88.444807,245.496,58.898,0.802
88.456417,245.739,58.915,0.803
88.468027,246.186,58.947,0.804
88.479637,246.046,58.937,0.803
88.491247,246.539,58.972,0.806
88.502857,247.691,59.052,0.810
88.514467,248.207,59.088,0.811
88.526077,248.765,59.127,0.811
88.537687,249.180,59.156,0.809
88.549297,249.273,59.163,0.806
88.560907,248.152,59.085,0.803
88.572517,247.306,59.026,0.798
88.584127,246.344,58.958,0.786
88.595737,245.813,58.921,0.770
88.607347,245.801,58.920,0.757
88.618957,247.140,59.014,0.741
88.630567,248.053,59.078,0.725
88.642177,249.104,59.151,0.703
88.653787,250.186,59.226,0.678
88.665397,123.253,46.969,0.655
88.677007,242.535,58.688,0.650
88.688617,242.433,58.681,0.651
88.700227,242.283,58.670,0.657
88.711837,242.336,58.674,0.662
88.723447,242.255,58.668,0.666
88.735057,242.302,58.672,0.671
88.746667,99.343,43.236,0.673
88.758277,99.327,43.233,0.671
88.769887,99.343,43.236,0.671
88.781497,301.720,62.468,0.689
88.793107,301.572,62.460,0.705
88.804717,300.840,62.418,0.729
88.816327,299.188,62.323,0.753
88.827937,295.751,62.123,0.778
88.839546,294.311,62.038,0.795
88.851156,292.603,61.937,0.808
88.862766,292.038,61.904,0.823
88.874376,292.350,61.922,0.832
88.885986,292.339,61.922,0.844
88.897596,290.408,61.807,0.855
88.909206,658.318,75.975,0.862
88.920816,662.006,76.072,0.867
88.932426,663.019,76.099,0.873
88.944036,330.602,64.051,0.881
88.955646,330.123,64.026,0.886
88.967256,329.912,64.015,0.891
88.978866,330.386,64.040,0.892
88.990476,330.651,64.054,0.889
89.002086,330.250,64.033,0.886
89.013696,329.702,64.004,0.876
89.025306,329.248,63.980,0.862
89.036916,329.210,63.978,0.846
89.048526,329.712,64.004,0.828
89.060136,330.594,64.051,0.806
89.071746,331.699,64.108,0.774
89.083356,332.631,64.157,0.732
89.094966,332.859,64.169,0.679
89.106576,332.619,64.156,0.642
89.118186,333.240,64.189,0.620
89.129796,333.351,64.194,0.585
89.141406,333.239,64.189,0.539
89.153016,332.851,64.168,0.464
89.164626,1002.273,83.252,0.454
89.176236,336.858,64.376,0.472
89.187846,288.611,61.699,0.573
89.199456,292.926,61.956,0.674
89.211066,298.220,62.266,0.734
89.222676,298.436,62.279,0.779
89.234286,297.658,62.234,0.809
89.245896,296.961,62.193,0.833
89.257506,296.095,62.143,0.852
89.269116,294.930,62.074,0.865
89.280726,294.111,62.026,0.872
89.292336,292.492,61.931,0.869
89.303946,290.819,61.831,0.864
89.315556,289.957,61.780,0.858
89.327166,290.082,61.788,0.856
89.338776,291.010,61.843,0.855
89.350385,292.243,61.916,0.853
89.361995,293.307,61.979,0.856
89.373605,293.455,61.988,0.862
89.385215,293.270,61.977,0.867
89.396825,292.665,61.941,0.872
89.408435,291.929,61.897,0.877
89.420045,290.960,61.840,0.879
89.431655,290.146,61.791,0.880
89.443265,290.002,61.783,0.884
89.454875,289.902,61.777,0.880
89.466485,289.807,61.771,0.865
89.478095,290.293,61.800,0.850
89.489705,291.275,61.859,0.836
89.501315,292.422,61.927,0.818
89.512925,293.633,61.998,0.799
89.524535,294.906,62.073,0.777
89.536145,294.866,62.071,0.749
89.547755,294.901,62.073,0.733
89.559365,294.881,62.072,0.740
89.570975,294.802,62.067,0.748
89.582585,294.845,62.069,0.752
89.594195,294.931,62.075,0.754
89.605805,294.759,62.064,0.754
89.617415,295.876,62.130,0.758
89.629025,296.252,62.152,0.768
89.640635,295.846,62.128,0.773
89.652245,295.545,62.111,0.779
89.663855,294.719,62.062,0.784
89.675465,293.850,62.011,0.790
89.687075,293.207,61.973,0.798
89.698685,293.375,61.983,0.805
89.710295,293.401,61.984,0.805
89.721905,292.895,61.955,0.800
89.733515,292.322,61.921,0.801
89.745125,292.361,61.923,0.803
89.756735,293.719,62.003,0.808
89.768345,329.233,63.979,0.810
89.779955,329.294,63.982,0.811
89.791565,329.026,63.968,0.814
89.803175,328.877,63.961,0.819
89.814785,328.967,63.965,0.824
89.826395,329.259,63.981,0.825
89.838005,329.427,63.989,0.823
89.849615,329.373,63.987,0.821
89.861224,329.483,63.992,0.822
89.872834,329.537,63.995,0.823
89.884444,329.596,63.998,0.822
89.896054,329.620,64.000,0.822
89.907664,330.046,64.022,0.825
89.919274,330.587,64.050,0.829
89.930884,164.898,52.009,0.830
89.942494,164.792,51.998,0.829
89.954104,164.711,51.989,0.838
89.965714,333.079,64.180,0.855
89.977324,333.907,64.223,0.861
89.988934,467.677,70.056,0.860
90.000544,469.434,70.121,0.855
90.012154,470.263,70.152,0.850
90.023764,468.965,70.104,0.843
90.035374,596.367,74.264,0.835
90.046984,98.544,43.096,0.813
90.058594,84.792,40.494,0.771
90.070204,84.620,40.459,0.733
90.081814,288.232,61.677,0.703
90.093424,287.931,61.659,0.675
90.105034,143.297,49.578,0.637
90.116644,143.490,49.601,0.608
90.128254,287.201,61.615,0.575
90.139864,288.267,61.679,0.549
90.151474,290.172,61.793,0.516
90.163084,291.353,61.863,0.494
90.174694,292.841,61.951,0.459
90.186304,293.501,61.990,0.434
90.197914,292.335,61.921,0.415
90.209524,291.255,61.857,0.400
90.221134,292.061,61.905,0.388
90.232744,292.464,61.929,0.383
90.244354,293.026,61.962,0.386
90.255964,292.782,61.948,0.389
90.267574,292.558,61.935,0.393
90.279184,292.105,61.908,0.402
90.290794,291.891,61.895,0.406
90.302404,291.388,61.865,0.416
90.314014,290.843,61.833,0.425
90.325624,289.944,61.779,0.433
90.337234,289.878,61.775,0.440
90.348844,289.847,61.773,0.449
90.360454,289.030,61.725,0.454
90.372063,288.783,61.710,0.464
90.383673,330.707,64.057,0.476
90.395283,785.604,79.036,0.489
90.406893,791.880,79.173,0.500
90.418503,790.048,79.133,0.518
90.430113,790.875,79.151,0.528
90.441723,788.816,79.106,0.534
90.453333,790.071,79.134,0.540
90.464943,789.717,79.126,0.540
90.476553,784.975,79.022,0.537
90.488163,786.222,79.049,0.529
90.499773,782.921,78.976,0.521
90.511383,164.409,51.957,0.504
90.522993,82.234,39.964,0.488
90.534603,82.331,39.984,0.475
90.546213,82.406,40.000,0.461
90.557823,82.392,39.997,0.446
90.569433,325.273,63.770,0.439
90.581043,165.183,52.039,0.472
90.592653,207.931,56.023,0.678
90.604263,204.468,55.732,0.723
90.615873,206.955,55.942,0.766
90.627483,213.601,56.489,0.808
90.639093,224.983,57.388,0.834
90.650703,232.019,57.921,0.859
90.662313,238.367,58.388,0.871
90.673923,241.113,58.586,0.876
90.685533,252.478,59.384,0.866
90.697143,269.788,60.532,0.866
90.708753,296.737,62.180,0.866
90.720363,296.056,62.140,0.858
90.731973,294.742,62.063,0.854
90.743583,293.289,61.978,0.845
90.755193,292.592,61.937,0.845
90.766803,292.781,61.948,0.855
90.778413,292.540,61.934,0.855
90.790023,292.561,61.935,0.855
90.801633,292.146,61.910,0.851
90.813243,295.708,62.120,0.849
90.824853,318.805,63.422,0.847
90.836463,321.819,63.585,0.846
90.848073,325.853,63.801,0.847
90.859683,327.915,63.910,0.844
90.871293,329.215,63.978,0.844
90.882902,330.023,64.021,0.843
90.894512,330.488,64.045,0.843
90.906122,330.581,64.050,0.842
90.917732,330.543,64.048,0.843
90.929342,330.280,64.034,0.843
90.940952,330.185,64.029,0.842
90.952562,330.118,64.026,0.841
90.964172,330.139,64.027,0.840
90.975782,330.159,64.028,0.842
90.987392,330.268,64.034,0.844
90.999002,330.297,64.035,0.845
91.010612,330.142,64.027,0.844
91.022222,329.933,64.016,0.844
91.033832,329.908,64.015,0.845
91.045442,329.874,64.013,0.847
91.057052,329.831,64.011,0.848
91.068662,329.716,64.005,0.842
91.080272,329.233,63.979,0.837
91.091882,328.838,63.958,0.839
91.103492,328.611,63.947,0.837
91.115102,328.718,63.952,0.835
91.126712,328.953,63.965,0.833
91.138322,329.089,63.972,0.830
91.149932,329.134,63.974,0.831
91.161542,329.020,63.968,0.838
91.173152,328.875,63.960,0.841
91.184762,329.001,63.967,0.839
91.196372,328.783,63.956,0.841
91.207982,328.633,63.948,0.844
91.219592,328.532,63.942,0.846
91.231202,328.590,63.945,0.847
91.242812,328.871,63.960,0.846
91.254422,329.420,63.989,0.846
91.266032,329.841,64.011,0.848
91.277642,330.096,64.025,0.848
91.289252,330.274,64.034,0.848
91.300862,330.340,64.037,0.849
91.312472,329.964,64.018,0.849
91.324082,329.488,63.993,0.848
91.335692,328.898,63.962,0.847
91.347302,328.553,63.943,0.845
91.358912,328.424,63.937,0.839
91.370522,328.615,63.947,0.836
91.382132,329.050,63.970,0.834
91.393741,329.572,63.997,0.831
91.405351,330.217,64.031,0.830
91.416961,330.667,64.055,0.830
91.428571,330.730,64.058,0.828
91.440181,330.408,64.041,0.818
91.451791,330.473,64.044,0.805
91.463401,330.526,64.047,0.788
91.475011,330.553,64.049,0.766
91.486621,330.029,64.021,0.743
91.498231,328.605,63.946,0.722
91.509841,325.405,63.777,0.696
91.521451,320.001,63.487,0.667
91.533061,340.220,64.548,0.682
91.544671,338.400,64.455,0.735
91.556281,336.175,64.340,0.770
91.567891,334.408,64.249,0.793
91.579501,333.549,64.205,0.808
91.591111,333.160,64.185,0.815
91.602721,330.277,64.034,0.822
91.614331,330.253,64.033,0.830
91.625941,329.938,64.016,0.835
91.637551,329.734,64.006,0.829
91.649161,329.691,64.003,0.824
91.660771,329.586,63.998,0.823
91.672381,329.538,63.995,0.824
91.683991,329.506,63.994,0.827
91.695601,329.622,64.000,0.828
91.707211,330.268,64.034,0.830
91.718821,331.365,64.091,0.834
91.730431,333.687,64.212,0.838
91.742041,336.333,64.349,0.847
91.753651,348.063,64.942,0.858
91.765261,352.591,65.166,0.869
91.776871,351.160,65.096,0.879
91.788481,349.291,65.003,0.887
91.800091,348.564,64.967,0.891
91.811701,348.277,64.953,0.891
91.823311,345.367,64.808,0.891
91.834921,335.796,64.321,0.890
91.846531,332.061,64.127,0.887
91.858141,330.787,64.061,0.883
91.869751,329.729,64.005,0.879
91.881361,329.211,63.978,0.878
91.892971,328.992,63.967,0.875
91.904580,329.673,64.002,0.863
91.916190,330.474,64.044,0.849
91.927800,330.441,64.043,0.834
91.939410,328.511,63.941,0.815
91.951020,324.826,63.746,0.798
91.962630,321.861,63.587,0.778
91.974240,290.591,61.818,0.750
91.985850,290.350,61.803,0.729
91.997460,290.820,61.832,0.738
92.009070,291.201,61.854,0.752
92.020680,291.907,61.896,0.747
92.032290,292.765,61.947,0.736
92.043900,293.590,61.996,0.713
92.055510,294.071,62.024,0.690
92.067120,294.399,62.043,0.658
92.078730,294.184,62.031,0.624
92.090340,294.196,62.031,0.589
92.101950,82.858,40.094,0.496
92.113560,330.787,64.061,0.417
92.125170,333.170,64.185,0.535
92.136780,747.698,78.179,0.587
92.148390,334.170,64.237,0.626
92.160000,329.491,63.993,0.679
92.171610,314.574,63.191,0.725
92.183220,310.006,62.937,0.764
92.194830,305.504,62.684,0.798
92.206440,301.434,62.452,0.821
92.218050,298.177,62.264,0.833
92.229660,296.572,62.171,0.844
92.241270,295.758,62.123,0.851
92.252880,296.827,62.185,0.858
92.264490,297.366,62.217,0.863
92.276100,299.295,62.329,0.863
92.287710,306.043,62.715,0.865
92.299320,314.625,63.194,0.869
92.310930,320.195,63.497,0.871
92.322540,323.685,63.685,0.874
92.334150,325.827,63.799,0.878
92.345760,327.696,63.898,0.878
92.357370,329.068,63.971,0.876
92.368980,329.306,63.983,0.874
92.380590,329.155,63.975,0.858
92.392200,328.900,63.962,0.837
92.403810,328.813,63.957,0.812
92.415420,328.929,63.963,0.783
92.427029,329.220,63.979,0.747
92.438639,329.513,63.994,0.700
92.450249,329.444,63.990,0.620
92.461859,331.656,64.106,0.458
92.473469,332.521,64.151,0.437
92.485079,329.833,64.011,0.499
92.496689,329.005,63.967,0.552
92.508299,328.990,63.966,0.595
92.519909,81.965,39.907,0.633
92.531519,162.243,51.728,0.665
92.543129,931.486,81.984,0.688
92.554739,934.118,82.033,0.712
92.566349,128.684,47.716,0.724
92.577959,931.024,81.976,0.731
92.589569,379.011,66.417,0.742
92.601179,319.934,63.483,0.768
92.612789,335.757,64.319,0.795
92.624399,336.781,64.372,0.819
92.636009,337.422,64.405,0.836
92.647619,335.002,64.280,0.850
92.659229,333.361,64.195,0.865
92.670839,331.285,64.087,0.880
92.682449,329.836,64.011,0.889
92.694059,328.096,63.919,0.892
92.705669,326.735,63.847,0.892
92.717279,325.967,63.807,0.890
92.728889,326.155,63.817,0.890
92.740499,327.218,63.873,0.890
92.752109,329.037,63.969,0.885
92.763719,330.955,64.070,0.878
92.775329,331.799,64.114,0.874
92.786939,332.057,64.127,0.869
92.798549,331.569,64.102,0.864
92.810159,329.620,64.000,0.860
92.821769,327.083,63.866,0.858
92.833379,325.380,63.775,0.854
92.844989,324.827,63.746,0.854
92.856599,325.345,63.774,0.857
92.868209,326.713,63.846,0.859
92.879819,328.683,63.950,0.861
92.891429,330.498,64.046,0.863
92.903039,331.669,64.107,0.865
92.914649,332.266,64.138,0.864
92.926259,332.305,64.140,0.865
92.937868,331.756,64.111,0.867
92.949478,330.613,64.052,0.872
92.961088,329.712,64.004,0.864
92.972698,329.076,63.971,0.852
92.984308,328.913,63.962,0.846
92.995918,328.399,63.935,0.841
93.007528,327.952,63.912,0.834
93.019138,327.949,63.912,0.822
93.030748,328.505,63.941,0.799
93.042358,330.165,64.028,0.767
93.053968,330.678,64.055,0.756
93.065578,330.199,64.030,0.749
93.077188,329.224,63.979,0.728
93.088798,329.057,63.970,0.696
93.100408,328.786,63.956,0.657
93.112018,328.792,63.956,0.626
93.123628,328.808,63.957,0.632
93.135238,338.384,64.454,0.625
93.146848,339.040,64.487,0.621
93.158458,338.986,64.485,0.633
93.170068,338.647,64.467,0.644
93.181678,338.099,64.439,0.654
93.193288,337.792,64.424,0.660
93.204898,922.734,81.821,0.657
93.216508,314.258,63.173,0.688
93.228118,287.348,61.624,0.732
93.239728,290.472,61.811,0.761
93.251338,293.131,61.968,0.796
93.262948,293.358,61.982,0.814
93.274558,293.351,61.982,0.831
93.286168,293.571,61.994,0.845
93.297778,293.405,61.985,0.860
93.309388,293.504,61.990,0.865
93.320998,293.702,62.002,0.862
93.332608,293.681,62.001,0.863
93.344218,293.522,61.992,0.856
93.355828,293.493,61.990,0.855
93.367438,293.669,62.000,0.854
93.379048,294.000,62.020,0.854
93.390658,294.521,62.050,0.857
93.402268,294.907,62.073,0.850
93.413878,295.233,62.092,0.837
93.425488,296.315,62.156,0.832
93.437098,298.008,62.254,0.830
93.448707,301.544,62.458,0.829
93.460317,83.339,40.195,0.828
93.471927,83.348,40.197,0.827
93.483537,331.147,64.080,0.821
93.495147,330.873,64.065,0.823
93.506757,329.668,64.002,0.833
93.518367,329.131,63.974,0.831
93.529977,329.195,63.977,0.827
93.541587,329.154,63.975,0.823
93.553197,329.122,63.973,0.818
93.564807,329.275,63.981,0.813
93.576417,329.256,63.980,0.812
93.588027,328.722,63.952,0.811
93.599637,329.126,63.974,0.801
93.611247,329.535,63.995,0.803
93.622857,331.459,64.096,0.807
93.634467,336.525,64.358,0.811
93.646077,294.944,62.075,0.816
93.657687,294.022,62.021,0.813
93.669297,293.713,62.003,0.811
93.680907,293.570,61.994,0.811
93.692517,293.378,61.983,0.816
93.704127,293.833,62.010,0.803
93.715737,294.216,62.032,0.783
93.727347,294.476,62.048,0.755
93.738957,294.613,62.056,0.716
93.750567,294.376,62.042,0.679
93.762177,292.762,61.947,0.623
93.773787,286.015,61.543,0.544
93.785397,280.350,61.197,0.462
93.797007,594.479,74.209,0.457
93.808617,93.872,42.255,0.503
93.820227,161.012,51.596,0.540
93.831837,328.863,63.960,0.567
93.843447,328.859,63.960,0.588
93.855057,725.079,77.648,0.615
93.866667,329.212,63.978,0.656
93.878277,331.887,64.118,0.685
93.889887,335.248,64.293,0.710
93.901497,335.005,64.280,0.736
93.913107,333.548,64.205,0.754
93.924717,332.122,64.131,0.770
93.936327,330.778,64.060,0.785
93.947937,330.137,64.027,0.795
93.959546,330.126,64.026,0.803
93.971156,330.816,64.062,0.814
93.982766,331.663,64.107,0.823
93.994376,333.524,64.203,0.826
94.005986,339.948,64.534,0.831
94.017596,351.537,65.114,0.835
94.029206,359.086,65.482,0.837
94.040816,362.961,65.668,0.843
94.052426,365.259,65.777,0.844
94.064036,366.948,65.857,0.841
94.075646,368.311,65.921,0.838
94.087256,369.390,65.972,0.838
94.098866,370.175,66.008,0.839
94.110476,370.671,66.032,0.841
94.122086,371.120,66.053,0.845
94.133696,371.442,66.068,0.846
94.145306,371.727,66.081,0.851
94.156916,371.888,66.088,0.853
94.168526,372.206,66.103,0.847
94.180136,372.127,66.100,0.835
94.191746,371.913,66.090,0.822
94.203356,371.661,66.078,0.809
94.214966,371.504,66.070,0.794
94.226576,371.563,66.073,0.782
94.238186,371.887,66.088,0.767
94.249796,372.959,66.138,0.761
94.261406,376.909,66.321,0.782
94.273016,124.009,47.075,0.799
94.284626,462.199,69.852,0.808
94.296236,459.662,69.757,0.811
94.307846,461.309,69.819,0.808
94.319456,461.200,69.815,0.801
94.331066,462.853,69.877,0.788
94.342676,464.701,69.946,0.766
94.354286,461.176,69.814,0.723
94.365896,459.478,69.750,0.677
94.377506,216.454,56.719,0.629
94.389116,363.574,65.697,0.570
94.400726,372.253,66.105,0.511
94.412336,124.207,47.103,0.426
94.423946,371.857,66.087,0.373
94.435556,371.401,66.066,0.375
94.447166,372.456,66.115,0.390
94.458776,373.282,66.153,0.403
94.470385,373.297,66.154,0.422
94.481995,374.137,66.193,0.439
94.493605,373.451,66.161,0.453
94.505215,373.036,66.142,0.461
94.516825,373.390,66.158,0.466
94.528435,373.148,66.147,0.465
94.540045,372.426,66.113,0.458
94.551655,371.909,66.089,0.447
94.563265,369.506,65.977,0.429
94.574875,84.719,40.479,0.406
94.586485,237.530,58.327,0.393
94.598095,243.496,58.757,0.573
94.609705,262.479,60.056,0.654
94.621315,269.810,60.533,0.708
94.632925,275.961,60.924,0.748
94.644535,283.357,61.381,0.777
94.656145,290.881,61.835,0.795
94.667755,296.648,62.175,0.806
94.679365,299.520,62.342,0.812
94.690975,305.745,62.698,0.805
94.702585,327.791,63.903,0.796
94.714195,329.464,63.991,0.783
94.725805,329.579,63.997,0.769
94.737415,329.342,63.985,0.752
94.749025,328.871,63.960,0.746
94.760635,328.625,63.947,0.749
94.772245,328.615,63.947,0.754
94.783855,328.619,63.947,0.758
94.795465,328.843,63.959,0.760
94.807075,329.457,63.991,0.768
94.818685,330.199,64.030,0.782
94.830295,329.960,64.017,0.801
94.841905,370.751,66.035,0.813
94.853515,371.708,66.080,0.827
94.865125,372.170,66.101,0.841
94.876735,371.852,66.087,0.850
94.888345,371.381,66.065,0.859
94.899955,370.955,66.045,0.863
94.911565,370.758,66.036,0.863
94.923175,370.493,66.023,0.860
94.934785,369.839,65.993,0.858
94.946395,369.189,65.962,0.853
94.958005,368.783,65.943,0.848
94.969615,368.578,65.934,0.843
94.981224,368.803,65.944,0.839
94.992834,369.254,65.965,0.836
95.004444,369.935,65.997,0.834
95.016054,370.278,66.013,0.831
95.027664,367.395,65.878,0.833
95.039274,368.456,65.928,0.835
95.050884,368.339,65.922,0.833
95.062494,367.415,65.879,0.828
95.074104,368.351,65.923,0.820
95.085714,367.527,65.884,0.809
95.097324,1002.273,83.252,0.791
95.108934,1002.273,83.252,0.771
95.120544,1002.273,83.252,0.735
95.132154,1002.273,83.252,0.686
95.143764,1002.273,83.252,0.634
95.155374,80.241,39.539,0.570
95.166984,1002.273,83.252,0.498
95.178594,372.073,66.097,0.401
95.190204,371.578,66.074,0.346
95.201814,372.614,66.122,0.344
95.213424,376.062,66.282,0.362
95.225034,321.837,63.586,0.384
95.236644,322.460,63.619,0.401
95.248254,378.151,66.377,0.419
95.259864,141.414,49.349,0.441
95.271474,377.804,66.362,0.456
95.283084,107.048,44.529,0.470
95.294694,124.288,47.114,0.487
95.306304,124.059,47.082,0.500
95.317914,124.197,47.102,0.507
95.329524,264.353,60.180,0.521
95.341134,356.058,65.335,0.528
95.352744,366.933,65.856,0.530
95.364354,444.030,69.158,0.535
95.375964,444.978,69.195,0.533
95.387574,444.412,69.173,0.519
95.399184,366.251,65.824,0.503
95.410794,367.444,65.880,0.488
95.422404,369.606,65.982,0.457
95.434014,373.262,66.152,0.430
95.445624,372.127,66.099,0.401
95.457234,379.090,66.420,0.429
95.468844,380.878,66.502,0.448
95.480454,377.726,66.358,0.532
95.492063,348.205,64.949,0.580
95.503673,344.864,64.782,0.639
95.515283,344.515,64.765,0.667
95.526893,345.418,64.810,0.687
95.538503,793.590,79.211,0.705
95.550113,792.995,79.198,0.711
95.561723,790.128,79.135,0.717
95.573333,378.390,66.388,0.725
95.584943,380.625,66.490,0.735
95.596553,455.059,69.583,0.745
95.608163,453.432,69.521,0.762
95.619773,457.012,69.657,0.774
95.631383,453.577,69.526,0.782
95.642993,451.519,69.447,0.788
95.654603,448.862,69.345,0.794
95.666213,445.258,69.206,0.792
95.677823,442.750,69.108,0.793
95.689433,441.130,69.044,0.785
95.701043,440.512,69.020,0.778
95.712653,441.317,69.052,0.775
95.724263,442.916,69.114,0.781
95.735873,453.689,69.530,0.794
95.747483,474.860,70.320,0.805
95.759093,480.896,70.539,0.812
95.770703,485.350,70.698,0.820
95.782313,487.498,70.775,0.825
95.793923,489.072,70.831,0.828
95.805533,490.335,70.875,0.829
95.817143,491.940,70.932,0.828
95.828753,493.051,70.971,0.821
95.840363,493.660,70.992,0.819
95.851973,493.813,70.998,0.818
95.863583,493.880,71.000,0.817
95.875193,493.999,71.004,0.817
95.886803,494.240,71.012,0.816
95.898413,494.260,71.013,0.820
95.910023,494.199,71.011,0.824
95.921633,494.191,71.011,0.824
95.933243,494.058,71.006,0.820
95.944853,493.992,71.004,0.815
95.956463,494.004,71.004,0.809
95.968073,493.879,71.000,0.802
95.979683,493.671,70.993,0.795
95.991293,493.511,70.987,0.787
96.002902,493.424,70.984,0.776
96.014512,493.466,70.985,0.773
96.026122,493.474,70.986,0.775
96.037732,493.560,70.989,0.782
96.049342,493.591,70.990,0.789
96.060952,493.719,70.994,0.797
96.072562,493.708,70.994,0.808
96.084172,493.838,70.998,0.819
96.095782,493.923,71.001,0.827
96.107392,493.932,71.002,0.833
96.119002,493.965,71.003,0.841
96.130612,494.021,71.005,0.844
96.142222,493.905,71.001,0.847
96.153832,493.856,70.999,0.849
96.165442,493.849,70.999,0.850
96.177052,493.833,70.998,0.848
96.188662,493.749,70.995,0.849
96.200272,493.676,70.993,0.849
96.211882,493.579,70.989,0.846
96.223492,493.551,70.988,0.844
96.235102,493.594,70.990,0.842
96.246712,493.604,70.990,0.840
96.258322,493.648,70.992,0.839
96.269932,493.577,70.989,0.839
96.281542,493.611,70.990,0.838
96.293152,493.703,70.994,0.840
96.304762,493.917,71.001,0.841
96.316372,493.995,71.004,0.843
96.327982,494.096,71.007,0.844
96.339592,494.014,71.005,0.845
96.351202,494.219,71.012,0.844
96.362812,247.220,59.019,0.855
96.374422,493.572,70.989,0.873
96.386032,493.263,70.978,0.883
96.397642,246.352,58.959,0.885
96.409252,246.446,58.965,0.885
96.420862,246.433,58.964,0.886
96.432472,246.450,58.965,0.887
96.444082,246.340,58.958,0.889
96.455692,164.377,51.954,0.882
96.467302,246.765,58.988,0.868
96.478912,247.151,59.015,0.857
96.490522,494.161,71.010,0.854
96.502132,493.698,70.993,0.855
96.513741,493.696,70.993,0.855
96.525351,493.482,70.986,0.854
96.536961,493.266,70.978,0.853
96.548571,493.000,70.969,0.854
96.560181,492.226,70.942,0.857
96.571791,164.303,51.946,0.868
96.583401,164.619,51.980,0.898
96.595011,164.727,51.991,0.907
96.606621,164.781,51.997,0.910
96.618231,164.819,52.001,0.911
96.629841,164.841,52.003,0.913
96.641451,164.896,52.009,0.917
96.653061,164.963,52.016,0.918
96.664671,164.951,52.014,0.913
96.676281,164.528,51.970,0.893
96.687891,164.521,51.969,0.889
96.699501,164.473,51.964,0.888
96.711111,164.535,51.971,0.891
96.722721,164.591,51.977,0.895
96.734331,164.656,51.983,0.893
96.745941,164.703,51.988,0.892
96.757551,164.739,51.992,0.891
96.769161,164.783,51.997,0.891
96.780771,164.838,52.003,0.891
96.792381,164.834,52.002,0.894
96.803991,164.854,52.004,0.897
96.815601,164.875,52.006,0.898
96.827211,164.897,52.009,0.897
96.838821,164.938,52.013,0.899
96.850431,164.946,52.014,0.901
96.862041,164.908,52.010,0.900
96.873651,164.879,52.007,0.901
96.885261,164.867,52.006,0.899
96.896871,164.813,52.000,0.898
96.908481,164.787,51.997,0.896
96.920091,164.799,51.998,0.896
96.931701,164.785,51.997,0.895
96.943311,164.800,51.999,0.893
96.954921,164.891,52.008,0.896
96.966531,165.009,52.020,0.897
96.978141,165.078,52.028,0.899
96.989751,165.141,52.034,0.900
97.001361,165.159,52.036,0.903
97.012971,165.176,52.038,0.906
97.024580,165.224,52.043,0.905
97.036190,165.216,52.042,0.902
97.047800,165.092,52.029,0.893
97.059410,164.969,52.016,0.890
97.071020,165.016,52.021,0.888
97.082630,165.051,52.025,0.887
97.094240,165.243,52.045,0.885
97.105850,165.465,52.068,0.886
97.117460,165.786,52.102,0.889
97.129070,165.970,52.121,0.893
97.140680,166.142,52.139,0.898
97.152290,166.239,52.149,0.899
97.163900,166.284,52.154,0.899
97.175510,166.187,52.144,0.891
97.187120,166.089,52.133,0.880
97.198730,165.944,52.118,0.866
97.210340,165.938,52.118,0.854
97.221950,166.104,52.135,0.842
97.233560,333.939,64.225,0.830
97.245170,333.903,64.223,0.823
97.256780,333.824,64.219,0.820
97.268390,333.285,64.191,0.834
97.280000,332.685,64.160,0.854
97.291610,331.942,64.121,0.868
97.303220,331.386,64.092,0.874
97.314830,331.626,64.105,0.879
97.326440,674.175,76.387,0.885
97.338050,682.253,76.594,0.886
97.349660,690.624,76.805,0.890
97.361270,703.720,77.130,0.889
97.372880,712.450,77.343,0.886
97.384490,365.743,65.800,0.882
97.396100,367.183,65.868,0.880
97.407710,368.870,65.947,0.885
97.419320,370.041,66.002,0.891
97.430930,370.001,66.000,0.897
97.442540,369.893,65.995,0.901
97.454150,369.568,65.980,0.898
97.465760,368.959,65.951,0.889
97.477370,368.948,65.951,0.884
97.488980,368.714,65.940,0.880
97.500590,368.894,65.948,0.872
97.512200,368.717,65.940,0.860
97.523810,368.276,65.919,0.848
97.535420,369.093,65.958,0.836
97.547029,729.907,77.763,0.830
97.558639,731.381,77.797,0.829
97.570249,727.851,77.714,0.825
97.581859,1002.273,83.252,0.815
97.593469,1002.273,83.252,0.803
97.605079,125.284,47.252,0.789
97.616689,125.261,47.249,0.767
97.628299,374.538,66.211,0.734
97.639909,373.049,66.142,0.700
97.651519,371.385,66.065,0.665
97.663129,133.354,48.333,0.620
97.674739,132.789,48.260,0.584
97.686349,132.587,48.233,0.559
97.697959,132.583,48.233,0.542
97.709569,370.044,66.002,0.522
97.721179,370.383,66.018,0.504
97.732789,369.987,66.000,0.498
97.744399,369.593,65.981,0.489
97.756009,370.905,66.043,0.475
97.767619,371.311,66.062,0.464
97.779229,371.135,66.053,0.459
97.790839,369.844,65.993,0.453
97.802449,368.806,65.944,0.452
97.814059,367.574,65.886,0.444
97.825669,366.829,65.851,0.428
97.837279,365.997,65.812,0.429
97.848889,366.132,65.818,0.429
97.860499,365.890,65.807,0.426
97.872109,110.092,45.014,0.425
97.883719,109.962,44.994,0.426
97.895329,110.172,45.027,0.425
97.906939,366.681,65.844,0.422
97.918549,367.484,65.882,0.417
97.930159,368.140,65.913,0.414
97.941769,367.544,65.885,0.408
97.953379,368.141,65.913,0.406
97.964989,367.916,65.902,0.398
97.976599,369.095,65.958,0.400
97.988209,369.242,65.965,0.393
97.999819,368.899,65.949,0.393
98.011429,369.162,65.961,0.398
98.023039,369.403,65.972,0.394
98.034649,369.328,65.969,0.401
98.046259,683.408,76.623,0.594
98.057868,458.896,69.728,0.676
98.069478,119.217,46.393,0.733
98.081088,114.530,45.699,0.765
98.092698,262.063,60.029,0.807
98.104308,286.598,61.578,0.829
98.115918,287.697,61.645,0.840
98.127528,288.671,61.703,0.850
98.139138,289.947,61.779,0.846
98.150748,292.672,61.941,0.842
98.162358,294.173,62.030,0.833
98.173968,294.278,62.036,0.821
98.185578,294.708,62.061,0.799
98.197188,294.611,62.056,0.786
98.208798,294.539,62.051,0.787
98.220408,294.788,62.066,0.788
98.232018,294.644,62.058,0.794
98.243628,295.390,62.101,0.802
98.255238,300.025,62.371,0.825
98.266848,303.584,62.575,0.833
98.278458,312.736,63.089,0.839
98.290068,321.238,63.554,0.841
98.301678,324.937,63.752,0.841
98.313288,327.502,63.888,0.838
98.324898,328.691,63.951,0.832
98.336508,330.045,64.022,0.813
98.348118,331.897,64.119,0.770
98.359728,332.103,64.130,0.745
98.371338,331.810,64.114,0.707
98.382948,330.644,64.053,0.664
98.394558,329.654,64.001,0.609
98.406168,329.217,63.978,0.544
98.417778,122.109,46.808,0.427
98.429388,293.871,62.012,0.376
98.440998,294.114,62.026,0.365
98.452608,293.506,61.991,0.361
98.464218,147.335,50.059,0.432
98.475828,334.166,64.237,0.616
98.487438,330.977,64.071,0.692
98.499048,333.990,64.228,0.765
98.510658,334.549,64.257,0.814
98.522268,334.442,64.251,0.849
98.533878,334.144,64.236,0.872
98.545488,333.422,64.198,0.888
98.557098,332.453,64.148,0.900
98.568707,331.248,64.085,0.902
98.580317,330.678,64.055,0.900
98.591927,329.696,64.004,0.889
98.603537,328.821,63.958,0.874
98.615147,328.025,63.916,0.858
98.626757,327.250,63.875,0.843
98.638367,327.324,63.879,0.829
98.649977,328.562,63.944,0.809
98.661587,330.701,64.056,0.785
98.673197,331.753,64.111,0.768
98.684807,332.825,64.167,0.753
98.696417,332.877,64.170,0.740
98.708027,331.931,64.121,0.722
98.719637,330.337,64.037,0.701
98.731247,329.149,63.975,0.684
98.742857,328.192,63.924,0.696
98.754467,327.622,63.894,0.714
98.766077,327.922,63.910,0.731
98.777687,328.315,63.931,0.738
98.789297,328.753,63.954,0.741
98.800907,329.365,63.986,0.749
98.812517,329.710,64.004,0.757
98.824127,329.769,64.007,0.768
98.835737,329.929,64.016,0.774
98.847347,330.145,64.027,0.779
98.858957,330.165,64.028,0.781
98.870567,329.891,64.014,0.787
98.882177,329.504,63.993,0.793
98.893787,329.457,63.991,0.803
98.905397,330.422,64.042,0.814
98.917007,332.753,64.163,0.829
98.928617,335.586,64.310,0.838
98.940227,337.433,64.405,0.843
98.951837,337.052,64.386,0.848
98.963447,336.007,64.332,0.853
98.975057,335.245,64.293,0.854
98.986667,335.171,64.289,0.858
98.998277,335.400,64.301,0.854
99.009887,336.498,64.357,0.857
99.021497,335.122,64.286,0.863
99.033107,883.771,81.074,0.864
99.044717,894.851,81.290,0.868
99.056327,185.951,54.089,0.873
99.067937,368.955,65.951,0.883
99.079546,369.355,65.970,0.886
99.091156,369.614,65.982,0.894
99.102766,369.944,65.998,0.896
99.114376,369.730,65.988,0.893
99.125986,369.375,65.971,0.890
99.137596,369.081,65.957,0.883
99.149206,368.702,65.939,0.871
99.160816,368.512,65.930,0.855
99.172426,368.508,65.930,0.834
99.184036,368.579,65.934,0.805
99.195646,368.527,65.931,0.763
99.207256,368.278,65.920,0.715
99.218866,368.212,65.916,0.670
99.230476,368.484,65.929,0.622
99.242086,369.071,65.957,0.563
99.253696,369.613,65.982,0.480
99.265306,184.302,53.935,0.426
99.276916,368.142,65.913,0.422
99.288526,754.512,78.336,0.560
99.300136,757.946,78.415,0.628
99.311746,777.300,78.852,0.713
99.323356,779.112,78.892,0.741
99.334966,771.817,78.729,0.777
99.346576,759.566,78.452,0.808
99.358186,759.301,78.446,0.829
99.369796,385.064,66.691,0.842
99.381406,387.686,66.809,0.845
99.393016,385.827,66.725,0.846
99.404626,376.907,66.320,0.835
99.416236,247.174,59.016,0.835
99.427846,245.348,58.888,0.828
99.439456,246.466,58.967,0.817
99.451066,246.464,58.967,0.809
99.462676,245.599,58.906,0.806
99.474286,245.022,58.865,0.808
99.485896,244.798,58.849,0.815
99.497506,244.886,58.855,0.832
99.509116,245.307,58.885,0.844
99.520726,245.827,58.922,0.847
99.532336,246.281,58.954,0.848
99.543946,246.508,58.970,0.852
99.555556,246.392,58.961,0.860
99.567166,246.031,58.936,0.873
99.578776,245.622,58.907,0.874
99.590385,245.269,58.882,0.858
99.601995,244.585,58.834,0.837
99.613605,243.923,58.787,0.820
99.625215,243.322,58.744,0.806
99.636825,242.759,58.704,0.785
99.648435,242.258,58.669,0.749
99.660045,242.190,58.664,0.672
99.671655,242.481,58.684,0.579
99.683265,187.145,54.200,0.557
99.694875,187.254,54.210,0.583
99.706485,186.617,54.151,0.591
99.718095,186.324,54.124,0.589
99.729705,187.545,54.237,0.646
99.741315,197.589,55.140,0.712
99.752925,212.182,56.374,0.729
99.764535,190.843,54.539,0.754
99.776145,190.854,54.540,0.764
99.787755,212.347,56.387,0.778
99.799365,287.740,61.647,0.808
99.810975,289.597,61.759,0.837
99.822585,290.620,61.820,0.845
99.834195,291.234,61.856,0.839
99.845805,291.596,61.878,0.849
99.857415,291.482,61.871,0.857
99.869025,291.515,61.873,0.864
99.880635,291.320,61.861,0.868
99.892245,290.962,61.840,0.863
99.903855,290.701,61.824,0.855
99.915465,290.770,61.829,0.852
99.927075,291.316,61.861,0.858
99.938685,292.401,61.925,0.856
99.950295,294.282,62.036,0.850
99.961905,294.853,62.070,0.851
99.973515,295.154,62.088,0.850
99.985125,295.113,62.085,0.849
99.996735,294.839,62.069,0.845
100.008345,294.173,62.030,0.844
100.019955,293.508,61.991,0.835
100.031565,292.871,61.953,0.832
100.043175,292.481,61.930,0.830
100.054785,292.400,61.925,0.826
100.066395,292.487,61.930,0.823
100.078005,292.707,61.943,0.818
100.089615,293.214,61.973,0.817
100.101224,293.945,62.016,0.816
100.112834,294.569,62.053,0.814
100.124444,295.189,62.090,0.813
100.136054,295.611,62.114,0.804
100.147664,295.655,62.117,0.798
100.159274,295.544,62.110,0.790
100.170884,295.812,62.126,0.791
100.182494,296.180,62.148,0.793
100.194104,295.528,62.110,0.806
100.205714,294.867,62.071,0.838
100.217324,294.208,62.032,0.849
100.228934,293.622,61.998,0.852
100.240544,293.157,61.970,0.853
100.252154,292.670,61.941,0.855
100.263764,292.229,61.915,0.854
100.275374,292.134,61.910,0.852
100.286984,293.218,61.974,0.846
100.298594,294.541,62.052,0.825
100.310204,296.743,62.181,0.819
100.321814,299.095,62.317,0.818
100.333424,301.740,62.470,0.819
100.345034,306.254,62.727,0.822
100.356644,311.105,62.999,0.821
100.368254,324.768,63.743,0.820
100.379864,327.580,63.892,0.815
100.391474,328.498,63.941,0.812
100.403084,329.061,63.970,0.808
100.414694,329.459,63.991,0.814
100.426304,329.779,64.008,0.819
100.437914,329.982,64.019,0.813
100.449524,329.962,64.018,0.813
100.461134,329.928,64.016,0.803
100.472744,329.944,64.017,0.785
100.484354,330.051,64.022,0.760
100.495964,330.143,64.027,0.729
100.507574,330.116,64.026,0.689
100.519184,329.221,63.979,0.630
100.530794,326.548,63.838,0.576
100.542404,659.686,76.011,0.455
100.554014,708.929,77.258,0.381
100.565624,323.240,63.661,0.363
100.577234,81.503,39.809,0.364
100.588844,324.328,63.719,0.405
100.600454,304.527,62.629,0.575
100.612063,302.222,62.497,0.651
100.623673,299.884,62.363,0.697
100.635283,298.630,62.290,0.726
100.646893,295.178,62.089,0.751
100.658503,292.789,61.948,0.764
100.670113,292.955,61.958,0.772
100.681723,294.847,62.070,0.781
100.693333,144.873,49.767,0.779
100.704943,144.516,49.725,0.775
100.716553,144.132,49.679,0.779
100.728163,153.123,50.726,0.785
100.739773,164.277,51.944,0.790
100.751383,164.428,51.959,0.801
100.762993,164.426,51.959,0.814
100.774603,328.676,63.950,0.811
100.786213,328.622,63.947,0.798
100.797823,329.143,63.975,0.785
100.809433,329.396,63.988,0.772
100.821043,329.400,63.988,0.780
100.832653,329.680,64.003,0.791
100.844263,330.098,64.025,0.795
100.855873,330.448,64.043,0.792
100.867483,330.257,64.033,0.801
100.879093,329.974,64.018,0.814
100.890703,329.760,64.007,0.824
100.902313,329.705,64.004,0.828
100.913923,329.575,63.997,0.819
100.925533,329.366,63.986,0.806
100.937143,329.337,63.985,0.801
100.948753,329.439,63.990,0.800
100.960363,329.597,63.998,0.805
100.971973,329.873,64.013,0.809
100.983583,330.139,64.027,0.815
100.995193,330.351,64.038,0.819
101.006803,330.315,64.036,0.824
101.018413,330.049,64.022,0.834
101.030023,329.762,64.007,0.844
101.041633,329.539,63.995,0.853
101.053243,329.333,63.985,0.861
101.064853,329.134,63.974,0.870
101.076463,328.870,63.960,0.876
101.088073,328.661,63.949,0.880
101.099683,328.556,63.944,0.885
101.111293,328.619,63.947,0.885
101.122902,328.742,63.953,0.880
101.134512,328.995,63.967,0.867
101.146122,329.118,63.973,0.850
101.157732,329.257,63.981,0.827
101.169342,329.358,63.986,0.802
101.180952,329.519,63.994,0.776
101.192562,329.507,63.994,0.740
101.204172,329.857,64.012,0.690
101.215782,329.884,64.013,0.643
101.227392,329.054,63.970,0.637
101.239002,328.854,63.959,0.637
101.250612,328.383,63.935,0.652
101.262222,407.268,67.662,0.663
101.273832,407.531,67.673,0.673
101.285442,108.572,44.774,0.676
101.297052,407.158,67.657,0.679
101.308662,164.489,51.966,0.678
101.320272,164.615,51.979,0.669
101.331882,111.389,45.217,0.657
101.343492,164.543,51.972,0.640
101.355102,109.788,44.967,0.622
101.366712,109.721,44.956,0.592
101.378322,109.708,44.954,0.558
101.389932,109.813,44.970,0.514
101.401542,328.998,63.967,0.473
101.413152,328.121,63.921,0.490
101.424762,311.941,63.045,0.622
101.436372,319.433,63.456,0.724
101.447982,332.587,64.155,0.764
101.459592,332.446,64.147,0.800
101.471202,331.704,64.109,0.814
101.482812,331.203,64.083,0.831
101.494422,330.858,64.064,0.849
101.506032,330.531,64.047,0.865
101.517642,330.248,64.033,0.868
101.529252,329.933,64.016,0.861
101.540862,329.128,63.974,0.861
101.552472,328.731,63.953,0.858
101.564082,328.907,63.962,0.868
101.575692,328.986,63.966,0.869
101.587302,329.083,63.971,0.864
101.598912,329.306,63.983,0.855
101.610522,329.614,63.999,0.849
101.622132,329.839,64.011,0.843
101.633741,330.035,64.021,0.838
101.645351,330.145,64.027,0.833
101.656961,330.274,64.034,0.826
101.668571,330.293,64.035,0.823
101.680181,330.178,64.029,0.823
101.691791,329.888,64.014,0.825
101.703401,329.649,64.001,0.829
101.715011,329.436,63.990,0.830
101.726621,329.354,63.986,0.830
101.738231,329.231,63.979,0.826
101.749841,328.942,63.964,0.820
101.761451,328.786,63.956,0.818
101.773061,329.026,63.968,0.817
101.784671,329.640,64.001,0.816
101.796281,330.219,64.031,0.810
101.807891,330.387,64.040,0.808
101.819501,330.292,64.035,0.804
101.831111,330.219,64.031,0.793
101.842721,330.397,64.040,0.782
101.854331,329.546,63.996,0.787
101.865941,331.212,64.083,0.806
101.877551,332.410,64.146,0.816
101.889161,332.686,64.160,0.828
101.900771,332.167,64.133,0.836
101.912381,331.664,64.107,0.841
101.923991,331.588,64.103,0.855
101.935601,332.558,64.153,0.874
101.947211,333.815,64.219,0.881
101.958821,334.479,64.253,0.877
101.970431,334.759,64.267,0.872
101.982041,335.182,64.289,0.870
101.993651,337.365,64.402,0.869
102.005261,183.635,53.872,0.869
102.016871,184.434,53.947,0.868
102.028481,365.715,65.799,0.857
102.040091,368.073,65.910,0.843
102.051701,369.195,65.963,0.832
102.063311,369.746,65.988,0.822
102.074921,369.729,65.988,0.803
102.086531,369.694,65.986,0.780
102.098141,369.571,65.980,0.758
102.109751,369.381,65.971,0.728
102.121361,369.071,65.957,0.706
102.132971,368.053,65.909,0.684
102.144580,116.757,46.032,0.667
102.156190,116.714,46.026,0.677
102.167800,151.110,50.497,0.680
102.179410,116.744,46.030,0.678
102.191020,116.712,46.025,0.669
102.202630,82.288,39.975,0.659
102.214240,82.274,39.972,0.640
102.225850,82.328,39.983,0.619
102.237460,82.398,39.998,0.592
102.249070,82.477,40.015,0.548
102.260680,326.419,63.831,0.506
102.272290,326.031,63.810,0.488
102.283900,327.992,63.914,0.510
102.295510,246.133,58.943,0.637
102.307120,245.621,58.907,0.716
102.318730,245.364,58.889,0.768
102.330340,245.860,58.924,0.799
102.341950,246.133,58.943,0.818
102.353560,246.147,58.944,0.831
102.365170,245.949,58.930,0.842
102.376780,245.694,58.912,0.851
102.388390,245.628,58.908,0.841
102.400000,245.387,58.891,0.828
102.411610,245.118,58.872,0.815
102.423220,244.794,58.849,0.813
102.434830,244.864,58.854,0.812
102.446440,245.541,58.902,0.814
102.458050,246.531,58.971,0.814
102.469660,246.901,58.997,0.809
102.481270,247.064,59.009,0.822
102.492880,247.222,59.020,0.829
102.504490,247.050,59.008,0.831
102.516100,246.533,58.971,0.823
102.527710,245.708,58.913,0.819
102.539320,244.651,58.839,0.818
102.550930,244.072,58.798,0.817
102.562540,243.882,58.784,0.814
102.574150,243.482,58.756,0.802
102.585760,243.626,58.766,0.788
102.597370,244.262,58.811,0.777
102.608980,245.308,58.885,0.775
102.620590,246.693,58.983,0.777
102.632200,247.567,59.044,0.777
102.643810,248.080,59.080,0.782
102.655420,248.153,59.085,0.792
102.667029,248.294,59.095,0.796
102.678639,248.371,59.100,0.799
102.690249,248.412,59.103,0.802
102.701859,247.992,59.073,0.806
102.713469,248.654,59.120,0.818
102.725079,265.189,60.234,0.838
102.736689,275.099,60.869,0.847
102.748299,279.674,61.155,0.849
102.759909,283.659,61.400,0.851
102.771519,292.036,61.904,0.855
102.783129,293.688,62.001,0.857
102.794739,293.829,62.010,0.854
102.806349,293.758,62.005,0.845
102.817959,293.897,62.014,0.825
102.829569,293.617,61.997,0.815
102.841179,292.918,61.956,0.814
102.852789,292.183,61.912,0.813
102.864399,291.937,61.898,0.810
102.876009,291.902,61.896,0.811
102.887619,292.181,61.912,0.814
102.899229,293.420,61.986,0.815
102.910839,294.316,62.038,0.816
102.922449,294.971,62.077,0.812
102.934059,295.138,62.087,0.806
102.945669,294.761,62.065,0.804
102.957279,294.258,62.035,0.807
102.968889,292.956,61.958,0.808
102.980499,291.865,61.894,0.803
102.992109,291.440,61.868,0.796
103.003719,287.465,61.631,0.806
103.015329,283.491,61.390,0.811
103.026939,280.866,61.229,0.815
103.038549,279.010,61.114,0.813
103.050159,276.784,60.975,0.800
103.061769,92.840,42.064,0.785
103.073379,89.128,41.357,0.774
103.084989,92.985,42.091,0.762
103.096599,124.123,47.091,0.719
103.108209,140.653,49.256,0.674
103.119819,103.205,43.896,0.617
103.131429,103.096,43.878,0.561
103.143039,141.731,49.388,0.535
103.154649,265.907,60.281,0.522
103.166259,308.539,62.855,0.527
103.177868,141.339,49.340,0.551
103.189478,141.292,49.334,0.573
103.201088,141.347,49.341,0.591
103.212698,311.521,63.022,0.604
103.224308,311.030,62.995,0.607
103.235918,311.387,63.014,0.600
103.247528,456.397,69.633,0.588
103.259138,455.822,69.612,0.570
103.270748,98.931,43.164,0.543
103.282358,99.109,43.195,0.507
103.293968,98.763,43.135,0.471
103.305578,244.860,58.853,0.628
103.317188,248.205,59.088,0.738
103.328798,252.140,59.361,0.776
103.340408,252.639,59.395,0.781
103.352018,265.736,60.270,0.813
103.363628,271.400,60.635,0.836
103.375238,236.319,58.239,0.855
103.386848,234.620,58.114,0.866
103.398458,329.500,63.993,0.861
103.410068,329.859,64.012,0.844
103.421678,329.735,64.006,0.842
103.433288,329.563,63.997,0.855
103.444898,329.567,63.997,0.847
103.456508,329.171,63.976,0.842
103.468118,328.799,63.956,0.832
103.479728,328.670,63.950,0.830
103.491338,328.877,63.961,0.829
103.502948,329.326,63.984,0.828
103.514558,329.900,64.014,0.822
103.526168,330.380,64.039,0.813
103.537778,330.713,64.057,0.808
103.549388,331.151,64.080,0.798
103.560998,331.396,64.093,0.797
103.572608,331.538,64.100,0.800
103.584218,331.321,64.089,0.803
103.595828,330.524,64.047,0.804
103.607438,330.017,64.020,0.801
103.619048,329.680,64.003,0.802
103.630658,329.556,63.996,0.806
103.642268,329.465,63.991,0.813
103.653878,329.420,63.989,0.810
103.665488,329.326,63.984,0.804
103.677098,329.330,63.984,0.804
103.688707,329.312,63.983,0.804
103.700317,329.156,63.975,0.808
103.711927,328.835,63.958,0.812
103.723537,328.384,63.935,0.809
103.735147,328.054,63.917,0.794
103.746757,327.769,63.902,0.789
103.758367,327.465,63.886,0.802
103.769977,326.881,63.855,0.816
103.781587,296.605,62.172,0.829
103.793197,296.641,62.175,0.830
103.804807,296.262,62.152,0.833
103.816417,295.606,62.114,0.831
103.828027,295.516,62.109,0.832
103.839637,295.606,62.114,0.832
103.851247,296.034,62.139,0.816
103.862857,296.030,62.139,0.785
103.874467,295.024,62.080,0.747
103.886077,293.840,62.010,0.721
103.897687,292.736,61.945,0.680
103.909297,325.023,63.756,0.655
103.920907,164.713,51.989,0.650
103.932517,164.649,51.983,0.650
103.944127,164.658,51.984,0.647
103.955737,164.629,51.981,0.647
103.967347,164.596,51.977,0.636
103.978957,164.591,51.977,0.627
103.990567,325.599,63.787,0.636
104.002177,337.852,64.427,0.680
104.013787,337.355,64.401,0.757
104.025397,337.224,64.394,0.802
104.037007,335.118,64.286,0.824
104.048617,334.309,64.244,0.832
104.060227,333.723,64.214,0.838
104.071837,331.745,64.111,0.846
104.083447,329.996,64.019,0.849
104.095057,326.504,63.835,0.848
104.106667,324.660,63.737,0.826
104.118277,324.025,63.703,0.804
104.129887,323.446,63.672,0.788
104.141497,324.936,63.752,0.792
104.153107,328.289,63.930,0.809
104.164717,330.685,64.055,0.825
104.176327,331.806,64.114,0.832
104.187937,332.401,64.145,0.834
104.199546,331.973,64.123,0.838
104.211156,331.326,64.089,0.844
104.222766,330.352,64.038,0.845
104.234376,329.126,63.974,0.840
104.245986,327.373,63.881,0.833
104.257596,326.478,63.834,0.823
104.269206,327.137,63.869,0.828
104.280816,327.931,63.911,0.829
104.292426,329.800,64.009,0.834
104.304036,331.293,64.087,0.828
104.315646,332.029,64.126,0.825
104.327256,332.102,64.129,0.832
104.338866,331.878,64.118,0.836
104.350476,330.831,64.063,0.841
104.362086,329.094,63.972,0.838
104.373696,327.801,63.904,0.836
104.385306,326.595,63.840,0.831
104.396916,325.594,63.787,0.835
104.408526,325.176,63.765,0.840
104.420136,325.359,63.774,0.845
104.431746,326.000,63.808,0.845
104.443356,327.008,63.862,0.842
104.454966,328.113,63.920,0.841
104.466576,329.105,63.973,0.842
104.478186,330.135,64.027,0.836
104.489796,331.779,64.113,0.830
104.501406,332.340,64.142,0.830
104.513016,332.523,64.151,0.824
104.524626,332.355,64.143,0.826
104.536236,331.749,64.111,0.834
104.547846,372.818,66.132,0.839
104.559456,372.236,66.105,0.846
104.571066,371.673,66.078,0.862
104.582676,371.390,66.065,0.875
104.594286,371.165,66.055,0.883
104.605896,370.760,66.036,0.882
104.617506,370.615,66.029,0.878
104.629116,369.984,66.000,0.870
104.640726,369.232,65.964,0.857
104.652336,368.677,65.938,0.841
104.663946,368.519,65.931,0.813
104.675556,368.845,65.946,0.773
104.687166,369.888,65.995,0.722
104.698776,369.130,65.960,0.690
104.710385,367.901,65.902,0.639
104.721995,123.197,46.962,0.574
104.733605,327.918,63.910,0.521
104.745215,324.513,63.729,0.526
104.756825,323.818,63.692,0.554
104.768435,324.261,63.716,0.587
104.780045,202.195,55.539,0.618
104.791655,202.199,55.539,0.646
104.803265,202.221,55.541,0.672
104.814875,202.235,55.542,0.708
104.826485,322.765,63.636,0.770
104.838095,322.261,63.609,0.780
104.849705,323.025,63.650,0.784
104.861315,324.571,63.732,0.789
104.872925,327.959,63.912,0.803
104.884535,328.567,63.944,0.811
104.896145,328.282,63.929,0.814
104.907755,328.194,63.925,0.816
104.919365,328.678,63.950,0.800
104.930975,328.743,63.953,0.814
104.942585,328.274,63.929,0.827
104.954195,327.550,63.891,0.834
104.965805,327.174,63.871,0.833
104.977415,327.611,63.894,0.835
104.989025,328.367,63.934,0.840
105.000635,328.852,63.959,0.841
105.012245,329.180,63.976,0.841
105.023855,329.226,63.979,0.838
105.035465,329.878,64.013,0.838
105.047075,330.650,64.054,0.841
105.058685,330.849,64.064,0.838
105.070295,330.634,64.053,0.832
105.081905,330.373,64.039,0.824
105.093515,330.376,64.039,0.817
105.105125,330.595,64.051,0.806
105.116735,330.769,64.060,0.796
105.128345,330.263,64.033,0.781
105.139955,329.722,64.005,0.764
105.151565,329.642,64.001,0.755
105.163175,329.786,64.008,0.754
105.174785,329.905,64.015,0.755
105.186395,329.943,64.017,0.757
105.198005,329.902,64.014,0.759
105.209615,329.642,64.001,0.760
105.221224,329.220,63.979,0.761
105.232834,330.640,64.053,0.798
105.244444,333.201,64.187,0.822
105.256054,335.175,64.289,0.834
105.267664,334.839,64.272,0.846
105.279274,334.468,64.252,0.855
105.290884,333.736,64.214,0.860
105.302494,333.114,64.182,0.863
105.314104,332.552,64.153,0.870
105.325714,331.877,64.118,0.860
105.337324,332.152,64.132,0.860
105.348934,330.546,64.048,0.858
105.360544,330.823,64.063,0.855
105.372154,350.604,65.068,0.866
105.383764,746.440,78.150,0.877
105.395374,367.112,65.865,0.889
105.406984,368.993,65.953,0.902
105.418594,369.885,65.995,0.903
105.430204,370.436,66.021,0.895
105.441814,370.564,66.027,0.888
105.453424,371.056,66.050,0.877
105.465034,371.125,66.053,0.852
105.476644,370.988,66.046,0.822
105.488254,371.098,66.052,0.780
105.499864,371.067,66.050,0.704
105.511474,370.488,66.023,0.628
105.523084,368.434,65.927,0.545
105.534694,366.453,65.833,0.487
105.546304,728.719,77.734,0.517
105.557914,721.497,77.562,0.540
105.569524,718.804,77.497,0.563
105.581134,712.440,77.343,0.589
105.592744,707.835,77.231,0.607
105.604354,709.775,77.278,0.622
105.615964,459.620,69.755,0.635
105.627574,349.641,65.020,0.644
105.639184,349.543,65.016,0.649
105.650794,349.519,65.014,0.654
105.662404,363.784,65.707,0.656
105.674014,155.297,50.970,0.666
105.685624,290.902,61.836,0.679
105.697234,324.616,63.735,0.751
105.708844,316.054,63.272,0.771
105.720454,313.373,63.125,0.790
105.732063,310.269,62.952,0.801
105.743673,307.961,62.823,0.815
105.755283,306.526,62.742,0.829
105.766893,304.367,62.620,0.840
105.778503,301.860,62.476,0.849
105.790113,290.932,61.838,0.838
105.801723,289.151,61.732,0.834
105.813333,288.644,61.701,0.837
105.824943,290.183,61.794,0.845
105.836553,290.932,61.838,0.851
105.848163,291.794,61.889,0.858
105.859773,292.558,61.935,0.860
105.871383,293.274,61.977,0.857
105.882993,294.265,62.035,0.851
105.894603,98.465,43.082,0.859
105.906213,98.317,43.056,0.861
105.917823,728.664,77.733,0.859
105.929433,711.789,77.327,0.851
105.941043,221.107,57.087,0.837
105.952653,221.835,57.144,0.825
105.964263,220.981,57.077,0.816
105.975873,220.336,57.026,0.806
105.987483,219.181,56.935,0.784
105.999093,218.608,56.890,0.752
106.010703,218.479,56.880,0.720
106.022313,218.344,56.869,0.689
106.033923,218.370,56.871,0.673
106.045533,218.251,56.862,0.672
106.057143,218.737,56.900,0.707
106.068753,221.627,57.128,0.732
106.080363,265.406,60.248,0.746
106.091973,230.359,57.797,0.774
106.103583,323.500,63.675,0.792
106.115193,324.749,63.742,0.808
106.126803,326.212,63.820,0.816
106.138413,327.911,63.910,0.817
106.150023,329.019,63.968,0.816
106.161633,329.036,63.969,0.820
106.173243,329.809,64.010,0.821
106.184853,331.085,64.076,0.805
106.196463,333.165,64.185,0.818
106.208073,335.032,64.282,0.819
106.219683,335.393,64.300,0.812
106.231293,337.186,64.393,0.812
106.242902,347.359,64.907,0.804
106.254512,358.766,65.466,0.795
106.266122,362.364,65.639,0.795
106.277732,364.070,65.721,0.802
106.289342,367.916,65.902,0.775
106.300952,369.350,65.970,0.758
106.312562,369.448,65.974,0.757
106.324172,368.947,65.951,0.748
106.335782,368.533,65.931,0.735
106.347392,368.303,65.921,0.718
106.359002,367.412,65.879,0.693
106.370612,367.774,65.896,0.664
106.382222,367.546,65.885,0.647
106.393832,349.892,65.033,0.630
106.405442,349.697,65.023,0.610
106.417052,349.768,65.027,0.591
106.428662,110.931,45.146,0.566
106.440272,110.918,45.144,0.537
106.451882,110.936,45.147,0.507
106.463492,222.191,57.172,0.480
106.475102,222.958,57.231,0.465
106.486712,372.955,66.138,0.522
106.498322,384.534,66.667,0.639
106.509932,387.563,66.803,0.693
106.521542,388.201,66.832,0.733
106.533152,388.479,66.844,0.767
106.544762,386.881,66.773,0.796
106.556372,384.897,66.684,0.814
106.567982,383.299,66.612,0.831
106.579592,381.371,66.524,0.848
106.591202,378.571,66.397,0.853
106.602812,705.506,77.174,0.860
106.614422,342.926,64.685,0.865
106.626032,337.830,64.426,0.866
106.637642,335.044,64.282,0.856
106.649252,333.980,64.227,0.848
106.660862,332.628,64.157,0.846
106.672472,331.032,64.074,0.842
106.684082,330.030,64.021,0.837
106.695692,329.702,64.004,0.830
106.707302,329.700,64.004,0.823
106.718912,329.695,64.004,0.824
106.730522,329.421,63.989,0.836
106.742132,329.250,63.980,0.848
106.753741,329.070,63.971,0.850
106.765351,329.212,63.978,0.849
106.776961,329.471,63.992,0.849
106.788571,329.783,64.008,0.851
106.800181,330.082,64.024,0.855
106.811791,330.433,64.042,0.856
106.823401,330.569,64.049,0.855
106.835011,330.505,64.046,0.850
106.846621,330.355,64.038,0.844
106.858231,330.147,64.027,0.843
106.869841,164.936,52.013,0.848
106.881451,164.862,52.005,0.859
106.893061,164.859,52.005,0.862
106.904671,165.097,52.030,0.873
106.916281,165.501,52.072,0.869
106.927891,166.063,52.131,0.870
106.939501,166.966,52.225,0.884
106.951111,168.107,52.342,0.890
106.962721,169.108,52.445,0.897
106.974331,220.021,57.002,0.893
106.985941,110.689,45.108,0.889
106.997551,110.677,45.106,0.876
107.009161,110.542,45.085,0.882
107.020771,110.436,45.068,0.885
107.032381,110.343,45.054,0.876
107.043991,220.582,57.046,0.868
107.055601,220.202,57.016,0.851
107.067211,220.010,57.001,0.835
107.078821,220.057,57.004,0.823
107.090431,219.962,56.997,0.813
107.102041,219.984,56.999,0.788
107.113651,220.110,57.009,0.763
107.125261,220.213,57.017,0.732
107.136871,220.375,57.030,0.700
107.148481,220.892,57.070,0.706
107.160091,222.194,57.172,0.744
107.171701,223.224,57.252,0.763
107.183311,223.593,57.280,0.776
107.194921,223.343,57.261,0.790
107.206531,222.846,57.223,0.802
107.218141,222.588,57.202,0.815
107.229751,222.316,57.181,0.830
107.241361,222.342,57.183,0.830
107.252971,221.176,57.092,0.820
107.264580,220.420,57.033,0.818
107.276190,219.739,56.979,0.822
107.287800,219.310,56.946,0.830
107.299410,219.894,56.992,0.839
107.311020,220.378,57.030,0.848
107.322630,220.204,57.016,0.846
107.334240,220.315,57.025,0.841
107.345850,220.461,57.036,0.831
107.357460,220.933,57.073,0.821
107.369070,222.258,57.177,0.805
107.380680,224.776,57.372,0.791
107.392290,243.857,58.782,0.774
107.403900,248.237,59.091,0.752
107.415510,248.694,59.122,0.740
107.427120,248.367,59.100,0.737
107.438730,247.745,59.056,0.740
107.450340,247.297,59.025,0.740
107.461950,246.787,58.989,0.747
107.473560,245.973,58.932,0.745
107.485170,245.677,58.911,0.767
107.496780,246.104,58.941,0.804
107.508390,246.954,59.001,0.827
107.520000,247.909,59.068,0.838
107.531610,248.585,59.115,0.843
107.543220,248.880,59.135,0.844
107.554830,248.952,59.140,0.845
107.566440,248.731,59.125,0.851
107.578050,248.742,59.126,0.841
107.589660,247.977,59.072,0.818
107.601270,245.690,58.912,0.796
107.612880,244.931,58.858,0.791
107.624490,244.974,58.862,0.802
107.636100,245.499,58.899,0.812
107.647710,245.849,58.923,0.805
107.659320,246.608,58.977,0.796
107.670930,247.239,59.021,0.798
107.682540,248.196,59.088,0.814
107.694150,276.360,60.949,0.832
107.705760,281.478,61.266,0.858
107.717370,287.447,61.629,0.875
107.728980,291.104,61.848,0.886
107.740590,292.508,61.932,0.900
107.752200,293.304,61.979,0.909
107.763810,294.104,62.026,0.915
107.775420,295.061,62.082,0.910
107.787029,295.355,62.099,0.902
107.798639,295.116,62.085,0.884
107.810249,294.752,62.064,0.858
107.821859,294.418,62.044,0.834
107.833469,294.253,62.035,0.810
107.845079,294.065,62.024,0.783
107.856689,293.699,62.002,0.744
107.868299,292.869,61.953,0.710
107.879909,291.755,61.887,0.665
107.891519,751.089,78.258,0.610
107.903129,747.692,78.179,0.561
107.914739,760.566,78.475,0.508
107.926349,779.673,78.904,0.496
107.937959,103.498,43.945,0.511
107.949569,97.651,42.938,0.552
107.961179,250.137,59.223,0.618
107.972789,452.692,69.492,0.685
107.984399,461.767,69.836,0.711
107.996009,193.066,54.739,0.737
108.007619,111.706,45.266,0.746
108.019229,111.730,45.270,0.750
108.030839,111.612,45.252,0.753
108.042449,111.621,45.253,0.754
108.054059,216.598,56.730,0.755
108.065669,220.926,57.073,0.760
108.077279,223.176,57.248,0.779
108.088889,224.166,57.325,0.797
108.100499,223.792,57.296,0.816
108.112109,223.573,57.279,0.824
108.123719,223.504,57.274,0.828
108.135329,223.636,57.284,0.832
108.146939,223.794,57.296,0.833
108.158549,223.647,57.285,0.823
108.170159,222.698,57.211,0.809
108.181769,222.401,57.188,0.786
108.193379,223.279,57.256,0.758
108.204989,226.166,57.479,0.753
108.216599,244.819,58.851,0.771
108.228209,247.773,59.058,0.781
108.239819,248.991,59.143,0.782
108.251429,249.072,59.149,0.787
108.263039,248.765,59.127,0.797
108.274649,248.463,59.106,0.810
108.286259,248.332,59.097,0.825
108.297868,248.028,59.076,0.832
108.309478,247.272,59.023,0.833
108.321088,246.321,58.956,0.829
108.332698,245.779,58.918,0.833
108.344308,245.462,58.896,0.835
108.355918,245.416,58.893,0.836
108.367528,247.849,59.063,0.834
108.379138,249.026,59.146,0.832
108.390748,248.867,59.134,0.837
108.402358,247.798,59.060,0.845
108.413968,246.596,58.976,0.852
108.425578,244.898,58.856,0.855
108.437188,243.547,58.760,0.852
108.448798,242.744,58.703,0.851
108.460408,242.748,58.703,0.863
108.472018,242.622,58.695,0.870
108.483628,243.158,58.733,0.867
108.495238,244.169,58.805,0.850
108.506848,245.816,58.921,0.841
108.518458,248.428,59.104,0.833
108.530068,248.267,59.093,0.836
108.541678,250.500,59.248,0.837
108.553288,283.009,61.360,0.827
108.564898,286.408,61.567,0.813
108.576508,288.656,61.702,0.809
108.588118,289.797,61.770,0.818
108.599728,290.364,61.804,0.819
108.611338,291.509,61.872,0.819
108.622948,292.363,61.923,0.826
108.634558,292.652,61.940,0.826
108.646168,292.616,61.938,0.818
108.657778,292.051,61.905,0.817
108.669388,291.495,61.872,0.806
108.680998,291.068,61.846,0.792
108.692608,290.865,61.834,0.779
108.704218,290.486,61.812,0.762
108.715828,289.554,61.756,0.724
108.727438,286.692,61.584,0.679
108.739048,282.595,61.335,0.632
108.750658,750.655,78.248,0.569
108.762268,749.012,78.210,0.518
108.773878,759.529,78.451,0.477
108.785488,760.366,78.470,0.454
108.797098,764.310,78.560,0.432
108.808707,247.666,59.051,0.445
108.820317,403.964,67.521,0.585
108.831927,629.755,75.207,0.700
108.843537,219.621,56.970,0.741
108.855147,219.525,56.963,0.767
108.866757,219.784,56.983,0.786
108.878367,219.790,56.983,0.804
108.889977,219.467,56.958,0.813
108.901587,219.729,56.979,0.827
108.913197,220.242,57.019,0.825
108.924807,219.632,56.971,0.810
108.936417,219.865,56.989,0.801
108.948027,220.023,57.002,0.796
108.959637,220.086,57.007,0.790
108.971247,220.888,57.070,0.785
108.982857,221.623,57.127,0.787
108.994467,222.091,57.164,0.777
109.006077,222.847,57.223,0.777
109.017687,223.981,57.310,0.783
109.029297,224.488,57.350,0.776
109.040907,227.355,57.569,0.774
109.052517,247.343,59.028,0.775
109.064127,250.163,59.224,0.773
109.075737,250.589,59.254,0.779
109.087347,250.643,59.258,0.786
109.098957,250.112,59.221,0.788
109.110567,249.988,59.212,0.792
109.122177,249.003,59.144,0.810
109.133787,248.330,59.097,0.824
109.145397,247.864,59.065,0.836
109.157007,247.455,59.036,0.846
109.168617,246.979,59.003,0.850
109.180227,246.811,58.991,0.855
109.191837,246.787,58.989,0.855
109.203447,246.729,58.985,0.851
109.215057,246.799,58.990,0.843
109.226667,246.817,58.991,0.834
109.238277,246.763,58.987,0.822
109.249887,246.765,58.988,0.811
109.261497,246.647,58.979,0.803
109.273107,246.633,58.978,0.792
109.284717,246.402,58.962,0.786
109.296327,246.221,58.949,0.792
109.307937,245.827,58.922,0.807
109.319546,245.347,58.888,0.822
109.331156,244.890,58.856,0.826
109.342766,244.663,58.839,0.827
109.354376,122.860,46.914,0.845
109.365986,123.096,46.947,0.855
109.377596,106.411,44.426,0.869
109.389206,106.474,44.436,0.869
109.400816,106.688,44.471,0.857
109.412426,215.002,56.602,0.843
109.424036,214.634,56.573,0.844
109.435646,214.618,56.571,0.852
109.447256,214.353,56.550,0.856
109.458866,213.690,56.496,0.851
109.470476,212.087,56.366,0.846
109.482086,209.457,56.150,0.849
109.493696,207.428,55.981,0.860
109.505306,204.995,55.777,0.868
109.516916,92.660,42.030,0.867
109.528526,192.186,54.660,0.861
109.540136,187.257,54.210,0.841
109.551746,185.886,54.083,0.834
109.563356,184.132,53.919,0.819
109.574966,183.589,53.868,0.803
109.586576,183.747,53.883,0.787
109.598186,183.838,53.891,0.768
109.609796,183.517,53.861,0.758
109.621406,183.211,53.832,0.739
109.633016,91.933,41.894,0.721
109.644626,91.950,41.897,0.704
109.656236,92.119,41.929,0.688
109.667846,92.121,41.929,0.665
109.679456,92.231,41.950,0.621
109.691066,92.139,41.933,0.581
109.702676,92.563,42.012,0.534
109.714286,92.778,42.052,0.491
109.725896,185.479,54.045,0.445
109.737506,185.060,54.006,0.397
109.749116,185.746,54.070,0.344
109.760726,185.829,54.078,0.314
109.772336,92.862,42.068,0.303
109.783946,186.241,54.116,0.310
109.795556,243.905,58.786,0.380
109.807166,209.476,56.151,0.556
109.818776,200.106,55.359,0.691
109.830385,200.402,55.385,0.767
109.841995,211.525,56.320,0.801
109.853605,222.174,57.170,0.827
109.865215,225.482,57.426,0.844
109.876825,235.322,58.166,0.864
109.888435,227.167,57.555,0.884
109.900045,228.302,57.641,0.892
109.911655,82.481,40.015,0.893
109.923265,325.418,63.777,0.884
109.934875,326.826,63.852,0.875
109.946485,327.512,63.889,0.869
109.958095,328.455,63.938,0.872
109.969705,329.380,63.987,0.868
109.981315,330.472,64.044,0.852
109.992925,330.805,64.062,0.839
110.004535,331.512,64.099,0.818
110.016145,335.328,64.297,0.808
110.027755,342.141,64.645,0.811
110.039365,358.927,65.474,0.817
110.050975,364.913,65.761,0.814
110.062585,368.465,65.928,0.808
110.074195,368.728,65.941,0.811
110.085805,367.644,65.890,0.812
110.097415,361.447,65.595,0.823
110.109025,356.077,65.336,0.846
110.120635,348.209,64.949,0.851
110.132245,340.686,64.571,0.852
110.143855,335.563,64.309,0.854
110.155465,333.400,64.197,0.856
110.167075,332.596,64.155,0.863
110.178685,332.061,64.127,0.872
110.190295,331.169,64.081,0.876
110.201905,330.109,64.025,0.873
110.213515,329.461,63.991,0.873
110.225125,329.223,63.979,0.872
110.236735,329.556,63.996,0.868
110.248345,329.642,64.001,0.866
110.259955,329.391,63.988,0.858
110.271565,328.786,63.956,0.854
110.283175,328.076,63.918,0.842
110.294785,327.185,63.871,0.836
110.306395,326.719,63.847,0.826
110.318005,326.028,63.810,0.817
110.329615,324.491,63.728,0.807
110.341224,323.189,63.659,0.795
110.352834,321.567,63.571,0.788
110.364444,319.531,63.461,0.773
110.376054,290.752,61.827,0.760
110.387664,291.022,61.844,0.749
110.399274,290.628,61.820,0.757
110.410884,290.059,61.786,0.771
110.422494,290.956,61.840,0.784
110.434104,290.973,61.841,0.800
110.445714,292.316,61.920,0.813
110.457324,293.075,61.965,0.828
110.468934,293.587,61.995,0.840
110.480544,293.995,62.019,0.842
110.492154,294.484,62.048,0.847
110.503764,295.338,62.098,0.853
110.515374,297.420,62.220,0.857
110.526984,306.438,62.737,0.859
110.538594,327.351,63.880,0.874
110.550204,331.601,64.103,0.886
110.561814,333.301,64.192,0.890
110.573424,333.651,64.210,0.891
110.585034,332.897,64.171,0.891
110.596644,332.033,64.126,0.887
110.608254,330.969,64.070,0.885
110.619864,330.034,64.021,0.882
110.631474,328.257,63.928,0.871
110.643084,326.637,63.842,0.856
110.654694,326.212,63.820,0.851
110.666304,326.417,63.831,0.856
110.677914,327.470,63.886,0.856
110.689524,329.563,63.997,0.861
110.701134,331.774,64.112,0.863
110.712744,333.180,64.186,0.864
110.724354,334.050,64.231,0.859
110.735964,334.575,64.258,0.853
110.747574,334.808,64.270,0.845
110.759184,334.787,64.269,0.829
110.770794,332.904,64.171,0.810
110.782404,330.120,64.026,0.790
110.794014,327.499,63.888,0.768
110.805624,325.861,63.801,0.760
110.817234,325.262,63.769,0.753
110.828844,325.131,63.762,0.752
110.840454,327.870,63.907,0.764
110.852063,330.248,64.033,0.785
110.863673,331.528,64.100,0.807
110.875283,332.270,64.138,0.821
110.886893,332.005,64.124,0.836
110.898503,331.006,64.072,0.845
110.910113,330.141,64.027,0.848
110.921723,329.345,63.985,0.852
110.933333,328.745,63.954,0.849
110.944943,329.200,63.978,0.848
110.956553,330.501,64.046,0.851
110.968163,331.548,64.101,0.859
110.979773,333.182,64.186,0.865
110.991383,335.023,64.281,0.866
111.002993,336.011,64.332,0.874
111.014603,336.276,64.346,0.874
111.026213,335.748,64.319,0.875
111.037823,335.009,64.280,0.873
111.049433,334.154,64.236,0.867
111.061043,335.192,64.290,0.869
111.072653,336.379,64.351,0.868
111.084263,340.387,64.556,0.876
111.095873,345.811,64.830,0.879
111.107483,712.948,77.356,0.888
111.119093,359.411,65.498,0.894
111.130703,362.371,65.640,0.897
111.142313,364.660,65.749,0.895
111.153923,366.869,65.853,0.886
111.165533,368.293,65.920,0.882
111.177143,369.347,65.970,0.872
111.188753,369.600,65.982,0.868
111.200363,369.614,65.982,0.862
111.211973,369.666,65.985,0.859
111.223583,369.850,65.993,0.856
111.235193,370.176,66.009,0.854
111.246803,370.080,66.004,0.845
111.258413,369.711,65.987,0.836
111.270023,369.785,65.990,0.824
111.281633,369.709,65.987,0.805
111.293243,369.375,65.971,0.784
111.304853,369.608,65.982,0.761
111.316463,365.266,65.777,0.737
111.328073,81.656,39.842,0.708
111.339683,810.413,79.574,0.688
111.351293,808.118,79.525,0.652
111.362902,787.886,79.086,0.619
111.374512,81.719,39.855,0.591
111.386122,82.329,39.984,0.547
111.397732,359.792,65.516,0.499
111.409342,364.165,65.725,0.472
111.420952,366.663,65.843,0.457
111.432562,366.799,65.850,0.451
111.444172,367.475,65.882,0.458
111.455782,367.504,65.883,0.463
111.467392,367.562,65.886,0.471
111.479002,367.619,65.888,0.475
111.490612,184.651,53.968,0.481
111.502222,185.027,54.003,0.588
111.513832,185.237,54.022,0.671
111.525442,185.160,54.015,0.716
111.537052,185.449,54.042,0.743
111.548662,186.498,54.140,0.763
111.560272,211.431,56.312,0.793
111.571882,217.884,56.833,0.813
111.583492,220.398,57.031,0.832
111.595102,227.773,57.601,0.842
111.606712,229.127,57.704,0.836
111.618322,229.212,57.710,0.835
111.629932,330.474,64.044,0.840
111.641542,330.577,64.050,0.840
111.653152,330.878,64.066,0.827
111.664762,330.919,64.068,0.814
111.676372,330.909,64.067,0.806
111.687982,331.172,64.081,0.799
111.699592,336.838,64.375,0.809
111.711202,346.803,64.879,0.816
111.722812,363.578,65.697,0.817
111.734422,366.925,65.856,0.824
111.746032,368.859,65.947,0.830
111.757642,368.973,65.952,0.838
111.769252,368.240,65.918,0.839
111.780862,367.382,65.877,0.849
111.792472,360.960,65.572,0.858
111.804082,350.043,65.040,0.864
111.815692,344.887,64.783,0.865
111.827302,341.021,64.588,0.861
111.838912,337.723,64.420,0.862
111.850522,335.622,64.312,0.860
111.862132,333.956,64.226,0.860
111.873741,332.027,64.126,0.852
111.885351,329.566,63.997,0.846
111.896961,328.212,63.925,0.839
111.908571,327.788,63.903,0.835
111.920181,327.539,63.890,0.836
111.931791,327.065,63.865,0.831
111.943401,326.954,63.859,0.836
111.955011,326.702,63.846,0.840
111.966621,326.377,63.828,0.843
111.978231,326.119,63.815,0.842
111.989841,325.001,63.755,0.839
112.001451,323.163,63.657,0.836
112.013061,287.967,61.661,0.835
112.024671,289.586,61.758,0.838
112.036281,146.517,49.963,0.826
112.047891,146.113,49.915,0.807
112.059501,290.970,61.840,0.782
112.071111,290.268,61.799,0.747
112.082721,290.524,61.814,0.710
112.094331,291.688,61.883,0.669
112.105941,294.094,62.025,0.605
112.117551,323.952,63.699,0.497
112.129161,327.288,63.877,0.432
112.140771,327.683,63.898,0.421
112.152381,327.985,63.914,0.418
112.163991,328.198,63.925,0.414
112.175601,328.485,63.940,0.415
112.187211,328.257,63.928,0.430
112.198821,747.489,78.175,0.472
112.210431,97.937,42.989,0.518
112.222041,329.949,64.017,0.659
112.233651,330.921,64.068,0.707
112.245261,332.307,64.140,0.739
112.256871,331.600,64.103,0.756
112.268481,330.885,64.066,0.774
112.280091,329.982,64.019,0.792
112.291701,329.203,63.978,0.806
112.303311,328.524,63.942,0.823
112.314921,327.688,63.898,0.818
112.326531,326.528,63.836,0.824
112.338141,326.233,63.821,0.833
112.349751,326.593,63.840,0.846
112.361361,327.216,63.873,0.851
112.372971,328.636,63.948,0.854
112.384580,329.314,63.984,0.858
112.396190,330.141,64.027,0.854
112.407800,330.432,64.042,0.850
112.419410,330.461,64.044,0.839
112.431020,329.376,63.987,0.826
112.442630,326.572,63.839,0.811
112.454240,322.991,63.648,0.802
112.465850,321.631,63.575,0.793
112.477460,321.145,63.549,0.782
112.489070,321.875,63.588,0.779
112.500680,323.131,63.655,0.775
112.512290,168.440,52.377,0.774
112.523900,168.496,52.383,0.771
112.535510,332.861,64.169,0.758
112.547120,334.303,64.244,0.743
112.558730,335.455,64.303,0.724
112.570340,336.100,64.337,0.699
112.581950,335.960,64.329,0.660
112.593560,332.728,64.162,0.618
112.605170,327.702,63.899,0.565
112.616780,324.506,63.729,0.506
112.628390,323.283,63.664,0.498
112.640000,326.159,63.817,0.640
112.651610,328.154,63.922,0.687
112.663220,328.911,63.962,0.733
112.674830,329.461,63.991,0.767
112.686440,330.491,64.045,0.792
112.698050,330.841,64.064,0.813
112.709660,330.472,64.044,0.831
112.721270,330.444,64.043,0.843
112.732880,330.574,64.050,0.842
112.744490,331.536,64.100,0.848
112.756100,332.959,64.174,0.853
112.767710,333.930,64.225,0.848
112.779320,334.825,64.271,0.848
112.790930,337.653,64.416,0.847
112.802540,92.401,41.982,0.848
112.814150,362.948,65.667,0.855
112.825760,366.392,65.831,0.863
112.837370,368.721,65.940,0.867
112.848980,370.016,66.001,0.868
112.860590,370.815,66.038,0.873
112.872200,370.877,66.041,0.871
112.883810,370.965,66.045,0.867
112.895420,370.915,66.043,0.867
112.907029,370.462,66.022,0.865
112.918639,370.403,66.019,0.852
112.930249,370.460,66.022,0.839
112.941859,369.989,66.000,0.823
112.953469,369.186,65.962,0.807
112.965079,368.504,65.930,0.792
112.976689,368.031,65.908,0.779
112.988299,367.672,65.891,0.747
112.999909,366.093,65.816,0.702
113.011519,364.397,65.736,0.662
113.023129,1002.273,83.252,0.615
113.034739,336.637,64.364,0.560
113.046349,336.675,64.366,0.517
113.057959,335.612,64.312,0.500
113.069569,186.660,54.155,0.568
113.081179,187.053,54.191,0.611
113.092789,187.088,54.195,0.643
113.104399,186.804,54.168,0.668
113.116009,186.870,54.174,0.686
113.127619,186.853,54.173,0.689
113.139229,186.879,54.175,0.688
113.150839,186.792,54.167,0.685
113.162449,186.621,54.151,0.659
113.174059,186.296,54.121,0.628
113.185669,185.945,54.088,0.589
113.197279,184.751,53.977,0.535
113.208889,184.260,53.931,0.461
113.220499,769.839,78.685,0.412
113.232109,763.071,78.532,0.396
113.243719,754.665,78.340,0.384
113.255329,238.325,58.385,0.554
113.266939,208.531,56.073,0.691
113.278549,211.905,56.351,0.737
113.290159,209.940,56.190,0.769
113.301769,331.829,64.115,0.800
113.313379,331.282,64.087,0.814
113.324989,330.975,64.071,0.827
113.336599,329.737,64.006,0.844
113.348209,329.027,63.968,0.856
113.359819,329.240,63.980,0.850
113.371429,330.123,64.026,0.850
113.383039,330.930,64.068,0.851
113.394649,332.998,64.176,0.857
113.406259,334.500,64.254,0.864
113.417868,183.916,53.899,0.874
113.429478,184.743,53.976,0.877
113.441088,184.926,53.993,0.879
113.452698,367.219,65.870,0.878
113.464308,368.077,65.910,0.871
113.475918,369.785,65.990,0.860
113.487528,371.332,66.062,0.840
113.499138,370.874,66.041,0.839
113.510748,369.909,65.996,0.827
113.522358,370.563,66.027,0.812
113.533968,373.465,66.162,0.793
113.545578,374.059,66.189,0.785
113.557188,373.766,66.176,0.788
113.568798,373.973,66.185,0.798
113.580408,328.385,63.935,0.803
113.592018,328.637,63.948,0.793
113.603628,329.181,63.977,0.793
113.615238,329.491,63.993,0.800
113.626848,329.502,63.993,0.807
113.638458,330.185,64.029,0.796
113.650068,330.963,64.070,0.783
113.661678,331.551,64.101,0.767
113.673288,331.697,64.108,0.762
113.684898,330.606,64.051,0.784
113.696508,295.340,62.098,0.805
113.708118,295.061,62.082,0.814
113.719728,294.360,62.041,0.814
113.731338,294.019,62.021,0.827
113.742948,294.020,62.021,0.840
113.754558,294.006,62.020,0.851
113.766168,294.049,62.023,0.858
113.777778,293.786,62.007,0.849
113.789388,293.544,61.993,0.826
113.800998,293.485,61.989,0.802
113.812608,293.557,61.994,0.781
113.824218,293.537,61.992,0.755
113.835828,293.571,61.994,0.726
113.847438,292.950,61.958,0.689
113.859048,291.741,61.886,0.633
113.870658,289.976,61.781,0.531
113.882268,284.847,61.472,0.533
113.893878,317.518,63.352,0.650
113.905488,318.938,63.429,0.742
113.917098,319.144,63.440,0.787
113.928707,320.470,63.512,0.831
113.940317,323.625,63.682,0.878
113.951927,325.011,63.756,0.890
113.963537,325.944,63.805,0.899
113.975147,327.653,63.896,0.905
113.986757,330.759,64.059,0.900
113.998367,333.114,64.182,0.887
114.009977,332.957,64.174,0.881
114.021587,331.217,64.083,0.863
114.033197,327.341,63.879,0.827
114.044807,326.520,63.836,0.829
114.056417,327.219,63.873,0.832
114.068027,327.155,63.870,0.834
114.079637,328.073,63.918,0.840
114.091247,330.144,64.027,0.843
114.102857,331.947,64.121,0.838
114.114467,332.201,64.135,0.838
114.126077,332.435,64.147,0.836
114.137687,331.769,64.112,0.831
114.149297,330.049,64.022,0.818
114.160907,328.014,63.915,0.814
114.172517,326.921,63.857,0.815
114.184127,326.773,63.849,0.818
114.195737,327.021,63.863,0.818
114.207347,327.927,63.910,0.812
114.218957,329.437,63.990,0.815
114.230567,330.456,64.043,0.823
114.242177,330.560,64.049,0.828
114.253787,330.485,64.045,0.823
114.265397,330.269,64.034,0.807
114.277007,329.701,64.004,0.787
114.288617,329.257,63.981,0.766
114.300227,328.479,63.940,0.753
114.311837,326.774,63.849,0.719
114.323447,324.061,63.705,0.666
114.335057,319.554,63.463,0.699
114.346667,280.019,61.176,0.708
114.358277,282.846,61.350,0.717
114.369887,285.925,61.538,0.735
114.381497,288.001,61.663,0.756
114.393107,290.003,61.783,0.779
114.404717,291.378,61.865,0.801
114.416327,292.147,61.910,0.819
114.427937,292.892,61.954,0.816
114.439546,293.398,61.984,0.822
114.451156,293.527,61.992,0.828
114.462766,293.585,61.995,0.835
114.474376,293.575,61.995,0.838
114.485986,293.654,61.999,0.839
114.497596,293.806,62.008,0.837
114.509206,293.738,62.004,0.827
114.520816,293.499,61.990,0.810
114.532426,293.414,61.985,0.794
114.544036,294.914,62.074,0.787
114.555646,299.957,62.367,0.784
114.567256,316.785,63.312,0.791
114.578866,324.390,63.723,0.809
114.590476,327.963,63.912,0.834
114.602086,329.048,63.970,0.856
114.613696,329.571,63.997,0.873
114.625306,330.259,64.033,0.879
114.636916,330.725,64.058,0.878
114.648526,330.750,64.059,0.875
114.660136,331.268,64.086,0.875
114.671746,332.784,64.165,0.869
114.683356,335.050,64.282,0.851
114.694966,682.562,76.601,0.839
114.706576,695.566,76.928,0.834
114.718186,702.918,77.110,0.833
114.729796,358.527,65.455,0.838
114.741406,363.246,65.681,0.844
114.753016,367.084,65.863,0.847
114.764626,369.364,65.970,0.859
114.776236,370.356,66.017,0.874
114.787846,370.356,66.017,0.883
114.799456,370.106,66.005,0.886
114.811066,370.087,66.004,0.880
114.822676,370.090,66.004,0.875
114.834286,370.110,66.005,0.865
114.845896,370.052,66.003,0.845
114.857506,370.034,66.002,0.810
114.869116,370.734,66.035,0.757
114.880726,372.024,66.095,0.676
114.892336,371.955,66.091,0.537
114.903946,733.884,77.857,0.480
114.915556,724.890,77.643,0.407
114.927166,719.119,77.505,0.370
114.938776,713.248,77.363,0.375
114.950385,148.415,50.186,0.547
114.961995,252.540,59.388,0.705
114.973605,251.245,59.299,0.766
114.985215,251.495,59.316,0.816
114.996825,249.948,59.209,0.842
115.008435,249.204,59.158,0.862
115.020045,249.147,59.154,0.875
115.031655,248.977,59.142,0.884
115.043265,248.791,59.129,0.886
115.054875,248.067,59.079,0.876
115.066485,246.633,58.978,0.867
115.078095,245.972,58.932,0.843
115.089705,245.278,58.883,0.826
115.101315,245.044,58.866,0.825
115.112925,245.007,58.864,0.834
115.124535,245.385,58.891,0.839
115.136145,246.050,58.937,0.846
115.147755,246.898,58.997,0.846
115.159365,247.709,59.054,0.848
115.170975,247.684,59.052,0.853
115.182585,247.538,59.042,0.855
115.194195,247.842,59.063,0.844
115.205805,247.627,59.048,0.823
115.217415,247.260,59.022,0.813
115.229025,246.496,58.969,0.803
115.240635,246.088,58.940,0.798
115.252245,245.917,58.928,0.792
115.263855,246.324,58.957,0.789
115.275465,246.518,58.970,0.792
115.287075,246.195,58.948,0.793
115.298685,246.373,58.960,0.792
115.310295,246.392,58.961,0.786
115.321905,246.269,58.953,0.774
115.333515,246.059,58.938,0.763
115.345125,245.762,58.917,0.752
115.356735,245.519,58.900,0.747
115.368345,245.077,58.869,0.737
115.379955,244.566,58.833,0.738
115.391565,246.292,58.954,0.767
115.403175,264.606,60.196,0.790
115.414785,267.609,60.391,0.808
115.426395,269.330,60.502,0.819
115.438005,292.207,61.914,0.824
115.449615,292.662,61.941,0.828
115.461224,292.923,61.956,0.839
115.472834,292.933,61.957,0.846
115.484444,293.306,61.979,0.842
115.496054,293.453,61.988,0.841
115.507664,293.479,61.989,0.842
115.519274,293.589,61.996,0.849
115.530884,293.893,62.013,0.858
115.542494,294.250,62.034,0.868
115.554104,294.607,62.055,0.866
115.565714,294.879,62.071,0.863
115.577324,294.989,62.078,0.854
115.588934,295.127,62.086,0.843
115.600544,294.863,62.071,0.836
115.612154,293.903,62.014,0.832
115.623764,292.985,61.960,0.814
115.635374,292.893,61.954,0.804
115.646984,293.294,61.978,0.808
115.658594,293.801,62.008,0.813
115.670204,293.791,62.007,0.820
115.681814,293.731,62.004,0.828
115.693424,293.978,62.018,0.829
115.705034,294.837,62.069,0.832
115.716644,295.588,62.113,0.841
115.728254,297.518,62.226,0.839
115.739864,300.844,62.418,0.837
115.751474,306.911,62.764,0.840
115.763084,315.199,63.225,0.850
115.774694,322.264,63.609,0.856
115.786304,324.513,63.729,0.861
115.797914,327.130,63.868,0.857
115.809524,328.297,63.930,0.857
115.821134,329.414,63.989,0.859
115.832744,330.157,64.028,0.862
115.844354,330.719,64.057,0.862
115.855964,331.285,64.087,0.856
115.867574,331.283,64.087,0.854
115.879184,330.594,64.051,0.851
115.890794,329.583,63.998,0.852
115.902404,328.598,63.946,0.848
115.914014,327.501,63.888,0.840
115.925624,324.748,63.742,0.841
115.937234,799.360,79.336,0.855
115.948844,288.193,61.674,0.865
115.960454,289.813,61.771,0.867
115.972063,290.182,61.793,0.869
115.983673,288.516,61.694,0.865
115.995283,287.332,61.623,0.863
116.006893,286.934,61.599,0.869
116.018503,287.474,61.631,0.862
116.030113,286.328,61.562,0.840
116.041723,284.269,61.437,0.820
116.053333,247.587,59.045,0.813
116.064943,246.910,58.998,0.809
116.076553,247.168,59.016,0.809
116.088163,246.736,58.986,0.815
116.099773,246.086,58.940,0.809
116.111383,246.139,58.944,0.810
116.122993,246.254,58.952,0.814
116.134603,246.594,58.976,0.817
116.146213,246.891,58.996,0.812
116.157823,247.134,59.013,0.806
116.169433,247.295,59.025,0.798
116.181043,247.317,59.026,0.785
116.192653,247.194,59.018,0.771
116.204263,247.091,59.010,0.751
116.215873,246.905,58.997,0.724
116.227483,246.644,58.979,0.695
116.239093,246.287,58.954,0.660
116.250703,244.973,58.861,0.619
116.262313,243.382,58.749,0.565
116.273923,165.748,52.098,0.495
116.285533,818.201,79.739,0.449
116.297143,817.184,79.718,0.446
116.308753,331.234,64.084,0.445
116.320363,331.876,64.118,0.447
116.331973,330.642,64.053,0.455
116.343583,327.985,63.913,0.464
116.355193,325.126,63.762,0.511
116.366803,759.452,78.449,0.603
116.378413,179.061,53.435,0.670
116.390023,762.415,78.517,0.737
116.401633,763.695,78.546,0.768
116.413243,760.983,78.484,0.786
116.424853,100.136,43.374,0.798
116.436463,265.958,60.284,0.813
116.448073,242.349,58.675,0.828
116.459683,242.599,58.693,0.834
116.471293,243.444,58.753,0.839
116.482902,246.168,58.946,0.831
116.494512,246.953,59.001,0.825
116.506122,246.794,58.990,0.813
116.517732,247.101,59.011,0.802
116.529342,247.396,59.032,0.785
116.540952,248.451,59.106,0.757
116.552562,248.623,59.117,0.722
116.564172,248.721,59.124,0.663
116.575782,248.769,59.128,0.572
116.587392,83.037,40.132,0.432
116.599002,777.238,78.850,0.442
116.610612,777.856,78.864,0.473
116.622222,741.977,78.046,0.573
116.633832,764.223,78.558,0.662
116.645442,309.399,62.904,0.723
116.657052,317.332,63.342,0.769
116.668662,323.982,63.701,0.801
116.680272,325.452,63.779,0.823
116.691882,328.066,63.918,0.858
116.703492,329.458,63.991,0.875
116.715102,329.582,63.998,0.878
116.726712,330.353,64.038,0.879
116.738322,332.078,64.128,0.883
116.749932,335.531,64.307,0.884
116.761542,338.580,64.464,0.882
116.773152,343.653,64.721,0.888
116.784762,359.442,65.499,0.879
116.796372,365.966,65.810,0.885
116.807982,368.220,65.917,0.898
116.819592,369.125,65.959,0.902
116.831202,370.043,66.002,0.898
116.842812,370.870,66.041,0.897
116.854422,371.103,66.052,0.900
116.866032,370.442,66.021,0.900
116.877642,369.746,65.988,0.902
116.889252,369.357,65.970,0.899
116.900862,368.988,65.953,0.890
116.912472,368.738,65.941,0.883
116.924082,368.533,65.931,0.884
116.935692,368.218,65.917,0.885
116.947302,367.524,65.884,0.888
116.958912,366.134,65.818,0.886
116.970522,363.374,65.687,0.879
116.982132,359.819,65.517,0.870
116.993741,357.186,65.390,0.864
117.005351,354.750,65.272,0.865
117.016961,351.775,65.126,0.864
117.028571,348.454,64.962,0.859
117.040181,346.349,64.857,0.852
117.051791,346.674,64.873,0.846
117.063401,349.080,64.993,0.846
117.075011,352.749,65.174,0.847
117.086621,356.121,65.338,0.848
117.098231,360.947,65.571,0.850
117.109841,366.403,65.831,0.861
117.121451,368.265,65.919,0.876
117.133061,369.296,65.967,0.889
117.144671,369.743,65.988,0.896
117.156281,370.096,66.005,0.894
117.167891,369.808,65.991,0.891
117.179501,369.326,65.969,0.887
117.191111,368.980,65.952,0.879
117.202721,368.481,65.929,0.865
117.214331,367.693,65.892,0.847
117.225941,367.131,65.866,0.810
117.237551,365.952,65.810,0.775
117.249161,363.167,65.678,0.754
117.260771,350.310,65.054,0.745
117.272381,326.679,63.844,0.746
117.283991,280.083,61.180,0.776
117.295601,259.563,59.863,0.794
117.307211,251.780,59.336,0.801
117.318821,250.409,59.241,0.817
117.330431,249.978,59.212,0.823
117.342041,249.753,59.196,0.825
117.353651,250.370,59.239,0.820
117.365261,250.193,59.226,0.812
117.376871,249.906,59.207,0.781
117.388481,248.220,59.089,0.739
117.400091,245.708,58.913,0.683
117.411701,244.521,58.829,0.610
117.423311,184.717,53.974,0.555
117.434921,184.210,53.926,0.563
117.446531,372.077,66.097,0.619
117.458141,362.138,65.628,0.683
117.469751,184.092,53.915,0.718
117.481361,184.277,53.932,0.737
117.492971,219.912,56.993,0.753
117.504580,228.851,57.683,0.767
117.516190,251.200,59.296,0.799
117.527800,250.122,59.222,0.806
117.539410,248.453,59.106,0.807
117.551020,247.622,59.048,0.806
117.562630,247.708,59.054,0.805
117.574240,246.028,58.936,0.806
117.585850,243.825,58.780,0.829
117.597460,242.518,58.687,0.853
117.609070,241.602,58.622,0.854
117.620680,241.384,58.606,0.861
117.632290,241.328,58.602,0.864
117.643900,241.186,58.592,0.859
117.655510,242.276,58.670,0.875
117.667120,244.533,58.830,0.903
117.678730,246.706,58.983,0.907
117.690340,248.284,59.094,0.896
117.701950,249.072,59.149,0.884
117.713560,249.270,59.162,0.876
117.725170,248.881,59.135,0.874
117.736780,248.183,59.087,0.882
117.748390,246.529,58.971,0.876
117.760000,244.833,58.852,0.843
117.771610,243.953,58.789,0.833
117.783220,244.474,58.826,0.845
117.794830,245.087,58.869,0.847
117.806440,246.281,58.954,0.856
117.818050,246.902,58.997,0.872
117.829660,247.781,59.059,0.881
117.841270,248.240,59.091,0.883
117.852880,248.261,59.092,0.884
117.864490,248.257,59.092,0.874
117.876100,247.927,59.069,0.861
117.887710,247.544,59.042,0.863
117.899320,247.080,59.010,0.854
117.910930,246.744,58.986,0.829
117.922540,246.106,58.941,0.795
117.934150,244.963,58.861,0.768
117.945760,243.776,58.777,0.761
117.957370,103.100,43.879,0.759
117.968980,101.435,43.597,0.751
117.980590,199.511,55.308,0.736
117.992200,199.193,55.280,0.719
118.003810,198.472,55.217,0.709
118.015420,193.924,54.816,0.697
118.027029,192.961,54.730,0.670
118.038639,192.914,54.725,0.628
118.050249,188.781,54.350,0.567
118.061859,184.875,53.989,0.496
118.073469,184.838,53.985,0.441
118.085079,185.485,54.046,0.433
118.096689,185.714,54.067,0.443
118.108299,185.967,54.091,0.473
118.119909,186.865,54.174,0.522
118.131519,188.169,54.294,0.575
118.143129,188.706,54.344,0.607
118.154739,194.806,54.894,0.626
118.166349,195.307,54.939,0.634
118.177959,195.321,54.940,0.646
118.189569,131.861,48.138,0.656
118.201179,131.884,48.141,0.650
118.212789,131.907,48.144,0.635
118.224399,131.896,48.143,0.605
118.236009,123.986,47.072,0.569
118.247619,123.891,47.059,0.527
118.259229,123.933,47.065,0.499
118.270839,123.305,46.977,0.465
118.282449,737.367,77.939,0.482
118.294059,633.368,75.306,0.597
118.305669,242.010,58.651,0.671
118.317279,241.928,58.645,0.717
118.328889,133.413,48.341,0.747
118.340499,354.161,65.243,0.779
118.352109,313.373,63.125,0.801
118.363719,314.029,63.161,0.818
118.375329,316.258,63.283,0.834
118.386939,330.191,64.030,0.850
118.398549,333.839,64.220,0.866
118.410159,334.169,64.237,0.875
118.421769,335.821,64.322,0.877
118.433379,337.124,64.389,0.879
118.444989,339.245,64.498,0.890
118.456599,341.430,64.609,0.897
118.468209,346.077,64.843,0.903
118.479819,352.713,65.172,0.901
118.491429,360.291,65.540,0.894
118.503039,364.215,65.727,0.892
118.514649,366.566,65.839,0.895
118.526259,368.627,65.936,0.903
118.537868,370.063,66.003,0.909
118.549478,370.473,66.022,0.913
118.561088,370.175,66.008,0.909
118.572698,369.666,65.985,0.900
118.584308,369.474,65.976,0.888
118.595918,369.581,65.981,0.873
118.607528,369.282,65.967,0.858
118.619138,368.479,65.929,0.827
118.630748,367.408,65.879,0.773
118.642358,365.443,65.786,0.709
118.653968,360.596,65.555,0.697
118.665578,354.780,65.273,0.729
118.677188,354.903,65.279,0.769
118.688798,352.546,65.164,0.784
118.700408,350.607,65.068,0.810
118.712018,349.198,64.999,0.823
118.723628,347.207,64.899,0.841
118.735238,346.185,64.848,0.853
118.746848,345.757,64.827,0.853
118.758458,346.085,64.843,0.859
118.770068,346.794,64.879,0.870
118.781678,350.932,65.084,0.884
118.793288,357.623,65.411,0.894
118.804898,362.899,65.665,0.910
118.816508,365.626,65.794,0.920
118.828118,367.020,65.860,0.929
118.839728,367.605,65.888,0.937
118.851338,368.379,65.924,0.937
118.862948,369.191,65.962,0.932
118.874558,369.921,65.997,0.927
118.886168,370.307,66.015,0.917
118.897778,370.151,66.007,0.903
118.909388,369.627,65.983,0.888
118.920998,368.397,65.925,0.882
118.932608,368.389,65.925,0.857
118.944218,368.310,65.921,0.837
118.955828,367.137,65.866,0.815
118.967438,366.527,65.837,0.795
118.979048,363.550,65.696,0.789
118.990658,173.753,52.914,0.783
119.002268,172.816,52.821,0.779
119.013878,243.448,58.753,0.750
119.025488,243.507,58.758,0.762
119.037098,244.821,58.851,0.768
119.048707,244.810,58.850,0.772
119.060317,245.371,58.890,0.771
119.071927,244.997,58.863,0.763
119.083537,244.369,58.819,0.757
119.095147,244.211,58.807,0.752
119.106757,244.858,58.853,0.751
119.118367,245.235,58.880,0.749
119.129977,245.755,58.917,0.744
119.141587,246.132,58.943,0.746
119.153197,246.197,58.948,0.748
119.164807,246.475,58.967,0.744
119.176417,246.419,58.963,0.733
119.188027,247.185,59.017,0.723
119.199637,247.447,59.035,0.738
119.211247,248.000,59.074,0.766
119.222857,247.933,59.069,0.796
119.234467,247.579,59.045,0.823
119.246077,247.136,59.014,0.840
119.257687,246.690,58.982,0.852
119.269297,246.027,58.936,0.862
119.280907,245.386,58.891,0.871
119.292517,244.595,58.835,0.878
119.304127,243.466,58.755,0.878
119.315737,242.786,58.706,0.871
119.327347,242.871,58.712,0.865
119.338957,243.307,58.743,0.869
119.350567,244.434,58.823,0.880
119.362177,245.938,58.930,0.894
119.373787,247.270,59.023,0.900
119.385397,248.177,59.086,0.901
119.397007,248.645,59.119,0.899
119.408617,248.854,59.134,0.894
119.420227,248.647,59.119,0.887
119.431837,248.517,59.110,0.873
119.443447,247.700,59.053,0.856
119.455057,246.482,58.968,0.848
119.466667,245.569,58.903,0.852
119.478277,245.111,58.871,0.843
119.489887,245.075,58.869,0.837
119.501497,245.038,58.866,0.854
119.513107,245.326,58.886,0.864
119.524717,245.428,58.894,0.871
119.536327,244.829,58.851,0.880
119.547937,244.158,58.804,0.874
119.559546,243.618,58.765,0.861
119.571156,243.391,58.749,0.857
119.582766,243.612,58.765,0.854
119.594376,244.991,58.863,0.840
119.605986,245.887,58.926,0.835
119.617596,249.182,59.156,0.840
119.629206,259.738,59.875,0.850
119.640816,280.278,61.192,0.859
119.652426,294.099,62.026,0.874
119.664036,296.974,62.194,0.881
119.675646,296.777,62.183,0.892
119.687256,296.254,62.152,0.905
119.698866,295.919,62.132,0.920
119.710476,295.535,62.110,0.935
119.722086,295.068,62.083,0.935
119.733696,294.117,62.027,0.937
119.745306,293.286,61.978,0.938
119.756916,292.674,61.941,0.943
119.768526,292.713,61.944,0.953
119.780136,292.875,61.953,0.957
119.791746,293.039,61.963,0.957
119.803356,293.164,61.970,0.953
119.814966,293.199,61.972,0.950
119.826576,293.220,61.974,0.943
119.838186,293.203,61.973,0.935
119.849796,292.770,61.947,0.929
119.861406,292.127,61.909,0.911
119.873016,291.238,61.856,0.894
119.884626,289.961,61.780,0.872
119.896236,289.340,61.743,0.850
119.907846,288.313,61.682,0.840
119.919456,287.347,61.623,0.836
119.931066,287.284,61.620,0.832
119.942676,287.189,61.614,0.816
119.954286,286.908,61.597,0.806
119.965896,286.495,61.572,0.785
119.977506,285.746,61.527,0.765
119.989116,284.191,61.432,0.740
120.000726,285.306,61.500,0.706
120.012336,286.001,61.542,0.672
120.023946,284.575,61.456,0.636
120.035556,252.179,59.363,0.622
120.047166,251.115,59.290,0.624
120.058776,125.460,47.277,0.651
120.070385,125.391,47.267,0.670
120.081995,787.364,79.074,0.692
120.093605,787.784,79.084,0.705
120.105215,783.741,78.994,0.713
120.116825,780.395,78.920,0.717
120.128435,223.463,57.270,0.718
120.140045,223.129,57.244,0.715
120.151655,223.193,57.249,0.703
120.163265,123.878,47.057,0.691
120.174875,123.953,47.067,0.672
120.186485,97.218,42.862,0.652
120.198095,124.196,47.101,0.630
120.209705,285.712,61.525,0.607
120.221315,123.911,47.062,0.633
120.232925,278.203,61.064,0.698
120.244535,276.855,60.980,0.749
120.256145,242.196,58.664,0.783
120.267755,242.636,58.696,0.806
120.279365,243.289,58.742,0.829
120.290975,244.425,58.823,0.846
120.302585,244.650,58.839,0.854
120.314195,244.810,58.850,0.858
120.325805,246.049,58.937,0.861
120.337415,247.648,59.049,0.859
120.349025,250.537,59.250,0.853
120.360635,250.615,59.256,0.840
120.372245,247.137,59.014,0.822
120.383855,245.962,58.931,0.802
120.395465,245.881,58.926,0.789
120.407075,246.072,58.939,0.767
120.418685,245.460,58.896,0.717
120.430295,243.609,58.765,0.643
120.441905,222.686,57.210,0.565
120.453515,248.376,59.100,0.556
120.465125,125.282,47.252,0.574
120.476735,263.427,60.119,0.668
120.488345,258.492,59.791,0.707
120.499955,259.117,59.833,0.746
120.511565,251.038,59.285,0.786
120.523175,250.305,59.234,0.827
120.534785,249.335,59.167,0.860
120.546395,248.479,59.107,0.880
120.558005,247.652,59.050,0.889
120.569615,247.227,59.020,0.887
120.581224,246.470,58.967,0.890
120.592834,246.444,58.965,0.892
120.604444,245.992,58.933,0.893
120.616054,245.806,58.920,0.888
120.627664,245.801,58.920,0.882
120.639274,246.031,58.936,0.875
120.650884,246.262,58.952,0.878
120.662494,246.307,58.955,0.870
120.674104,246.789,58.989,0.862
120.685714,247.551,59.043,0.862
120.697324,246.980,59.003,0.857
120.708934,82.586,40.038,0.857
120.720544,241.958,58.647,0.854
120.732154,344.194,64.749,0.858
120.743764,343.470,64.712,0.855
120.755374,342.536,64.665,0.863
120.766984,341.398,64.607,0.867
120.778594,339.420,64.507,0.864
120.790204,339.191,64.495,0.863
120.801814,337.971,64.433,0.859
120.813424,336.026,64.333,0.854
120.825034,336.190,64.341,0.848
120.836644,338.710,64.471,0.848
120.848254,343.914,64.735,0.846
120.859864,351.477,65.111,0.845
120.871474,355.869,65.326,0.838
120.883084,359.615,65.507,0.835
120.894694,363.320,65.685,0.827
120.906304,365.888,65.807,0.817
120.917914,367.769,65.896,0.811
120.929524,369.617,65.982,0.803
120.941134,370.314,66.015,0.800
120.952744,370.837,66.039,0.798
120.964354,370.855,66.040,0.802
120.975964,370.979,66.046,0.801
120.987574,371.006,66.047,0.802
120.999184,371.086,66.051,0.806
121.010794,370.895,66.042,0.803
121.022404,370.667,66.031,0.790
121.034014,370.459,66.022,0.788
121.045624,370.372,66.018,0.794
121.057234,370.026,66.001,0.794
121.068844,370.100,66.005,0.798
121.080454,370.309,66.015,0.799
121.092063,371.273,66.060,0.802
121.103673,373.315,66.155,0.807
121.115283,392.583,67.026,0.823
121.126893,397.377,67.236,0.836
121.138503,397.160,67.227,0.840
121.150113,396.424,67.195,0.850
121.161723,394.954,67.130,0.871
121.173333,394.127,67.094,0.880
121.184943,393.551,67.069,0.876
121.196553,392.680,67.030,0.872
121.208163,391.925,66.997,0.867
121.219773,391.077,66.959,0.860
121.231383,390.574,66.937,0.855
121.242993,389.761,66.901,0.845
121.254603,388.852,66.861,0.814
121.266213,387.813,66.814,0.795
121.277823,390.398,66.929,0.799
121.289433,391.560,66.981,0.802
121.301043,392.896,67.040,0.810
121.312653,394.140,67.094,0.822
121.324263,393.133,67.050,0.846
121.335873,391.546,66.980,0.861
121.347483,389.880,66.906,0.876
121.359093,387.463,66.799,0.884
121.370703,385.222,66.698,0.887
121.382313,382.973,66.597,0.891
121.393923,378.437,66.391,0.899
121.405533,374.293,66.200,0.914
121.417143,370.694,66.033,0.923
121.428753,369.439,65.974,0.926
121.440363,369.120,65.959,0.925
121.451973,368.711,65.940,0.927
121.463583,368.591,65.934,0.932
121.475193,368.664,65.938,0.932
121.486803,369.314,65.968,0.922
121.498413,369.742,65.988,0.899
121.510023,369.155,65.961,0.866
121.521633,368.588,65.934,0.843
121.533243,374.711,66.219,0.832
121.544853,332.023,64.125,0.828
121.556463,330.835,64.063,0.817
121.568073,330.742,64.058,0.810
121.579683,330.737,64.058,0.814
121.591293,330.843,64.064,0.821
121.602902,330.842,64.064,0.824
121.614512,331.040,64.074,0.821
121.626122,330.988,64.071,0.805
121.637732,330.915,64.067,0.771
121.649342,330.535,64.048,0.741
121.660952,330.559,64.049,0.712
121.672562,331.653,64.106,0.677
121.684172,333.805,64.218,0.621
121.695782,366.820,65.851,0.563
121.707392,365.439,65.786,0.516
121.719002,365.904,65.808,0.567
121.730612,368.607,65.935,0.663
121.742222,371.198,66.056,0.704
121.753832,331.151,64.080,0.746
121.765442,335.042,64.282,0.785
121.777052,334.381,64.248,0.814
121.788662,332.977,64.175,0.833
121.800272,331.431,64.094,0.848
121.811882,330.551,64.048,0.856
121.823492,329.934,64.016,0.855
121.835102,329.030,63.969,0.861
121.846712,328.522,63.942,0.864
121.858322,327.959,63.912,0.859
121.869932,327.732,63.900,0.853
121.881542,328.085,63.919,0.856
121.893152,328.448,63.938,0.861
121.904762,328.262,63.928,0.867
121.916372,328.200,63.925,0.868
121.927982,328.265,63.928,0.869
121.939592,328.188,63.924,0.865
121.951202,327.620,63.894,0.862
121.962812,326.441,63.832,0.861
121.974422,322.809,63.638,0.853
121.986032,318.477,63.404,0.844
121.997642,292.727,61.945,0.833
122.009252,293.222,61.974,0.824
122.020862,293.288,61.978,0.812
122.032472,293.313,61.979,0.806
122.044082,293.815,62.009,0.804
122.055692,294.260,62.035,0.800
122.067302,294.617,62.056,0.798
122.078912,294.754,62.064,0.789
122.090522,294.753,62.064,0.781
122.102132,294.763,62.065,0.772
122.113741,294.814,62.068,0.761
122.125351,294.750,62.064,0.745
122.136961,294.295,62.037,0.752
122.148571,294.080,62.024,0.767
122.160181,295.641,62.116,0.790
122.171791,296.943,62.192,0.813
122.183401,296.476,62.165,0.829
122.195011,296.273,62.153,0.842
122.206621,295.813,62.126,0.850
122.218231,295.140,62.087,0.863
122.229841,294.391,62.043,0.866
122.241451,292.855,61.952,0.859
122.253061,290.305,61.801,0.849
122.264671,288.586,61.698,0.834
122.276281,287.661,61.642,0.822
122.287891,287.249,61.618,0.813
122.299501,287.488,61.632,0.816
122.311111,288.093,61.668,0.816
122.322721,288.526,61.694,0.817
122.334331,287.440,61.629,0.835
122.345941,287.426,61.628,0.831
122.357551,286.751,61.588,0.831
122.369161,285.498,61.512,0.829
122.380771,282.735,61.343,0.827
122.392381,273.978,60.799,0.822
122.403991,260.256,59.909,0.818
122.415601,250.262,59.231,0.823
122.427211,245.821,58.921,0.822
122.438821,246.042,58.937,0.830
122.450431,246.386,58.961,0.837
122.462041,246.740,58.986,0.849
122.473651,246.998,59.004,0.857
122.485261,247.152,59.015,0.862
122.496871,247.117,59.012,0.865
122.508481,247.103,59.011,0.859
122.520091,246.494,58.969,0.855
122.531701,246.002,58.934,0.857
122.543311,245.542,58.902,0.854
122.554921,245.222,58.879,0.846
122.566531,245.249,58.881,0.835
122.578141,245.334,58.887,0.824
122.589751,245.846,58.923,0.814
122.601361,246.673,58.981,0.801
122.612971,247.660,59.050,0.783
122.624580,248.305,59.095,0.776
122.636190,248.410,59.103,0.778
122.647800,248.259,59.092,0.786
122.659410,247.911,59.068,0.793
122.671020,247.433,59.034,0.796
122.682630,246.977,59.003,0.796
122.694240,246.132,58.943,0.806
122.705850,245.227,58.879,0.809
122.717460,244.941,58.859,0.820
122.729070,245.361,58.889,0.843
122.740680,245.930,58.929,0.857
122.752290,246.930,58.999,0.864
122.763900,247.928,59.069,0.865
122.775510,248.504,59.109,0.874
122.787120,248.916,59.138,0.885
122.798730,248.712,59.124,0.894
122.810340,248.603,59.116,0.888
122.821950,248.283,59.094,0.878
122.833560,247.184,59.017,0.888
122.845170,246.277,58.953,0.911
122.856780,245.848,58.923,0.926
122.868390,245.403,58.892,0.935
122.880000,245.574,58.904,0.945
122.891610,245.820,58.921,0.951
122.903220,245.809,58.920,0.952
122.914830,245.895,58.926,0.946
122.926440,246.112,58.942,0.929
122.938050,246.095,58.941,0.903
122.949660,245.997,58.934,0.882
122.961270,245.857,58.924,0.859
122.972880,245.275,58.883,0.815
122.984490,244.122,58.801,0.768
122.996100,243.712,58.772,0.743
123.007710,244.484,58.827,0.747
123.019320,195.852,54.987,0.770
123.030930,397.769,67.253,0.786
123.042540,400.006,67.350,0.797
123.054150,401.449,67.413,0.805
123.065760,401.671,67.422,0.809
123.077370,400.383,67.367,0.818
123.088980,399.757,67.339,0.827
123.100590,400.202,67.359,0.832
123.112200,400.561,67.374,0.823
123.123810,400.113,67.355,0.816
123.135420,401.410,67.411,0.812
123.147029,404.635,67.549,0.811
123.158639,412.134,67.867,0.818
123.170249,420.695,68.223,0.824
123.181859,427.970,68.520,0.828
123.193469,433.079,68.726,0.829
123.205079,435.243,68.812,0.835
123.216689,437.274,68.892,0.838
123.228299,438.953,68.959,0.840
123.239909,439.463,68.979,0.842
123.251519,439.834,68.993,0.844
123.263129,439.928,68.997,0.845
123.274739,439.897,68.996,0.848
123.286349,440.199,69.008,0.852
123.297959,440.641,69.025,0.853
123.309569,440.988,69.039,0.854
123.321179,441.215,69.048,0.855
123.332789,441.120,69.044,0.858
123.344399,440.996,69.039,0.858
123.356009,440.629,69.025,0.855
123.367619,440.485,69.019,0.849
123.379229,440.348,69.014,0.843
123.390839,440.309,69.012,0.836
123.402449,440.194,69.008,0.823
123.414059,440.060,69.002,0.804
123.425669,439.949,68.998,0.778
123.437279,440.166,69.007,0.745
123.448889,440.559,69.022,0.710
123.460499,441.024,69.040,0.667
123.472109,440.687,69.027,0.606
123.483719,439.319,68.973,0.516
123.495329,872.708,80.856,0.470
123.506939,871.603,80.834,0.465
123.518549,871.907,80.840,0.458
123.530159,870.326,80.809,0.452
123.541769,869.327,80.789,0.444
123.553379,876.072,80.923,0.443
123.564989,911.496,81.609,0.508
123.576599,853.098,80.463,0.583
123.588209,147.171,50.040,0.652
123.599819,147.365,50.063,0.696
123.611429,922.292,81.813,0.728
123.623039,923.089,81.828,0.752
123.634649,926.746,81.896,0.777
123.646259,314.237,63.172,0.815
123.657868,324.999,63.755,0.839
123.669478,332.477,64.149,0.856
123.681088,330.783,64.061,0.862
123.692698,329.290,63.982,0.865
123.704308,330.548,64.048,0.865
123.715918,329.618,63.999,0.863
123.727528,329.382,63.987,0.861
123.739138,330.191,64.030,0.848
123.750748,329.232,63.979,0.836
123.762358,327.417,63.884,0.823
123.773968,326.956,63.859,0.818
123.785578,327.824,63.905,0.818
123.797188,329.494,63.993,0.822
123.808798,330.835,64.063,0.828
123.820408,332.014,64.125,0.825
123.832018,333.129,64.183,0.818
123.843628,334.246,64.241,0.812
123.855238,334.420,64.250,0.805
123.866848,333.872,64.221,0.799
123.878458,332.514,64.151,0.799
123.890068,330.421,64.042,0.798
123.901678,328.123,63.921,0.800
123.913288,326.190,63.818,0.803
123.924898,324.828,63.746,0.808
123.936508,324.371,63.722,0.815
123.948118,324.603,63.734,0.823
123.959728,324.787,63.744,0.825
123.971338,324.968,63.754,0.819
123.982948,325.631,63.789,0.816
123.994558,326.164,63.817,0.808
124.006168,326.927,63.858,0.803
124.017778,327.691,63.898,0.798
124.029388,328.001,63.914,0.793
124.040998,327.425,63.884,0.792
124.052608,294.302,62.038,0.804
124.064218,293.461,61.988,0.813
124.075828,293.231,61.974,0.820
124.087438,293.165,61.971,0.825
124.099048,293.315,61.979,0.834
124.110658,293.301,61.979,0.845
124.122268,293.249,61.975,0.849
124.133878,293.213,61.973,0.849
124.145488,293.233,61.975,0.845
124.157098,293.287,61.978,0.846
124.168707,293.408,61.985,0.852
124.180317,293.447,61.987,0.855
124.191927,293.454,61.988,0.845
124.203537,293.514,61.991,0.829
124.215147,293.663,62.000,0.813
124.226757,293.947,62.017,0.794
124.238367,294.272,62.036,0.769
124.249977,294.785,62.066,0.740
124.261587,293.500,61.990,0.716
124.273197,334.811,64.270,0.712
124.284807,336.343,64.349,0.749
124.296417,335.810,64.322,0.779
124.308027,334.381,64.248,0.802
124.319637,333.101,64.181,0.819
124.331247,331.796,64.114,0.832
124.342857,330.264,64.033,0.844
124.354467,329.337,63.985,0.844
124.366077,329.200,63.978,0.839
124.377687,328.124,63.921,0.826
124.389297,327.025,63.863,0.805
124.400907,326.281,63.823,0.782
124.412517,326.659,63.843,0.760
124.424127,328.231,63.926,0.741
124.435737,330.651,64.054,0.727
124.447347,330.910,64.067,0.709
124.458957,338.640,64.467,0.696
124.470567,338.534,64.462,0.700
124.482177,338.969,64.484,0.714
124.493787,316.069,63.273,0.732
124.505397,285.979,61.541,0.767
124.517007,294.158,62.029,0.787
124.528617,295.817,62.126,0.794
124.540227,299.180,62.322,0.799
124.551837,299.500,62.341,0.800
124.563447,297.555,62.228,0.800
124.575057,302.695,62.524,0.810
124.586667,318.039,63.380,0.828
124.598277,325.487,63.781,0.833
124.609887,327.250,63.875,0.835
124.621497,327.995,63.914,0.839
124.633107,328.020,63.915,0.848
124.644717,327.495,63.888,0.855
124.656327,327.036,63.863,0.864
124.667937,326.513,63.836,0.871
124.679546,325.821,63.799,0.867
124.691156,325.342,63.773,0.864
124.702766,325.912,63.804,0.862
124.714376,326.248,63.822,0.857
124.725986,327.306,63.878,0.852
124.737596,329.269,63.981,0.845
124.749206,330.586,64.050,0.840
124.760816,331.126,64.079,0.833
124.772426,331.156,64.080,0.828
124.784036,329.511,63.994,0.824
124.795646,326.355,63.827,0.825
124.807256,324.982,63.754,0.831
124.818866,324.754,63.742,0.831
124.830476,324.887,63.749,0.833
124.842086,326.099,63.814,0.837
124.853696,328.636,63.948,0.842
124.865306,329.642,64.001,0.841
124.876916,330.715,64.057,0.829
124.888526,332.208,64.135,0.821
124.900136,332.590,64.155,0.813
124.911746,332.830,64.167,0.813
124.923356,333.358,64.195,0.812
124.934966,332.429,64.146,0.803
124.946576,292.681,61.942,0.782
124.958186,292.715,61.944,0.774
124.969796,292.740,61.945,0.785
124.981406,292.699,61.943,0.784
124.993016,293.016,61.962,0.782
125.004626,293.427,61.986,0.778
125.016236,293.935,62.016,0.774
125.027846,294.309,62.038,0.780
125.039456,294.504,62.049,0.789
125.051066,294.801,62.067,0.794
125.062676,295.231,62.092,0.799
125.074286,296.229,62.151,0.807
125.085896,298.572,62.287,0.808
125.097506,313.920,63.155,0.813
125.109116,331.617,64.104,0.815
125.120726,335.080,64.284,0.812
125.132336,336.700,64.368,0.811
125.143946,335.234,64.292,0.815
125.155556,333.779,64.217,0.812
125.167166,332.813,64.166,0.809
125.178776,332.470,64.149,0.811
125.190385,332.992,64.176,0.810
125.201995,334.511,64.255,0.821
125.213605,335.407,64.301,0.837
125.225215,853.685,80.474,0.850
125.236825,365.814,65.803,0.862
125.248435,366.946,65.857,0.875
125.260045,367.309,65.874,0.884
125.271655,367.180,65.868,0.890
125.283265,367.384,65.877,0.893
125.294875,368.352,65.923,0.889
125.306485,368.585,65.934,0.874
125.318095,367.893,65.901,0.854
125.329705,366.897,65.854,0.828
125.341315,365.709,65.798,0.795
125.352925,365.109,65.770,0.752
125.364535,365.272,65.778,0.703
125.376145,367.909,65.902,0.635
125.387755,708.763,77.254,0.562
125.399365,711.722,77.326,0.586
125.410975,707.686,77.227,0.636
125.422585,248.234,59.090,0.675
125.434195,81.070,39.717,0.710
125.445805,91.903,41.888,0.743
125.457415,946.200,82.256,0.773
125.469025,953.188,82.383,0.795
125.480635,951.905,82.360,0.803
125.492245,79.891,39.463,0.806
125.503855,949.502,82.316,0.801
125.515465,950.277,82.330,0.795
125.527075,707.556,77.224,0.787
125.538685,707.236,77.216,0.772
125.550295,716.437,77.440,0.752
125.561905,732.262,77.818,0.720
125.573515,734.357,77.868,0.704
125.585125,731.475,77.800,0.684
125.596735,736.984,77.930,0.669
125.608345,736.427,77.916,0.652
125.619955,746.566,78.153,0.624
125.631565,122.939,46.925,0.595
125.643175,740.257,78.006,0.556
125.654785,737.138,77.933,0.529
125.666395,742.630,78.062,0.483
125.678005,760.000,78.462,0.458
125.689615,752.837,78.298,0.442
125.701224,760.967,78.484,0.471
125.712834,758.879,78.436,0.509
125.724444,761.532,78.497,0.531
125.736054,760.597,78.476,0.551
125.747664,356.077,65.336,0.572
125.759274,270.744,60.593,0.638
125.770884,277.840,61.041,0.686
125.782494,284.627,61.459,0.719
125.794104,285.826,61.532,0.742
125.805714,286.819,61.592,0.764
125.817324,288.014,61.664,0.781
125.828934,288.958,61.720,0.793
125.840544,289.391,61.746,0.806
125.852154,289.927,61.778,0.807
125.863764,290.306,61.801,0.808
125.875374,290.202,61.795,0.810
125.886984,290.338,61.803,0.810
125.898594,291.601,61.878,0.808
125.910204,293.719,62.003,0.809
125.921814,296.183,62.148,0.807
125.933424,296.739,62.180,0.796
125.945034,297.342,62.215,0.796
125.956644,298.150,62.262,0.793
125.968254,298.990,62.311,0.789
125.979864,332.246,64.137,0.786
125.991474,332.079,64.128,0.784
126.003084,331.447,64.095,0.782
126.014694,330.561,64.049,0.789
126.026304,329.526,63.995,0.804
126.037914,328.694,63.951,0.809
126.049524,327.856,63.907,0.807
126.061134,327.100,63.867,0.800
126.072744,326.510,63.835,0.800
126.084354,325.744,63.795,0.802
126.095964,325.233,63.768,0.806
126.107574,325.008,63.756,0.805
126.119184,325.213,63.767,0.794
126.130794,324.310,63.718,0.783
126.142404,327.005,63.862,0.782
126.154014,325.185,63.765,0.795
126.165624,303.957,62.596,0.809
126.177234,301.657,62.465,0.817
126.188844,300.408,62.393,0.813
126.200454,300.001,62.370,0.803
126.212063,299.773,62.356,0.797
126.223673,299.932,62.366,0.787
126.235283,299.307,62.329,0.774
126.246893,299.828,62.360,0.749
126.258503,298.690,62.294,0.712
126.270113,328.799,63.956,0.776
126.281723,331.293,64.087,0.830
126.293333,333.431,64.199,0.856
126.304943,333.869,64.221,0.874
126.316553,333.132,64.183,0.888
126.328163,331.788,64.113,0.901
126.339773,330.955,64.070,0.910
126.351383,329.907,64.015,0.918
126.362993,328.647,63.948,0.899
126.374603,326.121,63.815,0.874
126.386213,326.103,63.814,0.861
126.397823,326.844,63.853,0.858
126.409433,328.519,63.942,0.856
126.421043,335.228,64.292,0.853
126.432653,336.694,64.367,0.854
126.444263,335.651,64.313,0.852
126.455873,334.788,64.269,0.852
126.467483,335.230,64.292,0.851
126.479093,335.999,64.331,0.851
126.490703,328.126,63.921,0.850
126.502313,327.012,63.862,0.852
126.513923,327.563,63.891,0.854
126.525533,327.896,63.909,0.854
126.537143,329.290,63.982,0.852
126.548753,330.800,64.061,0.850
126.560363,331.419,64.094,0.849
126.571973,332.134,64.131,0.852
126.583583,332.973,64.175,0.847
126.595193,333.144,64.184,0.843
126.606803,297.261,62.211,0.841
126.618413,294.602,62.055,0.839
126.630023,293.821,62.009,0.843
126.641633,293.587,61.995,0.842
126.653243,293.624,61.998,0.838
126.664853,293.325,61.980,0.823
126.676463,293.076,61.965,0.817
126.688073,293.154,61.970,0.806
126.699683,293.165,61.970,0.787
126.711293,293.171,61.971,0.763
126.722902,293.012,61.961,0.727
126.734512,291.973,61.900,0.686
126.746122,290.552,61.816,0.643
126.757732,290.338,61.803,0.624
126.769342,264.138,60.165,0.592
126.780952,294.537,62.051,0.565
126.792562,331.691,64.108,0.576
126.804172,329.291,63.982,0.665
126.815782,333.548,64.205,0.746
126.827392,348.438,64.961,0.794
126.839002,350.499,65.063,0.826
126.850612,349.996,65.038,0.848
126.862222,347.208,64.900,0.859
126.873832,345.535,64.816,0.868
126.885442,333.573,64.206,0.876
126.897052,334.737,64.266,0.877
126.908662,337.177,64.392,0.869
126.920272,335.328,64.297,0.862
126.931882,332.137,64.131,0.857
126.943492,330.211,64.031,0.862
126.955102,370.102,66.005,0.866
126.966712,370.277,66.013,0.871
126.978322,370.211,66.010,0.879
126.989932,369.913,65.996,0.882
127.001542,370.017,66.001,0.882
127.013152,370.366,66.017,0.882
127.024762,370.304,66.014,0.880
127.036372,370.034,66.002,0.865
127.047982,369.674,65.985,0.854
127.059592,369.450,65.974,0.840
127.071202,368.826,65.945,0.815
127.082812,368.290,65.920,0.785
127.094422,368.341,65.922,0.752
127.106032,368.721,65.940,0.705
127.117642,369.522,65.978,0.650
127.129252,371.634,66.077,0.613
127.140862,368.295,65.920,0.587
127.152472,180.731,53.596,0.595
127.164082,361.824,65.613,0.642
127.175692,360.785,65.564,0.701
127.187302,266.450,60.316,0.741
127.198912,266.441,60.316,0.764
127.210522,266.492,60.319,0.774
127.222132,266.516,60.321,0.781
127.233741,266.655,60.330,0.786
127.245351,124.993,47.212,0.789
127.256961,124.735,47.176,0.782
127.268571,124.611,47.159,0.764
127.280181,731.667,77.804,0.746
127.291791,728.566,77.731,0.729
127.303401,123.741,47.038,0.727
127.315011,123.658,47.026,0.717
127.326621,123.484,47.002,0.702
127.338231,1002.273,83.252,0.684
127.349841,1002.273,83.252,0.674
127.361451,1002.273,83.252,0.664
127.373061,1002.273,83.252,0.646
127.384671,1002.273,83.252,0.633
127.396281,963.855,82.576,0.611
127.407891,959.189,82.492,0.604
127.419501,947.042,82.271,0.600
127.431111,308.407,62.848,0.641
127.442721,303.572,62.574,0.688
127.454331,301.239,62.441,0.732
127.465941,298.981,62.311,0.765
127.477551,297.999,62.254,0.786
127.489161,297.625,62.232,0.796
127.500771,297.492,62.224,0.804
127.512381,297.353,62.216,0.810
127.523991,296.216,62.150,0.805
127.535601,294.827,62.068,0.795
127.547211,293.742,62.005,0.774
127.558821,292.812,61.950,0.749
127.570431,291.633,61.880,0.729
127.582041,291.140,61.851,0.724
127.593651,291.976,61.900,0.723
127.605261,292.907,61.955,0.722
127.616871,294.633,62.057,0.721
127.628481,296.411,62.161,0.719
127.640091,298.986,62.311,0.726
127.651701,316.272,63.284,0.744
127.663311,321.072,63.545,0.755
127.674921,325.328,63.773,0.769
127.686531,328.599,63.946,0.780
127.698141,330.207,64.030,0.789
127.709751,330.762,64.059,0.798
127.721361,330.321,64.036,0.812
127.732971,330.135,64.027,0.819
127.744580,330.309,64.036,0.820
127.756190,329.870,64.013,0.824
127.767800,329.194,63.977,0.828
127.779410,328.039,63.916,0.834
127.791020,326.403,63.830,0.838
127.802630,325.079,63.759,0.834
127.814240,324.593,63.734,0.817
127.825850,324.209,63.713,0.802
127.837460,323.421,63.671,0.784
127.849070,320.856,63.533,0.790
127.860680,314.578,63.191,0.807
127.872290,300.415,62.393,0.817
127.883900,298.210,62.266,0.818
127.895510,297.716,62.237,0.811
127.907120,297.702,62.236,0.811
127.918730,297.685,62.235,0.810
127.930340,297.623,62.232,0.808
127.941950,295.614,62.115,0.788
127.953560,294.587,62.054,0.779
127.965170,324.142,63.709,0.786
127.976780,328.735,63.953,0.798
127.988390,330.029,64.021,0.821
128.000000,330.381,64.040,0.845
128.011610,330.179,64.029,0.868
128.023220,328.974,63.966,0.887
128.034830,327.756,63.901,0.897
128.046440,327.389,63.882,0.891
128.058050,326.139,63.816,0.883
128.069660,326.112,63.814,0.878
128.081270,326.540,63.837,0.879
128.092880,327.468,63.886,0.879
128.104490,328.547,63.943,0.877
128.116100,330.646,64.053,0.871
128.127710,331.982,64.123,0.870
128.139320,332.585,64.155,0.873
128.150930,332.556,64.153,0.875
128.162540,331.933,64.121,0.876
128.174150,329.591,63.998,0.876
128.185760,327.562,63.891,0.875
128.197370,326.952,63.859,0.873
128.208980,326.769,63.849,0.874
128.220590,326.922,63.857,0.870
128.232200,328.072,63.918,0.867
128.243810,330.109,64.025,0.864
128.255420,331.019,64.073,0.867
128.267029,331.809,64.114,0.865
128.278639,332.700,64.161,0.859
128.290249,332.867,64.169,0.855
128.301859,331.801,64.114,0.851
128.313469,328.409,63.936,0.854
128.325079,293.498,61.990,0.856
128.336689,293.590,61.996,0.853
128.348299,293.482,61.989,0.847
128.359909,293.467,61.988,0.843
128.371519,293.481,61.989,0.848
128.383129,293.338,61.981,0.849
128.394739,293.640,61.999,0.853
128.406349,294.068,62.024,0.853
128.417959,294.061,62.023,0.849
128.429569,293.593,61.996,0.837
128.441179,292.965,61.959,0.821
128.452789,292.214,61.914,0.804
128.464399,291.176,61.853,0.774
128.476009,290.434,61.808,0.742
128.487619,290.125,61.790,0.706
128.499229,292.575,61.936,0.691
128.510839,299.395,62.335,0.719
128.522449,300.498,62.398,0.748
128.534059,299.644,62.349,0.772
128.545669,298.639,62.291,0.797
128.557279,298.229,62.267,0.813
128.568889,298.023,62.255,0.828
128.580499,297.851,62.245,0.838
128.592109,297.868,62.246,0.840
128.603719,298.035,62.256,0.834
128.615329,298.504,62.283,0.835
128.626939,299.585,62.346,0.838
128.638549,302.163,62.494,0.837
128.650159,315.804,63.258,0.841
128.661769,324.057,63.705,0.843
128.673379,326.482,63.834,0.847
128.684989,327.338,63.879,0.853
128.696599,328.044,63.917,0.856
128.708209,328.513,63.941,0.857
128.719819,328.548,63.943,0.859
128.731429,328.318,63.931,0.860
128.743039,328.208,63.925,0.860
128.754649,328.375,63.934,0.859
128.766259,328.772,63.955,0.856
128.777868,329.262,63.981,0.854
128.789478,329.787,64.008,0.855
128.801088,330.031,64.021,0.856
128.812698,330.126,64.026,0.850
128.824308,330.445,64.043,0.837
128.835918,330.485,64.045,0.824
128.847528,330.251,64.033,0.812
128.859138,329.144,63.975,0.804
128.870748,327.190,63.871,0.791
128.882358,323.297,63.664,0.776
128.893968,941.522,82.170,0.762
128.905578,941.052,82.161,0.774
128.917188,364.656,65.748,0.795
128.928798,368.165,65.914,0.811
128.940408,371.565,66.073,0.825
128.952018,373.261,66.152,0.832
128.963628,375.457,66.254,0.842
128.975238,377.454,66.346,0.846
128.986848,378.872,66.410,0.850
128.998458,380.927,66.504,0.848
129.010068,384.201,66.652,0.845
129.021678,387.670,66.808,0.838
129.033288,391.046,66.958,0.827
129.044898,394.704,67.119,0.822
129.056508,398.410,67.281,0.812
129.068118,401.833,67.429,0.804
129.079728,408.313,67.706,0.794
129.091338,428.384,68.537,0.779
129.102948,433.569,68.745,0.765
129.114558,436.150,68.848,0.757
129.126168,437.608,68.906,0.752
129.137778,439.160,68.967,0.743
129.149388,439.890,68.996,0.737
129.160998,440.218,69.009,0.733
129.172608,440.228,69.009,0.731
129.184218,440.795,69.031,0.738
129.195828,441.452,69.057,0.744
129.207438,442.238,69.088,0.750
129.219048,442.599,69.102,0.752
129.230658,442.597,69.102,0.753
129.242268,442.157,69.085,0.753
129.253878,441.930,69.076,0.743
129.265488,441.624,69.064,0.732
129.277098,440.660,69.026,0.718
129.288707,438.986,68.960,0.705
129.300317,435.879,68.837,0.684
129.311927,431.775,68.673,0.662
129.323537,391.092,66.960,0.639
129.335147,370.874,66.041,0.621
129.346757,344.023,64.740,0.641
129.358367,342.898,64.683,0.679
129.369977,343.710,64.724,0.713
129.381587,344.143,64.746,0.731
129.393197,344.330,64.755,0.753
129.404807,343.928,64.735,0.772
129.416417,342.975,64.687,0.788
129.428027,342.166,64.646,0.799
129.439637,341.133,64.594,0.806
129.451247,338.963,64.483,0.805
129.462857,335.826,64.323,0.799
129.474467,333.946,64.225,0.797
129.486077,332.138,64.131,0.791
129.497687,330.426,64.042,0.788
129.509297,328.905,63.962,0.782
129.520907,327.872,63.908,0.777
129.532517,325.736,63.794,0.771
129.544127,322.693,63.632,0.764
129.555737,318.433,63.402,0.759
129.567347,312.586,63.081,0.749
129.578957,307.433,62.793,0.741
129.590567,301.567,62.460,0.730
129.602177,296.591,62.172,0.718
129.613787,294.184,62.031,0.712
129.625397,293.512,61.991,0.700
129.637007,293.731,62.004,0.692
129.648617,294.316,62.038,0.678
129.660227,97.971,42.995,0.666
129.671837,294.589,62.054,0.650
129.683447,294.528,62.051,0.628
129.695057,294.396,62.043,0.614
129.706667,294.179,62.030,0.590
129.718277,293.574,61.995,0.572
129.729887,290.243,61.797,0.553
129.741497,133.752,48.385,0.536
129.753107,133.739,48.383,0.536
129.764717,282.672,61.339,0.575
129.776327,287.330,61.622,0.638
129.787937,291.614,61.879,0.706
129.799546,292.400,61.925,0.744
129.811156,292.278,61.918,0.771
129.822766,291.985,61.901,0.786
129.834376,291.698,61.884,0.800
129.845986,291.516,61.873,0.812
129.857596,291.401,61.866,0.819
129.869206,291.155,61.851,0.817
129.880816,290.776,61.829,0.808
129.892426,290.787,61.830,0.798
129.904036,291.113,61.849,0.792
129.915646,291.958,61.899,0.793
129.927256,293.457,61.988,0.799
129.938866,295.283,62.095,0.808
129.950476,296.253,62.152,0.828
129.962086,295.049,62.081,0.877
129.973696,294.011,62.020,0.892
129.985306,290.433,61.808,0.914
129.996916,286.778,61.589,0.929
130.008526,285.583,61.517,0.936
130.020136,284.558,61.455,0.936
130.031746,282.578,61.334,0.932
130.043356,283.146,61.368,0.922
130.054966,286.300,61.560,0.889
130.066576,288.731,61.707,0.872
130.078186,290.532,61.814,0.833
130.089796,291.798,61.890,0.791
130.101406,293.382,61.983,0.760
130.113016,294.051,62.023,0.745
130.124626,295.473,62.106,0.741
130.136236,295.904,62.131,0.734
130.147846,295.927,62.133,0.731
130.159456,296.307,62.155,0.726
130.171066,296.449,62.163,0.727
130.182676,296.637,62.174,0.739
130.194286,266.285,60.306,0.794
130.205896,265.658,60.265,0.824
130.217506,250.344,59.237,0.851
130.229116,249.861,59.203,0.872
130.240726,250.210,59.228,0.890
130.252336,249.249,59.161,0.904
130.263946,248.737,59.125,0.921
130.275556,248.571,59.114,0.931
130.287166,248.201,59.088,0.927
130.298776,248.267,59.093,0.924
130.310385,248.513,59.110,0.920
130.321995,248.695,59.122,0.914
130.333605,248.677,59.121,0.906
130.345215,248.738,59.126,0.893
130.356825,248.965,59.141,0.870
130.368435,249.362,59.169,0.844
130.380045,249.579,59.184,0.816
130.391655,249.026,59.146,0.788
130.403265,285.986,61.541,0.800
130.414875,295.952,62.134,0.821
130.426485,296.253,62.152,0.834
130.438095,295.644,62.116,0.852
130.449705,294.711,62.062,0.872
130.461315,293.985,62.019,0.878
130.472925,294.130,62.027,0.876
130.484535,294.159,62.029,0.871
130.496145,293.258,61.976,0.844
130.507755,290.961,61.840,0.800
130.519365,288.569,61.697,0.752
130.530975,286.427,61.568,0.691
130.542585,283.800,61.408,0.540
130.554195,289.776,61.769,0.315
130.565805,764.796,78.571,0.463
130.577415,775.700,78.816,0.496
130.589025,287.609,61.639,0.537
130.600635,306.530,62.742,0.686
130.612245,304.165,62.608,0.748
130.623855,301.867,62.477,0.790
130.635465,300.888,62.421,0.813
130.647075,300.258,62.384,0.825
130.658685,300.158,62.379,0.829
130.670295,299.891,62.363,0.837
130.681905,299.602,62.347,0.843
130.693515,298.397,62.277,0.827
130.705125,296.920,62.191,0.811
130.716735,295.011,62.079,0.789
130.728345,293.405,61.985,0.780
130.739955,292.918,61.956,0.782
130.751565,292.756,61.946,0.789
130.763175,292.678,61.942,0.796
130.774785,292.717,61.944,0.804
130.786395,293.063,61.965,0.811
130.798005,293.533,61.992,0.818
130.809615,294.216,62.032,0.826
130.821224,296.473,62.165,0.835
130.832834,324.864,63.748,0.848
130.844444,329.229,63.979,0.857
130.856054,331.308,64.088,0.859
130.867664,332.102,64.129,0.860
130.879274,331.984,64.123,0.860
130.890884,331.478,64.097,0.859
130.902494,330.635,64.053,0.859
130.914104,330.643,64.053,0.854
130.925714,331.035,64.074,0.844
130.937324,331.696,64.108,0.839
130.948934,332.013,64.125,0.839
130.960544,332.696,64.160,0.838
130.972154,338.760,64.473,0.838
130.983764,359.790,65.516,0.842
130.995374,363.773,65.706,0.840
131.006984,364.888,65.759,0.832
131.018594,366.072,65.815,0.820
131.030204,368.154,65.914,0.805
131.041814,369.618,65.982,0.791
131.053424,370.616,66.029,0.778
131.065034,370.735,66.035,0.766
131.076644,370.632,66.030,0.749
131.088254,370.194,66.009,0.742
131.099864,369.870,65.994,0.754
131.111474,369.708,65.987,0.767
131.123084,369.459,65.975,0.780
131.134694,369.294,65.967,0.790
131.146304,369.348,65.970,0.801
131.157914,369.526,65.978,0.809
131.169524,369.540,65.979,0.817
131.181134,369.391,65.972,0.825
131.192744,368.918,65.950,0.830
131.204354,367.969,65.905,0.834
131.215964,367.129,65.865,0.836
131.227574,366.586,65.840,0.836
131.239184,365.501,65.788,0.833
131.250794,363.620,65.699,0.829
131.262404,360.718,65.560,0.828
131.274014,332.154,64.132,0.824
131.285624,331.465,64.096,0.820
131.297234,330.456,64.043,0.817
131.308844,329.488,63.993,0.816
131.320454,329.172,63.976,0.814
131.332063,329.460,63.991,0.817
131.343673,329.702,64.004,0.819
131.355283,329.826,64.010,0.818
131.366893,329.772,64.008,0.818
131.378503,329.771,64.008,0.819
131.390113,329.700,64.004,0.820
131.401723,329.691,64.003,0.824
131.413333,329.649,64.001,0.830
131.424943,329.343,63.985,0.836
131.436553,329.086,63.972,0.833
131.448163,329.074,63.971,0.820
131.459773,329.041,63.969,0.813
131.471383,329.190,63.977,0.811
131.482993,329.193,63.977,0.809
131.494603,329.544,63.996,0.801
131.506213,330.083,64.024,0.791
131.517823,330.939,64.069,0.781
131.529433,330.854,64.064,0.786
131.541043,330.584,64.050,0.802
131.552653,330.189,64.029,0.812
131.564263,330.028,64.021,0.813
131.575873,329.900,64.014,0.813
131.587483,329.740,64.006,0.814
131.599093,329.577,63.997,0.817
131.610703,329.446,63.990,0.816
131.622313,329.373,63.987,0.813
131.633923,329.419,63.989,0.809
131.645533,329.822,64.010,0.808
131.657143,330.454,64.043,0.811
131.668753,331.394,64.093,0.820
131.680363,333.591,64.207,0.839
131.691973,366.366,65.829,0.849
131.703583,366.846,65.852,0.852
131.715193,367.595,65.887,0.857
131.726803,367.231,65.870,0.862
131.738413,366.102,65.817,0.864
131.750023,365.947,65.810,0.860
131.761633,366.387,65.830,0.856
131.773243,365.290,65.778,0.842
131.784853,359.045,65.480,0.831
131.796463,344.076,64.743,0.827
131.808073,339.773,64.525,0.821
131.819683,336.752,64.370,0.814
131.831293,334.262,64.242,0.807
131.842902,332.992,64.176,0.803
131.854512,331.961,64.122,0.791
131.866122,331.433,64.095,0.777
131.877732,331.027,64.073,0.763
131.889342,330.536,64.048,0.750
131.900952,330.119,64.026,0.742
131.912562,330.014,64.020,0.741
131.924172,329.912,64.015,0.740
131.935782,329.817,64.010,0.744
131.947392,329.743,64.006,0.755
131.959002,329.688,64.003,0.765
131.970612,329.791,64.009,0.777
131.982222,329.884,64.013,0.788
131.993832,329.928,64.016,0.797
132.005442,329.921,64.015,0.803
132.017052,329.775,64.008,0.806
132.028662,329.507,63.994,0.805
132.040272,329.447,63.990,0.794
132.051882,329.365,63.986,0.781
132.063492,329.155,63.975,0.763
132.075102,328.691,63.951,0.753
132.086712,327.215,63.873,0.756
132.098322,290.312,61.801,0.761
132.109932,290.782,61.829,0.767
132.121542,291.841,61.892,0.779
132.133152,292.389,61.925,0.798
132.144762,292.804,61.949,0.815
132.156372,292.922,61.956,0.828
132.167982,293.113,61.967,0.833
132.179592,293.425,61.986,0.832
132.191202,293.404,61.985,0.822
132.202812,293.341,61.981,0.805
132.214422,293.222,61.974,0.782
132.226032,292.841,61.951,0.758
132.237642,291.822,61.891,0.728
132.249252,290.747,61.827,0.695
132.260862,289.976,61.781,0.660
132.272472,281.663,61.278,0.610
132.284082,333.216,64.187,0.594
132.295692,333.627,64.209,0.608
132.307302,852.755,80.456,0.622
132.318912,333.903,64.223,0.640
132.330522,303.476,62.569,0.673
132.342132,301.313,62.445,0.707
132.353741,300.014,62.370,0.731
132.365351,298.714,62.295,0.755
132.376961,297.913,62.249,0.782
132.388571,297.441,62.221,0.803
132.400181,297.128,62.203,0.815
132.411791,296.913,62.190,0.824
132.423401,296.666,62.176,0.828
132.435011,296.213,62.150,0.828
132.446621,295.543,62.110,0.829
132.458231,294.889,62.072,0.823
132.469841,294.808,62.067,0.812
132.481451,295.219,62.091,0.800
132.493061,297.123,62.203,0.797
132.504671,299.481,62.340,0.796
132.516281,634.741,75.344,0.803
132.527891,648.932,75.727,0.801
132.539501,655.644,75.905,0.801
132.551111,330.159,64.028,0.801
132.562721,330.774,64.060,0.807
132.574331,330.498,64.046,0.814
132.585941,330.493,64.045,0.815
132.597551,329.378,63.987,0.814
132.609161,327.887,63.908,0.804
132.620771,326.609,63.841,0.801
132.632381,326.509,63.835,0.804
132.643991,326.810,63.851,0.807
132.655601,328.220,63.926,0.803
132.667211,330.413,64.041,0.802
132.678821,332.385,64.144,0.801
132.690431,333.645,64.210,0.794
132.702041,334.345,64.246,0.788
132.713651,334.728,64.266,0.783
132.725261,334.732,64.266,0.772
132.736871,333.614,64.208,0.761
132.748481,330.860,64.065,0.753
132.760091,327.356,63.880,0.746
132.771701,325.008,63.756,0.740
132.783311,324.340,63.720,0.740
132.794921,324.373,63.722,0.749
132.806531,325.091,63.760,0.761
132.818141,327.173,63.871,0.775
132.829751,329.423,63.989,0.785
132.841361,331.492,64.098,0.790
132.852971,333.716,64.213,0.789
132.864580,334.788,64.269,0.795
132.876190,335.008,64.280,0.804
132.887800,335.249,64.293,0.809
132.899410,334.521,64.255,0.808
132.911020,332.762,64.164,0.804
132.922630,330.672,64.055,0.798
132.934240,328.113,63.920,0.792
132.945850,325.992,63.808,0.787
132.957460,324.842,63.747,0.786
132.969070,324.398,63.723,0.781
132.980680,324.140,63.709,0.772
132.992290,325.392,63.776,0.764
133.003900,328.041,63.916,0.755
133.015510,331.371,64.091,0.754
133.027120,333.254,64.189,0.756
133.038730,334.312,64.244,0.756
133.050340,334.951,64.277,0.747
133.061950,333.948,64.225,0.739
133.073560,331.521,64.099,0.741
133.085170,328.646,63.948,0.742
133.096780,326.975,63.860,0.739
133.108390,325.686,63.792,0.731
133.120000,325.034,63.757,0.720
133.131610,324.980,63.754,0.710
133.143220,326.304,63.825,0.705
133.154830,328.138,63.922,0.698
133.166440,331.095,64.077,0.681
133.178050,333.322,64.193,0.661
133.189660,334.507,64.254,0.644
133.201270,335.062,64.283,0.631
133.212880,335.048,64.282,0.618
133.224490,334.402,64.249,0.600
133.236100,333.590,64.207,0.571
133.247710,332.619,64.156,0.547
133.259320,165.342,52.055,0.516
133.270930,164.797,51.998,0.481
133.282540,164.422,51.959,0.450
133.294150,328.735,63.953,0.416
133.305760,329.028,63.969,0.384
133.317370,329.399,63.988,0.369
133.328980,329.522,63.994,0.359
133.340590,330.053,64.022,0.346
133.352200,331.024,64.073,0.328
133.363810,332.110,64.130,0.333
133.375420,333.040,64.178,0.339
133.387029,333.249,64.189,0.332
133.398639,333.136,64.183,0.313
133.410249,332.912,64.172,0.310
133.421859,333.284,64.191,0.306
133.433469,333.109,64.182,0.300
133.445079,333.135,64.183,0.296
133.456689,332.860,64.169,0.282
133.468299,332.051,64.127,0.267
133.479909,331.772,64.112,0.270
133.491519,331.963,64.122,0.273
133.503129,331.841,64.116,0.262
133.514739,331.669,64.107,0.265
133.526349,331.697,64.108,0.270
133.537959,331.590,64.103,0.273
133.549569,331.008,64.072,0.274
133.561179,331.213,64.083,0.264
133.572789,330.766,64.060,0.259
133.584399,330.645,64.053,0.243
133.596009,331.192,64.082,0.242
133.607619,331.537,64.100,0.232
133.619229,331.693,64.108,0.226
133.630839,332.628,64.157,0.220
133.642449,333.467,64.200,0.211
133.654059,333.184,64.186,0.211
133.665669,333.755,64.215,0.192
133.677279,333.853,64.221,0.187
133.688889,333.231,64.188,0.172
133.700499,332.976,64.175,0.167
133.712109,332.197,64.134,0.252
133.723719,229.812,57.755,0.444
133.735329,1002.273,83.252,0.546
133.746939,1002.273,83.252,0.604
133.758549,718.384,77.487,0.635
133.770159,718.829,77.498,0.652
133.781769,720.056,77.527,0.667
133.793379,333.157,64.184,0.708
133.804989,335.435,64.302,0.752
133.816599,351.182,65.097,0.789
133.828209,358.793,65.468,0.812
133.839819,360.335,65.542,0.827
133.851429,366.335,65.828,0.845
133.863039,368.342,65.923,0.862
133.874649,369.601,65.982,0.875
133.886259,370.502,66.024,0.880
133.897868,371.955,66.092,0.880
133.909478,373.268,66.153,0.871
133.921088,373.858,66.180,0.864
133.932698,373.742,66.174,0.859
133.944308,373.259,66.152,0.844
133.955918,373.142,66.147,0.822
133.967528,372.986,66.139,0.797
133.979138,372.996,66.140,0.769
133.990748,373.717,66.173,0.768
134.002358,373.448,66.161,0.785
134.013968,433.121,68.727,0.798
134.025578,437.636,68.907,0.815
134.037188,439.902,68.996,0.837
134.048798,440.720,69.028,0.859
134.060408,440.920,69.036,0.878
134.072018,440.685,69.027,0.893
134.083628,441.241,69.049,0.895
134.095238,442.272,69.089,0.892
134.106848,442.847,69.112,0.888
134.118458,442.685,69.105,0.880
134.130068,442.973,69.117,0.873
134.141678,442.913,69.114,0.854
134.153288,443.321,69.130,0.831
134.164898,444.883,69.191,0.803
134.176508,447.451,69.291,0.771
134.188118,450.914,69.424,0.733
134.199728,452.476,69.484,0.710
134.211338,440.583,69.023,0.781
134.222948,441.029,69.040,0.831
134.234558,447.081,69.276,0.857
134.246168,449.635,69.375,0.875
134.257778,449.735,69.379,0.892
134.269388,447.556,69.295,0.904
134.280998,445.729,69.224,0.912
134.292608,444.695,69.184,0.915
134.304218,444.593,69.180,0.891
134.315828,441.457,69.057,0.860
134.327438,440.217,69.009,0.846
134.339048,441.170,69.046,0.843
134.350658,443.682,69.144,0.839
134.362268,451.461,69.445,0.841
134.373878,460.865,69.802,0.844
134.385488,468.636,70.092,0.847
134.397098,473.350,70.265,0.847
134.408707,477.696,70.423,0.845
134.420317,481.952,70.577,0.840
134.431927,486.084,70.724,0.831
134.443537,489.218,70.836,0.821
134.455147,491.665,70.922,0.809
134.466757,492.817,70.963,0.805
134.478367,493.288,70.979,0.805
134.489977,493.659,70.992,0.813
134.501587,494.071,71.007,0.822
134.513197,494.458,71.020,0.834
134.524807,494.636,71.026,0.841
134.536417,494.773,71.031,0.848
134.548027,494.861,71.034,0.856
134.559637,494.972,71.038,0.859
134.571247,494.918,71.036,0.861
134.582857,494.831,71.033,0.861
134.594467,494.609,71.025,0.860
134.606077,494.480,71.021,0.859
134.617687,494.184,71.011,0.864
134.629297,494.235,71.012,0.867
134.640907,494.281,71.014,0.873
134.652517,494.206,71.011,0.881
134.664127,493.937,71.002,0.886
134.675737,493.510,70.987,0.879
134.687347,493.646,70.992,0.870
134.698957,493.409,70.983,0.858
134.710567,493.136,70.974,0.841
134.722177,492.632,70.956,0.822
134.733787,490.830,70.893,0.793
134.745397,489.358,70.841,0.759
134.757007,489.728,70.854,0.712
134.768617,164.417,51.958,0.712
134.780227,490.217,70.871,0.723
134.791837,490.135,70.868,0.731
134.803447,490.696,70.888,0.726
134.815057,491.253,70.908,0.720
134.826667,562.748,73.260,0.743
134.838277,564.552,73.315,0.767
134.849887,567.519,73.406,0.784
134.861497,589.293,74.058,0.805
134.873107,587.944,74.018,0.822
134.884717,587.283,73.999,0.839
134.896327,586.909,73.988,0.853
134.907937,586.316,73.970,0.865
134.919546,586.874,73.987,0.866
134.931156,587.272,73.998,0.864
134.942766,587.309,73.999,0.864
134.954376,587.066,73.992,0.861
134.965986,586.969,73.989,0.858
134.977596,587.692,74.011,0.856
134.989206,588.627,74.038,0.860
135.000816,589.537,74.065,0.860
135.012426,589.357,74.060,0.862
135.024036,588.697,74.040,0.864
135.035646,586.873,73.987,0.868
135.047256,583.919,73.899,0.871
135.058866,580.299,73.792,0.870
135.070476,574.415,73.615,0.869
135.082086,496.063,71.076,0.867
135.093696,494.340,71.016,0.868
135.105306,492.191,70.941,0.866
135.116916,491.561,70.918,0.866
135.128526,491.291,70.909,0.864
135.140136,491.358,70.911,0.861
135.151746,491.705,70.923,0.861
135.163356,491.999,70.934,0.860
135.174966,492.156,70.939,0.854
135.186576,492.482,70.951,0.840
135.198186,492.648,70.957,0.822
135.209796,492.609,70.955,0.799
135.221406,491.883,70.930,0.772
135.233016,490.872,70.894,0.738
135.244626,489.323,70.839,0.697
135.256236,486.925,70.754,0.629
135.267846,580.638,73.802,0.586
135.279456,582.232,73.849,0.625
135.291066,586.544,73.977,0.661
135.302676,588.781,74.043,0.681
135.314286,589.120,74.053,0.688
135.325896,588.938,74.047,0.690
135.337506,589.582,74.066,0.689
135.349116,589.013,74.050,0.687
135.360726,591.554,74.124,0.664
135.372336,592.688,74.157,0.630
135.383946,590.607,74.096,0.574
135.395556,585.119,73.935,0.517
135.407166,582.671,73.862,0.476
135.418776,579.227,73.760,0.463
135.430385,491.903,70.930,0.440
135.441995,492.124,70.938,0.436
135.453605,497.075,71.112,0.676
135.465215,496.698,71.098,0.723
135.476825,495.879,71.070,0.760
135.488435,495.793,71.067,0.788
135.500045,495.730,71.065,0.809
135.511655,495.159,71.045,0.823
135.523265,494.968,71.038,0.826
135.534875,494.825,71.033,0.825
135.546485,494.416,71.019,0.789
135.558095,494.344,71.016,0.762
135.569705,493.918,71.001,0.726
135.581315,492.521,70.952,0.675
135.592925,490.341,70.875,0.598
135.604535,491.124,70.903,0.457
135.616145,493.166,70.975,0.391
135.627755,494.441,71.020,0.389
135.639365,494.563,71.024,0.380
135.650975,490.264,70.873,0.401
135.662585,490.600,70.885,0.422
135.674195,281.915,61.293,0.542
135.685805,574.404,73.615,0.610
135.697415,592.337,74.147,0.664
135.709025,598.780,74.334,0.707
135.720635,600.684,74.389,0.745
135.732245,599.287,74.349,0.779
135.743855,596.302,74.262,0.805
135.755465,592.645,74.156,0.824
135.767075,590.099,74.081,0.833
135.778685,586.694,73.981,0.843
135.790295,583.140,73.876,0.850
135.801905,580.655,73.802,0.857
135.813515,578.785,73.746,0.861
135.825125,578.424,73.735,0.860
135.836735,580.177,73.788,0.863
135.848345,583.029,73.873,0.863
135.859955,585.722,73.953,0.866
135.871565,588.249,74.027,0.868
135.883175,589.039,74.050,0.867
135.894785,589.197,74.055,0.863
135.906395,588.030,74.021,0.862
135.918005,586.223,73.967,0.861
135.929615,584.537,73.918,0.861
135.941224,584.234,73.909,0.863
135.952834,584.838,73.926,0.868
135.964444,586.788,73.984,0.872
135.976054,590.568,74.095,0.878
135.987664,592.311,74.146,0.880
135.999274,593.506,74.181,0.879
136.010884,594.801,74.219,0.869
136.022494,596.284,74.262,0.852
136.034104,597.103,74.286,0.832
136.045714,597.489,74.297,0.803
136.057324,596.033,74.255,0.768
136.068934,588.934,74.047,0.716
136.080544,582.540,73.858,0.669
136.092154,581.005,73.813,0.596
136.103764,581.464,73.826,0.576
136.115374,580.574,73.800,0.607
136.126984,581.489,73.827,0.671
136.138594,583.539,73.888,0.729
136.150204,585.516,73.946,0.764
136.161814,587.768,74.013,0.790
136.173424,590.566,74.095,0.810
136.185034,592.066,74.139,0.827
136.196644,592.191,74.143,0.842
136.208254,593.182,74.172,0.853
136.219864,593.654,74.185,0.855
136.231474,593.762,74.189,0.848
136.243084,594.267,74.203,0.843
136.254694,595.497,74.239,0.839
136.266304,597.412,74.295,0.834
136.277914,600.756,74.391,0.830
136.289524,608.568,74.615,0.828
136.301134,619.434,74.921,0.832
136.312744,629.906,75.212,0.833
136.324354,638.161,75.437,0.837
136.335964,644.477,75.607,0.841
136.347574,649.228,75.735,0.846
136.359184,652.569,75.824,0.850
136.370794,655.323,75.896,0.855
136.382404,656.971,75.940,0.859
136.394014,657.886,75.964,0.861
136.405624,658.539,75.981,0.867
136.417234,659.360,76.003,0.876
136.428844,659.570,76.008,0.884
136.440454,659.866,76.016,0.888
136.452063,660.231,76.026,0.892
136.463673,660.114,76.023,0.896
136.475283,660.147,76.023,0.898
136.486893,660.075,76.022,0.900
136.498503,659.778,76.014,0.903
136.510113,659.649,76.010,0.903
136.521723,659.584,76.009,0.903
136.533333,659.540,76.007,0.905
136.544943,659.451,76.005,0.905
136.556553,659.507,76.007,0.905
136.568163,659.711,76.012,0.906
136.579773,659.884,76.017,0.907
136.591383,660.223,76.025,0.904
136.602993,660.370,76.029,0.902
136.614603,660.118,76.023,0.900
136.626213,660.079,76.022,0.896
136.637823,660.231,76.026,0.894
136.649433,660.142,76.023,0.893
136.661043,659.954,76.018,0.892
136.672653,659.847,76.016,0.891
136.684263,659.601,76.009,0.891
136.695873,659.574,76.008,0.891
136.707483,659.716,76.012,0.891
136.719093,659.721,76.012,0.894
136.730703,659.506,76.007,0.896
136.742313,659.542,76.008,0.896
136.753923,659.694,76.012,0.895
136.765533,659.794,76.014,0.893
136.777143,659.945,76.018,0.891
136.788753,660.211,76.025,0.892
136.800363,660.044,76.021,0.895
136.811973,660.088,76.022,0.896
136.823583,660.209,76.025,0.897
136.835193,660.075,76.022,0.899
136.846803,660.137,76.023,0.901
136.858413,660.152,76.024,0.903
136.870023,659.925,76.018,0.904
136.881633,659.980,76.019,0.904
136.893243,659.961,76.019,0.901
136.904853,659.935,76.018,0.899
136.916463,659.745,76.013,0.898
136.928073,659.286,76.001,0.899
136.939683,659.169,75.998,0.903
136.951293,658.866,75.990,0.905
136.962902,658.957,75.992,0.908
136.974512,659.236,75.999,0.910
136.986122,659.345,76.002,0.912
136.997732,659.434,76.005,0.914
137.009342,659.828,76.015,0.917
137.020952,660.055,76.021,0.919
137.032562,660.455,76.031,0.920
137.044172,660.728,76.039,0.922
137.055782,660.559,76.034,0.924
137.067392,660.470,76.032,0.926
137.079002,660.347,76.029,0.927
137.090612,660.202,76.025,0.928
137.102222,659.949,76.018,0.926
137.113832,659.760,76.013,0.923
137.125442,659.537,76.007,0.921
137.137052,659.392,76.004,0.918
137.148662,659.519,76.007,0.914
137.160272,659.522,76.007,0.913
137.171882,659.459,76.005,0.915
137.183492,659.660,76.011,0.915
137.195102,659.690,76.011,0.914
137.206712,659.714,76.012,0.914
137.218322,659.660,76.011,0.912
137.229932,659.706,76.012,0.912
137.241542,659.802,76.014,0.915
137.253152,659.806,76.014,0.913
137.264762,659.892,76.017,0.909
137.276372,659.900,76.017,0.907
137.287982,659.660,76.011,0.906
137.299592,659.568,76.008,0.903
137.311202,659.522,76.007,0.901
137.322812,659.466,76.006,0.899
137.334422,659.271,76.000,0.894
137.346032,659.058,75.995,0.890
137.357642,658.735,75.986,0.887
137.369252,658.408,75.978,0.887
137.380862,658.895,75.991,0.886
137.392472,329.765,64.007,0.892
137.404082,329.817,64.010,0.895
137.415692,219.867,56.990,0.901
137.427302,219.809,56.985,0.907
137.438912,219.837,56.987,0.913
137.450522,659.119,75.996,0.916
137.462132,659.406,76.004,0.920
137.473741,659.226,75.999,0.925
137.485351,131.854,48.137,0.924
137.496961,131.853,48.137,0.925
137.508571,131.864,48.139,0.925
137.520181,131.849,48.137,0.926
137.531791,131.810,48.131,0.926
137.543401,131.846,48.136,0.929
137.555011,658.788,75.988,0.930
137.566621,659.068,75.995,0.930
137.578231,658.992,75.993,0.931
137.589841,659.097,75.996,0.932
137.601451,329.773,64.008,0.929
137.613061,329.762,64.007,0.926
137.624671,659.285,76.001,0.924
137.636281,659.154,75.997,0.920
137.647891,659.433,76.005,0.915
137.659501,659.664,76.011,0.911
137.671111,659.383,76.003,0.909
137.682721,659.260,76.000,0.906
137.694331,659.407,76.004,0.906
137.705941,659.593,76.009,0.908
137.717551,659.612,76.009,0.907
137.729161,659.699,76.012,0.907
137.740771,659.941,76.018,0.909
137.752381,660.116,76.023,0.906
137.763991,660.071,76.021,0.897
137.775601,659.940,76.018,0.889
137.787211,659.848,76.016,0.876
137.798821,659.607,76.009,0.859
137.810431,659.817,76.015,0.844
137.822041,659.786,76.014,0.831
137.833651,658.977,75.993,0.815
137.845261,658.825,75.989,0.807
137.856871,659.053,75.995,0.812
137.868481,659.256,76.000,0.818
137.880091,659.704,76.012,0.826
137.891701,660.106,76.022,0.831
137.903311,660.074,76.021,0.836
137.914921,659.773,76.014,0.837
137.926531,658.992,75.993,0.835
137.938141,657.434,75.952,0.839
137.949751,656.295,75.922,0.840
137.961361,654.531,75.875,0.839
137.972971,652.340,75.817,0.837
137.984580,650.530,75.769,0.840
137.996190,649.023,75.729,0.841
138.007800,648.697,75.720,0.842
138.019410,649.391,75.739,0.844
138.031020,651.477,75.795,0.842
138.042630,653.950,75.860,0.838
138.054240,657.504,75.954,0.838
138.065850,661.976,76.071,0.840
138.077460,665.382,76.160,0.838
138.089070,667.378,76.212,0.834
138.100680,667.605,76.218,0.832
138.112290,666.986,76.202,0.835
138.123900,664.675,76.142,0.833
138.135510,660.099,76.022,0.831
138.147120,655.272,75.895,0.829
138.158730,649.738,75.748,0.831
138.170340,643.907,75.592,0.829
138.181950,639.748,75.480,0.829
138.193560,639.480,75.473,0.830
138.205170,639.664,75.478,0.827
138.216780,641.979,75.540,0.829
138.228390,646.584,75.664,0.834
138.240000,651.554,75.797,0.834
138.251610,658.233,75.973,0.833
138.263220,665.572,76.165,0.833
138.274830,668.430,76.239,0.836
138.286440,669.507,76.267,0.840
138.298050,667.588,76.217,0.847
138.309660,665.132,76.154,0.853
138.321270,661.199,76.051,0.855
138.332880,655.227,75.894,0.856
138.344490,648.516,75.716,0.855
138.356100,642.268,75.548,0.858
138.367710,639.882,75.484,0.862
138.379320,637.229,75.412,0.863
138.390930,637.601,75.422,0.860
138.402540,640.249,75.494,0.855
138.414150,645.565,75.637,0.851
138.425760,652.056,75.810,0.856
138.437370,659.575,76.008,0.854
138.448980,667.936,76.226,0.856
138.460590,673.770,76.377,0.854
138.472200,676.517,76.447,0.854
138.483810,676.310,76.442,0.855
138.495420,672.005,76.332,0.854
138.507029,666.133,76.180,0.857
138.518639,659.677,76.011,0.859
138.530249,653.427,75.846,0.866
138.541859,648.263,75.709,0.867
138.553469,645.079,75.624,0.869
138.565079,643.169,75.572,0.870
138.576689,644.452,75.607,0.872
138.588299,646.753,75.669,0.871
138.599909,650.060,75.757,0.869
138.611519,654.255,75.868,0.866
138.623129,660.917,76.044,0.860
138.634739,667.868,76.225,0.855
138.646349,673.339,76.366,0.846
138.657959,677.159,76.464,0.844
138.669569,678.478,76.498,0.839
138.681179,675.401,76.419,0.841
138.692789,668.799,76.249,0.845
138.704399,660.957,76.045,0.856
138.716009,654.663,75.879,0.862
138.727619,651.148,75.786,0.865
138.739229,649.057,75.730,0.869
138.750839,647.973,75.701,0.865
138.762449,649.174,75.733,0.867
138.774059,652.802,75.830,0.869
138.785669,659.291,76.001,0.864
138.797279,668.567,76.243,0.853
138.808889,673.462,76.369,0.849
138.820499,676.470,76.446,0.846
138.832109,678.599,76.501,0.840
138.843719,676.305,76.442,0.842
138.855329,672.088,76.334,0.836
138.866939,665.762,76.170,0.828
138.878549,659.383,76.003,0.835
138.890159,653.822,75.857,0.835
138.901769,650.832,75.777,0.831
138.913379,648.797,75.723,0.828
138.924989,648.594,75.718,0.830
138.936599,649.972,75.754,0.827
138.948209,654.769,75.882,0.831
138.959819,662.111,76.075,0.833
138.971429,667.964,76.227,0.830
138.983039,670.026,76.281,0.825
138.994649,669.075,76.256,0.820
139.006259,666.975,76.202,0.821
139.017868,664.297,76.132,0.823
139.029478,662.093,76.074,0.825
139.041088,659.945,76.018,0.820
139.052698,658.716,75.986,0.820
139.064308,658.854,75.989,0.821
139.075918,660.870,76.042,0.825
139.087528,664.230,76.130,0.828
139.099138,669.248,76.260,0.832
139.110748,672.480,76.344,0.832
139.122358,673.873,76.380,0.830
139.133968,674.410,76.393,0.827
139.145578,674.742,76.402,0.824
139.157188,670.259,76.287,0.821
139.168798,664.437,76.136,0.817
139.180408,658.507,75.980,0.818
139.192018,653.685,75.853,0.812
139.203628,652.979,75.834,0.807
139.215238,653.956,75.860,0.808
139.226848,656.849,75.937,0.816
139.238458,659.256,76.000,0.817
139.250068,663.733,76.117,0.809
139.261678,667.128,76.206,0.801
139.273288,669.970,76.279,0.797
139.284898,668.519,76.242,0.796
139.296508,664.954,76.149,0.789
139.308118,660.107,76.022,0.800
139.319728,654.605,75.877,0.800
139.331338,651.172,75.786,0.797
139.342948,648.669,75.720,0.804
139.354558,648.281,75.709,0.817
139.366168,648.674,75.720,0.821
139.377778,652.633,75.825,0.827
139.389388,655.004,75.888,0.841
139.400998,654.262,75.868,0.843
139.412608,652.302,75.816,0.840
139.424218,652.237,75.815,0.837
139.435828,652.345,75.818,0.829
139.447438,652.613,75.825,0.818
139.459048,653.624,75.851,0.811
139.470658,653.063,75.837,0.794
139.482268,655.547,75.902,0.768
139.493878,669.783,76.274,0.742
139.505488,685.131,76.667,0.728
139.517098,691.406,76.824,0.723
139.528707,692.411,76.850,0.723
139.540317,691.222,76.820,0.720
139.551927,688.023,76.739,0.719
139.563537,682.538,76.601,0.726
139.575147,675.371,76.418,0.730
139.586757,669.851,76.276,0.722
139.598367,669.490,76.267,0.727
139.609977,671.562,76.320,0.738
139.621587,675.450,76.420,0.743
139.633197,681.920,76.585,0.746
139.644807,694.351,76.898,0.760
139.656417,708.517,77.248,0.776
139.668027,719.307,77.509,0.790
139.679637,724.353,77.630,0.803
139.691247,731.148,77.792,0.808
139.702857,735.926,77.905,0.813
139.714467,737.630,77.945,0.818
139.726077,738.564,77.967,0.825
139.737687,739.454,77.987,0.827
139.749297,739.539,77.989,0.826
139.760907,739.559,77.990,0.825
139.772517,739.514,77.989,0.825
139.784127,739.562,77.990,0.826
139.795737,739.685,77.993,0.824
139.807347,739.605,77.991,0.824
139.818957,739.600,77.991,0.822
139.830567,739.835,77.996,0.818
139.842177,740.018,78.001,0.816
139.853787,740.091,78.002,0.815
139.865397,740.120,78.003,0.814
139.877007,740.074,78.002,0.813
139.888617,740.015,78.001,0.812
139.900227,740.462,78.011,0.809
139.911837,740.668,78.016,0.807
139.923447,740.615,78.015,0.807
139.935057,740.566,78.014,0.806
139.946667,740.559,78.013,0.805
139.958277,740.905,78.021,0.805
139.969887,741.090,78.026,0.805
139.981497,740.978,78.023,0.807
139.993107,740.620,78.015,0.810
140.004717,740.465,78.011,0.812
140.016327,740.722,78.017,0.813
140.027937,740.828,78.020,0.814
140.039546,741.014,78.024,0.817
140.051156,740.951,78.022,0.819
140.062766,740.881,78.021,0.819
140.074376,741.092,78.026,0.819
140.085986,741.427,78.034,0.817
140.097596,741.694,78.040,0.815
140.109206,741.829,78.043,0.814
140.120816,741.942,78.046,0.810
140.132426,741.928,78.045,0.805
140.144036,741.892,78.044,0.798
140.155646,741.640,78.039,0.792
140.167256,741.339,78.032,0.785
140.178866,741.081,78.026,0.776
140.190476,741.056,78.025,0.762
140.202086,740.905,78.021,0.753
140.213696,740.631,78.015,0.748
140.225306,740.556,78.013,0.742
140.236916,740.204,78.005,0.739
140.248526,740.260,78.006,0.737
140.260136,740.153,78.004,0.743
140.271746,739.683,77.993,0.751
140.283356,739.149,77.980,0.761
140.294966,738.747,77.971,0.762
140.306576,738.230,77.959,0.761
140.318186,737.635,77.945,0.763
140.329796,737.467,77.941,0.766
140.341406,737.108,77.932,0.769
140.353016,736.584,77.920,0.766
140.364626,736.669,77.922,0.765
140.376236,737.266,77.936,0.768
140.387846,737.360,77.938,0.773
140.399456,738.184,77.958,0.778
140.411066,738.749,77.971,0.781
140.422676,739.638,77.992,0.787
140.434286,740.800,78.019,0.792
140.445896,741.187,78.028,0.802
140.457506,741.141,78.027,0.810
140.469116,740.516,78.012,0.814
140.480726,739.532,77.989,0.815
140.492336,737.965,77.953,0.814
140.503946,736.104,77.909,0.814
140.515556,733.398,77.845,0.805
140.527166,729.105,77.743,0.797
140.538776,723.869,77.619,0.784
140.550385,717.858,77.474,0.773
140.561995,707.708,77.228,0.765
140.573605,695.078,76.916,0.761
140.585215,686.918,76.712,0.759
140.596825,674.130,76.386,0.755
140.608435,666.822,76.198,0.763
140.620045,663.138,76.102,0.766
140.631655,329.290,63.982,0.775
140.643265,328.264,63.928,0.775
140.654875,327.577,63.892,0.770
140.666485,328.328,63.932,0.769
140.678095,328.676,63.950,0.767
140.689705,328.282,63.929,0.772
140.701315,325.437,63.778,0.772
140.712925,325.246,63.768,0.772
140.724535,85.703,40.679,0.764
140.736145,151.019,50.487,0.771
140.747755,143.372,49.587,0.781
140.759365,143.403,49.591,0.789
140.770975,143.776,49.636,0.804
140.782585,144.100,49.675,0.817
140.794195,144.988,49.781,0.821
140.805805,147.296,50.055,0.828
140.817415,147.086,50.030,0.836
140.829025,147.042,50.025,0.843
140.840635,146.879,50.005,0.849
140.852245,146.966,50.016,0.851
140.863855,146.990,50.019,0.848
140.875465,146.954,50.014,0.843
140.887075,147.034,50.024,0.840
140.898685,147.462,50.074,0.840
140.910295,633.095,75.299,0.847
140.921905,640.424,75.498,0.849
140.933515,650.895,75.779,0.846
140.945125,656.226,75.920,0.845
140.956735,660.575,76.035,0.841
140.968345,659.917,76.017,0.836
140.979955,329.001,63.967,0.836
140.991565,328.875,63.960,0.835
141.003175,328.930,63.963,0.823
141.014785,328.821,63.958,0.807
141.026395,329.431,63.990,0.800
141.038005,663.487,76.111,0.791
141.049615,673.718,76.376,0.795
141.061224,685.839,76.684,0.794
141.072834,694.099,76.892,0.786
141.084444,700.333,77.046,0.778
141.096054,704.299,77.144,0.766
141.107664,707.411,77.221,0.760
141.119274,708.090,77.237,0.749
141.130884,706.754,77.204,0.736
141.142494,702.399,77.097,0.706
141.154104,691.244,76.820,0.680
141.165714,681.367,76.571,0.671
141.177324,670.468,76.292,0.651
141.188934,663.563,76.113,0.652
141.200544,656.110,75.917,0.638
141.212154,653.487,75.848,0.620
141.223764,651.917,75.806,0.611
141.235374,649.502,75.742,0.605
141.246984,647.230,75.681,0.603
141.258594,640.536,75.501,0.593
141.270204,633.953,75.322,0.584
141.281814,616.676,74.844,0.573
141.293424,600.408,74.381,0.588
141.305034,593.966,74.195,0.611
141.316644,590.051,74.080,0.629
141.328254,586.775,73.984,0.648
141.339864,582.791,73.866,0.671
141.351474,579.085,73.755,0.677
141.363084,576.168,73.668,0.680
141.374694,574.331,73.613,0.678
141.386304,570.921,73.509,0.666
141.397914,566.866,73.386,0.653
141.409524,558.673,73.134,0.637
141.421134,535.564,72.403,0.614
141.432744,505.499,71.402,0.570
141.444354,499.677,71.202,0.547
141.455964,494.553,71.023,0.520
141.467574,492.696,70.958,0.499
141.479184,492.256,70.943,0.477
141.490794,494.503,71.022,0.449
141.502404,497.100,71.112,0.412
141.514014,498.100,71.147,0.372
141.525624,167.085,52.237,0.335
141.537234,167.593,52.290,0.287
141.548844,280.792,61.224,0.259
141.560454,279.206,61.126,0.251
141.572063,676.471,76.446,0.243
141.583673,669.514,76.267,0.252
141.595283,627.149,75.136,0.320
141.606893,620.680,74.956,0.384
141.618503,615.203,74.803,0.411
141.630113,611.381,74.695,0.428
141.641723,607.534,74.586,0.447
141.653333,603.658,74.475,0.468
141.664943,601.510,74.413,0.474
141.676553,600.001,74.370,0.473
141.688163,594.910,74.222,0.456
141.699773,586.945,73.989,0.426
141.711383,581.796,73.836,0.405
141.722993,579.319,73.762,0.385
141.734603,578.808,73.747,0.356
141.746213,581.440,73.826,0.301
141.757823,584.205,73.908,0.278
141.769433,586.990,73.990,0.281
141.781043,589.960,74.077,0.286
141.792653,590.501,74.093,0.292
141.804263,589.597,74.067,0.294
141.815873,589.060,74.051,0.294
141.827483,587.433,74.003,0.290
141.839093,584.219,73.908,0.287
141.850703,581.083,73.815,0.286
141.862313,578.906,73.750,0.285
141.873923,578.590,73.740,0.297
141.885533,581.335,73.822,0.322
141.897143,584.382,73.913,0.340
141.908753,586.703,73.982,0.359
141.920363,588.153,74.024,0.371
141.931973,588.707,74.041,0.374
141.943583,589.494,74.064,0.370
141.955193,589.724,74.070,0.365
141.966803,588.957,74.048,0.351
141.978413,586.862,73.986,0.319
141.990023,584.421,73.914,0.281
142.001633,581.923,73.840,0.233
142.013243,580.645,73.802,0.182
142.024853,587.611,74.008,0.129
142.036463,592.772,74.160,0.119
142.048073,594.221,74.202,0.113
142.059683,593.857,74.191,0.107
142.071293,591.770,74.130,0.103
142.082902,588.979,74.049,0.095
142.094512,586.568,73.978,0.086
142.106122,580.824,73.807,0.050
142.117732,578.735,73.745,0.030
142.129342,577.271,73.701,0.014
142.140952,577.696,73.714,0.005
142.152562,,,0.000
142.164172,,,0.000
142.175782,,,0.000
142.187392,,,0.000
142.199002,,,0.000
142.210612,,,0.000
142.222222,,,0.000
142.233832,,,0.000
142.245442,,,0.000
142.257052,,,0.000
142.268662,,,0.000
142.280272,,,0.000
142.291882,,,0.000
142.303492,,,0.000
142.315102,,,0.000
142.326712,,,0.000
142.338322,,,0.000
142.349932,,,0.000
142.361542,,,0.000
142.373152,,,0.000
142.384762,,,0.000
142.396372,,,0.000
142.407982,,,0.000
142.419592,,,0.000
142.431202,,,0.000
142.442812,,,0.000
142.454422,,,0.000
142.466032,,,0.000
142.477642,,,0.000
142.489252,,,0.000
142.500862,,,0.000
142.512472,,,0.000
142.524082,,,0.000
142.535692,,,0.000
142.547302,,,0.000
142.558912,,,0.000
142.570522,,,0.000
142.582132,,,0.000
142.593741,,,0.000
142.605351,,,0.000
142.616961,,,0.000
142.628571,,,0.000
142.640181,,,0.000
142.651791,,,0.000
142.663401,,,0.000
142.675011,,,0.000
142.686621,,,0.000
142.698231,,,0.000
142.709841,,,0.000
142.721451,,,0.000
142.733061,,,0.000
142.744671,,,0.000
142.756281,,,0.000
142.767891,,,0.000
142.779501,,,0.000
142.791111,,,0.000
142.802721,,,0.000
142.814331,,,0.000
142.825941,,,0.000
142.837551,,,0.000
142.849161,,,0.000
142.860771,,,0.000
142.872381,,,0.000
142.883991,,,0.000
142.895601,,,0.000
142.907211,,,0.000
142.918821,,,0.000
142.930431,,,0.000
142.942041,,,0.000
142.953651,,,0.000
142.965261,,,0.000
142.976871,,,0.000
142.988481,,,0.000
143.000091,,,0.000
143.011701,,,0.000
143.023311,,,0.000
143.034921,,,0.000
143.046531,,,0.000
143.058141,,,0.000
143.069751,,,0.000
143.081361,,,0.000
143.092971,,,0.000
143.104580,,,0.000
143.116190,,,0.000
143.127800,,,0.000
143.139410,,,0.000
143.151020,,,0.000
143.162630,,,0.000
143.174240,,,0.000
143.185850,,,0.000
143.197460,,,0.000
143.209070,,,0.000
143.220680,,,0.000
143.232290,,,0.000
143.243900,,,0.000
143.255510,,,0.000
143.267120,,,0.000
143.278730,,,0.000
143.290340,,,0.000
143.301950,,,0.000
143.313560,,,0.000
143.325170,,,0.000
143.336780,,,0.000
143.348390,,,0.000
143.360000,,,0.000
143.371610,,,0.000
143.383220,,,0.000
143.394830,,,0.000
143.406440,,,0.000
143.418050,,,0.000
143.429660,,,0.000
143.441270,,,0.000
143.452880,,,0.000
143.464490,,,0.000
143.476100,,,0.000
143.487710,,,0.000
143.499320,,,0.000
143.510930,,,0.000
143.522540,,,0.000
143.534150,,,0.000
143.545760,,,0.000
143.557370,,,0.000
143.568980,,,0.000
143.580590,,,0.000
143.592200,,,0.000
143.603810,,,0.000
143.615420,,,0.000
143.627029,,,0.000
143.638639,,,0.000
143.650249,,,0.000
143.661859,,,0.000
143.673469,,,0.000
143.685079,,,0.000
143.696689,,,0.000
143.708299,,,0.000
143.719909,,,0.000
143.731519,,,0.000
143.743129,,,0.000
143.754739,,,0.000
143.766349,,,0.000
143.777959,,,0.000
143.789569,,,0.000
143.801179,,,0.000
143.812789,,,0.000
143.824399,,,0.000
143.836009,,,0.000
143.847619,,,0.000
143.859229,,,0.000
143.870839,,,0.000
143.882449,,,0.000
143.894059,,,0.000
143.905669,,,0.000
143.917279,,,0.000
143.928889,,,0.000
143.940499,,,0.000
143.952109,,,0.000
143.963719,,,0.000
143.975329,,,0.000
143.986939,,,0.000
143.998549,,,0.000
144.010159,,,0.000
144.021769,,,0.000
144.033379,,,0.000
144.044989,,,0.000
144.056599,,,0.000
144.068209,,,0.000
144.079819,,,0.000
144.091429,,,0.000
144.103039,,,0.000
144.114649,,,0.000
144.126259,,,0.000
144.137868,,,0.000
144.149478,,,0.000
144.161088,,,0.000
144.172698,,,0.000
144.184308,,,0.000
144.195918,,,0.000
144.207528,,,0.000
144.219138,,,0.000
144.230748,,,0.000
144.242358,,,0.000
144.253968,,,0.000
144.265578,,,0.000
144.277188,,,0.000
144.288798,,,0.000
144.300408,,,0.000
144.312018,,,0.000
144.323628,,,0.000
144.335238,,,0.000
144.346848,,,0.000
144.358458,,,0.000
144.370068,,,0.000
144.381678,,,0.000
144.393288,,,0.000
144.404898,,,0.000
144.416508,,,0.000
144.428118,,,0.000
144.439728,,,0.000
144.451338,,,0.000
144.462948,,,0.000
144.474558,,,0.000
144.486168,,,0.000
144.497778,,,0.000
144.509388,,,0.000
144.520998,,,0.000
144.532608,,,0.000
144.544218,,,0.000
144.555828,,,0.000
144.567438,,,0.000
144.579048,,,0.000
144.590658,,,0.000
144.602268,,,0.000
144.613878,,,0.000
144.625488,,,0.000
144.637098,,,0.000
144.648707,,,0.000
144.660317,,,0.000
144.671927,,,0.000
144.683537,,,0.000
144.695147,,,0.000
144.706757,,,0.000
144.718367,,,0.000
144.729977,,,0.000
144.741587,,,0.000
144.753197,1002.273,83.252,0.406
144.764807,1002.273,83.252,0.558
144.776417,1002.273,83.252,0.618
144.788027,1002.273,83.252,0.649
144.799637,1002.273,83.252,0.675
144.811247,1002.273,83.252,0.698
144.822857,1002.273,83.252,0.718
144.834467,1002.273,83.252,0.734
144.846077,1002.273,83.252,0.740
144.857687,1002.273,83.252,0.732
144.869297,1002.273,83.252,0.724
144.880907,1002.273,83.252,0.720
144.892517,1002.273,83.252,0.717
144.904127,1002.273,83.252,0.711
144.915737,1002.273,83.252,0.702
144.927347,1002.273,83.252,0.694
144.938957,1002.273,83.252,0.684
144.950567,1002.273,83.252,0.674
144.962177,1002.273,83.252,0.664
144.973787,1002.273,83.252,0.655
144.985397,1002.273,83.252,0.641
144.997007,1002.273,83.252,0.625
145.008617,1002.273,83.252,0.608
145.020227,1002.273,83.252,0.592
145.031837,1002.273,83.252,0.578
145.043447,1002.273,83.252,0.564
145.055057,1002.273,83.252,0.552
145.066667,1002.273,83.252,0.541
145.078277,1002.273,83.252,0.531
145.089887,1002.273,83.252,0.519
145.101497,1002.273,83.252,0.508
145.113107,1002.273,83.252,0.495
145.124717,1002.273,83.252,0.482
145.136327,1002.273,83.252,0.469
145.147937,1002.273,83.252,0.457
145.159546,1002.273,83.252,0.442
145.171156,1002.273,83.252,0.432
145.182766,1002.273,83.252,0.429
145.194376,1002.273,83.252,0.432
145.205986,1002.273,83.252,0.441
145.217596,1002.273,83.252,0.457
145.229206,1002.273,83.252,0.482
145.240816,1002.273,83.252,0.512
145.252426,1002.273,83.252,0.541
145.264036,1002.273,83.252,0.569
145.275646,1002.273,83.252,0.594
145.287256,1002.273,83.252,0.614
145.298866,1002.273,83.252,0.629
145.310476,1002.273,83.252,0.641
145.322086,1002.273,83.252,0.649
145.333696,1002.273,83.252,0.653
145.345306,1002.273,83.252,0.654
145.356916,1002.273,83.252,0.653
145.368526,1002.273,83.252,0.651
145.380136,1002.273,83.252,0.646
145.391746,1002.273,83.252,0.642
145.403356,1002.273,83.252,0.638
145.414966,1002.273,83.252,0.635
145.426576,1002.273,83.252,0.633
145.438186,1002.273,83.252,0.633
145.449796,1002.273,83.252,0.632
145.461406,1002.273,83.252,0.631
145.473016,1002.273,83.252,0.633
145.484626,1002.273,83.252,0.634
145.496236,1002.273,83.252,0.636
145.507846,1002.273,83.252,0.635
145.519456,1002.273,83.252,0.634
145.531066,1002.273,83.252,0.633
145.542676,1002.273,83.252,0.633
145.554286,1002.273,83.252,0.635
145.565896,1002.273,83.252,0.639
145.577506,1002.273,83.252,0.644
145.589116,1002.273,83.252,0.651
145.600726,1002.273,83.252,0.659
145.612336,1002.273,83.252,0.665
145.623946,1002.273,83.252,0.669
145.635556,1002.273,83.252,0.672
145.647166,1002.273,83.252,0.677
145.658776,1002.273,83.252,0.680
145.670385,1002.273,83.252,0.681
145.681995,1002.273,83.252,0.683
145.693605,1002.273,83.252,0.684
145.705215,1002.273,83.252,0.687
145.716825,1002.273,83.252,0.690
145.728435,1002.273,83.252,0.693
145.740045,1002.273,83.252,0.695
145.751655,1002.273,83.252,0.696
145.763265,1002.273,83.252,0.696
145.774875,1002.273,83.252,0.695
145.786485,1002.273,83.252,0.692
145.798095,1002.273,83.252,0.690
145.809705,1002.273,83.252,0.689
145.821315,1002.273,83.252,0.687
145.832925,1002.273,83.252,0.683
145.844535,1002.273,83.252,0.679
145.856145,1002.273,83.252,0.675
145.867755,1002.273,83.252,0.674
145.879365,1002.273,83.252,0.672
145.890975,1002.273,83.252,0.671
145.902585,1002.273,83.252,0.670
145.914195,1002.273,83.252,0.669
145.925805,1002.273,83.252,0.668
145.937415,1002.273,83.252,0.669
145.949025,1002.273,83.252,0.673
145.960635,1002.273,83.252,0.678
145.972245,1002.273,83.252,0.683
145.983855,1002.273,83.252,0.687
145.995465,1002.273,83.252,0.690
146.007075,1002.273,83.252,0.693
146.018685,1002.273,83.252,0.695
146.030295,1002.273,83.252,0.696
146.041905,1002.273,83.252,0.695
146.053515,1002.273,83.252,0.694
146.065125,1002.273,83.252,0.692
146.076735,1002.273,83.252,0.691
146.088345,1002.273,83.252,0.690
146.099955,1002.273,83.252,0.688
146.111565,1002.273,83.252,0.688
146.123175,1002.273,83.252,0.686
146.134785,1002.273,83.252,0.682
146.146395,1002.273,83.252,0.677
146.158005,1002.273,83.252,0.671
146.169615,1002.273,83.252,0.664
146.181224,1002.273,83.252,0.655
146.192834,1002.273,83.252,0.646
146.204444,1002.273,83.252,0.637
146.216054,1002.273,83.252,0.627
146.227664,1002.273,83.252,0.618
146.239274,1002.273,83.252,0.608
146.250884,1002.273,83.252,0.596
146.262494,1002.273,83.252,0.585
146.274104,1002.273,83.252,0.577
146.285714,1002.273,83.252,0.571
146.297324,1002.273,83.252,0.569
146.308934,1002.273,83.252,0.571
146.320544,1002.273,83.252,0.575
146.332154,1002.273,83.252,0.580
146.343764,1002.273,83.252,0.589
146.355374,1002.273,83.252,0.600
146.366984,1002.273,83.252,0.611
146.378594,1002.273,83.252,0.621
146.390204,1002.273,83.252,0.630
146.401814,1002.273,83.252,0.637
146.413424,1002.273,83.252,0.642
146.425034,1002.273,83.252,0.648
146.436644,1002.273,83.252,0.652
146.448254,1002.273,83.252,0.654
146.459864,1002.273,83.252,0.655
146.471474,1002.273,83.252,0.655
146.483084,1002.273,83.252,0.655
146.494694,1002.273,83.252,0.654
146.506304,1002.273,83.252,0.656
146.517914,1002.273,83.252,0.658
146.529524,1002.273,83.252,0.660
146.541134,1002.273,83.252,0.660
146.552744,1002.273,83.252,0.660
146.564354,1002.273,83.252,0.659
146.575964,1002.273,83.252,0.660
146.587574,1002.273,83.252,0.664
146.599184,1002.273,83.252,0.668
146.610794,1002.273,83.252,0.671
146.622404,1002.273,83.252,0.674
146.634014,1002.273,83.252,0.678
146.645624,1002.273,83.252,0.682
146.657234,1002.273,83.252,0.686
146.668844,1002.273,83.252,0.689
146.680454,1002.273,83.252,0.689
146.692063,1002.273,83.252,0.688
146.703673,1002.273,83.252,0.686
146.715283,1002.273,83.252,0.684
146.726893,1002.273,83.252,0.684
146.738503,1002.273,83.252,0.684
146.750113,1002.273,83.252,0.686
146.761723,1002.273,83.252,0.689
146.773333,1002.273,83.252,0.692
146.784943,1002.273,83.252,0.695
146.796553,1002.273,83.252,0.699
146.808163,1002.273,83.252,0.703
146.819773,1002.273,83.252,0.704
146.831383,1002.273,83.252,0.704
146.842993,1002.273,83.252,0.705
146.854603,1002.273,83.252,0.704
146.866213,1002.273,83.252,0.701
146.877823,1002.273,83.252,0.697
146.889433,1002.273,83.252,0.692
146.901043,1002.273,83.252,0.686
146.912653,1002.273,83.252,0.681
146.924263,1002.273,83.252,0.678
146.935873,1002.273,83.252,0.672
146.947483,1002.273,83.252,0.665
146.959093,1002.273,83.252,0.659
146.970703,1002.273,83.252,0.655
146.982313,1002.273,83.252,0.649
146.993923,1002.273,83.252,0.643
147.005533,1002.273,83.252,0.637
147.017143,1002.273,83.252,0.629
147.028753,1002.273,83.252,0.619
147.040363,1002.273,83.252,0.609
147.051973,1002.273,83.252,0.596
147.063583,1002.273,83.252,0.582
147.075193,1002.273,83.252,0.568
147.086803,1002.273,83.252,0.554
147.098413,1002.273,83.252,0.539
147.110023,1002.273,83.252,0.525
147.121633,1002.273,83.252,0.513
147.133243,1002.273,83.252,0.502
147.144853,1002.273,83.252,0.495
147.156463,1002.273,83.252,0.492
147.168073,1002.273,83.252,0.490
147.179683,1002.273,83.252,0.486
147.191293,1002.273,83.252,0.484
147.202902,1002.273,83.252,0.484
147.214512,1002.273,83.252,0.486
147.226122,1002.273,83.252,0.491
147.237732,1002.273,83.252,0.496
147.249342,1002.273,83.252,0.501
147.260952,1002.273,83.252,0.505
147.272562,1002.273,83.252,0.508
147.284172,1002.273,83.252,0.510
147.295782,1002.273,83.252,0.510
147.307392,1002.273,83.252,0.510
147.319002,1002.273,83.252,0.510
147.330612,1002.273,83.252,0.510
147.342222,1002.273,83.252,0.505
147.353832,1002.273,83.252,0.498
147.365442,1002.273,83.252,0.489
147.377052,1002.273,83.252,0.475
147.388662,1002.273,83.252,0.459
147.400272,1002.273,83.252,0.437
147.411882,1002.273,83.252,0.406
147.423492,1002.273,83.252,0.366
147.435102,1002.273,83.252,0.319
147.446712,1002.273,83.252,0.268
147.458322,1002.273,83.252,0.215
147.469932,1002.273,83.252,0.162
147.481542,1002.273,83.252,0.113
147.493152,1002.273,83.252,0.068
147.504762,1002.273,83.252,0.028
147.516372,,,0.000
147.527982,,,0.000
147.539592,,,0.000
147.551202,,,0.000
147.562812,,,0.000
147.574422,,,0.000
147.586032,,,0.000
147.597642,,,0.000
147.609252,,,0.000
147.620862,,,0.000
147.632472,,,0.000
147.644082,,,0.000
147.655692,,,0.000
147.667302,,,0.000
147.678912,,,0.000
147.690522,,,0.000
147.702132,,,0.000
147.713741,,,0.000
147.725351,,,0.000
147.736961,,,0.000
147.748571,,,0.000
147.760181,,,0.000
147.771791,,,0.000
147.783401,,,0.000
147.795011,,,0.000
147.806621,,,0.000
147.818231,,,0.000
147.829841,,,0.000
147.841451,,,0.000
147.853061,,,0.000
147.864671,,,0.000
147.876281,,,0.000
147.887891,,,0.000
147.899501,,,0.000
147.911111,,,0.000
147.922721,460.197,69.777,0.015
147.934331,459.346,69.745,0.059
147.945941,459.857,69.764,0.439
147.957551,453.047,69.506,0.557
147.969161,449.580,69.373,0.618
147.980771,446.575,69.257,0.652
147.992381,444.278,69.168,0.676
148.003991,442.612,69.102,0.697
148.015601,441.618,69.064,0.713
148.027211,440.998,69.039,0.726
148.038821,439.891,68.996,0.726
148.050431,439.302,68.973,0.718
148.062041,440.311,69.012,0.711
148.073651,444.030,69.158,0.711
148.085261,453.679,69.530,0.714
148.096871,465.466,69.974,0.721
148.108481,475.678,70.350,0.728
148.120091,483.173,70.620,0.737
148.131701,487.696,70.782,0.745
148.143311,490.810,70.892,0.753
148.154921,493.317,70.980,0.759
148.166531,494.751,71.030,0.763
148.178141,495.626,71.061,0.765
148.189751,495.941,71.072,0.765
148.201361,496.000,71.074,0.766
148.212971,495.893,71.070,0.764
148.224580,495.943,71.072,0.764
148.236190,495.711,71.064,0.765
148.247800,495.764,71.066,0.766
148.259410,495.763,71.066,0.767
148.271020,495.444,71.055,0.768
148.282630,495.091,71.042,0.767
148.294240,494.893,71.035,0.767
148.305850,495.797,71.067,0.767
148.317460,500.155,71.218,0.768
148.329070,506.525,71.438,0.772
148.340680,517.038,71.793,0.775
148.352290,528.881,72.185,0.780
148.363900,543.556,72.659,0.786
148.375510,559.206,73.151,0.793
148.387120,571.019,73.512,0.801
148.398730,579.577,73.770,0.809
148.410340,585.790,73.955,0.815
148.421950,588.913,74.047,0.819
148.433560,589.290,74.058,0.819
148.445170,586.212,73.967,0.818
148.456780,582.385,73.854,0.817
148.468390,578.927,73.751,0.815
148.480000,577.194,73.699,0.813
148.491610,577.353,73.703,0.813
148.503220,578.709,73.744,0.812
148.514830,581.181,73.818,0.811
148.526440,584.338,73.912,0.814
148.538050,588.377,74.031,0.820
148.549660,592.011,74.137,0.826
148.561270,593.445,74.179,0.830
148.572880,593.805,74.190,0.834
148.584490,593.036,74.167,0.838
148.596100,591.382,74.119,0.842
148.607710,589.565,74.066,0.843
148.619320,587.466,74.004,0.843
148.630930,585.649,73.950,0.840
148.642540,584.407,73.914,0.839
148.654150,584.043,73.903,0.837
148.665760,584.244,73.909,0.834
148.677370,584.572,73.919,0.831
148.688980,585.026,73.932,0.827
148.700590,585.923,73.959,0.827
148.712200,586.799,73.984,0.829
148.723810,587.473,74.004,0.830
148.735420,588.072,74.022,0.828
148.747029,588.736,74.041,0.826
148.758639,588.873,74.045,0.825
148.770249,589.261,74.057,0.824
148.781859,589.412,74.061,0.824
148.793469,589.409,74.061,0.823
148.805079,589.201,74.055,0.822
148.816689,588.953,74.048,0.821
148.828299,587.961,74.019,0.820
148.839909,587.098,73.993,0.819
148.851519,586.404,73.973,0.817
148.863129,585.810,73.955,0.816
148.874739,586.286,73.969,0.817
148.886349,588.586,74.037,0.817
148.897959,593.464,74.180,0.819
148.909569,600.618,74.387,0.823
148.921179,610.347,74.666,0.828
148.932789,621.808,74.988,0.833
148.944399,632.877,75.293,0.834
148.956009,644.930,75.620,0.834
148.967619,658.101,75.970,0.836
148.979229,663.360,76.107,0.837
148.990839,666.721,76.195,0.841
149.002449,668.577,76.243,0.839
149.014059,669.001,76.254,0.839
149.025669,669.039,76.255,0.840
149.037279,667.703,76.220,0.847
149.048889,665.472,76.162,0.852
149.060499,662.765,76.092,0.849
149.072109,660.769,76.040,0.847
149.083719,658.270,75.974,0.843
149.095329,656.514,75.928,0.845
149.106939,654.965,75.887,0.844
149.118549,653.695,75.853,0.844
149.130159,653.434,75.846,0.847
149.141769,653.817,75.857,0.846
149.153379,654.607,75.878,0.852
149.164989,655.531,75.902,0.857
149.176599,656.462,75.927,0.858
149.188209,657.535,75.955,0.855
149.199819,658.720,75.986,0.855
149.211429,659.932,76.018,0.854
149.223039,660.927,76.044,0.851
149.234649,661.494,76.059,0.851
149.246259,661.980,76.071,0.848
149.257868,662.366,76.081,0.848
149.269478,662.504,76.085,0.853
149.281088,662.459,76.084,0.860
149.292698,662.435,76.083,0.867
149.304308,662.246,76.078,0.872
149.315918,662.513,76.085,0.874
149.327528,663.888,76.121,0.874
149.339138,666.241,76.182,0.871
149.350748,670.052,76.281,0.871
149.362358,674.033,76.384,0.866
149.373968,680.642,76.553,0.862
149.385578,690.814,76.810,0.854
149.397188,701.421,77.073,0.846
149.408798,713.946,77.380,0.840
149.420408,727.278,77.700,0.836
149.432018,735.122,77.886,0.837
149.443628,740.090,78.002,0.835
149.455238,740.684,78.016,0.836
149.466848,740.302,78.007,0.832
149.478458,738.701,77.970,0.828
149.490068,737.423,77.940,0.827
149.501678,737.010,77.930,0.830
149.513288,736.836,77.926,0.830
149.524898,737.808,77.949,0.827
149.536508,740.498,78.012,0.829
149.548118,743.698,78.087,0.829
149.559728,373.241,66.151,0.836
149.571338,374.011,66.187,0.843
149.582948,374.569,66.213,0.846
149.594558,374.994,66.232,0.839
149.606168,375.159,66.240,0.831
149.617778,752.701,78.295,0.826
149.629388,756.955,78.392,0.817
149.640998,767.097,78.623,0.818
149.652608,778.748,78.884,0.812
149.664218,799.487,79.339,0.807
149.675828,822.631,79.833,0.810
149.687438,839.388,80.182,0.823
149.699048,850.053,80.401,0.840
149.710658,860.203,80.606,0.855
149.722268,868.360,80.769,0.869
149.733878,877.291,80.947,0.872
149.745488,882.466,81.048,0.877
149.757098,885.493,81.108,0.882
149.768707,888.780,81.172,0.885
149.780317,893.216,81.258,0.890
149.791927,898.972,81.369,0.898
149.803537,908.707,81.556,0.899
149.815147,920.055,81.771,0.900
149.826757,932.610,82.005,0.910
149.838367,944.802,82.230,0.918
149.849977,955.484,82.425,0.923
149.861587,965.504,82.605,0.929
149.873197,975.377,82.781,0.933
149.884807,1002.273,83.252,0.934
149.896417,1002.273,83.252,0.940
149.908027,1002.273,83.252,0.943
149.919637,1002.273,83.252,0.945
149.931247,1002.273,83.252,0.947
149.942857,1002.273,83.252,0.950
149.954467,1002.273,83.252,0.952
149.966077,1002.273,83.252,0.954
149.977687,1002.273,83.252,0.953
149.989297,1002.273,83.252,0.952
150.000907,1002.273,83.252,0.953
150.012517,1002.273,83.252,0.952
150.024127,1002.273,83.252,0.950
150.035737,1002.273,83.252,0.945
150.047347,1002.273,83.252,0.939
150.058957,1002.273,83.252,0.932
150.070567,1002.273,83.252,0.929
150.082177,1002.273,83.252,0.923
150.093787,1002.273,83.252,0.918
150.105397,1002.273,83.252,0.914
150.117007,1002.273,83.252,0.914
150.128617,1002.273,83.252,0.916
150.140227,1002.273,83.252,0.921
150.151837,1002.273,83.252,0.928
150.163447,1002.273,83.252,0.933
150.175057,1002.273,83.252,0.938
150.186667,1002.273,83.252,0.942
150.198277,1002.273,83.252,0.943
150.209887,1002.273,83.252,0.943
150.221497,1002.273,83.252,0.943
150.233107,1002.273,83.252,0.936
150.244717,1002.273,83.252,0.926
150.256327,1002.273,83.252,0.914
150.267937,1002.273,83.252,0.903
150.279546,1002.273,83.252,0.893
150.291156,1002.273,83.252,0.886
150.302766,1002.273,83.252,0.880
150.314376,1002.273,83.252,0.881
150.325986,1002.273,83.252,0.889
150.337596,1002.273,83.252,0.902
150.349206,1002.273,83.252,0.915
150.360816,1002.273,83.252,0.927
150.372426,1002.273,83.252,0.935
150.384036,1002.273,83.252,0.939
150.395646,123.546,47.011,0.941
150.407256,123.544,47.010,0.941
150.418866,141.160,49.318,0.939
150.430476,123.521,47.007,0.939
150.442086,123.510,47.006,0.941
150.453696,247.087,59.010,0.938
150.465306,141.195,49.322,0.934
150.476916,141.379,49.345,0.933
150.488526,141.628,49.375,0.934
150.500136,98.635,43.112,0.931
150.511746,98.567,43.100,0.933
150.523356,98.505,43.089,0.931
150.534966,98.550,43.097,0.929
150.546576,98.458,43.081,0.927
150.558186,498.906,71.175,0.929
150.569796,142.137,49.437,0.932
150.581406,141.912,49.410,0.931
150.593016,141.739,49.389,0.932
150.604626,141.549,49.366,0.930
150.616236,141.566,49.368,0.926
150.627846,141.606,49.373,0.927
150.639456,82.303,39.978,0.934
150.651066,327.992,63.914,0.940
150.662676,328.751,63.954,0.938
150.674286,328.871,63.960,0.938
150.685896,329.234,63.979,0.944
150.697506,329.494,63.993,0.949
150.709116,329.592,63.998,0.952
150.720726,329.675,64.002,0.949
150.732336,329.656,64.001,0.944
150.743946,329.692,64.003,0.940
150.755556,329.783,64.008,0.940
150.767166,329.827,64.010,0.943
150.778776,329.650,64.001,0.944
150.790385,329.515,63.994,0.946
150.801995,329.439,63.990,0.949
150.813605,329.342,63.985,0.952
150.825215,329.365,63.986,0.950
150.836825,329.357,63.986,0.946
150.848435,329.299,63.983,0.942
150.860045,329.279,63.982,0.933
150.871655,329.296,63.983,0.919
150.883265,329.426,63.989,0.901
150.894875,329.544,63.996,0.883
150.906485,329.625,64.000,0.868
150.918095,329.476,63.992,0.862
150.929705,329.298,63.983,0.859
150.941315,329.027,63.968,0.864
150.952925,328.245,63.927,0.879
150.964535,327.617,63.894,0.897
150.976145,327.636,63.895,0.907
150.987755,327.636,63.895,0.915
150.999365,327.790,63.903,0.923
151.010975,327.840,63.906,0.928
151.022585,328.141,63.922,0.934
151.034195,328.538,63.943,0.935
151.045805,329.268,63.981,0.933
151.057415,329.799,64.009,0.929
151.069025,330.050,64.022,0.929
151.080635,330.158,64.028,0.929
151.092245,330.051,64.022,0.931
151.103855,330.046,64.022,0.934
151.115465,330.004,64.020,0.935
151.127075,330.023,64.021,0.937
151.138685,330.024,64.021,0.936
151.150295,330.117,64.026,0.935
151.161905,330.115,64.026,0.931
151.173515,330.152,64.028,0.927
151.185125,330.309,64.036,0.920
151.196735,330.201,64.030,0.911
151.208345,329.740,64.006,0.903
151.219955,329.680,64.003,0.898
151.231565,329.508,63.994,0.897
151.243175,246.817,58.991,0.895
151.254785,493.621,70.991,0.900
151.266395,493.870,71.000,0.905
151.278005,493.985,71.004,0.911
151.289615,164.682,51.986,0.924
151.301224,164.571,51.974,0.942
151.312834,164.718,51.990,0.950
151.324444,330.293,64.035,0.959
151.336054,331.435,64.095,0.968
151.347664,332.004,64.124,0.972
151.359274,332.207,64.135,0.982
151.370884,332.011,64.125,0.988
151.382494,331.694,64.108,0.987
151.394104,331.627,64.105,0.980
151.405714,331.106,64.077,0.976
151.417324,330.299,64.035,0.970
151.428934,164.726,51.991,0.962
151.440544,330.621,64.052,0.961
151.452154,331.170,64.081,0.951
151.463764,333.330,64.193,0.947
151.475374,245.279,58.883,0.945
151.486984,245.691,58.912,0.945
151.498594,245.985,58.933,0.949
151.510204,246.101,58.941,0.955
151.521814,123.281,46.973,0.962
151.533424,123.282,46.973,0.967
151.545034,123.262,46.971,0.972
151.556644,123.175,46.958,0.976
151.568254,123.146,46.954,0.982
151.579864,246.386,58.961,0.987
151.591474,246.341,58.958,0.990
151.603084,246.455,58.966,0.994
151.614694,246.582,58.975,0.993
151.626304,246.731,58.985,0.988
151.637914,246.821,58.992,0.980
151.649524,246.843,58.993,0.971
151.661134,246.810,58.991,0.960
151.672744,246.796,58.990,0.950
151.684354,246.767,58.988,0.938
151.695964,246.969,59.002,0.928
151.707574,246.849,58.993,0.924
151.719184,123.381,46.987,0.928
151.730794,246.758,58.987,0.932
151.742404,123.265,46.971,0.938
151.754014,123.279,46.973,0.943
151.765624,123.288,46.974,0.947
151.777234,123.306,46.977,0.951
151.788844,246.612,58.977,0.949
151.800454,246.781,58.989,0.949
151.812063,246.692,58.982,0.946
151.823673,246.726,58.985,0.945
151.835283,246.879,58.996,0.943
151.846893,246.833,58.992,0.942
151.858503,494.481,71.021,0.939
151.870113,494.453,71.020,0.938
151.881723,494.266,71.013,0.939
151.893333,494.347,71.016,0.937
151.904943,494.442,71.020,0.931
151.916553,494.327,71.016,0.926
151.928163,494.084,71.007,0.921
151.939773,493.863,70.999,0.913
151.951383,493.517,70.987,0.908
151.962993,246.613,58.977,0.903
151.974603,246.502,58.969,0.899
151.986213,246.536,58.972,0.898
151.997823,246.630,58.978,0.901
152.009433,246.841,58.993,0.910
152.021043,247.007,59.005,0.918
152.032653,247.104,59.011,0.926
152.044263,247.061,59.008,0.936
152.055873,247.132,59.013,0.943
152.067483,247.122,59.013,0.949
152.079093,247.016,59.005,0.952
152.090703,246.970,59.002,0.956
152.102313,246.928,58.999,0.957
152.113923,493.549,70.988,0.957
152.125533,493.630,70.991,0.956
152.137143,246.761,58.987,0.953
152.148753,246.852,58.994,0.953
152.160363,246.963,59.001,0.953
152.171973,494.454,71.020,0.951
152.183583,123.390,46.989,0.950
152.195193,123.477,47.001,0.954
152.206803,123.510,47.005,0.957
152.218413,123.448,46.997,0.957
152.230023,123.502,47.004,0.956
152.241633,123.474,47.000,0.951
152.253243,123.480,47.001,0.950
152.264853,323.864,63.695,0.954
152.276463,198.456,55.216,0.957
152.288073,246.198,58.948,0.953
152.299683,246.373,58.960,0.949
152.311293,246.479,58.968,0.946
152.322902,246.689,58.982,0.945
152.334512,246.830,58.992,0.945
152.346122,247.012,59.005,0.944
152.357732,247.330,59.027,0.942
152.369342,164.467,51.964,0.942
152.380952,164.493,51.966,0.946
152.392562,164.496,51.967,0.951
152.404172,164.482,51.965,0.953
152.415782,164.500,51.967,0.953
152.427392,164.498,51.967,0.952
152.439002,164.537,51.971,0.952
152.450612,164.649,51.983,0.949
152.462222,164.698,51.988,0.944
152.473832,164.659,51.984,0.938
152.485442,164.708,51.989,0.932
152.497052,494.715,71.029,0.932
152.508662,494.463,71.020,0.935
152.520272,494.981,71.038,0.940
152.531882,494.565,71.024,0.945
152.543492,247.375,59.030,0.950
152.555102,247.459,59.036,0.955
152.566712,247.562,59.043,0.959
152.578322,247.561,59.043,0.962
152.589932,164.724,51.991,0.966
152.601542,164.789,51.997,0.972
152.613152,164.842,52.003,0.974
152.624762,164.825,52.001,0.976
152.636372,164.802,51.999,0.977
152.647982,164.822,52.001,0.978
152.659592,164.717,51.990,0.980
152.671202,164.680,51.986,0.980
152.682812,164.607,51.978,0.981
152.694422,164.538,51.971,0.980
152.706032,164.513,51.968,0.978
152.717642,164.505,51.967,0.976
152.729252,164.482,51.965,0.973
152.740862,164.535,51.971,0.969
152.752472,164.613,51.979,0.966
152.764082,164.628,51.980,0.965
152.775692,164.656,51.983,0.965
152.787302,164.667,51.985,0.963
152.798912,164.646,51.982,0.962
152.810522,164.626,51.980,0.960
152.822132,164.574,51.975,0.956
152.833741,164.514,51.968,0.953
152.845351,164.506,51.968,0.950
152.856961,164.565,51.974,0.944
152.868571,164.601,51.978,0.934
152.880181,164.695,51.987,0.925
152.891791,164.763,51.995,0.920
152.903401,164.890,52.008,0.917
152.915011,247.504,59.039,0.917
152.926621,247.605,59.046,0.916
152.938231,247.828,59.062,0.914
152.949841,247.740,59.056,0.913
152.961451,247.637,59.049,0.916
152.973061,164.670,51.985,0.923
152.984671,246.995,59.004,0.925
152.996281,247.222,59.020,0.926
153.007891,164.582,51.976,0.929
153.019501,164.631,51.981,0.934
153.031111,164.723,51.990,0.937
153.042721,164.848,52.004,0.938
153.054331,165.041,52.024,0.944
153.065941,165.081,52.028,0.946
153.077551,164.920,52.011,0.949
153.089161,164.745,51.993,0.952
153.100771,164.595,51.977,0.953
153.112381,164.540,51.971,0.953
153.123991,164.459,51.963,0.956
153.135601,164.497,51.967,0.962
153.147211,164.353,51.952,0.960
153.158821,123.389,46.989,0.957
153.170431,123.490,47.003,0.958
153.182041,123.598,47.018,0.958
153.193651,123.637,47.023,0.959
153.205261,123.596,47.018,0.960
153.216871,123.552,47.011,0.964
153.228481,123.598,47.018,0.968
153.240091,123.590,47.017,0.970
153.251701,123.555,47.012,0.970
153.263311,123.449,46.997,0.963
153.274921,123.474,47.000,0.954
153.286531,123.598,47.018,0.940
153.298141,123.864,47.055,0.928
153.309751,124.246,47.108,0.910
153.321361,498.842,71.173,0.885
153.332971,499.678,71.202,0.859
153.344580,499.754,71.205,0.845
153.356190,498.680,71.167,0.851
153.367800,496.860,71.104,0.865
153.379410,494.744,71.030,0.873
153.391020,492.608,70.955,0.869
153.402630,490.803,70.892,0.873
153.414240,489.972,70.862,0.887
153.425850,489.955,70.862,0.897
153.437460,490.947,70.897,0.901
153.449070,245.932,58.929,0.904
153.460680,247.184,59.017,0.917
153.472290,248.345,59.098,0.935
153.483900,248.601,59.116,0.951
153.495510,248.582,59.115,0.958
153.507120,248.495,59.109,0.958
153.518730,248.172,59.086,0.957
153.530340,247.681,59.052,0.958
153.541950,246.922,58.999,0.953
153.553560,244.664,58.840,0.938
153.565170,242.730,58.702,0.924
153.576780,241.863,58.640,0.913
153.588390,241.407,58.608,0.904
153.600000,241.849,58.639,0.901
153.611610,243.758,58.775,0.903
153.623220,246.371,58.960,0.896
153.634830,247.498,59.039,0.894
153.646440,248.392,59.101,0.894
153.658050,248.836,59.132,0.888
153.669660,249.141,59.154,0.888
153.681270,166.499,52.176,0.890
153.692880,110.292,45.046,0.888
153.704490,109.512,44.923,0.885
153.716100,109.071,44.853,0.889
153.727710,108.674,44.790,0.886
153.739320,108.483,44.760,0.882
153.750930,108.211,44.716,0.877
153.762540,107.992,44.681,0.866
153.774150,108.002,44.683,0.851
153.785760,242.281,58.670,0.831
153.797370,243.262,58.740,0.809
153.808980,245.863,58.924,0.784
153.820590,248.962,59.141,0.770
153.832200,501.231,71.256,0.758
153.843810,500.891,71.244,0.767
153.855420,492.299,70.944,0.799
153.867029,241.049,58.582,0.833
153.878639,241.021,58.580,0.850
153.890249,242.097,58.657,0.866
153.901859,243.021,58.723,0.882
153.913469,243.547,58.760,0.891
153.925079,243.544,58.760,0.900
153.936689,243.396,58.750,0.904
153.948299,243.849,58.782,0.895
153.959909,244.441,58.824,0.885
153.971519,245.678,58.911,0.887
153.983129,246.031,58.936,0.885
153.994739,245.764,58.917,0.885
154.006349,248.172,59.086,0.891
154.017959,250.308,59.234,0.894
154.029569,250.226,59.229,0.900
154.041179,250.055,59.217,0.905
154.052789,250.063,59.217,0.899
154.064399,248.818,59.131,0.895
154.076009,246.453,58.966,0.891
154.087619,243.959,58.790,0.891
154.099229,243.185,58.735,0.889
154.110839,242.179,58.663,0.883
154.122449,240.920,58.573,0.873
154.134059,240.799,58.564,0.862
154.145669,249.803,59.199,0.859
154.157279,249.024,59.145,0.854
154.168889,248.484,59.108,0.851
154.180499,248.060,59.078,0.838
154.192109,245.545,58.902,0.821
154.203719,244.786,58.848,0.803
154.215329,244.006,58.793,0.795
154.226939,243.433,58.752,0.789
154.238549,242.130,58.659,0.779
154.250159,241.435,58.610,0.760
154.261769,217.733,56.821,0.742
154.273379,202.032,55.525,0.729
154.284989,97.337,42.883,0.762
154.296599,99.737,43.304,0.808
154.308209,100.296,43.401,0.831
154.319819,298.726,62.296,0.853
154.331429,298.097,62.259,0.871
154.343039,296.798,62.184,0.887
154.354649,295.883,62.130,0.897
154.366259,295.726,62.121,0.904
154.377868,296.619,62.173,0.902
154.389478,296.417,62.162,0.895
154.401088,295.516,62.109,0.887
154.412698,295.063,62.082,0.881
154.424308,295.253,62.093,0.876
154.435918,321.938,63.591,0.874
154.447528,324.092,63.707,0.874
154.459138,325.571,63.786,0.874
154.470748,326.843,63.853,0.875
154.482358,327.269,63.876,0.874
154.493968,327.762,63.902,0.875
154.505578,328.631,63.948,0.871
154.517188,329.183,63.977,0.867
154.528798,329.593,63.998,0.861
154.540408,329.921,64.015,0.859
154.552018,329.572,63.997,0.854
154.563628,329.477,63.992,0.843
154.575238,329.691,64.003,0.831
154.586848,329.887,64.014,0.823
154.598458,329.650,64.001,0.815
154.610068,329.353,63.986,0.808
154.621678,288.437,61.689,0.799
154.633288,288.268,61.679,0.786
154.644898,289.394,61.746,0.778
154.656508,289.513,61.754,0.781
154.668118,232.320,57.943,0.783
154.679728,231.721,57.899,0.780
154.691338,231.088,57.851,0.784
154.702948,231.380,57.873,0.782
154.714558,293.375,61.983,0.789
154.726168,301.901,62.479,0.800
154.737778,302.479,62.512,0.806
154.749388,302.525,62.515,0.803
154.760998,302.092,62.490,0.801
154.772608,301.673,62.466,0.808
154.784218,300.678,62.409,0.815
154.795828,299.856,62.361,0.824
154.807438,298.531,62.285,0.819
154.819048,298.842,62.303,0.825
154.830658,299.894,62.363,0.832
154.842268,303.009,62.542,0.851
154.853878,304.953,62.653,0.861
154.865488,307.707,62.809,0.869
154.877098,311.074,62.997,0.874
154.888707,315.057,63.217,0.882
154.900317,110.068,45.011,0.894
154.911927,82.104,39.936,0.897
154.923537,326.107,63.814,0.899
154.935147,328.696,63.951,0.898
154.946757,329.287,63.982,0.903
154.958367,329.312,63.983,0.908
154.969977,329.504,63.994,0.912
154.981587,329.809,64.010,0.911
154.993197,329.829,64.011,0.911
155.004807,329.910,64.015,0.909
155.016417,329.916,64.015,0.908
155.028027,329.910,64.015,0.904
155.039637,329.975,64.018,0.901
155.051247,329.902,64.014,0.897
155.062857,329.781,64.008,0.890
155.074467,329.707,64.004,0.883
155.086077,329.715,64.005,0.878
155.097687,329.918,64.015,0.880
155.109297,330.380,64.039,0.887
155.120907,330.931,64.068,0.896
155.132517,331.627,64.105,0.898
155.144127,332.139,64.131,0.904
155.155737,332.219,64.136,0.914
155.167347,331.831,64.115,0.921
155.178957,331.480,64.097,0.923
155.190567,330.915,64.067,0.920
155.202177,330.066,64.023,0.912
155.213787,328.743,63.953,0.902
155.225397,327.376,63.881,0.900
155.237007,326.213,63.820,0.894
155.248617,325.520,63.783,0.887
155.260227,325.760,63.796,0.880
155.271837,327.173,63.871,0.887
155.283447,328.401,63.935,0.898
155.295057,329.106,63.973,0.908
155.306667,329.532,63.995,0.910
155.318277,329.666,64.002,0.909
155.329887,329.664,64.002,0.909
155.341497,329.382,63.987,0.904
155.353107,328.910,63.962,0.908
155.364717,328.801,63.957,0.907
155.376327,328.393,63.935,0.907
155.387937,328.175,63.924,0.895
155.399546,328.309,63.931,0.890
155.411156,328.600,63.946,0.887
155.422766,329.065,63.970,0.886
155.434376,329.165,63.976,0.893
155.445986,329.509,63.994,0.892
155.457596,329.373,63.987,0.889
155.469206,329.646,64.001,0.880
155.480816,329.388,63.987,0.884
155.492426,329.188,63.977,0.884
155.504036,328.672,63.950,0.884
155.515646,328.507,63.941,0.878
155.527256,329.799,64.009,0.887
155.538866,330.855,64.064,0.891
155.550476,331.442,64.095,0.894
155.562086,331.387,64.092,0.896
155.573696,330.973,64.071,0.900
155.585306,330.392,64.040,0.907
155.596916,330.041,64.022,0.909
155.608526,329.318,63.984,0.913
155.620136,328.016,63.915,0.904
155.631746,327.059,63.865,0.895
155.643356,326.479,63.834,0.886
155.654966,326.544,63.837,0.881
155.666576,327.204,63.872,0.875
155.678186,328.295,63.930,0.870
155.689796,329.489,63.993,0.871
155.701406,330.196,64.030,0.870
155.713016,330.405,64.041,0.873
155.724626,330.270,64.034,0.874
155.736236,330.099,64.025,0.875
155.747846,329.707,64.004,0.878
155.759456,329.094,63.972,0.883
155.771066,328.642,63.948,0.884
155.782676,328.519,63.942,0.876
155.794286,328.851,63.959,0.872
155.805896,329.341,63.985,0.870
155.817506,330.004,64.020,0.876
155.829116,330.391,64.040,0.888
155.840726,330.115,64.026,0.902
155.852336,329.585,63.998,0.914
155.863946,329.282,63.982,0.913
155.875556,328.843,63.959,0.913
155.887166,328.283,63.929,0.910
155.898776,327.876,63.908,0.905
155.910385,327.827,63.905,0.900
155.921995,328.197,63.925,0.892
155.933605,329.040,63.969,0.873
155.945215,330.100,64.025,0.853
155.956825,330.762,64.059,0.861
155.968435,331.135,64.079,0.870
155.980045,331.423,64.094,0.880
155.991655,331.309,64.088,0.881
156.003265,331.160,64.080,0.880
156.014875,330.861,64.065,0.877
156.026485,330.713,64.057,0.879
156.038095,330.635,64.053,0.880
156.049705,330.377,64.039,0.875
156.061315,330.540,64.048,0.878
156.072925,330.970,64.070,0.885
156.084535,331.716,64.109,0.895
156.096145,332.070,64.128,0.899
156.107755,332.029,64.126,0.902
156.119365,333.064,64.180,0.905
156.130975,334.566,64.257,0.903
156.142585,93.956,42.271,0.897
156.154195,93.950,42.270,0.888
156.165805,185.243,54.023,0.871
156.177415,185.207,54.020,0.856
156.189025,185.056,54.005,0.846
156.200635,184.998,54.000,0.840
156.212245,185.075,54.007,0.835
156.223855,185.216,54.020,0.831
156.235465,185.419,54.039,0.835
156.247075,185.722,54.068,0.838
156.258685,93.689,42.221,0.838
156.270295,94.056,42.289,0.836
156.281905,93.997,42.278,0.837
156.293515,329.402,63.988,0.836
156.305125,329.772,64.008,0.839
156.316735,329.765,64.007,0.848
156.328345,329.679,64.003,0.855
156.339955,329.687,64.003,0.859
156.351565,329.711,64.004,0.864
156.363175,329.660,64.002,0.860
156.374785,329.611,63.999,0.855
156.386395,329.544,63.996,0.846
156.398005,659.155,75.997,0.832
156.409615,659.832,76.015,0.822
156.421224,660.954,76.045,0.806
156.432834,657.968,75.966,0.793
156.444444,655.077,75.890,0.789
156.456054,108.689,44.792,0.796
156.467664,219.151,56.933,0.808
156.479274,219.324,56.947,0.830
156.490884,220.006,57.000,0.845
156.502494,220.262,57.021,0.845
156.514104,220.597,57.047,0.855
156.525714,220.650,57.051,0.860
156.537324,220.497,57.039,0.866
156.548934,220.711,57.056,0.871
156.560544,220.741,57.058,0.875
156.572154,220.514,57.040,0.878
156.583764,220.300,57.024,0.895
156.595374,220.512,57.040,0.921
156.606984,220.624,57.049,0.939
156.618594,220.662,57.052,0.953
156.630204,220.627,57.049,0.962
156.641814,220.450,57.035,0.969
156.653424,220.466,57.037,0.974
156.665034,220.498,57.039,0.978
156.676644,220.574,57.045,0.975
156.688254,220.702,57.055,0.969
156.699864,220.675,57.053,0.963
156.711474,220.772,57.061,0.957
156.723084,220.947,57.074,0.950
156.734694,221.107,57.087,0.944
156.746304,221.190,57.093,0.935
156.757914,221.125,57.088,0.922
156.769524,220.852,57.067,0.912
156.781134,220.803,57.063,0.896
156.792744,221.026,57.081,0.877
156.804354,221.225,57.096,0.863
156.815964,221.605,57.126,0.868
156.827574,222.481,57.194,0.874
156.839184,111.311,45.205,0.881
156.850794,147.401,50.067,0.892
156.862404,147.801,50.114,0.895
156.874014,147.677,50.099,0.900
156.885624,147.525,50.081,0.907
156.897234,147.268,50.051,0.913
156.908844,147.144,50.037,0.909
156.920454,294.002,62.020,0.904
156.932063,293.977,62.018,0.902
156.943673,293.564,61.994,0.902
156.955283,293.215,61.973,0.906
156.966893,292.921,61.956,0.910
156.978503,292.846,61.952,0.913
156.990113,293.025,61.962,0.913
157.001723,293.185,61.972,0.913
157.013333,146.536,49.965,0.921
157.024943,146.568,49.969,0.926
157.036553,146.730,49.988,0.931
157.048163,146.945,50.013,0.930
157.059773,295.809,62.126,0.933
157.071383,295.839,62.128,0.943
157.082993,295.080,62.083,0.951
157.094603,293.854,62.011,0.952
157.106213,293.126,61.968,0.945
157.117823,292.471,61.930,0.941
157.129433,291.001,61.842,0.937
157.141043,290.581,61.817,0.940
157.152653,145.639,49.859,0.941
157.164263,882.013,81.040,0.932
157.175873,883.420,81.067,0.924
157.187483,884.785,81.094,0.930
157.199093,887.238,81.142,0.934
157.210703,888.770,81.172,0.932
157.222313,445.602,69.219,0.927
157.233923,445.471,69.214,0.921
157.245533,443.889,69.152,0.914
157.257143,442.556,69.100,0.916
157.268753,293.143,61.969,0.915
157.280363,292.115,61.908,0.912
157.291973,291.661,61.881,0.919
157.303583,292.428,61.927,0.929
157.315193,293.261,61.976,0.939
157.326803,147.053,50.026,0.944
157.338413,147.229,50.047,0.947
157.350023,147.413,50.068,0.943
157.361633,147.427,50.070,0.945
157.373243,147.430,50.070,0.942
157.384853,147.218,50.045,0.938
157.396463,294.878,62.071,0.945
157.408073,219.346,56.948,0.946
157.419683,293.789,62.007,0.950
157.431293,293.224,61.974,0.951
157.442902,292.824,61.950,0.957
157.454512,220.331,57.026,0.964
157.466122,220.359,57.028,0.979
157.477732,220.152,57.012,0.989
157.489342,220.079,57.006,0.989
157.500952,219.754,56.981,0.991
157.512562,219.707,56.977,0.990
157.524172,109.477,44.917,0.995
157.535782,320.923,63.537,1.000
157.547392,321.389,63.562,0.989
157.559002,322.111,63.601,0.982
157.570612,323.480,63.674,0.975
157.582222,325.220,63.767,0.970
157.593832,327.135,63.869,0.970
157.605442,973.686,82.751,0.974
157.617052,123.761,47.041,0.967
157.628662,123.812,47.048,0.957
157.640272,123.759,47.040,0.961
157.651882,123.622,47.021,0.954
157.663492,123.701,47.032,0.950
157.675102,123.665,47.027,0.945
157.686712,123.544,47.010,0.939
157.698322,123.483,47.002,0.934
157.709932,123.383,46.988,0.926
157.721542,333.627,64.209,0.920
157.733152,332.836,64.168,0.919
157.744762,332.289,64.139,0.916
157.756372,331.565,64.101,0.913
157.767982,331.088,64.077,0.908
157.779592,331.072,64.076,0.903
157.791202,331.220,64.083,0.895
157.802812,331.298,64.088,0.904
157.814422,330.999,64.072,0.903
157.826032,331.208,64.083,0.893
157.837642,331.167,64.081,0.885
157.849252,330.954,64.070,0.878
157.860862,328.766,63.955,0.887
157.872472,300.462,62.396,0.891
157.884082,295.642,62.116,0.893
157.895692,293.738,62.004,0.888
157.907302,293.209,61.973,0.884
157.918912,293.204,61.973,0.881
157.930522,292.818,61.950,0.878
157.942132,293.654,61.999,0.873
157.953741,293.085,61.966,0.850
157.965351,97.528,42.917,0.832
157.976961,97.495,42.911,0.808
157.988571,326.352,63.827,0.781
158.000181,327.636,63.895,0.772
158.011791,1002.273,83.252,0.778
158.023401,1002.273,83.252,0.774
158.035011,247.867,59.065,0.767
158.046621,164.616,51.979,0.751
158.058231,125.212,47.242,0.730
158.069841,324.054,63.705,0.722
158.081451,324.072,63.706,0.716
158.093061,325.202,63.766,0.722
158.104671,334.737,64.266,0.729
158.116281,335.445,64.303,0.743
158.127891,333.776,64.217,0.766
158.139501,332.070,64.128,0.785
158.151111,330.576,64.050,0.806
158.162721,329.012,63.968,0.819
158.174331,327.416,63.883,0.827
158.185941,325.459,63.780,0.838
158.197551,325.071,63.759,0.849
158.209161,325.466,63.780,0.860
158.220771,326.810,63.851,0.867
158.232381,329.318,63.984,0.875
158.243991,331.181,64.081,0.881
158.255601,332.040,64.126,0.887
158.267211,332.349,64.142,0.889
158.278821,332.331,64.141,0.888
158.290431,331.381,64.092,0.889
158.302041,329.622,64.000,0.885
158.313651,327.648,63.896,0.882
158.325261,326.499,63.835,0.882
158.336871,326.599,63.840,0.886
158.348481,327.176,63.871,0.891
158.360091,328.315,63.931,0.898
158.371701,329.617,63.999,0.902
158.383311,330.833,64.063,0.901
158.394921,331.891,64.118,0.899
158.406531,332.419,64.146,0.898
158.418141,332.349,64.142,0.898
158.429751,331.708,64.109,0.895
158.441361,330.976,64.071,0.892
158.452971,330.440,64.043,0.893
158.464580,330.020,64.021,0.899
158.476190,329.790,64.009,0.903
158.487800,329.744,64.006,0.909
158.499410,330.012,64.020,0.911
158.511020,330.487,64.045,0.906
158.522630,330.876,64.065,0.900
158.534240,330.744,64.059,0.894
158.545850,330.455,64.043,0.884
158.557460,330.483,64.045,0.870
158.569070,330.949,64.069,0.861
158.580680,331.708,64.109,0.850
158.592290,331.856,64.117,0.844
158.603900,331.629,64.105,0.842
158.615510,332.312,64.140,0.841
158.627120,334.041,64.230,0.839
158.638730,368.933,65.950,0.837
158.650340,370.450,66.021,0.837
158.661950,370.573,66.027,0.833
158.673560,370.499,66.024,0.827
158.685170,370.532,66.025,0.823
158.696780,370.641,66.030,0.820
158.708390,370.438,66.021,0.821
158.720000,369.653,65.984,0.822
158.731610,369.410,65.973,0.827
158.743220,369.515,65.978,0.825
158.754830,369.383,65.971,0.811
158.766440,369.403,65.972,0.798
158.778050,369.870,65.994,0.778
158.789660,370.200,66.010,0.757
158.801270,371.387,66.065,0.727
158.812880,373.583,66.167,0.683
158.824490,380.060,66.465,0.600
158.836100,331.302,64.088,0.442
158.847710,330.119,64.026,0.391
158.859320,328.924,63.963,0.373
158.870930,328.490,63.940,0.449
158.882540,321.846,63.586,0.541
158.894150,323.663,63.684,0.594
158.905760,168.256,52.358,0.626
158.917370,327.486,63.887,0.670
158.928980,328.246,63.927,0.731
158.940590,338.217,64.445,0.770
158.952200,339.300,64.501,0.792
158.963810,336.651,64.365,0.820
158.975420,330.345,64.038,0.831
158.987029,329.274,63.981,0.834
158.998639,328.286,63.929,0.843
159.010249,327.665,63.897,0.855
159.021859,326.789,63.850,0.858
159.033469,326.095,63.813,0.862
159.045079,325.904,63.803,0.870
159.056689,325.555,63.785,0.867
159.068299,327.371,63.881,0.866
159.079909,328.169,63.923,0.867
159.091519,328.697,63.951,0.859
159.103129,329.363,63.986,0.841
159.114739,330.102,64.025,0.817
159.126349,330.407,64.041,0.798
159.137959,330.646,64.053,0.794
159.149569,333.321,64.193,0.798
159.161179,334.221,64.240,0.815
159.172789,333.794,64.217,0.827
159.184399,333.463,64.200,0.835
159.196009,333.071,64.180,0.844
159.207619,332.613,64.156,0.851
159.219229,332.576,64.154,0.853
159.230839,332.273,64.138,0.846
159.242449,330.301,64.035,0.835
159.254059,328.674,63.950,0.818
159.265669,328.431,63.937,0.809
159.277279,328.536,63.943,0.813
159.288889,328.625,63.947,0.819
159.300499,328.724,63.952,0.828
159.312109,328.611,63.947,0.835
159.323719,329.348,63.985,0.844
159.335329,330.959,64.070,0.860
159.346939,331.291,64.087,0.871
159.358549,330.913,64.067,0.878
159.370159,330.400,64.041,0.884
159.381769,329.947,64.017,0.891
159.393379,329.432,63.990,0.898
159.404989,329.088,63.972,0.902
159.416599,329.044,63.969,0.908
159.428209,329.949,64.017,0.911
159.439819,332.821,64.167,0.910
159.451429,697.843,76.985,0.906
159.463039,704.190,77.142,0.904
159.474649,712.320,77.340,0.903
159.486259,720.288,77.533,0.903
159.497868,727.835,77.713,0.906
159.509478,368.044,65.908,0.903
159.521088,370.239,66.011,0.886
159.532698,372.029,66.095,0.868
159.544308,372.232,66.104,0.856
159.555918,371.739,66.081,0.837
159.567528,370.937,66.044,0.809
159.579138,369.426,65.973,0.769
159.590748,365.766,65.801,0.705
159.602358,361.061,65.577,0.611
159.613968,123.157,46.956,0.611
159.625578,170.911,52.629,0.664
159.637188,360.980,65.573,0.696
159.648798,360.838,65.566,0.723
159.660408,104.065,44.040,0.738
159.672018,385.374,66.705,0.750
159.683628,82.919,40.107,0.756
159.695238,84.120,40.356,0.762
159.706848,82.236,39.964,0.760
159.718458,386.695,66.764,0.748
159.730068,107.114,44.540,0.742
159.741678,148.149,50.155,0.731
159.753288,93.051,42.103,0.718
159.764898,81.320,39.770,0.704
159.776508,242.151,58.661,0.716
159.788118,251.626,59.325,0.734
159.799728,251.170,59.294,0.748
159.811338,249.480,59.177,0.754
159.822948,243.916,58.787,0.764
159.834558,240.670,58.555,0.778
159.846168,235.032,58.144,0.804
159.857778,231.693,57.897,0.815
159.869388,226.313,57.490,0.811
159.880998,222.502,57.196,0.802
159.892608,219.431,56.955,0.804
159.904218,218.373,56.871,0.813
159.915828,218.163,56.855,0.821
159.927438,217.931,56.836,0.822
159.939048,218.292,56.865,0.822
159.950658,218.980,56.920,0.828
159.962268,219.569,56.966,0.839
159.973878,219.948,56.996,0.849
159.985488,220.231,57.018,0.850
159.997098,220.245,57.019,0.851
160.008707,220.096,57.008,0.848
160.020317,219.907,56.993,0.855
160.031927,219.714,56.978,0.850
160.043537,219.658,56.973,0.848
160.055147,219.648,56.972,0.844
160.066757,219.629,56.971,0.842
160.078367,219.756,56.981,0.844
160.089977,219.892,56.992,0.842
160.101587,220.149,57.012,0.851
160.113197,220.602,57.047,0.855
160.124807,221.427,57.112,0.873
160.136417,309.141,62.889,0.897
160.148027,308.749,62.867,0.911
160.159637,316.809,63.313,0.932
160.171247,322.136,63.602,0.943
160.182857,325.727,63.794,0.952
160.194467,329.964,64.018,0.956
160.206077,334.992,64.279,0.960
160.217687,336.671,64.366,0.959
160.229297,337.661,64.417,0.951
160.240907,219.923,56.994,0.951
160.252517,109.320,44.893,0.942
160.264127,109.407,44.906,0.942
160.275737,109.644,44.944,0.940
160.287347,109.722,44.956,0.935
160.298957,110.229,45.036,0.936
160.310567,110.835,45.131,0.934
160.322177,111.261,45.197,0.931
160.333787,111.802,45.281,0.927
160.345397,166.672,52.194,0.923
160.357007,166.097,52.134,0.912
160.368617,165.806,52.104,0.903
160.380227,165.580,52.080,0.897
160.391837,165.625,52.085,0.878
160.403447,165.414,52.063,0.860
160.415057,164.607,51.978,0.850
160.426667,164.227,51.938,0.834
160.438277,491.522,70.917,0.813
160.449887,492.314,70.945,0.801
160.461497,458.893,69.728,0.796
160.473107,81.653,39.841,0.787
160.484717,81.651,39.840,0.788
160.496327,311.719,63.033,0.783
160.507937,90.362,41.595,0.766
160.519546,90.393,41.601,0.747
160.531156,110.234,45.037,0.728
160.542766,110.350,45.055,0.699
160.554376,110.233,45.037,0.662
160.565986,110.677,45.106,0.611
160.577596,110.697,45.109,0.558
160.589206,222.474,57.194,0.554
160.600816,381.987,66.552,0.630
160.612426,379.336,66.432,0.688
160.624036,376.243,66.290,0.738
160.635646,374.469,66.208,0.773
160.647256,373.199,66.149,0.801
160.658866,371.517,66.071,0.826
160.670476,369.392,65.972,0.849
160.682086,367.155,65.867,0.863
160.693696,361.477,65.597,0.874
160.705306,350.115,65.044,0.878
160.716916,343.945,64.736,0.877
160.728526,335.729,64.318,0.879
160.740136,331.229,64.084,0.882
160.751746,330.181,64.029,0.880
160.763356,329.437,63.990,0.876
160.774966,329.223,63.979,0.876
160.786576,329.058,63.970,0.872
160.798186,329.267,63.981,0.873
160.809796,329.505,63.994,0.877
160.821406,329.710,64.004,0.876
160.833016,329.788,64.008,0.873
160.844626,329.750,64.006,0.872
160.856236,329.717,64.005,0.872
160.867846,329.767,64.007,0.870
160.879456,329.888,64.014,0.866
160.891066,329.992,64.019,0.861
160.902676,330.048,64.022,0.857
160.914286,330.116,64.026,0.854
160.925896,330.128,64.026,0.851
160.937506,330.213,64.031,0.849
160.949116,330.363,64.039,0.849
160.960726,330.543,64.048,0.848
160.972336,330.837,64.063,0.849
160.983946,330.958,64.070,0.850
160.995556,330.996,64.072,0.851
161.007166,330.943,64.069,0.849
161.018776,330.764,64.060,0.846
161.030385,330.476,64.044,0.843
161.041995,329.944,64.017,0.835
161.053605,329.321,63.984,0.830
161.065215,328.967,63.965,0.821
161.076825,328.791,63.956,0.812
161.088435,328.990,63.966,0.802
161.100045,329.705,64.004,0.801
161.111655,330.907,64.067,0.802
161.123265,332.615,64.156,0.807
161.134875,333.179,64.186,0.811
161.146485,333.347,64.194,0.813
161.158095,332.895,64.171,0.818
161.169705,332.306,64.140,0.824
161.181315,331.151,64.080,0.824
161.192925,330.179,64.029,0.823
161.204535,329.483,63.992,0.821
161.216145,164.555,51.973,0.821
161.227755,164.700,51.988,0.830
161.239365,109.542,44.928,0.840
161.250975,105.635,44.299,0.852
161.262585,109.715,44.955,0.861
161.274195,221.408,57.110,0.867
161.285805,220.719,57.057,0.869
161.297415,220.819,57.064,0.868
161.309025,220.695,57.055,0.864
161.320635,220.744,57.058,0.855
161.332245,220.622,57.049,0.846
161.343855,220.206,57.016,0.837
161.355465,219.890,56.991,0.826
161.367075,219.910,56.993,0.823
161.378685,219.813,56.985,0.825
161.390295,219.756,56.981,0.836
161.401905,220.175,57.014,0.843
161.413515,220.334,57.026,0.850
161.425125,220.592,57.047,0.849
161.436735,220.812,57.064,0.838
161.448345,224.179,57.326,0.828
161.459955,229.401,57.724,0.819
161.471565,233.793,58.053,0.812
161.483175,246.194,58.948,0.795
161.494785,247.443,59.035,0.779
161.506395,247.130,59.013,0.761
161.518005,246.468,58.967,0.756
161.529615,245.269,58.882,0.764
161.541224,243.378,58.748,0.773
161.552834,241.262,58.597,0.776
161.564444,241.240,58.596,0.777
161.576054,241.384,58.606,0.777
161.587664,241.727,58.630,0.781
161.599274,242.953,58.718,0.785
161.610884,246.966,59.002,0.789
161.622494,247.966,59.072,0.795
161.634104,247.827,59.062,0.798
161.645714,247.433,59.034,0.802
161.657324,247.107,59.012,0.805
161.668934,245.792,58.919,0.807
161.680544,244.106,58.800,0.807
161.692154,243.557,58.761,0.806
161.703764,243.387,58.749,0.808
161.715374,242.919,58.716,0.816
161.726984,243.090,58.728,0.817
161.738594,243.972,58.791,0.804
161.750204,246.551,58.973,0.805
161.761814,267.670,60.395,0.824
161.773424,289.672,61.763,0.840
161.785034,291.464,61.870,0.853
161.796644,292.627,61.939,0.863
161.808254,293.364,61.982,0.867
161.819864,293.637,61.998,0.874
161.831474,293.623,61.998,0.887
161.843084,293.673,62.000,0.891
161.854694,293.657,62.000,0.885
161.866304,293.628,61.998,0.875
161.877914,293.622,61.997,0.868
161.889524,293.605,61.996,0.858
161.901134,293.684,62.001,0.850
161.912744,293.697,62.002,0.837
161.924354,293.748,62.005,0.821
161.935964,293.247,61.975,0.807
161.947574,292.890,61.954,0.793
161.959184,292.577,61.936,0.777
161.970794,292.562,61.935,0.755
161.982404,292.125,61.909,0.731
161.994014,286.704,61.585,0.694
162.005624,281.572,61.272,0.666
162.017234,143.973,49.659,0.639
162.028844,764.848,78.572,0.624
162.040454,810.488,79.575,0.646
162.052063,814.651,79.664,0.660
162.063673,814.351,79.658,0.696
162.075283,98.596,43.105,0.732
162.086893,98.724,43.128,0.759
162.098503,104.567,44.123,0.776
162.110113,210.987,56.276,0.788
162.121723,211.168,56.291,0.794
162.133333,217.734,56.821,0.801
162.144943,218.255,56.862,0.811
162.156553,219.364,56.950,0.816
162.168163,219.416,56.954,0.818
162.179773,219.429,56.955,0.813
162.191383,219.518,56.962,0.807
162.202993,219.453,56.957,0.801
162.214603,219.511,56.962,0.795
162.226213,219.797,56.984,0.779
162.237823,219.382,56.951,0.761
162.249433,219.533,56.963,0.734
162.261043,220.073,57.006,0.704
162.272653,220.743,57.058,0.686
162.284263,223.948,57.308,0.686
162.295873,236.253,58.234,0.698
162.307483,249.236,59.160,0.716
162.319093,251.679,59.329,0.743
162.330703,251.064,59.287,0.769
162.342313,250.152,59.224,0.791
162.353923,248.984,59.143,0.806
162.365533,247.795,59.060,0.815
162.377143,246.503,58.969,0.823
162.388753,245.012,58.864,0.834
162.400363,244.224,58.808,0.832
162.411973,243.506,58.757,0.829
162.423583,242.934,58.717,0.822
162.435193,241.775,58.634,0.817
162.446803,242.135,58.660,0.817
162.458413,247.144,59.014,0.826
162.470023,249.168,59.155,0.832
162.481633,249.433,59.174,0.825
162.493243,249.238,59.160,0.825
162.504853,248.546,59.112,0.822
162.516463,247.144,59.014,0.820
162.528073,246.501,58.969,0.818
162.539683,245.797,58.920,0.816
162.551293,245.594,58.905,0.817
162.562902,245.948,58.930,0.814
162.574512,246.121,58.942,0.802
162.586122,247.015,59.005,0.805
162.597732,249.945,59.209,0.818
162.609342,253.011,59.420,0.834
162.620952,288.269,61.679,0.860
162.632562,292.303,61.920,0.879
162.644172,294.434,62.045,0.889
162.655782,294.923,62.074,0.898
162.667392,294.826,62.068,0.910
162.679002,294.868,62.071,0.914
162.690612,295.378,62.101,0.914
162.702222,295.174,62.089,0.913
162.713832,294.505,62.049,0.901
162.725442,293.914,62.015,0.887
162.737052,293.614,61.997,0.870
162.748662,293.456,61.988,0.849
162.760272,293.254,61.976,0.832
162.771882,293.073,61.965,0.814
162.783492,292.607,61.938,0.791
162.795102,292.071,61.906,0.757
162.806712,291.852,61.893,0.714
162.818322,146.059,49.909,0.665
162.829932,146.119,49.916,0.615
162.841542,146.146,49.919,0.570
162.853152,272.838,60.726,0.520
162.864762,147.890,50.124,0.472
162.876372,147.677,50.099,0.436
162.887982,148.180,50.158,0.436
162.899592,421.227,68.245,0.617
162.911202,419.904,68.191,0.689
162.922812,424.614,68.384,0.739
162.934422,211.774,56.340,0.768
162.946032,170.104,52.547,0.799
162.957642,329.095,63.972,0.814
162.969252,325.729,63.794,0.834
162.980862,324.721,63.740,0.845
162.992472,325.302,63.771,0.842
163.004082,325.985,63.808,0.840
163.015692,326.660,63.843,0.834
163.027302,325.355,63.774,0.829
163.038912,323.121,63.655,0.810
163.050522,323.325,63.666,0.800
163.062132,325.887,63.802,0.782
163.073741,328.325,63.931,0.774
163.085351,331.035,64.074,0.763
163.096961,332.669,64.159,0.750
163.108571,333.869,64.221,0.740
163.120181,333.658,64.210,0.730
163.131791,332.697,64.160,0.726
163.143401,332.914,64.172,0.725
163.155011,336.676,64.366,0.739
163.166621,338.640,64.467,0.755
163.178231,337.880,64.428,0.757
163.189841,335.903,64.327,0.762
163.201451,334.009,64.229,0.771
163.213061,331.473,64.097,0.784
163.224671,329.272,63.981,0.807
163.236281,327.717,63.899,0.831
163.247891,327.553,63.891,0.839
163.259501,327.226,63.873,0.839
163.271111,328.961,63.965,0.852
163.282721,329.915,64.015,0.849
163.294331,950.290,82.330,0.853
163.305941,946.098,82.254,0.861
163.317551,947.748,82.284,0.865
163.329161,365.581,65.792,0.864
163.340771,368.067,65.910,0.863
163.352381,369.384,65.971,0.869
163.363991,371.127,66.053,0.867
163.375601,371.768,66.083,0.876
163.387211,372.140,66.100,0.879
163.398821,372.052,66.096,0.876
163.410431,371.858,66.087,0.871
163.422041,371.452,66.068,0.871
163.433651,371.173,66.055,0.872
163.445261,370.724,66.034,0.868
163.456871,370.241,66.012,0.866
163.468481,369.623,65.983,0.871
163.480091,369.162,65.961,0.872
163.491701,368.817,65.945,0.874
163.503311,368.754,65.942,0.876
163.514921,368.803,65.944,0.877
163.526531,369.207,65.963,0.881
163.538141,369.969,65.999,0.886
163.549751,371.188,66.056,0.889
163.561361,372.702,66.126,0.883
163.572971,374.765,66.222,0.881
163.584580,376.091,66.283,0.880
163.596190,895.525,81.303,0.885
163.607800,892.361,81.241,0.888
163.619410,889.457,81.185,0.894
163.631020,888.939,81.175,0.899
163.642630,887.901,81.155,0.904
163.654240,886.414,81.126,0.916
163.665850,888.522,81.167,0.922
163.677460,887.237,81.142,0.928
163.689070,889.798,81.192,0.932
163.700680,888.527,81.167,0.932
163.712290,109.691,44.951,0.931
163.723900,109.585,44.935,0.932
163.735510,109.616,44.939,0.931
163.747120,109.676,44.949,0.926
163.758730,109.774,44.964,0.921
163.770340,109.915,44.987,0.912
163.781950,109.959,44.994,0.904
163.793560,110.011,45.002,0.900
163.805170,110.022,45.003,0.892
163.816780,109.970,44.995,0.880
163.828390,220.465,57.037,0.873
163.840000,220.486,57.038,0.865
163.851610,220.527,57.041,0.859
163.863220,220.564,57.044,0.872
163.874830,220.537,57.042,0.893
163.886440,220.583,57.046,0.900
163.898050,220.764,57.060,0.904
163.909660,220.990,57.078,0.906
163.921270,221.034,57.081,0.908
163.932880,221.148,57.090,0.914
163.944490,221.449,57.114,0.916
163.956100,221.634,57.128,0.900
163.967710,124.567,47.153,0.875
163.979320,124.705,47.172,0.861
163.990930,124.546,47.150,0.856
164.002540,124.447,47.136,0.857
164.014150,313.380,63.125,0.856
164.025760,318.996,63.432,0.852
164.037370,320.770,63.528,0.853
164.048980,322.086,63.599,0.865
164.060590,323.011,63.649,0.873
164.072200,323.016,63.649,0.873
164.083810,323.558,63.678,0.869
164.095420,321.067,63.544,0.877
164.107029,315.179,63.224,0.875
164.118639,314.368,63.179,0.874
164.130249,315.535,63.244,0.880
164.141859,319.117,63.439,0.880
164.153469,324.699,63.739,0.887
164.165079,327.028,63.863,0.896
164.176689,330.075,64.024,0.914
164.188299,333.767,64.216,0.927
164.199909,334.948,64.277,0.937
164.211519,335.006,64.280,0.945
164.223129,335.211,64.291,0.948
164.234739,334.793,64.269,0.950
164.246349,334.480,64.253,0.952
164.257959,334.286,64.243,0.955
164.269569,333.296,64.192,0.948
164.281179,331.816,64.115,0.940
164.292789,331.210,64.083,0.940
164.304399,330.733,64.058,0.937
164.316009,330.198,64.030,0.938
164.327619,329.916,64.015,0.944
164.339229,329.675,64.002,0.948
164.350839,329.399,63.988,0.948
164.362449,329.278,63.982,0.945
164.374059,329.179,63.976,0.935
164.385669,328.838,63.958,0.923
164.397279,328.628,63.947,0.914
164.408889,328.290,63.930,0.901
164.420499,328.024,63.916,0.885
164.432109,327.909,63.910,0.867
164.443719,327.872,63.908,0.859
164.455329,327.495,63.888,0.861
164.466939,98.852,43.150,0.869
164.478549,98.805,43.142,0.870
164.490159,98.763,43.134,0.872
164.501769,98.737,43.130,0.879
164.513379,98.743,43.131,0.883
164.524989,98.753,43.133,0.884
164.536599,98.784,43.138,0.883
164.548209,98.813,43.143,0.883
164.559819,141.304,49.336,0.886
164.571429,98.810,43.143,0.892
164.583039,328.629,63.947,0.894
164.594649,328.625,63.947,0.892
164.606259,328.854,63.959,0.895
164.617868,329.171,63.976,0.902
164.629478,329.301,63.983,0.904
164.641088,329.516,63.994,0.905
164.652698,329.759,64.007,0.902
164.664308,329.889,64.014,0.900
164.675918,329.942,64.017,0.901
164.687528,329.858,64.012,0.899
164.699138,329.635,64.000,0.893
164.710748,329.353,63.986,0.880
164.722358,329.281,63.982,0.870
164.733968,328.994,63.967,0.867
164.745578,328.962,63.965,0.872
164.757188,329.096,63.972,0.880
164.768798,329.153,63.975,0.883
164.780408,329.348,63.985,0.891
164.792018,329.540,63.995,0.902
164.803628,329.479,63.992,0.909
164.815238,329.494,63.993,0.904
164.826848,329.605,63.999,0.894
164.838458,329.539,63.995,0.880
164.850068,329.286,63.982,0.863
164.861678,329.271,63.981,0.854
164.873288,329.158,63.975,0.844
164.884898,329.299,63.983,0.826
164.896508,329.704,64.004,0.815
164.908118,329.772,64.008,0.825
164.919728,329.728,64.005,0.836
164.931338,329.574,63.997,0.846
164.942948,329.400,63.988,0.855
164.954558,329.241,63.980,0.862
164.966168,329.128,63.974,0.868
164.977778,329.057,63.970,0.875
164.989388,329.141,63.974,0.883
165.000998,329.262,63.981,0.889
165.012608,329.359,63.986,0.894
165.024218,329.520,63.994,0.893
165.035828,329.731,64.005,0.887
165.047438,329.996,64.019,0.881
165.059048,330.108,64.025,0.880
165.070658,330.106,64.025,0.878
165.082268,329.987,64.019,0.874
165.093878,329.852,64.012,0.872
165.105488,329.740,64.006,0.878
165.117098,329.610,63.999,0.889
165.128707,329.534,63.995,0.900
165.140317,329.566,63.997,0.907
165.151927,329.769,64.007,0.911
165.163537,330.060,64.023,0.914
165.175147,330.415,64.041,0.916
165.186757,330.899,64.067,0.915
165.198367,331.723,64.110,0.915
165.209977,332.828,64.167,0.914
165.221587,246.412,58.963,0.913
165.233197,246.698,58.983,0.913
165.244807,123.474,47.000,0.914
165.256417,123.512,47.006,0.914
165.268027,123.542,47.010,0.918
165.279637,123.542,47.010,0.922
165.291247,123.518,47.007,0.927
165.302857,123.479,47.001,0.930
165.314467,123.422,46.993,0.928
165.326077,123.386,46.988,0.923
165.337687,123.391,46.989,0.918
165.349297,123.404,46.991,0.915
165.360907,123.440,46.996,0.911
165.372517,123.443,46.996,0.908
165.384127,123.510,47.006,0.901
165.395737,123.591,47.017,0.894
165.407347,123.607,47.019,0.889
165.418957,123.577,47.015,0.889
165.430567,123.575,47.015,0.887
165.442177,246.798,58.990,0.886
165.453787,123.561,47.013,0.884
165.465397,246.979,59.003,0.884
165.477007,247.108,59.012,0.884
165.488617,247.113,59.012,0.884
165.500227,247.093,59.011,0.884
165.511837,247.104,59.011,0.883
165.523447,247.127,59.013,0.883
165.535057,247.028,59.006,0.882
165.546667,247.028,59.006,0.883
165.558277,246.971,59.002,0.881
165.569887,246.969,59.002,0.876
165.581497,246.908,58.998,0.872
165.593107,246.838,58.993,0.869
165.604717,246.787,58.989,0.872
165.616327,246.791,58.989,0.874
165.627937,246.817,58.991,0.873
165.639546,246.867,58.995,0.879
165.651156,246.807,58.991,0.878
165.662766,246.938,59.000,0.878
165.674376,247.012,59.005,0.880
165.685986,247.064,59.009,0.882
165.697596,123.683,47.030,0.888
165.709206,328.272,63.929,0.894
165.720816,328.445,63.938,0.898
165.732426,328.448,63.938,0.895
165.744036,328.409,63.936,0.892
165.755646,328.416,63.936,0.891
165.767256,328.453,63.938,0.892
165.778866,328.783,63.956,0.892
165.790476,328.851,63.959,0.884
165.802086,164.524,51.970,0.873
165.813696,164.587,51.976,0.861
165.825306,329.463,63.991,0.850
165.836916,329.576,63.997,0.846
165.848526,329.438,63.990,0.843
165.860136,329.398,63.988,0.840
165.871746,329.461,63.991,0.837
165.883356,329.621,64.000,0.851
165.894966,329.656,64.001,0.862
165.906576,329.542,63.996,0.870
165.918186,329.452,63.991,0.877
165.929796,329.403,63.988,0.885
165.941406,329.329,63.984,0.889
165.953016,329.339,63.985,0.884
165.964626,329.298,63.983,0.877
165.976236,329.184,63.977,0.864
165.987846,329.116,63.973,0.858
165.999456,328.984,63.966,0.855
166.011066,329.134,63.974,0.857
166.022676,329.245,63.980,0.865
166.034286,329.127,63.974,0.870
166.045896,328.778,63.955,0.879
166.057506,328.642,63.948,0.890
166.069116,328.198,63.925,0.897
166.080726,327.887,63.908,0.898
166.092336,327.894,63.909,0.900
166.103946,327.591,63.893,0.897
166.115556,327.161,63.870,0.884
166.127166,327.168,63.870,0.877
166.138776,327.411,63.883,0.877
166.150385,98.683,43.120,0.875
166.161995,98.651,43.115,0.871
166.173605,328.854,63.959,0.869
166.185215,328.934,63.964,0.868
166.196825,329.207,63.978,0.870
166.208435,329.251,63.980,0.874
166.220045,1002.273,83.252,0.876
166.231655,1002.273,83.252,0.876
166.243265,1002.273,83.252,0.877
166.254875,1002.273,83.252,0.881
166.266485,1002.273,83.252,0.885
166.278095,1002.273,83.252,0.885
166.289705,1002.273,83.252,0.881
166.301315,1002.273,83.252,0.874
166.312925,329.146,63.975,0.868
166.324535,329.992,64.019,0.862
166.336145,330.597,64.051,0.853
166.347755,331.161,64.080,0.837
166.359365,331.134,64.079,0.827
166.370975,330.760,64.059,0.825
166.382585,329.591,63.998,0.832
166.394195,328.409,63.936,0.840
166.405805,327.774,63.902,0.846
166.417415,326.400,63.830,0.852
166.429025,325.651,63.790,0.854
166.440635,325.770,63.796,0.858
166.452245,325.726,63.794,0.856
166.463855,326.312,63.825,0.852
166.475465,327.482,63.887,0.848
166.487075,328.113,63.920,0.844
166.498685,328.599,63.946,0.841
166.510295,328.777,63.955,0.832
166.521905,328.674,63.950,0.824
166.533515,328.470,63.939,0.818
166.545125,328.311,63.931,0.817
166.556735,328.053,63.917,0.820
166.568345,328.306,63.930,0.820
166.579955,328.444,63.938,0.825
166.591565,328.933,63.963,0.833
166.603175,329.416,63.989,0.849
166.614785,330.080,64.024,0.865
166.626395,330.146,64.027,0.877
166.638005,330.092,64.024,0.882
166.649615,329.952,64.017,0.885
166.661224,329.643,64.001,0.884
166.672834,329.461,63.991,0.880
166.684444,329.252,63.980,0.879
166.696054,329.101,63.972,0.875
166.707664,329.072,63.971,0.867
166.719274,328.921,63.963,0.859
166.730884,329.154,63.975,0.855
166.742494,329.248,63.980,0.859
166.754104,329.318,63.984,0.868
166.765714,329.192,63.977,0.880
166.777324,329.069,63.971,0.880
166.788934,328.783,63.956,0.878
166.800544,328.522,63.942,0.885
166.812154,328.787,63.956,0.901
166.823764,329.462,63.991,0.911
166.835374,329.896,64.014,0.912
166.846984,330.596,64.051,0.914
166.858594,331.157,64.080,0.915
166.870204,332.215,64.135,0.925
166.881814,334.638,64.261,0.938
166.893424,245.704,58.913,0.949
166.905034,246.536,58.972,0.953
166.916644,123.332,46.980,0.955
166.928254,123.312,46.978,0.959
166.939864,123.332,46.980,0.961
166.951474,123.336,46.981,0.965
166.963084,123.297,46.976,0.968
166.974694,123.223,46.965,0.963
166.986304,123.143,46.954,0.954
166.997914,123.082,46.945,0.942
167.009524,123.024,46.937,0.931
167.021134,122.931,46.924,0.921
167.032744,122.780,46.903,0.911
167.044354,245.222,58.879,0.903
167.055964,245.088,58.870,0.887
167.067574,245.513,58.900,0.874
167.079184,245.959,58.931,0.864
167.090794,493.785,70.997,0.858
167.102404,247.400,59.032,0.860
167.114014,248.104,59.081,0.866
167.125624,248.610,59.117,0.857
167.137234,249.324,59.166,0.850
167.148844,248.854,59.134,0.862
167.160454,247.823,59.062,0.874
167.172063,246.928,58.999,0.889
167.183673,245.896,58.927,0.893
167.195283,245.050,58.867,0.903
167.206893,244.640,58.838,0.912
167.218503,244.512,58.829,0.922
167.230113,244.242,58.810,0.917
167.241723,244.324,58.815,0.917
167.253333,244.728,58.844,0.914
167.264943,245.388,58.891,0.906
167.276553,246.262,58.952,0.913
167.288163,246.898,58.997,0.902
167.299773,247.188,59.017,0.890
167.311383,247.055,59.008,0.887
167.322993,246.498,58.969,0.899
167.334603,245.636,58.908,0.885
167.346213,490.968,70.898,0.881
167.357823,490.727,70.889,0.875
167.369433,491.657,70.922,0.879
167.381043,246.778,58.989,0.895
167.392653,248.173,59.086,0.915
167.404263,249.047,59.147,0.928
167.415873,249.440,59.174,0.924
167.427483,249.286,59.164,0.928
167.439093,248.968,59.142,0.933
167.450703,248.474,59.107,0.942
167.462313,247.902,59.067,0.932
167.473923,247.162,59.015,0.920
167.485533,246.210,58.949,0.902
167.497143,245.729,58.915,0.894
167.508753,245.888,58.926,0.900
167.520363,246.050,58.937,0.898
167.531973,246.160,58.945,0.894
167.543583,246.435,58.964,0.887
167.555193,247.000,59.004,0.894
167.566803,247.598,59.046,0.899
167.578413,248.037,59.077,0.904
167.590023,248.713,59.124,0.899
167.601633,249.719,59.194,0.901
167.613243,251.076,59.287,0.907
167.624853,251.152,59.293,0.909
167.636463,250.665,59.259,0.907
167.648073,249.312,59.165,0.905
167.659683,248.645,59.119,0.905
167.671293,248.505,59.109,0.908
167.682902,269.166,60.492,0.909
167.694512,122.453,46.857,0.899
167.706122,122.492,46.862,0.890
167.717732,122.116,46.809,0.885
167.729342,562.551,73.254,0.884
167.740952,568.547,73.437,0.883
167.752562,572.340,73.552,0.878
167.764172,196.128,55.012,0.870
167.775782,294.741,62.063,0.872
167.787392,294.437,62.045,0.881
167.799002,293.682,62.001,0.893
167.810612,292.791,61.948,0.899
167.822222,292.056,61.905,0.903
167.833832,291.652,61.881,0.901
167.845442,291.234,61.856,0.901
167.857052,291.346,61.863,0.901
167.868662,291.466,61.870,0.892
167.880272,291.382,61.865,0.882
167.891882,291.577,61.876,0.870
167.903492,292.223,61.915,0.866
167.915102,292.653,61.940,0.860
167.926712,293.352,61.982,0.857
167.938322,294.297,62.037,0.851
167.949932,294.598,62.055,0.844
167.961542,195.763,54.979,0.834
167.973152,195.650,54.969,0.833
167.984762,589.423,74.062,0.827
167.996372,167.003,52.228,0.830
168.007982,167.144,52.243,0.843
168.019592,336.365,64.350,0.871
168.031202,336.950,64.380,0.877
168.042812,337.247,64.396,0.883
168.054422,337.084,64.387,0.889
168.066032,337.292,64.398,0.902
168.077642,337.078,64.387,0.919
168.089252,335.739,64.318,0.922
168.100862,333.928,64.224,0.925
168.112472,332.309,64.140,0.920
168.124082,331.911,64.120,0.923
168.135692,332.198,64.134,0.926
168.147302,332.396,64.145,0.929
168.158912,332.304,64.140,0.924
168.170522,333.330,64.193,0.914
168.182132,333.860,64.221,0.906
168.193741,334.203,64.239,0.891
168.205351,334.223,64.240,0.871
168.216961,333.873,64.222,0.855
168.228571,110.385,45.061,0.845
168.240181,109.719,44.956,0.838
168.251791,109.533,44.926,0.835
168.263401,109.979,44.997,0.831
168.275011,110.286,45.045,0.841
168.286621,110.446,45.070,0.847
168.298231,110.578,45.091,0.862
168.309841,110.571,45.090,0.875
168.321451,110.592,45.093,0.884
168.333061,110.523,45.082,0.893
168.344671,110.299,45.047,0.904
168.356281,110.084,45.013,0.904
168.367891,109.939,44.990,0.898
168.379501,109.838,44.974,0.898
168.391111,109.782,44.966,0.895
168.402721,109.771,44.964,0.893
168.414331,109.776,44.965,0.891
168.425941,109.849,44.976,0.891
168.437551,109.982,44.997,0.884
168.449161,110.061,45.010,0.892
168.460771,110.057,45.009,0.901
168.472381,110.015,45.002,0.910
168.483991,109.933,44.989,0.917
168.495601,109.852,44.977,0.920
168.507211,109.772,44.964,0.922
168.518821,109.695,44.952,0.921
168.530431,109.608,44.938,0.921
168.542041,109.580,44.934,0.919
168.553651,109.633,44.942,0.918
168.565261,109.732,44.958,0.922
168.576871,109.871,44.980,0.924
168.588481,110.024,45.004,0.927
168.600091,110.166,45.026,0.928
168.611701,110.233,45.037,0.926
168.623311,110.258,45.041,0.922
168.634921,110.218,45.034,0.919
168.646531,110.159,45.025,0.920
168.658141,110.079,45.012,0.921
168.669751,109.972,44.996,0.922
168.681361,109.899,44.984,0.926
168.692971,109.861,44.978,0.931
168.704580,109.900,44.984,0.938
168.716190,109.949,44.992,0.942
168.727800,110.043,45.007,0.945
168.739410,110.157,45.025,0.943
168.751020,110.305,45.048,0.937
168.762630,110.426,45.067,0.932
168.774240,110.594,45.093,0.925
168.785850,221.763,57.138,0.927
168.797460,175.819,53.119,0.920
168.809070,177.053,53.240,0.915
168.820680,179.008,53.430,0.908
168.832290,181.069,53.628,0.903
168.843900,182.181,53.734,0.903
168.855510,182.842,53.797,0.907
168.867120,183.241,53.835,0.910
168.878730,183.503,53.860,0.899
168.890340,183.720,53.880,0.900
168.901950,368.390,65.925,0.897
168.913560,368.048,65.909,0.887
168.925170,367.474,65.882,0.878
168.936780,367.086,65.863,0.860
168.948390,366.551,65.838,0.833
168.960000,365.100,65.769,0.803
168.971610,362.571,65.649,0.782
168.983220,350.813,65.078,0.739
168.994830,295.511,62.109,0.700
169.006440,294.311,62.038,0.684
169.018050,292.253,61.917,0.667
169.029660,292.295,61.919,0.668
169.041270,252.473,59.383,0.715
169.052880,258.365,59.783,0.787
169.064490,259.273,59.844,0.805
169.076100,260.550,59.929,0.828
169.087710,259.087,59.831,0.846
169.099320,257.684,59.737,0.863
169.110930,254.988,59.555,0.879
169.122540,253.271,59.438,0.889
169.134150,252.746,59.402,0.887
169.145760,247.488,59.038,0.873
169.157370,245.360,58.889,0.870
169.168980,243.518,58.758,0.869
169.180590,242.379,58.677,0.868
169.192200,242.680,58.699,0.868
169.203810,243.276,58.741,0.860
169.215420,244.081,58.798,0.853
169.227029,244.815,58.850,0.848
169.238639,245.924,58.929,0.838
169.250249,246.488,58.968,0.837
169.261859,246.732,58.985,0.832
169.273469,246.834,58.992,0.829
169.285079,246.576,58.974,0.825
169.296689,246.453,58.966,0.831
169.308299,246.311,58.956,0.839
169.319909,246.050,58.937,0.845
169.331519,245.947,58.930,0.846
169.343129,245.879,58.925,0.843
169.354739,245.904,58.927,0.836
169.366349,246.027,58.936,0.831
169.377959,246.238,58.951,0.824
169.389569,246.373,58.960,0.814
169.401179,246.630,58.978,0.804
169.412789,246.966,59.002,0.792
169.424399,247.061,59.008,0.787
169.436009,247.511,59.040,0.805
169.447619,247.977,59.072,0.822
169.459229,249.148,59.154,0.829
169.470839,252.200,59.365,0.833
169.482449,274.802,60.851,0.835
169.494059,273.004,60.737,0.845
169.505669,297.294,62.213,0.851
169.517279,295.617,62.115,0.853
169.528889,293.796,62.008,0.840
169.540499,292.228,61.915,0.829
169.552109,291.989,61.901,0.823
169.563719,291.245,61.857,0.820
169.575329,291.120,61.849,0.822
169.586939,290.774,61.829,0.813
169.598549,291.201,61.854,0.814
169.610159,292.874,61.953,0.820
169.621769,295.525,62.109,0.823
169.633379,297.678,62.235,0.830
169.644989,297.815,62.243,0.831
169.656599,298.823,62.301,0.831
169.668209,300.073,62.374,0.836
169.679819,300.002,62.370,0.835
169.691429,299.058,62.315,0.842
169.703039,295.477,62.107,0.852
169.714649,292.623,61.938,0.854
169.726259,291.508,61.872,0.852
169.737868,291.773,61.888,0.856
169.749478,292.010,61.902,0.863
169.761088,292.346,61.922,0.862
169.772698,292.936,61.957,0.861
169.784308,293.438,61.987,0.852
169.795918,293.823,62.009,0.838
169.807528,294.904,62.073,0.842
169.819138,297.818,62.243,0.843
169.830748,302.469,62.511,0.844
169.842358,307.667,62.806,0.845
169.853968,315.604,63.247,0.842
169.865578,321.964,63.593,0.842
169.877188,324.087,63.707,0.837
169.888798,325.161,63.764,0.828
169.900408,327.091,63.866,0.807
169.912018,328.302,63.930,0.791
169.923628,329.073,63.971,0.768
169.935238,329.507,63.994,0.743
169.946848,329.413,63.989,0.733
169.958458,328.598,63.946,0.727
169.970068,328.029,63.916,0.723
169.981678,163.752,51.888,0.740
169.993288,323.930,63.698,0.761
170.004898,315.445,63.239,0.768
170.016508,304.511,62.628,0.771
170.028118,299.861,62.361,0.779
170.039728,296.657,62.176,0.786
170.051338,295.285,62.095,0.783
170.062948,293.520,61.991,0.797
170.074558,291.774,61.888,0.799
170.086168,288.420,61.688,0.804
170.097778,734.234,77.865,0.820
170.109388,727.673,77.709,0.835
170.120998,719.880,77.523,0.851
170.132608,717.102,77.456,0.848
170.144218,717.680,77.470,0.861
170.155828,713.100,77.359,0.860
170.167438,711.074,77.310,0.856
170.179048,707.286,77.217,0.856
170.190658,707.249,77.217,0.849
170.202268,711.216,77.313,0.834
170.213878,716.479,77.441,0.822
170.225488,241.970,58.648,0.837
170.237098,245.135,58.873,0.845
170.248707,246.258,58.952,0.858
170.260317,246.105,58.941,0.873
170.271927,246.146,58.944,0.877
170.283537,246.134,58.943,0.885
170.295147,245.726,58.915,0.894
170.306757,245.416,58.893,0.890
170.318367,245.024,58.865,0.875
170.329977,244.527,58.830,0.853
170.341587,244.041,58.795,0.824
170.353197,243.703,58.771,0.795
170.364807,242.989,58.721,0.765
170.376417,241.553,58.618,0.722
170.388027,239.388,58.462,0.675
170.399637,238.438,58.393,0.650
170.411247,834.094,80.072,0.661
170.422857,832.899,80.048,0.671
170.434467,831.367,80.016,0.676
170.446077,836.032,80.113,0.679
170.457687,838.566,80.165,0.672
170.469297,840.349,80.202,0.675
170.480907,821.869,79.817,0.715
170.492517,824.721,79.877,0.754
170.504127,282.012,61.299,0.780
170.515737,96.629,42.756,0.792
170.527347,96.639,42.758,0.802
170.538957,635.431,75.363,0.828
170.550567,255.019,59.557,0.850
170.562177,232.461,57.954,0.861
170.573787,231.490,57.881,0.855
170.585397,230.130,57.779,0.838
170.597007,230.233,57.787,0.819
170.608617,231.594,57.889,0.806
170.620227,230.179,57.783,0.793
170.631837,230.454,57.804,0.751
170.643447,225.161,57.401,0.687
170.655057,222.928,57.229,0.601
170.666667,100.048,43.358,0.509
170.678277,245.133,58.873,0.435
170.689887,247.260,59.022,0.388
170.701497,819.051,79.757,0.637
170.713107,790.337,79.140,0.694
170.724717,297.658,62.234,0.736
170.736327,339.028,64.487,0.780
170.747937,342.937,64.685,0.812
170.759546,343.194,64.698,0.851
170.771156,342.176,64.647,0.868
170.782766,340.528,64.563,0.880
170.794376,339.086,64.490,0.876
170.805986,337.231,64.395,0.880
170.817596,335.378,64.299,0.883
170.829206,334.977,64.279,0.877
170.840816,334.751,64.267,0.876
170.852426,335.647,64.313,0.864
170.864036,338.164,64.443,0.863
170.875646,343.637,64.721,0.863
170.887256,355.676,65.317,0.865
170.898866,362.697,65.655,0.865
170.910476,365.536,65.790,0.862
170.922086,367.113,65.865,0.866
170.933696,368.764,65.942,0.862
170.945306,369.882,65.995,0.853
170.956916,370.302,66.014,0.846
170.968526,369.842,65.993,0.848
170.980136,369.318,65.968,0.848
170.991746,369.053,65.956,0.851
171.003356,368.777,65.943,0.862
171.014966,368.385,65.925,0.869
171.026576,367.682,65.891,0.875
171.038186,367.012,65.860,0.878
171.049796,365.456,65.786,0.884
171.061406,363.098,65.674,0.884
171.073016,360.373,65.544,0.880
171.084626,709.763,77.278,0.877
171.096236,346.176,64.848,0.867
171.107846,341.181,64.596,0.852
171.119456,338.454,64.457,0.841
171.131066,336.369,64.351,0.833
171.142676,335.780,64.320,0.831
171.154286,339.982,64.535,0.834
171.165896,348.489,64.963,0.840
171.177506,360.676,65.558,0.842
171.189116,365.858,65.805,0.849
171.200726,367.343,65.875,0.861
171.212336,368.320,65.921,0.873
171.223946,368.853,65.947,0.884
171.235556,369.078,65.957,0.885
171.247166,369.068,65.957,0.880
171.258776,368.995,65.953,0.871
171.270385,368.711,65.940,0.860
171.281995,368.298,65.920,0.848
171.293605,367.665,65.891,0.837
171.305215,366.284,65.826,0.834
171.316825,361.732,65.609,0.818
171.328435,352.461,65.160,0.796
171.340045,341.063,64.590,0.783
171.351655,331.924,64.120,0.781
171.363265,322.314,63.612,0.797
171.374875,281.053,61.240,0.812
171.386485,271.816,60.662,0.824
171.398095,246.056,58.938,0.823
171.409705,246.939,59.000,0.835
171.421315,247.252,59.022,0.848
171.432925,247.329,59.027,0.861
171.444535,246.985,59.003,0.869
171.456145,246.550,58.973,0.869
171.467755,246.224,58.950,0.866
171.479365,245.760,58.917,0.864
171.490975,245.725,58.914,0.861
171.502585,245.333,58.887,0.856
171.514195,245.191,58.877,0.852
171.525805,244.886,58.855,0.840
171.537415,244.886,58.855,0.825
171.549025,245.261,58.882,0.813
171.560635,246.001,58.934,0.799
171.572245,247.752,59.057,0.785
171.583855,247.955,59.071,0.762
171.595465,248.004,59.074,0.738
171.607075,247.994,59.074,0.719
171.618685,248.055,59.078,0.727
171.630295,247.977,59.072,0.732
171.641905,247.923,59.069,0.730
171.653515,124.124,47.091,0.726
171.665125,123.971,47.070,0.716
171.676735,123.434,46.995,0.722
171.688345,123.243,46.968,0.736
171.699955,243.227,58.738,0.755
171.711565,242.013,58.651,0.780
171.723175,242.174,58.662,0.791
171.734785,243.105,58.729,0.806
171.746395,244.966,58.861,0.828
171.758005,246.819,58.991,0.846
171.769615,248.419,59.103,0.859
171.781224,249.336,59.167,0.871
171.792834,249.943,59.209,0.876
171.804444,250.383,59.240,0.868
171.816054,250.355,59.238,0.863
171.827664,249.897,59.206,0.862
171.839274,249.154,59.154,0.851
171.850884,248.325,59.097,0.839
171.862494,247.685,59.052,0.827
171.874104,246.848,58.993,0.802
171.885714,246.969,59.002,0.783
171.897324,248.658,59.120,0.791
171.908934,251.399,59.310,0.805
171.920544,263.283,60.109,0.806
171.932154,291.155,61.851,0.812
171.943764,296.339,62.157,0.817
171.955374,297.442,62.221,0.830
171.966984,297.212,62.208,0.844
171.978594,296.548,62.169,0.857
171.990204,296.587,62.171,0.861
172.001814,296.297,62.154,0.864
172.013424,295.007,62.079,0.874
172.025034,293.342,61.981,0.878
172.036644,291.686,61.883,0.885
172.048254,291.020,61.843,0.887
172.059864,290.725,61.826,0.887
172.071474,290.518,61.813,0.880
172.083084,290.705,61.825,0.868
172.094694,291.450,61.869,0.855
172.106304,292.486,61.930,0.831
172.117914,146.759,49.991,0.808
172.129524,147.119,50.034,0.774
172.141134,147.393,50.066,0.727
172.152744,147.748,50.108,0.680
172.164354,148.280,50.170,0.635
172.175964,147.794,50.113,0.605
172.187574,250.282,59.233,0.577
172.199184,248.341,59.098,0.588
172.210794,405.753,67.597,0.677
172.222404,406.166,67.615,0.699
172.234014,407.291,67.663,0.718
172.245624,204.251,55.714,0.737
172.257234,222.800,57.219,0.759
172.268844,222.784,57.218,0.779
172.280454,222.533,57.198,0.789
172.292063,222.573,57.201,0.786
172.303673,222.578,57.202,0.756
172.315283,222.008,57.157,0.742
172.326893,221.486,57.117,0.726
172.338503,219.533,56.963,0.704
172.350113,209.018,56.113,0.668
172.361723,200.711,55.411,0.617
172.373333,96.670,42.764,0.609
172.384943,96.717,42.772,0.657
172.396553,96.769,42.781,0.702
172.408163,180.943,53.616,0.733
172.419773,299.161,62.321,0.765
172.431383,351.839,65.129,0.810
172.442993,350.541,65.065,0.840
172.454603,348.511,64.964,0.859
172.466213,345.805,64.829,0.887
172.477823,341.441,64.610,0.908
172.489433,339.984,64.536,0.918
172.501043,338.123,64.441,0.920
172.512653,337.472,64.407,0.922
172.524263,337.388,64.403,0.913
172.535873,338.295,64.449,0.910
172.547483,341.192,64.597,0.916
172.559093,344.707,64.774,0.901
172.570703,710.995,77.308,0.882
172.582313,721.074,77.552,0.874
172.593923,362.459,65.644,0.876
172.605533,365.228,65.776,0.873
172.617143,366.969,65.858,0.873
172.628753,369.159,65.961,0.868
172.640363,371.055,66.050,0.859
172.651973,371.106,66.052,0.863
172.663583,370.817,66.038,0.865
172.675193,370.685,66.032,0.852
172.686803,370.592,66.028,0.836
172.698413,370.412,66.020,0.818
172.710023,369.837,65.993,0.800
172.721633,368.439,65.927,0.783
172.733243,360.602,65.555,0.782
172.744853,342.528,64.665,0.807
172.756463,338.871,64.479,0.859
172.768073,337.734,64.421,0.898
172.779683,336.826,64.374,0.922
172.791293,336.397,64.352,0.937
172.802902,335.805,64.321,0.944
172.814512,335.328,64.297,0.948
172.826122,335.066,64.283,0.947
172.837732,334.602,64.259,0.937
172.849342,335.264,64.294,0.911
172.860952,336.705,64.368,0.883
172.872562,340.330,64.553,0.862
172.884172,709.622,77.275,0.854
172.895782,720.273,77.532,0.866
172.907392,727.034,77.694,0.868
172.919002,366.261,65.824,0.866
172.930612,368.174,65.915,0.870
172.942222,369.534,65.978,0.876
172.953832,370.051,66.003,0.877
172.965442,370.133,66.006,0.876
172.977052,369.686,65.986,0.875
172.988662,368.063,65.909,0.883
173.000272,366.624,65.842,0.882
173.011882,365.138,65.771,0.883
173.023492,363.676,65.702,0.869
173.035102,362.312,65.637,0.852
173.046712,360.771,65.563,0.843
173.058322,359.262,65.490,0.834
173.069932,238.273,58.381,0.818
173.081542,236.769,58.272,0.768
173.093152,242.276,58.670,0.765
173.104762,247.470,59.037,0.752
173.116372,246.216,58.949,0.770
173.127982,245.912,58.928,0.787
173.139592,246.069,58.939,0.795
173.151202,246.088,58.940,0.802
173.162812,245.783,58.919,0.801
173.174422,246.020,58.935,0.811
173.186032,246.237,58.951,0.812
173.197642,246.610,58.977,0.817
173.209252,247.368,59.030,0.818
173.220862,247.507,59.040,0.811
173.232472,246.988,59.003,0.804
173.244082,246.242,58.951,0.796
173.255692,245.829,58.922,0.793
173.267302,245.227,58.879,0.783
173.278912,245.238,58.880,0.765
173.290522,247.109,59.012,0.760
173.302132,249.365,59.169,0.760
173.313741,250.232,59.229,0.771
173.325351,250.503,59.248,0.793
173.336961,249.856,59.203,0.815
173.348571,249.126,59.152,0.827
173.360181,248.424,59.104,0.835
173.371791,247.394,59.032,0.844
173.383401,246.641,58.979,0.845
173.395011,245.474,58.897,0.850
173.406621,244.992,58.863,0.861
173.418231,244.623,58.837,0.854
173.429841,244.879,58.855,0.848
173.441451,245.810,58.920,0.848
173.453061,246.911,58.998,0.849
173.464671,248.229,59.090,0.843
173.476281,249.487,59.178,0.844
173.487891,250.294,59.233,0.839
173.499501,250.202,59.227,0.827
173.511111,249.330,59.167,0.826
173.522721,248.434,59.104,0.814
173.534331,247.406,59.033,0.798
173.545941,246.409,58.963,0.805
173.557551,245.984,58.933,0.829
173.569161,245.375,58.890,0.832
173.580771,245.170,58.875,0.828
173.592381,245.723,58.914,0.823
173.603991,246.625,58.978,0.826
173.615601,246.909,58.998,0.836
173.627211,246.963,59.001,0.847
173.638821,247.066,59.009,0.842
173.650431,246.714,58.984,0.823
173.662041,246.219,58.949,0.808
173.673651,246.081,58.940,0.806
173.685261,246.163,58.945,0.811
173.696871,247.923,59.069,0.818
173.708481,254.416,59.516,0.828
173.720091,261.974,60.023,0.837
173.731701,267.544,60.387,0.848
173.743311,274.455,60.829,0.857
173.754921,281.308,61.256,0.869
173.766531,290.560,61.816,0.881
173.778141,292.795,61.949,0.894
173.789751,293.952,62.017,0.898
173.801361,294.338,62.040,0.897
173.812971,294.837,62.069,0.900
173.824580,294.781,62.066,0.903
173.836190,294.610,62.056,0.907
173.847800,294.054,62.023,0.910
173.859410,293.612,61.997,0.910
173.871020,293.383,61.983,0.903
173.882630,293.436,61.986,0.900
173.894240,293.617,61.997,0.903
173.905850,293.722,62.003,0.904
173.917460,293.705,62.002,0.906
173.929070,293.803,62.008,0.909
173.940680,293.897,62.014,0.908
173.952290,294.083,62.025,0.904
173.963900,293.998,62.020,0.897
173.975510,293.721,62.003,0.891
173.987120,293.597,61.996,0.878
173.998730,293.294,61.978,0.863
174.010340,293.836,62.010,0.849
174.021950,292.161,61.911,0.831
174.033560,289.788,61.770,0.817
174.045170,287.532,61.635,0.805
174.056780,286.341,61.563,0.795
174.068390,1002.273,83.252,0.781
174.080000,143.889,49.649,0.769
174.091610,125.329,47.259,0.749
174.103220,1002.273,83.252,0.708
174.114830,968.561,82.660,0.664
174.126440,97.195,42.857,0.619
174.138050,97.121,42.844,0.567
174.149660,289.633,61.761,0.563
174.161270,294.078,62.024,0.578
174.172880,293.389,61.984,0.601
174.184490,288.034,61.665,0.625
174.196100,288.052,61.666,0.644
174.207710,293.310,61.979,0.661
174.219320,293.586,61.995,0.676
174.230930,292.869,61.953,0.685
174.242540,292.645,61.940,0.686
174.254150,125.514,47.284,0.684
174.265760,125.559,47.290,0.679
174.277370,125.533,47.287,0.669
174.288980,125.485,47.280,0.654
174.300590,125.559,47.290,0.638
174.312200,767.405,78.630,0.711
174.323810,177.514,53.285,0.807
174.335420,881.428,81.028,0.849
174.347029,250.866,59.273,0.865
174.358639,250.296,59.234,0.886
174.370249,250.139,59.223,0.898
174.381859,250.043,59.216,0.902
174.393469,250.020,59.214,0.906
174.405079,250.087,59.219,0.895
174.416689,249.591,59.185,0.858
174.428299,247.805,59.060,0.822
174.439909,247.838,59.063,0.811
174.451519,248.404,59.102,0.780
174.463129,247.732,59.055,0.751
174.474739,247.121,59.013,0.735
174.486349,246.807,58.991,0.720
174.497959,246.546,58.972,0.700
174.509569,246.040,58.937,0.676
174.521179,246.956,59.001,0.690
174.532789,249.474,59.177,0.668
174.544399,248.996,59.143,0.712
174.556009,264.911,60.216,0.782
174.567619,260.815,59.946,0.821
174.579229,257.901,59.752,0.854
174.590839,253.803,59.474,0.881
174.602449,251.903,59.344,0.902
174.614059,251.145,59.292,0.913
174.625669,250.074,59.218,0.926
174.637279,249.586,59.184,0.931
174.648889,248.887,59.136,0.927
174.660499,248.105,59.081,0.925
174.672109,247.789,59.059,0.917
174.683719,247.610,59.047,0.906
174.695329,247.568,59.044,0.899
174.706939,247.568,59.044,0.898
174.718549,247.482,59.038,0.898
174.730159,247.567,59.044,0.891
174.741769,247.727,59.055,0.882
174.753379,247.927,59.069,0.864
174.764989,248.302,59.095,0.868
174.776599,124.153,47.095,0.882
174.788209,124.663,47.166,0.884
174.799819,622.755,75.014,0.880
174.811429,617.109,74.856,0.865
174.823039,620.795,74.959,0.856
174.834649,337.259,64.396,0.858
174.846259,336.641,64.364,0.865
174.857868,335.842,64.323,0.865
174.869478,336.995,64.383,0.847
174.881088,337.889,64.429,0.846
174.892698,339.055,64.488,0.843
174.904308,339.321,64.502,0.844
174.915918,340.417,64.558,0.845
174.927528,344.267,64.752,0.847
174.939138,355.413,65.304,0.856
174.950748,361.851,65.615,0.852
174.962358,364.548,65.743,0.852
174.973968,367.252,65.871,0.844
174.985578,368.756,65.942,0.837
174.997188,369.335,65.969,0.836
175.008798,369.538,65.979,0.832
175.020408,369.408,65.973,0.823
175.032018,369.657,65.984,0.810
175.043628,369.963,65.999,0.806
175.055238,369.971,65.999,0.806
175.066848,369.915,65.996,0.811
175.078458,369.970,65.999,0.820
175.090068,369.880,65.995,0.831
175.101678,369.408,65.973,0.840
175.113288,369.146,65.960,0.838
175.124898,369.081,65.957,0.828
175.136508,369.000,65.953,0.814
175.148118,368.773,65.943,0.796
175.159728,368.520,65.931,0.774
175.171338,369.362,65.970,0.759
175.182948,387.954,66.821,0.756
175.194558,395.679,67.162,0.770
175.206168,395.145,67.139,0.802
175.217778,394.206,67.097,0.826
175.229388,393.545,67.068,0.842
175.240998,393.008,67.045,0.856
175.252608,392.603,67.027,0.869
175.264218,392.108,67.005,0.874
175.275828,391.369,66.972,0.867
175.287438,390.270,66.924,0.854
175.299048,389.182,66.875,0.848
175.310658,388.759,66.856,0.851
175.322268,388.808,66.859,0.861
175.333878,388.805,66.859,0.868
175.345488,388.854,66.861,0.869
175.357098,390.882,66.951,0.873
175.368707,392.870,67.039,0.880
175.380317,394.184,67.096,0.884
175.391927,394.605,67.115,0.882
175.403537,394.164,67.096,0.876
175.415147,393.385,67.061,0.868
175.426757,392.297,67.013,0.864
175.438367,391.216,66.966,0.864
175.449977,389.604,66.894,0.864
175.461587,387.188,66.786,0.866
175.473197,383.821,66.635,0.871
175.484807,377.772,66.360,0.872
175.496417,373.619,66.169,0.878
175.508027,370.584,66.028,0.881
175.519637,369.030,65.955,0.882
175.531247,368.852,65.946,0.880
175.542857,368.991,65.953,0.872
175.554467,369.160,65.961,0.859
175.566077,369.492,65.976,0.838
175.577687,369.547,65.979,0.816
175.589297,369.337,65.969,0.793
175.600907,369.137,65.960,0.781
175.612517,183.232,53.834,0.774
175.624127,337.603,64.414,0.772
175.635737,335.618,64.312,0.780
175.647347,335.063,64.283,0.790
175.658957,334.883,64.274,0.803
175.670567,334.756,64.267,0.813
175.682177,334.264,64.242,0.817
175.693787,332.525,64.152,0.810
175.705397,330.406,64.041,0.797
175.717007,328.589,63.945,0.780
175.728617,327.260,63.875,0.756
175.740227,326.645,63.843,0.738
175.751837,325.748,63.795,0.713
175.763447,323.915,63.697,0.683
175.775057,321.168,63.550,0.647
175.786667,293.365,61.982,0.617
175.798277,276.578,60.962,0.597
175.809887,198.293,55.202,0.600
175.821497,198.669,55.234,0.633
175.833107,369.485,65.976,0.687
175.844717,301.278,62.443,0.731
175.856327,300.252,62.384,0.760
175.867937,298.238,62.268,0.781
175.879546,297.272,62.211,0.798
175.891156,295.934,62.133,0.814
175.902766,294.662,62.059,0.830
175.914376,293.224,61.974,0.846
175.925986,291.824,61.891,0.850
175.937596,291.591,61.877,0.853
175.949206,291.612,61.879,0.860
175.960816,291.795,61.889,0.869
175.972426,292.552,61.934,0.879
175.984036,293.130,61.968,0.884
175.995646,293.531,61.992,0.885
176.007256,293.606,61.997,0.879
176.018866,293.232,61.974,0.873
176.030476,292.849,61.952,0.864
176.042086,292.491,61.931,0.853
176.053696,291.697,61.884,0.840
176.065306,290.267,61.799,0.828
176.076916,289.058,61.726,0.823
176.088526,288.343,61.683,0.818
176.100136,288.273,61.679,0.819
176.111746,289.762,61.768,0.826
176.123356,291.487,61.871,0.834
176.134966,292.449,61.928,0.844
176.146576,292.962,61.959,0.851
176.158186,293.299,61.978,0.851
176.169796,293.429,61.986,0.847
176.181406,293.315,61.979,0.841
176.193016,293.184,61.972,0.828
176.204626,292.873,61.953,0.811
176.216236,292.318,61.920,0.794
176.227846,290.282,61.799,0.786
176.239456,288.563,61.697,0.781
176.251066,292.470,61.929,0.788
176.262676,294.883,62.072,0.793
176.274286,296.673,62.176,0.809
176.285896,295.901,62.131,0.842
176.297506,295.078,62.083,0.869
176.309116,294.415,62.044,0.880
176.320726,293.865,62.012,0.877
176.332336,292.782,61.948,0.874
176.343946,291.218,61.855,0.870
176.355556,289.783,61.770,0.866
176.367166,287.600,61.639,0.855
176.378776,286.974,61.601,0.840
176.390385,286.839,61.593,0.816
176.401995,287.411,61.627,0.812
176.413605,286.732,61.586,0.824
176.425215,286.858,61.594,0.822
176.436825,286.829,61.592,0.817
176.448435,288.153,61.672,0.818
176.460045,284.593,61.457,0.820
176.471655,255.580,59.595,0.817
176.483265,252.769,59.404,0.817
176.494875,251.204,59.296,0.812
176.506485,248.617,59.117,0.799
176.518095,247.693,59.053,0.801
176.529705,246.508,58.970,0.804
176.541315,245.914,58.928,0.806
176.552925,245.753,58.916,0.812
176.564535,245.684,58.912,0.813
176.576145,245.803,58.920,0.817
176.587755,245.773,58.918,0.821
176.599365,245.830,58.922,0.825
176.610975,245.825,58.922,0.827
176.622585,245.782,58.919,0.826
176.634195,245.661,58.910,0.821
176.645805,245.721,58.914,0.812
176.657415,246.215,58.949,0.802
176.669025,246.592,58.975,0.785
176.680635,246.941,59.000,0.772
176.692245,247.526,59.041,0.766
176.703855,248.304,59.095,0.776
176.715465,248.735,59.125,0.795
176.727075,248.899,59.137,0.815
176.738685,248.662,59.120,0.821
176.750295,248.404,59.102,0.825
176.761905,248.033,59.076,0.834
176.773515,247.662,59.050,0.842
176.785125,247.160,59.015,0.850
176.796735,246.216,58.949,0.853
176.808345,245.513,58.900,0.841
176.819955,245.214,58.878,0.827
176.831565,245.424,58.893,0.827
176.843175,246.001,58.934,0.832
176.854785,247.310,59.026,0.839
176.866395,248.933,59.139,0.864
176.878005,250.119,59.221,0.880
176.889615,250.854,59.272,0.875
176.901224,251.068,59.287,0.882
176.912834,250.276,59.232,0.903
176.924444,249.054,59.147,0.915
176.936054,248.651,59.119,0.913
176.947664,247.994,59.074,0.916
176.959274,246.654,58.980,0.917
176.970884,245.894,58.926,0.917
176.982494,246.690,58.982,0.924
176.994104,246.985,59.003,0.924
177.005714,247.630,59.048,0.911
177.017324,248.081,59.080,0.909
177.028934,247.649,59.050,0.919
177.040544,247.693,59.053,0.922
177.052154,247.671,59.051,0.918
177.063764,247.258,59.022,0.910
177.075374,246.869,58.995,0.902
177.086984,246.033,58.936,0.897
177.098594,245.777,58.918,0.893
177.110204,245.377,58.890,0.881
177.121814,246.323,58.957,0.878
177.133424,245.737,58.915,0.872
177.145034,252.951,59.416,0.862
177.156644,254.493,59.521,0.859
177.168254,121.768,46.760,0.855
177.179864,709.376,77.269,0.867
177.191474,695.629,76.930,0.880
177.203084,686.058,76.690,0.893
177.214694,677.026,76.460,0.889
177.226304,672.988,76.357,0.880
177.237914,670.992,76.306,0.873
177.249524,177.242,53.259,0.873
177.261134,177.450,53.279,0.874
177.272744,177.508,53.285,0.857
177.284354,248.357,59.099,0.832
177.295964,177.955,53.328,0.799
177.307574,255.674,59.602,0.778
177.319184,255.214,59.570,0.766
177.330794,252.950,59.416,0.752
177.342404,978.357,82.834,0.706
177.354014,968.514,82.659,0.664
177.365624,1002.273,83.252,0.645
177.377234,1002.273,83.252,0.655
177.388844,1002.273,83.252,0.648
177.400454,1002.273,83.252,0.660
177.412063,265.285,60.240,0.714
177.423673,184.791,53.981,0.756
177.435283,743.224,78.076,0.809
177.446893,183.536,53.863,0.851
177.458503,798.109,79.309,0.897
177.470113,455.904,69.615,0.926
177.481723,821.275,79.804,0.942
177.493333,823.492,79.851,0.951
177.504943,837.182,80.136,0.964
177.516553,850.232,80.404,0.968
177.528163,866.996,80.742,0.965
177.539773,872.063,80.843,0.964
177.551383,867.411,80.751,0.961
177.562993,873.506,80.872,0.947
177.574603,879.636,80.993,0.941
177.586213,885.596,81.110,0.937
177.597823,878.611,80.973,0.925
177.609433,878.322,80.967,0.921
177.621043,872.507,80.852,0.917
177.632653,865.149,80.705,0.913
177.644263,862.492,80.652,0.894
177.655873,859.869,80.599,0.889
177.667483,856.288,80.527,0.874
177.679093,854.296,80.487,0.864
177.690703,852.792,80.456,0.843
177.702313,850.932,80.418,0.817
177.713923,852.333,80.447,0.793
177.725533,847.096,80.340,0.739
177.737143,839.759,80.190,0.681
177.748753,847.966,80.358,0.622
177.760363,852.905,80.459,0.618
177.771973,857.264,80.547,0.575
177.783583,855.862,80.518,0.522
177.795193,858.545,80.573,0.524
177.806803,859.792,80.598,0.514
177.818413,858.923,80.580,0.519
177.830023,869.012,80.782,0.685
177.841633,851.220,80.424,0.772
177.853243,861.482,80.632,0.840
177.864853,877.192,80.945,0.884
177.876463,871.445,80.831,0.910
177.888073,880.881,81.017,0.950
177.899683,883.074,81.060,0.966
177.911293,884.025,81.079,0.971
177.922902,881.210,81.024,0.967
177.934512,885.036,81.099,0.961
177.946122,890.334,81.202,0.946
177.957732,884.105,81.081,0.928
177.969342,886.047,81.119,0.919
177.980952,865.107,80.705,0.876
177.992562,852.617,80.453,0.853
178.004172,843.193,80.260,0.849
178.015782,838.429,80.162,0.854
178.027392,826.752,79.919,0.861
178.039002,819.709,79.771,0.856
178.050612,812.405,79.616,0.854
178.062222,811.778,79.603,0.866
178.073832,806.719,79.495,0.861
178.085442,807.419,79.510,0.863
178.097052,804.503,79.447,0.860
178.108662,799.185,79.332,0.864
178.120272,799.173,79.332,0.852
178.131882,801.750,79.388,0.853
178.143492,802.187,79.397,0.846
178.155102,802.520,79.404,0.810
178.166712,804.362,79.444,0.806
178.178322,804.779,79.453,0.792
178.189932,806.372,79.487,0.789
178.201542,814.176,79.654,0.754
178.213152,830.811,80.004,0.736
178.224762,849.406,80.387,0.731
178.236372,857.902,80.560,0.730
178.247982,862.381,80.650,0.733
178.259592,883.904,81.077,0.727
178.271202,900.485,81.398,0.728
178.282812,913.864,81.654,0.726
178.294422,925.326,81.869,0.724
178.306032,929.221,81.942,0.723
178.317642,937.569,82.097,0.710
178.329252,938.583,82.116,0.705
178.340862,935.660,82.062,0.696
178.352472,934.526,82.041,0.686
178.364082,933.689,82.025,0.671
178.375692,927.594,81.912,0.648
178.387302,921.630,81.800,0.617
178.398912,918.735,81.746,0.589
178.410522,902.732,81.442,0.549
178.422132,883.743,81.073,0.497
178.433741,887.540,81.148,0.459
178.445351,868.055,80.763,0.410
178.456961,847.661,80.352,0.369
178.468571,840.231,80.199,0.322
178.480181,811.304,79.593,0.272
178.491791,125.389,47.267,0.217
178.503401,381.707,66.540,0.174
178.515011,378.695,66.402,0.143
178.526621,380.567,66.488,0.104
178.538231,148.692,50.218,0.077
178.549841,374.378,66.204,0.041
178.561451,796.961,79.284,0.009
178.573061,,,0.000
178.584671,,,0.000
178.596281,,,0.000
178.607891,,,0.000
178.619501,,,0.000
178.631111,,,0.000
178.642721,,,0.000
178.654331,,,0.000
178.665941,,,0.000
178.677551,,,0.000
178.689161,,,0.000
178.700771,,,0.000
178.712381,,,0.000
178.723991,,,0.000
178.735601,,,0.000
178.747211,271.337,60.631,0.202
178.758821,279.789,61.162,0.401
178.770431,285.502,61.512,0.506
178.782041,282.527,61.331,0.536
178.793651,282.445,61.326,0.548
178.805261,282.746,61.344,0.555
178.816871,251.920,59.346,0.561
178.828481,283.300,61.378,0.562
178.840091,250.897,59.275,0.556
178.851701,126.476,47.416,0.524
178.863311,126.265,47.387,0.439
178.874921,725.116,77.649,0.359
178.886531,743.003,78.070,0.356
178.898141,747.008,78.163,0.344
178.909751,766.657,78.613,0.345
178.921361,771.568,78.723,0.350
178.932971,776.078,78.824,0.369
178.944580,779.172,78.893,0.387
178.956190,117.551,46.149,0.416
178.967800,244.327,58.816,0.479
178.979410,244.803,58.849,0.502
178.991020,245.374,58.890,0.534
179.002630,245.167,58.875,0.551
179.014240,244.708,58.843,0.574
179.025850,244.466,58.826,0.594
179.037460,244.386,58.820,0.607
179.049070,244.368,58.819,0.614
179.060680,244.452,58.825,0.611
179.072290,244.445,58.824,0.611
179.083900,244.539,58.831,0.606
179.095510,244.726,58.844,0.606
179.107120,244.584,58.834,0.602
179.118730,244.591,58.834,0.595
179.130340,245.075,58.869,0.591
179.141950,244.485,58.827,0.587
179.153560,243.491,58.756,0.577
179.165170,243.136,58.731,0.566
179.176780,243.459,58.754,0.553
179.188390,243.265,58.740,0.534
179.200000,243.424,58.752,0.513
179.211610,243.950,58.789,0.492
179.223220,258.208,59.772,0.466
179.234830,125.927,47.341,0.442
179.246440,255.214,59.570,0.420
179.258050,125.811,47.325,0.390
179.269660,131.204,48.052,0.367
179.281270,131.396,48.077,0.355
179.292880,131.587,48.102,0.326
179.304490,131.520,48.093,0.296
179.316100,131.303,48.065,0.280
179.327710,131.321,48.067,0.252
179.339320,131.295,48.064,0.231
179.350930,131.468,48.086,0.218
179.362540,80.713,39.640,0.186
179.374150,80.818,39.663,0.187
179.385760,258.432,59.787,0.180
179.397370,260.050,59.895,0.168
179.408980,260.498,59.925,0.149
179.420590,126.747,47.453,0.140
179.432200,82.902,40.104,0.126
179.443810,126.570,47.429,0.113
179.455420,242.111,58.658,0.092
179.467029,243.683,58.770,0.062
179.478639,244.745,58.845,0.059
179.490249,246.847,58.993,0.057
179.501859,246.619,58.977,0.063
179.513469,246.334,58.957,0.061
179.525079,247.275,59.023,0.055
179.536689,246.823,58.992,0.045
179.548299,246.844,58.993,0.039
179.559909,247.247,59.021,0.028
179.571519,248.309,59.096,0.005
179.583129,,,0.000
179.594739,,,0.000
179.606349,,,0.000
179.617959,,,0.000
179.629569,,,0.000
179.641179,,,0.000
179.652789,,,0.000
179.664399,,,0.000
179.676009,,,0.000
179.687619,,,0.000
179.699229,,,0.000
179.710839,,,0.000
179.722449,,,0.000
179.734059,,,0.000
179.745669,,,0.000
179.757279,,,0.000
179.768889,,,0.000
179.780499,,,0.000
179.792109,,,0.000
179.803719,,,0.000
179.815329,,,0.000
179.826939,,,0.000
179.838549,,,0.000
179.850159,,,0.000
179.861769,,,0.000
179.873379,,,0.000
179.884989,,,0.000
179.896599,,,0.000
179.908209,,,0.000
179.919819,,,0.000
179.931429,,,0.000
179.943039,,,0.000
179.954649,,,0.000
179.966259,,,0.000
179.977868,,,0.000
179.989478,,,0.000
180.001088,,,0.000
180.012698,,,0.000
180.024308,,,0.000
180.035918,,,0.000
180.047528,,,0.000
180.059138,,,0.000
180.070748,,,0.000
180.082358,,,0.000
180.093968,,,0.000
180.105578,,,0.000
180.117188,,,0.000
180.128798,,,0.000
180.140408,,,0.000
180.152018,,,0.000
180.163628,,,0.000
180.175238,,,0.000
180.186848,,,0.000
180.198458,,,0.000
180.210068,,,0.000
180.221678,,,0.000
180.233288,,,0.000
180.244898,,,0.000
180.256508,,,0.000
180.268118,80.292,39.550,0.026
180.279728,118.710,46.319,0.067
180.291338,119.114,46.378,0.103
180.302948,119.249,46.398,0.151
180.314558,202.191,55.539,0.188
180.326168,202.347,55.552,0.216
180.337778,917.080,81.715,0.241
180.349388,490.570,70.883,0.265
180.360998,126.633,47.438,0.284
180.372608,319.735,63.472,0.308
180.384218,105.981,44.356,0.325
180.395828,105.968,44.353,0.334
180.407438,105.923,44.346,0.332
180.419048,105.922,44.346,0.324
180.430658,203.872,55.682,0.313
180.442268,203.863,55.681,0.298
180.453878,80.201,39.530,0.277
180.465488,196.810,55.072,0.235
180.477098,105.464,44.271,0.187
180.488707,432.870,68.717,0.118
180.500317,84.291,40.391,0.129
180.511927,262.936,60.086,0.301
180.523537,250.163,59.224,0.366
180.535147,243.587,58.763,0.419
180.546757,241.081,58.584,0.452
180.558367,239.495,58.470,0.478
180.569977,237.827,58.349,0.494
180.581587,236.636,58.262,0.511
180.593197,235.106,58.150,0.525
180.604807,233.643,58.042,0.519
180.616417,231.928,57.914,0.519
180.628027,230.903,57.837,0.514
180.639637,229.828,57.757,0.505
180.651247,229.157,57.706,0.498
180.662857,228.910,57.687,0.495
180.674467,228.606,57.664,0.489
180.686077,228.246,57.637,0.481
180.697687,228.529,57.659,0.476
180.709297,229.036,57.697,0.462
180.720907,229.066,57.699,0.443
180.732517,229.220,57.711,0.431
180.744127,229.569,57.737,0.409
180.755737,229.512,57.733,0.383
180.767347,229.683,57.746,0.360
180.778957,229.899,57.762,0.344
180.790567,231.443,57.878,0.344
180.802177,233.995,58.068,0.345
180.813787,234.692,58.119,0.343
180.825397,235.022,58.144,0.340
180.837007,234.945,58.138,0.341
180.848617,234.719,58.121,0.342
180.860227,233.877,58.059,0.331
180.871837,233.324,58.018,0.301
180.883447,233.376,58.022,0.258
180.895057,232.688,57.971,0.206
180.906667,232.677,57.970,0.161
180.918277,232.567,57.962,0.133
180.929887,232.382,57.948,0.114
180.941497,232.492,57.956,0.093
180.953107,232.783,57.978,0.079
180.964717,232.326,57.944,0.072
180.976327,232.690,57.971,0.061
180.987937,233.257,58.013,0.065
180.999546,234.672,58.118,0.066
181.011156,236.126,58.225,0.060
181.022766,237.681,58.338,0.056
181.034376,238.007,58.362,0.053
181.045986,238.427,58.393,0.053
181.057596,238.231,58.378,0.048
181.069206,237.497,58.325,0.045
181.080816,237.305,58.311,0.024
181.092426,237.470,58.323,0.010
181.104036,,,0.000
181.115646,,,0.000
181.127256,,,0.000
181.138866,,,0.000
181.150476,,,0.000
181.162086,,,0.000
181.173696,,,0.000
181.185306,,,0.000
181.196916,,,0.000
181.208526,,,0.000
181.220136,,,0.000
181.231746,,,0.000
181.243356,,,0.000
181.254966,,,0.000
181.266576,250.145,59.223,0.167
181.278186,250.940,59.278,0.212
181.289796,257.213,59.706,0.387
181.301406,247.972,59.072,0.445
181.313016,247.219,59.019,0.471
181.324626,247.495,59.039,0.482
181.336236,247.480,59.038,0.499
181.347846,246.629,58.978,0.510
181.359456,242.750,58.704,0.521
181.371066,242.533,58.688,0.526
181.382676,242.493,58.685,0.499
181.394286,242.435,58.681,0.466
181.405896,310.484,62.964,0.440
181.417506,310.422,62.961,0.425
181.429116,298.311,62.272,0.394
181.440726,129.663,47.847,0.366
181.452336,119.199,46.390,0.294
181.463946,259.324,59.847,0.299
181.475556,265.723,60.269,0.388
181.487166,261.923,60.020,0.447
181.498776,259.396,59.852,0.485
181.510385,256.893,59.684,0.515
181.521995,255.366,59.581,0.536
181.533605,255.345,59.579,0.550
181.545215,255.932,59.619,0.558
181.556825,255.085,59.562,0.559
181.568435,253.923,59.483,0.545
181.580045,253.313,59.441,0.527
181.591655,253.798,59.474,0.505
181.603265,256.337,59.646,0.474
181.614875,259.136,59.834,0.439
181.626485,261.124,59.967,0.407
181.638095,261.455,59.989,0.377
181.649705,261.408,59.986,0.343
181.661315,261.802,60.012,0.292
181.672925,262.016,60.026,0.238
181.684535,261.686,60.004,0.195
181.696145,262.093,60.031,0.183
181.707755,261.931,60.020,0.155
181.719365,244.991,58.863,0.108
181.730975,245.694,58.912,0.083
181.742585,245.914,58.928,0.064
181.754195,251.526,59.318,0.047
181.765805,252.812,59.407,0.045
181.777415,254.925,59.551,0.035
181.789025,,,0.000
181.800635,,,0.000
181.812245,,,0.000
181.823855,,,0.000
181.835465,,,0.000
181.847075,258.811,59.813,0.019
181.858685,257.902,59.752,0.019
181.870295,256.910,59.685,0.010
181.881905,256.903,59.685,0.004
181.893515,256.870,59.682,0.010
181.905125,257.088,59.697,0.017
181.916735,255.377,59.582,0.020
181.928345,251.492,59.316,0.016
181.939955,,,0.000
181.951565,,,0.000
181.963175,,,0.000
181.974785,,,0.000
181.986395,,,0.000
181.998005,,,0.000
182.009615,,,0.000
182.021224,,,0.000
182.032834,,,0.000
182.044444,,,0.000
182.056054,,,0.000
182.067664,,,0.000
182.079274,,,0.000
182.090884,,,0.000
182.102494,,,0.000
182.114104,,,0.000
182.125714,,,0.000
182.137324,,,0.000
182.148934,,,0.000
182.160544,,,0.000
182.172154,,,0.000
182.183764,,,0.000
182.195374,,,0.000
182.206984,,,0.000
182.218594,,,0.000
182.230204,,,0.000
182.241814,,,0.000
182.253424,,,0.000
182.265034,,,0.000
182.276644,,,0.000
182.288254,,,0.000
182.299864,,,0.000
182.311474,,,0.000
182.323084,,,0.000
182.334694,,,0.000
182.346304,,,0.000
182.357914,,,0.000
182.369524,,,0.000
182.381134,,,0.000
182.392744,,,0.000
182.404354,,,0.000
182.415964,,,0.000
182.427574,,,0.000
182.439184,,,0.000
182.450794,,,0.000
182.462404,,,0.000
182.474014,,,0.000
182.485624,,,0.000
182.497234,,,0.000
182.508844,,,0.000
182.520454,,,0.000
182.532063,,,0.000
182.543673,,,0.000
182.555283,,,0.000
182.566893,,,0.000
182.578503,,,0.000
182.590113,,,0.000
182.601723,,,0.000
182.613333,,,0.000
182.624943,,,0.000
182.636553,,,0.000
182.648163,,,0.000
182.659773,,,0.000
182.671383,,,0.000
182.682993,,,0.000
182.694603,,,0.000
182.706213,,,0.000
182.717823,,,0.000
182.729433,,,0.000
182.741043,,,0.000
182.752653,,,0.000
182.764263,,,0.000
182.775873,,,0.000
182.787483,,,0.000
182.799093,,,0.000
182.810703,,,0.000
182.822313,,,0.000
182.833923,,,0.000
182.845533,,,0.000
182.857143,,,0.000
182.868753,,,0.000
182.880363,,,0.000
182.891973,,,0.000
182.903583,,,0.000
182.915193,,,0.000
182.926803,,,0.000
182.938413,,,0.000
182.950023,,,0.000
182.961633,,,0.000
182.973243,,,0.000
182.984853,,,0.000
182.996463,266.696,60.332,0.073
183.008073,267.691,60.397,0.289
183.019683,245.659,58.910,0.405
183.031293,240.939,58.574,0.447
183.042902,239.350,58.459,0.474
183.054512,237.787,58.346,0.496
183.066122,237.073,58.294,0.509
183.077732,235.900,58.208,0.517
183.089342,235.579,58.184,0.520
183.100952,235.376,58.170,0.509
183.112562,116.597,46.008,0.474
183.124172,116.296,45.964,0.443
183.135782,232.692,57.971,0.407
183.147392,232.922,57.988,0.358
183.159002,233.137,58.004,0.309
183.170612,118.606,46.304,0.250
183.182222,118.610,46.305,0.239
183.193832,232.478,57.955,0.231
183.205442,211.915,56.352,0.238
183.217052,211.938,56.354,0.246
183.228662,211.899,56.350,0.253
183.240272,211.988,56.358,0.272
183.251882,232.287,57.941,0.290
183.263492,250.793,59.268,0.313
183.275102,818.837,79.753,0.309
183.286712,229.921,57.764,0.298
183.298322,230.523,57.809,0.334
183.309932,231.032,57.847,0.384
183.321542,231.220,57.861,0.415
183.333152,230.509,57.808,0.435
183.344762,232.682,57.970,0.442
183.356372,235.289,58.163,0.441
183.367982,234.987,58.141,0.436
183.379592,234.825,58.129,0.432
183.391202,234.601,58.112,0.412
183.402812,234.847,58.131,0.370
183.414422,236.375,58.243,0.316
183.426032,237.176,58.301,0.310
183.437642,303.212,62.554,0.294
183.449252,305.476,62.683,0.281
183.460862,303.839,62.590,0.308
183.472472,301.630,62.463,0.328
183.484082,878.703,80.974,0.348
183.495692,883.685,81.072,0.364
183.507302,912.919,81.636,0.381
183.518912,969.256,82.672,0.370
183.530522,1002.273,83.252,0.372
183.542132,1002.273,83.252,0.376
183.553741,213.069,56.446,0.381
183.565351,258.926,59.820,0.438
183.576961,257.485,59.724,0.468
183.588571,255.198,59.569,0.498
183.600181,254.041,59.491,0.510
183.611791,252.078,59.356,0.520
183.623401,248.764,59.127,0.535
183.635011,248.209,59.089,0.546
183.646621,246.821,58.992,0.552
183.658231,245.840,58.923,0.541
183.669841,244.982,58.862,0.530
183.681451,245.196,58.877,0.515
183.693061,245.079,58.869,0.507
183.704671,245.088,58.870,0.492
183.716281,245.479,58.897,0.464
183.727891,246.416,58.963,0.436
183.739501,246.208,58.948,0.407
183.751111,247.907,59.068,0.365
183.762721,245.883,58.926,0.323
183.774331,246.464,58.966,0.253
183.785941,252.873,59.411,0.140
183.797551,260.747,59.942,0.044
183.809161,,,0.000
183.820771,,,0.000
183.832381,,,0.000
183.843991,,,0.000
183.855601,,,0.000
183.867211,122.866,46.915,0.217
183.878821,221.754,57.137,0.216
183.890431,221.692,57.133,0.217
183.902041,221.682,57.132,0.216
183.913651,221.754,57.137,0.215
183.925261,410.573,67.802,0.212
183.936871,410.449,67.796,0.213
183.948481,117.201,46.098,0.216
183.960091,248.246,59.091,0.003
183.971701,248.429,59.104,0.010
183.983311,248.765,59.127,0.012
183.994921,121.787,46.762,0.017
184.006531,121.842,46.770,0.015
184.018141,121.122,46.668,0.009
184.029751,,,0.000
184.041361,,,0.000
184.052971,,,0.000
184.064580,,,0.000
184.076190,,,0.000
184.087800,,,0.000
184.099410,246.450,58.965,0.014
184.111020,244.594,58.835,0.031
184.122630,245.148,58.874,0.049
184.134240,121.741,46.756,0.057
184.145850,121.876,46.775,0.056
184.157460,245.839,58.923,0.053
184.169070,246.035,58.936,0.058
184.180680,121.634,46.741,0.058
184.192290,121.635,46.741,0.057
184.203900,121.817,46.767,0.049
184.215510,122.158,46.815,0.031
184.227120,121.944,46.785,0.018
184.238730,121.714,46.752,0.004
184.250340,,,0.000
184.261950,,,0.000
184.273560,,,0.000
184.285170,,,0.000
184.296780,,,0.000
184.308390,,,0.000
184.320000,,,0.000
184.331610,,,0.000
184.343220,,,0.000
184.354830,,,0.000
184.366440,,,0.000
184.378050,,,0.000
184.389660,,,0.000
184.401270,,,0.000
184.412880,,,0.000
184.424490,,,0.000
184.436100,,,0.000
184.447710,,,0.000
184.459320,,,0.000
184.470930,,,0.000
184.482540,,,0.000
184.494150,,,0.000
184.505760,,,0.000
184.517370,,,0.000
184.528980,,,0.000
184.540590,,,0.000
184.552200,,,0.000
184.563810,,,0.000
184.575420,,,0.000
184.587029,,,0.000
184.598639,,,0.000
184.610249,,,0.000
184.621859,,,0.000
184.633469,,,0.000
184.645079,,,0.000
184.656689,,,0.000
184.668299,,,0.000
184.679909,,,0.000
184.691519,,,0.000
184.703129,,,0.000
184.714739,,,0.000
184.726349,,,0.000
184.737959,,,0.000
184.749569,,,0.000
184.761179,,,0.000
184.772789,,,0.000
184.784399,,,0.000
184.796009,,,0.000
184.807619,,,0.000
184.819229,,,0.000
184.830839,,,0.000
184.842449,,,0.000
184.854059,,,0.000
184.865669,,,0.000
184.877279,,,0.000
184.888889,,,0.000
184.900499,,,0.000
184.912109,,,0.000
184.923719,,,0.000
184.935329,,,0.000
184.946939,,,0.000
184.958549,,,0.000
184.970159,,,0.000
184.981769,,,0.000
184.993379,,,0.000
185.004989,,,0.000
185.016599,,,0.000
185.028209,,,0.000
185.039819,,,0.000
185.051429,,,0.000
185.063039,,,0.000
185.074649,,,0.000
185.086259,,,0.000
185.097868,,,0.000
185.109478,,,0.000
185.121088,,,0.000
185.132698,,,0.000
185.144308,,,0.000
185.155918,,,0.000
185.167528,,,0.000
185.179138,,,0.000
185.190748,,,0.000
185.202358,,,0.000
185.213968,,,0.000
185.225578,,,0.000
185.237188,,,0.000
185.248798,,,0.000
185.260408,,,0.000
185.272018,,,0.000
185.283628,,,0.000
185.295238,,,0.000
185.306848,,,0.000
185.318458,,,0.000
185.330068,,,0.000
185.341678,,,0.000
185.353288,,,0.000
185.364898,,,0.000
185.376508,,,0.000
185.388118,,,0.000
185.399728,,,0.000
185.411338,,,0.000
185.422948,,,0.000
185.434558,,,0.000
185.446168,,,0.000
185.457778,,,0.000
185.469388,,,0.000
185.480998,,,0.000
185.492608,,,0.000
185.504218,,,0.000
185.515828,,,0.000
185.527438,,,0.000
185.539048,,,0.000
185.550658,,,0.000
185.562268,,,0.000
185.573878,,,0.000
185.585488,,,0.000
185.597098,,,0.000
185.608707,,,0.000
185.620317,,,0.000
185.631927,,,0.000
185.643537,,,0.000
185.655147,,,0.000
185.666757,,,0.000
185.678367,,,0.000
185.689977,,,0.000
185.701587,,,0.000
185.713197,,,0.000
185.724807,,,0.000
185.736417,,,0.000
185.748027,,,0.000
185.759637,,,0.000
185.771247,,,0.000
185.782857,,,0.000
185.794467,,,0.000
185.806077,,,0.000
185.817687,,,0.000
185.829297,193.877,54.812,0.044
185.840907,252.358,59.376,0.240
185.852517,255.010,59.557,0.338
185.864127,122.366,46.844,0.399
185.875737,122.130,46.811,0.437
185.887347,121.583,46.733,0.453
185.898957,117.700,46.171,0.468
185.910567,117.157,46.091,0.490
185.922177,232.906,57.987,0.512
185.933787,115.984,45.917,0.523
185.945397,227.935,57.613,0.529
185.957007,225.765,57.448,0.533
185.968617,224.138,57.323,0.540
185.980227,224.473,57.348,0.556
185.991837,223.915,57.305,0.572
186.003447,223.698,57.289,0.584
186.015057,225.274,57.410,0.589
186.026667,226.126,57.475,0.588
186.038277,226.643,57.515,0.585
186.049887,227.613,57.589,0.580
186.061497,227.786,57.602,0.571
186.073107,227.967,57.616,0.557
186.084717,228.112,57.627,0.540
186.096327,228.080,57.624,0.516
186.107937,227.757,57.600,0.498
186.119546,227.822,57.605,0.492
186.131156,228.166,57.631,0.490
186.142766,228.214,57.635,0.489
186.154376,228.466,57.654,0.490
186.165986,114.007,45.619,0.494
186.177596,114.133,45.639,0.492
186.189206,232.788,57.978,0.494
186.200816,232.980,57.992,0.490
186.212426,232.604,57.964,0.485
186.224036,231.948,57.916,0.476
186.235646,232.694,57.971,0.474
186.247256,232.422,57.951,0.468
186.258866,232.222,57.936,0.461
186.270476,232.164,57.932,0.457
186.282086,232.078,57.925,0.451
186.293696,120.884,46.633,0.448
186.305306,243.563,58.761,0.436
186.316916,243.420,58.751,0.421
186.328526,243.376,58.748,0.394
186.340136,243.126,58.730,0.370
186.351746,243.419,58.751,0.346
186.363356,242.263,58.669,0.322
186.374966,242.228,58.666,0.281
186.386576,240.498,58.542,0.216
186.398186,239.665,58.482,0.166
186.409796,240.374,58.533,0.150
186.421406,238.822,58.421,0.158
186.433016,234.852,58.131,0.164
186.444626,234.404,58.098,0.159
186.456236,233.445,58.027,0.147
186.467846,234.237,58.086,0.135
186.479456,233.527,58.033,0.137
186.491066,233.391,58.023,0.135
186.502676,233.054,57.998,0.127
186.514286,232.470,57.954,0.109
186.525896,231.443,57.878,0.086
186.537506,234.382,58.096,0.050
186.549116,234.383,58.096,0.048
186.560726,234.189,58.082,0.054
186.572336,235.086,58.148,0.046
186.583946,234.157,58.080,0.039
186.595556,233.905,58.061,0.035
186.607166,235.210,58.157,0.039
186.618776,233.859,58.058,0.041
186.630385,232.454,57.953,0.036
186.641995,232.340,57.945,0.017
186.653605,,,0.000
186.665215,,,0.000
186.676825,,,0.000
186.688435,,,0.000
186.700045,,,0.000
186.711655,,,0.000
186.723265,,,0.000
186.734875,,,0.000
186.746485,,,0.000
186.758095,,,0.000
186.769705,,,0.000
186.781315,231.642,57.893,0.008
186.792925,232.631,57.966,0.011
186.804535,232.956,57.991,0.013
186.816145,233.054,57.998,0.019
186.827755,232.439,57.952,0.021
186.839365,232.357,57.946,0.014
186.850975,232.195,57.934,0.008
186.862585,,,0.000
186.874195,,,0.000
186.885805,,,0.000
186.897415,,,0.000
186.909025,,,0.000
186.920635,,,0.000
186.932245,,,0.000
186.943855,,,0.000
186.955465,,,0.000
186.967075,,,0.000
186.978685,,,0.000
186.990295,232.899,57.986,0.004
187.001905,233.193,58.008,0.009
187.013515,233.631,58.041,0.003
187.025125,,,0.000
187.036735,,,0.000
187.048345,,,0.000
187.059955,,,0.000
187.071565,,,0.000
187.083175,,,0.000
187.094785,,,0.000
187.106395,,,0.000
187.118005,,,0.000
187.129615,,,0.000
187.141224,,,0.000
187.152834,,,0.000
187.164444,,,0.000
187.176054,,,0.000
187.187664,,,0.000
187.199274,,,0.000
187.210884,,,0.000
187.222494,,,0.000
187.234104,,,0.000
187.245714,,,0.000
187.257324,,,0.000
187.268934,,,0.000
187.280544,,,0.000
187.292154,,,0.000
187.303764,,,0.000
187.315374,,,0.000
187.326984,,,0.000
187.338594,,,0.000
187.350204,,,0.000
187.361814,,,0.000
187.373424,,,0.000
187.385034,,,0.000
187.396644,,,0.000
187.408254,,,0.000
187.419864,,,0.000
187.431474,,,0.000
187.443084,,,0.000
187.454694,,,0.000
187.466304,,,0.000
187.477914,,,0.000
187.489524,,,0.000
187.501134,,,0.000
187.512744,,,0.000
187.524354,,,0.000
187.535964,,,0.000
187.547574,,,0.000
187.559184,,,0.000
187.570794,,,0.000
187.582404,,,0.000
187.594014,,,0.000
187.605624,,,0.000
187.617234,,,0.000
187.628844,,,0.000
187.640454,,,0.000
187.652063,,,0.000
187.663673,,,0.000
187.675283,,,0.000
187.686893,,,0.000
187.698503,,,0.000
187.710113,,,0.000
187.721723,,,0.000
187.733333,,,0.000
187.744943,,,0.000
187.756553,,,0.000
187.768163,,,0.000
187.779773,,,0.000
187.791383,,,0.000
187.802993,,,0.000
187.814603,,,0.000
187.826213,,,0.000
187.837823,,,0.000
187.849433,,,0.000
187.861043,,,0.000
187.872653,,,0.000
187.884263,,,0.000
187.895873,,,0.000
187.907483,,,0.000
187.919093,,,0.000
187.930703,,,0.000
187.942313,,,0.000
187.953923,,,0.000
187.965533,,,0.000
187.977143,,,0.000
187.988753,,,0.000
188.000363,,,0.000
188.011973,,,0.000
188.023583,,,0.000
188.035193,,,0.000
188.046803,,,0.000
188.058413,,,0.000
188.070023,,,0.000
188.081633,,,0.000
188.093243,,,0.000
188.104853,,,0.000
188.116463,,,0.000
188.128073,,,0.000
188.139683,,,0.000
188.151293,,,0.000
188.162902,,,0.000
188.174512,,,0.000
188.186122,,,0.000
188.197732,,,0.000
188.209342,,,0.000
188.220952,,,0.000
188.232562,,,0.000
188.244172,,,0.000
188.255782,,,0.000
188.267392,,,0.000
188.279002,,,0.000
188.290612,,,0.000
188.302222,,,0.000
188.313832,,,0.000
188.325442,,,0.000
188.337052,,,0.000
188.348662,,,0.000
188.360272,,,0.000
188.371882,,,0.000
188.383492,,,0.000
188.395102,,,0.000
188.406712,,,0.000
188.418322,,,0.000
188.429932,,,0.000
188.441542,,,0.000
188.453152,,,0.000
188.464762,,,0.000
188.476372,,,0.000
188.487982,,,0.000
188.499592,,,0.000
188.511202,,,0.000
188.522812,,,0.000
188.534422,,,0.000
188.546032,,,0.000
188.557642,,,0.000
188.569252,,,0.000
188.580862,,,0.000
188.592472,,,0.000
188.604082,,,0.000
188.615692,,,0.000
188.627302,,,0.000
188.638912,,,0.000
188.650522,,,0.000
188.662132,,,0.000
188.673741,,,0.000
188.685351,,,0.000
188.696961,,,0.000
188.708571,,,0.000
188.720181,,,0.000
188.731791,,,0.000
188.743401,,,0.000
188.755011,,,0.000
188.766621,,,0.000
188.778231,,,0.000
188.789841,,,0.000
188.801451,,,0.000
188.813061,,,0.000
188.824671,,,0.000
188.836281,,,0.000
188.847891,,,0.000
188.859501,,,0.000
188.871111,,,0.000
188.882721,,,0.000
188.894331,,,0.000
188.905941,,,0.000
188.917551,,,0.000
188.929161,,,0.000
188.940771,,,0.000
188.952381,,,0.000
188.963991,,,0.000
188.975601,,,0.000
188.987211,,,0.000
188.998821,,,0.000
189.010431,,,0.000
189.022041,,,0.000
189.033651,,,0.000
189.045261,,,0.000
189.056871,,,0.000
189.068481,,,0.000
189.080091,,,0.000
189.091701,,,0.000
189.103311,,,0.000
189.114921,,,0.000
189.126531,,,0.000
189.138141,,,0.000
189.149751,,,0.000
189.161361,,,0.000
189.172971,,,0.000
189.184580,,,0.000
189.196190,,,0.000
189.207800,,,0.000
189.219410,,,0.000
189.231020,,,0.000
189.242630,,,0.000
189.254240,,,0.000
189.265850,,,0.000
189.277460,,,0.000
189.289070,,,0.000
189.300680,,,0.000
189.312290,,,0.000
189.323900,,,0.000
189.335510,,,0.000
189.347120,,,0.000
189.358730,,,0.000
189.370340,,,0.000
189.381950,,,0.000
189.393560,,,0.000
189.405170,,,0.000
189.416780,,,0.000
189.428390,,,0.000
189.440000,,,0.000
189.451610,,,0.000
189.463220,,,0.000
189.474830,,,0.000
189.486440,,,0.000
189.498050,,,0.000
189.509660,,,0.000
189.521270,,,0.000
189.532880,,,0.000
189.544490,,,0.000
189.556100,,,0.000
189.567710,,,0.000
189.579320,,,0.000
189.590930,,,0.000
189.602540,,,0.000
189.614150,,,0.000
189.625760,,,0.000
189.637370,,,0.000
189.648980,,,0.000
189.660590,,,0.000
189.672200,,,0.000
189.683810,,,0.000
189.695420,,,0.000
189.707029,,,0.000
189.718639,,,0.000
189.730249,,,0.000
189.741859,,,0.000
189.753469,,,0.000
189.765079,,,0.000
189.776689,,,0.000
189.788299,,,0.000
189.799909,,,0.000
189.811519,,,0.000
189.823129,,,0.000
189.834739,,,0.000
189.846349,,,0.000
189.857959,,,0.000
189.869569,,,0.000
189.881179,,,0.000
189.892789,,,0.000
189.904399,,,0.000
189.916009,,,0.000
189.927619,,,0.000
189.939229,,,0.000
189.950839,,,0.000
189.962449,,,0.000
189.974059,,,0.000
189.985669,,,0.000
189.997279,,,0.000
190.008889,,,0.000
190.020499,,,0.000
190.032109,,,0.000
190.043719,,,0.000
190.055329,,,0.000
190.066939,,,0.000
190.078549,,,0.000
190.090159,,,0.000
190.101769,,,0.000
190.113379,,,0.000
190.124989,,,0.000
190.136599,,,0.000
190.148209,,,0.000
190.159819,,,0.000
190.171429,,,0.000
190.183039,,,0.000
190.194649,,,0.000
190.206259,,,0.000
190.217868,,,0.000
190.229478,,,0.000
190.241088,,,0.000
190.252698,,,0.000
190.264308,,,0.000
190.275918,,,0.000
190.287528,,,0.000
190.299138,,,0.000
190.310748,,,0.000
190.322358,,,0.000
190.333968,,,0.000
190.345578,,,0.000
190.357188,,,0.000
190.368798,,,0.000
190.380408,,,0.000
190.392018,,,0.000
190.403628,,,0.000
190.415238,,,0.000
190.426848,,,0.000
190.438458,,,0.000
190.450068,,,0.000
190.461678,,,0.000
190.473288,,,0.000
190.484898,,,0.000
190.496508,,,0.000
190.508118,,,0.000
190.519728,,,0.000
190.531338,,,0.000
190.542948,,,0.000
190.554558,,,0.000
190.566168,,,0.000
190.577778,,,0.000
190.589388,,,0.000
190.600998,,,0.000
190.612608,,,0.000
190.624218,,,0.000
190.635828,,,0.000
190.647438,,,0.000
190.659048,,,0.000
190.670658,,,0.000
190.682268,,,0.000
190.693878,,,0.000
190.705488,,,0.000
190.717098,,,0.000
190.728707,,,0.000
190.740317,,,0.000
190.751927,,,0.000
190.763537,,,0.000
190.775147,,,0.000
190.786757,,,0.000
190.798367,,,0.000
190.809977,,,0.000
190.821587,,,0.000
190.833197,,,0.000
190.844807,,,0.000
190.856417,,,0.000
190.868027,,,0.000
190.879637,,,0.000
190.891247,,,0.000
190.902857,,,0.000
190.914467,,,0.000
190.926077,,,0.000
190.937687,,,0.000
190.949297,,,0.000
190.960907,,,0.000
190.972517,,,0.000
190.984127,,,0.000
190.995737,,,0.000
191.007347,,,0.000
191.018957,,,0.000
191.030567,,,0.000
191.042177,,,0.000
191.053787,,,0.000
191.065397,,,0.000
191.077007,,,0.000
191.088617,,,0.000
191.100227,,,0.000
191.111837,,,0.000
191.123447,,,0.000
191.135057,,,0.000
191.146667,,,0.000
191.158277,,,0.000
191.169887,,,0.000
191.181497,,,0.000
191.193107,,,0.000
191.204717,,,0.000
191.216327,,,0.000
191.227937,,,0.000
191.239546,,,0.000
191.251156,,,0.000
191.262766,,,0.000
191.274376,,,0.000
191.285986,,,0.000
191.297596,,,0.000
191.309206,,,0.000
191.320816,,,0.000
191.332426,,,0.000
191.344036,,,0.000
191.355646,,,0.000
191.367256,,,0.000
191.378866,,,0.000
191.390476,,,0.000
191.402086,,,0.000
191.413696,,,0.000
191.425306,,,0.000
191.436916,,,0.000
191.448526,,,0.000
191.460136,,,0.000
191.471746,,,0.000
191.483356,,,0.000
191.494966,,,0.000
191.506576,,,0.000
191.518186,,,0.000
191.529796,,,0.000
191.541406,,,0.000
191.553016,,,0.000
191.564626,,,0.000
191.576236,,,0.000
191.587846,,,0.000
191.599456,,,0.000
191.611066,,,0.000
191.622676,,,0.000
191.634286,,,0.000
191.645896,,,0.000
191.657506,,,0.000
191.669116,,,0.000
191.680726,,,0.000
191.692336,,,0.000
191.703946,,,0.000
191.715556,,,0.000
191.727166,,,0.000
191.738776,,,0.000
191.750385,,,0.000
191.761995,,,0.000
191.773605,,,0.000
191.785215,,,0.000
191.796825,,,0.000
191.808435,,,0.000
191.820045,,,0.000
191.831655,,,0.000
191.843265,,,0.000
191.854875,,,0.000
191.866485,,,0.000
191.878095,,,0.000
191.889705,,,0.000
191.901315,,,0.000
191.912925,,,0.000
191.924535,,,0.000
191.936145,,,0.000
191.947755,,,0.000
191.959365,,,0.000
191.970975,,,0.000
191.982585,,,0.000
191.994195,,,0.000
192.005805,,,0.000
192.017415,,,0.000
192.029025,,,0.000
192.040635,,,0.000
192.052245,,,0.000
192.063855,,,0.000
192.075465,,,0.000
192.087075,,,0.000
192.098685,,,0.000
192.110295,,,0.000
192.121905,,,0.000
192.133515,,,0.000
192.145125,,,0.000
192.156735,,,0.000
192.168345,,,0.000
192.179955,,,0.000
192.191565,,,0.000
