time_sec,f0_hz,midi,confidence
0.000000,921.087,81.790,0.573
0.011610,907.557,81.534,0.600
0.023220,907.372,81.530,0.610
0.034830,907.334,81.530,0.621
0.046440,908.673,81.555,0.632
0.058050,905.667,81.498,0.616
0.069660,906.612,81.516,0.597
0.081270,905.260,81.490,0.581
0.092880,907.275,81.528,0.576
0.104490,913.011,81.638,0.559
0.116100,911.063,81.601,0.556
0.127710,909.366,81.568,0.556
0.139320,905.552,81.496,0.547
0.150930,901.935,81.426,0.551
0.162540,892.878,81.252,0.545
0.174150,900.081,81.391,0.551
0.185760,847.042,80.339,0.555
0.197370,831.654,80.022,0.551
0.208980,830.848,80.005,0.546
0.220590,831.917,80.027,0.536
0.232200,842.405,80.244,0.528
0.243810,848.470,80.368,0.504
0.255420,852.017,80.441,0.486
0.267029,86.029,40.745,0.453
0.278639,86.043,40.748,0.398
0.290249,319.754,63.474,0.434
0.301859,324.882,63.749,0.501
0.313469,90.870,41.692,0.551
0.325079,89.903,41.507,0.583
0.336689,721.757,77.568,0.622
0.348299,732.632,77.827,0.632
0.359909,730.476,77.776,0.712
0.371519,733.438,77.846,0.729
0.383129,730.734,77.782,0.751
0.394739,728.877,77.738,0.757
0.406349,727.318,77.701,0.773
0.417959,733.942,77.858,0.781
0.429569,737.519,77.942,0.796
0.441179,749.948,78.231,0.812
0.452789,771.303,78.718,0.807
0.464399,772.274,78.739,0.815
0.476009,318.389,63.399,0.817
0.487619,320.690,63.524,0.824
0.499229,321.286,63.556,0.820
0.510839,320.392,63.508,0.814
0.522449,322.743,63.635,0.795
0.534059,326.431,63.831,0.773
0.545669,330.709,64.057,0.742
0.557279,332.257,64.138,0.726
0.568889,337.640,64.416,0.734
0.580499,351.690,65.122,0.740
0.592109,367.859,65.900,0.747
0.603719,369.671,65.985,0.760
0.615329,370.442,66.021,0.781
0.626939,370.692,66.033,0.799
0.638549,371.531,66.072,0.813
0.650159,371.838,66.086,0.821
0.661769,372.059,66.096,0.815
0.673379,372.435,66.114,0.810
0.684989,374.042,66.188,0.813
0.696599,383.498,66.621,0.819
0.708209,388.156,66.830,0.821
0.719819,394.449,67.108,0.825
0.731429,400.314,67.364,0.828
0.743039,405.887,67.603,0.826
0.754649,408.827,67.728,0.824
0.766259,410.710,67.807,0.813
0.777868,413.090,67.907,0.795
0.789478,414.425,67.963,0.770
0.801088,415.298,68.000,0.741
0.812698,415.655,68.015,0.703
0.824308,415.130,67.993,0.650
0.835918,413.476,67.924,0.579
0.847528,393.557,67.069,0.469
0.859138,377.065,66.328,0.385
0.870748,379.647,66.446,0.358
0.882358,393.420,67.063,0.393
0.893968,393.055,67.047,0.488
0.905578,409.378,67.751,0.633
0.917188,410.536,67.800,0.702
0.928798,414.797,67.979,0.745
0.940408,416.978,68.070,0.775
0.952018,416.885,68.066,0.798
0.963628,416.148,68.035,0.817
0.975238,415.606,68.013,0.833
0.986848,415.360,68.002,0.844
0.998458,415.356,68.002,0.841
1.010068,415.179,67.995,0.837
1.021678,414.638,67.972,0.834
1.033288,414.186,67.953,0.830
1.044898,414.058,67.948,0.828
1.056508,414.384,67.962,0.825
1.068118,414.895,67.983,0.823
1.079728,415.177,67.995,0.821
1.091338,415.416,68.005,0.821
1.102948,415.563,68.011,0.819
1.114558,415.697,68.016,0.819
1.126168,415.758,68.019,0.819
1.137778,415.782,68.020,0.818
1.149388,415.810,68.021,0.819
1.160998,415.782,68.020,0.819
1.172608,415.794,68.020,0.816
1.184218,415.800,68.021,0.813
1.195828,415.655,68.015,0.811
1.207438,415.532,68.009,0.809
1.219048,415.452,68.006,0.808
1.230658,415.374,68.003,0.807
1.242268,414.951,67.985,0.806
1.253878,413.756,67.935,0.805
1.265488,411.305,67.832,0.808
1.277098,408.084,67.696,0.809
1.288707,404.314,67.536,0.809
1.300317,396.558,67.200,0.810
1.311927,390.511,66.934,0.810
1.323537,384.707,66.675,0.807
1.335147,376.604,66.307,0.802
1.346757,374.538,66.211,0.795
1.358367,372.981,66.139,0.779
1.369977,372.591,66.121,0.764
1.381587,372.608,66.122,0.750
1.393197,372.666,66.125,0.726
1.404807,372.594,66.121,0.694
1.416417,372.361,66.110,0.661
1.428027,372.140,66.100,0.627
1.439637,372.529,66.118,0.589
1.451247,373.497,66.163,0.575
1.462857,375.808,66.270,0.562
1.474467,377.726,66.358,0.542
1.486077,379.989,66.461,0.540
1.497687,320.874,63.534,0.547
1.509297,320.990,63.540,0.554
1.520907,964.676,82.590,0.558
1.532517,951.742,82.357,0.553
1.544127,956.157,82.437,0.546
1.555737,959.089,82.490,0.540
1.567347,966.224,82.618,0.524
1.578957,1002.273,83.252,0.504
1.590567,1002.273,83.252,0.490
1.602177,1002.273,83.252,0.469
1.613787,1002.273,83.252,0.440
1.625397,1002.273,83.252,0.427
1.637007,1002.273,83.252,0.399
1.648617,1002.273,83.252,0.369
1.660227,963.654,82.572,0.345
1.671837,946.921,82.269,0.309
1.683447,906.724,81.518,0.265
1.695057,136.025,48.676,0.249
1.706667,904.088,81.468,0.258
1.718277,909.544,81.572,0.282
1.729887,856.857,80.539,0.333
1.741497,858.536,80.572,0.374
1.753107,914.169,81.659,0.410
1.764717,921.182,81.792,0.444
1.776327,921.287,81.794,0.470
1.787937,919.254,81.756,0.495
1.799546,920.533,81.780,0.517
1.811156,921.929,81.806,0.529
1.822766,922.819,81.823,0.530
1.834376,923.469,81.835,0.531
1.845986,1002.273,83.252,0.526
1.857596,248.357,59.099,0.512
1.869206,93.004,42.094,0.493
1.880816,92.295,41.962,0.465
1.892426,92.995,42.093,0.421
1.904036,83.061,40.137,0.371
1.915646,83.199,40.166,0.322
1.927256,275.692,60.907,0.243
1.938866,118.751,46.325,0.150
1.950476,415.121,67.992,0.166
1.962086,920.152,81.772,0.289
1.973696,422.669,68.304,0.345
1.985306,804.676,79.451,0.428
1.996916,809.486,79.554,0.468
2.008526,400.335,67.364,0.502
2.020136,353.817,65.226,0.576
2.031746,356.124,65.339,0.634
2.043356,188.569,54.331,0.679
2.054966,188.799,54.352,0.712
2.066576,188.402,54.316,0.734
2.078186,373.931,66.183,0.742
2.089796,373.493,66.163,0.748
2.101406,373.179,66.148,0.750
2.113016,374.326,66.201,0.741
2.124626,375.141,66.239,0.725
2.136236,374.069,66.190,0.705
2.147846,373.866,66.180,0.680
2.159456,375.182,66.241,0.659
2.171066,403.115,67.484,0.653
2.182676,408.767,67.725,0.653
2.194286,412.191,67.870,0.661
2.205896,413.579,67.928,0.671
2.217506,414.648,67.973,0.681
2.229116,415.554,68.010,0.687
2.240726,415.929,68.026,0.693
2.252336,416.105,68.033,0.697
2.263946,416.025,68.030,0.701
2.275556,415.896,68.025,0.703
2.287166,415.812,68.021,0.707
2.298776,415.561,68.011,0.708
2.310385,414.977,67.986,0.704
2.321995,414.080,67.949,0.698
2.333605,417.499,68.091,0.728
2.345215,421.474,68.255,0.764
2.356825,425.643,68.426,0.791
2.368435,430.168,68.609,0.810
2.380045,433.518,68.743,0.822
2.391655,435.413,68.819,0.833
2.403265,435.813,68.834,0.844
2.414875,434.865,68.797,0.853
2.426485,433.759,68.753,0.850
2.438095,433.308,68.735,0.840
2.449705,431.143,68.648,0.828
2.461315,426.740,68.470,0.820
2.472925,422.074,68.280,0.815
2.484535,418.817,68.146,0.811
2.496145,417.047,68.072,0.808
2.507755,415.909,68.025,0.808
2.519365,415.545,68.010,0.806
2.530975,415.719,68.017,0.806
2.542585,415.876,68.024,0.806
2.554195,415.898,68.025,0.806
2.565805,415.891,68.024,0.806
2.577415,415.945,68.027,0.806
2.589025,416.062,68.032,0.804
2.600635,416.153,68.035,0.804
2.612245,416.078,68.032,0.790
2.623855,415.976,68.028,0.777
2.635465,415.939,68.026,0.760
2.647075,416.003,68.029,0.738
2.658685,416.067,68.032,0.711
2.670295,415.481,68.007,0.687
2.681905,400.408,67.368,0.685
2.693515,370.685,66.032,0.679
2.705125,370.749,66.035,0.698
2.716735,370.460,66.022,0.705
2.728345,370.405,66.019,0.702
2.739955,370.438,66.021,0.698
2.751565,370.366,66.017,0.695
2.763175,370.582,66.027,0.682
2.774785,371.045,66.049,0.637
2.786395,370.921,66.043,0.568
2.798005,368.030,65.908,0.467
2.809615,316.179,63.279,0.270
2.821224,418.140,68.118,0.253
2.832834,297.045,62.198,0.377
2.844444,296.987,62.195,0.411
2.856054,457.211,69.664,0.630
2.867664,419.245,68.163,0.697
2.879274,419.026,68.154,0.738
2.890884,418.105,68.116,0.767
2.902494,417.114,68.075,0.791
2.914104,416.573,68.053,0.809
2.925714,416.343,68.043,0.822
2.937324,416.054,68.031,0.834
2.948934,415.786,68.020,0.825
2.960544,415.384,68.003,0.810
2.972154,414.912,67.984,0.789
2.983764,414.543,67.968,0.765
2.995374,414.371,67.961,0.734
3.006984,414.373,67.961,0.698
3.018594,415.182,67.995,0.663
3.030204,418.983,68.153,0.625
3.041814,440.788,69.031,0.576
3.053424,440.918,69.036,0.565
3.065034,440.852,69.033,0.576
3.076644,440.799,69.031,0.588
3.088254,440.891,69.035,0.597
3.099864,440.896,69.035,0.606
3.111474,100.167,43.379,0.602
3.123084,89.241,41.379,0.589
3.134694,98.800,43.141,0.587
3.146304,82.971,40.118,0.595
3.157914,82.961,40.116,0.601
3.169524,82.941,40.112,0.592
3.181134,511.735,71.615,0.621
3.192744,442.709,69.106,0.703
3.204354,441.566,69.061,0.732
3.215964,440.176,69.007,0.756
3.227574,438.065,68.924,0.778
3.239184,436.390,68.857,0.800
3.250794,435.647,68.828,0.823
3.262404,436.601,68.866,0.841
3.274014,438.499,68.941,0.854
3.285624,441.431,69.056,0.849
3.297234,446.199,69.242,0.853
3.308844,453.175,69.511,0.856
3.320454,461.873,69.840,0.857
3.332063,470.798,70.171,0.856
3.343673,479.354,70.483,0.855
3.355283,485.534,70.705,0.856
3.366893,489.428,70.843,0.856
3.378503,491.637,70.921,0.860
3.390113,492.813,70.962,0.863
3.401723,492.914,70.966,0.866
3.413333,491.819,70.927,0.870
3.424943,489.373,70.841,0.875
3.436553,486.259,70.731,0.877
3.448163,480.992,70.542,0.880
3.459773,474.029,70.290,0.881
3.471383,933.663,82.025,0.885
3.482993,923.924,81.843,0.882
3.494603,914.678,81.669,0.875
3.506213,906.308,81.510,0.868
3.517823,897.228,81.336,0.858
3.529433,889.048,81.177,0.848
3.541043,875.369,80.909,0.838
3.552653,158.002,51.269,0.827
3.564263,321.412,63.563,0.806
3.575873,317.304,63.340,0.801
3.587483,314.146,63.167,0.800
3.599093,311.606,63.027,0.795
3.610703,310.987,62.992,0.781
3.622313,310.447,62.962,0.763
3.633923,310.374,62.958,0.747
3.645533,311.194,63.004,0.742
3.657143,312.829,63.094,0.741
3.668753,316.736,63.309,0.744
3.680363,318.724,63.418,0.751
3.691973,318.795,63.421,0.765
3.703583,318.103,63.384,0.786
3.715193,317.395,63.345,0.803
3.726803,316.613,63.303,0.810
3.738413,315.669,63.251,0.812
3.750023,314.460,63.184,0.811
3.761633,312.952,63.101,0.804
3.773243,312.007,63.049,0.797
3.784853,311.507,63.021,0.788
3.796463,311.181,63.003,0.781
3.808073,310.964,62.991,0.780
3.819683,310.874,62.986,0.780
3.831293,310.814,62.983,0.785
3.842902,310.821,62.983,0.789
3.854512,310.850,62.985,0.793
3.866122,310.924,62.989,0.799
3.877732,310.988,62.992,0.800
3.889342,310.983,62.992,0.804
3.900952,311.029,62.995,0.807
3.912562,311.076,62.997,0.811
3.924172,311.105,62.999,0.815
3.935782,311.116,62.999,0.818
3.947392,311.065,62.997,0.821
3.959002,311.043,62.995,0.822
3.970612,311.115,62.999,0.824
3.982222,311.206,63.004,0.827
3.993832,311.265,63.008,0.828
4.005442,311.249,63.007,0.828
4.017052,311.256,63.007,0.828
4.028662,311.265,63.008,0.828
4.040272,311.267,63.008,0.830
4.051882,311.233,63.006,0.830
4.063492,310.954,62.990,0.828
4.075102,310.099,62.943,0.826
4.086712,308.948,62.878,0.821
4.098322,307.234,62.782,0.816
4.109932,304.643,62.635,0.809
4.121542,301.582,62.461,0.799
4.133152,296.813,62.185,0.787
4.144762,291.050,61.845,0.774
4.156372,285.154,61.491,0.765
4.167982,281.353,61.259,0.751
4.179592,279.096,61.119,0.745
4.191202,277.984,61.050,0.740
4.202812,92.482,41.997,0.736
4.214422,92.465,41.994,0.739
4.226032,92.375,41.977,0.740
4.237642,138.096,48.938,0.742
4.249252,275.998,60.926,0.743
4.260862,274.056,60.804,0.747
4.272472,271.498,60.641,0.750
4.284082,268.738,60.464,0.749
4.295692,265.096,60.228,0.748
4.307302,259.903,59.886,0.745
4.318912,254.516,59.523,0.745
4.330522,250.852,59.272,0.745
4.342132,248.335,59.097,0.748
4.353741,246.886,58.996,0.748
4.365351,246.154,58.945,0.751
4.376961,245.819,58.921,0.756
4.388571,246.068,58.939,0.757
4.400181,245.946,58.930,0.762
4.411791,245.993,58.933,0.763
4.423401,245.862,58.924,0.764
4.435011,245.804,58.920,0.766
4.446621,245.653,58.909,0.766
4.458231,246.089,58.940,0.764
4.469841,245.746,58.916,0.762
4.481451,246.216,58.949,0.764
4.493061,246.453,58.966,0.763
4.504671,246.150,58.944,0.763
4.516281,246.072,58.939,0.760
4.527891,245.857,58.924,0.760
4.539501,245.804,58.920,0.756
4.551111,245.314,58.885,0.754
4.562721,244.613,58.836,0.749
4.574331,244.198,58.807,0.744
4.585941,243.385,58.749,0.736
4.597551,242.361,58.676,0.729
4.609161,241.535,58.617,0.721
4.620771,241.356,58.604,0.711
4.632381,242.207,58.665,0.709
4.643991,242.967,58.719,0.701
4.655601,243.825,58.780,0.701
4.667211,246.410,58.963,0.704
4.678821,247.575,59.044,0.708
4.690431,248.044,59.077,0.708
4.702041,248.048,59.077,0.722
4.713651,248.042,59.077,0.720
4.725261,248.509,59.110,0.725
4.736871,248.188,59.087,0.728
4.748481,248.137,59.084,0.729
4.760091,248.155,59.085,0.732
4.771701,248.210,59.089,0.733
4.783311,249.111,59.151,0.736
4.794921,250.397,59.241,0.730
4.806531,250.814,59.269,0.731
4.818141,251.165,59.294,0.722
4.829751,251.320,59.304,0.710
4.841361,252.935,59.415,0.702
4.852971,255.527,59.592,0.689
4.864580,264.095,60.163,0.675
4.876190,275.020,60.864,0.660
4.887800,272.614,60.712,0.650
4.899410,272.587,60.711,0.654
4.911020,262.342,60.047,0.651
4.922630,262.390,60.051,0.653
4.934240,261.628,60.000,0.640
4.945850,261.679,60.004,0.644
4.957460,261.976,60.023,0.648
4.969070,309.923,62.933,0.664
4.980680,310.828,62.983,0.672
4.992290,312.660,63.085,0.668
5.003900,312.201,63.060,0.669
5.015510,311.846,63.040,0.674
5.027120,311.558,63.024,0.681
5.038730,311.831,63.039,0.676
5.050340,311.449,63.018,0.674
5.061950,311.358,63.013,0.666
5.073560,311.136,63.000,0.654
5.085170,310.844,62.984,0.649
5.096780,310.870,62.986,0.643
5.108390,310.823,62.983,0.644
5.120000,310.657,62.974,0.643
5.131610,310.672,62.975,0.641
5.143220,310.717,62.977,0.647
5.154830,310.776,62.980,0.647
5.166440,310.830,62.983,0.651
5.178050,310.945,62.990,0.660
5.189660,311.088,62.998,0.667
5.201270,311.204,63.004,0.673
5.212880,311.228,63.006,0.679
5.224490,311.309,63.010,0.682
5.236100,311.255,63.007,0.679
5.247710,311.235,63.006,0.672
5.259320,311.266,63.008,0.664
5.270930,311.232,63.006,0.656
5.282540,311.259,63.007,0.646
5.294150,311.472,63.019,0.641
5.305760,311.864,63.041,0.637
5.317370,312.506,63.077,0.630
5.328980,313.819,63.149,0.630
5.340590,315.414,63.237,0.634
5.352200,317.825,63.369,0.635
5.363810,322.138,63.602,0.639
5.375420,325.777,63.797,0.636
5.387029,327.732,63.900,0.638
5.398639,328.938,63.964,0.633
5.410249,329.177,63.976,0.638
5.421859,329.349,63.985,0.645
5.433469,164.775,51.996,0.650
5.445079,164.737,51.992,0.659
5.456689,164.752,51.994,0.670
5.468299,164.778,51.996,0.685
5.479909,164.841,52.003,0.704
5.491519,164.782,51.997,0.718
5.503129,164.703,51.988,0.722
5.514739,164.532,51.970,0.731
5.526349,327.520,63.889,0.729
5.537959,164.191,51.934,0.737
5.549569,163.463,51.858,0.747
5.561179,162.674,51.774,0.745
5.572789,478.117,70.438,0.751
5.584399,459.773,69.761,0.759
5.596009,448.905,69.347,0.768
5.607619,448.083,69.315,0.775
5.619229,228.750,57.675,0.783
5.630839,234.422,58.099,0.794
5.642449,236.461,58.249,0.798
5.654059,241.139,58.588,0.811
5.665669,243.116,58.730,0.817
5.677279,246.726,58.985,0.821
5.688889,247.205,59.018,0.828
5.700499,247.379,59.031,0.833
5.712109,246.953,59.001,0.835
5.723719,246.553,58.973,0.821
5.735329,246.614,58.977,0.812
5.746939,247.334,59.027,0.806
5.758549,249.356,59.168,0.804
5.770159,252.036,59.353,0.809
5.781769,255.736,59.606,0.801
5.793379,273.796,60.787,0.794
5.804989,275.946,60.923,0.803
5.816599,276.849,60.979,0.808
5.828209,277.477,61.018,0.816
5.839819,277.895,61.044,0.815
5.851429,278.483,61.081,0.808
5.863039,279.102,61.119,0.794
5.874649,279.479,61.143,0.796
5.886259,281.026,61.238,0.795
5.897868,306.775,62.756,0.783
5.909478,309.055,62.884,0.795
5.921088,310.198,62.948,0.793
5.932698,310.709,62.977,0.791
5.944308,311.237,63.006,0.790
5.955918,311.522,63.022,0.780
5.967528,311.973,63.047,0.765
5.979138,312.628,63.083,0.746
5.990748,312.650,63.085,0.727
6.002358,311.871,63.041,0.689
6.013968,310.705,62.976,0.643
6.025578,307.808,62.814,0.601
6.037188,253.605,59.461,0.531
6.048798,249.555,59.182,0.556
6.060408,310.317,62.955,0.566
6.072018,317.405,63.346,0.595
6.083628,322.211,63.606,0.675
6.095238,322.625,63.628,0.745
6.106848,325.824,63.799,0.787
6.118458,329.030,63.969,0.820
6.130068,331.920,64.120,0.847
6.141678,332.531,64.152,0.863
6.153288,331.933,64.121,0.875
6.164898,330.654,64.054,0.887
6.176508,329.914,64.015,0.888
6.188118,329.382,63.987,0.882
6.199728,328.265,63.928,0.878
6.211338,327.967,63.913,0.873
6.222948,327.640,63.895,0.868
6.234558,327.909,63.910,0.867
6.246168,329.060,63.970,0.867
6.257778,330.839,64.063,0.868
6.269388,331.585,64.103,0.870
6.280998,331.785,64.113,0.871
6.292608,331.661,64.106,0.870
6.304218,330.101,64.025,0.865
6.315828,328.528,63.942,0.864
6.327438,327.786,63.903,0.863
6.339048,327.464,63.886,0.861
6.350658,327.582,63.892,0.858
6.362268,328.647,63.948,0.857
6.373878,330.073,64.023,0.856
6.385488,331.464,64.096,0.857
6.397098,332.108,64.130,0.855
6.408707,332.734,64.162,0.841
6.420317,333.121,64.183,0.821
6.431927,333.205,64.187,0.800
6.443537,332.894,64.171,0.775
6.455147,332.426,64.146,0.738
6.466757,331.328,64.089,0.689
6.478367,329.286,63.982,0.614
6.489977,328.914,63.963,0.495
6.501587,330.467,64.044,0.431
6.513197,331.362,64.091,0.409
6.524807,329.638,64.001,0.412
6.536417,321.135,63.548,0.459
6.548027,242.761,58.704,0.572
6.559637,274.736,60.846,0.631
6.571247,297.829,62.244,0.687
6.582857,309.522,62.910,0.723
6.594467,312.986,63.103,0.759
6.606077,312.640,63.084,0.789
6.617687,311.846,63.040,0.806
6.629297,311.324,63.011,0.825
6.640907,311.149,63.001,0.832
6.652517,311.202,63.004,0.838
6.664127,311.303,63.010,0.838
6.675737,310.816,62.983,0.838
6.687347,310.268,62.952,0.830
6.698957,310.427,62.961,0.822
6.710567,310.630,62.972,0.814
6.722177,310.883,62.986,0.796
6.733787,311.208,63.005,0.777
6.745397,311.375,63.014,0.752
6.757007,311.752,63.035,0.723
6.768617,311.395,63.015,0.688
6.780227,311.460,63.018,0.651
6.791837,307.479,62.796,0.596
6.803447,305.957,62.710,0.581
6.815057,309.370,62.902,0.576
6.826667,121.901,46.779,0.588
6.838277,121.921,46.781,0.596
6.849887,177.696,53.303,0.602
6.861497,177.667,53.300,0.605
6.873107,306.020,62.713,0.654
6.884717,306.826,62.759,0.716
6.896327,314.285,63.175,0.749
6.907937,323.830,63.693,0.775
6.919546,326.413,63.830,0.797
6.931156,327.667,63.897,0.822
6.942766,328.138,63.922,0.845
6.954376,327.782,63.903,0.865
6.965986,328.018,63.915,0.875
6.977596,328.695,63.951,0.878
6.989206,328.838,63.959,0.880
7.000816,328.403,63.936,0.882
7.012426,327.998,63.914,0.884
7.024036,327.957,63.912,0.881
7.035646,328.299,63.930,0.877
7.047256,328.721,63.952,0.874
7.058866,329.231,63.979,0.874
7.070476,329.618,63.999,0.874
7.082086,329.822,64.010,0.874
7.093696,330.010,64.020,0.873
7.105306,330.008,64.020,0.868
7.116916,329.830,64.011,0.861
7.128526,329.641,64.001,0.849
7.140136,329.388,63.987,0.832
7.151746,328.533,63.942,0.813
7.163356,328.110,63.920,0.785
7.174966,327.772,63.902,0.752
7.186576,327.173,63.871,0.735
7.198186,312.245,63.062,0.737
7.209796,312.201,63.060,0.753
7.221406,312.268,63.063,0.773
7.233016,311.809,63.038,0.793
7.244626,312.074,63.053,0.807
7.256236,312.620,63.083,0.820
7.267846,312.591,63.081,0.829
7.279456,313.079,63.108,0.820
7.291066,312.016,63.049,0.800
7.302676,310.458,62.963,0.772
7.314286,309.490,62.909,0.745
7.325896,310.653,62.974,0.711
7.337506,312.563,63.080,0.669
7.349116,314.666,63.196,0.623
7.360726,314.486,63.186,0.552
7.372336,327.515,63.889,0.641
7.383946,328.790,63.956,0.717
7.395556,330.324,64.037,0.760
7.407166,332.398,64.145,0.790
7.418776,333.014,64.177,0.818
7.430385,332.839,64.168,0.837
7.441995,332.346,64.142,0.854
7.453605,331.605,64.104,0.871
7.465215,330.792,64.061,0.875
7.476825,329.882,64.013,0.872
7.488435,328.376,63.934,0.870
7.500045,326.811,63.851,0.870
7.511655,325.947,63.806,0.867
7.523265,325.908,63.804,0.866
7.534875,326.657,63.843,0.864
7.546485,328.597,63.946,0.860
7.558095,331.090,64.077,0.859
7.569705,332.641,64.158,0.862
7.581315,333.588,64.207,0.864
7.592925,333.862,64.221,0.864
7.604535,333.402,64.197,0.862
7.616145,332.458,64.148,0.857
7.627755,330.384,64.040,0.853
7.639365,328.042,63.917,0.852
7.650975,326.161,63.817,0.848
7.662585,325.791,63.797,0.844
7.674195,325.338,63.773,0.838
7.685805,325.761,63.796,0.831
7.697415,327.150,63.869,0.827
7.709025,330.732,64.058,0.829
7.720635,332.606,64.156,0.826
7.732245,333.414,64.198,0.819
7.743855,333.923,64.224,0.809
7.755465,334.057,64.231,0.793
7.767075,333.672,64.211,0.777
7.778685,333.124,64.183,0.756
7.790295,332.271,64.138,0.732
7.801905,329.774,64.008,0.699
7.813515,325.734,63.794,0.663
7.825125,324.459,63.726,0.619
7.836735,315.480,63.241,0.574
7.848345,347.430,64.911,0.642
7.859955,359.984,65.525,0.689
7.871565,362.103,65.627,0.738
7.883175,365.281,65.778,0.783
7.894785,368.649,65.937,0.813
7.906395,369.155,65.961,0.834
7.918005,369.183,65.962,0.852
7.929615,369.119,65.959,0.866
7.941224,369.633,65.983,0.868
7.952834,369.922,65.997,0.872
7.964444,369.834,65.992,0.873
7.976054,369.383,65.971,0.869
7.987664,369.180,65.962,0.867
7.999274,369.267,65.966,0.867
8.010884,369.451,65.975,0.867
8.022494,369.682,65.985,0.869
8.034104,369.993,66.000,0.872
8.045714,370.117,66.006,0.874
8.057324,370.201,66.010,0.874
8.068934,370.256,66.012,0.875
8.080544,370.334,66.016,0.875
8.092154,370.438,66.021,0.875
8.103764,370.569,66.027,0.876
8.115374,370.377,66.018,0.875
8.126984,370.244,66.012,0.862
8.138594,370.216,66.010,0.843
8.150204,370.607,66.029,0.831
8.161814,371.302,66.061,0.819
8.173424,371.798,66.084,0.810
8.185034,372.168,66.101,0.801
8.196644,372.374,66.111,0.787
8.208254,372.674,66.125,0.776
8.219864,372.369,66.111,0.783
8.231474,371.927,66.090,0.797
8.243084,371.511,66.071,0.798
8.254694,371.383,66.065,0.798
8.266304,371.882,66.088,0.793
8.277914,374.179,66.195,0.792
8.289524,380.270,66.474,0.793
8.301134,392.644,67.029,0.791
8.312744,402.733,67.468,0.793
8.324354,412.179,67.869,0.797
8.335964,414.168,67.953,0.804
8.347574,415.054,67.990,0.812
8.359184,415.476,68.007,0.819
8.370794,415.803,68.021,0.821
8.382404,415.815,68.021,0.825
8.394014,415.555,68.010,0.829
8.405624,415.371,68.003,0.831
8.417234,415.259,67.998,0.833
8.428844,415.290,67.999,0.831
8.440454,415.426,68.005,0.820
8.452063,415.629,68.014,0.804
8.463673,416.014,68.030,0.787
8.475283,416.427,68.047,0.766
8.486893,417.000,68.071,0.740
8.498503,417.280,68.082,0.710
8.510113,416.908,68.067,0.666
8.521723,411.117,67.825,0.598
8.533333,398.284,67.276,0.552
8.544943,389.069,66.870,0.529
8.556553,190.596,54.516,0.480
8.568163,188.705,54.344,0.439
8.579773,953.088,82.381,0.390
8.591383,93.158,42.123,0.320
8.602993,92.363,41.975,0.268
8.614603,842.231,80.241,0.287
8.626213,836.031,80.113,0.312
8.637823,829.530,79.977,0.329
8.649433,822.875,79.838,0.332
8.661043,816.775,79.709,0.329
8.672653,819.695,79.771,0.320
8.684263,829.420,79.975,0.307
8.695873,822.117,79.822,0.289
8.707483,817.719,79.729,0.256
8.719093,410.774,67.810,0.209
8.730703,412.723,67.892,0.158
8.742313,412.825,67.896,0.143
8.753923,416.285,68.041,0.146
8.765533,417.343,68.085,0.161
8.777143,264.773,60.207,0.234
8.788753,254.691,59.535,0.500
8.800363,246.167,58.946,0.606
8.811973,247.790,59.059,0.667
8.823583,248.345,59.098,0.709
8.835193,248.722,59.124,0.740
8.846803,248.531,59.111,0.765
8.858413,248.138,59.084,0.785
8.870023,247.788,59.059,0.798
8.881633,247.624,59.048,0.797
8.893243,247.441,59.035,0.789
8.904853,247.092,59.011,0.775
8.916463,246.476,58.967,0.758
8.928073,246.094,58.941,0.742
8.939683,246.633,58.978,0.727
8.951293,249.878,59.205,0.712
8.962902,263.648,60.133,0.708
8.974512,271.503,60.642,0.716
8.986122,273.990,60.799,0.727
8.997732,275.101,60.870,0.740
9.009342,275.784,60.912,0.754
9.020952,276.104,60.933,0.768
9.032562,276.460,60.955,0.777
9.044172,276.695,60.970,0.781
9.055782,276.677,60.968,0.784
9.067392,276.691,60.969,0.786
9.079002,276.684,60.969,0.788
9.090612,276.821,60.977,0.790
9.102222,276.948,60.985,0.793
9.113832,277.125,60.996,0.792
9.125442,277.290,61.007,0.794
9.137052,277.371,61.012,0.799
9.148662,277.344,61.010,0.801
9.160272,277.253,61.004,0.802
9.171882,277.064,60.993,0.803
9.183492,276.820,60.977,0.804
9.195102,276.812,60.977,0.802
9.206712,276.777,60.975,0.799
9.218322,276.752,60.973,0.794
9.229932,276.888,60.982,0.791
9.241542,277.196,61.001,0.785
9.253152,277.622,61.027,0.777
9.264762,278.200,61.063,0.768
9.276372,278.769,61.099,0.758
9.287982,280.069,61.179,0.750
9.299592,282.681,61.340,0.751
9.311202,287.592,61.638,0.750
9.322812,292.515,61.932,0.750
9.334422,296.949,62.193,0.758
9.346032,299.070,62.316,0.764
9.357642,299.316,62.330,0.773
9.369252,298.820,62.301,0.777
9.380862,296.818,62.185,0.781
9.392472,294.682,62.060,0.779
9.404082,292.030,61.903,0.779
9.415692,289.037,61.725,0.776
9.427302,285.834,61.532,0.770
9.438912,283.384,61.383,0.769
9.450522,280.796,61.224,0.769
9.462132,279.704,61.157,0.771
9.473741,279.113,61.120,0.773
9.485351,278.834,61.103,0.777
9.496961,278.684,61.094,0.783
9.508571,278.426,61.077,0.787
9.520181,278.154,61.061,0.791
9.531791,277.822,61.040,0.794
9.543401,277.466,61.018,0.795
9.555011,277.060,60.992,0.799
9.566621,276.893,60.982,0.801
9.578231,276.771,60.974,0.802
9.589841,276.701,60.970,0.802
9.601451,276.761,60.974,0.803
9.613061,276.755,60.973,0.806
9.624671,276.746,60.973,0.808
9.636281,276.841,60.979,0.808
9.647891,276.904,60.983,0.808
9.659501,276.962,60.986,0.811
9.671111,276.970,60.987,0.813
9.682721,276.975,60.987,0.813
9.694331,277.013,60.989,0.810
9.705941,277.115,60.996,0.807
9.717551,276.960,60.986,0.806
9.729161,276.582,60.962,0.805
9.740771,275.893,60.919,0.802
9.752381,274.669,60.842,0.795
9.763991,273.003,60.737,0.787
9.775601,270.953,60.606,0.778
9.787211,267.759,60.401,0.774
9.798821,261.844,60.014,0.769
9.810431,254.747,59.539,0.761
9.822041,250.435,59.243,0.759
9.833651,247.642,59.049,0.752
9.845261,247.088,59.010,0.749
9.856871,247.320,59.026,0.752
9.868481,247.680,59.052,0.756
9.880091,248.038,59.077,0.755
9.891701,248.109,59.082,0.755
9.903311,248.153,59.085,0.755
9.914921,248.077,59.079,0.750
9.926531,247.983,59.073,0.751
9.938141,247.863,59.064,0.750
9.949751,247.502,59.039,0.746
9.961361,247.459,59.036,0.745
9.972971,247.185,59.017,0.745
9.984580,247.040,59.007,0.742
9.996190,246.816,58.991,0.743
10.007800,246.748,58.986,0.745
10.019410,246.804,58.990,0.750
10.031020,246.988,59.003,0.752
10.042630,247.387,59.031,0.758
10.054240,247.930,59.069,0.765
10.065850,248.326,59.097,0.769
10.077460,249.013,59.145,0.777
10.089070,250.561,59.252,0.779
10.100680,252.971,59.418,0.783
10.112290,255.728,59.605,0.785
10.123900,259.749,59.875,0.791
10.135510,277.057,60.992,0.800
10.147120,291.004,61.842,0.803
10.158730,296.653,62.175,0.811
10.170340,300.165,62.379,0.814
10.181950,302.091,62.490,0.817
10.193560,303.840,62.590,0.821
10.205170,305.158,62.665,0.821
10.216780,306.120,62.719,0.822
10.228390,306.584,62.745,0.817
10.240000,307.142,62.777,0.819
10.251610,308.185,62.836,0.817
10.263220,310.105,62.943,0.817
10.274830,313.640,63.139,0.820
10.286440,317.963,63.376,0.822
10.298050,321.760,63.582,0.827
10.309660,325.958,63.806,0.832
10.321270,328.496,63.940,0.837
10.332880,329.922,64.015,0.837
10.344490,330.546,64.048,0.839
10.356100,330.592,64.051,0.837
10.367710,329.951,64.017,0.832
10.379320,329.103,63.972,0.826
10.390930,328.148,63.922,0.819
10.402540,327.702,63.899,0.811
10.414150,328.026,63.916,0.806
10.425760,329.250,63.980,0.807
10.437370,330.972,64.070,0.804
10.448980,332.732,64.162,0.803
10.460590,333.423,64.198,0.806
10.472200,333.383,64.196,0.808
10.483810,332.615,64.156,0.810
10.495420,331.224,64.084,0.810
10.507029,329.524,63.995,0.806
10.518639,327.902,63.909,0.798
10.530249,326.949,63.859,0.795
10.541859,326.704,63.846,0.795
10.553469,327.014,63.862,0.794
10.565079,328.341,63.932,0.796
10.576689,330.489,64.045,0.797
10.588299,331.815,64.114,0.800
10.599909,332.130,64.131,0.802
10.611519,332.046,64.127,0.805
10.623129,331.369,64.091,0.805
10.634739,330.001,64.020,0.803
10.646349,328.533,63.942,0.803
10.657959,327.137,63.869,0.802
10.669569,326.893,63.856,0.801
10.681179,326.978,63.860,0.801
10.692789,327.441,63.885,0.803
10.704399,328.286,63.929,0.804
10.716009,329.016,63.968,0.805
10.727619,329.445,63.990,0.806
10.739229,329.711,64.004,0.805
10.750839,329.806,64.009,0.807
10.762449,329.722,64.005,0.811
10.774059,329.509,63.994,0.818
10.785669,329.277,63.982,0.823
10.797279,329.142,63.974,0.827
10.808889,329.064,63.970,0.832
10.820499,329.019,63.968,0.836
10.832109,329.001,63.967,0.840
10.843719,329.130,63.974,0.841
10.855329,329.412,63.989,0.840
10.866939,330.190,64.029,0.838
10.878549,331.682,64.108,0.839
10.890159,334.693,64.264,0.835
10.901769,339.538,64.513,0.833
10.913379,344.888,64.783,0.832
10.924989,352.326,65.153,0.833
10.936599,358.564,65.457,0.835
10.948209,363.231,65.681,0.837
10.959819,367.243,65.871,0.836
10.971429,370.168,66.008,0.837
10.983039,370.910,66.043,0.838
10.994649,371.049,66.049,0.836
11.006259,370.693,66.033,0.837
11.017868,370.177,66.009,0.835
11.029478,369.850,65.993,0.830
11.041088,369.671,65.985,0.828
11.052698,369.602,65.982,0.826
11.064308,369.497,65.977,0.822
11.075918,369.539,65.979,0.819
11.087528,369.563,65.980,0.819
11.099138,369.473,65.976,0.817
11.110748,369.386,65.972,0.816
11.122358,369.311,65.968,0.815
11.133968,369.172,65.961,0.814
11.145578,369.092,65.958,0.813
11.157188,369.368,65.971,0.811
11.168798,369.996,66.000,0.814
11.180408,370.531,66.025,0.815
11.192018,371.077,66.051,0.811
11.203628,371.254,66.059,0.799
11.215238,371.449,66.068,0.781
11.226848,371.526,66.072,0.760
11.238458,371.605,66.075,0.736
11.250068,371.403,66.066,0.706
11.261678,370.797,66.037,0.661
11.273288,369.052,65.956,0.587
11.284898,363.360,65.687,0.495
11.296508,367.216,65.869,0.474
11.308118,368.013,65.907,0.530
11.319728,367.373,65.877,0.586
11.331338,367.105,65.864,0.620
11.342948,367.274,65.872,0.652
11.354558,158.519,51.326,0.665
11.366168,879.249,80.985,0.666
11.377778,367.327,65.875,0.680
11.389388,366.170,65.820,0.744
11.400998,365.300,65.779,0.765
11.412608,364.151,65.724,0.776
11.424218,366.547,65.838,0.780
11.435828,366.467,65.834,0.777
11.447438,366.869,65.853,0.777
11.459048,367.031,65.861,0.781
11.470658,367.392,65.878,0.781
11.482268,368.817,65.945,0.744
11.493878,370.560,66.026,0.724
11.505488,374.525,66.211,0.713
11.517098,391.519,66.979,0.719
11.528707,403.933,67.519,0.737
11.540317,412.376,67.877,0.755
11.551927,414.072,67.949,0.770
11.563537,414.791,67.979,0.785
11.575147,415.327,68.001,0.796
11.586757,415.713,68.017,0.805
11.598367,415.975,68.028,0.811
11.609977,416.034,68.030,0.815
11.621587,415.772,68.019,0.816
11.633197,415.663,68.015,0.819
11.644807,415.768,68.019,0.823
11.656417,415.903,68.025,0.818
11.668027,415.930,68.026,0.803
11.679637,416.037,68.030,0.788
11.691247,416.694,68.058,0.787
11.702857,433.181,68.730,0.801
11.714467,447.168,69.280,0.809
11.726077,458.406,69.709,0.809
11.737687,470.216,70.150,0.812
11.749297,479.311,70.482,0.825
11.760907,485.072,70.688,0.846
11.772517,486.141,70.726,0.864
11.784127,488.095,70.796,0.869
11.795737,489.952,70.862,0.866
11.807347,490.853,70.893,0.866
11.818957,491.123,70.903,0.870
11.830567,491.037,70.900,0.873
11.842177,490.929,70.896,0.872
11.853787,490.370,70.876,0.869
11.865397,489.551,70.847,0.865
11.877007,487.770,70.784,0.864
11.888617,485.676,70.710,0.863
11.900227,479.662,70.494,0.861
11.911837,468.884,70.101,0.856
11.923447,444.571,69.179,0.850
11.935057,433.831,68.756,0.846
11.946667,428.763,68.552,0.842
11.958277,419.009,68.154,0.839
11.969887,417.046,68.072,0.835
11.981497,416.055,68.031,0.830
11.993107,415.834,68.022,0.827
12.004717,415.916,68.025,0.822
12.016327,416.099,68.033,0.815
12.027937,416.253,68.040,0.804
12.039546,416.383,68.045,0.791
12.051156,416.387,68.045,0.779
12.062766,416.294,68.041,0.766
12.074376,416.105,68.033,0.753
12.085986,415.979,68.028,0.738
12.097596,415.862,68.023,0.731
12.109206,415.770,68.019,0.731
12.120816,415.871,68.024,0.737
12.132426,415.975,68.028,0.743
12.144036,416.102,68.033,0.746
12.155646,416.275,68.040,0.750
12.167256,416.608,68.054,0.749
12.178866,417.427,68.088,0.747
12.190476,421.623,68.261,0.756
12.202086,458.179,69.701,0.791
12.213696,472.933,70.250,0.805
12.225306,486.982,70.756,0.817
12.236916,491.306,70.909,0.828
12.248526,493.256,70.978,0.839
12.260136,492.750,70.960,0.848
12.271746,491.925,70.931,0.857
12.283356,492.031,70.935,0.860
12.294966,492.956,70.967,0.846
12.306576,491.941,70.932,0.839
12.318186,490.634,70.886,0.832
12.329796,489.777,70.855,0.827
12.341406,488.912,70.825,0.815
12.353016,488.397,70.807,0.799
12.364626,488.860,70.823,0.782
12.376236,490.279,70.873,0.764
12.387846,492.484,70.951,0.747
12.399456,492.037,70.935,0.739
12.411066,485.118,70.690,0.734
12.422676,462.330,69.857,0.728
12.434286,386.364,66.750,0.732
12.445896,377.627,66.353,0.745
12.457506,376.221,66.289,0.756
12.469116,375.062,66.236,0.765
12.480726,374.238,66.197,0.773
12.492336,373.075,66.144,0.776
12.503946,371.467,66.069,0.781
12.515556,371.532,66.072,0.814
12.527166,371.933,66.090,0.836
12.538776,372.015,66.094,0.849
12.550385,371.926,66.090,0.858
12.561995,371.746,66.082,0.866
12.573605,371.603,66.075,0.872
12.585215,371.549,66.073,0.877
12.596825,371.774,66.083,0.880
12.608435,372.133,66.100,0.868
12.620045,373.585,66.167,0.864
12.631655,376.434,66.299,0.868
12.643265,382.345,66.568,0.870
12.654875,388.950,66.865,0.872
12.666485,397.414,67.238,0.876
12.678095,402.766,67.469,0.879
12.689705,407.316,67.664,0.880
12.701315,410.455,67.797,0.880
12.712925,413.510,67.925,0.873
12.724535,415.500,68.008,0.864
12.736145,415.944,68.027,0.858
12.747755,415.872,68.024,0.852
12.759365,415.741,68.018,0.844
12.770975,415.827,68.022,0.837
12.782585,415.897,68.025,0.830
12.794195,415.898,68.025,0.821
12.805805,415.854,68.023,0.812
12.817415,415.778,68.020,0.802
12.829025,415.965,68.028,0.794
12.840635,416.746,68.060,0.791
12.852245,419.724,68.183,0.809
12.863855,485.025,70.687,0.826
12.875465,491.302,70.909,0.840
12.887075,494.625,71.026,0.854
12.898685,495.390,71.053,0.865
12.910295,494.761,71.031,0.872
12.921905,493.772,70.996,0.879
12.933515,493.284,70.979,0.884
12.945125,493.373,70.982,0.880
12.956735,492.643,70.956,0.876
12.968345,491.950,70.932,0.870
12.979955,491.298,70.909,0.862
12.991565,490.908,70.895,0.854
13.003175,490.917,70.896,0.840
13.014785,491.633,70.921,0.821
13.026395,492.655,70.957,0.797
13.038005,493.799,70.997,0.764
13.049615,494.634,71.026,0.718
13.061224,494.156,71.010,0.669
13.072834,493.044,70.971,0.601
13.084444,492.850,70.964,0.486
13.096054,496.115,71.078,0.476
13.107664,123.786,47.044,0.529
13.119274,409.100,67.739,0.571
13.130884,915.675,81.688,0.607
13.142494,183.748,53.883,0.618
13.154104,361.461,65.596,0.656
13.165714,373.222,66.150,0.711
13.177324,372.948,66.138,0.749
13.188934,373.150,66.147,0.776
13.200544,373.091,66.144,0.801
13.212154,373.053,66.143,0.828
13.223764,372.949,66.138,0.848
13.235374,372.616,66.122,0.862
13.246984,372.296,66.107,0.864
13.258594,372.648,66.124,0.862
13.270204,373.352,66.156,0.864
13.281814,374.896,66.228,0.864
13.293424,377.652,66.355,0.860
13.305034,383.393,66.616,0.851
13.316644,393.671,67.074,0.841
13.328254,400.202,67.359,0.832
13.339864,403.227,67.489,0.830
13.351474,407.085,67.654,0.823
13.363084,411.881,67.857,0.808
13.374694,414.840,67.981,0.796
13.386304,416.656,68.056,0.782
13.397914,416.314,68.042,0.771
13.409524,415.494,68.008,0.764
13.421134,414.489,67.966,0.759
13.432744,413.772,67.936,0.747
13.444354,410.941,67.817,0.740
13.455964,410.361,67.793,0.737
13.467574,410.385,67.794,0.733
13.479184,410.202,67.786,0.723
13.490794,410.417,67.795,0.702
13.502404,470.657,70.166,0.743
13.514014,481.051,70.544,0.774
13.525624,496.520,71.092,0.800
13.537234,499.144,71.183,0.818
13.548844,499.202,71.185,0.832
13.560454,498.741,71.169,0.846
13.572063,497.784,71.136,0.863
13.583673,496.663,71.097,0.879
13.595283,496.363,71.087,0.878
13.606893,495.386,71.053,0.881
13.618503,493.110,70.973,0.885
13.630113,491.562,70.918,0.890
13.641723,491.080,70.901,0.894
13.653333,491.280,70.909,0.896
13.664943,492.144,70.939,0.897
13.676553,493.654,70.992,0.899
13.688163,495.883,71.070,0.898
13.699773,497.697,71.133,0.896
13.711383,498.622,71.165,0.895
13.722993,498.684,71.167,0.897
13.734603,497.637,71.131,0.895
13.746213,496.161,71.080,0.894
13.757823,495.007,71.039,0.894
13.769433,494.691,71.028,0.892
13.781043,494.835,71.033,0.890
13.792653,495.469,71.055,0.894
13.804263,495.661,71.062,0.889
13.815873,496.259,71.083,0.870
13.827483,497.756,71.135,0.852
13.839093,499.353,71.191,0.832
13.850703,500.460,71.229,0.806
13.862313,500.932,71.245,0.775
13.873923,500.166,71.219,0.732
13.885533,496.635,71.096,0.638
13.897143,492.675,70.958,0.495
13.908753,494.356,71.017,0.470
13.920363,493.864,70.999,0.464
13.931973,494.236,71.012,0.465
13.943583,500.183,71.219,0.561
13.955193,492.920,70.966,0.641
13.966803,490.605,70.885,0.711
13.978413,492.819,70.963,0.747
13.990023,494.307,71.015,0.780
14.001633,494.550,71.023,0.811
14.013243,493.891,71.000,0.839
14.024853,493.093,70.972,0.866
14.036463,492.314,70.945,0.884
14.048073,492.456,70.950,0.896
14.059683,492.787,70.962,0.902
14.071293,493.109,70.973,0.908
14.082902,493.785,70.997,0.911
14.094512,495.743,71.065,0.911
14.106122,501.586,71.268,0.914
14.117732,510.011,71.556,0.915
14.129342,520.330,71.903,0.914
14.140952,530.709,72.245,0.916
14.152562,540.161,72.551,0.920
14.164172,545.789,72.730,0.926
14.175782,549.277,72.840,0.929
14.187392,551.781,72.919,0.933
14.199002,553.681,72.979,0.931
14.210612,554.608,73.008,0.927
14.222222,554.692,73.010,0.925
14.233832,554.315,72.998,0.920
14.245442,553.327,72.968,0.916
14.257052,551.162,72.900,0.906
14.268662,548.364,72.812,0.900
14.280272,544.366,72.685,0.895
14.291882,539.162,72.519,0.893
14.303492,531.470,72.270,0.897
14.315102,897.638,81.344,0.896
14.326712,884.910,81.096,0.895
14.338322,874.709,80.896,0.892
14.349932,878.453,80.970,0.890
14.361542,429.458,68.580,0.888
14.373152,418.894,68.149,0.884
14.384762,416.850,68.064,0.881
14.396372,138.274,48.960,0.871
14.407982,138.247,48.957,0.861
14.419592,138.312,48.965,0.848
14.431202,138.388,48.975,0.837
14.442812,138.457,48.983,0.827
14.454422,138.469,48.985,0.809
14.466032,138.516,48.991,0.797
14.477642,138.679,49.011,0.798
14.489252,432.200,68.690,0.802
14.500862,436.691,68.869,0.804
14.512472,440.167,69.007,0.812
14.524082,440.842,69.033,0.819
14.535692,440.682,69.027,0.827
14.547302,440.249,69.010,0.844
14.558912,439.399,68.976,0.858
14.570522,437.452,68.899,0.864
14.582132,433.656,68.749,0.871
14.593741,430.612,68.627,0.876
14.605351,427.790,68.513,0.874
14.616961,424.665,68.386,0.870
14.628571,422.288,68.289,0.867
14.640181,419.611,68.179,0.862
14.651791,417.891,68.107,0.857
14.663401,416.368,68.044,0.849
14.675011,415.642,68.014,0.838
14.686621,415.553,68.010,0.834
14.698231,415.505,68.008,0.838
14.709841,415.433,68.005,0.846
14.721451,415.493,68.008,0.852
14.733061,415.590,68.012,0.858
14.744671,415.740,68.018,0.857
14.756281,415.776,68.020,0.856
14.767891,415.754,68.019,0.850
14.779501,415.688,68.016,0.846
14.791111,415.584,68.012,0.842
14.802721,415.746,68.018,0.839
14.814331,415.608,68.013,0.834
14.825941,415.553,68.010,0.831
14.837551,415.318,68.001,0.829
14.849161,415.207,67.996,0.829
14.860771,415.260,67.998,0.833
14.872381,415.120,67.992,0.838
14.883991,415.106,67.992,0.842
14.895601,414.983,67.987,0.842
14.907211,414.608,67.971,0.842
14.918821,413.810,67.938,0.843
14.930431,412.483,67.882,0.848
14.942041,409.910,67.774,0.855
14.953651,405.851,67.601,0.870
14.965261,402.072,67.439,0.876
14.976871,397.799,67.254,0.877
14.988481,393.899,67.084,0.876
15.000091,390.291,66.925,0.876
15.011701,386.277,66.746,0.873
15.023311,382.873,66.592,0.870
15.034921,379.977,66.461,0.864
15.046531,377.976,66.370,0.848
15.058141,92.244,41.952,0.840
15.069751,92.155,41.936,0.833
15.081361,92.194,41.943,0.821
15.092971,92.267,41.957,0.805
15.104580,92.377,41.977,0.789
15.116190,92.423,41.986,0.770
15.127800,92.295,41.962,0.746
15.139410,92.109,41.927,0.716
15.151020,828.343,79.953,0.672
15.162630,412.230,67.871,0.635
15.174240,413.439,67.922,0.624
15.185850,413.529,67.926,0.625
15.197460,413.816,67.938,0.618
15.209070,413.745,67.935,0.608
15.220680,414.454,67.965,0.594
15.232290,413.980,67.945,0.579
15.243900,414.056,67.948,0.562
15.255510,414.207,67.954,0.530
15.267120,412.918,67.900,0.512
15.278730,413.003,67.904,0.487
15.290340,413.306,67.916,0.476
15.301950,410.365,67.793,0.463
15.313560,408.994,67.735,0.458
15.325170,408.235,67.703,0.452
15.336780,184.585,53.961,0.459
15.348390,82.658,40.053,0.471
15.360000,104.345,44.086,0.480
15.371610,82.925,40.108,0.485
15.383220,82.864,40.096,0.489
15.394830,103.996,44.028,0.485
15.406440,82.814,40.085,0.480
15.418050,412.183,67.869,0.479
15.429660,412.584,67.886,0.480
15.441270,413.295,67.916,0.479
15.452880,137.769,48.897,0.481
15.464490,137.742,48.894,0.485
15.476100,137.785,48.899,0.497
15.487710,137.967,48.922,0.506
15.499320,138.050,48.932,0.509
15.510930,138.225,48.954,0.520
15.522540,138.095,48.938,0.531
15.534150,138.107,48.939,0.538
15.545760,137.926,48.917,0.540
15.557370,137.892,48.912,0.545
15.568980,137.881,48.911,0.551
15.580590,278.158,61.061,0.556
15.592200,853.639,80.473,0.570
15.603810,849.906,80.398,0.572
15.615420,845.895,80.316,0.572
15.627029,843.421,80.265,0.571
15.638639,840.325,80.201,0.567
15.650249,838.970,80.173,0.566
15.661859,835.804,80.108,0.556
15.673469,828.703,79.960,0.544
15.685079,831.123,80.011,0.521
15.696689,832.769,80.045,0.499
15.708299,796.313,79.270,0.555
15.719909,777.759,78.862,0.626
15.731519,770.201,78.693,0.643
15.743129,761.638,78.499,0.672
15.754739,758.468,78.427,0.688
15.766349,755.260,78.354,0.697
15.777959,755.783,78.366,0.709
15.789569,747.246,78.169,0.717
15.801179,734.934,77.881,0.714
15.812789,712.443,77.343,0.686
15.824399,563.732,73.290,0.694
15.836009,549.443,72.846,0.696
15.847619,551.309,72.904,0.729
15.859229,559.192,73.150,0.763
15.870839,630.621,75.231,0.807
15.882449,319.773,63.475,0.833
15.894059,322.961,63.646,0.847
15.905669,324.532,63.730,0.862
15.917279,326.287,63.824,0.871
15.928889,326.917,63.857,0.878
15.940499,327.644,63.896,0.878
15.952109,328.708,63.952,0.877
15.963719,329.933,64.016,0.866
15.975329,332.231,64.136,0.861
15.986939,335.379,64.299,0.863
15.998549,340.822,64.578,0.870
16.010159,348.218,64.950,0.875
16.021769,358.715,65.464,0.882
16.033379,364.140,65.724,0.890
16.044989,367.531,65.884,0.893
16.056599,369.197,65.963,0.894
16.068209,370.593,66.028,0.893
16.079819,371.060,66.050,0.890
16.091429,371.012,66.048,0.882
16.103039,370.725,66.034,0.871
16.114649,369.855,65.993,0.851
16.126259,369.615,65.982,0.823
16.137868,370.078,66.004,0.795
16.149478,370.966,66.045,0.763
16.161088,371.696,66.079,0.727
16.172698,372.068,66.097,0.680
16.184308,371.156,66.054,0.616
16.195918,367.021,65.860,0.570
16.207528,183.931,53.900,0.557
16.219138,370.172,66.008,0.654
16.230748,368.612,65.935,0.718
16.242358,366.798,65.850,0.737
16.253968,367.154,65.867,0.748
16.265578,367.234,65.870,0.757
16.277188,361.908,65.617,0.764
16.288798,361.355,65.591,0.763
16.300408,361.022,65.575,0.767
16.312018,359.860,65.519,0.740
16.323628,123.123,46.951,0.690
16.335238,123.167,46.957,0.664
16.346848,123.210,46.963,0.641
16.358458,123.204,46.963,0.616
16.370068,122.674,46.888,0.588
16.381678,123.216,46.964,0.577
16.393288,123.295,46.975,0.547
16.404898,377.830,66.363,0.621
16.416508,375.109,66.238,0.713
16.428118,373.082,66.144,0.761
16.439728,372.454,66.115,0.803
16.451338,372.204,66.103,0.837
16.462948,371.821,66.085,0.860
16.474558,371.595,66.075,0.878
16.486168,371.186,66.056,0.894
16.497778,370.582,66.027,0.902
16.509388,370.403,66.019,0.901
16.520998,370.497,66.024,0.901
16.532608,370.263,66.013,0.899
16.544218,369.931,65.997,0.892
16.555828,369.805,65.991,0.888
16.567438,369.760,65.989,0.887
16.579048,369.549,65.979,0.884
16.590658,369.452,65.975,0.880
16.602268,369.474,65.976,0.880
16.613878,369.538,65.979,0.881
16.625488,369.731,65.988,0.879
16.637098,369.800,65.991,0.879
16.648707,369.910,65.996,0.880
16.660317,369.965,65.999,0.878
16.671927,370.219,66.011,0.876
16.683537,370.403,66.019,0.878
16.695147,370.907,66.043,0.874
16.706757,372.092,66.098,0.872
16.718367,374.091,66.191,0.873
16.729977,376.216,66.289,0.866
16.741587,380.266,66.474,0.865
16.753197,385.357,66.704,0.863
16.764807,391.245,66.967,0.862
16.776417,397.342,67.235,0.860
16.788027,402.811,67.471,0.861
16.799637,407.895,67.688,0.858
16.811247,411.513,67.841,0.852
16.822857,412.607,67.887,0.860
16.834467,412.784,67.895,0.867
16.846077,411.148,67.826,0.874
16.857687,407.677,67.679,0.886
16.869297,403.187,67.487,0.899
16.880907,397.554,67.244,0.909
16.892517,391.617,66.983,0.917
16.904127,385.959,66.731,0.922
16.915737,380.377,66.479,0.925
16.927347,375.510,66.256,0.924
16.938957,372.026,66.095,0.921
16.950567,369.810,65.991,0.915
16.962177,368.701,65.939,0.908
16.973787,368.338,65.922,0.901
16.985397,367.489,65.882,0.900
16.997007,366.261,65.824,0.896
17.008617,363.067,65.673,0.897
17.020227,359.190,65.487,0.896
17.031837,354.528,65.261,0.897
17.043447,346.833,64.881,0.902
17.055057,341.243,64.600,0.903
17.066667,336.041,64.334,0.904
17.078277,331.342,64.090,0.897
17.089887,330.337,64.037,0.896
17.101497,329.570,63.997,0.889
17.113107,329.325,63.984,0.888
17.124717,328.942,63.964,0.886
17.136327,328.071,63.918,0.875
17.147937,327.258,63.875,0.868
17.159546,325.369,63.775,0.856
17.171156,323.360,63.668,0.849
17.182766,321.504,63.568,0.841
17.194376,318.189,63.389,0.835
17.205986,310.155,62.946,0.827
17.217596,289.809,61.771,0.817
17.229206,281.998,61.298,0.815
17.240816,92.934,42.081,0.815
17.252426,92.788,42.054,0.820
17.264036,92.695,42.037,0.826
17.275646,92.684,42.035,0.831
17.287256,92.633,42.025,0.837
17.298866,92.572,42.014,0.838
17.310476,92.497,42.000,0.841
17.322086,92.437,41.988,0.841
17.333696,92.378,41.977,0.838
17.345306,92.361,41.974,0.837
17.356916,92.382,41.978,0.837
17.368526,92.438,41.989,0.834
17.380136,92.465,41.994,0.832
17.391746,92.509,42.002,0.830
17.403356,92.624,42.023,0.831
17.414966,92.662,42.030,0.833
17.426576,92.658,42.030,0.833
17.438186,92.662,42.030,0.834
17.449796,92.571,42.014,0.834
17.461406,92.577,42.015,0.838
17.473016,92.507,42.002,0.840
17.484626,92.377,41.977,0.841
17.496236,92.333,41.969,0.840
17.507846,92.295,41.962,0.839
17.519456,92.379,41.978,0.842
17.531066,92.391,41.980,0.841
17.542676,92.458,41.992,0.838
17.554286,92.549,42.009,0.835
17.565896,92.571,42.013,0.832
17.577506,92.490,41.998,0.833
17.589116,92.400,41.981,0.829
17.600726,276.702,60.970,0.826
17.612336,276.457,60.955,0.819
17.623946,276.377,60.950,0.815
17.635556,276.003,60.926,0.810
17.647166,91.954,41.898,0.805
17.658776,92.019,41.910,0.797
17.670385,92.162,41.937,0.790
17.681995,92.364,41.975,0.788
17.693605,92.498,42.000,0.786
17.705215,92.570,42.013,0.788
17.716825,138.311,48.965,0.791
17.728435,92.829,42.062,0.794
17.740045,92.766,42.050,0.798
17.751655,92.748,42.047,0.802
17.763265,92.699,42.038,0.803
17.774875,92.691,42.036,0.804
17.786485,92.709,42.039,0.798
17.798095,92.578,42.015,0.793
17.809705,92.644,42.027,0.786
17.821315,92.609,42.021,0.781
17.832925,92.608,42.020,0.775
17.844535,92.655,42.029,0.769
17.856145,92.636,42.026,0.763
17.867755,279.688,61.156,0.756
17.879365,279.051,61.116,0.755
17.890975,278.265,61.067,0.750
17.902585,277.865,61.043,0.748
17.914195,277.988,61.050,0.744
17.925805,277.650,61.029,0.740
17.937415,277.637,61.028,0.736
17.949025,277.777,61.037,0.735
17.960635,277.580,61.025,0.739
17.972245,277.621,61.027,0.740
17.983855,277.695,61.032,0.742
17.995465,278.149,61.060,0.738
18.007075,278.349,61.073,0.728
18.018685,278.871,61.105,0.722
18.030295,278.704,61.095,0.718
18.041905,278.670,61.093,0.711
18.053515,278.974,61.112,0.698
18.065125,278.741,61.097,0.685
18.076735,278.821,61.102,0.673
18.088345,279.160,61.123,0.665
18.099955,278.869,61.105,0.662
18.111565,278.814,61.102,0.658
18.123175,92.175,41.939,0.647
18.134785,92.208,41.946,0.633
18.146395,92.390,41.980,0.620
18.158005,279.231,61.127,0.608
18.169615,279.458,61.142,0.599
18.181224,92.041,41.914,0.581
18.192834,92.171,41.939,0.562
18.204444,92.523,42.005,0.540
18.216054,92.464,41.993,0.524
18.227664,92.241,41.952,0.520
18.239274,92.260,41.955,0.508
18.250884,92.395,41.981,0.488
18.262494,92.208,41.945,0.467
18.274104,92.176,41.940,0.448
18.285714,92.301,41.963,0.439
18.297324,92.360,41.974,0.432
18.308934,92.496,42.000,0.427
18.320544,92.675,42.033,0.422
18.332154,92.913,42.077,0.432
18.343764,93.136,42.119,0.437
18.355374,93.134,42.119,0.438
18.366984,93.216,42.134,0.435
18.378594,93.338,42.156,0.437
18.390204,93.442,42.176,0.440
18.401814,93.362,42.161,0.444
18.413424,93.184,42.128,0.449
18.425034,93.179,42.127,0.452
18.436644,93.151,42.122,0.459
18.448254,93.015,42.096,0.465
18.459864,93.004,42.094,0.473
18.471474,92.950,42.084,0.478
18.483084,92.965,42.087,0.491
18.494694,93.728,42.229,0.501
18.506304,93.745,42.232,0.511
18.517914,93.117,42.115,0.515
18.529524,93.212,42.133,0.524
18.541134,93.122,42.116,0.536
18.552744,93.158,42.123,0.548
18.564354,93.113,42.115,0.556
18.575964,93.084,42.109,0.555
18.587574,93.009,42.095,0.552
18.599184,93.022,42.098,0.546
18.610794,92.972,42.088,0.543
18.622404,92.974,42.089,0.534
18.634014,92.852,42.066,0.520
18.645624,92.869,42.069,0.501
18.657234,92.741,42.045,0.483
18.668844,93.080,42.108,0.472
18.680454,93.129,42.118,0.462
18.692063,92.874,42.070,0.475
18.703673,93.334,42.156,0.513
18.715283,283.961,61.418,0.542
18.726893,281.969,61.296,0.561
18.738503,281.064,61.241,0.567
18.750113,277.442,61.016,0.600
18.761723,273.939,60.796,0.645
18.773333,266.944,60.348,0.670
18.784943,254.055,59.492,0.691
18.796553,250.973,59.280,0.709
18.808163,249.629,59.187,0.721
18.819773,248.846,59.133,0.735
18.831383,248.567,59.114,0.753
18.842993,247.631,59.048,0.761
18.854603,247.315,59.026,0.765
18.866213,247.149,59.015,0.775
18.877823,246.884,58.996,0.779
18.889433,246.710,58.984,0.784
18.901043,246.753,58.987,0.789
18.912653,246.921,58.999,0.791
18.924263,246.932,58.999,0.791
18.935873,247.123,59.013,0.794
18.947483,247.310,59.026,0.793
18.959093,247.498,59.039,0.791
18.970703,247.603,59.046,0.787
18.982313,247.523,59.041,0.781
18.993923,247.545,59.042,0.776
19.005533,247.680,59.052,0.772
19.017143,248.062,59.078,0.768
19.028753,248.981,59.142,0.766
19.040363,251.699,59.330,0.767
19.051973,258.824,59.814,0.767
19.063583,272.013,60.674,0.771
19.075193,276.098,60.932,0.778
19.086803,276.914,60.983,0.781
19.098413,277.479,61.018,0.784
19.110023,277.601,61.026,0.786
19.121633,277.520,61.021,0.788
19.133243,277.390,61.013,0.790
19.144853,276.769,60.974,0.793
19.156463,276.287,60.944,0.796
19.168073,276.412,60.952,0.797
19.179683,277.181,61.000,0.803
19.191293,277.527,61.021,0.808
19.202902,278.037,61.053,0.806
19.214512,278.180,61.062,0.803
19.226122,278.111,61.058,0.797
19.237732,278.069,61.055,0.788
19.249342,278.001,61.051,0.776
19.260952,277.665,61.030,0.760
19.272562,277.275,61.006,0.739
19.284172,277.029,60.990,0.718
19.295782,276.671,60.968,0.701
19.307392,276.621,60.965,0.677
19.319002,277.128,60.997,0.654
19.330612,277.709,61.033,0.632
19.342222,278.149,61.060,0.615
19.353832,278.765,61.099,0.595
19.365442,279.077,61.118,0.572
19.377052,279.337,61.134,0.556
19.388662,277.989,61.050,0.569
19.400272,278.600,61.088,0.591
19.411882,278.730,61.096,0.598
19.423492,279.799,61.163,0.617
19.435102,282.865,61.351,0.638
19.446712,285.166,61.492,0.656
19.458322,288.100,61.669,0.695
19.469932,296.904,62.190,0.728
19.481542,305.611,62.690,0.751
19.493152,308.516,62.854,0.763
19.504762,309.402,62.904,0.781
19.516372,309.845,62.929,0.790
19.527982,310.136,62.945,0.793
19.539592,310.175,62.947,0.798
19.551202,310.650,62.973,0.791
19.562812,311.326,63.011,0.782
19.574422,311.998,63.048,0.775
19.586032,313.713,63.143,0.770
19.597642,318.090,63.383,0.757
19.609252,322.082,63.599,0.753
19.620862,325.119,63.762,0.758
19.632472,327.437,63.885,0.763
19.644082,328.424,63.937,0.772
19.655692,329.178,63.976,0.779
19.667302,329.687,64.003,0.784
19.678912,329.920,64.015,0.790
19.690522,329.868,64.013,0.798
19.702132,329.753,64.007,0.803
19.713741,329.686,64.003,0.803
19.725351,329.578,63.997,0.802
19.736961,329.508,63.994,0.797
19.748571,329.311,63.983,0.791
19.760181,329.049,63.970,0.783
19.771791,328.823,63.958,0.775
19.783401,328.771,63.955,0.763
19.795011,328.770,63.955,0.749
19.806621,328.864,63.960,0.740
19.818231,328.915,63.963,0.729
19.829841,328.900,63.962,0.723
19.841451,329.553,63.996,0.717
19.853061,330.203,64.030,0.710
19.864671,330.800,64.061,0.703
19.876281,331.070,64.076,0.694
19.887891,331.393,64.092,0.686
19.899501,331.299,64.088,0.670
19.911111,332.287,64.139,0.653
19.922721,332.733,64.162,0.628
19.934331,331.498,64.098,0.594
19.945941,329.668,64.002,0.559
19.957551,327.692,63.898,0.521
19.969161,327.670,63.897,0.487
19.980771,326.095,63.813,0.455
19.992381,327.757,63.901,0.436
20.003991,326.983,63.861,0.420
20.015601,326.566,63.838,0.400
20.027211,327.126,63.868,0.384
20.038821,325.594,63.787,0.384
20.050431,325.449,63.779,0.376
20.062041,325.268,63.770,0.373
20.073651,164.301,51.946,0.470
20.085261,595.724,74.246,0.573
20.096871,360.443,65.547,0.655
20.108481,363.463,65.692,0.741
20.120091,365.513,65.789,0.789
20.131701,366.857,65.853,0.823
20.143311,367.950,65.904,0.849
20.154921,368.319,65.921,0.867
20.166531,368.312,65.921,0.878
20.178141,368.516,65.931,0.885
20.189751,368.829,65.945,0.888
20.201361,369.902,65.996,0.881
20.212971,371.997,66.093,0.875
20.224580,374.858,66.226,0.871
20.236190,378.408,66.389,0.869
20.247800,385.011,66.689,0.872
20.259410,395.457,67.152,0.879
20.271020,403.232,67.489,0.883
20.282630,409.327,67.749,0.886
20.294240,412.667,67.890,0.891
20.305850,414.194,67.954,0.893
20.317460,415.140,67.993,0.894
20.329070,415.279,67.999,0.895
20.340680,415.272,67.999,0.895
20.352290,415.249,67.998,0.895
20.363900,415.365,68.003,0.895
20.375510,415.571,68.011,0.896
20.387120,415.606,68.013,0.896
20.398730,415.079,67.991,0.893
20.410340,413.911,67.942,0.897
20.421950,412.219,67.871,0.898
20.433560,405.038,67.567,0.899
20.445170,397.384,67.236,0.898
20.456780,389.214,66.877,0.898
20.468390,381.859,66.546,0.899
20.480000,376.496,66.302,0.897
20.491610,374.981,66.232,0.898
20.503220,373.750,66.175,0.892
20.514830,373.115,66.145,0.888
20.526440,373.355,66.157,0.882
20.538050,374.346,66.202,0.880
20.549660,376.335,66.294,0.875
20.561270,384.562,66.669,0.871
20.572880,391.606,66.983,0.867
20.584490,398.393,67.280,0.865
20.596100,403.000,67.479,0.866
20.607710,413.349,67.918,0.867
20.619320,414.509,67.967,0.868
20.630930,415.106,67.992,0.864
20.642540,415.457,68.006,0.860
20.654150,415.326,68.001,0.853
20.665760,415.054,67.990,0.846
20.677370,414.784,67.978,0.835
20.688980,414.670,67.974,0.821
20.700590,414.826,67.980,0.806
20.712200,414.954,67.985,0.793
20.723810,414.967,67.986,0.779
20.735420,414.759,67.977,0.769
20.747029,414.124,67.951,0.771
20.758639,413.301,67.916,0.784
20.770249,402.214,67.446,0.806
20.781859,399.311,67.320,0.828
20.793469,382.462,66.574,0.843
20.805079,765.222,78.581,0.853
20.816689,374.915,66.229,0.862
20.828299,372.832,66.132,0.873
20.839909,371.007,66.047,0.877
20.851519,370.131,66.006,0.879
20.863129,369.237,65.965,0.874
20.874739,368.699,65.939,0.869
20.886349,368.091,65.911,0.865
20.897959,367.086,65.863,0.868
20.909569,365.912,65.808,0.867
20.921179,356.419,65.353,0.864
20.932789,353.396,65.205,0.863
20.944399,338.301,64.450,0.863
20.956009,330.669,64.055,0.863
20.967619,329.681,64.003,0.859
20.979229,164.393,51.956,0.854
20.990839,328.717,63.952,0.846
21.002449,328.724,63.952,0.841
21.014059,328.909,63.962,0.837
21.025669,164.501,51.967,0.836
21.037279,329.121,63.973,0.831
21.048889,164.636,51.981,0.830
21.060499,164.780,51.996,0.838
21.072109,329.167,63.976,0.849
21.083719,328.808,63.957,0.873
21.095329,328.890,63.961,0.878
21.106939,331.180,64.081,0.895
21.118549,332.606,64.156,0.907
21.130159,332.503,64.150,0.924
21.141769,331.717,64.109,0.937
21.153379,331.151,64.080,0.944
21.164989,330.972,64.070,0.948
21.176599,330.978,64.071,0.944
21.188209,330.841,64.064,0.950
21.199819,329.957,64.017,0.946
21.211429,329.409,63.989,0.942
21.223039,328.899,63.962,0.932
21.234649,328.215,63.926,0.927
21.246259,327.338,63.879,0.922
21.257868,326.672,63.844,0.911
21.269478,325.594,63.787,0.899
21.281088,324.131,63.709,0.884
21.292698,322.824,63.639,0.869
21.304308,319.962,63.485,0.853
21.315918,316.811,63.313,0.838
21.327528,327.106,63.867,0.810
21.339138,328.479,63.940,0.787
21.350748,328.810,63.957,0.774
21.362358,329.135,63.974,0.760
21.373968,328.937,63.964,0.751
21.385578,82.253,39.968,0.731
21.397188,329.768,64.007,0.733
21.408798,331.743,64.111,0.774
21.420408,333.707,64.213,0.820
21.432018,333.385,64.196,0.858
21.443628,332.102,64.129,0.886
21.455238,330.585,64.050,0.906
21.466848,330.127,64.026,0.920
21.478458,329.900,64.014,0.930
21.490068,329.593,63.998,0.932
21.501678,329.073,63.971,0.924
21.513288,328.166,63.923,0.905
21.524898,327.601,63.893,0.876
21.536508,327.533,63.890,0.843
21.548118,327.886,63.908,0.817
21.559728,326.212,63.820,0.808
21.571338,316.198,63.280,0.813
21.582948,314.184,63.169,0.839
21.594558,313.485,63.131,0.866
21.606168,313.168,63.113,0.890
21.617778,313.127,63.111,0.909
21.629388,312.720,63.088,0.920
21.640998,312.563,63.080,0.926
21.652608,312.286,63.064,0.921
21.664218,312.255,63.063,0.909
21.675828,312.026,63.050,0.887
21.687438,311.901,63.043,0.860
21.699048,311.827,63.039,0.821
21.710658,311.431,63.017,0.776
21.722268,314.354,63.179,0.755
21.733878,325.432,63.778,0.743
21.745488,329.349,63.985,0.754
21.757098,331.210,64.083,0.780
21.768707,331.457,64.096,0.802
21.780317,330.770,64.060,0.821
21.791927,330.132,64.026,0.836
21.803537,329.831,64.011,0.852
21.815147,329.947,64.017,0.856
21.826757,330.444,64.043,0.851
21.838367,330.632,64.053,0.846
21.849977,330.184,64.029,0.834
21.861587,329.998,64.019,0.815
21.873197,330.927,64.068,0.793
21.884807,332.319,64.141,0.769
21.896417,333.531,64.204,0.735
21.908027,334.142,64.235,0.701
21.919637,333.404,64.197,0.681
21.931247,333.338,64.194,0.663
21.942857,315.245,63.228,0.680
21.954467,315.124,63.221,0.713
21.966077,165.803,52.104,0.734
21.977687,165.764,52.100,0.749
21.989297,165.715,52.094,0.762
22.000907,926.065,81.883,0.766
22.012517,83.788,40.288,0.759
22.024127,83.798,40.290,0.747
22.035737,81.675,39.845,0.729
22.047347,324.877,63.749,0.728
22.058957,223.029,57.237,0.795
22.070567,223.057,57.239,0.833
22.082177,224.471,57.348,0.867
22.093787,223.132,57.245,0.891
22.105397,222.249,57.176,0.915
22.117007,221.918,57.150,0.931
22.128617,221.384,57.109,0.945
22.140227,110.303,45.048,0.953
22.151837,110.104,45.016,0.945
22.163447,109.968,44.995,0.940
22.175057,109.968,44.995,0.930
22.186667,110.078,45.012,0.929
22.198277,110.380,45.060,0.925
22.209887,226.593,57.511,0.928
22.221497,473.075,70.255,0.930
22.233107,482.463,70.595,0.935
22.244717,163.923,51.906,0.941
22.256327,164.263,51.942,0.950
22.267937,164.421,51.959,0.955
22.279546,164.704,51.988,0.956
22.291156,164.793,51.998,0.955
22.302766,164.852,52.004,0.952
22.314376,164.810,52.000,0.950
22.325986,164.694,51.987,0.944
22.337596,164.581,51.976,0.939
22.349206,164.452,51.962,0.932
22.360816,164.183,51.934,0.927
22.372426,488.542,70.812,0.922
22.384036,485.399,70.700,0.918
22.395646,478.098,70.438,0.910
22.407256,463.560,69.903,0.909
22.418866,460.272,69.780,0.909
22.430476,434.477,68.781,0.907
22.442086,418.563,68.135,0.902
22.453696,208.391,56.061,0.899
22.465306,208.110,56.038,0.893
22.476916,82.976,40.119,0.892
22.488526,82.974,40.119,0.895
22.500136,82.970,40.118,0.890
22.511746,82.972,40.118,0.885
22.523356,83.019,40.128,0.883
22.534966,83.083,40.142,0.884
22.546576,83.168,40.159,0.883
22.558186,83.211,40.168,0.886
22.569796,83.220,40.170,0.886
22.581406,83.214,40.169,0.886
22.593016,83.199,40.166,0.887
22.604626,83.178,40.161,0.888
22.616236,83.166,40.159,0.889
22.627846,83.154,40.156,0.886
22.639456,83.144,40.154,0.881
22.651066,83.134,40.152,0.876
22.662676,83.136,40.152,0.869
22.674286,83.138,40.153,0.859
22.685896,83.136,40.152,0.854
22.697506,83.125,40.150,0.845
22.709116,83.112,40.147,0.843
22.720726,83.094,40.144,0.840
22.732336,83.078,40.140,0.844
22.743946,83.086,40.142,0.849
22.755556,83.074,40.140,0.853
22.767166,83.009,40.126,0.860
22.778776,82.984,40.121,0.865
22.790385,82.977,40.119,0.871
22.801995,82.982,40.120,0.870
22.813605,83.014,40.127,0.872
22.825215,82.998,40.124,0.873
22.836825,82.997,40.124,0.866
22.848435,83.022,40.129,0.871
22.860045,207.983,56.028,0.874
22.871655,83.069,40.139,0.871
22.883265,207.890,56.020,0.872
22.894875,82.992,40.123,0.875
22.906485,82.958,40.115,0.874
22.918095,82.912,40.106,0.873
22.929705,82.918,40.107,0.873
22.941315,82.784,40.079,0.863
22.952925,82.699,40.061,0.851
22.964535,82.668,40.055,0.845
22.976145,82.477,40.015,0.832
22.987755,221.657,57.130,0.814
22.999365,222.979,57.233,0.801
23.010975,163.385,51.849,0.776
23.022585,163.905,51.904,0.760
23.034195,164.147,51.930,0.744
23.045805,164.288,51.945,0.730
23.057415,164.959,52.015,0.717
23.069025,165.088,52.029,0.703
23.080635,165.146,52.035,0.704
23.092245,165.218,52.042,0.709
23.103855,165.186,52.039,0.718
23.115465,165.106,52.031,0.722
23.127075,82.621,40.045,0.728
23.138685,82.662,40.054,0.733
23.150295,82.727,40.067,0.731
23.161905,82.767,40.076,0.728
23.173515,82.775,40.077,0.719
23.185125,82.798,40.082,0.704
23.196735,82.821,40.087,0.689
23.208345,82.832,40.089,0.678
23.219955,82.783,40.079,0.660
23.231565,82.753,40.073,0.633
23.243175,82.747,40.071,0.610
23.254785,82.791,40.081,0.585
23.266395,82.815,40.085,0.571
23.278005,82.871,40.097,0.557
23.289615,82.938,40.111,0.548
23.301224,82.967,40.117,0.541
23.312834,82.928,40.109,0.614
23.324444,314.438,63.183,0.755
23.336054,314.821,63.204,0.819
23.347664,314.286,63.175,0.865
23.359274,313.628,63.139,0.886
23.370884,312.560,63.080,0.905
23.382494,312.041,63.051,0.920
23.394104,311.659,63.030,0.932
23.405714,311.368,63.013,0.938
23.417324,310.740,62.978,0.929
23.428934,310.038,62.939,0.923
23.440544,309.657,62.918,0.912
23.452154,310.511,62.966,0.909
23.463764,312.044,63.051,0.902
23.475374,317.349,63.343,0.897
23.486984,320.483,63.513,0.894
23.498594,325.843,63.800,0.891
23.510204,327.943,63.911,0.889
23.521814,328.819,63.957,0.882
23.533424,329.488,63.993,0.877
23.545034,330.118,64.026,0.874
23.556644,330.391,64.040,0.874
23.568254,330.447,64.043,0.870
23.579864,330.215,64.031,0.866
23.591474,330.116,64.026,0.859
23.603084,330.193,64.030,0.848
23.614694,330.920,64.068,0.836
23.626304,331.864,64.117,0.824
23.637914,332.308,64.140,0.811
23.649524,332.044,64.126,0.805
23.661134,330.864,64.065,0.800
23.672744,331.514,64.099,0.798
23.684354,331.438,64.095,0.807
23.695964,331.046,64.074,0.818
23.707574,330.929,64.068,0.829
23.719184,330.381,64.040,0.831
23.730794,329.879,64.013,0.822
23.742404,328.758,63.954,0.812
23.754014,326.451,63.832,0.797
23.765624,324.929,63.751,0.779
23.777234,324.323,63.719,0.763
23.788844,324.392,63.723,0.728
23.800454,323.431,63.671,0.704
23.812063,315.293,63.230,0.733
23.823673,313.272,63.119,0.770
23.835283,312.380,63.070,0.786
23.846893,311.636,63.028,0.808
23.858503,311.012,62.994,0.826
23.870113,310.841,62.984,0.833
23.881723,311.213,63.005,0.845
23.893333,311.673,63.030,0.850
23.904943,312.063,63.052,0.840
23.916553,312.512,63.077,0.827
23.928163,318.019,63.379,0.819
23.939773,317.881,63.372,0.807
23.951383,318.821,63.423,0.807
23.962993,331.993,64.124,0.825
23.974603,333.718,64.213,0.837
23.986213,333.543,64.204,0.851
23.997823,333.220,64.188,0.850
24.009433,332.455,64.148,0.852
24.021043,331.782,64.113,0.853
24.032653,331.939,64.121,0.849
24.044263,332.665,64.159,0.835
24.055873,326.053,63.811,0.808
24.067483,324.448,63.726,0.776
24.079093,314.504,63.187,0.725
24.090703,314.178,63.169,0.713
24.102313,324.697,63.739,0.698
24.113923,324.667,63.737,0.688
24.125533,325.158,63.764,0.685
24.137143,325.126,63.762,0.676
24.148753,314.291,63.175,0.725
24.160363,313.519,63.133,0.779
24.171973,313.821,63.149,0.822
24.183583,315.447,63.239,0.854
24.195193,315.229,63.227,0.879
24.206803,314.277,63.174,0.902
24.218413,313.609,63.138,0.921
24.230023,312.667,63.085,0.933
24.241633,312.100,63.054,0.935
24.253243,311.616,63.027,0.930
24.264853,310.840,62.984,0.923
24.276463,310.302,62.954,0.915
24.288073,310.078,62.942,0.907
24.299683,310.105,62.943,0.899
24.311293,310.635,62.973,0.891
24.322902,311.363,63.013,0.891
24.334512,311.976,63.047,0.890
24.346122,312.294,63.065,0.890
24.357732,312.131,63.056,0.891
24.369342,311.812,63.038,0.892
24.380952,311.483,63.020,0.891
24.392562,311.237,63.006,0.891
24.404172,311.128,63.000,0.888
24.415782,311.022,62.994,0.885
24.427392,311.053,62.996,0.882
24.439002,311.105,62.999,0.881
24.450612,311.217,63.005,0.880
24.462222,311.300,63.010,0.877
24.473832,311.254,63.007,0.875
24.485442,311.173,63.003,0.869
24.497052,311.116,62.999,0.862
24.508662,310.954,62.990,0.851
24.520272,310.754,62.979,0.837
24.531882,310.613,62.971,0.819
24.543492,310.548,62.968,0.791
24.555102,310.602,62.971,0.761
24.566712,310.625,62.972,0.726
24.578322,310.855,62.985,0.690
24.589932,311.245,63.007,0.655
24.601542,311.865,63.041,0.620
24.613152,213.680,56.495,0.656
24.624762,440.507,69.020,0.786
24.636372,442.337,69.092,0.841
24.647982,443.022,69.119,0.879
24.659592,443.013,69.118,0.906
24.671202,442.228,69.087,0.928
24.682812,441.459,69.057,0.947
24.694422,440.766,69.030,0.961
24.706032,440.621,69.024,0.969
24.717642,440.487,69.019,0.965
24.729252,440.301,69.012,0.959
24.740862,440.677,69.027,0.955
24.752472,441.643,69.065,0.951
24.764082,444.188,69.164,0.943
24.775692,451.894,69.462,0.936
24.787302,458.927,69.729,0.932
24.798912,468.725,70.095,0.930
24.810522,477.720,70.424,0.927
24.822132,486.599,70.743,0.928
24.833741,490.270,70.873,0.929
24.845351,492.333,70.946,0.929
24.856961,493.758,70.996,0.933
24.868571,494.488,71.021,0.935
24.880181,494.641,71.027,0.937
24.891791,494.457,71.020,0.937
24.903401,494.405,71.018,0.935
24.915011,494.069,71.007,0.932
24.926621,493.195,70.976,0.929
24.938231,490.370,70.876,0.931
24.949841,483.452,70.630,0.939
24.961451,472.307,70.227,0.943
24.973061,465.474,69.974,0.942
24.984671,451.075,69.430,0.947
24.996281,435.884,68.837,0.951
25.007891,849.085,80.381,0.956
25.019501,409.466,67.755,0.958
25.031111,397.759,67.253,0.957
25.042721,386.778,66.768,0.949
25.054331,380.405,66.480,0.945
25.065941,375.909,66.275,0.945
25.077551,373.384,66.158,0.940
25.089161,371.954,66.091,0.935
25.100771,370.936,66.044,0.929
25.112381,370.414,66.020,0.925
25.123991,370.052,66.003,0.922
25.135601,370.137,66.007,0.918
25.147211,370.426,66.020,0.915
25.158821,370.359,66.017,0.911
25.170431,370.527,66.025,0.905
25.182041,370.537,66.025,0.903
25.193651,370.797,66.038,0.901
25.205261,371.104,66.052,0.897
25.216871,371.183,66.056,0.892
25.228481,370.877,66.041,0.889
25.240091,370.465,66.022,0.884
25.251701,370.243,66.012,0.879
25.263311,370.345,66.016,0.877
25.274921,370.318,66.015,0.874
25.286531,370.688,66.032,0.873
25.298141,370.802,66.038,0.870
25.309751,371.096,66.051,0.871
25.321361,371.275,66.060,0.872
25.332971,371.032,66.048,0.872
25.344580,370.957,66.045,0.875
25.356190,370.577,66.027,0.876
25.367800,370.661,66.031,0.874
25.379410,370.461,66.022,0.874
25.391020,370.574,66.027,0.876
25.402630,370.503,66.024,0.873
25.414240,370.476,66.022,0.869
25.425850,370.686,66.032,0.865
25.437460,370.761,66.036,0.859
25.449070,370.620,66.029,0.854
25.460680,123.543,47.010,0.852
25.472290,123.478,47.001,0.847
25.483900,123.456,46.998,0.839
25.495510,123.416,46.992,0.835
25.507120,123.359,46.984,0.833
25.518730,123.344,46.982,0.830
25.530340,123.307,46.977,0.827
25.541950,123.297,46.976,0.826
25.553560,123.276,46.973,0.820
25.565170,123.261,46.971,0.816
25.576780,123.238,46.967,0.817
25.588390,123.263,46.971,0.816
25.600000,123.326,46.980,0.810
25.611610,123.318,46.979,0.803
25.623220,123.299,46.976,0.795
25.634830,123.280,46.973,0.780
25.646440,123.383,46.988,0.773
25.658050,123.618,47.021,0.764
25.669660,380.217,66.472,0.743
25.681270,378.755,66.405,0.722
25.692880,376.749,66.313,0.706
25.704490,374.933,66.230,0.693
25.716100,373.126,66.146,0.683
25.727710,123.953,47.067,0.677
25.739320,123.733,47.037,0.655
25.750930,123.695,47.031,0.630
25.762540,123.713,47.034,0.617
25.774150,123.708,47.033,0.602
25.785760,123.778,47.043,0.585
25.797370,123.769,47.042,0.569
25.808980,123.798,47.046,0.560
25.820590,123.740,47.038,0.548
25.832200,123.773,47.042,0.539
25.843810,123.754,47.040,0.540
25.855420,123.656,47.026,0.537
25.867029,804.692,79.451,0.638
25.878639,817.199,79.718,0.714
25.890249,817.159,79.717,0.792
25.901859,811.345,79.594,0.833
25.913469,810.166,79.569,0.871
25.925079,310.575,62.969,0.892
25.936689,311.288,63.009,0.912
25.948299,311.479,63.020,0.929
25.959909,311.312,63.010,0.939
25.971519,309.832,62.928,0.949
25.983129,309.675,62.919,0.942
25.994739,310.908,62.988,0.941
26.006349,311.340,63.012,0.935
26.017959,311.797,63.037,0.932
26.029569,312.800,63.093,0.929
26.041179,315.554,63.245,0.928
26.052789,319.643,63.467,0.925
26.064399,324.499,63.729,0.918
26.076009,327.540,63.890,0.921
26.087619,329.613,63.999,0.919
26.099229,330.582,64.050,0.919
26.110839,330.747,64.059,0.922
26.122449,330.429,64.042,0.922
26.134059,330.112,64.025,0.921
26.145669,329.486,63.993,0.913
26.157279,329.121,63.973,0.899
26.168889,328.830,63.958,0.882
26.180499,328.845,63.959,0.866
26.192109,328.898,63.962,0.849
26.203719,329.430,63.990,0.824
26.215329,325.731,63.794,0.792
26.226939,324.702,63.739,0.754
26.238549,338.913,64.481,0.716
26.250159,339.017,64.486,0.719
26.261769,338.678,64.469,0.750
26.273379,336.758,64.370,0.776
26.284989,334.898,64.275,0.821
26.296599,332.830,64.167,0.869
26.308209,330.499,64.046,0.895
26.319819,329.737,64.006,0.909
26.331429,328.850,63.959,0.921
26.343039,328.162,63.923,0.929
26.354649,327.307,63.878,0.931
26.366259,326.597,63.840,0.930
26.377868,326.173,63.818,0.921
26.389478,326.210,63.820,0.903
26.401088,327.191,63.872,0.891
26.412698,328.212,63.926,0.887
26.424308,328.768,63.955,0.884
26.435918,329.164,63.976,0.882
26.447528,329.458,63.991,0.882
26.459138,329.637,64.001,0.883
26.470748,329.725,64.005,0.878
26.482358,329.864,64.012,0.869
26.493968,329.908,64.015,0.858
26.505578,330.083,64.024,0.844
26.517188,330.573,64.050,0.830
26.528798,331.221,64.083,0.812
26.540408,332.012,64.125,0.800
26.552018,332.718,64.162,0.798
26.563628,373.914,66.182,0.800
26.575238,374.977,66.232,0.813
26.586848,374.980,66.232,0.835
26.598458,374.406,66.205,0.856
26.610068,373.515,66.164,0.881
26.621678,372.528,66.118,0.902
26.633288,371.313,66.062,0.916
26.644898,369.547,65.979,0.923
26.656508,368.148,65.913,0.928
26.668118,367.655,65.890,0.931
26.679728,367.444,65.880,0.928
26.691338,367.958,65.904,0.928
26.702948,369.178,65.962,0.927
26.714558,370.366,66.017,0.928
26.726168,371.232,66.058,0.926
26.737778,371.763,66.083,0.927
26.749388,371.818,66.085,0.930
26.760998,371.053,66.049,0.928
26.772608,370.139,66.007,0.927
26.784218,369.721,65.987,0.922
26.795828,369.515,65.978,0.915
26.807438,369.511,65.977,0.900
26.819048,369.476,65.976,0.884
26.830658,369.907,65.996,0.865
26.842268,371.055,66.050,0.842
26.853878,372.281,66.107,0.823
26.865488,373.639,66.170,0.823
26.877098,375.650,66.263,0.834
26.888707,376.545,66.304,0.839
26.900317,376.799,66.316,0.843
26.911927,376.533,66.303,0.852
26.923537,375.924,66.275,0.858
26.935147,375.378,66.250,0.866
26.946757,374.728,66.220,0.874
26.958367,374.009,66.187,0.870
26.969977,372.703,66.126,0.860
26.981587,373.123,66.146,0.855
26.993197,375.060,66.235,0.856
27.004807,378.025,66.372,0.858
27.016417,383.301,66.612,0.858
27.028027,394.026,67.089,0.859
27.039637,399.745,67.339,0.863
27.051247,405.574,67.590,0.866
27.062857,410.030,67.779,0.868
27.074467,413.164,67.911,0.870
27.086077,414.390,67.962,0.872
27.097687,414.856,67.981,0.876
27.109297,415.009,67.988,0.881
27.120907,415.095,67.991,0.884
27.132517,415.306,68.000,0.886
27.144127,415.606,68.013,0.888
27.155737,415.834,68.022,0.890
27.167347,416.041,68.031,0.893
27.178957,416.413,68.046,0.895
27.190567,416.743,68.060,0.896
27.202177,416.874,68.065,0.893
27.213787,416.867,68.065,0.882
27.225397,416.747,68.060,0.867
27.237007,416.485,68.049,0.852
27.248617,416.434,68.047,0.833
27.260227,416.370,68.044,0.808
27.271837,415.122,67.992,0.783
27.283447,413.470,67.923,0.747
27.295057,375.691,66.265,0.704
27.306667,104.145,44.053,0.689
27.318277,104.289,44.077,0.680
27.329887,104.475,44.108,0.666
27.341497,92.243,41.952,0.650
27.353107,184.830,53.984,0.624
27.364717,372.626,66.123,0.580
27.376327,186.618,54.151,0.543
27.387937,373.822,66.178,0.519
27.399546,373.289,66.153,0.518
27.411156,373.037,66.142,0.520
27.422766,185.573,54.054,0.517
27.434376,185.122,54.012,0.516
27.445986,184.977,53.998,0.517
27.457596,184.694,53.972,0.508
27.469206,184.743,53.976,0.491
27.480816,184.933,53.994,0.505
27.492426,365.881,65.806,0.607
27.504036,357.548,65.408,0.682
27.515646,371.085,66.051,0.760
27.527256,372.802,66.131,0.813
27.538866,373.343,66.156,0.850
27.550476,373.095,66.144,0.877
27.562086,372.636,66.123,0.899
27.573696,372.329,66.109,0.915
27.585306,372.282,66.107,0.924
27.596916,372.469,66.115,0.928
27.608526,372.738,66.128,0.922
27.620136,373.011,66.141,0.914
27.631746,373.778,66.176,0.908
27.643356,375.791,66.269,0.902
27.654966,380.127,66.468,0.898
27.666576,388.647,66.851,0.895
27.678186,397.508,67.242,0.893
27.689796,406.602,67.633,0.895
27.701406,412.506,67.883,0.899
27.713016,413.926,67.942,0.903
27.724626,415.032,67.989,0.904
27.736236,415.482,68.007,0.905
27.747846,415.525,68.009,0.907
27.759456,415.230,67.997,0.909
27.771066,414.777,67.978,0.911
27.782676,414.548,67.968,0.912
27.794286,414.354,67.960,0.912
27.805896,414.525,67.967,0.910
27.817506,414.675,67.974,0.905
27.829116,414.596,67.970,0.894
27.840726,414.295,67.958,0.882
27.852336,414.357,67.960,0.864
27.863946,414.407,67.963,0.844
27.875556,413.603,67.929,0.820
27.887166,410.379,67.793,0.798
27.898776,385.784,66.723,0.766
27.910385,379.780,66.452,0.736
27.921995,379.056,66.419,0.720
27.933605,378.346,66.386,0.691
27.945215,188.510,54.326,0.669
27.956825,376.083,66.283,0.637
27.968435,749.851,78.229,0.596
27.980045,83.160,40.157,0.528
27.991655,83.135,40.152,0.450
28.003265,137.605,48.876,0.402
28.014875,209.321,56.139,0.390
28.026485,209.303,56.137,0.396
28.038095,186.639,54.153,0.405
28.049705,186.736,54.162,0.413
28.061315,186.859,54.173,0.421
28.072925,186.820,54.170,0.422
28.084535,186.944,54.181,0.414
28.096145,186.469,54.137,0.439
28.107755,186.254,54.117,0.428
28.119365,792.527,79.187,0.409
28.130975,785.883,79.042,0.394
28.142585,185.267,54.025,0.390
28.154195,406.051,67.610,0.591
28.165805,366.944,65.857,0.707
28.177415,369.362,65.970,0.775
28.189025,369.891,65.995,0.820
28.200635,369.417,65.973,0.851
28.212245,368.736,65.941,0.871
28.223855,368.298,65.920,0.886
28.235465,368.319,65.921,0.900
28.247075,369.319,65.968,0.906
28.258685,370.671,66.032,0.907
28.270295,371.921,66.090,0.908
28.281905,372.632,66.123,0.904
28.293515,376.252,66.290,0.902
28.305125,407.836,67.686,0.906
28.316735,411.082,67.823,0.910
28.328345,412.734,67.893,0.915
28.339955,413.580,67.928,0.919
28.351565,414.734,67.976,0.921
28.363175,415.571,68.011,0.919
28.374785,415.527,68.009,0.922
28.386395,415.207,67.996,0.923
28.398005,414.648,67.973,0.917
28.409615,414.215,67.955,0.907
28.421224,413.565,67.927,0.895
28.432834,413.208,67.912,0.876
28.444444,413.316,67.917,0.851
28.456054,413.221,67.913,0.823
28.467664,412.180,67.869,0.786
28.479274,410.000,67.777,0.744
28.490884,369.799,65.991,0.713
28.502494,373.001,66.140,0.706
28.514104,415.532,68.009,0.688
28.525714,551.489,72.910,0.694
28.537324,551.359,72.906,0.711
28.548934,553.865,72.984,0.722
28.560544,703.837,77.133,0.727
28.572154,82.550,40.030,0.726
28.583764,82.588,40.038,0.721
28.595374,83.809,40.292,0.711
28.606984,83.818,40.294,0.705
28.618594,119.692,46.462,0.703
28.630204,140.560,49.244,0.693
28.641814,83.920,40.315,0.688
28.653424,137.979,48.923,0.686
28.665034,104.001,44.029,0.674
28.676644,339.447,64.508,0.699
28.688254,338.269,64.448,0.720
28.699864,335.602,64.311,0.737
28.711474,333.201,64.187,0.750
28.723084,331.370,64.091,0.760
28.734694,329.998,64.019,0.768
28.746304,329.078,63.971,0.777
28.757914,328.665,63.949,0.790
28.769524,328.339,63.932,0.785
28.781134,328.055,63.917,0.782
28.792744,328.345,63.933,0.783
28.804354,328.677,63.950,0.782
28.815964,329.707,64.004,0.782
28.827574,332.164,64.133,0.769
28.839184,335.592,64.310,0.750
28.850794,336.950,64.380,0.729
28.862404,337.742,64.421,0.709
28.874014,338.695,64.470,0.682
28.885624,339.641,64.518,0.636
28.897234,338.951,64.483,0.578
28.908844,371.128,66.053,0.469
28.920454,374.258,66.198,0.422
28.932063,378.682,66.402,0.416
28.943673,379.364,66.433,0.432
28.955283,409.065,67.738,0.482
28.966893,434.871,68.797,0.611
28.978503,438.396,68.937,0.736
28.990113,374.310,66.201,0.779
29.001723,373.753,66.175,0.819
29.013333,373.424,66.160,0.858
29.024943,372.578,66.120,0.889
29.036553,371.407,66.066,0.914
29.048163,370.152,66.007,0.934
29.059773,368.699,65.939,0.945
29.071383,367.131,65.865,0.946
29.082993,365.803,65.803,0.951
29.094603,364.960,65.763,0.952
29.106213,364.778,65.754,0.952
29.117823,365.249,65.777,0.950
29.129433,366.678,65.844,0.947
29.141043,369.096,65.958,0.947
29.152653,371.268,66.059,0.947
29.164263,372.255,66.105,0.949
29.175873,372.522,66.118,0.953
29.187483,372.294,66.107,0.956
29.199093,371.292,66.061,0.953
29.210703,369.816,65.992,0.953
29.222313,369.009,65.954,0.953
29.233923,368.632,65.936,0.949
29.245533,368.504,65.930,0.944
29.257143,368.563,65.933,0.938
29.268753,368.835,65.946,0.926
29.280363,369.372,65.971,0.912
29.291973,370.183,66.009,0.900
29.303583,371.188,66.056,0.886
29.315193,371.589,66.074,0.870
29.326803,371.104,66.052,0.849
29.338413,370.142,66.007,0.824
29.350023,369.734,65.988,0.798
29.361633,371.986,66.093,0.790
29.373243,375.474,66.255,0.779
29.384853,378.449,66.391,0.774
29.396463,381.653,66.537,0.770
29.408073,381.066,66.510,0.762
29.419683,374.398,66.205,0.774
29.431293,375.009,66.233,0.800
29.442902,374.368,66.203,0.822
29.454512,373.746,66.175,0.835
29.466122,373.488,66.163,0.851
29.477732,372.859,66.133,0.862
29.489342,372.227,66.104,0.875
29.500952,371.538,66.072,0.892
29.512562,370.803,66.038,0.904
29.524172,370.156,66.008,0.910
29.535782,370.247,66.012,0.915
29.547392,370.585,66.028,0.914
29.559002,371.540,66.072,0.915
29.570612,372.441,66.114,0.918
29.582222,373.644,66.170,0.916
29.593832,375.494,66.255,0.912
29.605442,415.430,68.005,0.910
29.617052,416.330,68.043,0.906
29.628662,416.310,68.042,0.902
29.640272,416.437,68.047,0.902
29.651882,416.613,68.054,0.901
29.663492,416.568,68.053,0.901
29.675102,416.165,68.036,0.901
29.686712,415.732,68.018,0.901
29.698322,415.390,68.004,0.902
29.709932,415.418,68.005,0.904
29.721542,415.460,68.006,0.903
29.733152,415.460,68.006,0.897
29.744762,415.515,68.009,0.891
29.756372,415.719,68.017,0.879
29.767982,415.668,68.015,0.868
29.779592,415.468,68.007,0.852
29.791202,414.657,67.973,0.832
29.802812,411.882,67.857,0.804
29.814422,376.613,66.307,0.773
29.826032,374.910,66.228,0.753
29.837642,185.420,54.040,0.725
29.849252,185.147,54.014,0.704
29.860862,185.188,54.018,0.678
29.872472,184.868,53.988,0.654
29.884082,370.017,66.001,0.621
29.895692,369.023,65.955,0.597
29.907302,368.435,65.927,0.577
29.918912,367.929,65.903,0.569
29.930522,733.442,77.846,0.569
29.942132,732.156,77.816,0.572
29.953741,82.470,40.013,0.576
29.965351,82.600,40.041,0.582
29.976961,82.649,40.051,0.588
29.988571,82.649,40.051,0.590
30.000181,82.554,40.031,0.580
30.011791,82.599,40.040,0.568
30.023401,82.716,40.065,0.552
30.035011,82.753,40.072,0.534
30.046621,221.853,57.145,0.511
30.058231,714.990,77.405,0.483
30.069841,721.314,77.557,0.535
30.081451,100.182,43.381,0.547
30.093061,350.410,65.058,0.674
30.104671,361.677,65.606,0.736
30.116281,366.237,65.823,0.760
30.127891,371.422,66.067,0.784
30.139501,371.617,66.076,0.821
30.151111,371.134,66.053,0.857
30.162721,369.613,65.982,0.878
30.174331,368.574,65.933,0.894
30.185941,369.005,65.954,0.895
30.197551,369.304,65.968,0.896
30.209161,369.285,65.967,0.905
30.220771,369.078,65.957,0.910
30.232381,369.957,65.998,0.907
30.243991,373.132,66.146,0.902
30.255601,379.437,66.436,0.897
30.267211,387.997,66.823,0.895
30.278821,397.286,67.232,0.893
30.290431,403.614,67.506,0.892
30.302041,408.155,67.699,0.889
30.313651,411.521,67.842,0.885
30.325261,413.444,67.922,0.883
30.336871,415.252,67.998,0.877
30.348481,415.701,68.017,0.870
30.360091,415.629,68.014,0.865
30.371701,415.826,68.022,0.862
30.383311,415.582,68.012,0.853
30.394921,415.050,67.989,0.836
30.406531,414.398,67.962,0.826
30.418141,208.283,56.052,0.813
30.429751,209.173,56.126,0.795
30.441361,210.312,56.220,0.773
30.452971,211.652,56.330,0.746
30.464580,380.081,66.466,0.707
30.476190,375.487,66.255,0.675
30.487800,374.549,66.212,0.662
30.499410,92.177,41.940,0.623
30.511020,92.353,41.973,0.568
30.522630,92.172,41.939,0.517
30.534240,92.108,41.927,0.502
30.545850,92.163,41.937,0.488
30.557460,92.155,41.936,0.498
30.569070,185.378,54.036,0.501
30.580680,92.112,41.927,0.501
30.592290,92.243,41.952,0.498
30.603900,92.390,41.980,0.494
30.615510,836.533,80.123,0.484
30.627120,831.476,80.018,0.458
30.638730,826.966,79.924,0.441
30.650340,138.693,49.013,0.418
30.661950,138.536,48.993,0.406
30.673560,138.376,48.973,0.389
30.685170,138.057,48.933,0.376
30.696780,763.314,78.537,0.585
30.708390,761.709,78.501,0.594
30.720000,459.891,69.765,0.664
30.731610,415.485,68.008,0.715
30.743220,417.594,68.095,0.756
30.754830,417.833,68.105,0.803
30.766440,416.806,68.062,0.835
30.778050,415.428,68.005,0.853
30.789660,414.794,67.979,0.857
30.801270,414.167,67.952,0.872
30.812880,413.380,67.920,0.875
30.824490,412.099,67.866,0.879
30.836100,410.864,67.814,0.879
30.847710,410.527,67.800,0.872
30.859320,411.047,67.822,0.864
30.870930,412.335,67.876,0.867
30.882540,414.584,67.970,0.870
30.894150,418.207,68.121,0.873
30.905760,422.612,68.302,0.874
30.917370,427.561,68.504,0.872
30.928980,431.875,68.677,0.873
30.940590,435.285,68.813,0.873
30.952200,437.775,68.912,0.873
30.963810,439.572,68.983,0.872
30.975420,440.953,69.037,0.869
30.987029,441.408,69.055,0.865
30.998639,441.266,69.050,0.863
31.010249,440.660,69.026,0.862
31.021859,440.147,69.006,0.860
31.033469,439.871,68.995,0.860
31.045079,439.462,68.979,0.858
31.056689,438.801,68.953,0.855
31.068299,437.770,68.912,0.851
31.079909,436.648,68.868,0.849
31.091519,435.338,68.816,0.847
31.103129,433.939,68.760,0.843
31.114739,432.163,68.689,0.838
31.126349,429.423,68.579,0.831
31.137959,426.627,68.466,0.825
31.149569,424.334,68.372,0.820
31.161179,421.925,68.274,0.819
31.172789,419.559,68.176,0.818
31.184399,418.548,68.135,0.822
31.196009,417.784,68.103,0.827
31.207619,417.305,68.083,0.832
31.219229,416.806,68.062,0.839
31.230839,416.166,68.036,0.848
31.242449,415.708,68.017,0.854
31.254059,415.382,68.003,0.858
31.265669,415.077,67.991,0.859
31.277279,414.871,67.982,0.859
31.288889,414.906,67.983,0.858
31.300499,415.217,67.996,0.856
31.312109,415.586,68.012,0.853
31.323719,415.916,68.025,0.850
31.335329,416.068,68.032,0.847
31.346939,416.079,68.032,0.844
31.358549,415.732,68.018,0.841
31.370159,415.067,67.990,0.837
31.381769,413.589,67.928,0.835
31.393379,410.758,67.809,0.833
31.404989,406.158,67.614,0.833
31.416599,400.271,67.362,0.829
31.428209,392.091,67.004,0.831
31.439819,383.560,66.623,0.831
31.451429,378.657,66.401,0.830
31.463039,375.480,66.255,0.834
31.474649,373.111,66.145,0.833
31.486259,371.427,66.067,0.834
31.497868,370.498,66.024,0.835
31.509478,370.768,66.036,0.836
31.521088,371.023,66.048,0.833
31.532698,371.074,66.050,0.832
31.544308,370.996,66.047,0.834
31.555918,370.556,66.026,0.832
31.567528,370.091,66.005,0.832
31.579138,369.830,65.992,0.830
31.590748,369.547,65.979,0.829
31.602358,369.395,65.972,0.826
31.613968,369.407,65.972,0.824
31.625578,369.702,65.986,0.824
31.637188,369.861,65.994,0.823
31.648798,370.230,66.011,0.825
31.660408,370.482,66.023,0.827
31.672018,185.309,54.029,0.823
31.683628,369.356,65.970,0.825
31.695238,368.127,65.912,0.826
31.706848,367.233,65.870,0.828
31.718458,184.918,53.993,0.831
31.730068,220.418,57.033,0.858
31.741678,236.888,58.280,0.880
31.753288,236.797,58.274,0.888
31.764898,236.758,58.271,0.900
31.776508,236.358,58.242,0.906
31.788118,234.637,58.115,0.916
31.799728,110.475,45.075,0.929
31.811338,164.341,51.950,0.945
31.822948,164.385,51.955,0.937
31.834558,164.212,51.937,0.935
31.846168,110.047,45.007,0.941
31.857778,109.893,44.983,0.944
31.869388,743.022,78.071,0.945
31.880998,758.895,78.437,0.946
31.892608,777.310,78.852,0.940
31.904218,798.433,79.316,0.926
31.915828,109.835,44.974,0.924
31.927438,109.779,44.965,0.913
31.939048,82.763,40.075,0.898
31.950658,82.755,40.073,0.888
31.962268,332.508,64.151,0.876
31.973878,331.005,64.072,0.857
31.985488,329.537,63.995,0.843
31.997098,329.011,63.968,0.834
32.008707,327.877,63.908,0.824
32.020317,327.502,63.888,0.814
32.031927,327.407,63.883,0.803
32.043537,327.341,63.879,0.798
32.055147,328.529,63.942,0.802
32.066757,329.551,63.996,0.808
32.078367,330.265,64.033,0.810
32.089977,330.762,64.059,0.809
32.101587,330.884,64.066,0.811
32.113197,330.644,64.053,0.819
32.124807,330.409,64.041,0.824
32.136417,330.205,64.030,0.822
32.148027,330.035,64.021,0.821
32.159637,329.801,64.009,0.818
32.171247,329.539,63.995,0.810
32.182857,329.255,63.980,0.800
32.194467,329.011,63.968,0.802
32.206077,328.741,63.953,0.816
32.217687,328.810,63.957,0.831
32.229297,329.234,63.979,0.842
32.240907,329.259,63.981,0.851
32.252517,329.395,63.988,0.860
32.264127,329.499,63.993,0.872
32.275737,329.589,63.998,0.888
32.287347,329.791,64.009,0.892
32.298957,330.051,64.022,0.886
32.310567,329.690,64.003,0.879
32.322177,329.414,63.989,0.868
32.333787,329.314,63.984,0.861
32.345397,329.461,63.991,0.852
32.357007,329.804,64.009,0.854
32.368617,329.667,64.002,0.850
32.380227,329.231,63.979,0.846
32.391837,328.546,63.943,0.852
32.403447,328.196,63.925,0.856
32.415057,327.318,63.878,0.863
32.426667,326.454,63.832,0.865
32.438277,326.438,63.832,0.862
32.449887,325.185,63.765,0.850
32.461497,324.533,63.730,0.835
32.473107,324.429,63.725,0.825
32.484717,315.965,63.267,0.802
32.496327,315.279,63.229,0.779
32.507937,315.154,63.223,0.757
32.519546,276.135,60.934,0.749
32.531156,340.077,64.540,0.789
32.542766,341.168,64.596,0.806
32.554376,340.857,64.580,0.819
32.565986,339.782,64.525,0.830
32.577596,338.410,64.455,0.855
32.589206,336.247,64.344,0.867
32.600816,334.995,64.280,0.876
32.612426,333.698,64.212,0.881
32.624036,331.768,64.112,0.872
32.635646,328.121,63.921,0.869
32.647256,327.323,63.879,0.872
32.658866,327.057,63.864,0.873
32.670476,308.245,62.839,0.864
32.682086,305.408,62.679,0.865
32.693696,305.390,62.678,0.866
32.705306,367.527,65.884,0.869
32.716916,366.566,65.839,0.874
32.728526,367.154,65.867,0.878
32.740136,371.510,66.071,0.883
32.751746,373.264,66.152,0.888
32.763356,374.693,66.218,0.891
32.774966,376.258,66.291,0.892
32.786576,376.280,66.292,0.895
32.798186,376.323,66.294,0.893
32.809796,376.579,66.305,0.880
32.821406,375.855,66.272,0.870
32.833016,375.002,66.233,0.856
32.844626,374.551,66.212,0.841
32.856236,373.822,66.178,0.837
32.867846,371.258,66.059,0.834
32.879456,406.433,67.626,0.829
32.891066,409.065,67.738,0.826
32.902676,410.813,67.812,0.845
32.914286,412.177,67.869,0.859
32.925896,412.696,67.891,0.863
32.937506,413.356,67.919,0.867
32.949116,413.927,67.942,0.862
32.960726,414.457,67.965,0.847
32.972336,414.897,67.983,0.833
32.983946,415.043,67.989,0.822
32.995556,412.524,67.884,0.813
33.007166,410.123,67.783,0.790
33.018776,406.811,67.642,0.783
33.030385,334.830,64.271,0.786
33.041995,334.555,64.257,0.789
33.053605,333.781,64.217,0.811
33.065215,333.038,64.178,0.823
33.076825,332.708,64.161,0.831
33.088435,331.619,64.104,0.833
33.100045,330.883,64.066,0.841
33.111655,330.727,64.058,0.842
33.123265,329.485,63.993,0.836
33.134875,328.918,63.963,0.829
33.146485,330.020,64.021,0.837
33.158095,333.115,64.182,0.845
33.169705,333.537,64.204,0.846
33.181315,333.530,64.204,0.844
33.192925,333.085,64.181,0.846
33.204535,332.424,64.146,0.851
33.216145,332.306,64.140,0.852
33.227755,332.291,64.139,0.859
33.239365,331.760,64.112,0.848
33.250975,330.696,64.056,0.842
33.262585,330.035,64.021,0.840
33.274195,329.379,63.987,0.839
33.285805,328.451,63.938,0.837
33.297415,327.193,63.872,0.833
33.309025,329.185,63.977,0.845
33.320635,332.621,64.157,0.852
33.332245,333.219,64.188,0.856
33.343855,332.843,64.168,0.856
33.355465,332.385,64.144,0.851
33.367075,332.363,64.143,0.841
33.378685,332.640,64.157,0.829
33.390295,332.847,64.168,0.818
33.401905,331.758,64.112,0.794
33.413515,330.167,64.028,0.760
33.425125,328.776,63.955,0.723
33.436735,327.051,63.864,0.693
33.448345,325.849,63.800,0.687
33.459955,315.170,63.224,0.717
33.471565,315.149,63.222,0.738
33.483175,324.713,63.740,0.745
33.494785,324.974,63.754,0.748
33.506395,325.542,63.784,0.761
33.518005,326.025,63.810,0.779
33.529615,326.497,63.835,0.802
33.541224,329.851,64.012,0.812
33.552834,329.692,64.003,0.816
33.564444,329.240,63.980,0.807
33.576054,329.406,63.988,0.799
33.587664,329.351,63.985,0.795
33.599274,328.822,63.958,0.794
33.610884,328.326,63.932,0.792
33.622494,327.653,63.896,0.780
33.634104,339.722,64.522,0.764
33.645714,339.654,64.519,0.750
33.657324,327.717,63.899,0.750
33.668934,327.997,63.914,0.763
33.680544,328.367,63.934,0.774
33.692154,328.537,63.943,0.782
33.703764,328.768,63.955,0.787
33.715374,329.130,63.974,0.793
33.726984,329.281,63.982,0.803
33.738594,329.412,63.989,0.813
33.750204,329.570,63.997,0.819
33.761814,330.116,64.026,0.826
33.773424,330.710,64.057,0.829
33.785034,331.581,64.102,0.833
33.796644,331.855,64.117,0.842
33.808254,331.505,64.098,0.859
33.819864,331.119,64.078,0.865
33.831474,330.707,64.057,0.865
33.843084,330.327,64.037,0.865
33.854694,329.893,64.014,0.864
33.866304,329.283,63.982,0.867
33.877914,328.373,63.934,0.858
33.889524,327.763,63.902,0.846
33.901134,327.597,63.893,0.825
33.912744,328.340,63.932,0.817
33.924354,330.298,64.035,0.812
33.935964,330.521,64.047,0.805
33.947574,329.900,64.014,0.793
33.959184,335.356,64.298,0.799
33.970794,346.207,64.850,0.831
33.982404,365.728,65.799,0.849
33.994014,368.281,65.920,0.862
34.005624,369.795,65.991,0.871
34.017234,185.365,54.034,0.884
34.028844,185.277,54.026,0.899
34.040454,185.180,54.017,0.908
34.052063,185.157,54.015,0.911
34.063673,185.103,54.010,0.910
34.075283,370.994,66.047,0.902
34.086893,371.322,66.062,0.894
34.098503,372.596,66.121,0.895
34.110113,373.960,66.185,0.889
34.121723,185.477,54.045,0.883
34.133333,185.451,54.042,0.884
34.144943,104.084,44.043,0.879
34.156553,411.727,67.850,0.870
34.168163,412.787,67.895,0.871
34.179773,413.216,67.913,0.873
34.191383,414.871,67.982,0.863
34.202993,414.628,67.972,0.857
34.214603,414.122,67.951,0.838
34.226213,413.362,67.919,0.816
34.237823,412.227,67.871,0.791
34.249433,411.359,67.835,0.763
34.261043,410.701,67.807,0.728
34.272653,409.744,67.767,0.682
34.284263,395.999,67.176,0.708
34.295873,366.993,65.859,0.748
34.307483,354.932,65.280,0.780
34.319093,336.296,64.347,0.812
34.330703,333.400,64.197,0.840
34.342313,331.114,64.078,0.862
34.353923,330.159,64.028,0.873
34.365533,329.627,64.000,0.878
34.377143,328.470,63.939,0.865
34.388753,327.720,63.900,0.845
34.400363,325.563,63.785,0.831
34.411973,324.861,63.748,0.812
34.423583,324.424,63.725,0.787
34.435193,324.435,63.725,0.762
34.446803,158.435,51.317,0.752
34.458413,158.504,51.324,0.753
34.470023,86.848,40.909,0.755
34.481633,374.044,66.188,0.765
34.493243,373.857,66.180,0.773
34.504853,373.281,66.153,0.779
34.516463,372.503,66.117,0.781
34.528073,371.203,66.056,0.778
34.539683,369.780,65.990,0.764
34.551293,370.209,66.010,0.753
34.562902,370.432,66.020,0.744
34.574512,371.412,66.066,0.731
34.586122,373.231,66.151,0.726
34.597732,162.089,51.711,0.738
34.609342,161.797,51.680,0.766
34.620952,319.803,63.476,0.789
34.632562,322.291,63.610,0.810
34.644172,322.733,63.634,0.833
34.655782,321.248,63.554,0.865
34.667392,320.788,63.529,0.878
34.679002,320.466,63.512,0.882
34.690612,319.289,63.448,0.882
34.702222,317.314,63.341,0.884
34.713832,312.029,63.050,0.886
34.725442,312.111,63.055,0.886
34.737052,311.599,63.026,0.878
34.748662,311.090,62.998,0.851
34.760272,310.804,62.982,0.849
34.771882,310.776,62.980,0.875
34.783492,311.062,62.996,0.894
34.795102,311.514,63.022,0.896
34.806712,311.717,63.033,0.895
34.818322,311.563,63.024,0.897
34.829932,311.608,63.027,0.903
34.841542,311.465,63.019,0.911
34.853152,311.350,63.012,0.911
34.864762,311.057,62.996,0.893
34.876372,310.752,62.979,0.884
34.887982,310.568,62.969,0.886
34.899592,310.401,62.960,0.892
34.911202,310.180,62.947,0.895
34.922812,310.099,62.943,0.897
34.934422,311.278,63.008,0.901
34.946032,311.250,63.007,0.907
34.957642,311.283,63.009,0.914
34.969252,311.490,63.020,0.915
34.980862,311.916,63.044,0.913
34.992472,312.221,63.061,0.906
35.004082,312.277,63.064,0.895
35.015692,312.182,63.059,0.883
35.027302,312.074,63.053,0.867
35.038912,312.540,63.078,0.845
35.050522,313.322,63.122,0.817
35.062132,314.166,63.168,0.779
35.073741,314.602,63.192,0.742
35.085351,314.786,63.202,0.708
35.096961,314.753,63.201,0.700
35.108571,314.966,63.212,0.707
35.120181,315.235,63.227,0.722
35.131791,315.304,63.231,0.730
35.143401,315.064,63.218,0.738
35.155011,315.142,63.222,0.733
35.166621,314.837,63.205,0.717
35.178231,314.062,63.163,0.701
35.189841,315.266,63.229,0.705
35.201451,315.040,63.216,0.722
35.213061,314.655,63.195,0.733
35.224671,631.171,75.246,0.744
35.236281,631.736,75.262,0.744
35.247891,632.244,75.276,0.752
35.259501,315.068,63.218,0.780
35.271111,315.133,63.221,0.800
35.282721,329.572,63.997,0.810
35.294331,328.689,63.951,0.814
35.305941,327.480,63.887,0.821
35.317551,324.619,63.735,0.821
35.329161,323.631,63.682,0.828
35.340771,322.601,63.627,0.847
35.352381,322.207,63.606,0.856
35.363991,321.627,63.575,0.865
35.375601,319.482,63.459,0.868
35.387211,315.915,63.264,0.865
35.398821,310.889,62.987,0.859
35.410431,308.882,62.875,0.871
35.422041,314.733,63.200,0.877
35.433651,319.446,63.457,0.868
35.445261,324.961,63.753,0.862
35.456871,327.362,63.881,0.860
35.468481,327.893,63.909,0.860
35.480091,327.987,63.914,0.857
35.491701,327.955,63.912,0.855
35.503311,327.797,63.904,0.850
35.514921,327.236,63.874,0.849
35.526531,325.807,63.798,0.851
35.538141,321.872,63.588,0.845
35.549751,316.447,63.294,0.841
35.561361,316.940,63.320,0.839
35.572971,323.214,63.660,0.850
35.584580,328.029,63.916,0.858
35.596190,328.946,63.964,0.845
35.607800,329.470,63.992,0.836
35.619410,329.711,64.004,0.832
35.631020,330.047,64.022,0.826
35.642630,330.366,64.039,0.812
35.654240,330.284,64.034,0.807
35.665850,326.639,63.842,0.799
35.677460,314.413,63.182,0.789
35.689070,313.179,63.114,0.802
35.700680,312.613,63.083,0.810
35.712290,312.536,63.078,0.816
35.723900,317.009,63.324,0.828
35.735510,328.454,63.938,0.847
35.747120,332.706,64.161,0.866
35.758730,333.890,64.222,0.876
35.770340,332.724,64.162,0.882
35.781950,331.419,64.094,0.885
35.793560,330.770,64.060,0.888
35.805170,330.655,64.054,0.889
35.816780,330.342,64.037,0.889
35.828390,329.725,64.005,0.881
35.840000,109.289,44.888,0.867
35.851610,109.272,44.885,0.854
35.863220,109.393,44.904,0.844
35.874830,109.527,44.925,0.834
35.886440,109.766,44.963,0.823
35.898050,109.951,44.992,0.819
35.909660,332.178,64.133,0.823
35.921270,332.136,64.131,0.836
35.932880,331.899,64.119,0.845
35.944490,330.593,64.051,0.852
35.956100,330.035,64.021,0.859
35.967710,329.946,64.017,0.863
35.979320,329.636,64.000,0.871
35.990930,329.234,63.979,0.881
36.002540,328.769,63.955,0.882
36.014150,328.362,63.933,0.876
36.025760,328.605,63.946,0.872
36.037370,109.588,44.935,0.868
36.048980,109.591,44.936,0.867
36.060590,109.569,44.932,0.863
36.072200,109.593,44.936,0.854
36.083810,109.705,44.954,0.835
36.095420,110.027,45.004,0.818
36.107029,110.416,45.065,0.802
36.118639,110.856,45.134,0.776
36.130249,336.001,64.332,0.753
36.141859,333.984,64.227,0.723
36.153469,333.131,64.183,0.705
36.165079,111.645,45.257,0.703
36.176689,263.263,60.108,0.740
36.188299,276.376,60.950,0.788
36.199909,279.513,61.145,0.833
36.211519,281.270,61.253,0.859
36.223129,296.047,62.140,0.881
36.234739,301.116,62.434,0.896
36.246349,307.997,62.825,0.907
36.257959,313.057,63.107,0.913
36.269569,316.556,63.300,0.909
36.281179,319.044,63.435,0.900
36.292789,320.276,63.502,0.881
36.304399,320.067,63.490,0.871
36.316009,314.836,63.205,0.855
36.327619,311.511,63.021,0.840
36.339229,308.997,62.881,0.822
36.350839,299.083,62.317,0.807
36.362449,289.905,61.777,0.795
36.374059,281.023,61.238,0.777
36.385669,270.565,60.582,0.759
36.397279,256.572,59.662,0.741
36.408889,249.401,59.172,0.732
36.420499,250.833,59.271,0.753
36.432109,263.159,60.101,0.845
36.443719,266.500,60.320,0.890
36.455329,264.677,60.201,0.932
36.466939,263.143,60.100,0.945
36.478549,262.698,60.071,0.950
36.490159,262.537,60.060,0.951
36.501769,262.648,60.068,0.951
36.513379,262.835,60.080,0.946
36.524989,528.685,72.179,0.913
36.536599,523.812,72.019,0.875
36.548209,553.901,72.986,0.795
36.559819,555.866,73.047,0.746
36.571429,107.191,44.552,0.717
36.583039,570.207,73.488,0.700
36.594649,564.820,73.323,0.688
36.606259,561.574,73.224,0.697
36.617868,559.320,73.154,0.684
36.629478,560.430,73.188,0.684
36.641088,557.220,73.089,0.676
36.652698,555.855,73.046,0.667
36.664308,282.799,61.347,0.695
36.675918,281.021,61.238,0.767
36.687528,281.476,61.266,0.808
36.699138,284.812,61.470,0.832
36.710748,284.573,61.456,0.856
36.722358,288.958,61.720,0.878
36.733968,303.105,62.548,0.902
36.745578,308.276,62.841,0.918
36.757188,316.730,63.309,0.927
36.768798,319.123,63.439,0.924
36.780408,316.810,63.313,0.923
36.792018,109.517,44.924,0.915
36.803628,109.852,44.977,0.905
36.815238,109.338,44.896,0.889
36.826848,302.136,62.492,0.867
36.838458,297.078,62.200,0.855
36.850068,283.146,61.368,0.837
36.861678,282.963,61.357,0.822
36.873288,283.136,61.368,0.814
36.884898,309.881,62.931,0.835
36.896508,326.126,63.815,0.854
36.908118,339.222,64.497,0.898
36.919728,338.988,64.485,0.918
36.931338,337.474,64.407,0.926
36.942948,330.692,64.056,0.936
36.954558,326.850,63.853,0.939
36.966168,324.368,63.722,0.939
36.977778,321.426,63.564,0.931
36.989388,317.770,63.366,0.922
37.000998,313.569,63.135,0.890
37.012608,311.137,63.001,0.871
37.024218,309.124,62.888,0.861
37.035828,307.987,62.824,0.858
37.047438,307.141,62.777,0.874
37.059048,307.128,62.776,0.885
37.070658,307.860,62.817,0.894
37.082268,308.250,62.839,0.898
37.093878,309.972,62.936,0.900
37.105488,311.715,63.033,0.894
37.117098,315.357,63.234,0.902
37.128707,319.690,63.470,0.905
37.140317,658.826,75.989,0.888
37.151927,655.620,75.904,0.868
37.163537,649.463,75.741,0.847
37.175147,652.003,75.809,0.834
37.186757,657.065,75.942,0.824
37.198367,664.257,76.131,0.822
37.209977,337.284,64.398,0.822
37.221587,346.143,64.846,0.818
37.233197,346.418,64.860,0.827
37.244807,344.900,64.784,0.836
37.256417,344.396,64.759,0.838
37.268027,344.052,64.741,0.835
37.279637,344.792,64.779,0.831
37.291247,344.877,64.783,0.829
37.302857,343.225,64.700,0.796
37.314467,335.917,64.327,0.752
37.326077,323.435,63.672,0.715
37.337687,318.926,63.429,0.695
37.349297,319.722,63.472,0.723
37.360907,322.278,63.610,0.762
37.372517,331.641,64.105,0.788
37.384127,333.394,64.197,0.815
37.395737,333.185,64.186,0.824
37.407347,332.968,64.175,0.831
37.418957,332.814,64.167,0.847
37.430567,332.581,64.154,0.865
37.442177,332.741,64.163,0.872
37.453787,332.170,64.133,0.884
37.465397,315.860,63.261,0.898
37.477007,315.964,63.267,0.903
37.488617,315.600,63.247,0.909
37.500227,316.998,63.324,0.916
37.511837,318.655,63.414,0.921
37.523447,318.268,63.393,0.919
37.535057,317.755,63.365,0.919
37.546667,317.305,63.340,0.914
37.558277,316.632,63.304,0.911
37.569887,316.346,63.288,0.899
37.581497,316.293,63.285,0.886
37.593107,315.684,63.252,0.870
37.604717,314.600,63.192,0.845
37.616327,313.662,63.140,0.818
37.627937,312.865,63.096,0.783
37.639546,310.490,62.964,0.736
37.651156,307.319,62.787,0.630
37.662766,313.814,63.149,0.563
37.674376,314.569,63.190,0.567
37.685986,315.287,63.230,0.585
37.697596,314.866,63.207,0.615
37.709206,366.887,65.854,0.720
37.720816,365.953,65.810,0.782
37.732426,362.864,65.663,0.815
37.744036,361.299,65.588,0.840
37.755646,362.973,65.668,0.854
37.767256,363.263,65.682,0.865
37.778866,363.649,65.701,0.878
37.790476,363.523,65.695,0.888
37.802086,326.911,63.857,0.882
37.813696,326.038,63.810,0.874
37.825306,325.722,63.794,0.866
37.836916,325.184,63.765,0.860
37.848526,324.569,63.732,0.860
37.860136,323.448,63.672,0.853
37.871746,322.114,63.601,0.843
37.883356,319.445,63.457,0.834
37.894966,316.375,63.290,0.824
37.906576,314.064,63.163,0.816
37.918186,315.402,63.236,0.813
37.929796,316.955,63.321,0.799
37.941406,318.225,63.391,0.786
37.953016,318.074,63.382,0.781
37.964626,318.002,63.378,0.771
37.976236,318.200,63.389,0.752
37.987846,211.774,56.340,0.731
37.999456,212.916,56.433,0.695
38.011066,213.245,56.460,0.644
38.022676,104.524,44.116,0.610
38.034286,81.989,39.912,0.571
38.045896,219.011,56.922,0.536
38.057506,323.384,63.669,0.501
38.069116,323.863,63.695,0.490
38.080726,322.256,63.608,0.501
38.092336,323.085,63.653,0.508
38.103946,322.605,63.627,0.515
38.115556,319.741,63.473,0.519
38.127166,320.333,63.505,0.557
38.138776,310.664,62.974,0.647
38.150385,310.965,62.991,0.715
38.161995,311.353,63.013,0.773
38.173605,312.233,63.061,0.807
38.185215,176.613,53.197,0.840
38.196825,383.433,66.618,0.869
38.208435,381.272,66.520,0.889
38.220045,376.085,66.283,0.905
38.231655,372.350,66.110,0.910
38.243265,370.772,66.036,0.910
38.254875,368.582,65.934,0.907
38.266485,368.399,65.925,0.898
38.278095,369.466,65.975,0.883
38.289705,573.403,73.585,0.860
38.301315,350.678,65.072,0.841
38.312925,582.757,73.865,0.821
38.324535,314.274,63.174,0.807
38.336145,314.664,63.196,0.796
38.347755,317.909,63.373,0.804
38.359365,319.665,63.469,0.829
38.370975,320.598,63.519,0.839
38.382585,321.038,63.543,0.840
38.394195,321.949,63.592,0.837
38.405805,323.145,63.656,0.829
38.417415,323.603,63.681,0.815
38.429025,324.169,63.711,0.800
38.440635,323.350,63.667,0.756
38.452245,322.518,63.623,0.681
38.463855,282.354,61.320,0.655
38.475465,337.144,64.390,0.700
38.487075,337.993,64.434,0.759
38.498685,337.739,64.421,0.802
38.510295,336.832,64.374,0.829
38.521905,336.480,64.356,0.839
38.533515,336.382,64.351,0.852
38.545125,336.186,64.341,0.869
38.556735,335.875,64.325,0.880
38.568345,334.826,64.271,0.880
38.579955,333.172,64.185,0.863
38.591565,329.637,64.000,0.838
38.603175,323.933,63.698,0.816
38.614785,320.800,63.530,0.808
38.626395,319.128,63.440,0.799
38.638005,315.087,63.219,0.780
38.649615,313.105,63.110,0.743
38.661224,281.631,61.276,0.706
38.672834,276.686,60.969,0.691
38.684444,281.398,61.261,0.696
38.696054,281.363,61.259,0.696
38.707664,280.232,61.189,0.690
38.719274,272.952,60.734,0.671
38.730884,315.023,63.215,0.649
38.742494,91.875,41.883,0.629
38.754104,91.871,41.882,0.610
38.765714,92.668,42.032,0.585
38.777324,81.067,39.716,0.553
38.788934,81.677,39.846,0.532
38.800544,81.666,39.844,0.543
38.812154,348.829,64.980,0.575
38.823764,356.426,65.353,0.697
38.835374,368.526,65.931,0.747
38.846984,371.363,66.064,0.830
38.858594,370.457,66.022,0.853
38.870204,368.740,65.941,0.875
38.881814,366.432,65.832,0.892
38.893424,361.343,65.590,0.918
38.905034,353.062,65.189,0.946
38.916644,254.123,59.496,0.944
38.928254,252.990,59.419,0.941
38.939864,338.089,64.439,0.923
38.951474,1002.273,83.252,0.926
38.963084,1002.273,83.252,0.924
38.974694,329.908,64.015,0.919
38.986304,326.423,63.831,0.904
38.997914,322.253,63.608,0.881
39.009524,320.782,63.529,0.884
39.021134,319.814,63.477,0.885
39.032744,318.602,63.411,0.892
39.044354,317.295,63.340,0.884
39.055964,317.248,63.337,0.871
39.067574,317.407,63.346,0.864
39.079184,317.510,63.352,0.852
39.090794,317.768,63.366,0.831
39.102404,316.691,63.307,0.807
39.114014,315.594,63.247,0.785
39.125624,206.573,55.910,0.731
39.137234,327.100,63.867,0.680
39.148844,370.414,66.020,0.667
39.160454,84.938,40.524,0.647
39.172063,370.447,66.021,0.608
39.183673,372.901,66.135,0.562
39.195283,373.894,66.182,0.540
39.206893,372.496,66.117,0.555
39.218503,372.004,66.094,0.567
39.230113,328.330,63.932,0.573
39.241723,330.699,64.056,0.572
39.253333,326.236,63.821,0.565
39.264943,325.930,63.805,0.554
39.276553,324.411,63.724,0.583
39.288163,505.951,71.418,0.649
39.299773,318.312,63.395,0.727
39.311383,327.478,63.887,0.794
39.322993,327.828,63.905,0.836
39.334603,326.981,63.860,0.862
39.346213,326.435,63.831,0.882
39.357823,326.717,63.846,0.899
39.369433,327.205,63.872,0.916
39.381043,328.785,63.956,0.926
39.392653,329.124,63.974,0.920
39.404263,327.805,63.904,0.907
39.415873,327.578,63.892,0.892
39.427483,321.591,63.573,0.889
39.439093,328.786,63.956,0.890
39.450703,331.716,64.109,0.886
39.462313,333.676,64.211,0.878
39.473923,333.810,64.218,0.866
39.485533,333.322,64.193,0.862
39.497143,332.951,64.174,0.861
39.508753,333.281,64.191,0.863
39.520363,334.053,64.231,0.855
39.531973,335.326,64.297,0.847
39.543583,335.930,64.328,0.846
39.555193,310.943,62.990,0.841
39.566803,311.165,63.002,0.844
39.578413,311.337,63.012,0.848
39.590023,311.528,63.022,0.853
39.601633,311.098,62.998,0.855
39.613243,310.546,62.968,0.862
39.624853,310.209,62.949,0.876
39.636463,310.005,62.937,0.886
39.648073,309.698,62.920,0.879
39.659683,308.696,62.864,0.881
39.671293,307.146,62.777,0.876
39.682902,305.259,62.670,0.865
39.694512,574.233,73.610,0.856
39.706122,579.187,73.758,0.833
39.717732,567.945,73.419,0.794
39.729342,277.957,61.048,0.739
39.740952,280.357,61.197,0.735
39.752562,280.415,61.201,0.700
39.764172,278.893,61.106,0.706
39.775782,280.121,61.183,0.726
39.787392,345.960,64.837,0.748
39.799002,173.562,52.895,0.780
39.810612,346.679,64.873,0.804
39.822222,346.357,64.857,0.819
39.833832,345.395,64.809,0.828
39.845442,344.669,64.772,0.831
39.857052,344.206,64.749,0.834
39.868662,342.001,64.638,0.841
39.880272,339.276,64.499,0.840
39.891882,337.557,64.412,0.840
39.903492,337.166,64.391,0.840
39.915102,336.755,64.370,0.844
39.926712,336.130,64.338,0.862
39.938322,335.800,64.321,0.887
39.949932,335.442,64.303,0.890
39.961542,335.503,64.306,0.892
39.973152,335.615,64.312,0.899
39.984762,334.647,64.262,0.900
39.996372,332.218,64.136,0.890
40.007982,322.964,63.646,0.882
40.019592,311.704,63.032,0.859
40.031202,308.276,62.841,0.819
40.042812,307.409,62.792,0.798
40.054422,306.032,62.714,0.768
40.066032,282.198,61.310,0.713
40.077642,265.193,60.234,0.657
40.089252,264.846,60.212,0.648
40.100862,264.649,60.199,0.654
40.112472,313.652,63.140,0.711
40.124082,314.862,63.207,0.750
40.135692,315.145,63.222,0.787
40.147302,166.634,52.190,0.807
40.158912,167.414,52.271,0.829
40.170522,335.836,64.323,0.842
40.182132,335.855,64.324,0.853
40.193741,335.781,64.320,0.860
40.205351,335.296,64.295,0.851
40.216961,335.311,64.296,0.839
40.228571,335.625,64.312,0.824
40.240181,335.580,64.310,0.820
40.251791,334.639,64.261,0.814
40.263401,332.393,64.145,0.815
40.275011,327.815,63.905,0.820
40.286621,325.194,63.766,0.826
40.298231,324.405,63.724,0.835
40.309841,324.112,63.708,0.850
40.321451,323.925,63.698,0.861
40.333061,323.778,63.690,0.859
40.344671,323.169,63.657,0.848
40.356281,320.828,63.532,0.838
40.367891,319.646,63.468,0.832
40.379501,318.300,63.395,0.830
40.391111,317.933,63.375,0.832
40.402721,315.300,63.231,0.821
40.414331,337.625,64.415,0.810
40.425941,338.079,64.438,0.818
40.437551,337.265,64.397,0.836
40.449161,336.364,64.350,0.847
40.460771,335.066,64.283,0.849
40.472381,333.971,64.227,0.846
40.483991,332.493,64.150,0.851
40.495601,330.270,64.034,0.855
40.507211,328.713,63.952,0.850
40.518821,328.240,63.927,0.843
40.530431,327.083,63.866,0.833
40.542041,324.748,63.742,0.826
40.553651,323.943,63.699,0.821
40.565261,323.072,63.652,0.809
40.576871,290.152,61.792,0.789
40.588481,324.704,63.739,0.796
40.600091,324.998,63.755,0.828
40.611701,324.693,63.739,0.869
40.623311,324.210,63.713,0.896
40.634921,323.173,63.658,0.908
40.646531,323.025,63.650,0.906
40.658141,322.823,63.639,0.913
40.669751,322.389,63.616,0.918
40.681361,320.744,63.527,0.918
40.692971,319.049,63.435,0.913
40.704580,317.243,63.337,0.893
40.716190,319.101,63.438,0.872
40.727800,324.968,63.754,0.866
40.739410,330.202,64.030,0.888
40.751020,330.698,64.056,0.889
40.762630,329.860,64.012,0.887
40.774240,329.758,64.007,0.875
40.785850,330.223,64.031,0.859
40.797460,330.480,64.045,0.843
40.809070,330.634,64.053,0.830
40.820680,329.806,64.009,0.809
40.832290,326.950,63.859,0.769
40.843900,324.736,63.741,0.746
40.855510,318.374,63.399,0.724
40.867120,253.567,59.458,0.738
40.878730,253.530,59.456,0.751
40.890340,957.606,82.463,0.766
40.901950,116.149,45.942,0.778
40.913560,146.949,50.014,0.777
40.925170,146.988,50.018,0.775
40.936780,146.942,50.013,0.784
40.948390,288.500,61.693,0.784
40.960000,288.428,61.688,0.777
40.971610,287.932,61.659,0.767
40.983220,277.863,61.042,0.755
40.994830,288.733,61.707,0.754
41.006440,276.789,60.975,0.763
41.018050,275.433,60.890,0.767
41.029660,272.720,60.719,0.762
41.041270,282.912,61.354,0.758
41.052880,325.224,63.767,0.775
41.064490,339.971,64.535,0.809
41.076100,173.422,52.881,0.858
41.087710,327.798,63.904,0.877
41.099320,326.146,63.816,0.896
41.110930,326.069,63.812,0.921
41.122540,325.364,63.775,0.935
41.134150,324.858,63.748,0.943
41.145760,324.869,63.748,0.939
41.157370,324.467,63.727,0.928
41.168980,324.057,63.705,0.902
41.180590,323.818,63.692,0.882
41.192200,324.066,63.705,0.852
41.203810,323.785,63.690,0.791
41.215420,325.915,63.804,0.720
41.227029,327.304,63.878,0.679
41.238639,327.723,63.900,0.712
41.250249,369.846,65.993,0.740
41.261859,370.052,66.003,0.755
41.273469,370.525,66.025,0.764
41.285079,370.857,66.040,0.770
41.296689,371.030,66.048,0.775
41.308299,371.152,66.054,0.778
41.319909,371.857,66.087,0.768
41.331519,371.883,66.088,0.740
41.343129,372.100,66.098,0.728
41.354739,370.579,66.027,0.719
41.366349,363.855,65.710,0.711
41.377959,366.971,65.858,0.721
41.389569,377.039,66.327,0.761
41.401179,378.728,66.404,0.798
41.412789,379.154,66.423,0.843
41.424399,378.877,66.411,0.887
41.436009,377.986,66.370,0.914
41.447619,376.950,66.322,0.932
41.459229,375.938,66.276,0.943
41.470839,375.020,66.234,0.947
41.482449,371.606,66.075,0.949
41.494059,365.960,65.810,0.947
41.505669,357.435,65.402,0.937
41.517279,347.771,64.928,0.915
41.528889,338.858,64.478,0.906
41.540499,333.804,64.218,0.894
41.552109,330.885,64.066,0.889
41.563719,329.402,63.988,0.899
41.575329,327.387,63.882,0.899
41.586939,325.478,63.781,0.907
41.598549,324.160,63.710,0.912
41.610159,322.915,63.644,0.919
41.621769,320.370,63.507,0.916
41.633379,318.487,63.405,0.921
41.644989,316.164,63.278,0.922
41.656599,313.178,63.114,0.917
41.668209,311.473,63.019,0.912
41.679819,309.725,62.922,0.896
41.691429,308.517,62.854,0.883
41.703039,306.689,62.751,0.870
41.714649,304.983,62.655,0.856
41.726259,303.279,62.558,0.842
41.737868,304.200,62.610,0.830
41.749478,157.368,51.200,0.819
41.761088,158.491,51.323,0.805
41.772698,137.967,48.922,0.804
41.784308,138.053,48.933,0.797
41.795918,138.230,48.955,0.786
41.807528,100.924,43.509,0.764
41.819138,100.849,43.496,0.736
41.830748,101.185,43.554,0.709
41.842358,101.425,43.595,0.666
41.853968,238.075,58.367,0.636
41.865578,1002.273,83.252,0.590
41.877188,1002.273,83.252,0.565
41.888798,933.042,82.013,0.572
41.900408,918.943,81.750,0.611
41.912018,920.084,81.771,0.645
41.923628,919.108,81.753,0.660
41.935238,919.842,81.767,0.674
41.946848,919.297,81.756,0.690
41.958458,918.951,81.750,0.701
41.970068,919.240,81.755,0.711
41.981678,920.039,81.770,0.718
41.993288,314.765,63.201,0.712
42.004898,314.853,63.206,0.701
42.016508,314.968,63.212,0.713
42.028118,328.787,63.956,0.748
42.039728,339.065,64.489,0.769
42.051338,338.456,64.458,0.784
42.062948,336.959,64.381,0.797
42.074558,334.788,64.269,0.804
42.086168,334.067,64.232,0.816
42.097778,334.005,64.228,0.828
42.109388,333.535,64.204,0.835
42.120998,331.927,64.120,0.831
42.132608,329.927,64.016,0.828
42.144218,328.068,63.918,0.832
42.155828,327.056,63.864,0.844
42.167438,327.517,63.889,0.855
42.179048,328.475,63.939,0.860
42.190658,328.905,63.962,0.869
42.202268,329.402,63.988,0.877
42.213878,328.751,63.954,0.881
42.225488,327.342,63.880,0.881
42.237098,324.770,63.743,0.885
42.248707,321.754,63.581,0.888
42.260317,318.360,63.398,0.892
42.271927,315.636,63.249,0.892
42.283537,313.549,63.134,0.885
42.295147,310.981,62.992,0.876
42.306757,310.628,62.972,0.860
42.318367,311.598,63.026,0.848
42.329977,312.368,63.069,0.829
42.341587,310.573,62.969,0.801
42.353197,313.850,63.151,0.773
42.364807,313.204,63.115,0.775
42.376417,314.365,63.179,0.786
42.388027,311.776,63.036,0.810
42.399637,309.759,62.924,0.826
42.411247,307.270,62.784,0.846
42.422857,305.278,62.671,0.860
42.434467,303.730,62.583,0.866
42.446077,302.944,62.539,0.872
42.457687,301.823,62.474,0.869
42.469297,300.471,62.397,0.859
42.480907,301.295,62.444,0.848
42.492517,303.495,62.570,0.851
42.504127,306.768,62.756,0.850
42.515737,314.012,63.160,0.845
42.527347,323.610,63.681,0.846
42.538957,327.364,63.881,0.846
42.550567,328.450,63.938,0.845
42.562177,329.130,63.974,0.852
42.573787,329.415,63.989,0.852
42.585397,329.482,63.992,0.849
42.597007,329.432,63.990,0.848
42.608617,329.429,63.990,0.849
42.620227,329.440,63.990,0.848
42.631837,329.565,63.997,0.843
42.643447,329.610,63.999,0.839
42.655057,329.594,63.998,0.830
42.666667,329.685,64.003,0.812
42.678277,329.799,64.009,0.792
42.689887,329.876,64.013,0.765
42.701497,329.880,64.013,0.736
42.713107,329.754,64.007,0.702
42.724717,329.278,63.982,0.659
42.736327,328.460,63.939,0.590
42.747937,328.333,63.932,0.514
42.759546,328.758,63.954,0.504
42.771156,328.846,63.959,0.504
42.782766,328.691,63.951,0.503
42.794376,328.560,63.944,0.494
42.805986,328.013,63.915,0.477
42.817596,327.396,63.882,0.464
42.829206,328.926,63.963,0.493
42.840816,438.787,68.952,0.617
42.852426,439.889,68.996,0.724
42.864036,443.530,69.138,0.785
42.875646,445.131,69.201,0.814
42.887256,446.296,69.246,0.836
42.898866,446.754,69.264,0.855
42.910476,446.945,69.271,0.871
42.922086,446.911,69.270,0.883
42.933696,447.667,69.299,0.885
42.945306,449.201,69.358,0.878
42.956916,450.525,69.409,0.867
42.968526,453.613,69.528,0.868
42.980136,460.311,69.781,0.869
42.991746,469.372,70.119,0.870
43.003356,479.264,70.480,0.873
43.014966,486.213,70.729,0.874
43.026576,489.071,70.831,0.878
43.038186,491.204,70.906,0.880
43.049796,492.583,70.954,0.884
43.061406,494.012,71.004,0.883
43.073016,494.587,71.025,0.882
43.084626,494.092,71.007,0.878
43.096236,492.234,70.942,0.876
43.107846,489.859,70.858,0.874
43.119456,487.236,70.765,0.868
43.131066,483.445,70.630,0.864
43.142676,477.691,70.423,0.859
43.154286,469.146,70.110,0.853
43.165896,457.849,69.688,0.847
43.177506,445.872,69.230,0.845
43.189116,386.277,66.746,0.841
43.200726,380.718,66.495,0.838
43.212336,373.644,66.170,0.838
43.223946,370.570,66.027,0.838
43.235556,370.332,66.016,0.838
43.247166,370.187,66.009,0.839
43.258776,369.685,65.986,0.838
43.270385,369.807,65.991,0.828
43.281995,370.561,66.026,0.815
43.293605,371.164,66.055,0.799
43.305215,371.888,66.088,0.781
43.316825,371.863,66.087,0.757
43.328435,370.792,66.037,0.726
43.340045,366.397,65.831,0.736
43.351655,363.502,65.694,0.753
43.363265,369.769,65.989,0.780
43.374875,371.754,66.082,0.811
43.386485,373.088,66.144,0.840
43.398095,373.619,66.169,0.862
43.409705,373.509,66.164,0.884
43.421315,373.085,66.144,0.899
43.432925,372.735,66.128,0.904
43.444535,372.363,66.110,0.904
43.456145,371.203,66.056,0.904
43.467755,369.268,65.966,0.902
43.479365,367.614,65.888,0.896
43.490975,366.854,65.852,0.893
43.502585,367.069,65.863,0.889
43.514195,368.207,65.916,0.888
43.525805,370.221,66.011,0.889
43.537415,371.980,66.093,0.894
43.549025,372.472,66.116,0.900
43.560635,372.448,66.114,0.902
43.572245,371.783,66.083,0.902
43.583855,370.433,66.020,0.897
43.595465,368.755,65.942,0.891
43.607075,367.682,65.891,0.885
43.618685,366.759,65.848,0.876
43.630295,366.883,65.854,0.869
43.641905,368.819,65.945,0.859
43.653515,372.071,66.097,0.849
43.665125,373.581,66.167,0.843
43.676735,374.482,66.209,0.834
43.688345,375.350,66.249,0.817
43.699955,375.807,66.270,0.803
43.711565,375.411,66.252,0.786
43.723175,374.744,66.221,0.752
43.734785,373.272,66.153,0.711
43.746395,371.099,66.052,0.663
43.758005,370.072,66.004,0.618
43.769615,368.807,65.944,0.593
43.781224,368.440,65.927,0.585
43.792834,370.023,66.001,0.563
43.804444,371.225,66.058,0.537
43.816054,373.408,66.159,0.535
43.827664,373.747,66.175,0.547
43.839274,373.733,66.174,0.556
43.850884,373.948,66.184,0.561
43.862494,373.258,66.152,0.562
43.874104,373.238,66.151,0.556
43.885714,372.813,66.131,0.548
43.897324,372.436,66.114,0.548
43.908934,371.807,66.085,0.542
43.920544,371.453,66.068,0.528
43.932154,372.306,66.108,0.521
43.943764,366.139,65.819,0.541
43.955374,370.495,66.023,0.588
43.966984,372.816,66.132,0.660
43.978594,374.657,66.217,0.715
43.990204,375.829,66.271,0.743
44.001814,374.517,66.210,0.764
44.013424,327.244,63.874,0.790
44.025034,326.409,63.830,0.816
44.036644,326.610,63.841,0.835
44.048254,326.877,63.855,0.846
44.059864,325.037,63.757,0.850
44.071474,325.770,63.796,0.853
44.083084,327.151,63.869,0.863
44.094694,327.949,63.912,0.871
44.106304,329.013,63.968,0.876
44.117914,329.708,64.004,0.877
44.129524,329.734,64.006,0.878
44.141134,329.625,64.000,0.883
44.152744,329.553,63.996,0.886
44.164354,329.750,64.006,0.886
44.175964,329.680,64.003,0.884
44.187574,329.762,64.007,0.883
44.199184,329.646,64.001,0.882
44.210794,329.564,63.997,0.880
44.222404,329.644,64.001,0.883
44.234014,329.620,64.000,0.883
44.245624,329.455,63.991,0.883
44.257234,329.351,63.985,0.881
44.268844,329.304,63.983,0.879
44.280454,329.231,63.979,0.877
44.292063,329.275,63.981,0.877
44.303673,329.296,63.983,0.875
44.315283,329.342,63.985,0.871
44.326893,329.381,63.987,0.867
44.338503,329.459,63.991,0.861
44.350113,329.570,63.997,0.858
44.361723,329.698,64.004,0.858
44.373333,329.778,64.008,0.857
44.384943,329.917,64.015,0.857
44.396553,330.009,64.020,0.854
44.408163,330.209,64.031,0.844
44.419773,330.309,64.036,0.837
44.431383,330.271,64.034,0.839
44.442993,330.391,64.040,0.836
44.454603,331.014,64.073,0.830
44.466213,333.837,64.220,0.832
44.477823,342.593,64.668,0.826
44.489433,360.638,65.557,0.828
44.501043,363.566,65.697,0.830
44.512653,367.472,65.882,0.826
44.524263,372.029,66.095,0.811
44.535873,372.717,66.127,0.800
44.547483,372.948,66.138,0.789
44.559093,373.140,66.147,0.762
44.570703,373.204,66.150,0.743
44.582313,344.513,64.765,0.707
44.593923,344.185,64.748,0.688
44.605533,82.581,40.037,0.674
44.617143,344.066,64.742,0.657
44.628753,414.053,67.948,0.688
44.640363,415.988,68.028,0.715
44.651973,417.268,68.082,0.741
44.663583,417.162,68.077,0.759
44.675193,208.267,56.051,0.776
44.686803,208.237,56.049,0.788
44.698413,208.158,56.042,0.799
44.710023,208.202,56.046,0.811
44.721633,208.219,56.047,0.810
44.733243,207.997,56.029,0.805
44.744853,207.698,56.004,0.794
44.756463,207.511,55.988,0.779
44.768073,415.855,68.023,0.776
44.779683,425.504,68.420,0.791
44.791293,438.476,68.940,0.804
44.802902,441.384,69.054,0.825
44.814512,442.162,69.085,0.845
44.826122,441.426,69.056,0.860
44.837732,440.108,69.004,0.873
44.849342,437.908,68.918,0.889
44.860952,435.394,68.818,0.899
44.872562,431.557,68.665,0.897
44.884172,426.784,68.472,0.897
44.895782,421.499,68.256,0.891
44.907392,417.292,68.083,0.883
44.919002,414.855,67.981,0.876
44.930612,413.318,67.917,0.876
44.942222,412.176,67.869,0.875
44.953832,411.887,67.857,0.872
44.965442,412.365,67.877,0.875
44.977052,412.999,67.904,0.877
44.988662,413.843,67.939,0.881
45.000272,414.485,67.966,0.886
45.011882,414.986,67.987,0.890
45.023492,415.347,68.002,0.889
45.035102,415.676,68.015,0.886
45.046712,415.778,68.020,0.885
45.058322,415.685,68.016,0.884
45.069932,415.585,68.012,0.882
45.081542,415.518,68.009,0.878
45.093152,415.375,68.003,0.874
45.104762,415.361,68.002,0.871
45.116372,415.403,68.004,0.871
45.127982,415.422,68.005,0.871
45.139592,415.460,68.006,0.871
45.151202,415.486,68.008,0.868
45.162812,415.682,68.016,0.869
45.174422,415.748,68.018,0.869
45.186032,415.903,68.025,0.868
45.197642,416.093,68.033,0.867
45.209252,416.165,68.036,0.864
45.220862,416.280,68.041,0.862
45.232472,416.170,68.036,0.862
45.244082,415.627,68.013,0.865
45.255692,414.468,67.965,0.862
45.267302,412.437,67.880,0.860
45.278912,407.746,67.682,0.859
45.290522,402.807,67.471,0.857
45.302132,396.981,67.219,0.858
45.313741,390.228,66.922,0.858
45.325351,383.248,66.609,0.858
45.336961,378.116,66.376,0.858
45.348571,376.254,66.290,0.864
45.360181,375.641,66.262,0.869
45.371791,376.040,66.281,0.871
45.383401,375.998,66.279,0.875
45.395011,375.375,66.250,0.876
45.406621,374.710,66.219,0.875
45.418231,373.438,66.160,0.875
45.429841,371.679,66.079,0.872
45.441451,368.915,65.949,0.865
45.453061,366.503,65.836,0.860
45.464671,365.124,65.771,0.859
45.476281,364.550,65.743,0.855
45.487891,366.235,65.823,0.855
45.499501,368.438,65.927,0.859
45.511111,370.492,66.023,0.859
45.522721,371.889,66.088,0.861
45.534331,372.083,66.097,0.863
45.545941,371.753,66.082,0.862
45.557551,371.329,66.062,0.863
45.569161,370.302,66.014,0.868
45.580771,368.234,65.917,0.869
45.592381,366.259,65.824,0.869
45.603991,365.760,65.801,0.864
45.615601,365.767,65.801,0.860
45.627211,367.415,65.879,0.868
45.638821,369.885,65.995,0.879
45.650431,371.663,66.078,0.881
45.662041,372.715,66.127,0.879
45.673651,372.905,66.136,0.876
45.685261,372.150,66.101,0.875
45.696871,370.567,66.027,0.880
45.708481,368.554,65.932,0.881
45.720091,366.401,65.831,0.874
45.731701,364.575,65.745,0.865
45.743311,364.004,65.717,0.859
45.754921,364.961,65.763,0.857
45.766531,367.619,65.888,0.863
45.778141,370.148,66.007,0.860
45.789751,372.340,66.109,0.855
45.801361,373.545,66.165,0.856
45.812971,374.312,66.201,0.853
45.824580,374.495,66.209,0.844
45.836190,373.588,66.167,0.838
45.847800,372.803,66.131,0.825
45.859410,371.561,66.073,0.803
45.871020,369.924,65.997,0.799
45.882630,368.883,65.948,0.792
45.894240,368.733,65.941,0.770
45.905850,369.189,65.962,0.767
45.917460,369.574,65.980,0.773
45.929070,370.031,66.002,0.768
45.940680,370.166,66.008,0.764
45.952290,370.155,66.008,0.756
45.963900,371.112,66.052,0.734
45.975510,371.560,66.073,0.726
45.987120,370.827,66.039,0.731
45.998730,370.708,66.033,0.705
46.010340,370.521,66.025,0.670
46.021950,368.791,65.944,0.649
46.033560,367.225,65.870,0.640
46.045170,366.683,65.844,0.646
46.056780,365.925,65.809,0.648
46.068390,364.720,65.751,0.622
46.080000,364.677,65.749,0.603
46.091610,365.301,65.779,0.601
46.103220,366.422,65.832,0.591
46.114830,367.192,65.868,0.595
46.126440,367.674,65.891,0.597
46.138050,368.222,65.917,0.584
46.149660,369.185,65.962,0.580
46.161270,370.088,66.004,0.579
46.172880,370.342,66.016,0.570
46.184490,369.635,65.983,0.576
46.196100,368.942,65.951,0.586
46.207710,368.769,65.943,0.577
46.219320,369.132,65.960,0.572
46.230930,369.286,65.967,0.582
46.242540,369.198,65.963,0.586
46.254150,368.566,65.933,0.588
46.265760,368.853,65.947,0.586
46.277370,370.466,66.022,0.573
46.288980,371.070,66.050,0.565
46.300590,371.096,66.051,0.568
46.312200,370.731,66.034,0.565
46.323810,371.244,66.058,0.549
46.335420,370.949,66.045,0.545
46.347029,370.972,66.046,0.548
46.358639,369.762,65.989,0.542
46.370249,367.329,65.875,0.533
46.381859,367.120,65.865,0.515
46.393469,367.508,65.883,0.495
46.405079,367.572,65.886,0.474
46.416689,368.792,65.944,0.454
46.428299,370.935,66.044,0.402
46.439909,370.936,66.044,0.323
46.451519,368.286,65.920,0.292
46.463129,368.434,65.927,0.273
46.474739,368.963,65.952,0.248
46.486349,1002.273,83.252,0.423
46.497959,133.248,48.319,0.549
46.509569,282.095,61.304,0.610
46.521179,280.234,61.190,0.676
46.532789,320.860,63.533,0.732
46.544399,323.685,63.685,0.766
46.556009,328.091,63.919,0.794
46.567619,329.584,63.998,0.814
46.579229,329.872,64.013,0.826
46.590839,329.732,64.006,0.831
46.602449,329.179,63.976,0.835
46.614059,329.812,64.010,0.825
46.625669,331.308,64.088,0.805
46.637279,330.731,64.058,0.784
46.648889,329.722,64.005,0.756
46.660499,328.918,63.963,0.728
46.672109,328.302,63.930,0.694
46.683719,328.126,63.921,0.652
46.695329,327.991,63.914,0.601
46.706939,84.824,40.500,0.576
46.718549,84.839,40.504,0.567
46.730159,373.160,66.147,0.580
46.741769,329.380,63.987,0.650
46.753379,330.430,64.042,0.699
46.764989,330.213,64.031,0.729
46.776599,329.437,63.990,0.755
46.788209,329.228,63.979,0.776
46.799819,329.296,63.983,0.793
46.811429,329.298,63.983,0.808
46.823039,329.252,63.980,0.816
46.834649,329.005,63.967,0.815
46.846259,328.718,63.952,0.815
46.857868,328.821,63.958,0.815
46.869478,329.196,63.977,0.811
46.881088,329.364,63.986,0.804
46.892698,328.941,63.964,0.793
46.904308,329.282,63.982,0.779
46.915918,329.979,64.018,0.765
46.927528,330.745,64.059,0.741
46.939138,331.265,64.086,0.707
46.950748,330.780,64.060,0.671
46.962358,329.655,64.001,0.628
46.973968,329.698,64.004,0.580
46.985578,329.343,63.985,0.555
46.997188,328.515,63.941,0.532
47.008798,328.677,63.950,0.525
47.020408,328.927,63.963,0.530
47.032018,328.910,63.962,0.532
47.043628,329.511,63.994,0.586
47.055238,374.642,66.216,0.671
47.066848,375.096,66.237,0.731
47.078458,375.034,66.234,0.770
47.090068,374.803,66.224,0.803
47.101678,373.987,66.186,0.831
47.113288,373.141,66.147,0.852
47.124898,372.198,66.103,0.867
47.136508,371.412,66.066,0.871
47.148118,368.221,65.917,0.870
47.159728,364.801,65.755,0.864
47.171338,363.988,65.717,0.857
47.182948,363.963,65.715,0.849
47.194558,364.090,65.722,0.842
47.206168,365.452,65.786,0.835
47.217778,368.811,65.945,0.832
47.229388,370.032,66.002,0.837
47.240998,370.298,66.014,0.840
47.252608,370.348,66.017,0.844
47.264218,369.137,65.960,0.842
47.275828,367.499,65.883,0.839
47.287438,366.810,65.850,0.837
47.299048,366.871,65.853,0.838
47.310658,367.387,65.878,0.840
47.322268,368.992,65.953,0.839
47.333878,370.875,66.041,0.830
47.345488,372.358,66.110,0.813
47.357098,373.388,66.158,0.802
47.368707,373.974,66.185,0.788
47.380317,374.247,66.198,0.762
47.391927,373.809,66.178,0.729
47.403537,372.627,66.123,0.678
47.415147,371.977,66.093,0.597
47.426757,371.908,66.089,0.519
47.438367,368.047,65.909,0.504
47.449977,367.364,65.876,0.530
47.461587,365.278,65.778,0.558
47.473197,372.301,66.108,0.610
47.484807,373.158,66.147,0.632
47.496417,373.400,66.159,0.648
47.508027,372.354,66.110,0.685
47.519637,333.606,64.208,0.739
47.531247,350.206,65.048,0.771
47.542857,361.742,65.610,0.799
47.554467,367.400,65.878,0.821
47.566077,369.544,65.979,0.833
47.577687,370.387,66.018,0.842
47.589297,369.663,65.984,0.850
47.600907,368.881,65.948,0.855
47.612517,369.282,65.967,0.850
47.624127,370.107,66.005,0.844
47.635737,371.099,66.052,0.841
47.647347,372.261,66.106,0.840
47.658957,374.987,66.232,0.840
47.670567,383.344,66.614,0.851
47.682177,814.730,79.666,0.860
47.693787,818.670,79.749,0.866
47.705397,408.234,67.703,0.873
47.717007,410.982,67.819,0.882
47.728617,413.102,67.908,0.886
47.740227,414.293,67.958,0.889
47.751837,415.093,67.991,0.888
47.763447,415.132,67.993,0.887
47.775057,414.894,67.983,0.885
47.786667,414.777,67.978,0.882
47.798277,414.759,67.977,0.878
47.809887,414.846,67.981,0.874
47.821497,414.981,67.987,0.870
47.833107,415.228,67.997,0.865
47.844717,415.247,67.998,0.867
47.856327,415.587,68.012,0.864
47.867937,415.555,68.010,0.862
47.879546,415.275,67.999,0.857
47.891156,415.169,67.994,0.849
47.902766,415.264,67.998,0.838
47.914376,415.237,67.997,0.824
47.925986,415.114,67.992,0.805
47.937596,415.036,67.989,0.779
47.949206,415.101,67.992,0.745
47.960816,415.307,68.000,0.705
47.972426,415.608,68.013,0.667
47.984036,416.006,68.029,0.648
47.995646,415.747,68.018,0.632
48.007256,415.274,67.999,0.624
48.018866,416.529,68.051,0.672
48.030476,165.290,52.050,0.731
48.042086,165.951,52.119,0.761
48.053696,166.366,52.162,0.786
48.065306,499.266,71.188,0.808
48.076916,496.932,71.107,0.824
48.088526,494.350,71.016,0.838
48.100136,492.312,70.945,0.851
48.111746,491.196,70.906,0.853
48.123356,488.660,70.816,0.850
48.134966,486.882,70.753,0.851
48.146576,486.030,70.723,0.855
48.158186,485.704,70.711,0.855
48.169796,488.464,70.809,0.854
48.181406,491.938,70.932,0.855
48.193016,493.635,70.991,0.857
48.204626,494.120,71.008,0.858
48.216236,494.360,71.017,0.859
48.227846,492.737,70.960,0.857
48.239456,490.142,70.868,0.854
48.251066,488.415,70.807,0.853
48.262676,488.071,70.795,0.853
48.274286,488.957,70.826,0.854
48.285896,491.655,70.922,0.853
48.297506,494.941,71.037,0.850
48.309116,496.975,71.108,0.845
48.320726,497.892,71.140,0.842
48.332336,498.077,71.146,0.836
48.343946,497.964,71.142,0.827
48.355556,497.494,71.126,0.809
48.367166,495.631,71.061,0.783
48.378776,492.377,70.947,0.753
48.390385,489.323,70.839,0.724
48.401995,485.190,70.693,0.694
48.413605,480.460,70.523,0.652
48.425215,478.911,70.467,0.594
48.436825,242.068,58.655,0.524
48.448435,242.299,58.671,0.512
48.460045,163.212,51.831,0.540
48.471655,481.675,70.567,0.591
48.483265,485.028,70.687,0.693
48.494875,494.127,71.009,0.743
48.506485,496.978,71.108,0.767
48.518095,496.048,71.076,0.794
48.529705,494.330,71.016,0.811
48.541315,493.291,70.979,0.823
48.552925,492.642,70.956,0.832
48.564535,492.676,70.958,0.837
48.576145,493.325,70.980,0.828
48.587755,494.367,71.017,0.825
48.599365,495.443,71.055,0.830
48.610975,498.773,71.171,0.829
48.622585,503.720,71.341,0.830
48.634195,543.166,72.647,0.834
48.645805,545.740,72.729,0.839
48.657415,547.777,72.793,0.844
48.669025,549.853,72.858,0.845
48.680635,552.133,72.930,0.843
48.692245,554.002,72.989,0.841
48.703855,554.756,73.012,0.840
48.715465,554.876,73.016,0.839
48.727075,555.015,73.020,0.841
48.738685,555.068,73.022,0.841
48.750295,554.964,73.019,0.842
48.761905,554.988,73.019,0.843
48.773515,555.049,73.021,0.845
48.785125,555.190,73.026,0.844
48.796735,555.102,73.023,0.846
48.808345,555.037,73.021,0.836
48.819955,554.888,73.016,0.821
48.831565,554.742,73.012,0.802
48.843175,554.641,73.009,0.779
48.854785,554.381,73.000,0.752
48.866395,554.265,72.997,0.712
48.878005,554.097,72.992,0.663
48.889615,553.533,72.974,0.577
48.901224,551.734,72.918,0.535
48.912834,279.417,61.139,0.524
48.924444,551.813,72.920,0.540
48.936054,551.915,72.923,0.556
48.947664,551.753,72.918,0.577
48.959274,551.503,72.910,0.590
48.970884,550.279,72.872,0.634
48.982494,524.286,72.034,0.745
48.994104,545.252,72.713,0.782
49.005714,547.501,72.784,0.825
49.017324,548.579,72.818,0.856
49.028934,549.054,72.833,0.875
49.040544,548.745,72.824,0.890
49.052154,548.137,72.804,0.905
49.063764,547.257,72.777,0.912
49.075374,546.240,72.744,0.905
49.086984,543.009,72.642,0.903
49.098594,537.430,72.463,0.892
49.110204,526.946,72.122,0.879
49.121814,514.673,71.714,0.871
49.133424,506.363,71.432,0.861
49.145034,501.720,71.273,0.850
49.156644,498.745,71.170,0.846
49.168254,496.274,71.084,0.836
49.179864,494.869,71.035,0.831
49.191474,494.499,71.022,0.829
49.203084,247.244,59.021,0.829
49.214694,247.270,59.023,0.829
49.226304,494.398,71.018,0.828
49.237914,494.575,71.024,0.827
49.249524,494.626,71.026,0.827
49.261134,494.621,71.026,0.830
49.272744,494.474,71.021,0.834
49.284354,494.484,71.021,0.838
49.295964,494.447,71.020,0.839
49.307574,494.532,71.023,0.839
49.319184,494.841,71.034,0.840
49.330794,495.221,71.047,0.838
49.342404,123.756,47.040,0.835
49.354014,123.814,47.048,0.824
49.365624,495.942,71.072,0.809
49.377234,496.092,71.077,0.791
49.388844,496.728,71.099,0.781
49.400454,496.716,71.099,0.777
49.412063,496.226,71.082,0.769
49.423673,492.252,70.943,0.766
49.435283,493.111,70.973,0.764
49.446893,545.214,72.712,0.767
49.458503,545.850,72.732,0.770
49.470113,548.346,72.811,0.770
49.481723,551.254,72.903,0.758
49.493333,110.579,45.091,0.740
49.504943,110.604,45.095,0.723
49.516553,110.783,45.123,0.698
49.528163,110.540,45.085,0.670
49.539773,110.479,45.075,0.647
49.551383,110.437,45.069,0.626
49.562993,504.604,71.372,0.608
49.574603,502.856,71.312,0.610
49.586213,500.222,71.221,0.617
49.597823,499.445,71.194,0.627
49.609433,123.231,46.966,0.639
49.621043,123.247,46.969,0.654
49.632653,123.183,46.960,0.662
49.644263,123.381,46.987,0.672
49.655873,123.447,46.997,0.678
49.667483,123.437,46.995,0.680
49.679093,123.496,47.004,0.679
49.690703,123.602,47.018,0.680
49.702313,282.398,61.323,0.674
49.713923,282.040,61.301,0.657
49.725533,281.811,61.287,0.643
49.737143,282.640,61.338,0.622
49.748753,282.472,61.327,0.600
49.760363,374.716,66.220,0.642
49.771973,380.854,66.501,0.683
49.783583,435.093,68.806,0.715
49.795193,433.847,68.756,0.746
49.806803,433.269,68.733,0.775
49.818413,431.956,68.681,0.798
49.830023,431.049,68.644,0.813
49.841633,430.886,68.638,0.828
49.853243,430.721,68.631,0.829
49.864853,215.501,56.642,0.829
49.876463,418.800,68.145,0.833
49.888073,415.145,67.993,0.832
49.899683,413.991,67.945,0.826
49.911293,412.902,67.900,0.823
49.922902,412.268,67.873,0.822
49.934512,412.127,67.867,0.820
49.946122,412.061,67.864,0.819
49.957732,411.712,67.850,0.816
49.969342,410.801,67.811,0.803
49.980952,409.922,67.774,0.792
49.992562,408.854,67.729,0.782
50.004172,408.043,67.695,0.767
50.015782,407.241,67.661,0.759
50.027392,135.637,48.627,0.746
50.039002,652.634,75.825,0.731
50.050612,778.433,78.877,0.718
50.062222,672.322,76.340,0.726
50.073832,717.814,77.473,0.737
50.085442,736.951,77.929,0.760
50.097052,744.337,78.101,0.790
50.108662,748.980,78.209,0.815
50.120272,748.477,78.197,0.835
50.131882,498.134,71.148,0.849
50.143492,496.949,71.107,0.861
50.155102,496.212,71.081,0.866
50.166712,496.444,71.090,0.869
50.178322,497.111,71.113,0.870
50.189932,498.235,71.152,0.867
50.201542,499.862,71.208,0.866
50.213152,503.185,71.323,0.866
50.224762,508.403,71.502,0.867
50.236372,519.238,71.867,0.864
50.247982,533.797,72.345,0.866
50.259592,544.225,72.680,0.870
50.271202,548.151,72.805,0.870
50.282812,551.831,72.921,0.874
50.294422,554.977,73.019,0.873
50.306032,556.354,73.062,0.873
50.317642,556.335,73.061,0.877
50.329252,555.921,73.049,0.885
50.340862,555.528,73.036,0.889
50.352472,555.228,73.027,0.891
50.364082,555.135,73.024,0.898
50.375692,555.154,73.025,0.901
50.387302,555.232,73.027,0.897
50.398912,555.240,73.027,0.892
50.410522,555.241,73.027,0.884
50.422132,555.136,73.024,0.873
50.433741,555.112,73.023,0.863
50.445351,554.959,73.019,0.854
50.456961,554.437,73.002,0.840
50.468571,553.875,72.985,0.828
50.480181,553.634,72.977,0.823
50.491791,553.678,72.979,0.826
50.503401,553.845,72.984,0.829
50.515011,553.818,72.983,0.833
50.526621,553.421,72.970,0.832
50.538231,553.090,72.960,0.828
50.549841,553.478,72.972,0.828
50.561451,553.814,72.983,0.826
50.573061,554.034,72.990,0.827
50.584671,554.124,72.992,0.827
50.596281,554.550,73.006,0.824
50.607891,555.236,73.027,0.814
50.619501,554.746,73.012,0.812
50.631111,553.456,72.972,0.817
50.642721,551.764,72.919,0.814
50.654331,550.880,72.891,0.814
50.665941,550.903,72.892,0.814
50.677551,550.307,72.873,0.809
50.689161,506.256,71.428,0.808
50.700771,504.104,71.355,0.817
50.712381,502.841,71.311,0.821
50.723991,501.326,71.259,0.820
50.735601,500.031,71.214,0.821
50.747211,165.405,52.062,0.821
50.758821,165.009,52.020,0.816
50.770431,164.767,51.995,0.814
50.782041,164.615,51.979,0.812
50.793651,164.537,51.971,0.808
50.805261,164.505,51.968,0.807
50.816871,164.491,51.966,0.805
50.828481,164.536,51.971,0.805
50.840091,164.606,51.978,0.806
50.851701,164.662,51.984,0.807
50.863311,164.659,51.984,0.809
50.874921,164.660,51.984,0.811
50.886531,164.670,51.985,0.812
50.898141,164.712,51.989,0.811
50.909751,164.780,51.997,0.810
50.921361,164.812,52.000,0.808
50.932971,247.280,59.024,0.807
50.944580,247.297,59.025,0.805
50.956190,247.330,59.027,0.804
50.967800,247.275,59.023,0.804
50.979410,247.163,59.016,0.799
50.991020,247.068,59.009,0.787
51.002630,493.942,71.002,0.778
51.014240,493.592,70.990,0.772
51.025850,493.613,70.991,0.771
51.037460,494.419,71.019,0.780
51.049070,496.417,71.089,0.783
51.060680,501.594,71.268,0.783
51.072290,504.627,71.373,0.795
51.083900,503.475,71.333,0.807
51.095510,502.949,71.315,0.814
51.107120,501.927,71.280,0.818
51.118730,500.695,71.237,0.816
51.130340,499.067,71.181,0.807
51.141950,495.030,71.040,0.806
51.153560,492.421,70.949,0.802
51.165170,490.344,70.876,0.790
51.176780,244.192,58.806,0.791
51.188390,244.285,58.813,0.795
51.200000,488.768,70.820,0.795
51.211610,487.991,70.792,0.803
51.223220,488.227,70.801,0.807
51.234830,488.502,70.810,0.802
51.246440,446.849,69.267,0.803
51.258050,446.061,69.237,0.807
51.269660,416.412,68.046,0.806
51.281270,416.538,68.051,0.805
51.292880,416.258,68.040,0.806
51.304490,415.819,68.021,0.802
51.316100,415.363,68.002,0.800
51.327710,415.143,67.993,0.806
51.339320,415.191,67.995,0.808
51.350930,415.214,67.996,0.809
51.362540,415.097,67.991,0.810
51.374150,414.883,67.982,0.809
51.385760,414.663,67.973,0.810
51.397370,414.521,67.967,0.810
51.408980,414.567,67.969,0.811
51.420590,414.811,67.979,0.810
51.432200,415.140,67.993,0.810
51.443810,415.435,68.005,0.810
51.455420,415.706,68.017,0.809
51.467029,415.956,68.027,0.808
51.478639,416.086,68.033,0.806
51.490249,416.103,68.033,0.807
51.501859,416.146,68.035,0.808
51.513469,416.068,68.032,0.806
51.525079,415.860,68.023,0.802
51.536689,415.758,68.019,0.799
51.548299,415.641,68.014,0.796
51.559909,415.581,68.012,0.797
51.571519,415.619,68.013,0.797
51.583129,415.561,68.011,0.794
51.594739,415.436,68.005,0.789
51.606349,415.439,68.006,0.786
51.617959,415.425,68.005,0.785
51.629569,415.385,68.003,0.785
51.641179,415.071,67.990,0.786
51.652789,414.640,67.972,0.785
51.664399,414.286,67.957,0.783
51.676009,414.076,67.949,0.782
51.687619,414.080,67.949,0.785
51.699229,414.128,67.951,0.788
51.710839,414.192,67.954,0.790
51.722449,414.263,67.957,0.793
51.734059,414.563,67.969,0.796
51.745669,414.974,67.986,0.801
51.757279,415.314,68.000,0.809
51.768889,415.512,68.009,0.816
51.780499,415.799,68.021,0.819
51.792109,415.880,68.024,0.821
51.803719,416.038,68.031,0.822
51.815329,416.154,68.035,0.821
51.826939,416.144,68.035,0.818
51.838549,416.022,68.030,0.816
51.850159,415.934,68.026,0.806
51.861769,415.927,68.026,0.796
51.873379,415.989,68.028,0.785
51.884989,416.104,68.033,0.772
51.896599,416.077,68.032,0.753
51.908209,416.154,68.035,0.732
51.919819,416.294,68.041,0.706
51.931429,416.440,68.047,0.672
51.943039,416.816,68.063,0.634
51.954649,416.750,68.060,0.590
51.966259,416.054,68.031,0.539
51.977868,415.348,68.002,0.484
51.989478,415.190,67.995,0.474
52.001088,415.373,68.003,0.457
52.012698,415.940,68.026,0.481
52.024308,415.762,68.019,0.567
52.035918,416.942,68.068,0.662
52.047528,419.494,68.174,0.705
52.059138,433.557,68.745,0.741
52.070748,437.504,68.902,0.771
52.082358,438.557,68.943,0.797
52.093968,439.269,68.971,0.820
52.105578,439.769,68.991,0.837
52.117188,440.456,69.018,0.845
52.128798,441.487,69.058,0.844
52.140408,442.913,69.114,0.850
52.152018,445.411,69.212,0.855
52.163628,450.377,69.404,0.863
52.175238,916.056,81.695,0.870
52.186848,927.066,81.902,0.879
52.198458,940.307,82.148,0.885
52.210068,956.806,82.449,0.893
52.221678,489.353,70.840,0.902
52.233288,491.545,70.918,0.909
52.244898,493.429,70.984,0.912
52.256508,495.049,71.041,0.910
52.268118,495.924,71.071,0.905
52.279728,495.685,71.063,0.892
52.291338,495.191,71.046,0.873
52.302948,494.891,71.035,0.852
52.314558,494.814,71.033,0.822
52.326168,494.958,71.038,0.782
52.337778,494.629,71.026,0.734
52.349388,492.865,70.964,0.681
52.360998,478.366,70.447,0.644
52.372608,458.025,69.695,0.662
52.384218,462.952,69.880,0.719
52.395828,466.982,70.030,0.755
52.407438,472.512,70.234,0.797
52.419048,477.948,70.432,0.844
52.430658,481.877,70.574,0.879
52.442268,484.756,70.677,0.897
52.453878,487.201,70.764,0.907
52.465488,489.233,70.836,0.911
52.477098,491.104,70.902,0.910
52.488707,492.102,70.937,0.908
52.500317,493.082,70.972,0.901
52.511927,493.850,70.999,0.885
52.523537,493.918,71.001,0.864
52.535147,493.608,70.990,0.853
52.546757,493.496,70.986,0.850
52.558367,493.524,70.987,0.855
52.569977,493.897,71.000,0.861
52.581587,494.286,71.014,0.866
52.593197,494.682,71.028,0.869
52.604807,494.727,71.030,0.873
52.616417,494.634,71.026,0.879
52.628027,494.563,71.024,0.884
52.639637,494.401,71.018,0.886
52.651247,494.149,71.009,0.880
52.662857,493.994,71.004,0.870
52.674467,493.854,70.999,0.862
52.686077,493.719,70.994,0.854
52.697687,493.553,70.988,0.843
52.709297,493.446,70.985,0.827
52.720907,493.425,70.984,0.808
52.732517,493.580,70.989,0.784
52.744127,493.822,70.998,0.777
52.755737,493.971,71.003,0.784
52.767347,494.256,71.013,0.794
52.778957,494.248,71.013,0.806
52.790567,494.179,71.010,0.821
52.802177,493.898,71.001,0.839
52.813787,1002.273,83.252,0.857
52.825397,1002.273,83.252,0.872
52.837007,1002.273,83.252,0.882
52.848617,1002.273,83.252,0.889
52.860227,1002.273,83.252,0.897
52.871837,1002.273,83.252,0.907
52.883447,1002.273,83.252,0.914
52.895057,1002.273,83.252,0.920
52.906667,1002.273,83.252,0.922
52.918277,1002.273,83.252,0.926
52.929887,1002.273,83.252,0.932
52.941497,1002.273,83.252,0.939
52.953107,1002.273,83.252,0.945
52.964717,1002.273,83.252,0.946
52.976327,1002.273,83.252,0.944
52.987937,1002.273,83.252,0.942
52.999546,1002.273,83.252,0.940
53.011156,1002.273,83.252,0.938
53.022766,1002.273,83.252,0.934
53.034376,1002.273,83.252,0.927
53.045986,1002.273,83.252,0.919
53.057596,1002.273,83.252,0.911
53.069206,1002.273,83.252,0.907
53.080816,1002.273,83.252,0.903
53.092426,1002.273,83.252,0.899
53.104036,1002.273,83.252,0.896
53.115646,1002.273,83.252,0.892
53.127256,1002.273,83.252,0.888
53.138866,1002.273,83.252,0.884
53.150476,1002.273,83.252,0.879
53.162086,1002.273,83.252,0.871
53.173696,1002.273,83.252,0.864
53.185306,494.490,71.021,0.859
53.196916,494.476,71.021,0.855
53.208526,494.358,71.017,0.856
53.220136,494.217,71.012,0.860
53.231746,493.997,71.004,0.867
53.243356,493.727,70.995,0.876
53.254966,493.551,70.988,0.886
53.266576,493.489,70.986,0.893
53.278186,1002.273,83.252,0.897
53.289796,1002.273,83.252,0.898
53.301406,1002.273,83.252,0.894
53.313016,1002.273,83.252,0.890
53.324626,1002.273,83.252,0.885
53.336236,1002.273,83.252,0.880
53.347846,1002.273,83.252,0.871
53.359456,1002.273,83.252,0.860
53.371066,495.037,71.040,0.848
53.382676,494.889,71.035,0.837
53.394286,494.811,71.032,0.827
53.405896,494.756,71.031,0.815
53.417506,494.617,71.026,0.803
53.429116,494.511,71.022,0.789
53.440726,494.397,71.018,0.781
53.452336,493.958,71.003,0.782
53.463946,493.382,70.982,0.793
53.475556,493.148,70.974,0.807
53.487166,493.102,70.973,0.825
53.498776,493.159,70.975,0.842
53.510385,493.312,70.980,0.854
53.521995,493.360,70.982,0.867
53.533605,493.381,70.982,0.877
53.545215,493.536,70.988,0.886
53.556825,1002.273,83.252,0.889
53.568435,493.830,70.998,0.890
53.580045,493.870,71.000,0.887
53.591655,493.855,70.999,0.884
53.603265,493.881,71.000,0.882
53.614875,493.947,71.002,0.879
53.626485,493.997,71.004,0.878
53.638095,494.078,71.007,0.875
53.649705,494.042,71.006,0.871
53.661315,494.059,71.006,0.864
53.672925,494.115,71.008,0.859
53.684535,494.240,71.013,0.853
53.696145,494.343,71.016,0.847
53.707755,494.252,71.013,0.843
53.719365,494.301,71.015,0.841
53.730975,494.160,71.010,0.840
53.742585,494.096,71.007,0.844
53.754195,494.091,71.007,0.851
53.765805,494.053,71.006,0.855
53.777415,493.974,71.003,0.860
53.789025,493.819,70.998,0.864
53.800635,493.746,70.995,0.866
53.812245,493.685,70.993,0.867
53.823855,493.602,70.990,0.867
53.835465,493.553,70.988,0.868
53.847075,493.435,70.984,0.869
53.858685,493.334,70.981,0.873
53.870295,493.337,70.981,0.877
53.881905,493.332,70.981,0.881
53.893515,493.356,70.982,0.884
53.905125,493.342,70.981,0.887
53.916735,493.362,70.982,0.888
53.928345,493.305,70.980,0.889
53.939955,493.240,70.977,0.886
53.951565,1002.273,83.252,0.882
53.963175,1002.273,83.252,0.875
53.974785,1002.273,83.252,0.866
53.986395,1002.273,83.252,0.857
53.998005,1002.273,83.252,0.846
54.009615,493.785,70.997,0.836
54.021224,494.090,71.007,0.827
54.032834,494.300,71.015,0.822
54.044444,494.474,71.021,0.817
54.056054,494.496,71.021,0.816
54.067664,494.459,71.020,0.817
54.079274,494.296,71.014,0.823
54.090884,494.185,71.011,0.829
54.102494,494.078,71.007,0.836
54.114104,494.013,71.005,0.840
54.125714,494.007,71.004,0.843
54.137324,493.972,71.003,0.846
54.148934,494.053,71.006,0.850
54.160544,494.129,71.009,0.853
54.172154,494.263,71.013,0.854
54.183764,494.266,71.013,0.857
54.195374,494.309,71.015,0.859
54.206984,494.228,71.012,0.862
54.218594,494.115,71.008,0.863
54.230204,1002.273,83.252,0.865
54.241814,1002.273,83.252,0.865
54.253424,493.804,70.997,0.864
54.265034,1002.273,83.252,0.863
54.276644,493.711,70.994,0.860
54.288254,493.750,70.995,0.859
54.299864,493.780,70.996,0.858
54.311474,493.769,70.996,0.862
54.323084,493.622,70.991,0.868
54.334694,493.651,70.992,0.874
54.346304,493.788,70.997,0.883
54.357914,1002.273,83.252,0.890
54.369524,1002.273,83.252,0.894
54.381134,1002.273,83.252,0.894
54.392744,1002.273,83.252,0.892
54.404354,494.747,71.030,0.887
54.415964,495.072,71.042,0.881
54.427574,495.188,71.046,0.877
54.439184,495.160,71.045,0.873
54.450794,494.922,71.036,0.872
54.462404,494.558,71.024,0.875
54.474014,494.080,71.007,0.881
54.485624,1002.273,83.252,0.888
54.497234,1002.273,83.252,0.896
54.508844,1002.273,83.252,0.903
54.520454,1002.273,83.252,0.907
54.532063,1002.273,83.252,0.908
54.543673,1002.273,83.252,0.909
54.555283,1002.273,83.252,0.911
54.566893,1002.273,83.252,0.912
54.578503,1002.273,83.252,0.915
54.590113,1002.273,83.252,0.918
54.601723,1002.273,83.252,0.920
54.613333,1002.273,83.252,0.916
54.624943,1002.273,83.252,0.906
54.636553,1002.273,83.252,0.893
54.648163,491.471,70.915,0.882
54.659773,491.803,70.927,0.870
54.671383,492.650,70.957,0.853
54.682993,493.570,70.989,0.835
54.694603,494.465,71.020,0.819
54.706213,494.615,71.026,0.816
54.717823,493.856,70.999,0.839
54.729433,492.632,70.956,0.869
54.741043,1002.273,83.252,0.888
54.752653,979.796,82.860,0.903
54.764263,978.746,82.841,0.919
54.775873,978.587,82.838,0.928
54.787483,979.474,82.854,0.934
54.799093,1002.273,83.252,0.944
54.810703,1002.273,83.252,0.944
54.822313,1002.273,83.252,0.931
54.833923,1002.273,83.252,0.920
54.845533,1002.273,83.252,0.914
54.857143,495.756,71.066,0.907
54.868753,495.392,71.053,0.901
54.880363,494.187,71.011,0.898
54.891973,492.673,70.958,0.889
54.903583,491.860,70.929,0.884
54.915193,1002.273,83.252,0.891
54.926803,1002.273,83.252,0.894
54.938413,1002.273,83.252,0.890
54.950023,492.604,70.955,0.874
54.961633,493.774,70.996,0.865
54.973243,495.056,71.041,0.854
54.984853,496.629,71.096,0.836
54.996463,497.654,71.132,0.822
55.008073,498.065,71.146,0.811
55.019683,497.850,71.139,0.791
55.031293,497.145,71.114,0.771
55.042902,496.414,71.088,0.768
55.054512,495.316,71.050,0.766
55.066122,494.223,71.012,0.778
55.077732,493.302,70.980,0.810
55.089342,1002.273,83.252,0.829
55.100952,1002.273,83.252,0.836
55.112562,1002.273,83.252,0.839
55.124172,1002.273,83.252,0.839
55.135782,1002.273,83.252,0.844
55.147392,1002.273,83.252,0.850
55.159002,1002.273,83.252,0.845
55.170612,1002.273,83.252,0.825
55.182222,494.009,71.004,0.798
55.193832,492.327,70.945,0.772
55.205442,491.733,70.924,0.752
55.217052,491.850,70.929,0.736
55.228662,492.239,70.942,0.717
55.240272,492.135,70.939,0.685
55.251882,491.794,70.927,0.638
55.263492,491.289,70.909,0.591
55.275102,491.590,70.919,0.558
55.286712,492.360,70.947,0.550
55.298322,493.122,70.973,0.551
55.309932,493.397,70.983,0.565
55.321542,492.944,70.967,0.593
55.333152,1002.273,83.252,0.600
55.344762,1002.273,83.252,0.607
55.356372,1002.273,83.252,0.616
55.367982,1002.273,83.252,0.618
55.379592,1002.273,83.252,0.625
55.391202,1002.273,83.252,0.636
55.402812,1002.273,83.252,0.635
55.414422,1002.273,83.252,0.615
55.426032,1002.273,83.252,0.592
55.437642,1002.273,83.252,0.581
55.449252,1002.273,83.252,0.573
55.460862,1002.273,83.252,0.562
55.472472,496.392,71.088,0.555
55.484082,496.525,71.092,0.563
55.495692,1002.273,83.252,0.574
55.507302,1002.273,83.252,0.575
55.518912,1002.273,83.252,0.576
55.530522,1002.273,83.252,0.570
55.542132,499.956,71.212,0.638
55.553741,503.400,71.330,0.691
55.565351,948.053,82.290,0.736
55.576961,931.085,81.977,0.788
55.588571,926.509,81.892,0.810
55.600181,923.236,81.830,0.844
55.611791,919.955,81.769,0.871
55.623401,916.438,81.702,0.892
55.635011,912.606,81.630,0.896
55.646621,907.433,81.531,0.899
55.658231,450.836,69.421,0.902
55.669841,450.126,69.394,0.896
55.681451,450.957,69.426,0.898
55.693061,451.702,69.454,0.890
55.704671,452.878,69.499,0.876
55.716281,898.973,81.369,0.862
55.727891,470.455,70.159,0.853
55.739501,478.014,70.435,0.844
55.751111,483.830,70.644,0.831
55.762721,488.045,70.794,0.825
55.774331,490.946,70.897,0.818
55.785941,492.723,70.959,0.810
55.797551,493.654,70.992,0.814
55.809161,493.627,70.991,0.823
55.820771,492.766,70.961,0.837
55.832381,492.155,70.939,0.848
55.843991,492.313,70.945,0.862
55.855601,492.818,70.963,0.861
55.867211,493.027,70.970,0.855
55.878821,492.848,70.964,0.854
55.890431,492.748,70.960,0.850
55.902041,493.049,70.971,0.845
55.913651,495.214,71.047,0.836
55.925261,346.795,64.879,0.823
55.936871,350.101,65.043,0.799
55.948481,726.725,77.687,0.786
55.960091,726.672,77.686,0.781
55.971701,727.294,77.700,0.767
55.983311,727.784,77.712,0.751
55.994921,727.783,77.712,0.721
56.006531,457.699,69.683,0.687
56.018141,459.571,69.753,0.657
56.029751,461.772,69.836,0.630
56.041361,485.519,70.704,0.612
56.052971,488.484,70.810,0.579
56.064580,490.127,70.868,0.570
56.076190,489.870,70.859,0.567
56.087800,489.025,70.829,0.572
56.099410,487.732,70.783,0.573
56.111020,486.431,70.737,0.572
56.122630,483.262,70.624,0.573
56.134240,483.061,70.616,0.573
56.145850,482.575,70.599,0.575
56.157460,481.675,70.567,0.560
56.169070,480.343,70.519,0.549
56.180680,478.791,70.463,0.539
56.192290,480.836,70.536,0.639
56.203900,485.343,70.698,0.736
56.215510,490.276,70.873,0.775
56.227120,491.680,70.923,0.799
56.238730,490.842,70.893,0.823
56.250340,489.370,70.841,0.840
56.261950,487.330,70.769,0.856
56.273560,485.518,70.704,0.877
56.285170,485.958,70.720,0.886
56.296780,486.424,70.737,0.880
56.308390,486.736,70.748,0.879
56.320000,487.346,70.769,0.881
56.331610,488.259,70.802,0.877
56.343220,489.729,70.854,0.877
56.354830,491.285,70.909,0.875
56.366440,492.562,70.954,0.865
56.378050,493.604,70.990,0.855
56.389660,494.335,71.016,0.851
56.401270,494.701,71.029,0.849
56.412880,494.774,71.031,0.849
56.424490,494.315,71.015,0.850
56.436100,493.663,70.992,0.852
56.447710,493.316,70.980,0.854
56.459320,493.312,70.980,0.855
56.470930,493.430,70.984,0.851
56.482540,493.461,70.985,0.845
56.494150,493.434,70.984,0.839
56.505760,493.334,70.981,0.834
56.517370,493.460,70.985,0.836
56.528980,494.081,71.007,0.835
56.540590,495.435,71.054,0.835
56.552200,497.099,71.112,0.846
56.563810,497.100,71.112,0.859
56.575420,496.219,71.082,0.869
56.587029,494.892,71.035,0.881
56.598639,493.716,70.994,0.892
56.610249,492.608,70.955,0.898
56.621859,491.674,70.922,0.904
56.633469,490.880,70.894,0.912
56.645079,490.169,70.869,0.913
56.656689,490.062,70.866,0.915
56.668299,490.664,70.887,0.919
56.679909,491.555,70.918,0.918
56.691519,492.628,70.956,0.914
56.703129,494.006,71.004,0.912
56.714739,495.227,71.047,0.908
56.726349,496.159,71.080,0.903
56.737959,496.283,71.084,0.901
56.749569,495.932,71.072,0.901
56.761179,495.049,71.041,0.900
56.772789,494.022,71.005,0.902
56.784399,493.430,70.984,0.903
56.796009,493.247,70.978,0.901
56.807619,493.440,70.984,0.898
56.819229,493.821,70.998,0.893
56.830839,494.013,71.005,0.881
56.842449,494.354,71.016,0.862
56.854059,496.057,71.076,0.850
56.865669,499.047,71.180,0.844
56.877279,501.012,71.248,0.838
56.888889,544.924,72.703,0.836
56.900499,554.490,73.004,0.837
56.912109,557.076,73.084,0.844
56.923719,557.008,73.082,0.854
56.935329,556.029,73.052,0.867
56.946939,554.904,73.017,0.871
56.958549,554.110,72.992,0.870
56.970159,553.355,72.968,0.870
56.981769,552.591,72.945,0.868
56.993379,551.988,72.926,0.870
57.004989,551.752,72.918,0.868
57.016599,551.916,72.923,0.868
57.028209,552.371,72.938,0.869
57.039819,553.262,72.966,0.865
57.051429,554.202,72.995,0.859
57.063039,554.695,73.010,0.845
57.074649,554.691,73.010,0.831
57.086259,554.104,72.992,0.811
57.097868,553.171,72.963,0.789
57.109478,552.215,72.933,0.761
57.121088,550.957,72.893,0.728
57.132698,548.705,72.822,0.684
57.144308,139.429,49.104,0.642
57.155918,139.434,49.105,0.634
57.167528,139.410,49.102,0.650
57.179138,671.061,76.307,0.794
57.190748,666.856,76.198,0.839
57.202358,665.276,76.157,0.862
57.213968,665.083,76.152,0.879
57.225578,664.747,76.144,0.891
57.237188,663.955,76.123,0.900
57.248798,663.110,76.101,0.910
57.260408,660.692,76.038,0.917
57.272018,656.751,75.934,0.889
57.283628,653.548,75.849,0.875
57.295238,651.886,75.805,0.874
57.306848,651.636,75.799,0.879
57.318458,651.752,75.802,0.889
57.330068,652.040,75.809,0.898
57.341678,652.790,75.829,0.902
57.353288,654.349,75.871,0.898
57.364898,655.649,75.905,0.893
57.376508,658.342,75.976,0.882
57.388118,328.826,63.958,0.868
57.399728,328.525,63.942,0.845
57.411338,328.157,63.923,0.815
57.422948,652.046,75.810,0.774
57.434558,650.802,75.777,0.737
57.446168,331.373,64.091,0.720
57.457778,333.177,64.185,0.719
57.469388,650.004,75.755,0.725
57.480998,650.786,75.776,0.718
57.492608,650.999,75.782,0.712
57.504218,719.417,77.512,0.759
57.515828,728.327,77.725,0.811
57.527438,740.942,78.022,0.858
57.539048,743.015,78.071,0.873
57.550658,742.540,78.060,0.882
57.562268,743.385,78.079,0.892
57.573878,743.011,78.071,0.904
57.585488,742.433,78.057,0.917
57.597098,741.937,78.046,0.917
57.608707,741.225,78.029,0.908
57.620317,738.094,77.956,0.888
57.631927,736.957,77.929,0.888
57.643537,737.572,77.943,0.892
57.655147,741.117,78.026,0.900
57.666757,745.569,78.130,0.897
57.678367,756.488,78.382,0.895
57.689977,771.118,78.713,0.893
57.701587,785.008,79.022,0.891
57.713197,796.575,79.276,0.891
57.724807,805.667,79.472,0.888
57.736417,814.286,79.656,0.882
57.748027,818.896,79.754,0.870
57.759637,819.760,79.772,0.868
57.771247,820.886,79.796,0.862
57.782857,822.552,79.831,0.857
57.794467,825.285,79.889,0.861
57.806077,827.995,79.945,0.865
57.817687,830.140,79.990,0.862
57.829297,831.432,80.017,0.852
57.840907,832.965,80.049,0.844
57.852517,833.554,80.061,0.843
57.864127,834.109,80.073,0.834
57.875737,834.372,80.078,0.828
57.887347,834.837,80.088,0.813
57.898957,832.771,80.045,0.797
57.910567,830.912,80.006,0.792
57.922177,830.091,79.989,0.789
57.933787,828.189,79.949,0.785
57.945397,829.178,79.970,0.769
57.957007,374.023,66.187,0.760
57.968617,374.617,66.215,0.741
57.980227,373.497,66.163,0.725
57.991837,373.430,66.160,0.699
58.003447,767.996,78.643,0.667
58.015057,781.075,78.935,0.659
58.026667,795.859,79.260,0.643
58.038277,807.069,79.502,0.635
58.049887,809.971,79.564,0.635
58.061497,814.043,79.651,0.638
58.073107,814.571,79.662,0.624
58.084717,812.307,79.614,0.622
58.096327,811.746,79.602,0.618
58.107937,814.532,79.662,0.608
58.119546,812.482,79.618,0.604
58.131156,810.256,79.570,0.600
58.142766,807.643,79.515,0.589
58.154376,800.931,79.370,0.586
58.165986,797.302,79.291,0.589
58.177596,800.869,79.369,0.581
58.189206,801.690,79.386,0.589
58.200816,800.934,79.370,0.583
58.212426,804.302,79.443,0.584
58.224036,805.667,79.472,0.580
58.235646,802.118,79.396,0.571
58.247256,803.368,79.423,0.558
58.258866,806.260,79.485,0.543
58.270476,805.537,79.469,0.539
58.282086,804.434,79.446,0.531
58.293696,805.263,79.463,0.530
58.305306,800.150,79.353,0.527
58.316916,805.999,79.479,0.525
58.328526,809.822,79.561,0.524
58.340136,808.024,79.523,0.525
58.351746,808.113,79.525,0.528
58.363356,807.539,79.512,0.523
58.374966,811.039,79.587,0.508
58.386576,810.960,79.586,0.496
58.398186,813.030,79.630,0.488
58.409796,810.808,79.582,0.473
58.421406,809.818,79.561,0.468
58.433016,277.915,61.046,0.455
58.444626,417.209,68.079,0.486
58.456236,405.472,67.585,0.659
58.467846,414.647,67.973,0.743
58.479456,425.075,68.403,0.794
58.491066,430.990,68.642,0.814
58.502676,433.494,68.742,0.826
58.514286,438.058,68.923,0.838
58.525896,440.528,69.021,0.853
58.537506,441.223,69.048,0.863
58.549116,441.268,69.050,0.855
58.560726,439.707,68.988,0.839
58.572336,437.738,68.911,0.819
58.583946,437.235,68.891,0.817
58.595556,438.551,68.943,0.823
58.607166,439.886,68.996,0.827
58.618776,441.283,69.050,0.829
58.630385,441.677,69.066,0.830
58.641995,444.278,69.168,0.835
58.653605,485.215,70.693,0.837
58.665215,488.640,70.815,0.841
58.676825,489.128,70.833,0.841
58.688435,489.805,70.856,0.839
58.700045,491.057,70.901,0.842
58.711655,492.652,70.957,0.842
58.723265,493.912,71.001,0.846
58.734875,494.410,71.018,0.845
58.746485,493.677,70.993,0.851
58.758095,493.053,70.971,0.855
58.769705,492.944,70.967,0.858
58.781315,493.120,70.973,0.858
58.792925,493.209,70.976,0.854
58.804535,493.386,70.983,0.848
58.816145,493.740,70.995,0.844
58.827755,492.784,70.961,0.844
58.839365,493.385,70.983,0.836
58.850975,495.183,71.046,0.834
58.862585,496.612,71.095,0.826
58.874195,495.701,71.064,0.815
58.885805,494.507,71.022,0.801
58.897415,223.607,57.282,0.790
58.909025,90.698,41.660,0.768
58.920635,90.663,41.653,0.736
58.932245,88.479,41.231,0.705
58.943855,142.467,49.477,0.652
58.955465,482.322,70.590,0.598
58.967075,479.011,70.471,0.568
58.978685,478.556,70.454,0.538
58.990295,482.254,70.587,0.509
59.001905,479.098,70.474,0.494
59.013515,479.329,70.482,0.488
59.025125,477.985,70.434,0.486
59.036735,477.349,70.410,0.474
59.048345,475.169,70.331,0.458
59.059955,475.909,70.358,0.453
59.071565,475.672,70.350,0.450
59.083175,477.087,70.401,0.448
59.094785,482.242,70.587,0.450
59.106395,484.624,70.672,0.458
59.118005,220.641,57.050,0.557
59.129615,153.706,50.792,0.680
59.141224,134.997,48.545,0.742
59.152834,441.488,69.058,0.787
59.164444,444.509,69.177,0.820
59.176054,446.025,69.235,0.838
59.187664,446.822,69.266,0.857
59.199274,446.249,69.244,0.876
59.210884,444.982,69.195,0.886
59.222494,442.492,69.098,0.885
59.234104,443.187,69.125,0.881
59.245714,443.553,69.139,0.872
59.257324,443.686,69.144,0.868
59.268934,444.933,69.193,0.870
59.280544,446.895,69.269,0.869
59.292154,456.405,69.634,0.872
59.303764,471.881,70.211,0.877
59.315374,481.984,70.578,0.877
59.326984,488.153,70.798,0.879
59.338594,491.490,70.916,0.885
59.350204,494.007,71.004,0.887
59.361814,495.840,71.068,0.886
59.373424,496.576,71.094,0.885
59.385034,496.508,71.092,0.877
59.396644,495.661,71.062,0.871
59.408254,494.577,71.024,0.868
59.419864,494.012,71.005,0.866
59.431474,494.049,71.006,0.863
59.443084,494.163,71.010,0.856
59.454694,492.723,70.959,0.852
59.466304,492.421,70.949,0.850
59.477914,493.330,70.981,0.842
59.489524,493.818,70.998,0.831
59.501134,250.573,59.253,0.813
59.512744,251.283,59.302,0.792
59.524354,765.222,78.580,0.762
59.535964,763.903,78.551,0.737
59.547574,771.852,78.730,0.699
59.559184,452.836,69.498,0.645
59.570794,451.818,69.459,0.580
59.582404,457.821,69.687,0.506
59.594014,468.950,70.103,0.490
59.605624,473.624,70.275,0.481
59.617234,474.346,70.301,0.490
59.628844,474.101,70.292,0.491
59.640454,476.365,70.375,0.500
59.652063,477.750,70.425,0.498
59.663673,477.290,70.408,0.509
59.675283,243.364,58.747,0.527
59.686893,243.102,58.729,0.535
59.698503,242.868,58.712,0.553
59.710113,243.274,58.741,0.558
59.721723,244.055,58.796,0.567
59.733333,246.652,58.980,0.586
59.744943,245.887,58.926,0.615
59.756553,247.270,59.023,0.633
59.768163,247.333,59.027,0.663
59.779773,322.862,63.641,0.751
59.791383,326.416,63.830,0.796
59.802993,328.692,63.951,0.812
59.814603,327.406,63.883,0.821
59.826213,326.611,63.841,0.830
59.837823,325.791,63.797,0.830
59.849433,325.319,63.772,0.840
59.861043,324.612,63.735,0.851
59.872653,322.810,63.638,0.841
59.884263,318.756,63.419,0.829
59.895873,317.204,63.335,0.840
59.907483,317.280,63.339,0.840
59.919093,317.148,63.332,0.832
59.930703,317.822,63.369,0.834
59.942313,319.255,63.446,0.832
59.953923,321.912,63.590,0.824
59.965533,324.241,63.715,0.813
59.977143,326.080,63.813,0.806
59.988753,328.021,63.915,0.786
60.000363,328.775,63.955,0.785
60.011973,328.793,63.956,0.795
60.023583,328.755,63.954,0.797
60.035193,328.819,63.957,0.797
60.046803,328.941,63.964,0.799
60.058413,329.198,63.977,0.797
60.070023,330.518,64.047,0.796
60.081633,331.972,64.123,0.807
60.093243,333.523,64.203,0.826
60.104853,334.904,64.275,0.841
60.116463,334.751,64.267,0.851
60.128073,334.164,64.237,0.853
60.139683,333.472,64.201,0.859
60.151293,333.027,64.178,0.861
60.162902,332.900,64.171,0.873
60.174512,333.074,64.180,0.870
60.186122,333.052,64.179,0.865
60.197732,333.484,64.201,0.864
60.209342,336.148,64.339,0.868
60.220952,342.349,64.656,0.875
60.232562,353.617,65.216,0.881
60.244172,359.164,65.486,0.888
60.255782,363.907,65.713,0.890
60.267392,365.611,65.794,0.898
60.279002,367.103,65.864,0.906
60.290612,368.378,65.924,0.913
60.302222,368.993,65.953,0.915
60.313832,369.142,65.960,0.913
60.325442,369.100,65.958,0.906
60.337052,368.646,65.937,0.904
60.348662,368.224,65.917,0.899
60.360272,368.012,65.907,0.896
60.371882,367.943,65.904,0.888
60.383492,367.896,65.902,0.871
60.395102,368.313,65.921,0.856
60.406712,368.646,65.937,0.843
60.418322,368.910,65.949,0.835
60.429932,369.454,65.975,0.816
60.441542,369.818,65.992,0.792
60.453152,370.539,66.025,0.761
60.464762,370.456,66.022,0.727
60.476372,369.448,65.974,0.704
60.487982,366.067,65.815,0.680
60.499592,364.519,65.742,0.665
60.511202,362.728,65.657,0.642
60.522812,362.678,65.654,0.625
60.534422,361.356,65.591,0.620
60.546032,361.433,65.595,0.608
60.557642,361.264,65.587,0.594
60.569252,361.603,65.603,0.580
60.580862,364.765,65.754,0.576
60.592472,365.179,65.773,0.583
60.604082,366.697,65.845,0.573
60.615692,366.865,65.853,0.577
60.627302,366.988,65.859,0.573
60.638912,366.817,65.851,0.580
60.650522,366.446,65.833,0.585
60.662132,366.035,65.814,0.583
60.673741,365.885,65.807,0.577
60.685351,366.033,65.814,0.570
60.696961,366.412,65.832,0.575
60.708571,367.134,65.866,0.622
60.720181,367.416,65.879,0.667
60.731791,371.355,66.064,0.739
60.743401,380.300,66.476,0.803
60.755011,439.698,68.988,0.829
60.766621,444.209,69.165,0.860
60.778231,446.000,69.234,0.881
60.789841,446.770,69.264,0.895
60.801451,446.055,69.237,0.900
60.813061,444.862,69.190,0.905
60.824671,442.993,69.117,0.898
60.836281,442.101,69.082,0.879
60.847891,441.291,69.051,0.873
60.859501,440.554,69.022,0.859
60.871111,440.258,69.010,0.850
60.882721,442.562,69.101,0.845
60.894331,460.947,69.805,0.846
60.905941,470.503,70.160,0.844
60.917551,475.395,70.339,0.845
60.929161,478.031,70.435,0.845
60.940771,481.220,70.550,0.838
60.952381,487.041,70.758,0.828
60.963991,491.087,70.902,0.817
60.975601,492.530,70.952,0.804
60.987211,492.341,70.946,0.780
60.998821,490.752,70.890,0.761
61.010431,490.347,70.876,0.745
61.022041,490.577,70.884,0.736
61.033651,490.942,70.897,0.751
61.045261,491.239,70.907,0.768
61.056871,491.566,70.919,0.776
61.068481,491.738,70.925,0.786
61.080091,492.818,70.963,0.807
61.091701,494.080,71.007,0.829
61.103311,494.812,71.033,0.843
61.114921,494.369,71.017,0.853
61.126531,494.069,71.007,0.858
61.138141,493.847,70.999,0.867
61.149751,493.835,70.998,0.878
61.161361,493.696,70.993,0.890
61.172971,493.327,70.980,0.899
61.184580,493.110,70.973,0.903
61.196190,493.049,70.971,0.905
61.207800,493.222,70.977,0.910
61.219410,493.412,70.983,0.912
61.231020,493.621,70.991,0.908
61.242630,493.956,71.003,0.906
61.254240,494.221,71.012,0.906
61.265850,494.558,71.024,0.904
61.277460,494.758,71.031,0.898
61.289070,494.795,71.032,0.894
61.300680,494.957,71.038,0.888
61.312290,494.849,71.034,0.884
61.323900,494.484,71.021,0.879
61.335510,494.192,71.011,0.875
61.347120,493.820,70.998,0.864
61.358730,493.470,70.986,0.853
61.370340,493.821,70.998,0.858
61.381950,494.852,71.034,0.866
61.393560,495.797,71.067,0.873
61.405170,497.474,71.125,0.876
61.416780,498.186,71.150,0.883
61.428390,498.487,71.161,0.886
61.440000,498.591,71.164,0.888
61.451610,498.439,71.159,0.896
61.463220,498.259,71.153,0.891
61.474830,498.018,71.144,0.874
61.486440,497.786,71.136,0.854
61.498050,496.994,71.109,0.835
61.509660,496.299,71.084,0.810
61.521270,494.592,71.025,0.780
61.532880,492.577,70.954,0.754
61.544490,490.635,70.886,0.762
61.556100,492.242,70.942,0.761
61.567710,493.870,71.000,0.799
61.579320,493.923,71.001,0.820
61.590930,493.926,71.002,0.838
61.602540,493.869,70.999,0.851
61.614150,493.655,70.992,0.868
61.625760,493.426,70.984,0.880
61.637370,493.381,70.982,0.874
61.648980,493.192,70.976,0.881
61.660590,492.721,70.959,0.880
61.672200,492.613,70.955,0.885
61.683810,492.421,70.949,0.882
61.695420,492.297,70.944,0.878
61.707029,492.255,70.943,0.869
61.718639,492.480,70.951,0.857
61.730249,492.660,70.957,0.841
61.741859,492.458,70.950,0.818
61.753469,492.541,70.953,0.796
61.765079,491.693,70.923,0.775
61.776689,490.168,70.869,0.773
61.788299,484.847,70.680,0.784
61.799909,479.465,70.487,0.790
61.811519,469.649,70.129,0.809
61.823129,438.487,68.940,0.827
61.834739,430.799,68.634,0.840
61.846349,417.906,68.108,0.855
61.857959,396.141,67.182,0.865
61.869569,383.325,66.613,0.877
61.881179,380.836,66.500,0.876
61.892789,379.697,66.448,0.878
61.904399,378.734,66.404,0.880
61.916009,377.943,66.368,0.881
61.927619,376.898,66.320,0.882
61.939229,376.587,66.306,0.883
61.950839,375.892,66.274,0.879
61.962449,375.629,66.262,0.875
61.974059,376.021,66.280,0.882
61.985669,376.862,66.318,0.887
61.997279,378.835,66.409,0.890
62.008889,383.063,66.601,0.891
62.020499,402.002,67.436,0.890
62.032109,407.283,67.662,0.884
62.043719,408.904,67.731,0.882
62.055329,409.882,67.772,0.873
62.066939,411.419,67.837,0.864
62.078549,412.885,67.899,0.856
62.090159,413.498,67.925,0.841
62.101769,412.944,67.901,0.824
62.113379,412.254,67.872,0.804
62.124989,411.278,67.831,0.783
62.136599,410.645,67.805,0.761
62.148209,410.220,67.787,0.739
62.159819,408.964,67.734,0.714
62.171429,406.880,67.645,0.684
62.183039,406.209,67.617,0.664
62.194649,378.834,66.409,0.658
62.206259,378.005,66.371,0.677
62.217868,376.360,66.295,0.739
62.229478,379.844,66.455,0.793
62.241088,394.291,67.101,0.817
62.252698,394.511,67.111,0.838
62.264308,393.390,67.061,0.853
62.275918,391.876,66.995,0.862
62.287528,389.477,66.888,0.869
62.299138,386.017,66.734,0.876
62.310748,381.440,66.527,0.873
62.322358,375.530,66.257,0.861
62.333968,372.014,66.094,0.853
62.345578,369.748,65.988,0.842
62.357188,368.845,65.946,0.835
62.368798,368.800,65.944,0.834
62.380408,369.218,65.964,0.840
62.392018,369.040,65.955,0.836
62.403628,369.852,65.993,0.834
62.415238,370.843,66.040,0.828
62.426848,371.513,66.071,0.822
62.438458,372.042,66.096,0.836
62.450068,372.320,66.108,0.841
62.461678,372.362,66.110,0.830
62.473288,371.665,66.078,0.811
62.484898,370.898,66.042,0.808
62.496508,366.098,65.817,0.793
62.508118,340.680,64.571,0.792
62.519728,330.188,64.029,0.822
62.531338,317.462,63.349,0.824
62.542948,315.364,63.234,0.823
62.554558,320.633,63.521,0.848
62.566168,325.024,63.757,0.879
62.577778,327.370,63.881,0.895
62.589388,328.303,63.930,0.907
62.600998,328.772,63.955,0.914
62.612608,329.132,63.974,0.913
62.624218,329.177,63.976,0.916
62.635828,329.078,63.971,0.920
62.647438,328.874,63.960,0.914
62.659048,328.318,63.931,0.897
62.670658,327.467,63.886,0.881
62.682268,326.971,63.860,0.880
62.693878,327.373,63.881,0.889
62.705488,327.897,63.909,0.895
62.717098,329.009,63.967,0.898
62.728707,330.097,64.025,0.900
62.740317,331.187,64.082,0.902
62.751927,331.662,64.107,0.908
62.763537,331.648,64.106,0.918
62.775147,331.033,64.074,0.916
62.786757,329.943,64.017,0.904
62.798367,329.259,63.981,0.888
62.809977,328.579,63.945,0.870
62.821587,328.010,63.915,0.857
62.833197,327.633,63.895,0.854
62.844807,327.869,63.907,0.856
62.856417,328.122,63.921,0.851
62.868027,328.707,63.952,0.848
62.879637,329.578,63.997,0.857
62.891247,329.784,64.008,0.874
62.902857,330.075,64.023,0.884
62.914467,330.184,64.029,0.885
62.926077,330.206,64.030,0.880
62.937687,330.001,64.020,0.868
62.949297,329.671,64.002,0.858
62.960907,329.286,63.982,0.850
62.972517,328.904,63.962,0.833
62.984127,328.336,63.932,0.805
62.995737,326.997,63.861,0.775
63.007347,325.568,63.785,0.759
63.018957,325.483,63.781,0.752
63.030567,325.319,63.772,0.740
63.042177,325.307,63.772,0.727
63.053787,325.529,63.783,0.709
63.065397,325.862,63.801,0.695
63.077007,326.456,63.833,0.679
63.088617,328.200,63.925,0.670
63.100227,328.719,63.952,0.655
63.111837,328.236,63.927,0.640
63.123447,327.639,63.895,0.627
63.135057,327.123,63.868,0.622
63.146667,326.599,63.840,0.625
63.158277,326.285,63.824,0.625
63.169887,325.969,63.807,0.619
63.181497,325.572,63.786,0.596
63.193107,326.084,63.813,0.592
63.204717,326.811,63.851,0.605
63.216327,327.378,63.881,0.610
63.227937,328.060,63.917,0.596
63.239546,328.537,63.943,0.574
63.251156,328.934,63.964,0.568
63.262766,328.669,63.950,0.566
63.274376,326.416,63.830,0.632
63.285986,324.003,63.702,0.658
63.297596,746.519,78.152,0.703
63.309206,321.513,63.568,0.720
63.320816,454.908,69.577,0.769
63.332426,453.021,69.505,0.799
63.344036,451.915,69.463,0.826
63.355646,454.052,69.544,0.841
63.367256,452.777,69.496,0.852
63.378866,451.096,69.431,0.864
63.390476,449.163,69.357,0.866
63.402086,448.576,69.334,0.870
63.413696,451.206,69.435,0.859
63.425306,455.427,69.597,0.854
63.436916,459.542,69.752,0.850
63.448526,461.528,69.827,0.843
63.460136,469.129,70.110,0.837
63.471746,473.635,70.275,0.834
63.483356,479.923,70.504,0.833
63.494966,485.673,70.710,0.838
63.506576,488.364,70.805,0.842
63.518186,490.626,70.885,0.841
63.529796,492.097,70.937,0.837
63.541406,492.522,70.952,0.845
63.553016,493.205,70.976,0.843
63.564626,493.402,70.983,0.841
63.576236,493.392,70.983,0.839
63.587846,493.468,70.985,0.835
63.599456,493.418,70.984,0.839
63.611066,493.459,70.985,0.844
63.622676,493.777,70.996,0.846
63.634286,493.955,71.003,0.843
63.645896,494.095,71.007,0.842
63.657506,493.913,71.001,0.845
63.669116,493.685,70.993,0.847
63.680726,493.382,70.982,0.854
63.692336,492.999,70.969,0.858
63.703946,492.590,70.955,0.864
63.715556,492.343,70.946,0.870
63.727166,492.318,70.945,0.880
63.738776,492.626,70.956,0.891
63.750385,493.022,70.970,0.889
63.761995,493.078,70.972,0.883
63.773605,493.240,70.977,0.869
63.785215,493.789,70.997,0.851
63.796825,494.278,71.014,0.828
63.808435,495.066,71.041,0.800
63.820045,495.553,71.058,0.761
63.831655,493.960,71.003,0.694
63.843265,492.131,70.938,0.651
63.854875,492.369,70.947,0.618
63.866485,492.152,70.939,0.605
63.878095,491.895,70.930,0.598
63.889705,492.273,70.943,0.591
63.901315,492.705,70.959,0.604
63.912925,493.769,70.996,0.618
63.924535,493.470,70.986,0.626
63.936145,492.439,70.949,0.653
63.947755,492.048,70.936,0.747
63.959365,492.815,70.963,0.824
63.970975,493.956,71.003,0.862
63.982585,494.553,71.023,0.886
63.994195,494.710,71.029,0.906
64.005805,494.333,71.016,0.918
64.017415,494.090,71.007,0.929
64.029025,493.621,70.991,0.938
64.040635,493.577,70.989,0.938
64.052245,493.596,70.990,0.925
64.063855,493.235,70.977,0.913
64.075465,492.831,70.963,0.902
64.087075,492.495,70.951,0.888
64.098685,492.502,70.952,0.876
64.110295,492.762,70.961,0.862
64.121905,493.673,70.993,0.853
64.133515,495.188,71.046,0.845
64.145125,495.446,71.055,0.832
64.156735,495.538,71.058,0.829
64.168345,495.492,71.056,0.834
64.179955,495.324,71.050,0.848
64.191565,495.125,71.043,0.862
64.203175,494.681,71.028,0.874
64.214785,494.068,71.006,0.875
64.226395,493.174,70.975,0.868
64.238005,492.953,70.967,0.871
64.249615,492.955,70.967,0.873
64.261224,493.273,70.979,0.871
64.272834,493.573,70.989,0.860
64.284444,493.768,70.996,0.856
64.296054,494.104,71.008,0.858
64.307664,494.701,71.029,0.854
64.319274,495.338,71.051,0.845
64.330884,495.570,71.059,0.834
64.342494,495.461,71.055,0.818
64.354104,494.353,71.016,0.802
64.365714,493.130,70.974,0.788
64.377324,492.206,70.941,0.761
64.388934,492.538,70.953,0.712
64.400544,492.674,70.958,0.673
64.412154,496.261,71.083,0.671
64.423764,497.227,71.117,0.676
64.435374,496.819,71.103,0.689
64.446984,163.541,51.866,0.730
64.458594,361.058,65.577,0.766
64.470204,371.792,66.084,0.787
64.481814,372.981,66.139,0.798
64.493424,373.014,66.141,0.820
64.505034,372.249,66.105,0.834
64.516644,371.221,66.057,0.845
64.528254,369.564,65.980,0.855
64.539864,123.334,46.981,0.852
64.551474,123.266,46.971,0.842
64.563084,123.204,46.963,0.841
64.574694,123.017,46.936,0.842
64.586304,123.121,46.951,0.827
64.597914,123.162,46.957,0.814
64.609524,376.694,66.311,0.796
64.621134,402.751,67.469,0.780
64.632744,408.661,67.721,0.767
64.644354,410.494,67.798,0.766
64.655964,205.874,55.851,0.755
64.667574,206.160,55.875,0.746
64.679184,206.124,55.872,0.746
64.690794,206.129,55.873,0.745
64.702404,412.056,67.864,0.745
64.714014,411.720,67.850,0.742
64.725624,411.012,67.820,0.752
64.737234,410.277,67.789,0.743
64.748844,408.367,67.708,0.745
64.760454,408.279,67.705,0.777
64.772063,414.501,67.966,0.814
64.783673,418.201,68.120,0.835
64.795283,418.925,68.150,0.845
64.806893,418.102,68.116,0.854
64.818503,416.778,68.061,0.870
64.830113,415.472,68.007,0.886
64.841723,414.400,67.962,0.892
64.853333,413.787,67.937,0.888
64.864943,405.254,67.576,0.893
64.876553,394.212,67.098,0.899
64.888163,388.303,66.836,0.907
64.899773,383.599,66.625,0.916
64.911383,379.601,66.444,0.911
64.922993,376.401,66.297,0.908
64.934603,374.718,66.220,0.910
64.946213,373.184,66.149,0.913
64.957823,371.950,66.091,0.906
64.969433,371.185,66.056,0.904
64.981043,370.972,66.046,0.904
64.992653,370.824,66.039,0.897
65.004263,370.470,66.022,0.893
65.015873,370.220,66.011,0.884
65.027483,370.124,66.006,0.870
65.039093,369.921,65.997,0.850
65.050703,369.848,65.993,0.823
65.062313,369.598,65.981,0.784
65.073923,369.135,65.960,0.734
65.085533,369.214,65.963,0.686
65.097143,370.988,66.046,0.629
65.108753,374.158,66.194,0.601
65.120363,374.387,66.204,0.599
65.131973,374.563,66.212,0.610
65.143583,375.014,66.233,0.626
65.155193,374.867,66.226,0.634
65.166803,374.527,66.211,0.639
65.178413,374.006,66.187,0.643
65.190023,373.796,66.177,0.644
65.201633,373.652,66.170,0.643
65.213243,373.499,66.163,0.638
65.224853,373.062,66.143,0.631
65.236463,372.468,66.115,0.643
65.248073,370.571,66.027,0.686
65.259683,365.172,65.773,0.729
65.271293,360.747,65.562,0.765
65.282902,356.183,65.341,0.795
65.294512,351.428,65.109,0.823
65.306122,347.844,64.931,0.842
65.317732,346.293,64.854,0.859
65.329342,343.874,64.733,0.866
65.340952,343.609,64.719,0.866
65.352562,343.934,64.736,0.872
65.364172,343.157,64.696,0.868
65.375782,343.639,64.721,0.855
65.387392,347.881,64.933,0.850
65.399002,353.256,65.199,0.851
65.410612,360.551,65.552,0.853
65.422222,367.710,65.893,0.856
65.433832,369.579,65.981,0.866
65.445442,369.731,65.988,0.865
65.457052,368.919,65.950,0.874
65.468662,368.250,65.918,0.887
65.480272,368.429,65.927,0.886
65.491882,368.490,65.929,0.886
65.503492,368.141,65.913,0.872
65.515102,367.588,65.887,0.858
65.526712,367.053,65.862,0.835
65.538322,366.901,65.855,0.810
65.549932,367.326,65.875,0.779
65.561542,368.552,65.932,0.752
65.573152,370.467,66.022,0.738
65.584762,381.628,66.536,0.712
65.596372,396.275,67.188,0.737
65.607982,403.617,67.506,0.764
65.619592,412.269,67.873,0.785
65.631202,414.724,67.976,0.813
65.642812,414.424,67.963,0.833
65.654422,413.839,67.939,0.841
65.666032,413.858,67.940,0.843
65.677642,413.459,67.923,0.853
65.689252,414.920,67.984,0.857
65.700862,416.460,68.048,0.867
65.712472,417.990,68.112,0.873
65.724082,420.371,68.210,0.871
65.735692,425.844,68.434,0.873
65.747302,431.327,68.655,0.880
65.758912,434.239,68.772,0.889
65.770522,436.842,68.875,0.895
65.782132,438.760,68.951,0.903
65.793741,439.962,68.998,0.906
65.805351,440.294,69.012,0.907
65.816961,440.343,69.014,0.908
65.828571,440.266,69.010,0.905
65.840181,439.961,68.998,0.900
65.851791,439.880,68.995,0.895
65.863401,439.856,68.994,0.889
65.875011,440.009,69.000,0.884
65.886621,440.179,69.007,0.879
65.898231,440.326,69.013,0.877
65.909841,440.447,69.018,0.879
65.921451,440.473,69.019,0.882
65.933061,440.454,69.018,0.885
65.944671,440.413,69.016,0.885
65.956281,440.365,69.014,0.887
65.967891,440.274,69.011,0.888
65.979501,439.907,68.996,0.889
65.991111,439.705,68.988,0.885
66.002721,439.353,68.975,0.883
66.014331,439.069,68.963,0.886
66.025941,438.720,68.950,0.894
66.037551,438.635,68.946,0.902
66.049161,438.905,68.957,0.903
66.060771,439.031,68.962,0.899
66.072381,439.251,68.971,0.890
66.083991,439.292,68.972,0.886
66.095601,439.538,68.982,0.881
66.107211,439.733,68.989,0.876
66.118821,440.080,69.003,0.855
66.130431,440.265,69.010,0.833
66.142041,439.971,68.999,0.810
66.153651,439.722,68.989,0.790
66.165261,439.440,68.978,0.778
66.176871,439.388,68.976,0.764
66.188481,439.680,68.987,0.744
66.200091,439.832,68.993,0.703
66.211701,439.588,68.984,0.710
66.223311,438.965,68.959,0.736
66.234921,125.266,47.250,0.778
66.246531,125.865,47.332,0.802
66.258141,373.534,66.165,0.816
66.269751,373.445,66.161,0.831
66.281361,373.879,66.181,0.842
66.292971,374.450,66.207,0.856
66.304580,375.718,66.266,0.865
66.316190,380.040,66.464,0.867
66.327800,385.705,66.720,0.860
66.339410,389.130,66.873,0.861
66.351020,391.727,66.988,0.862
66.362630,395.008,67.133,0.870
66.374240,397.553,67.244,0.871
66.385850,401.121,67.398,0.869
66.397460,406.427,67.626,0.867
66.409070,411.864,67.856,0.864
66.420680,414.432,67.964,0.864
66.432290,415.617,68.013,0.858
66.443900,416.126,68.034,0.860
66.455510,416.449,68.048,0.856
66.467120,416.486,68.049,0.856
66.478730,416.331,68.043,0.861
66.490340,416.224,68.038,0.863
66.501950,416.058,68.031,0.867
66.513560,415.810,68.021,0.866
66.525170,415.492,68.008,0.869
66.536780,415.263,67.998,0.868
66.548390,415.144,67.993,0.863
66.560000,414.878,67.982,0.859
66.571610,414.278,67.957,0.850
66.583220,413.990,67.945,0.834
66.594830,413.722,67.934,0.813
66.606440,413.589,67.928,0.792
66.618050,413.511,67.925,0.768
66.629660,413.044,67.906,0.736
66.641270,410.634,67.804,0.704
66.652880,412.536,67.884,0.667
66.664490,416.257,68.040,0.616
66.676100,416.098,68.033,0.608
66.687710,415.563,68.011,0.593
66.699320,415.291,67.999,0.598
66.710930,414.596,67.970,0.626
66.722540,414.792,67.979,0.656
66.734150,414.449,67.964,0.680
66.745760,413.762,67.936,0.691
66.757370,415.422,68.005,0.707
66.768980,413.279,67.915,0.711
66.780590,414.650,67.973,0.722
66.792200,413.935,67.943,0.726
66.803810,413.446,67.922,0.724
66.815420,411.846,67.855,0.720
66.827029,410.884,67.815,0.715
66.838639,206.159,55.875,0.717
66.850249,206.162,55.875,0.711
66.861859,409.246,67.746,0.737
66.873469,163.712,51.884,0.781
66.885079,324.886,63.749,0.804
66.896689,328.878,63.961,0.814
66.908299,329.843,64.011,0.826
66.919909,329.666,64.002,0.843
66.931519,328.977,63.966,0.861
66.943129,328.424,63.937,0.875
66.954739,328.181,63.924,0.881
66.966349,328.012,63.915,0.880
66.977959,327.419,63.884,0.877
66.989569,326.022,63.810,0.878
67.001179,324.967,63.753,0.872
67.012789,324.125,63.709,0.858
67.024399,326.278,63.823,0.843
67.036009,328.350,63.933,0.842
67.047619,329.460,63.991,0.852
67.059229,330.292,64.035,0.854
67.070839,330.478,64.045,0.861
67.082449,330.661,64.054,0.864
67.094059,330.365,64.039,0.869
67.105669,329.394,63.988,0.881
67.117279,328.220,63.926,0.883
67.128889,326.804,63.851,0.885
67.140499,323.769,63.690,0.885
67.152109,321.704,63.579,0.885
67.163719,321.576,63.572,0.876
67.175329,320.999,63.541,0.871
67.186939,321.170,63.550,0.871
67.198549,327.698,63.898,0.868
67.210159,328.690,63.951,0.872
67.221769,329.381,63.987,0.871
67.233379,330.023,64.021,0.863
67.244989,330.169,64.028,0.855
67.256599,329.991,64.019,0.858
67.268209,329.715,64.005,0.859
67.279819,329.457,63.991,0.855
67.291429,329.259,63.981,0.846
67.303039,329.071,63.971,0.836
67.314649,328.832,63.958,0.832
67.326259,328.545,63.943,0.834
67.337868,328.190,63.924,0.834
67.349478,328.839,63.959,0.845
67.361088,349.276,65.002,0.863
67.372698,358.867,65.471,0.876
67.384308,362.673,65.654,0.890
67.395918,365.451,65.786,0.902
67.407528,367.077,65.863,0.903
67.419138,368.410,65.926,0.897
67.430748,369.358,65.970,0.894
67.442358,370.667,66.031,0.888
67.453968,372.964,66.138,0.885
67.465578,374.684,66.218,0.875
67.477188,377.350,66.341,0.870
67.488798,381.576,66.534,0.862
67.500408,390.886,66.951,0.855
67.512018,400.534,67.373,0.853
67.523628,406.955,67.648,0.852
67.535238,411.532,67.842,0.848
67.546848,414.802,67.979,0.837
67.558458,415.257,67.998,0.841
67.570068,415.777,68.020,0.841
67.581678,415.318,68.001,0.839
67.593288,414.609,67.971,0.836
67.604898,413.790,67.937,0.824
67.616508,412.449,67.881,0.808
67.628118,82.393,39.997,0.788
67.639728,82.366,39.991,0.765
67.651338,82.395,39.998,0.732
67.662948,82.585,40.037,0.680
67.674558,82.850,40.093,0.615
67.686168,407.653,67.678,0.585
67.697778,407.563,67.674,0.589
67.709388,403.555,67.503,0.599
67.720998,404.000,67.522,0.622
67.732608,104.886,44.176,0.638
67.744218,104.944,44.185,0.657
67.755828,104.984,44.192,0.675
67.767438,104.995,44.194,0.682
67.779048,844.628,80.290,0.688
67.790658,387.559,66.803,0.692
67.802268,388.097,66.827,0.696
67.813878,388.375,66.839,0.695
67.825488,388.699,66.854,0.696
67.837098,424.057,68.361,0.739
67.848707,439.130,68.966,0.767
67.860317,440.711,69.028,0.795
67.871927,441.252,69.049,0.827
67.883537,440.436,69.017,0.853
67.895147,439.744,68.990,0.863
67.906757,438.101,68.925,0.874
67.918367,434.613,68.787,0.885
67.929977,431.418,68.659,0.883
67.941587,426.819,68.473,0.884
67.953197,422.101,68.281,0.883
67.964807,418.484,68.132,0.875
67.976417,416.786,68.062,0.867
67.988027,415.965,68.027,0.869
67.999637,414.941,67.985,0.867
68.011247,414.824,67.980,0.861
68.022857,414.944,67.985,0.857
68.034467,415.033,67.989,0.849
68.046077,415.122,67.992,0.843
68.057687,415.201,67.996,0.838
68.069297,415.189,67.995,0.830
68.080907,415.187,67.995,0.822
68.092517,415.435,68.005,0.820
68.104127,415.584,68.012,0.819
68.115737,415.613,68.013,0.819
68.127347,415.600,68.012,0.819
68.138957,415.642,68.014,0.808
68.150567,415.963,68.027,0.797
68.162177,416.909,68.067,0.788
68.173787,417.651,68.098,0.780
68.185397,418.078,68.115,0.763
68.197007,418.653,68.139,0.741
68.208617,419.237,68.163,0.715
68.220227,421.156,68.242,0.682
68.231837,421.944,68.275,0.666
68.243447,421.099,68.240,0.652
68.255057,416.656,68.056,0.622
68.266667,415.781,68.020,0.588
68.278277,416.667,68.057,0.578
68.289887,415.933,68.026,0.567
68.301497,416.175,68.036,0.561
68.313107,415.785,68.020,0.559
68.324717,416.031,68.030,0.555
68.336327,415.539,68.010,0.542
68.347937,415.407,68.004,0.535
68.359546,415.254,67.998,0.522
68.371156,415.584,68.012,0.492
68.382766,415.859,68.023,0.506
68.394376,415.900,68.025,0.516
68.405986,416.347,68.043,0.508
68.417596,416.656,68.056,0.502
68.429206,416.768,68.061,0.515
68.440816,417.314,68.084,0.522
68.452426,417.451,68.089,0.523
68.464036,417.670,68.098,0.521
68.475646,418.100,68.116,0.496
68.487256,418.961,68.152,0.480
68.498866,419.311,68.166,0.482
68.510476,419.650,68.180,0.479
68.522086,420.224,68.204,0.468
68.533696,418.846,68.147,0.461
68.545306,418.851,68.147,0.447
68.556916,418.586,68.136,0.446
68.568526,418.262,68.123,0.446
68.580136,417.878,68.107,0.451
68.591746,417.610,68.096,0.451
68.603356,417.765,68.102,0.443
68.614966,418.280,68.124,0.424
68.626576,418.953,68.151,0.403
68.638186,418.694,68.141,0.400
68.649796,418.440,68.130,0.395
68.661406,418.615,68.137,0.391
68.673016,417.777,68.103,0.386
68.684626,416.904,68.067,0.375
68.696236,416.839,68.064,0.371
68.707846,416.510,68.050,0.378
68.719456,417.074,68.074,0.404
68.731066,423.343,68.332,0.495
68.742676,424.652,68.385,0.590
68.754286,386.822,66.770,0.648
68.765896,424.978,68.399,0.672
68.777506,425.084,68.403,0.722
68.789116,450.245,69.398,0.750
68.800726,451.827,69.459,0.772
68.812336,453.481,69.522,0.795
68.823946,455.866,69.613,0.810
68.835556,458.404,69.709,0.813
68.847166,456.906,69.653,0.834
68.858776,455.885,69.614,0.842
68.870385,454.131,69.547,0.838
68.881995,451.233,69.436,0.845
68.893605,449.832,69.383,0.852
68.905215,449.602,69.374,0.851
68.916825,452.099,69.470,0.861
68.928435,455.279,69.591,0.873
68.940045,459.795,69.762,0.864
68.951655,465.680,69.982,0.871
68.963265,472.065,70.218,0.880
68.974875,478.108,70.438,0.882
68.986485,483.107,70.618,0.884
68.998095,486.804,70.750,0.888
69.009705,489.936,70.861,0.883
69.021315,492.060,70.936,0.882
69.032925,492.950,70.967,0.888
69.044535,493.192,70.976,0.887
69.056145,493.086,70.972,0.889
69.067755,493.028,70.970,0.896
69.079365,493.274,70.979,0.900
69.090975,493.383,70.982,0.903
69.102585,493.654,70.992,0.905
69.114195,493.902,71.001,0.905
69.125805,494.054,71.006,0.903
69.137415,493.700,70.994,0.908
69.149025,492.906,70.966,0.909
69.160635,491.988,70.933,0.901
69.172245,490.677,70.887,0.896
69.183855,489.757,70.855,0.891
69.195465,488.878,70.824,0.885
69.207075,487.170,70.763,0.876
69.218685,483.289,70.625,0.866
69.230295,476.108,70.365,0.848
69.241905,456.597,69.641,0.828
69.253515,322.508,63.622,0.822
69.265125,324.886,63.749,0.810
69.276735,325.980,63.807,0.805
69.288345,326.255,63.822,0.801
69.299955,164.277,51.944,0.798
69.311565,164.386,51.955,0.795
69.323175,164.488,51.966,0.795
69.334785,164.624,51.980,0.794
69.346395,164.824,52.001,0.788
69.358005,164.902,52.009,0.783
69.369615,164.920,52.011,0.778
69.381224,164.824,52.001,0.778
69.392834,164.687,51.987,0.782
69.404444,164.636,51.981,0.787
69.416054,164.618,51.979,0.793
69.427664,164.552,51.972,0.798
69.439274,164.483,51.965,0.800
69.450884,328.989,63.966,0.803
69.462494,329.004,63.967,0.810
69.474104,329.039,63.969,0.818
69.485714,329.076,63.971,0.830
69.497324,329.106,63.973,0.843
69.508934,329.159,63.975,0.852
69.520544,329.141,63.974,0.858
69.532154,329.076,63.971,0.865
69.543764,328.902,63.962,0.871
69.555374,328.510,63.941,0.873
69.566984,327.707,63.899,0.876
69.578594,326.958,63.859,0.874
69.590204,326.363,63.828,0.872
69.601814,326.312,63.825,0.871
69.613424,326.671,63.844,0.869
69.625034,327.155,63.870,0.868
69.636644,327.913,63.910,0.867
69.648254,328.919,63.963,0.870
69.659864,330.548,64.048,0.870
69.671474,331.861,64.117,0.868
69.683084,332.568,64.154,0.873
69.694694,332.459,64.148,0.875
69.706304,332.109,64.130,0.873
69.717914,331.283,64.087,0.873
69.729524,330.200,64.030,0.869
69.741134,329.181,63.977,0.862
69.752744,327.927,63.910,0.858
69.764354,326.923,63.857,0.852
69.775964,326.353,63.827,0.838
69.787574,326.688,63.845,0.828
69.799184,327.644,63.895,0.828
69.810794,328.404,63.936,0.820
69.822404,329.753,64.007,0.819
69.834014,330.509,64.046,0.824
69.845624,331.232,64.084,0.816
69.857234,331.416,64.094,0.816
69.868844,331.243,64.085,0.812
69.880454,330.263,64.033,0.804
69.892063,328.889,63.961,0.796
69.903673,327.578,63.892,0.790
69.915283,326.544,63.837,0.784
69.926893,326.116,63.815,0.777
69.938503,326.259,63.822,0.781
69.950113,327.008,63.862,0.783
69.961723,328.304,63.930,0.785
69.973333,329.429,63.990,0.789
69.984943,330.132,64.026,0.794
69.996553,330.634,64.053,0.798
70.008163,330.747,64.059,0.798
70.019773,330.452,64.043,0.800
70.031383,329.933,64.016,0.802
70.042993,329.260,63.981,0.808
70.054603,328.708,63.952,0.814
70.066213,328.209,63.925,0.817
70.077823,328.219,63.926,0.822
70.089433,328.724,63.952,0.832
70.101043,329.886,64.014,0.839
70.112653,331.986,64.123,0.843
70.124263,332.241,64.137,0.846
70.135873,332.093,64.129,0.842
70.147483,332.206,64.135,0.836
70.159093,332.228,64.136,0.833
70.170703,332.616,64.156,0.829
70.182313,332.996,64.176,0.831
70.193923,332.157,64.132,0.826
70.205533,331.650,64.106,0.834
70.217143,343.230,64.700,0.836
70.228753,365.324,65.780,0.850
70.240363,368.559,65.933,0.864
70.251973,370.929,66.044,0.874
70.263583,370.957,66.045,0.883
70.275193,370.683,66.032,0.883
70.286803,370.116,66.006,0.893
70.298413,370.192,66.009,0.896
70.310023,370.344,66.016,0.903
70.321633,369.296,65.967,0.903
70.333243,368.692,65.939,0.905
70.344853,368.357,65.923,0.903
70.356463,368.363,65.923,0.900
70.368073,368.409,65.926,0.897
70.379683,368.375,65.924,0.887
70.391293,368.354,65.923,0.870
70.402902,368.430,65.927,0.849
70.414512,368.654,65.937,0.829
70.426122,368.975,65.952,0.804
70.437732,369.309,65.968,0.795
70.449342,369.051,65.956,0.777
70.460952,369.052,65.956,0.767
70.472562,369.836,65.993,0.759
70.484172,371.036,66.049,0.770
70.495782,371.766,66.083,0.781
70.507392,371.656,66.078,0.791
70.519002,371.179,66.055,0.794
70.530612,370.744,66.035,0.784
70.542222,369.580,65.981,0.793
70.553832,345.390,64.809,0.804
70.565442,366.546,65.838,0.823
70.577052,369.015,65.954,0.836
70.588662,372.280,66.107,0.848
70.600272,376.933,66.322,0.863
70.611882,379.468,66.438,0.877
70.623492,378.746,66.405,0.888
70.635102,377.009,66.325,0.897
70.646712,375.410,66.252,0.901
70.658322,373.950,66.184,0.900
70.669932,371.379,66.065,0.900
70.681542,369.526,65.978,0.902
70.693152,368.485,65.929,0.905
70.704762,367.891,65.901,0.910
70.716372,367.724,65.893,0.915
70.727982,368.227,65.917,0.914
70.739592,368.969,65.952,0.912
70.751202,369.767,65.989,0.911
70.762812,370.475,66.022,0.909
70.774422,370.864,66.041,0.905
70.786032,370.811,66.038,0.896
70.797642,370.573,66.027,0.881
70.809252,370.026,66.001,0.869
70.820862,369.275,65.966,0.866
70.832472,368.737,65.941,0.863
70.844082,368.730,65.941,0.862
70.855692,368.822,65.945,0.859
70.867302,368.875,65.948,0.847
70.878912,369.103,65.958,0.833
70.890522,369.229,65.964,0.823
70.902132,369.667,65.985,0.810
70.913741,371.341,66.063,0.789
70.925351,372.687,66.126,0.776
70.936961,372.841,66.133,0.761
70.948571,372.723,66.127,0.744
70.960181,373.053,66.143,0.746
70.971791,372.883,66.135,0.753
70.983401,373.461,66.161,0.756
70.995011,373.711,66.173,0.756
71.006621,373.487,66.163,0.748
71.018231,373.199,66.149,0.733
71.029841,183.872,53.894,0.713
71.041451,183.966,53.903,0.691
71.053061,373.914,66.182,0.664
71.064671,362.942,65.667,0.634
71.076281,373.254,66.152,0.609
71.087891,371.523,66.071,0.598
71.099501,370.553,66.026,0.604
71.111111,370.775,66.037,0.616
71.122721,370.824,66.039,0.630
71.134331,370.836,66.039,0.648
71.145941,370.365,66.017,0.657
71.157551,370.042,66.002,0.662
71.169161,369.837,65.993,0.661
71.180771,369.834,65.993,0.663
71.192381,370.075,66.004,0.655
71.203991,369.857,65.994,0.643
71.215601,369.795,65.991,0.629
71.227211,369.815,65.992,0.606
71.238821,369.952,65.998,0.584
71.250431,370.553,66.026,0.564
71.262041,369.825,65.992,0.540
71.273651,369.901,65.996,0.516
71.285261,370.564,66.027,0.499
71.296871,369.841,65.993,0.503
71.308481,363.131,65.676,0.543
71.320091,362.565,65.649,0.577
71.331701,362.481,65.645,0.615
71.343311,363.395,65.688,0.649
71.354921,378.797,66.407,0.673
71.366531,478.693,70.459,0.726
71.378141,477.761,70.425,0.765
71.389751,478.894,70.466,0.805
71.401361,482.031,70.579,0.828
71.412971,484.825,70.680,0.850
71.424580,488.231,70.801,0.865
71.436190,489.511,70.846,0.869
71.447800,490.281,70.873,0.881
71.459410,491.797,70.927,0.885
71.471020,493.482,70.986,0.883
71.482630,495.761,71.066,0.878
71.494240,497.734,71.134,0.877
71.505850,499.800,71.206,0.882
71.517460,503.168,71.322,0.896
71.529070,506.532,71.438,0.905
71.540680,512.136,71.628,0.908
71.552290,516.771,71.784,0.910
71.563900,519.986,71.892,0.915
71.575510,522.316,71.969,0.922
71.587120,523.384,72.004,0.932
71.598730,524.249,72.033,0.929
71.610340,524.119,72.029,0.921
71.621950,523.690,72.015,0.921
71.633560,523.540,72.010,0.921
71.645170,523.400,72.005,0.920
71.656780,523.282,72.001,0.925
71.668390,521.967,71.957,0.925
71.680000,520.967,71.924,0.912
71.691610,519.573,71.878,0.907
71.703220,517.344,71.803,0.901
71.714830,514.283,71.701,0.896
71.726440,511.333,71.601,0.887
71.738050,504.510,71.369,0.884
71.749660,902.371,81.435,0.874
71.761270,898.563,81.361,0.859
71.772880,417.784,68.103,0.857
71.784490,416.300,68.041,0.855
71.796100,415.653,68.015,0.857
71.807710,415.345,68.002,0.862
71.819320,415.057,67.990,0.868
71.830930,414.907,67.983,0.862
71.842540,414.825,67.980,0.858
71.854150,414.873,67.982,0.858
71.865760,414.862,67.982,0.859
71.877370,414.745,67.977,0.855
71.888980,414.443,67.964,0.846
71.900590,414.452,67.964,0.836
71.912200,414.518,67.967,0.829
71.923810,414.517,67.967,0.828
71.935420,207.357,55.975,0.826
71.947029,207.486,55.986,0.823
71.958639,207.518,55.989,0.813
71.970249,207.560,55.992,0.805
71.981859,207.587,55.995,0.803
71.993469,415.044,67.989,0.802
72.005079,414.950,67.985,0.794
72.016689,414.682,67.974,0.797
72.028299,410.596,67.803,0.807
72.039909,374.318,66.201,0.813
72.051519,373.791,66.177,0.826
72.063129,373.415,66.159,0.837
72.074739,373.153,66.147,0.844
72.086349,372.803,66.131,0.851
72.097959,372.488,66.116,0.863
72.109569,372.312,66.108,0.864
72.121179,372.067,66.097,0.858
72.132789,372.202,66.103,0.855
72.144399,372.821,66.132,0.858
72.156009,373.954,66.184,0.861
72.167619,387.954,66.821,0.870
72.179229,401.027,67.394,0.876
72.190839,404.945,67.563,0.873
72.202449,412.515,67.883,0.874
72.214059,413.616,67.929,0.877
72.225669,414.204,67.954,0.881
72.237279,414.869,67.982,0.883
72.248889,415.082,67.991,0.883
72.260499,415.627,68.013,0.877
72.272109,415.613,68.013,0.870
72.283719,415.346,68.002,0.867
72.295329,414.945,67.985,0.863
72.306939,414.436,67.964,0.860
72.318549,413.827,67.938,0.858
72.330159,412.918,67.900,0.856
72.341769,412.053,67.864,0.849
72.353379,410.144,67.784,0.843
72.364989,408.136,67.699,0.841
72.376599,405.931,67.605,0.837
72.388209,402.350,67.451,0.834
72.399819,400.597,67.376,0.828
72.411429,369.906,65.996,0.817
72.423039,369.344,65.970,0.795
72.434649,368.943,65.951,0.781
72.446259,368.570,65.933,0.769
72.457868,368.472,65.929,0.759
72.469478,368.134,65.913,0.754
72.481088,367.994,65.906,0.740
72.492698,367.811,65.898,0.722
72.504308,367.859,65.900,0.713
72.515918,368.750,65.942,0.742
72.527528,371.680,66.079,0.781
72.539138,373.039,66.142,0.810
72.550748,372.794,66.130,0.822
72.562358,372.480,66.116,0.828
72.573968,371.566,66.073,0.842
72.585578,370.064,66.003,0.859
72.597188,369.485,65.976,0.870
72.608798,369.217,65.964,0.873
72.620408,368.798,65.944,0.870
72.632018,368.412,65.926,0.870
72.643628,368.492,65.930,0.874
72.655238,368.877,65.948,0.880
72.666848,369.715,65.987,0.885
72.678458,370.293,66.014,0.883
72.690068,370.931,66.044,0.874
72.701678,371.572,66.074,0.863
72.713288,372.603,66.122,0.854
72.724898,373.046,66.142,0.838
72.736508,373.349,66.156,0.825
72.748118,373.656,66.170,0.810
72.759728,374.055,66.189,0.792
72.771338,374.362,66.203,0.785
72.782948,374.689,66.218,0.789
72.794558,374.676,66.218,0.797
72.806168,374.758,66.221,0.797
72.817778,375.138,66.239,0.795
72.829388,375.447,66.253,0.789
72.840998,183.530,53.862,0.780
72.852608,375.529,66.257,0.774
72.864218,376.992,66.324,0.771
72.875828,374.466,66.208,0.772
72.887438,372.556,66.119,0.763
72.899048,372.681,66.125,0.768
72.910658,373.280,66.153,0.784
72.922268,372.580,66.121,0.807
72.933878,372.625,66.123,0.815
72.945488,371.998,66.093,0.823
72.957098,372.128,66.100,0.826
72.968707,330.109,64.025,0.828
72.980317,329.817,64.010,0.833
72.991927,329.167,63.976,0.833
73.003537,328.572,63.944,0.826
73.015147,328.194,63.925,0.816
73.026757,328.477,63.939,0.821
73.038367,328.519,63.942,0.822
73.049977,328.614,63.947,0.823
73.061587,328.575,63.945,0.826
73.073197,328.739,63.953,0.833
73.084807,328.952,63.964,0.836
73.096417,329.199,63.977,0.840
73.108027,329.383,63.987,0.841
73.119637,329.369,63.986,0.841
73.131247,329.431,63.990,0.842
73.142857,329.470,63.992,0.840
73.154467,329.500,63.993,0.837
73.166077,329.408,63.988,0.832
73.177687,329.326,63.984,0.827
73.189297,329.373,63.987,0.828
73.200907,329.404,63.988,0.825
73.212517,329.523,63.995,0.820
73.224127,329.491,63.993,0.812
73.235737,329.237,63.979,0.803
73.247347,329.185,63.977,0.798
73.258957,329.106,63.973,0.794
73.270567,328.909,63.962,0.777
73.282177,328.527,63.942,0.749
73.293787,327.352,63.880,0.720
73.305397,325.052,63.758,0.699
73.317007,325.310,63.772,0.713
73.328617,327.236,63.874,0.722
73.340227,327.940,63.911,0.730
73.351837,328.839,63.959,0.743
73.363447,328.399,63.935,0.770
73.375057,328.560,63.944,0.799
73.386667,328.880,63.961,0.818
73.398277,329.487,63.993,0.827
73.409887,329.862,64.012,0.832
73.421497,330.453,64.043,0.841
73.433107,330.699,64.056,0.839
73.444717,330.330,64.037,0.836
73.456327,330.223,64.031,0.837
73.467937,330.182,64.029,0.831
73.479546,330.048,64.022,0.826
73.491156,330.113,64.025,0.827
73.502766,330.136,64.027,0.821
73.514376,329.790,64.009,0.818
73.525986,329.809,64.010,0.823
73.537596,330.050,64.022,0.825
73.549206,330.112,64.025,0.826
73.560816,329.972,64.018,0.831
73.572426,329.474,63.992,0.842
73.584036,328.930,63.963,0.846
73.595646,328.934,63.964,0.847
73.607256,329.354,63.986,0.839
73.618866,329.733,64.006,0.837
73.630476,330.334,64.037,0.844
73.642086,330.709,64.057,0.842
73.653696,331.979,64.123,0.842
73.665306,333.987,64.227,0.831
73.676916,366.317,65.827,0.838
73.688526,368.555,65.933,0.842
73.700136,369.031,65.955,0.842
73.711746,369.108,65.958,0.845
73.723356,369.405,65.972,0.843
73.734966,369.871,65.994,0.849
73.746576,369.833,65.992,0.855
73.758186,369.573,65.980,0.867
73.769796,369.107,65.958,0.867
73.781406,368.510,65.930,0.870
73.793016,368.396,65.925,0.877
73.804626,368.306,65.921,0.881
73.816236,368.278,65.919,0.878
73.827846,368.251,65.918,0.872
73.839456,368.306,65.921,0.863
73.851066,368.251,65.918,0.857
73.862676,368.089,65.911,0.851
73.874286,368.080,65.910,0.848
73.885896,367.979,65.905,0.847
73.897506,367.857,65.900,0.843
73.909116,367.998,65.906,0.838
73.920726,368.611,65.935,0.839
73.932336,369.086,65.957,0.839
73.943946,369.575,65.980,0.836
73.955556,369.859,65.994,0.836
73.967166,370.713,66.034,0.837
73.978776,371.490,66.070,0.835
73.990385,372.459,66.115,0.832
74.001995,372.407,66.113,0.833
74.013605,413.508,67.925,0.833
74.025215,414.373,67.961,0.833
74.036825,415.152,67.994,0.835
74.048435,415.696,68.016,0.832
74.060045,415.946,68.027,0.830
74.071655,416.075,68.032,0.835
74.083265,416.045,68.031,0.841
74.094875,415.907,68.025,0.845
74.106485,415.787,68.020,0.845
74.118095,415.686,68.016,0.843
74.129705,415.682,68.016,0.839
74.141315,415.784,68.020,0.836
74.152925,415.750,68.019,0.830
74.164535,415.706,68.017,0.819
74.176145,415.767,68.019,0.811
74.187755,415.964,68.027,0.812
74.199365,416.238,68.039,0.820
74.210975,416.872,68.065,0.835
74.222585,417.485,68.091,0.857
74.234195,419.344,68.168,0.886
74.245805,421.913,68.273,0.892
74.257415,423.746,68.348,0.889
74.269025,425.375,68.415,0.886
74.280635,426.410,68.457,0.886
74.292245,291.838,61.892,0.880
74.303855,296.143,62.146,0.870
74.315465,302.083,62.489,0.856
74.327075,305.558,62.687,0.830
74.338685,305.036,62.658,0.824
74.350295,611.315,74.693,0.848
74.361905,611.373,74.695,0.869
74.373515,614.306,74.777,0.873
74.385125,616.293,74.833,0.874
74.396735,619.022,74.910,0.880
74.408345,623.180,75.026,0.877
74.419955,627.478,75.145,0.871
74.431565,631.651,75.259,0.870
74.443175,636.771,75.399,0.861
74.454785,643.736,75.588,0.854
74.466395,649.315,75.737,0.856
74.478005,653.353,75.844,0.862
74.489615,655.926,75.912,0.859
74.501224,657.589,75.956,0.856
74.512834,659.453,76.005,0.854
74.524444,660.838,76.042,0.853
74.536054,661.263,76.053,0.847
74.547664,660.855,76.042,0.835
74.559274,660.897,76.043,0.821
74.570884,660.616,76.036,0.815
74.582494,660.745,76.039,0.827
74.594104,660.105,76.022,0.838
74.605714,659.085,75.996,0.839
74.617324,658.124,75.970,0.838
74.628934,657.462,75.953,0.838
74.640544,657.850,75.963,0.840
74.652154,656.255,75.921,0.848
74.663764,327.380,63.882,0.849
74.675374,325.698,63.792,0.844
74.686984,323.976,63.701,0.830
74.698594,321.516,63.569,0.837
74.710204,318.393,63.400,0.841
74.721814,315.526,63.243,0.847
74.733424,313.850,63.151,0.845
74.745034,312.914,63.099,0.840
74.756644,311.824,63.039,0.834
74.768254,311.218,63.005,0.824
74.779864,310.986,62.992,0.824
74.791474,310.897,62.987,0.813
74.803084,311.010,62.993,0.811
74.814694,311.324,63.011,0.806
74.826304,311.638,63.028,0.799
74.837914,311.838,63.039,0.797
74.849524,311.975,63.047,0.794
74.861134,312.092,63.054,0.794
74.872744,312.092,63.054,0.792
74.884354,312.005,63.049,0.790
74.895964,311.898,63.043,0.781
74.907574,311.907,63.043,0.786
74.919184,311.596,63.026,0.790
74.930794,311.593,63.026,0.792
74.942404,311.400,63.015,0.796
74.954014,311.179,63.003,0.800
74.965624,310.949,62.990,0.805
74.977234,310.958,62.991,0.813
74.988844,623.057,75.022,0.827
75.000454,623.263,75.028,0.830
75.012063,623.623,75.038,0.846
75.023673,622.994,75.021,0.855
75.035283,622.835,75.016,0.863
75.046893,622.358,75.003,0.860
75.058503,621.629,74.983,0.858
75.070113,619.779,74.931,0.860
75.081723,617.480,74.867,0.853
75.093333,613.622,74.758,0.846
75.104943,608.537,74.614,0.827
75.116553,596.913,74.280,0.818
75.128163,559.816,73.169,0.821
75.139773,536.920,72.446,0.820
75.151383,522.433,71.973,0.822
75.162993,506.532,71.438,0.831
75.174603,500.703,71.237,0.840
75.186213,497.150,71.114,0.843
75.197823,496.524,71.092,0.845
75.209433,494.711,71.029,0.842
75.221043,493.528,70.988,0.833
75.232653,493.240,70.977,0.837
75.244263,493.325,70.980,0.842
75.255873,494.315,71.015,0.836
75.267483,123.701,47.032,0.830
75.279093,123.619,47.021,0.832
75.290703,123.513,47.006,0.839
75.302313,494.136,71.009,0.843
75.313923,493.617,70.991,0.843
75.325533,493.330,70.981,0.843
75.337143,493.355,70.981,0.840
75.348753,493.279,70.979,0.842
75.360363,493.278,70.979,0.847
75.371973,493.456,70.985,0.848
75.383583,493.536,70.988,0.850
75.395193,493.883,71.000,0.854
75.406803,493.920,71.001,0.858
75.418413,494.180,71.010,0.865
75.430023,494.136,71.009,0.870
75.441633,494.151,71.009,0.870
75.453243,494.200,71.011,0.868
75.464853,494.182,71.010,0.864
75.476463,494.082,71.007,0.858
75.488073,494.018,71.005,0.851
75.499683,493.716,70.994,0.851
75.511293,493.430,70.984,0.850
75.522902,493.443,70.985,0.848
75.534512,493.492,70.986,0.842
75.546122,493.575,70.989,0.840
75.557732,494.248,71.013,0.846
75.569342,495.324,71.050,0.849
75.580952,497.420,71.124,0.849
75.592562,500.845,71.242,0.846
75.604172,506.158,71.425,0.846
75.615782,514.964,71.724,0.844
75.627392,524.791,72.051,0.843
75.639002,535.737,72.408,0.845
75.650612,544.540,72.690,0.853
75.662222,547.428,72.782,0.855
75.673832,546.270,72.745,0.861
75.685442,544.724,72.696,0.868
75.697052,543.772,72.666,0.876
75.708662,542.976,72.641,0.876
75.720272,543.113,72.645,0.882
75.731882,543.732,72.665,0.884
75.743492,545.507,72.721,0.878
75.755102,547.442,72.782,0.873
75.766712,549.832,72.858,0.870
75.778322,551.997,72.926,0.858
75.789932,552.891,72.954,0.850
75.801542,551.509,72.911,0.862
75.813152,550.156,72.868,0.872
75.824762,548.835,72.826,0.875
75.836372,548.427,72.814,0.871
75.847982,548.581,72.818,0.879
75.859592,549.008,72.832,0.888
75.871202,549.347,72.843,0.901
75.882812,550.149,72.868,0.897
75.894422,551.276,72.903,0.889
75.906032,552.660,72.947,0.874
75.917642,553.803,72.982,0.860
75.929252,553.916,72.986,0.854
75.940862,553.593,72.976,0.846
75.952472,553.089,72.960,0.826
75.964082,551.425,72.908,0.800
75.975692,549.712,72.854,0.789
75.987302,547.910,72.797,0.769
75.998912,546.279,72.746,0.760
76.010522,545.293,72.714,0.758
76.022132,544.907,72.702,0.749
76.033741,545.900,72.734,0.730
76.045351,547.760,72.792,0.709
76.056961,549.798,72.857,0.692
76.068571,550.883,72.891,0.674
76.080181,550.760,72.887,0.663
76.091791,551.270,72.903,0.660
76.103401,550.689,72.885,0.660
76.115011,549.623,72.851,0.665
76.126621,547.856,72.796,0.661
76.138231,547.163,72.774,0.658
76.149841,547.280,72.777,0.651
76.161451,547.608,72.788,0.646
76.173061,548.512,72.816,0.637
76.184671,550.439,72.877,0.608
76.196281,553.914,72.986,0.589
76.207891,186.656,54.155,0.651
76.219501,187.842,54.264,0.704
76.231111,407.559,67.674,0.779
76.242721,411.217,67.829,0.816
76.254331,410.618,67.804,0.839
76.265941,410.196,67.786,0.844
76.277551,409.649,67.763,0.844
76.289161,409.702,67.765,0.843
76.300771,411.698,67.849,0.831
76.312381,139.521,49.116,0.822
76.323991,139.403,49.101,0.784
76.335601,137.536,48.868,0.751
76.347211,545.979,72.736,0.723
76.358821,549.727,72.855,0.727
76.370431,549.078,72.834,0.738
76.382041,549.464,72.846,0.752
76.393651,547.706,72.791,0.767
76.405261,446.788,69.265,0.782
76.416871,444.676,69.183,0.793
76.428481,444.251,69.166,0.798
76.440091,443.503,69.137,0.799
76.451701,221.285,57.101,0.807
76.463311,443.116,69.122,0.818
76.474921,442.856,69.112,0.828
76.486531,442.810,69.110,0.836
76.498141,442.400,69.094,0.838
76.509751,442.150,69.084,0.835
76.521361,441.843,69.072,0.837
76.532971,442.183,69.086,0.843
76.544580,444.884,69.191,0.851
76.556190,444.271,69.167,0.855
76.567800,443.563,69.140,0.858
76.579410,442.503,69.098,0.865
76.591020,441.597,69.063,0.871
76.602630,441.157,69.045,0.877
76.614240,440.888,69.035,0.882
76.625850,440.539,69.021,0.885
76.637460,439.960,68.998,0.883
76.649070,439.809,68.992,0.877
76.660680,439.791,68.992,0.869
76.672290,439.732,68.989,0.850
76.683900,439.873,68.995,0.832
76.695510,440.111,69.004,0.814
76.707120,440.943,69.037,0.807
76.718730,442.222,69.087,0.805
76.730340,444.718,69.185,0.807
76.741950,446.687,69.261,0.807
76.753560,446.671,69.261,0.809
76.765170,446.411,69.250,0.812
76.776780,446.261,69.245,0.818
76.788390,446.195,69.242,0.824
76.800000,445.600,69.219,0.819
76.811610,444.256,69.167,0.806
76.823220,441.675,69.066,0.792
76.834830,439.220,68.969,0.790
76.846440,439.538,68.982,0.796
76.858050,442.166,69.085,0.816
76.869660,443.088,69.121,0.829
76.881270,442.409,69.095,0.841
76.892880,442.025,69.080,0.848
76.904490,441.557,69.061,0.855
76.916100,441.296,69.051,0.863
76.927710,441.158,69.046,0.870
76.939320,440.915,69.036,0.871
76.950930,440.109,69.004,0.866
76.962540,439.762,68.991,0.863
76.974150,439.846,68.994,0.859
76.985760,439.611,68.985,0.861
76.997370,439.421,68.977,0.856
77.008980,439.443,68.978,0.841
77.020590,439.513,68.981,0.830
77.032200,439.526,68.981,0.826
77.043810,439.789,68.992,0.825
77.055420,439.936,68.997,0.821
77.067029,440.361,69.014,0.814
77.078639,441.039,69.041,0.803
77.090249,441.381,69.054,0.796
77.101859,441.275,69.050,0.794
77.113469,441.603,69.063,0.784
77.125079,441.932,69.076,0.763
77.136689,442.393,69.094,0.738
77.148299,442.117,69.083,0.719
77.159909,440.444,69.017,0.706
77.171519,439.826,68.993,0.695
77.183129,439.371,68.975,0.720
77.194739,438.620,68.946,0.756
77.206349,439.520,68.981,0.783
77.217959,440.862,69.034,0.809
77.229569,441.306,69.051,0.828
77.241179,441.181,69.046,0.838
77.252789,440.259,69.010,0.846
77.264399,439.426,68.977,0.853
77.276009,438.995,68.960,0.854
77.287619,439.038,68.962,0.854
77.299229,439.148,68.966,0.856
77.310839,438.998,68.961,0.853
77.322449,438.699,68.949,0.848
77.334059,438.565,68.943,0.839
77.345669,439.212,68.969,0.823
77.357279,440.188,69.007,0.806
77.368889,441.238,69.049,0.785
77.380499,442.188,69.086,0.753
77.392109,441.544,69.061,0.710
77.403719,441.365,69.054,0.655
77.415329,440.444,69.017,0.570
77.426939,440.942,69.037,0.525
77.438549,440.915,69.036,0.515
77.450159,440.991,69.039,0.527
77.461769,439.556,68.983,0.578
77.473379,439.273,68.971,0.613
77.484989,440.185,69.007,0.632
77.496599,316.074,63.273,0.666
77.508209,321.172,63.550,0.695
77.519819,323.524,63.676,0.716
77.531429,324.892,63.749,0.731
77.543039,326.861,63.854,0.743
77.554649,327.050,63.864,0.741
77.566259,327.567,63.891,0.742
77.577868,327.233,63.874,0.751
77.589478,326.584,63.839,0.754
77.601088,324.906,63.750,0.753
77.612698,324.617,63.735,0.752
77.624308,325.209,63.766,0.757
77.635918,325.515,63.783,0.760
77.647528,326.588,63.840,0.770
77.659138,327.254,63.875,0.782
77.670748,327.998,63.914,0.777
77.682358,329.158,63.975,0.763
77.693968,330.094,64.024,0.748
77.705578,330.783,64.061,0.733
77.717188,330.798,64.061,0.710
77.728798,331.028,64.073,0.684
77.740408,328.999,63.967,0.646
77.752018,325.793,63.797,0.566
77.763628,324.905,63.750,0.509
77.775238,324.920,63.751,0.496
77.786848,324.040,63.704,0.489
77.798458,323.855,63.694,0.486
77.810068,324.301,63.718,0.502
77.821678,324.097,63.707,0.567
77.833288,325.218,63.767,0.606
77.844898,327.090,63.866,0.644
77.856508,329.687,64.003,0.700
77.868118,329.196,63.977,0.730
77.879728,328.302,63.930,0.747
77.891338,326.355,63.827,0.762
77.902948,324.883,63.749,0.781
77.914558,324.318,63.719,0.787
77.926168,324.128,63.709,0.803
77.937778,324.013,63.703,0.819
77.949388,323.966,63.700,0.823
77.960998,324.561,63.732,0.824
77.972608,325.510,63.782,0.822
77.984218,327.351,63.880,0.819
77.995828,329.437,63.990,0.821
78.007438,331.010,64.072,0.826
78.019048,332.206,64.135,0.823
78.030658,332.923,64.172,0.812
78.042268,332.740,64.163,0.809
78.053878,331.410,64.093,0.818
78.065488,329.845,64.011,0.818
78.077098,328.113,63.920,0.822
78.088707,326.198,63.819,0.819
78.100317,324.841,63.747,0.807
78.111927,324.322,63.719,0.800
78.123537,324.632,63.736,0.799
78.135147,325.208,63.766,0.785
78.146757,326.923,63.857,0.776
78.158367,328.527,63.942,0.791
78.169977,329.973,64.018,0.793
78.181587,331.143,64.079,0.795
78.193197,331.469,64.096,0.802
78.204807,331.447,64.095,0.803
78.216417,330.962,64.070,0.799
78.228027,329.999,64.020,0.800
78.239637,328.487,63.940,0.787
78.251247,328.016,63.915,0.772
78.262857,326.842,63.853,0.761
78.274467,325.206,63.766,0.743
78.286077,324.724,63.741,0.724
78.297687,324.452,63.726,0.704
78.309297,325.019,63.756,0.684
78.320907,326.546,63.837,0.668
78.332517,328.462,63.939,0.658
78.344127,327.474,63.887,0.632
78.355737,328.133,63.921,0.608
78.367347,328.490,63.940,0.593
78.378957,328.895,63.961,0.591
78.390567,329.516,63.994,0.594
78.402177,329.246,63.980,0.586
78.413787,329.290,63.982,0.577
78.425397,328.232,63.927,0.587
78.437007,328.203,63.925,0.628
78.448617,839.464,80.184,0.726
78.460227,839.075,80.176,0.752
78.471837,329.827,64.010,0.772
78.483447,330.516,64.047,0.786
78.495057,331.115,64.078,0.800
78.506667,330.588,64.050,0.816
78.518277,330.291,64.035,0.825
78.529887,329.799,64.009,0.829
78.541497,329.827,64.010,0.808
78.553107,329.562,63.997,0.804
78.564717,329.343,63.985,0.807
78.576327,329.219,63.979,0.817
78.587937,329.193,63.977,0.824
78.599546,329.440,63.990,0.827
78.611156,329.749,64.006,0.831
78.622766,330.034,64.021,0.836
78.634376,330.291,64.035,0.838
78.645986,330.291,64.035,0.840
78.657596,330.247,64.033,0.835
78.669206,330.145,64.027,0.827
78.680816,329.950,64.017,0.817
78.692426,329.959,64.017,0.810
78.704036,329.945,64.017,0.802
78.715646,329.917,64.015,0.791
78.727256,329.840,64.011,0.783
78.738866,329.756,64.007,0.777
78.750476,329.635,64.000,0.771
78.762086,329.582,63.998,0.768
78.773696,329.593,63.998,0.768
78.785306,329.560,63.996,0.768
78.796916,329.534,63.995,0.771
78.808526,329.541,63.995,0.779
78.820136,329.584,63.998,0.786
78.831746,329.614,63.999,0.792
78.843356,329.606,63.999,0.795
78.854966,329.553,63.996,0.796
78.866576,329.482,63.992,0.795
78.878186,329.457,63.991,0.793
78.889796,329.416,63.989,0.788
78.901406,329.381,63.987,0.782
78.913016,329.401,63.988,0.775
78.924626,329.558,63.996,0.766
78.936236,329.999,64.019,0.761
78.947846,331.089,64.077,0.769
78.959456,334.670,64.263,0.775
78.971066,340.529,64.563,0.780
78.982676,366.379,65.830,0.782
78.994286,870.036,80.803,0.800
79.005896,871.798,80.838,0.807
79.017506,875.401,80.909,0.809
79.029116,878.832,80.977,0.812
79.040726,882.977,81.058,0.806
79.052336,890.256,81.201,0.810
79.063946,897.183,81.335,0.809
79.075556,901.129,81.411,0.816
79.087166,909.251,81.566,0.805
79.098776,911.762,81.614,0.802
79.110385,915.788,81.690,0.809
79.121995,469.977,70.141,0.821
79.133605,475.033,70.326,0.835
79.145215,479.160,70.476,0.831
79.156825,481.385,70.556,0.833
79.168435,483.111,70.618,0.825
79.180045,485.394,70.700,0.827
79.191655,486.982,70.756,0.839
79.203265,487.851,70.787,0.850
79.214875,488.430,70.808,0.850
79.226485,488.907,70.825,0.841
79.238095,489.738,70.854,0.846
79.249705,490.950,70.897,0.850
79.261315,492.025,70.935,0.861
79.272925,492.667,70.957,0.868
79.284535,492.838,70.963,0.858
79.296145,492.903,70.966,0.846
79.307755,492.669,70.957,0.853
79.319365,493.118,70.973,0.871
79.330975,493.726,70.994,0.876
79.342585,493.731,70.995,0.878
79.354195,493.544,70.988,0.871
79.365805,493.709,70.994,0.864
79.377415,493.692,70.993,0.879
79.389025,493.715,70.994,0.888
79.400635,493.331,70.981,0.878
79.412245,491.643,70.921,0.869
79.423855,488.512,70.811,0.864
79.435465,485.844,70.716,0.854
79.447075,483.559,70.634,0.853
79.458685,480.709,70.532,0.857
79.470295,927.541,81.911,0.843
79.481905,911.803,81.615,0.839
79.493515,899.670,81.383,0.841
79.505125,878.921,80.979,0.834
79.516735,866.217,80.727,0.830
79.528345,860.883,80.620,0.833
79.539955,421.150,68.242,0.838
79.551565,418.673,68.140,0.835
79.563175,417.368,68.086,0.831
79.574785,416.243,68.039,0.817
79.586395,415.685,68.016,0.808
79.598005,415.003,67.987,0.798
79.609615,414.515,67.967,0.790
79.621224,414.501,67.966,0.785
79.632834,414.913,67.984,0.778
79.644444,415.269,67.999,0.769
79.656054,415.503,68.008,0.769
79.667664,415.636,68.014,0.770
79.679274,415.778,68.020,0.771
79.690884,415.839,68.022,0.772
79.702494,415.813,68.021,0.767
79.714104,207.879,56.019,0.751
79.725714,207.741,56.007,0.734
79.737324,207.641,55.999,0.719
79.748934,207.563,55.993,0.693
79.760544,207.471,55.985,0.672
79.772154,207.433,55.982,0.640
79.783764,141.396,49.347,0.602
79.795374,141.515,49.361,0.592
79.806984,167.454,52.275,0.599
79.818594,167.283,52.257,0.602
79.830204,166.942,52.222,0.599
79.841814,167.007,52.229,0.592
79.853424,167.143,52.243,0.584
79.865034,139.818,49.153,0.587
79.876644,139.646,49.131,0.583
79.888254,139.592,49.125,0.579
79.899864,139.443,49.106,0.569
79.911474,208.636,56.082,0.561
79.923084,209.066,56.117,0.554
79.934694,208.928,56.106,0.558
79.946304,208.767,56.093,0.564
79.957914,208.233,56.048,0.554
79.969524,417.962,68.110,0.544
79.981134,417.446,68.089,0.533
79.992744,417.199,68.079,0.527
80.004354,138.839,49.031,0.523
80.015964,139.026,49.054,0.517
80.027574,207.587,55.995,0.511
80.039184,207.938,56.024,0.499
80.050794,139.134,49.068,0.495
80.062404,862.303,80.648,0.580
80.074014,209.471,56.151,0.670
80.085624,882.839,81.056,0.724
80.097234,366.976,65.858,0.754
80.108844,369.092,65.958,0.785
80.120454,369.782,65.990,0.813
80.132063,369.749,65.989,0.832
80.143673,369.429,65.974,0.845
80.155283,369.222,65.964,0.846
80.166893,369.317,65.968,0.839
80.178503,369.467,65.975,0.830
80.190113,369.590,65.981,0.820
80.201723,369.304,65.968,0.806
80.213333,369.229,65.964,0.791
80.224943,369.439,65.974,0.780
80.236553,369.814,65.992,0.769
80.248163,370.172,66.008,0.764
80.259773,370.734,66.035,0.754
80.271383,370.824,66.039,0.746
80.282993,370.827,66.039,0.739
80.294603,371.042,66.049,0.728
80.306213,371.286,66.060,0.704
80.317823,371.524,66.071,0.672
80.329433,371.632,66.076,0.646
80.341043,371.508,66.071,0.616
80.352653,370.950,66.045,0.582
80.364263,370.984,66.046,0.548
80.375873,370.527,66.025,0.538
80.387483,371.330,66.062,0.526
80.399093,371.887,66.088,0.525
80.410703,371.653,66.077,0.533
80.422313,371.970,66.092,0.523
80.433923,372.025,66.095,0.521
80.445533,372.013,66.094,0.529
80.457143,371.676,66.079,0.536
80.468753,371.578,66.074,0.527
80.480363,371.591,66.075,0.511
80.491973,371.611,66.075,0.498
80.503583,370.970,66.046,0.493
80.515193,370.575,66.027,0.499
80.526803,369.929,65.997,0.502
80.538413,370.084,66.004,0.498
80.550023,374.472,66.208,0.539
80.561633,370.130,66.006,0.659
80.573243,368.088,65.911,0.711
80.584853,370.440,66.021,0.768
80.596463,371.024,66.048,0.799
80.608073,371.576,66.074,0.819
80.619683,371.574,66.074,0.836
80.631293,370.918,66.043,0.852
80.642902,370.083,66.004,0.863
80.654512,370.053,66.003,0.861
80.666122,369.832,65.992,0.864
80.677732,369.286,65.967,0.857
80.689342,369.114,65.959,0.853
80.700952,369.135,65.960,0.850
80.712562,369.306,65.968,0.844
80.724172,369.733,65.988,0.836
80.735782,370.258,66.012,0.829
80.747392,370.700,66.033,0.819
80.759002,371.203,66.056,0.798
80.770612,371.622,66.076,0.773
80.782222,371.750,66.082,0.743
80.793832,371.508,66.071,0.711
80.805442,371.091,66.051,0.683
80.817052,370.715,66.034,0.653
80.828662,369.842,65.993,0.597
80.840272,370.375,66.018,0.535
80.851882,370.678,66.032,0.513
80.863492,370.385,66.018,0.525
80.875102,369.812,65.991,0.539
80.886712,369.722,65.987,0.567
80.898322,370.329,66.016,0.590
80.909932,370.479,66.023,0.611
80.921542,370.881,66.041,0.631
80.933152,370.745,66.035,0.643
80.944762,370.687,66.032,0.649
80.956372,370.880,66.041,0.651
80.967982,371.050,66.049,0.666
80.979592,371.025,66.048,0.675
80.991202,370.722,66.034,0.677
81.002812,370.639,66.030,0.670
81.014422,370.376,66.018,0.682
81.026032,371.203,66.056,0.705
81.037642,740.462,78.011,0.718
81.049252,737.504,77.942,0.731
81.060862,735.001,77.883,0.737
81.072472,730.564,77.778,0.735
81.084082,724.597,77.636,0.738
81.095692,720.926,77.548,0.746
81.107302,155.219,50.962,0.747
81.118912,155.248,50.965,0.744
81.130522,155.360,50.977,0.748
81.142132,311.354,63.013,0.754
81.153741,311.352,63.013,0.765
81.165351,311.171,63.002,0.779
81.176961,311.102,62.999,0.790
81.188571,311.032,62.995,0.798
81.200181,310.872,62.986,0.803
81.211791,311.000,62.993,0.808
81.223401,311.039,62.995,0.812
81.235011,311.098,62.998,0.814
81.246621,311.205,63.004,0.813
81.258231,311.408,63.016,0.814
81.269841,311.436,63.017,0.814
81.281451,311.391,63.015,0.816
81.293061,311.284,63.009,0.817
81.304671,311.195,63.004,0.817
81.316281,311.088,62.998,0.818
81.327891,310.957,62.991,0.817
81.339501,310.865,62.985,0.816
81.351111,310.778,62.981,0.816
81.362721,310.843,62.984,0.817
81.374331,311.017,62.994,0.816
81.385941,311.301,63.010,0.816
81.397551,311.494,63.020,0.814
81.409161,311.599,63.026,0.811
81.420771,311.705,63.032,0.809
81.432381,311.785,63.037,0.807
81.443991,311.687,63.031,0.804
81.455601,311.679,63.031,0.797
81.467211,311.612,63.027,0.794
81.478821,311.731,63.034,0.793
81.490431,311.796,63.037,0.797
81.502041,311.962,63.046,0.796
81.513651,311.979,63.047,0.790
81.525261,312.087,63.053,0.791
81.536871,312.587,63.081,0.794
81.548481,313.350,63.123,0.796
81.560091,314.427,63.183,0.796
81.571701,732.173,77.816,0.797
81.583311,741.990,78.047,0.791
81.594921,817.071,79.715,0.788
81.606531,850.289,80.405,0.798
81.618141,869.820,80.799,0.799
81.629751,886.885,81.135,0.802
81.641361,460.018,69.770,0.801
81.652971,459.058,69.734,0.810
81.664580,459.219,69.740,0.823
81.676190,460.433,69.786,0.831
81.687800,461.393,69.822,0.835
81.699410,463.241,69.891,0.843
81.711020,465.209,69.965,0.850
81.722630,467.204,70.039,0.847
81.734240,471.082,70.182,0.852
81.745850,478.296,70.445,0.846
81.757460,486.231,70.730,0.829
81.769070,494.605,71.025,0.826
81.780680,499.164,71.184,0.827
81.792290,504.653,71.373,0.813
81.803900,510.365,71.568,0.809
81.815510,514.024,71.692,0.814
81.827120,516.598,71.778,0.817
81.838730,518.399,71.839,0.824
81.850340,519.883,71.888,0.837
81.861950,521.371,71.938,0.841
81.873560,522.080,71.961,0.844
81.885170,522.363,71.971,0.849
81.896780,522.804,71.985,0.848
81.908390,523.089,71.995,0.850
81.920000,523.205,71.998,0.854
81.931610,523.354,72.003,0.853
81.943220,523.175,71.997,0.848
81.954830,522.562,71.977,0.843
81.966440,521.523,71.943,0.847
81.978050,520.379,71.905,0.854
81.989660,519.049,71.860,0.861
82.001270,517.325,71.803,0.857
82.012880,514.965,71.724,0.853
82.024490,511.252,71.598,0.861
82.036100,508.817,71.516,0.862
82.047710,506.740,71.445,0.861
82.059320,935.162,82.053,0.861
82.070930,920.294,81.775,0.856
82.082540,907.576,81.534,0.854
82.094150,899.397,81.377,0.854
82.105760,889.914,81.194,0.850
82.117370,877.722,80.955,0.840
82.128980,875.139,80.904,0.835
82.140590,869.274,80.788,0.835
82.152200,425.865,68.435,0.829
82.163810,424.175,68.366,0.829
82.175420,421.682,68.264,0.824
82.187029,419.471,68.173,0.825
82.198639,418.057,68.114,0.821
82.210249,416.754,68.060,0.814
82.221859,416.033,68.030,0.814
82.233469,415.277,67.999,0.813
82.245079,414.992,67.987,0.809
82.256689,414.950,67.985,0.797
82.268299,415.004,67.987,0.791
82.279909,415.078,67.991,0.777
82.291519,415.442,68.006,0.763
82.303129,415.910,68.025,0.750
82.314739,416.318,68.042,0.731
82.326349,208.041,56.032,0.707
82.337959,207.940,56.024,0.677
82.349569,207.746,56.008,0.646
82.361179,890.211,81.200,0.601
82.372789,902.079,81.429,0.581
82.384399,896.306,81.318,0.585
82.396009,892.986,81.254,0.588
82.407619,881.335,81.026,0.589
82.419229,876.619,80.933,0.590
82.430839,208.848,56.099,0.590
82.442449,208.721,56.089,0.588
82.454059,208.513,56.072,0.582
82.465669,208.148,56.041,0.583
82.477279,207.844,56.016,0.574
82.488889,207.701,56.004,0.568
82.500499,417.393,68.087,0.564
82.512109,416.971,68.069,0.571
82.523719,417.222,68.080,0.566
82.535329,417.393,68.087,0.561
82.546939,417.295,68.083,0.557
82.558549,416.892,68.066,0.558
82.570159,417.000,68.071,0.565
82.581769,416.593,68.054,0.565
82.593379,416.516,68.050,0.560
82.604989,417.378,68.086,0.552
82.616599,416.677,68.057,0.551
82.628209,416.059,68.031,0.551
82.639819,207.265,55.968,0.546
82.651429,207.300,55.971,0.541
82.663039,824.775,79.878,0.653
82.674649,821.097,79.801,0.694
82.686259,793.967,79.219,0.723
82.697868,376.280,66.292,0.734
82.709478,375.137,66.239,0.761
82.721088,374.173,66.194,0.791
82.732698,373.406,66.159,0.813
82.744308,372.595,66.121,0.828
82.755918,371.608,66.075,0.818
82.767528,370.827,66.039,0.812
82.779138,370.064,66.003,0.808
82.790748,369.818,65.992,0.810
82.802358,369.791,65.990,0.802
82.813968,369.991,66.000,0.787
82.825578,370.238,66.011,0.770
82.837188,370.350,66.017,0.754
82.848798,370.522,66.025,0.748
82.860408,370.843,66.040,0.746
82.872018,371.028,66.048,0.742
82.883628,371.046,66.049,0.732
82.895238,371.051,66.049,0.717
82.906848,370.953,66.045,0.695
82.918458,371.050,66.049,0.674
82.930068,371.318,66.062,0.655
82.941678,371.444,66.068,0.631
82.953288,371.822,66.085,0.600
82.964898,371.713,66.080,0.559
82.976508,371.787,66.084,0.540
82.988118,371.376,66.065,0.534
82.999728,371.509,66.071,0.537
83.011338,371.486,66.070,0.543
83.022948,371.626,66.076,0.551
83.034558,370.905,66.043,0.549
83.046168,370.585,66.028,0.545
83.057778,370.680,66.032,0.552
83.069388,370.347,66.016,0.569
83.080998,370.293,66.014,0.578
83.092608,370.281,66.013,0.576
83.104218,370.293,66.014,0.567
83.115828,370.614,66.029,0.565
83.127438,371.035,66.049,0.568
83.139048,371.897,66.089,0.583
83.150658,369.242,65.965,0.621
83.162268,184.372,53.941,0.674
83.173878,184.744,53.976,0.710
83.185488,185.187,54.018,0.730
83.197098,185.397,54.037,0.748
83.208707,185.750,54.070,0.774
83.220317,185.601,54.056,0.791
83.231927,185.542,54.051,0.805
83.243537,185.498,54.047,0.810
83.255147,369.772,65.990,0.807
83.266757,368.992,65.953,0.808
83.278367,368.540,65.932,0.811
83.289977,368.330,65.922,0.812
83.301587,367.866,65.900,0.805
83.313197,367.928,65.903,0.801
83.324807,368.010,65.907,0.794
83.336417,368.553,65.932,0.790
83.348027,369.359,65.970,0.783
83.359637,370.358,66.017,0.772
83.371247,371.083,66.051,0.764
83.382857,371.328,66.062,0.757
83.394467,371.641,66.077,0.744
83.406077,371.937,66.091,0.728
83.417687,372.077,66.097,0.708
83.429297,372.214,66.104,0.683
83.440907,372.155,66.101,0.661
83.452517,371.811,66.085,0.639
83.464127,371.223,66.057,0.610
83.475737,370.851,66.040,0.584
83.487347,370.346,66.016,0.580
83.498957,370.128,66.006,0.574
83.510567,370.125,66.006,0.574
83.522177,370.264,66.013,0.578
83.533787,370.022,66.001,0.582
83.545397,369.945,65.998,0.595
83.557007,370.327,66.016,0.615
83.568617,370.152,66.007,0.633
83.580227,370.215,66.010,0.638
83.591837,370.299,66.014,0.648
83.603447,370.334,66.016,0.660
83.615057,185.118,54.011,0.683
83.626667,742.817,78.066,0.720
83.638277,739.491,77.988,0.730
83.649887,732.479,77.823,0.742
83.661497,724.820,77.641,0.748
83.673107,720.494,77.538,0.751
83.684717,109.143,44.865,0.758
83.696327,109.392,44.904,0.766
83.707937,163.752,51.888,0.769
83.719546,328.513,63.941,0.760
83.731156,328.968,63.965,0.766
83.742766,329.325,63.984,0.772
83.754376,329.627,64.000,0.782
83.765986,329.945,64.017,0.794
83.777596,330.126,64.026,0.803
83.789206,330.135,64.027,0.808
83.800816,330.103,64.025,0.814
83.812426,330.037,64.022,0.819
83.824036,329.902,64.014,0.822
83.835646,329.869,64.013,0.822
83.847256,329.810,64.010,0.822
83.858866,329.704,64.004,0.823
83.870476,329.665,64.002,0.824
83.882086,329.614,63.999,0.826
83.893696,329.606,63.999,0.826
83.905306,329.613,63.999,0.826
83.916916,329.680,64.003,0.826
83.928526,329.777,64.008,0.828
83.940136,329.820,64.010,0.830
83.951746,329.807,64.009,0.834
83.963356,329.781,64.008,0.837
83.974966,329.749,64.006,0.838
83.986576,329.728,64.005,0.839
83.998186,329.709,64.004,0.840
84.009796,329.672,64.002,0.842
84.021406,329.593,63.998,0.840
84.033016,329.593,63.998,0.836
84.044626,329.602,63.999,0.830
84.056236,329.670,64.002,0.825
84.067846,329.867,64.013,0.825
84.079456,330.202,64.030,0.821
84.091066,330.713,64.057,0.820
84.102676,331.234,64.084,0.812
84.114286,332.679,64.160,0.808
84.125896,335.053,64.283,0.807
84.137506,338.600,64.465,0.802
84.149116,748.388,78.195,0.807
84.160726,761.460,78.495,0.793
84.172336,869.123,80.785,0.790
84.183946,881.600,81.031,0.788
84.195556,886.446,81.126,0.794
84.207166,887.259,81.142,0.797
84.218776,443.748,69.147,0.795
84.230385,445.423,69.212,0.801
84.241995,447.426,69.290,0.796
84.253605,448.551,69.333,0.804
84.265215,449.950,69.387,0.805
84.276825,452.026,69.467,0.796
84.288435,454.626,69.566,0.791
84.300045,459.962,69.768,0.795
84.311655,465.880,69.989,0.809
84.323265,470.715,70.168,0.816
84.334875,474.783,70.317,0.830
84.346485,477.851,70.429,0.840
84.358095,480.401,70.521,0.848
84.369705,482.272,70.588,0.855
84.381315,484.325,70.662,0.860
84.392925,486.791,70.750,0.861
84.404535,489.124,70.832,0.856
84.416145,490.296,70.874,0.851
84.427755,491.258,70.908,0.837
84.439365,492.033,70.935,0.821
84.450975,492.241,70.942,0.821
84.462585,491.760,70.925,0.830
84.474195,491.492,70.916,0.822
84.485805,491.431,70.914,0.818
84.497415,491.117,70.903,0.819
84.509025,490.668,70.887,0.823
84.520635,489.647,70.851,0.833
84.532245,489.050,70.830,0.847
84.543855,488.459,70.809,0.853
84.555465,488.317,70.804,0.853
84.567075,488.253,70.802,0.869
84.578685,487.156,70.763,0.877
84.590295,485.762,70.713,0.873
84.601905,483.971,70.649,0.866
84.613515,481.775,70.570,0.861
84.625125,946.798,82.267,0.856
84.636735,935.095,82.051,0.848
84.648345,923.447,81.834,0.840
84.659955,908.358,81.549,0.823
84.671565,888.488,81.166,0.816
84.683175,883.809,81.075,0.819
84.694785,877.828,80.957,0.820
84.706395,423.046,68.320,0.818
84.718005,419.694,68.182,0.810
84.729615,418.121,68.117,0.804
84.741224,416.958,68.069,0.803
84.752834,416.053,68.031,0.805
84.764444,415.523,68.009,0.792
84.776054,415.492,68.008,0.781
84.787664,415.513,68.009,0.772
84.799274,415.583,68.012,0.768
84.810884,415.647,68.014,0.770
84.822494,415.669,68.015,0.774
84.834104,415.631,68.014,0.768
84.845714,415.594,68.012,0.766
84.857324,415.729,68.018,0.773
84.868934,415.948,68.027,0.780
84.880544,416.257,68.040,0.787
84.892154,416.338,68.043,0.803
84.903764,416.308,68.042,0.818
84.915374,416.319,68.042,0.827
84.926984,416.374,68.044,0.835
84.938594,416.506,68.050,0.843
84.950204,416.435,68.047,0.847
84.961814,416.354,68.044,0.853
84.973424,416.286,68.041,0.858
84.985034,416.294,68.041,0.854
84.996644,416.261,68.040,0.844
85.008254,416.194,68.037,0.835
85.019864,416.102,68.033,0.829
85.031474,415.841,68.022,0.825
85.043084,415.577,68.011,0.822
85.054694,415.404,68.004,0.820
85.066304,415.269,67.999,0.819
85.077914,415.159,67.994,0.820
85.089524,415.173,67.995,0.823
85.101134,415.290,67.999,0.826
85.112744,415.328,68.001,0.827
85.124354,415.474,68.007,0.828
85.135964,415.650,68.014,0.833
85.147574,415.629,68.014,0.838
85.159184,415.370,68.003,0.834
85.170794,415.158,67.994,0.829
85.182404,414.959,67.986,0.830
85.194014,414.903,67.983,0.837
85.205624,414.900,67.983,0.845
85.217234,414.488,67.966,0.852
85.228844,414.269,67.957,0.850
85.240454,413.791,67.937,0.844
85.252063,413.244,67.914,0.846
85.263673,412.608,67.887,0.847
85.275283,411.341,67.834,0.843
85.286893,408.729,67.724,0.836
85.298503,185.177,54.017,0.832
85.310113,185.360,54.034,0.823
85.321723,185.112,54.011,0.818
85.333333,184.888,53.990,0.817
85.344943,184.630,53.966,0.815
85.356553,184.559,53.959,0.816
85.368163,184.668,53.969,0.819
85.379773,184.819,53.983,0.816
85.391383,184.898,53.991,0.806
85.402993,185.000,54.000,0.803
85.414603,185.076,54.007,0.805
85.426213,185.096,54.009,0.805
85.437823,185.095,54.009,0.806
85.449433,369.940,65.997,0.807
85.461043,369.779,65.990,0.809
85.472653,369.521,65.978,0.811
85.484263,369.337,65.969,0.815
85.495873,369.025,65.955,0.813
85.507483,368.898,65.949,0.806
85.519093,368.950,65.951,0.804
85.530703,369.013,65.954,0.803
85.542313,369.180,65.962,0.805
85.553923,369.422,65.973,0.805
85.565533,369.651,65.984,0.817
85.577143,184.981,53.999,0.819
85.588753,185.052,54.005,0.825
85.600363,370.074,66.004,0.832
85.611973,370.011,66.001,0.836
85.623583,369.929,65.997,0.836
85.635193,369.905,65.996,0.834
85.646803,369.654,65.984,0.833
85.658413,369.491,65.976,0.821
85.670023,369.410,65.973,0.815
85.681633,369.315,65.968,0.813
85.693243,369.268,65.966,0.808
85.704853,369.335,65.969,0.804
85.716463,369.384,65.971,0.805
85.728073,369.442,65.974,0.806
85.739683,369.597,65.981,0.808
85.751293,369.581,65.981,0.813
85.762902,369.576,65.980,0.822
85.774512,369.578,65.980,0.825
85.786122,369.552,65.979,0.829
85.797732,369.460,65.975,0.832
85.809342,369.395,65.972,0.832
85.820952,369.410,65.973,0.830
85.832562,369.438,65.974,0.832
85.844172,369.411,65.973,0.838
85.855782,369.276,65.966,0.844
85.867392,369.037,65.955,0.849
85.879002,368.829,65.945,0.846
85.890612,368.509,65.930,0.845
85.902222,367.956,65.904,0.853
85.913832,367.267,65.872,0.852
85.925442,366.267,65.825,0.844
85.937052,364.721,65.751,0.831
85.948662,359.853,65.519,0.814
85.960272,348.750,64.976,0.806
85.971882,341.367,64.606,0.811
85.983492,334.055,64.231,0.816
85.995102,330.948,64.069,0.811
86.006712,164.466,51.963,0.814
86.018322,164.484,51.965,0.823
86.029932,164.552,51.973,0.833
86.041542,164.612,51.979,0.843
86.053152,164.658,51.984,0.847
86.064762,164.819,52.001,0.854
86.076372,110.052,45.008,0.857
86.087982,110.064,45.010,0.860
86.099592,110.063,45.010,0.864
86.111202,110.039,45.006,0.870
86.122812,109.994,44.999,0.873
86.134422,164.702,51.988,0.877
86.146032,164.689,51.987,0.880
86.157642,164.632,51.981,0.880
86.169252,164.614,51.979,0.881
86.180862,329.634,64.000,0.881
86.192472,329.522,63.994,0.880
86.204082,329.390,63.988,0.878
86.215692,329.425,63.989,0.875
86.227302,329.406,63.988,0.873
86.238912,329.384,63.987,0.871
86.250522,329.545,63.996,0.869
86.262132,329.564,63.997,0.869
86.273741,329.678,64.003,0.870
86.285351,329.792,64.009,0.874
86.296961,329.832,64.011,0.877
86.308571,329.880,64.013,0.878
86.320181,329.942,64.017,0.880
86.331791,329.886,64.014,0.884
86.343401,329.774,64.008,0.887
86.355011,329.771,64.008,0.889
86.366621,329.779,64.008,0.889
86.378231,329.770,64.007,0.889
86.389841,329.835,64.011,0.889
86.401451,329.841,64.011,0.891
86.413061,329.825,64.010,0.895
86.424671,329.830,64.011,0.899
86.436281,329.801,64.009,0.901
86.447891,329.732,64.005,0.904
86.459501,329.665,64.002,0.905
86.471111,329.589,63.998,0.905
86.482721,329.537,63.995,0.906
86.494331,329.550,63.996,0.905
86.505941,329.523,63.995,0.901
86.517551,329.708,64.004,0.896
86.529161,329.742,64.006,0.894
86.540771,329.823,64.010,0.893
86.552381,329.787,64.008,0.896
86.563991,329.802,64.009,0.899
86.575601,329.718,64.005,0.900
86.587211,329.750,64.006,0.902
86.598821,329.753,64.007,0.904
86.610431,329.698,64.004,0.905
86.622041,329.689,64.003,0.904
86.633651,329.731,64.005,0.901
86.645261,329.714,64.005,0.897
86.656871,329.692,64.003,0.893
86.668481,329.682,64.003,0.891
86.680091,329.655,64.001,0.889
86.691701,329.615,63.999,0.888
86.703311,329.634,64.000,0.887
86.714921,329.643,64.001,0.886
86.726531,329.642,64.001,0.886
86.738141,329.686,64.003,0.887
86.749751,329.666,64.002,0.888
86.761361,329.709,64.004,0.888
86.772971,329.728,64.005,0.886
86.784580,329.781,64.008,0.884
86.796190,329.731,64.005,0.882
86.807800,329.710,64.004,0.879
86.819410,329.661,64.002,0.878
86.831020,329.638,64.001,0.875
86.842630,329.628,64.000,0.872
86.854240,329.599,63.999,0.868
86.865850,329.532,63.995,0.867
86.877460,329.490,63.993,0.867
86.889070,329.513,63.994,0.868
86.900680,329.569,63.997,0.868
86.912290,329.572,63.997,0.869
86.923900,329.664,64.002,0.871
86.935510,329.693,64.003,0.875
86.947120,329.720,64.005,0.881
86.958730,329.772,64.008,0.885
86.970340,329.825,64.010,0.889
86.981950,329.755,64.007,0.893
86.993560,329.711,64.004,0.896
87.005170,329.704,64.004,0.899
87.016780,329.625,64.000,0.903
87.028390,329.596,63.998,0.905
87.040000,329.600,63.999,0.905
87.051610,329.646,64.001,0.905
87.063220,329.617,63.999,0.905
87.074830,329.668,64.002,0.906
87.086440,329.656,64.001,0.908
87.098050,329.647,64.001,0.910
87.109660,329.634,64.000,0.909
87.121270,329.668,64.002,0.908
87.132880,329.614,63.999,0.909
87.144490,329.635,64.000,0.908
87.156100,329.643,64.001,0.906
87.167710,329.678,64.003,0.902
87.179320,329.657,64.002,0.896
87.190930,329.697,64.004,0.889
87.202540,329.772,64.008,0.883
87.214150,329.788,64.008,0.878
87.225760,329.845,64.011,0.872
87.237370,329.872,64.013,0.868
87.248980,329.845,64.011,0.866
87.260590,329.798,64.009,0.865
87.272200,329.780,64.008,0.869
87.283810,329.678,64.003,0.875
87.295420,329.553,63.996,0.881
87.307029,329.528,63.995,0.883
87.318639,329.489,63.993,0.884
87.330249,329.424,63.989,0.882
87.341859,329.421,63.989,0.879
87.353469,329.471,63.992,0.878
87.365079,329.518,63.994,0.875
87.376689,329.647,64.001,0.870
87.388299,329.782,64.008,0.865
87.399909,329.817,64.010,0.861
87.411519,329.835,64.011,0.857
87.423129,329.842,64.011,0.856
87.434739,329.839,64.011,0.854
87.446349,329.787,64.008,0.851
87.457959,329.784,64.008,0.848
87.469569,329.791,64.009,0.848
87.481179,329.794,64.009,0.849
87.492789,329.767,64.007,0.853
87.504399,329.724,64.005,0.860
87.516009,329.622,64.000,0.866
87.527619,329.527,63.995,0.870
87.539229,329.497,63.993,0.873
87.550839,329.437,63.990,0.873
87.562449,329.289,63.982,0.868
87.574059,329.201,63.978,0.861
87.585669,329.132,63.974,0.851
87.597279,329.152,63.975,0.839
87.608889,329.210,63.978,0.825
87.620499,329.272,63.981,0.809
87.632109,329.309,63.983,0.790
87.643719,329.353,63.986,0.770
87.655329,329.394,63.988,0.749
87.666939,329.410,63.989,0.726
87.678549,329.499,63.993,0.697
87.690159,329.626,64.000,0.660
87.701769,329.742,64.006,0.619
87.713379,329.854,64.012,0.582
87.724989,329.853,64.012,0.554
87.736599,329.761,64.007,0.536
87.748209,329.696,64.004,0.526
87.759819,329.601,63.999,0.524
87.771429,329.415,63.989,0.521
87.783039,328.692,63.951,0.656
87.794649,328.712,63.952,0.667
87.806259,328.429,63.937,0.673
87.817868,328.333,63.932,0.688
87.829478,328.049,63.917,0.724
87.841088,327.391,63.882,0.767
87.852698,327.955,63.912,0.798
87.864308,328.704,63.951,0.822
87.875918,329.635,64.000,0.821
87.887528,329.908,64.015,0.837
87.899138,329.783,64.008,0.852
87.910748,329.405,63.988,0.861
87.922358,328.999,63.967,0.864
87.933968,328.877,63.961,0.859
87.945578,328.596,63.946,0.854
87.957188,327.901,63.909,0.840
87.968798,327.047,63.864,0.821
87.980408,326.136,63.816,0.799
87.992018,325.483,63.781,0.773
88.003628,325.629,63.789,0.743
88.015238,326.200,63.819,0.702
88.026848,325.918,63.804,0.645
88.038458,327.865,63.907,0.543
88.050068,328.803,63.957,0.488
88.061678,328.921,63.963,0.478
88.073288,329.123,63.973,0.467
88.084898,328.917,63.963,0.453
88.096508,328.930,63.963,0.437
88.108118,328.876,63.960,0.475
88.119728,108.721,44.798,0.591
88.131338,717.717,77.471,0.599
88.142948,311.584,63.025,0.628
88.154558,322.352,63.614,0.698
88.166168,326.850,63.854,0.737
88.177778,327.676,63.897,0.761
88.189388,328.289,63.930,0.785
88.200998,328.901,63.962,0.804
88.212608,329.081,63.971,0.814
88.224218,329.239,63.980,0.836
88.235828,329.474,63.992,0.851
88.247438,330.005,64.020,0.853
88.259048,330.240,64.032,0.855
88.270658,330.196,64.030,0.858
88.282268,329.839,64.011,0.860
88.293878,329.438,63.990,0.866
88.305488,329.232,63.979,0.875
88.317098,329.063,63.970,0.881
88.328707,329.268,63.981,0.886
88.340317,330.225,64.031,0.889
88.351927,333.290,64.191,0.888
88.363537,339.171,64.494,0.888
88.375147,349.911,65.034,0.888
88.386757,362.075,65.625,0.884
88.398367,367.154,65.867,0.873
88.409977,369.698,65.986,0.864
88.421587,370.940,66.044,0.852
88.433197,371.375,66.064,0.841
88.444807,371.725,66.081,0.843
88.456417,371.888,66.088,0.842
88.468027,371.569,66.074,0.845
88.479637,371.002,66.047,0.848
88.491247,370.372,66.018,0.860
88.502857,370.723,66.034,0.865
88.514467,370.419,66.020,0.877
88.526077,370.684,66.032,0.884
88.537687,370.550,66.026,0.877
88.549297,373.886,66.181,0.873
88.560907,375.408,66.251,0.863
88.572517,362.082,65.626,0.851
88.584127,362.167,65.630,0.831
88.595737,362.112,65.627,0.812
88.607347,361.004,65.574,0.782
88.618957,333.700,64.213,0.758
88.630567,82.856,40.094,0.755
88.642177,333.455,64.200,0.746
88.653787,333.702,64.213,0.744
88.665397,372.360,66.110,0.756
88.677007,372.825,66.132,0.765
88.688617,373.228,66.151,0.777
88.700227,372.918,66.136,0.785
88.711837,372.594,66.121,0.791
88.723447,372.508,66.117,0.798
88.735057,371.957,66.092,0.811
88.746667,372.214,66.104,0.820
88.758277,372.832,66.132,0.821
88.769887,373.482,66.162,0.824
88.781497,374.052,66.189,0.826
88.793107,374.475,66.208,0.832
88.804717,375.190,66.241,0.836
88.816327,414.029,67.947,0.841
88.827937,414.561,67.969,0.841
88.839546,414.824,67.980,0.845
88.851156,414.885,67.982,0.851
88.862766,415.110,67.992,0.853
88.874376,415.490,68.008,0.855
88.885986,415.851,68.023,0.855
88.897596,416.075,68.032,0.857
88.909206,416.018,68.030,0.856
88.920816,415.889,68.024,0.858
88.932426,415.721,68.017,0.856
88.944036,415.683,68.016,0.849
88.955646,415.582,68.012,0.840
88.967256,415.542,68.010,0.822
88.978866,415.327,68.001,0.801
88.990476,414.386,67.962,0.775
89.002086,413.009,67.904,0.747
89.013696,411.315,67.833,0.708
89.025306,407.913,67.689,0.659
89.036916,373.673,66.171,0.608
89.048526,374.060,66.189,0.605
89.060136,408.570,67.717,0.630
89.071746,409.041,67.737,0.654
89.083356,124.433,47.134,0.671
89.094966,406.593,67.633,0.693
89.106576,406.147,67.614,0.707
89.118186,94.641,42.396,0.721
89.129796,93.418,42.171,0.728
89.141406,93.400,42.168,0.720
89.153016,460.445,69.786,0.728
89.164626,487.070,70.759,0.768
89.176236,489.519,70.846,0.793
89.187846,492.501,70.951,0.812
89.199456,492.614,70.955,0.828
89.211066,492.051,70.936,0.839
89.222676,492.133,70.939,0.852
89.234286,492.533,70.953,0.868
89.245896,493.286,70.979,0.878
89.257506,494.443,71.020,0.876
89.269116,494.550,71.023,0.877
89.280726,494.271,71.014,0.877
89.292336,494.498,71.022,0.878
89.303946,494.999,71.039,0.879
89.315556,495.340,71.051,0.880
89.327166,495.727,71.064,0.879
89.338776,495.888,71.070,0.874
89.350385,495.835,71.068,0.873
89.361995,495.723,71.064,0.864
89.373605,494.198,71.011,0.857
89.385215,493.884,71.000,0.850
89.396825,492.031,70.935,0.842
89.408435,490.957,70.897,0.832
89.420045,489.413,70.843,0.817
89.431655,487.698,70.782,0.801
89.443265,471.169,70.185,0.772
89.454875,248.073,59.079,0.755
89.466485,248.543,59.112,0.728
89.478095,490.268,70.873,0.694
89.489705,247.299,59.025,0.657
89.501315,247.876,59.065,0.602
89.512925,494.534,71.023,0.558
89.524535,495.343,71.051,0.539
89.536145,495.982,71.073,0.532
89.547755,496.053,71.076,0.529
89.559365,496.664,71.097,0.534
89.570975,496.781,71.101,0.536
89.582585,496.272,71.084,0.544
89.594195,496.231,71.082,0.541
89.605805,496.128,71.078,0.534
89.617415,495.975,71.073,0.524
89.629025,495.733,71.065,0.511
89.640635,494.950,71.037,0.495
89.652245,494.702,71.029,0.479
89.663855,492.655,70.957,0.463
89.675465,492.341,70.946,0.434
89.687075,492.040,70.935,0.411
89.698685,491.166,70.904,0.396
89.710295,490.251,70.872,0.386
89.721905,165.013,52.021,0.391
89.733515,123.054,46.941,0.506
89.745125,344.890,64.784,0.556
89.756735,394.562,67.113,0.661
89.768345,184.930,53.994,0.706
89.779955,346.555,64.867,0.736
89.791565,341.665,64.621,0.770
89.803175,165.983,52.122,0.793
89.814785,189.794,54.443,0.805
89.826395,657.140,75.944,0.812
89.838005,657.247,75.947,0.814
89.849615,164.800,51.999,0.807
89.861224,164.691,51.987,0.810
89.872834,164.538,51.971,0.819
89.884444,163.691,51.882,0.821
89.896054,327.064,63.865,0.826
89.907664,329.240,63.980,0.843
89.919274,329.953,64.017,0.857
89.930884,331.269,64.086,0.875
89.942494,332.590,64.155,0.887
89.954104,332.858,64.169,0.893
89.965714,333.440,64.199,0.886
89.977324,333.966,64.226,0.875
89.988934,333.995,64.228,0.862
90.000544,333.860,64.221,0.842
90.012154,334.338,64.246,0.824
90.023764,334.950,64.277,0.800
90.035374,334.234,64.240,0.775
90.046984,334.812,64.270,0.748
90.058594,158.555,51.330,0.743
90.070204,158.530,51.327,0.747
90.081814,101.172,43.552,0.761
90.093424,101.180,43.553,0.764
90.105034,158.509,51.325,0.752
90.116644,109.707,44.954,0.758
90.128254,368.686,65.939,0.786
90.139864,370.267,66.013,0.805
90.151474,371.292,66.061,0.823
90.163084,370.672,66.032,0.842
90.174694,368.606,65.935,0.854
90.186304,367.959,65.904,0.866
90.197914,367.814,65.898,0.883
90.209524,368.785,65.943,0.889
90.221134,368.648,65.937,0.890
90.232744,369.577,65.980,0.890
90.244354,378.907,66.412,0.892
90.255964,397.380,67.236,0.893
90.267574,400.286,67.362,0.895
90.279184,402.148,67.443,0.897
90.290794,415.107,67.992,0.900
90.302404,415.845,68.023,0.904
90.314014,416.522,68.051,0.901
90.325624,416.832,68.064,0.903
90.337234,416.995,68.070,0.904
90.348844,416.768,68.061,0.905
90.360454,416.263,68.040,0.896
90.372063,415.826,68.022,0.882
90.383673,415.601,68.012,0.860
90.395283,415.361,68.002,0.837
90.406893,415.494,68.008,0.816
90.418503,415.469,68.007,0.784
90.430113,431.320,68.655,0.771
90.441723,488.329,70.804,0.781
90.453333,493.902,71.001,0.801
90.464943,495.536,71.058,0.825
90.476553,495.190,71.046,0.843
90.488163,493.285,70.979,0.859
90.499773,492.578,70.954,0.871
90.511383,491.967,70.933,0.883
90.522993,491.293,70.909,0.883
90.534603,491.012,70.899,0.876
90.546213,490.718,70.889,0.871
90.557823,490.952,70.897,0.868
90.569433,491.449,70.914,0.865
90.581043,491.908,70.931,0.854
90.592653,494.119,71.008,0.839
90.604263,497.848,71.138,0.825
90.615873,498.575,71.164,0.810
90.627483,500.369,71.226,0.786
90.639093,499.173,71.184,0.763
90.650703,498.837,71.173,0.736
90.662313,455.898,69.614,0.714
90.673923,104.517,44.115,0.714
90.685533,82.918,40.107,0.715
90.697143,457.755,69.685,0.713
90.708753,457.934,69.692,0.712
90.720363,458.524,69.714,0.706
90.731973,459.448,69.749,0.690
90.743583,123.225,46.965,0.687
90.755193,335.054,64.283,0.680
90.766803,162.006,51.703,0.657
90.778413,333.802,64.218,0.633
90.790023,164.515,51.969,0.609
90.801633,162.060,51.708,0.580
90.813243,162.460,51.751,0.565
90.824853,162.506,51.756,0.559
90.836463,248.220,59.089,0.519
90.848073,492.651,70.957,0.457
90.859683,491.938,70.932,0.468
90.871293,491.281,70.909,0.471
90.882902,490.607,70.885,0.467
90.894512,493.229,70.977,0.481
90.906122,493.823,70.998,0.473
90.917732,492.231,70.942,0.472
90.929342,164.504,51.967,0.481
90.940952,332.379,64.144,0.661
90.952562,330.700,64.056,0.755
90.964172,330.392,64.040,0.796
90.975782,330.322,64.036,0.827
90.987392,330.413,64.041,0.853
90.999002,330.274,64.034,0.875
91.010612,329.754,64.007,0.889
91.022222,329.499,63.993,0.902
91.033832,329.532,63.995,0.901
91.045442,329.664,64.002,0.893
91.057052,329.802,64.009,0.889
91.068662,329.874,64.013,0.885
91.080272,329.601,63.999,0.872
91.091882,329.745,64.006,0.851
91.103492,330.392,64.040,0.831
91.115102,331.346,64.090,0.805
91.126712,331.787,64.113,0.774
91.138322,331.259,64.085,0.735
91.149932,329.942,64.017,0.676
91.161542,328.163,63.923,0.575
91.173152,329.480,63.992,0.451
91.184762,164.387,51.955,0.437
91.196372,164.471,51.964,0.420
91.207982,164.660,51.984,0.481
91.219592,164.519,51.969,0.498
91.231202,164.542,51.971,0.528
91.242812,333.128,64.183,0.674
91.254422,332.196,64.134,0.736
91.266032,332.362,64.143,0.772
91.277642,332.727,64.162,0.800
91.289252,332.896,64.171,0.823
91.300862,332.542,64.152,0.840
91.312472,331.823,64.115,0.856
91.324082,331.239,64.084,0.866
91.335692,331.018,64.073,0.856
91.347302,330.952,64.069,0.845
91.358912,331.149,64.080,0.843
91.370522,332.235,64.136,0.851
91.382132,334.323,64.245,0.855
91.393741,353.546,65.213,0.859
91.405351,362.600,65.650,0.865
91.416961,366.585,65.840,0.872
91.428571,367.709,65.893,0.880
91.440181,367.982,65.906,0.889
91.451791,368.110,65.912,0.891
91.463401,369.005,65.954,0.888
91.475011,369.923,65.997,0.884
91.486621,369.985,66.000,0.881
91.498231,369.583,65.981,0.876
91.509841,369.118,65.959,0.873
91.521451,368.972,65.952,0.870
91.533061,369.256,65.965,0.870
91.544671,369.784,65.990,0.869
91.556281,370.234,66.011,0.869
91.567891,370.433,66.021,0.872
91.579501,370.541,66.026,0.875
91.591111,370.687,66.032,0.879
91.602721,370.973,66.046,0.880
91.614331,371.109,66.052,0.873
91.625941,371.181,66.055,0.858
91.637551,371.261,66.059,0.840
91.649161,371.400,66.066,0.821
91.660771,371.778,66.083,0.793
91.672381,371.522,66.071,0.765
91.683991,369.758,65.989,0.723
91.695601,367.820,65.898,0.672
91.707211,249.001,59.144,0.757
91.718821,247.621,59.048,0.798
91.730431,247.337,59.028,0.823
91.742041,247.115,59.012,0.840
91.753651,246.876,58.995,0.851
91.765261,246.701,58.983,0.859
91.776871,246.428,58.964,0.868
91.788481,246.301,58.955,0.874
91.800091,246.256,58.952,0.852
91.811701,246.264,58.952,0.838
91.823311,246.434,58.964,0.829
91.834921,246.755,58.987,0.822
91.846531,247.092,59.011,0.824
91.858141,247.339,59.028,0.825
91.869751,247.548,59.042,0.827
91.881361,247.659,59.050,0.829
91.892971,247.641,59.049,0.831
91.904580,247.633,59.048,0.833
91.916190,247.676,59.051,0.835
91.927800,495.449,71.055,0.837
91.939410,495.619,71.061,0.836
91.951020,495.643,71.062,0.835
91.962630,495.536,71.058,0.833
91.974240,495.102,71.043,0.834
91.985850,494.091,71.007,0.835
91.997460,491.668,70.922,0.837
92.009070,488.570,70.813,0.832
92.020680,485.690,70.710,0.823
92.032290,481.668,70.566,0.810
92.043900,476.711,70.387,0.793
92.055510,471.569,70.200,0.774
92.067120,467.230,70.040,0.746
92.078730,463.427,69.898,0.709
92.090340,457.348,69.669,0.647
92.101950,123.526,47.008,0.585
92.113560,123.098,46.948,0.550
92.125170,123.127,46.952,0.561
92.136780,480.518,70.525,0.587
92.148390,511.836,71.618,0.627
92.160000,247.348,59.028,0.651
92.171610,247.578,59.045,0.669
92.183220,247.492,59.039,0.687
92.194830,247.569,59.044,0.698
92.206440,247.652,59.050,0.703
92.218050,98.446,43.079,0.701
92.229660,333.971,64.227,0.709
92.241270,333.895,64.223,0.730
92.252880,333.688,64.212,0.752
92.264490,333.458,64.200,0.777
92.276100,332.356,64.143,0.795
92.287710,331.294,64.087,0.813
92.299320,331.252,64.085,0.830
92.310930,330.734,64.058,0.845
92.322540,330.361,64.039,0.854
92.334150,329.477,63.992,0.855
92.345760,327.649,63.896,0.857
92.357370,326.011,63.809,0.854
92.368980,326.185,63.818,0.853
92.380590,327.181,63.871,0.850
92.392200,328.173,63.923,0.847
92.403810,328.946,63.964,0.845
92.415420,329.677,64.003,0.843
92.427029,330.337,64.037,0.842
92.438639,330.707,64.057,0.839
92.450249,330.785,64.061,0.840
92.461859,330.756,64.059,0.837
92.473469,330.618,64.052,0.835
92.485079,330.312,64.036,0.834
92.496689,329.928,64.016,0.833
92.508299,329.515,63.994,0.833
92.519909,329.148,63.975,0.832
92.531519,330.075,64.023,0.837
92.543129,330.911,64.067,0.843
92.554739,331.088,64.077,0.848
92.566349,331.133,64.079,0.851
92.577959,330.870,64.065,0.856
92.589569,330.601,64.051,0.861
92.601179,330.423,64.042,0.863
92.612789,330.238,64.032,0.865
92.624399,329.507,63.994,0.862
92.636009,329.208,63.978,0.858
92.647619,329.358,63.986,0.855
92.659229,329.901,64.014,0.854
92.670839,330.656,64.054,0.854
92.682449,331.633,64.105,0.852
92.694059,333.782,64.217,0.854
92.705669,338.615,64.466,0.859
92.717279,361.855,65.615,0.866
92.728889,367.434,65.880,0.874
92.740499,369.488,65.976,0.883
92.752109,369.794,65.991,0.886
92.763719,369.521,65.978,0.886
92.775329,369.421,65.973,0.886
92.786939,369.199,65.963,0.883
92.798549,368.141,65.913,0.880
92.810159,366.419,65.832,0.876
92.821769,364.463,65.739,0.868
92.833379,363.438,65.690,0.860
92.844989,363.537,65.695,0.859
92.856599,365.076,65.768,0.859
92.868209,367.760,65.895,0.864
92.879819,370.170,66.008,0.871
92.891429,371.791,66.084,0.872
92.903039,372.289,66.107,0.875
92.914649,372.217,66.104,0.878
92.926259,371.599,66.075,0.881
92.937868,370.407,66.019,0.885
92.949478,368.936,65.950,0.885
92.961088,367.449,65.880,0.880
92.972698,366.293,65.826,0.877
92.984308,366.217,65.822,0.876
92.995918,366.815,65.851,0.876
93.007528,368.040,65.908,0.877
93.019138,369.800,65.991,0.877
93.030748,371.668,66.078,0.877
93.042358,372.751,66.128,0.875
93.053968,373.260,66.152,0.873
93.065578,372.826,66.132,0.876
93.077188,371.474,66.069,0.876
93.088798,369.131,65.960,0.870
93.100408,366.391,65.831,0.866
93.112018,364.123,65.723,0.861
93.123628,363.021,65.671,0.854
93.135238,363.080,65.673,0.856
93.146848,363.363,65.687,0.857
93.158458,365.692,65.798,0.857
93.170068,368.803,65.944,0.855
93.181678,370.865,66.041,0.862
93.193288,372.234,66.104,0.869
93.204898,372.967,66.139,0.869
93.216508,372.863,66.134,0.862
93.228118,372.124,66.099,0.853
93.239728,371.096,66.051,0.844
93.251338,368.988,65.953,0.833
93.262948,366.570,65.839,0.818
93.274558,363.826,65.709,0.790
93.286168,361.892,65.617,0.752
93.297778,362.224,65.633,0.724
93.309388,367.255,65.871,0.709
93.320998,372.148,66.100,0.688
93.332608,372.777,66.130,0.660
93.344218,373.092,66.144,0.612
93.355828,373.432,66.160,0.572
93.367438,373.483,66.162,0.551
93.379048,372.441,66.114,0.520
93.390658,370.616,66.029,0.486
93.402268,364.123,65.723,0.466
93.413878,363.798,65.708,0.470
93.425488,363.296,65.684,0.470
93.437098,362.506,65.646,0.470
93.448707,362.223,65.632,0.474
93.460317,362.195,65.631,0.471
93.471927,362.634,65.652,0.461
93.483537,363.976,65.716,0.444
93.495147,371.323,66.062,0.432
93.506757,372.616,66.122,0.414
93.518367,373.178,66.148,0.396
93.529977,372.866,66.134,0.374
93.541587,372.947,66.138,0.345
93.553197,371.425,66.067,0.320
93.564807,369.772,65.990,0.296
93.576417,367.963,65.905,0.271
93.588027,367.390,65.878,0.251
93.599637,366.278,65.825,0.217
93.611247,587.275,73.998,0.361
93.622857,138.879,49.036,0.506
93.634467,463.759,69.910,0.616
93.646077,459.877,69.765,0.705
93.657687,169.470,52.482,0.766
93.669297,167.080,52.236,0.803
93.680907,166.951,52.223,0.832
93.692517,166.779,52.205,0.852
93.704127,166.629,52.190,0.867
93.715737,166.488,52.175,0.874
93.727347,332.248,64.137,0.877
93.738957,330.607,64.051,0.873
93.750567,328.554,63.944,0.866
93.762177,328.627,63.947,0.860
93.773787,328.280,63.929,0.841
93.785397,328.967,63.965,0.827
93.797007,329.945,64.017,0.827
93.808617,329.808,64.009,0.829
93.820227,329.774,64.008,0.831
93.831837,329.659,64.002,0.835
93.843447,329.407,63.988,0.838
93.855057,329.186,63.977,0.841
93.866667,329.221,63.979,0.855
93.878277,328.993,63.967,0.864
93.889887,328.895,63.961,0.855
93.901497,328.799,63.956,0.843
93.913107,328.723,63.952,0.833
93.924717,328.648,63.948,0.817
93.936327,328.665,63.949,0.795
93.947937,327.955,63.912,0.793
93.959546,323.270,63.663,0.807
93.971156,325.026,63.757,0.822
93.982766,331.071,64.076,0.841
93.994376,332.402,64.145,0.858
94.005986,331.778,64.113,0.870
94.017596,330.615,64.052,0.881
94.029206,329.603,63.999,0.891
94.040816,328.943,63.964,0.893
94.052426,328.808,63.957,0.885
94.064036,328.683,63.950,0.878
94.075646,328.537,63.943,0.870
94.087256,328.411,63.936,0.866
94.098866,328.549,63.943,0.866
94.110476,329.340,63.985,0.866
94.122086,330.209,64.031,0.870
94.133696,330.900,64.067,0.865
94.145306,331.774,64.112,0.852
94.156916,332.212,64.135,0.837
94.168526,331.953,64.122,0.824
94.180136,331.511,64.099,0.812
94.191746,330.513,64.046,0.796
94.203356,328.945,63.964,0.778
94.214966,327.167,63.870,0.749
94.226576,82.283,39.974,0.733
94.238186,82.300,39.977,0.743
94.249796,327.714,63.899,0.749
94.261406,328.041,63.916,0.750
94.273016,328.007,63.915,0.741
94.284626,328.642,63.948,0.740
94.296236,359.884,65.520,0.773
94.307846,361.269,65.587,0.794
94.319456,370.742,66.035,0.811
94.331066,371.892,66.089,0.828
94.342676,371.504,66.070,0.841
94.354286,371.498,66.070,0.851
94.365896,371.017,66.048,0.865
94.377506,370.681,66.032,0.871
94.389116,370.847,66.040,0.864
94.400726,370.981,66.046,0.858
94.412336,370.753,66.035,0.849
94.423946,370.200,66.010,0.835
94.435556,369.910,65.996,0.828
94.447166,369.966,65.999,0.823
94.458776,371.109,66.052,0.825
94.470385,371.702,66.080,0.831
94.481995,415.617,68.013,0.836
94.493605,417.348,68.085,0.840
94.505215,417.878,68.107,0.848
94.516825,417.418,68.088,0.859
94.528435,416.523,68.051,0.866
94.540045,415.832,68.022,0.869
94.551655,415.590,68.012,0.865
94.563265,414.282,67.957,0.864
94.574875,412.612,67.887,0.860
94.586485,411.567,67.843,0.854
94.598095,411.359,67.835,0.848
94.609705,411.658,67.847,0.839
94.621315,413.454,67.923,0.833
94.632925,414.969,67.986,0.826
94.644535,416.431,68.047,0.820
94.656145,418.197,68.120,0.811
94.667755,419.887,68.190,0.806
94.679365,420.782,68.227,0.801
94.690975,420.393,68.211,0.796
94.702585,417.409,68.088,0.788
94.714195,415.177,67.995,0.779
94.725805,414.748,67.977,0.777
94.737415,419.085,68.157,0.768
94.749025,423.346,68.332,0.764
94.760635,202.115,55.532,0.749
94.772245,424.491,68.379,0.759
94.783855,488.480,70.810,0.797
94.795465,492.877,70.965,0.821
94.807075,497.096,71.112,0.848
94.818685,497.121,71.113,0.865
94.830295,497.074,71.111,0.881
94.841905,496.871,71.104,0.896
94.853515,495.450,71.055,0.910
94.865125,494.561,71.024,0.916
94.876735,494.171,71.010,0.912
94.888345,493.249,70.978,0.910
94.899955,491.732,70.924,0.903
94.911565,490.914,70.896,0.901
94.923175,491.272,70.908,0.899
94.934785,492.294,70.944,0.893
94.946395,493.865,70.999,0.887
94.958005,495.188,71.046,0.885
94.969615,496.232,71.082,0.884
94.981224,496.740,71.100,0.882
94.992834,496.885,71.105,0.881
95.004444,496.656,71.097,0.879
95.016054,496.119,71.078,0.870
95.027664,495.976,71.073,0.851
95.039274,495.588,71.060,0.832
95.050884,494.909,71.036,0.808
95.062494,493.940,71.002,0.780
95.074104,492.899,70.965,0.746
95.085714,488.746,70.819,0.725
95.097324,494.686,71.028,0.742
95.108934,503.173,71.323,0.790
95.120544,503.678,71.340,0.817
95.132154,502.273,71.292,0.836
95.143764,499.734,71.204,0.856
95.155374,497.002,71.109,0.875
95.166984,495.705,71.064,0.892
95.178594,496.767,71.101,0.899
95.190204,498.315,71.155,0.894
95.201814,497.900,71.140,0.883
95.213424,245.168,58.875,0.887
95.225034,245.610,58.906,0.890
95.236644,246.738,58.986,0.892
95.248254,278.212,61.064,0.893
95.259864,551.435,72.908,0.897
95.271474,551.451,72.909,0.902
95.283084,552.715,72.948,0.908
95.294694,554.072,72.991,0.911
95.306304,554.445,73.002,0.906
95.317914,553.742,72.981,0.901
95.329524,552.991,72.957,0.886
95.341134,552.049,72.928,0.866
95.352744,552.035,72.927,0.838
95.364354,552.741,72.949,0.806
95.375964,553.803,72.982,0.759
95.387574,555.690,73.041,0.698
95.399184,556.819,73.076,0.639
95.410794,558.970,73.143,0.567
95.422404,558.122,73.117,0.578
95.434014,476.947,70.396,0.675
95.445624,483.853,70.645,0.735
95.457234,495.995,71.074,0.771
95.468844,497.793,71.137,0.802
95.480454,498.493,71.161,0.828
95.492063,498.029,71.145,0.848
95.503673,497.343,71.121,0.863
95.515283,496.365,71.087,0.874
95.526893,495.924,71.071,0.872
95.538503,494.401,71.018,0.870
95.550113,492.382,70.947,0.874
95.561723,491.278,70.908,0.875
95.573333,490.870,70.894,0.875
95.584943,491.213,70.906,0.874
95.596553,492.830,70.963,0.880
95.608163,495.049,71.041,0.886
95.619773,496.691,71.098,0.890
95.631383,497.633,71.131,0.890
95.642993,498.302,71.154,0.887
95.654603,498.020,71.144,0.884
95.666213,496.679,71.098,0.883
95.677823,494.536,71.023,0.882
95.689433,492.377,70.947,0.878
95.701043,491.492,70.916,0.879
95.712653,491.566,70.919,0.881
95.724263,492.271,70.943,0.883
95.735873,493.103,70.973,0.879
95.747483,494.444,71.020,0.875
95.759093,496.000,71.074,0.867
95.770703,497.668,71.132,0.855
95.782313,499.141,71.183,0.835
95.793923,499.618,71.200,0.810
95.805533,499.378,71.192,0.782
95.817143,498.683,71.167,0.750
95.828753,497.929,71.141,0.719
95.840363,497.228,71.117,0.677
95.851973,496.846,71.104,0.629
95.863583,498.127,71.148,0.605
95.875193,497.915,71.141,0.616
95.886803,390.185,66.920,0.692
95.898413,390.799,66.947,0.756
95.910023,389.339,66.882,0.812
95.921633,387.977,66.822,0.844
95.933243,386.840,66.771,0.860
95.944853,385.529,66.712,0.874
95.956463,382.363,66.569,0.888
95.968073,378.705,66.403,0.901
95.979683,374.862,66.226,0.900
95.991293,373.035,66.142,0.897
96.002902,372.824,66.132,0.890
96.014512,374.107,66.191,0.892
96.026122,376.850,66.318,0.899
96.037732,381.689,66.539,0.907
96.049342,389.821,66.904,0.912
96.060952,398.073,67.266,0.915
96.072562,403.851,67.516,0.919
96.084172,408.126,67.698,0.920
96.095782,411.486,67.840,0.920
96.107392,413.960,67.944,0.916
96.119002,414.988,67.987,0.913
96.130612,415.487,68.008,0.909
96.142222,415.502,68.008,0.904
96.153832,415.095,67.991,0.899
96.165442,414.430,67.964,0.896
96.177052,413.895,67.941,0.894
96.188662,413.357,67.919,0.887
96.200272,413.024,67.905,0.873
96.211882,413.546,67.927,0.869
96.223492,414.715,67.975,0.869
96.235102,415.493,68.008,0.868
96.246712,415.460,68.006,0.873
96.258322,414.129,67.951,0.875
96.269932,411.597,67.845,0.883
96.281542,408.218,67.702,0.894
96.293152,404.770,67.555,0.911
96.304762,398.981,67.306,0.915
96.316372,387.441,66.798,0.920
96.327982,379.581,66.443,0.924
96.339592,375.790,66.269,0.924
96.351202,373.059,66.143,0.922
96.362812,370.265,66.013,0.916
96.374422,368.735,65.941,0.906
96.386032,368.256,65.918,0.892
96.397642,367.962,65.905,0.885
96.409252,1002.273,83.252,0.874
96.420862,109.135,44.863,0.864
96.432472,109.080,44.855,0.851
96.444082,329.854,64.012,0.838
96.455692,327.808,63.904,0.826
96.467302,327.281,63.876,0.813
96.478912,327.557,63.891,0.802
96.490522,328.206,63.925,0.787
96.502132,328.222,63.926,0.767
96.513741,327.496,63.888,0.746
96.525351,322.617,63.628,0.728
96.536961,103.957,44.022,0.716
96.548571,137.983,48.924,0.696
96.560181,137.972,48.922,0.691
96.571791,137.962,48.921,0.684
96.583401,137.948,48.920,0.703
96.595011,359.876,65.520,0.740
96.606621,354.623,65.265,0.768
96.618231,353.916,65.231,0.801
96.629841,353.135,65.193,0.826
96.641451,351.065,65.091,0.857
96.653061,349.167,64.997,0.879
96.664671,347.499,64.914,0.895
96.676281,344.749,64.777,0.898
96.687891,339.065,64.489,0.896
96.699501,335.328,64.297,0.892
96.711111,333.274,64.190,0.886
96.722721,331.804,64.114,0.880
96.734331,330.547,64.048,0.863
96.745941,329.844,64.011,0.846
96.757551,329.426,63.989,0.838
96.769161,329.113,63.973,0.842
96.780771,328.690,63.951,0.847
96.792381,328.399,63.935,0.853
96.803991,328.102,63.920,0.855
96.815601,327.980,63.913,0.859
96.827211,328.113,63.920,0.865
96.838821,328.387,63.935,0.873
96.850431,328.637,63.948,0.876
96.862041,328.935,63.964,0.873
96.873651,329.227,63.979,0.871
96.885261,329.516,63.994,0.870
96.896871,329.759,64.007,0.871
96.908481,329.868,64.013,0.872
96.920091,329.847,64.012,0.876
96.931701,329.674,64.002,0.881
96.943311,329.432,63.990,0.891
96.954921,329.282,63.982,0.901
96.966531,329.181,63.977,0.911
96.978141,329.147,63.975,0.918
96.989751,329.185,63.977,0.922
97.001361,329.216,63.978,0.923
97.012971,329.349,63.985,0.922
97.024580,329.533,63.995,0.921
97.036190,329.673,64.002,0.919
97.047800,329.718,64.005,0.918
97.059410,329.680,64.003,0.917
97.071020,329.578,63.997,0.916
97.082630,329.505,63.994,0.916
97.094240,329.459,63.991,0.916
97.105850,329.418,63.989,0.917
97.117460,329.344,63.985,0.917
97.129070,329.284,63.982,0.913
97.140680,329.268,63.981,0.904
97.152290,329.315,63.984,0.893
97.163900,329.434,63.990,0.882
97.175510,329.722,64.005,0.874
97.187120,330.343,64.038,0.875
97.198730,331.456,64.096,0.875
97.210340,333.587,64.207,0.869
97.221950,336.436,64.354,0.868
97.233560,341.764,64.626,0.870
97.245170,347.121,64.895,0.877
97.256780,353.678,65.219,0.886
97.268390,361.100,65.579,0.892
97.280000,364.060,65.720,0.889
97.291610,365.381,65.783,0.887
97.303220,366.007,65.812,0.893
97.314830,366.381,65.830,0.896
97.326440,366.294,65.826,0.895
97.338050,365.757,65.801,0.891
97.349660,365.355,65.782,0.887
97.361270,365.633,65.795,0.886
97.372880,366.339,65.828,0.891
97.384490,367.642,65.890,0.901
97.396100,369.009,65.954,0.901
97.407710,370.214,66.010,0.897
97.419320,371.055,66.050,0.897
97.430930,371.369,66.064,0.900
97.442540,371.203,66.056,0.903
97.454150,370.536,66.025,0.906
97.465760,369.747,65.988,0.905
97.477370,368.782,65.943,0.898
97.488980,368.156,65.914,0.894
97.500590,367.866,65.900,0.891
97.512200,367.738,65.894,0.889
97.523810,368.110,65.912,0.884
97.535420,368.906,65.949,0.877
97.547029,370.073,66.004,0.865
97.558639,371.097,66.052,0.857
97.570249,371.509,66.071,0.856
97.581859,371.397,66.065,0.858
97.593469,371.144,66.054,0.863
97.605079,370.822,66.039,0.870
97.616689,370.482,66.023,0.875
97.628299,369.844,65.993,0.882
97.639909,369.363,65.970,0.888
97.651519,369.113,65.959,0.891
97.663129,369.102,65.958,0.891
97.674739,369.299,65.967,0.887
97.686349,369.571,65.980,0.884
97.697959,369.861,65.994,0.881
97.709569,370.169,66.008,0.880
97.721179,370.419,66.020,0.877
97.732789,370.385,66.018,0.873
97.744399,370.167,66.008,0.870
97.756009,369.811,65.991,0.865
97.767619,369.413,65.973,0.861
97.779229,369.123,65.959,0.861
97.790839,369.057,65.956,0.862
97.802449,369.234,65.964,0.865
97.814059,369.601,65.982,0.864
97.825669,370.267,66.013,0.866
97.837279,371.895,66.089,0.867
97.848889,374.163,66.194,0.870
97.860499,378.445,66.391,0.875
97.872109,387.286,66.791,0.881
97.883719,398.403,67.281,0.882
97.895329,405.182,67.573,0.878
97.906939,410.558,67.801,0.877
97.918549,414.397,67.962,0.877
97.930159,416.278,68.041,0.883
97.941769,416.595,68.054,0.889
97.953379,416.475,68.049,0.891
97.964989,415.251,67.998,0.890
97.976599,412.956,67.902,0.894
97.988209,411.192,67.828,0.897
97.999819,410.039,67.779,0.896
98.011429,409.070,67.738,0.892
98.023039,408.763,67.725,0.884
98.034649,409.592,67.760,0.879
98.046259,411.314,67.833,0.878
98.057868,413.528,67.926,0.877
98.069478,415.914,68.025,0.872
98.081088,417.502,68.091,0.872
98.092698,418.003,68.112,0.874
98.104308,418.032,68.113,0.874
98.115918,417.217,68.080,0.878
98.127528,415.639,68.014,0.880
98.139138,413.707,67.933,0.880
98.150748,411.964,67.860,0.879
98.162358,410.839,67.813,0.881
98.173968,410.693,67.807,0.885
98.185578,411.622,67.846,0.892
98.197188,413.090,67.907,0.899
98.208798,414.935,67.985,0.899
98.220408,416.740,68.060,0.896
98.232018,418.228,68.121,0.899
98.243628,419.019,68.154,0.904
98.255238,418.890,68.149,0.904
98.266848,418.518,68.133,0.898
98.278458,417.363,68.086,0.890
98.290068,415.678,68.016,0.887
98.301678,414.195,67.954,0.890
98.313288,413.200,67.912,0.893
98.324898,412.346,67.876,0.890
98.336508,411.952,67.860,0.887
98.348118,412.765,67.894,0.886
98.359728,413.965,67.944,0.888
98.371338,414.942,67.985,0.891
98.382948,415.817,68.021,0.892
98.394558,416.313,68.042,0.890
98.406168,416.312,68.042,0.888
98.417778,415.872,68.024,0.885
98.429388,414.604,67.971,0.883
98.440998,413.530,67.926,0.886
98.452608,413.834,67.939,0.891
98.464218,414.389,67.962,0.888
98.475828,417.521,68.092,0.891
98.487438,419.772,68.185,0.888
98.499048,423.943,68.356,0.886
98.510658,868.668,80.776,0.890
98.522268,882.786,81.055,0.891
98.533878,891.354,81.222,0.884
98.545488,476.177,70.368,0.877
98.557098,483.897,70.646,0.877
98.568707,488.022,70.793,0.871
98.580317,489.331,70.840,0.869
98.591927,491.073,70.901,0.865
98.603537,492.045,70.935,0.859
98.615147,492.740,70.960,0.854
98.626757,493.309,70.980,0.854
98.638367,493.594,70.990,0.850
98.649977,493.670,70.993,0.846
98.661587,494.091,71.007,0.840
98.673197,494.227,71.012,0.843
98.684807,494.450,71.020,0.845
98.696417,494.518,71.022,0.845
98.708027,494.283,71.014,0.850
98.719637,494.083,71.007,0.854
98.731247,494.017,71.005,0.860
98.742857,493.931,71.002,0.864
98.754467,493.826,70.998,0.869
98.766077,493.724,70.994,0.872
98.777687,493.626,70.991,0.872
98.789297,493.503,70.987,0.871
98.800907,493.413,70.984,0.867
98.812517,493.411,70.983,0.861
98.824127,493.404,70.983,0.854
98.835737,493.453,70.985,0.852
98.847347,493.466,70.985,0.851
98.858957,493.546,70.988,0.850
98.870567,493.721,70.994,0.856
98.882177,493.837,70.998,0.864
98.893787,493.940,71.002,0.871
98.905397,493.903,71.001,0.878
98.917007,493.856,70.999,0.884
98.928617,493.797,70.997,0.888
98.940227,493.718,70.994,0.890
98.951837,493.635,70.991,0.889
98.963447,493.587,70.990,0.886
98.975057,493.680,70.993,0.884
98.986667,493.924,71.001,0.878
98.998277,494.169,71.010,0.863
99.009887,494.384,71.018,0.845
99.021497,494.708,71.029,0.824
99.033107,495.174,71.045,0.799
99.044717,495.811,71.067,0.770
99.056327,496.538,71.093,0.733
99.067937,496.422,71.089,0.670
99.079546,494.955,71.038,0.594
99.091156,494.563,71.024,0.582
99.102766,247.520,59.041,0.587
99.114376,494.483,71.021,0.639
99.125986,501.399,71.261,0.718
99.137596,552.196,72.932,0.775
99.149206,562.444,73.250,0.805
99.160816,574.618,73.621,0.850
99.172426,579.823,73.777,0.871
99.184036,582.958,73.871,0.894
99.195646,197.388,55.122,0.919
99.207256,197.438,55.127,0.934
99.218866,197.216,55.107,0.943
99.230476,196.927,55.082,0.947
99.242086,196.767,55.068,0.954
99.253696,196.713,55.063,0.951
99.265306,196.588,55.052,0.952
99.276916,196.584,55.052,0.949
99.288526,196.367,55.033,0.937
99.300136,196.138,55.012,0.931
99.311746,246.895,58.997,0.924
99.323356,164.679,51.986,0.920
99.334966,164.726,51.991,0.919
99.346576,164.887,52.008,0.920
99.358186,165.092,52.029,0.922
99.369796,330.784,64.061,0.928
99.381406,110.078,45.012,0.935
99.393016,131.399,48.077,0.936
99.404626,131.389,48.076,0.938
99.416236,131.366,48.073,0.938
99.427846,131.391,48.076,0.936
99.439456,131.419,48.080,0.934
99.451066,131.367,48.073,0.935
99.462676,131.356,48.072,0.933
99.474286,131.315,48.066,0.930
99.485896,131.285,48.062,0.930
99.497506,131.263,48.059,0.930
99.509116,131.270,48.060,0.932
99.520726,131.181,48.049,0.932
99.532336,131.171,48.047,0.936
99.543946,131.239,48.056,0.942
99.555556,131.298,48.064,0.943
99.567166,131.459,48.085,0.950
99.578776,220.105,57.008,0.953
99.590385,220.448,57.035,0.953
99.601995,220.552,57.043,0.945
99.613605,220.742,57.058,0.934
99.625215,220.802,57.063,0.918
99.636825,220.986,57.077,0.899
99.648435,221.075,57.084,0.881
99.660045,141.333,49.339,0.851
99.671655,141.130,49.314,0.822
99.683265,141.214,49.325,0.798
99.694875,1002.273,83.252,0.790
99.706485,1002.273,83.252,0.791
99.718095,1002.273,83.252,0.792
99.729705,110.294,45.046,0.788
99.741315,220.771,57.061,0.789
99.752925,220.796,57.063,0.790
99.764535,220.721,57.057,0.790
99.776145,220.765,57.060,0.792
99.787755,220.883,57.069,0.811
99.799365,471.287,70.189,0.858
99.810975,447.928,69.309,0.890
99.822585,446.836,69.267,0.911
99.834195,553.104,72.961,0.929
99.845805,553.321,72.967,0.940
99.857415,552.691,72.948,0.949
99.869025,551.572,72.913,0.957
99.880635,551.049,72.896,0.958
99.892245,550.534,72.880,0.946
99.903855,550.305,72.873,0.935
99.915465,550.514,72.879,0.928
99.927075,551.829,72.921,0.926
99.938685,556.779,73.075,0.930
99.950295,563.153,73.272,0.931
99.961905,569.965,73.480,0.932
99.973515,574.605,73.621,0.935
99.985125,578.665,73.743,0.938
99.996735,581.824,73.837,0.939
100.008345,584.446,73.915,0.941
100.019955,586.639,73.980,0.940
100.031565,98.176,43.031,0.938
100.043175,98.232,43.041,0.935
100.054785,98.273,43.048,0.932
100.066395,98.302,43.054,0.932
100.078005,98.317,43.056,0.927
100.089615,98.348,43.062,0.927
100.101224,585.564,73.948,0.923
100.112834,582.734,73.864,0.923
100.124444,579.223,73.759,0.918
100.136054,575.381,73.644,0.916
100.147664,570.837,73.507,0.914
100.159274,564.308,73.308,0.910
100.170884,560.799,73.200,0.913
100.182494,554.062,72.991,0.910
100.194104,545.213,72.712,0.907
100.205714,535.790,72.410,0.898
100.217324,529.863,72.217,0.897
100.228934,528.206,72.163,0.895
100.240544,131.923,48.146,0.897
100.252154,131.701,48.117,0.898
100.263764,131.528,48.094,0.897
100.275374,131.203,48.052,0.898
100.286984,130.952,48.018,0.903
100.298594,130.812,48.000,0.903
100.310204,130.743,47.991,0.902
100.321814,130.648,47.978,0.902
100.333424,130.612,47.973,0.888
100.345034,523.003,71.992,0.871
100.356644,522.950,71.990,0.852
100.368254,522.701,71.982,0.827
100.379864,522.662,71.980,0.795
100.391474,521.515,71.942,0.770
100.403084,498.249,71.152,0.748
100.414694,175.828,53.120,0.798
100.426304,174.549,52.994,0.844
100.437914,176.351,53.171,0.873
100.449524,183.103,53.822,0.892
100.461134,263.261,60.108,0.918
100.472744,264.295,60.176,0.944
100.484354,265.167,60.233,0.960
100.495964,265.392,60.247,0.971
100.507574,264.974,60.220,0.968
100.519184,264.716,60.203,0.965
100.530794,264.277,60.175,0.965
100.542404,263.699,60.137,0.970
100.554014,262.943,60.087,0.968
100.565624,261.857,60.015,0.965
100.577234,261.184,59.971,0.967
100.588844,129.656,47.846,0.964
100.600454,261.420,59.986,0.965
100.612063,262.860,60.082,0.967
100.623673,264.719,60.204,0.967
100.635283,266.014,60.288,0.966
100.646893,266.463,60.317,0.970
100.658503,266.487,60.319,0.969
100.670113,266.079,60.292,0.967
100.681723,266.042,60.290,0.972
100.693333,264.786,60.208,0.974
100.704943,263.676,60.135,0.980
100.716553,262.432,60.053,0.984
100.728163,130.556,47.966,0.988
100.739773,130.249,47.925,0.987
100.751383,130.051,47.899,0.988
100.762993,129.855,47.873,0.985
100.774603,129.885,47.877,0.980
100.786213,130.216,47.921,0.974
100.797823,130.758,47.993,0.970
100.809433,131.172,48.048,0.969
100.821043,131.428,48.081,0.971
100.832653,131.571,48.100,0.978
100.844263,131.643,48.109,0.977
100.855873,131.536,48.095,0.977
100.867483,131.433,48.082,0.979
100.879093,131.309,48.066,0.980
100.890703,262.480,60.056,0.977
100.902313,262.388,60.050,0.976
100.913923,130.868,48.007,0.972
100.925533,130.889,48.010,0.964
100.937143,131.046,48.031,0.965
100.948753,131.384,48.075,0.970
100.960363,131.625,48.107,0.974
100.971973,131.550,48.097,0.979
100.983583,131.502,48.091,0.978
100.995193,131.384,48.075,0.979
101.006803,131.364,48.073,0.982
101.018413,131.269,48.060,0.982
101.030023,261.651,60.002,0.980
101.041633,260.934,59.954,0.972
101.053243,260.760,59.943,0.959
101.064853,260.669,59.937,0.948
101.076463,260.305,59.912,0.948
101.088073,260.097,59.899,0.942
101.099683,258.808,59.813,0.932
101.111293,128.566,47.700,0.923
101.122902,947.990,82.288,0.927
101.134512,960.738,82.520,0.943
101.146122,959.936,82.505,0.952
101.157732,148.518,50.198,0.957
101.169342,148.961,50.249,0.959
101.180952,1002.273,83.252,0.958
101.192562,1002.273,83.252,0.963
101.204172,1002.273,83.252,0.967
101.215782,1002.273,83.252,0.966
101.227392,1002.273,83.252,0.957
101.239002,1002.273,83.252,0.959
101.250612,1002.273,83.252,0.962
101.262222,164.346,51.951,0.960
101.273832,164.618,51.979,0.963
101.285442,164.820,52.001,0.959
101.297052,194.704,54.885,0.959
101.308662,195.016,54.913,0.955
101.320272,98.336,43.060,0.951
101.331882,98.400,43.071,0.945
101.343492,195.258,54.934,0.933
101.355102,195.394,54.947,0.919
101.366712,195.419,54.949,0.900
101.378322,567.829,73.415,0.882
101.389932,564.975,73.328,0.862
101.401542,251.832,59.339,0.855
101.413152,459.886,69.765,0.855
101.424762,455.588,69.603,0.856
101.436372,452.596,69.489,0.877
101.447982,149.486,50.310,0.906
101.459592,149.226,50.280,0.924
101.471202,148.963,50.249,0.937
101.482812,224.627,57.360,0.946
101.494422,223.934,57.307,0.955
101.506032,223.155,57.247,0.957
101.517642,222.051,57.161,0.963
101.529252,221.301,57.102,0.966
101.540862,221.302,57.102,0.967
101.552472,221.482,57.116,0.963
101.564082,221.540,57.121,0.961
101.575692,222.092,57.164,0.964
101.587302,1002.273,83.252,0.960
101.598912,1002.273,83.252,0.956
101.610522,1002.273,83.252,0.947
101.622132,1002.273,83.252,0.937
101.633741,1002.273,83.252,0.923
101.645351,243.723,58.773,0.924
101.656961,244.399,58.821,0.925
101.668571,245.632,58.908,0.917
101.680181,246.636,58.979,0.911
101.691791,247.092,59.011,0.911
101.703401,247.321,59.027,0.916
101.715011,247.498,59.039,0.915
101.726621,82.633,40.047,0.915
101.738231,82.654,40.052,0.911
101.749841,82.664,40.054,0.907
101.761451,82.642,40.049,0.904
101.773061,82.632,40.047,0.901
101.784671,82.638,40.048,0.899
101.796281,82.609,40.042,0.897
101.807891,82.588,40.038,0.897
101.819501,82.578,40.036,0.899
101.831111,247.213,59.019,0.902
101.842721,247.184,59.017,0.904
101.854331,247.123,59.013,0.906
101.865941,247.007,59.005,0.907
101.877551,82.511,40.022,0.908
101.889161,82.510,40.022,0.910
101.900771,82.480,40.015,0.911
101.912381,82.480,40.015,0.912
101.923991,82.487,40.017,0.911
101.935601,82.502,40.020,0.912
101.947211,82.511,40.022,0.911
101.958821,82.515,40.023,0.914
101.970431,82.531,40.026,0.914
101.982041,82.540,40.028,0.911
101.993651,82.559,40.032,0.909
102.005261,82.555,40.031,0.908
102.016871,82.531,40.026,0.908
102.028481,82.531,40.026,0.907
102.040091,82.543,40.028,0.907
102.051701,82.556,40.031,0.905
102.063311,82.595,40.039,0.903
102.074921,82.614,40.043,0.904
102.086531,82.638,40.048,0.905
102.098141,82.614,40.043,0.907
102.109751,82.585,40.037,0.906
102.121361,82.554,40.031,0.906
102.132971,82.552,40.030,0.903
102.144580,82.568,40.034,0.904
102.156190,82.556,40.031,0.904
102.167800,82.548,40.030,0.906
102.179410,82.590,40.038,0.905
102.191020,82.610,40.043,0.901
102.202630,82.587,40.038,0.900
102.214240,82.573,40.035,0.899
102.225850,82.565,40.033,0.901
102.237460,82.593,40.039,0.900
102.249070,82.637,40.048,0.901
102.260680,82.675,40.056,0.901
102.272290,82.715,40.065,0.904
102.283900,82.761,40.074,0.908
102.295510,82.765,40.075,0.914
102.307120,82.776,40.077,0.919
102.318730,82.765,40.075,0.921
102.330340,82.731,40.068,0.923
102.341950,82.705,40.062,0.924
102.353560,82.703,40.062,0.923
102.365170,82.697,40.061,0.921
102.376780,82.676,40.057,0.917
102.388390,82.660,40.053,0.913
102.400000,82.658,40.053,0.911
102.411610,82.666,40.054,0.908
102.423220,82.662,40.053,0.906
102.434830,82.647,40.050,0.906
102.446440,82.635,40.048,0.908
102.458050,82.621,40.045,0.909
102.469660,82.608,40.042,0.910
102.481270,82.599,40.040,0.910
102.492880,82.591,40.039,0.908
102.504490,82.584,40.037,0.907
102.516100,82.587,40.038,0.907
102.527710,82.598,40.040,0.906
102.539320,82.611,40.043,0.903
102.550930,82.633,40.048,0.901
102.562540,82.666,40.054,0.901
102.574150,82.705,40.063,0.902
102.585760,82.705,40.063,0.905
102.597370,82.679,40.057,0.906
102.608980,82.670,40.055,0.906
102.620590,82.665,40.054,0.903
102.632200,82.652,40.051,0.902
102.643810,82.638,40.049,0.899
102.655420,82.626,40.046,0.895
102.667029,82.635,40.048,0.891
102.678639,82.680,40.057,0.886
102.690249,82.725,40.067,0.886
102.701859,82.757,40.073,0.887
102.713469,82.791,40.080,0.889
102.725079,82.784,40.079,0.891
102.736689,82.765,40.075,0.895
102.748299,82.738,40.069,0.899
102.759909,82.717,40.065,0.903
102.771519,82.707,40.063,0.908
102.783129,82.677,40.057,0.912
102.794739,82.644,40.050,0.915
102.806349,82.641,40.049,0.915
102.817959,82.647,40.050,0.918
102.829569,82.653,40.052,0.921
102.841179,82.642,40.049,0.924
102.852789,82.633,40.048,0.923
102.864399,82.641,40.049,0.919
102.876009,82.663,40.054,0.915
102.887619,82.663,40.054,0.911
102.899229,82.654,40.052,0.909
102.910839,82.628,40.046,0.907
102.922449,82.583,40.037,0.905
102.934059,82.526,40.025,0.902
102.945669,82.483,40.016,0.900
102.957279,247.360,59.029,0.899
102.968889,247.361,59.029,0.897
102.980499,247.367,59.030,0.898
102.992109,247.472,59.037,0.900
103.003719,247.589,59.045,0.903
103.015329,82.606,40.042,0.899
103.026939,82.644,40.050,0.900
103.038549,82.706,40.063,0.902
103.050159,82.774,40.077,0.905
103.061769,82.831,40.089,0.906
103.073379,82.865,40.096,0.906
103.084989,82.888,40.101,0.905
103.096599,82.896,40.103,0.902
103.108209,82.908,40.105,0.904
103.119819,82.888,40.101,0.905
103.131429,82.841,40.091,0.906
103.143039,82.775,40.077,0.905
103.154649,82.680,40.057,0.907
103.166259,247.576,59.044,0.911
103.177868,82.559,40.032,0.911
103.189478,247.057,59.008,0.911
103.201088,246.673,58.981,0.912
103.212698,246.501,58.969,0.909
103.224308,246.767,58.988,0.907
103.235918,247.046,59.007,0.907
103.247528,247.233,59.020,0.907
103.259138,247.524,59.041,0.907
103.270748,247.761,59.057,0.908
103.282358,248.195,59.088,0.908
103.293968,248.580,59.114,0.910
103.305578,248.817,59.131,0.912
103.317188,248.836,59.132,0.912
103.328798,248.641,59.119,0.913
103.340408,248.296,59.095,0.912
103.352018,247.845,59.063,0.906
103.363628,246.861,58.994,0.910
103.375238,246.216,58.949,0.912
103.386848,246.089,58.940,0.910
103.398458,246.084,58.940,0.910
103.410068,246.641,58.979,0.910
103.421678,248.036,59.077,0.915
103.433288,248.914,59.138,0.921
103.444898,248.980,59.142,0.925
103.456508,249.154,59.154,0.924
103.468118,249.103,59.151,0.930
103.479728,248.810,59.130,0.938
103.491338,248.045,59.077,0.943
103.502948,246.975,59.002,0.940
103.514558,245.875,58.925,0.935
103.526168,245.232,58.880,0.937
103.537778,245.270,58.882,0.943
103.549388,245.539,58.901,0.946
103.560998,246.359,58.959,0.945
103.572608,247.465,59.037,0.949
103.584218,248.242,59.091,0.957
103.595828,248.662,59.120,0.960
103.607438,248.977,59.142,0.968
103.619048,249.156,59.155,0.971
103.630658,249.077,59.149,0.972
103.642268,248.862,59.134,0.974
103.653878,248.445,59.105,0.979
103.665488,248.057,59.078,0.977
103.677098,248.004,59.074,0.970
103.688707,248.004,59.074,0.974
103.700317,247.944,59.070,0.970
103.711927,247.619,59.047,0.968
103.723537,247.812,59.061,0.973
103.735147,124.260,47.110,0.977
103.746757,124.207,47.103,0.981
103.758367,123.979,47.071,0.990
103.769977,1002.273,83.252,0.992
103.781587,1002.273,83.252,0.989
103.793197,1002.273,83.252,0.991
103.804807,1002.273,83.252,0.998
103.816417,1002.273,83.252,1.000
103.828027,1002.273,83.252,0.999
103.839637,1002.273,83.252,0.991
103.851247,1002.273,83.252,0.977
103.862857,1002.273,83.252,0.971
103.874467,972.100,82.723,0.972
103.886077,945.500,82.243,0.976
103.897687,921.484,81.797,0.964
103.909297,894.030,81.274,0.953
103.920907,868.811,80.778,0.942
103.932517,853.330,80.467,0.939
103.944127,830.814,80.004,0.939
103.955737,809.049,79.545,0.936
103.967347,783.270,78.984,0.936
103.978957,735.538,77.896,0.921
103.990567,709.514,77.272,0.910
104.002177,679.623,76.527,0.901
104.013787,664.169,76.129,0.892
104.025397,654.269,75.869,0.882
104.037007,318.793,63.421,0.869
104.048617,313.944,63.156,0.857
104.060227,306.153,62.721,0.837
104.071837,301.660,62.465,0.821
104.083447,301.029,62.429,0.813
104.095057,298.273,62.270,0.796
104.106667,296.755,62.181,0.779
104.118277,141.078,49.308,0.770
104.129887,562.228,73.244,0.756
104.141497,123.729,47.036,0.750
104.153107,123.083,46.946,0.740
104.164717,242.886,58.713,0.732
104.176327,240.946,58.574,0.727
104.187937,238.479,58.396,0.727
104.199546,454.309,69.554,0.719
104.211156,457.938,69.692,0.714
104.222766,455.733,69.608,0.711
104.234376,451.483,69.446,0.701
104.245986,123.635,47.023,0.703
104.257596,123.350,46.983,0.713
104.269206,141.311,49.336,0.719
104.280816,140.949,49.292,0.739
104.292426,141.845,49.402,0.750
104.304036,594.691,74.216,0.776
104.315646,597.271,74.291,0.786
104.327256,600.032,74.370,0.801
104.338866,601.552,74.414,0.806
104.350476,602.952,74.454,0.809
104.362086,602.690,74.447,0.811
104.373696,602.385,74.438,0.812
104.385306,601.501,74.413,0.820
104.396916,599.544,74.356,0.817
104.408526,597.282,74.291,0.823
104.420136,594.705,74.216,0.822
104.431746,593.155,74.171,0.826
104.443356,592.506,74.152,0.827
104.454966,592.393,74.149,0.828
104.466576,594.805,74.219,0.827
104.478186,598.188,74.317,0.821
104.489796,604.294,74.493,0.817
104.501406,614.019,74.769,0.811
104.513016,624.205,75.054,0.812
104.524626,634.979,75.350,0.813
104.536236,642.624,75.558,0.817
104.547846,648.259,75.709,0.822
104.559456,651.990,75.808,0.821
104.571066,654.189,75.866,0.822
104.582676,656.022,75.915,0.821
104.594286,657.127,75.944,0.821
104.605896,657.284,75.948,0.823
104.617506,657.679,75.959,0.823
104.629116,657.296,75.948,0.822
104.640726,657.052,75.942,0.824
104.652336,656.946,75.939,0.829
104.663946,657.408,75.951,0.835
104.675556,657.804,75.962,0.839
104.687166,658.119,75.970,0.840
104.698776,658.165,75.971,0.836
104.710385,658.325,75.976,0.833
104.721995,658.528,75.981,0.828
104.733605,658.950,75.992,0.820
104.745215,659.190,75.998,0.811
104.756825,659.273,76.000,0.803
104.768435,659.236,75.999,0.792
104.780045,659.346,76.002,0.787
104.791655,659.013,75.994,0.781
104.803265,658.793,75.988,0.777
104.814875,658.377,75.977,0.781
104.826485,657.872,75.964,0.785
104.838095,657.705,75.959,0.790
104.849705,657.742,75.960,0.795
104.861315,658.116,75.970,0.801
104.872925,658.407,75.978,0.806
104.884535,658.781,75.988,0.812
104.896145,659.123,75.997,0.815
104.907755,329.752,64.007,0.821
104.919365,131.995,48.156,0.844
104.930975,220.006,57.000,0.862
104.942585,220.074,57.006,0.874
104.954195,220.342,57.027,0.883
104.965805,220.546,57.043,0.892
104.977415,220.523,57.041,0.898
104.989025,220.573,57.045,0.903
105.000635,220.595,57.047,0.905
105.012245,220.683,57.054,0.897
105.023855,220.600,57.047,0.891
105.035465,220.547,57.043,0.892
105.047075,220.438,57.034,0.897
105.058685,220.510,57.040,0.897
105.070295,220.586,57.046,0.897
105.081905,220.654,57.051,0.901
105.093515,220.901,57.071,0.905
105.105125,486.684,70.746,0.909
105.116735,487.872,70.788,0.911
105.128345,164.504,51.967,0.909
105.139955,164.460,51.963,0.905
105.151565,164.465,51.963,0.910
105.163175,164.417,51.958,0.918
105.174785,164.380,51.954,0.921
105.186395,164.404,51.957,0.922
105.198005,164.446,51.961,0.925
105.209615,164.460,51.963,0.927
105.221224,164.532,51.970,0.931
105.232834,164.591,51.977,0.935
105.244444,164.642,51.982,0.932
105.256054,164.784,51.997,0.923
105.267664,164.887,52.008,0.915
105.279274,164.800,51.999,0.909
105.290884,164.849,52.004,0.906
105.302494,164.694,51.987,0.900
105.314104,164.476,51.964,0.893
105.325714,220.224,57.018,0.881
105.337324,219.876,56.990,0.876
105.348934,219.733,56.979,0.876
105.360544,219.740,56.980,0.876
105.372154,219.951,56.996,0.873
105.383764,164.875,52.006,0.864
105.395374,164.923,52.011,0.853
105.406984,164.985,52.018,0.846
105.418594,164.969,52.016,0.837
105.430204,164.924,52.012,0.827
105.441814,164.935,52.013,0.820
105.453424,164.880,52.007,0.816
105.465034,164.810,52.000,0.812
105.476644,164.732,51.991,0.810
105.488254,164.652,51.983,0.813
105.499864,164.609,51.978,0.815
105.511474,164.545,51.972,0.821
105.523084,164.520,51.969,0.825
105.534694,164.507,51.968,0.826
105.546304,164.493,51.966,0.825
105.557914,164.501,51.967,0.821
105.569524,164.565,51.974,0.827
105.581134,164.753,51.994,0.859
105.592744,663.170,76.103,0.885
105.604354,219.887,56.991,0.904
105.615964,220.460,57.036,0.919
105.627574,220.785,57.062,0.931
105.639184,443.984,69.156,0.936
105.650794,443.273,69.128,0.948
105.662404,443.012,69.118,0.957
105.674014,221.049,57.082,0.952
105.685624,221.026,57.081,0.937
105.697234,221.197,57.094,0.928
105.708844,221.008,57.079,0.918
105.720454,221.014,57.080,0.903
105.732063,456.643,69.643,0.902
105.743673,468.676,70.093,0.908
105.755283,477.820,70.428,0.899
105.766893,482.903,70.611,0.893
105.778503,485.472,70.703,0.898
105.790113,488.348,70.805,0.896
105.801723,490.054,70.865,0.895
105.813333,164.378,51.954,0.902
105.824943,164.544,51.972,0.904
105.836553,164.809,52.000,0.894
105.848163,164.821,52.001,0.897
105.859773,164.805,51.999,0.902
105.871383,164.790,51.998,0.907
105.882993,164.756,51.994,0.911
105.894603,164.685,51.986,0.913
105.906213,164.622,51.980,0.908
105.917823,164.597,51.977,0.899
105.929433,164.560,51.973,0.887
105.941043,164.548,51.972,0.870
105.952653,164.586,51.976,0.852
105.964263,164.699,51.988,0.832
105.975873,329.785,64.008,0.815
105.987483,329.759,64.007,0.801
105.999093,329.807,64.009,0.803
106.010703,329.991,64.019,0.807
106.022313,329.859,64.012,0.811
106.033923,329.732,64.005,0.814
106.045533,329.685,64.003,0.814
106.057143,329.580,63.997,0.810
106.068753,329.382,63.987,0.801
106.080363,329.366,63.986,0.798
106.091973,329.248,63.980,0.799
106.103583,329.234,63.979,0.802
106.115193,329.365,63.986,0.807
106.126803,329.412,63.989,0.815
106.138413,329.589,63.998,0.825
106.150023,329.754,64.007,0.836
106.161633,660.299,76.027,0.846
106.173243,660.309,76.028,0.853
106.184853,660.212,76.025,0.853
106.196463,329.873,64.013,0.859
106.208073,329.873,64.013,0.861
106.219683,329.784,64.008,0.868
106.231293,329.445,63.990,0.880
106.242902,329.423,63.989,0.885
106.254512,329.412,63.989,0.894
106.266122,329.543,63.996,0.902
106.277732,329.494,63.993,0.907
106.289342,329.398,63.988,0.906
106.300952,329.330,63.984,0.908
106.312562,329.367,63.986,0.907
106.324172,329.412,63.989,0.897
106.335782,329.203,63.978,0.898
106.347392,329.032,63.969,0.900
106.359002,329.011,63.968,0.896
106.370612,328.997,63.967,0.888
106.382222,329.009,63.967,0.891
106.393832,329.140,63.974,0.898
106.405442,164.654,51.983,0.900
106.417052,164.787,51.997,0.903
106.428662,164.964,52.016,0.899
106.440272,165.121,52.032,0.887
106.451882,165.012,52.021,0.882
106.463492,164.779,51.996,0.893
106.475102,164.926,52.012,0.891
106.486712,165.217,52.042,0.877
106.498322,165.391,52.061,0.869
106.509932,165.484,52.070,0.859
106.521542,82.078,39.931,0.856
106.533152,82.074,39.930,0.860
106.544762,110.736,45.115,0.871
106.556372,110.826,45.129,0.879
106.567982,110.879,45.138,0.875
106.579592,167.794,52.310,0.876
106.591202,332.311,64.140,0.889
106.602812,331.399,64.093,0.897
106.614422,332.205,64.135,0.913
106.626032,333.142,64.184,0.921
106.637642,334.170,64.237,0.914
106.649252,335.529,64.307,0.908
106.660862,337.607,64.414,0.918
106.672472,340.837,64.579,0.927
106.684082,348.437,64.961,0.920
106.695692,352.083,65.141,0.913
106.707302,358.748,65.466,0.896
106.718912,362.359,65.639,0.893
106.730522,363.435,65.690,0.901
106.742132,365.697,65.798,0.911
106.753741,367.278,65.872,0.907
106.765351,368.029,65.908,0.901
106.776961,368.552,65.932,0.900
106.788571,369.000,65.953,0.905
106.800181,369.453,65.975,0.907
106.811791,369.938,65.997,0.901
106.823401,370.515,66.024,0.891
106.835011,122.632,46.882,0.870
106.846621,123.022,46.937,0.860
106.858231,123.387,46.988,0.856
106.869841,123.560,47.012,0.852
106.881451,123.736,47.037,0.850
106.893061,123.843,47.052,0.843
106.904671,124.033,47.079,0.837
106.916281,124.215,47.104,0.829
106.927891,124.285,47.114,0.818
106.939501,124.345,47.122,0.809
106.951111,124.404,47.130,0.800
106.962721,124.518,47.146,0.788
106.974331,124.586,47.156,0.776
106.985941,124.606,47.158,0.771
106.997551,625.719,75.096,0.766
107.009161,624.264,75.056,0.772
107.020771,623.215,75.027,0.774
107.032381,124.146,47.094,0.777
107.043991,123.982,47.072,0.773
107.055601,123.871,47.056,0.775
107.067211,123.814,47.048,0.780
107.078821,123.752,47.039,0.790
107.090431,123.776,47.043,0.790
107.102041,123.810,47.048,0.783
107.113651,123.806,47.047,0.781
107.125261,123.832,47.051,0.779
107.136871,123.872,47.056,0.780
107.148481,310.599,62.971,0.779
107.160091,310.635,62.973,0.775
107.171701,310.811,62.982,0.783
107.183311,124.183,47.100,0.811
107.194921,207.262,55.967,0.846
107.206531,207.523,55.989,0.867
107.218141,447.357,69.287,0.888
107.229751,446.984,69.273,0.910
107.241361,447.088,69.277,0.921
107.252971,446.904,69.270,0.928
107.264580,445.546,69.217,0.936
107.276190,444.887,69.191,0.931
107.287800,445.019,69.196,0.922
107.299410,446.452,69.252,0.919
107.311020,447.939,69.310,0.915
107.322630,450.173,69.396,0.908
107.334240,453.036,69.505,0.910
107.345850,456.410,69.634,0.912
107.357460,156.290,51.081,0.903
107.369070,156.257,51.077,0.907
107.380680,156.210,51.072,0.911
107.392290,311.643,63.029,0.908
107.403900,311.877,63.042,0.901
107.415510,124.013,47.076,0.890
107.427120,124.199,47.102,0.879
107.438730,124.218,47.104,0.872
107.450340,124.171,47.098,0.871
107.461950,124.129,47.092,0.863
107.473560,124.116,47.090,0.853
107.485170,124.063,47.083,0.841
107.496780,124.034,47.079,0.849
107.508390,123.975,47.071,0.861
107.520000,123.875,47.057,0.885
107.531610,123.961,47.069,0.900
107.543220,124.019,47.077,0.907
107.554830,124.051,47.081,0.917
107.566440,247.721,59.055,0.932
107.578050,124.016,47.076,0.946
107.589660,123.976,47.071,0.949
107.601270,124.012,47.076,0.952
107.612880,123.908,47.061,0.948
107.624490,123.797,47.046,0.946
107.636100,123.701,47.032,0.946
107.647710,123.677,47.029,0.943
107.659320,123.721,47.035,0.938
107.670930,123.747,47.039,0.937
107.682540,123.774,47.042,0.940
107.694150,123.815,47.048,0.941
107.705760,123.854,47.054,0.942
107.717370,123.895,47.059,0.941
107.728980,123.896,47.060,0.943
107.740590,123.878,47.057,0.944
107.752200,123.897,47.060,0.940
107.763810,123.916,47.062,0.932
107.775420,123.933,47.065,0.922
107.787029,123.941,47.066,0.912
107.798639,123.973,47.070,0.899
107.810249,124.056,47.082,0.887
107.821859,124.168,47.098,0.883
107.833469,124.204,47.103,0.889
107.845079,124.231,47.106,0.907
107.856689,124.240,47.107,0.918
107.868299,124.353,47.123,0.927
107.879909,124.357,47.124,0.937
107.891519,124.352,47.123,0.947
107.903129,124.389,47.128,0.951
107.914739,124.385,47.128,0.951
107.926349,124.382,47.127,0.944
107.937959,124.401,47.130,0.928
107.949569,124.378,47.127,0.917
107.961179,124.357,47.124,0.905
107.972789,124.345,47.122,0.888
107.984399,124.186,47.100,0.875
107.996009,124.062,47.083,0.878
108.007619,123.884,47.058,0.889
108.019229,123.799,47.046,0.897
108.030839,123.841,47.052,0.906
108.042449,123.852,47.053,0.908
108.054059,123.839,47.052,0.913
108.065669,123.867,47.056,0.917
108.077279,123.921,47.063,0.918
108.088889,247.716,59.054,0.911
108.100499,247.952,59.071,0.897
108.112109,247.924,59.069,0.886
108.123719,247.658,59.050,0.876
108.135329,247.699,59.053,0.869
108.146939,247.702,59.053,0.863
108.158549,124.160,47.096,0.863
108.170159,124.089,47.087,0.859
108.181769,124.034,47.079,0.848
108.193379,123.934,47.065,0.840
108.204989,123.858,47.054,0.837
108.216599,123.888,47.058,0.834
108.228209,123.932,47.065,0.840
108.239819,124.028,47.078,0.849
108.251429,124.081,47.085,0.851
108.263039,155.903,51.038,0.852
108.274649,438.827,68.954,0.861
108.286259,438.515,68.941,0.864
108.297868,434.091,68.766,0.866
108.309478,209.607,56.162,0.884
108.321088,398.561,67.288,0.904
108.332698,393.869,67.083,0.907
108.344308,388.477,66.844,0.915
108.355918,385.436,66.708,0.930
108.367528,124.902,47.200,0.936
108.379138,124.833,47.190,0.941
108.390748,124.825,47.189,0.943
108.402358,124.769,47.181,0.937
108.413968,124.740,47.177,0.925
108.425578,124.772,47.181,0.925
108.437188,124.885,47.197,0.924
108.448798,125.048,47.220,0.918
108.460408,386.306,66.747,0.909
108.472018,396.468,67.196,0.904
108.483628,405.847,67.601,0.903
108.495238,408.432,67.711,0.900
108.506848,410.225,67.787,0.895
108.518458,411.841,67.855,0.887
108.530068,412.551,67.885,0.875
108.541678,206.917,55.939,0.858
108.553288,206.842,55.932,0.855
108.564898,206.815,55.930,0.849
108.576508,206.946,55.941,0.843
108.588118,207.364,55.976,0.842
108.599728,207.921,56.022,0.843
108.611338,208.446,56.066,0.836
108.622948,208.771,56.093,0.831
108.634558,208.998,56.112,0.827
108.646168,627.929,75.157,0.828
108.657778,208.943,56.107,0.833
108.669388,125.333,47.259,0.853
108.680998,125.302,47.255,0.869
108.692608,125.187,47.239,0.875
108.704218,124.905,47.200,0.884
108.715828,392.436,67.019,0.889
108.727438,389.548,66.892,0.898
108.739048,384.841,66.681,0.905
108.750658,382.269,66.565,0.906
108.762268,402.300,67.449,0.899
108.773878,408.459,67.712,0.889
108.785488,182.010,53.718,0.884
108.797098,182.189,53.735,0.881
108.808707,182.102,53.727,0.883
108.820317,181.930,53.711,0.882
108.831927,418.002,68.112,0.879
108.843537,418.427,68.130,0.884
108.855147,124.202,47.102,0.884
108.866757,124.117,47.090,0.880
108.878367,124.108,47.089,0.884
108.889977,124.019,47.077,0.883
108.901587,123.995,47.073,0.887
108.913197,124.063,47.083,0.893
108.924807,124.099,47.088,0.891
108.936417,124.077,47.085,0.883
108.948027,124.142,47.094,0.869
108.959637,124.328,47.120,0.867
108.971247,315.048,63.217,0.862
108.982857,314.917,63.210,0.861
108.994467,316.718,63.308,0.851
109.006077,320.612,63.520,0.847
109.017687,324.063,63.705,0.850
109.029297,326.519,63.836,0.861
109.040907,327.626,63.895,0.875
109.052517,328.306,63.930,0.878
109.064127,328.896,63.962,0.876
109.075737,328.866,63.960,0.875
109.087347,328.617,63.947,0.877
109.098957,328.274,63.929,0.873
109.110567,327.911,63.910,0.872
109.122177,327.796,63.904,0.873
109.133787,327.853,63.907,0.874
109.145397,328.222,63.926,0.880
109.157007,328.978,63.966,0.895
109.168617,329.664,64.002,0.907
109.180227,330.364,64.039,0.913
109.191837,331.055,64.075,0.914
109.203447,331.288,64.087,0.918
109.215057,330.946,64.069,0.920
109.226667,330.385,64.040,0.914
109.238277,329.621,64.000,0.907
109.249887,328.949,63.964,0.894
109.261497,328.334,63.932,0.885
109.273107,327.992,63.914,0.881
109.284717,327.731,63.900,0.879
109.296327,327.980,63.913,0.872
109.307937,328.432,63.937,0.866
109.319546,329.196,63.977,0.871
109.331156,329.896,64.014,0.878
109.342766,330.154,64.028,0.882
109.354376,329.966,64.018,0.883
109.365986,329.767,64.007,0.878
109.377596,329.444,63.990,0.877
109.389206,328.906,63.962,0.881
109.400816,328.455,63.938,0.875
109.412426,327.926,63.910,0.871
109.424036,327.830,63.905,0.868
109.435646,327.907,63.909,0.859
109.447256,327.974,63.913,0.847
109.458866,328.090,63.919,0.837
109.470476,328.301,63.930,0.826
109.482086,328.466,63.939,0.811
109.493696,328.812,63.957,0.800
109.505306,329.006,63.967,0.787
109.516916,329.174,63.976,0.775
109.528526,329.456,63.991,0.765
109.540136,329.629,64.000,0.765
109.551746,329.801,64.009,0.772
109.563356,329.972,64.018,0.771
109.574966,329.996,64.019,0.770
109.586576,329.964,64.018,0.773
109.598186,329.926,64.016,0.776
109.609796,329.910,64.015,0.782
109.621406,329.945,64.017,0.790
109.633016,330.067,64.023,0.795
109.644626,330.142,64.027,0.791
109.656236,329.893,64.014,0.795
109.667846,328.554,63.944,0.798
109.679456,327.187,63.871,0.802
109.691066,325.074,63.759,0.804
109.702676,640.462,75.499,0.805
109.714286,632.905,75.294,0.808
109.725896,624.006,75.049,0.815
109.737506,609.236,74.634,0.830
109.749116,590.732,74.100,0.845
109.760726,384.559,66.668,0.867
109.772336,561.426,73.219,0.896
109.783946,557.277,73.091,0.904
109.795556,221.134,57.089,0.915
109.807166,221.092,57.086,0.922
109.818776,220.610,57.048,0.928
109.830385,220.161,57.013,0.928
109.841995,219.897,56.992,0.925
109.853605,219.873,56.990,0.916
109.865215,219.942,56.995,0.900
109.876825,219.787,56.983,0.901
109.888435,219.336,56.948,0.893
109.900045,218.553,56.886,0.887
109.911655,1002.273,83.252,0.886
109.923265,496.277,71.084,0.881
109.934875,490.752,70.890,0.880
109.946485,491.914,70.931,0.886
109.958095,492.358,70.946,0.889
109.969705,492.402,70.948,0.895
109.981315,492.248,70.943,0.892
109.992925,492.048,70.936,0.897
110.004535,491.800,70.927,0.898
110.016145,492.284,70.944,0.910
110.027755,492.489,70.951,0.919
110.039365,492.429,70.949,0.925
110.050975,492.303,70.945,0.931
110.062585,492.625,70.956,0.931
110.074195,492.711,70.959,0.934
110.085805,493.472,70.986,0.941
110.097415,494.609,71.025,0.944
110.109025,495.392,71.053,0.940
110.120635,497.180,71.115,0.941
110.132245,499.346,71.190,0.938
110.143855,500.707,71.238,0.929
110.155465,502.232,71.290,0.924
110.167075,504.270,71.360,0.928
110.178685,504.619,71.372,0.923
110.190295,503.372,71.329,0.925
110.201905,504.291,71.361,0.930
110.213515,503.816,71.345,0.925
110.225125,504.848,71.380,0.919
110.236735,506.358,71.432,0.914
110.248345,509.708,71.546,0.907
110.259955,513.863,71.687,0.896
110.271565,534.659,72.373,0.885
110.283175,544.960,72.704,0.868
110.294785,548.502,72.816,0.857
110.306395,551.127,72.899,0.846
110.318005,552.157,72.931,0.848
110.329615,552.469,72.941,0.850
110.341224,552.648,72.946,0.856
110.352834,552.739,72.949,0.859
110.364444,552.807,72.951,0.859
110.376054,552.690,72.948,0.860
110.387664,552.883,72.954,0.859
110.399274,552.777,72.950,0.867
110.410884,552.366,72.937,0.894
110.422494,551.243,72.902,0.911
110.434104,549.283,72.841,0.928
110.445714,548.254,72.808,0.937
110.457324,547.029,72.769,0.948
110.468934,546.460,72.751,0.955
110.480544,123.844,47.052,0.966
110.492154,123.845,47.052,0.968
110.503764,123.668,47.028,0.957
110.515374,123.418,46.993,0.948
110.526984,123.265,46.971,0.933
110.538594,123.184,46.960,0.927
110.550204,541.722,72.601,0.915
110.561814,545.562,72.723,0.905
110.573424,548.553,72.818,0.887
110.585034,550.477,72.878,0.877
110.596644,551.921,72.924,0.870
110.608254,553.430,72.971,0.869
110.619864,554.420,73.002,0.874
110.631474,555.081,73.022,0.877
110.643084,554.039,72.990,0.884
110.654694,164.507,51.968,0.891
110.666304,164.153,51.930,0.897
110.677914,123.138,46.953,0.902
110.689524,123.108,46.949,0.904
110.701134,123.045,46.940,0.904
110.712744,123.108,46.949,0.903
110.724354,123.169,46.958,0.907
110.735964,123.293,46.975,0.905
110.747574,547.512,72.785,0.905
110.759184,548.841,72.827,0.896
110.770794,547.775,72.793,0.891
110.782404,165.073,52.027,0.886
110.794014,508.586,71.508,0.882
110.805624,505.795,71.413,0.874
110.817234,505.242,71.394,0.858
110.828844,508.644,71.510,0.844
110.840454,516.657,71.780,0.828
110.852063,516.670,71.781,0.817
110.863673,518.861,71.854,0.804
110.875283,521.238,71.933,0.797
110.886893,523.358,72.004,0.792
110.898503,526.793,72.117,0.799
110.910113,341.451,64.610,0.824
110.921723,123.219,46.965,0.836
110.933333,186.792,54.167,0.846
110.944943,186.710,54.160,0.863
110.956553,186.497,54.140,0.872
110.968163,186.275,54.119,0.875
110.979773,185.985,54.092,0.881
110.991383,185.961,54.090,0.888
111.002993,186.019,54.095,0.885
111.014603,186.037,54.097,0.891
111.026213,185.659,54.062,0.886
111.037823,370.391,66.019,0.883
111.049433,374.325,66.201,0.878
111.061043,382.495,66.575,0.874
111.072653,391.285,66.969,0.862
111.084263,395.186,67.140,0.842
111.095873,400.335,67.364,0.820
111.107483,406.360,67.623,0.791
111.119093,408.479,67.713,0.781
111.130703,208.053,56.033,0.757
111.142313,208.953,56.108,0.744
111.153923,208.761,56.092,0.738
111.165533,207.602,55.996,0.749
111.177143,405.307,67.578,0.759
111.188753,401.190,67.401,0.756
111.200363,400.584,67.375,0.748
111.211973,410.915,67.816,0.764
111.223583,416.904,68.067,0.816
111.235193,416.329,68.043,0.836
111.246803,414.559,67.969,0.853
111.258413,411.969,67.860,0.871
111.270023,409.006,67.735,0.898
111.281633,407.205,67.659,0.908
111.293243,404.314,67.536,0.926
111.304853,400.356,67.365,0.935
111.316463,394.446,67.108,0.924
111.328073,389.948,66.909,0.921
111.339683,385.773,66.723,0.913
111.351293,380.783,66.498,0.906
111.362902,376.760,66.314,0.883
111.374512,374.933,66.230,0.884
111.386122,372.633,66.123,0.876
111.397732,371.361,66.064,0.875
111.409342,371.180,66.055,0.882
111.420952,371.348,66.063,0.893
111.432562,371.563,66.073,0.906
111.444172,371.934,66.091,0.909
111.455782,371.668,66.078,0.909
111.467392,371.218,66.057,0.900
111.479002,371.188,66.056,0.886
111.490612,371.106,66.052,0.865
111.502222,371.126,66.053,0.839
111.513832,371.003,66.047,0.804
111.525442,370.412,66.020,0.760
111.537052,369.717,65.987,0.722
111.548662,371.604,66.075,0.696
111.560272,185.011,54.001,0.689
111.571882,184.950,53.996,0.688
111.583492,372.924,66.137,0.701
111.595102,372.283,66.107,0.710
111.606712,372.111,66.099,0.713
111.618322,372.263,66.106,0.711
111.629932,372.294,66.107,0.702
111.641542,372.471,66.116,0.693
111.653152,372.155,66.101,0.682
111.664762,371.758,66.082,0.675
111.676372,371.489,66.070,0.666
111.687982,186.049,54.098,0.696
111.699592,369.017,65.954,0.718
111.711202,365.102,65.770,0.762
111.722812,359.169,65.486,0.806
111.734422,345.345,64.806,0.834
111.746032,343.288,64.703,0.854
111.757642,341.298,64.602,0.867
111.769252,339.795,64.526,0.877
111.780862,338.332,64.451,0.882
111.792472,336.928,64.379,0.888
111.804082,336.551,64.360,0.880
111.815692,336.376,64.351,0.858
111.827302,336.358,64.350,0.835
111.838912,335.018,64.281,0.819
111.850522,360.848,65.567,0.823
111.862132,363.990,65.717,0.824
111.873741,366.550,65.838,0.828
111.885351,367.968,65.905,0.829
111.896961,368.564,65.933,0.839
111.908571,368.911,65.949,0.855
111.920181,369.067,65.957,0.866
111.931791,369.350,65.970,0.867
111.943401,369.623,65.983,0.862
111.955011,369.851,65.993,0.851
111.966621,369.197,65.963,0.829
111.978231,368.772,65.943,0.802
111.989841,368.065,65.909,0.774
112.001451,366.653,65.843,0.750
112.013061,364.598,65.746,0.726
112.024671,370.242,66.012,0.752
112.036281,380.572,66.488,0.782
112.047891,390.698,66.943,0.821
112.059501,405.689,67.594,0.851
112.071111,408.999,67.735,0.871
112.082721,410.271,67.789,0.878
112.094331,411.175,67.827,0.883
112.105941,410.897,67.815,0.891
112.117551,411.089,67.823,0.890
112.129161,412.656,67.889,0.879
112.140771,414.618,67.971,0.865
112.152381,415.789,68.020,0.851
112.163991,417.310,68.083,0.847
112.175601,419.594,68.178,0.854
112.187211,422.804,68.310,0.857
112.198821,427.191,68.489,0.863
112.210431,430.555,68.624,0.860
112.222041,433.354,68.736,0.859
112.233651,435.568,68.825,0.859
112.245261,437.619,68.906,0.862
112.256871,439.120,68.965,0.864
112.268481,439.920,68.997,0.864
112.280091,440.151,69.006,0.864
112.291701,440.152,69.006,0.857
112.303311,440.199,69.008,0.856
112.314921,439.942,68.998,0.857
112.326531,439.761,68.991,0.852
112.338141,439.597,68.984,0.844
112.349751,439.758,68.990,0.840
112.361361,439.833,68.993,0.840
112.372971,440.337,69.013,0.848
112.384580,440.758,69.030,0.852
112.396190,440.907,69.036,0.856
112.407800,440.989,69.039,0.855
112.419410,440.734,69.029,0.866
112.431020,440.365,69.014,0.878
112.442630,439.825,68.993,0.880
112.454240,439.358,68.975,0.882
112.465850,438.789,68.952,0.883
112.477460,438.197,68.929,0.886
112.489070,437.890,68.917,0.887
112.500680,438.122,68.926,0.888
112.512290,438.575,68.944,0.884
112.523900,439.076,68.964,0.878
112.535510,439.435,68.978,0.876
112.547120,439.865,68.995,0.872
112.558730,440.190,69.007,0.862
112.570340,440.481,69.019,0.853
112.581950,440.738,69.029,0.839
112.593560,440.834,69.033,0.824
112.605170,440.632,69.025,0.805
112.616780,440.449,69.018,0.782
112.628390,440.092,69.004,0.756
112.640000,439.970,68.999,0.729
112.651610,440.682,69.027,0.699
112.663220,440.831,69.033,0.671
112.674830,440.630,69.025,0.673
112.686440,438.898,68.957,0.716
112.698050,191.349,54.584,0.749
112.709660,191.026,54.555,0.774
112.721270,190.567,54.514,0.787
112.732880,380.002,66.462,0.796
112.744490,379.047,66.418,0.806
112.756100,378.638,66.400,0.811
112.767710,379.046,66.418,0.822
112.779320,379.972,66.461,0.823
112.790930,382.899,66.594,0.826
112.802540,403.721,67.510,0.830
112.814150,406.125,67.613,0.841
112.825760,407.923,67.690,0.855
112.837370,409.807,67.769,0.861
112.848980,411.630,67.846,0.872
112.860590,413.210,67.912,0.874
112.872200,414.420,67.963,0.873
112.883810,415.298,68.000,0.872
112.895420,415.706,68.017,0.873
112.907029,415.902,68.025,0.875
112.918639,416.062,68.032,0.875
112.930249,415.852,68.023,0.884
112.941859,415.683,68.016,0.888
112.953469,415.478,68.007,0.893
112.965079,415.112,67.992,0.899
112.976689,414.719,67.976,0.901
112.988299,414.358,67.960,0.896
112.999909,414.045,67.947,0.885
113.011519,413.597,67.929,0.872
113.023129,413.004,67.904,0.853
113.034739,412.021,67.863,0.833
113.046349,410.776,67.810,0.809
113.057959,409.985,67.777,0.782
113.069569,409.187,67.743,0.753
113.081179,409.415,67.753,0.740
113.092789,409.679,67.764,0.729
113.104399,411.930,67.859,0.719
113.116009,186.610,54.150,0.710
113.127619,413.779,67.936,0.698
113.139229,414.168,67.953,0.696
113.150839,414.725,67.976,0.701
113.162449,415.052,67.989,0.705
113.174059,414.849,67.981,0.712
113.185669,414.938,67.985,0.720
113.197279,414.669,67.973,0.725
113.208889,414.797,67.979,0.731
113.220499,413.640,67.930,0.738
113.232109,412.492,67.882,0.742
113.243719,410.552,67.801,0.743
113.255329,410.300,67.790,0.740
113.266939,409.999,67.777,0.736
113.278549,410.027,67.779,0.734
113.290159,138.089,48.937,0.731
113.301769,137.968,48.922,0.727
113.313379,137.922,48.916,0.721
113.324989,137.925,48.917,0.718
113.336599,416.892,68.066,0.722
113.348209,330.028,64.021,0.747
113.359819,329.526,63.995,0.762
113.371429,329.592,63.998,0.771
113.383039,329.862,64.012,0.778
113.394649,329.652,64.001,0.787
113.406259,329.172,63.976,0.798
113.417868,328.778,63.955,0.805
113.429478,328.335,63.932,0.811
113.441088,327.788,63.903,0.819
113.452698,327.872,63.908,0.833
113.464308,327.890,63.909,0.836
113.475918,328.060,63.917,0.837
113.487528,328.466,63.939,0.832
113.499138,329.211,63.978,0.827
113.510748,329.745,64.006,0.826
113.522358,330.596,64.051,0.824
113.533968,330.927,64.068,0.821
113.545578,330.852,64.064,0.811
113.557188,329.955,64.017,0.809
113.568798,328.881,63.961,0.810
113.580408,327.827,63.905,0.810
113.592018,326.868,63.854,0.813
113.603628,326.333,63.826,0.821
113.615238,326.122,63.815,0.822
113.626848,326.059,63.812,0.802
113.638458,326.922,63.857,0.784
113.650068,327.529,63.889,0.771
113.661678,328.736,63.953,0.762
113.673288,329.815,64.010,0.759
113.684898,330.904,64.067,0.750
113.696508,331.754,64.111,0.724
113.708118,331.385,64.092,0.702
113.719728,330.471,64.044,0.696
113.731338,329.921,64.015,0.692
113.742948,329.598,63.998,0.694
113.754558,329.107,63.973,0.696
113.766168,328.632,63.948,0.691
113.777778,328.477,63.939,0.680
113.789388,329.090,63.972,0.676
113.800998,331.300,64.088,0.709
113.812608,366.018,65.813,0.762
113.824218,369.103,65.958,0.806
113.835828,370.632,66.030,0.839
113.847438,371.176,66.055,0.858
113.859048,371.511,66.071,0.872
113.870658,371.707,66.080,0.883
113.882268,372.056,66.096,0.891
113.893878,372.832,66.132,0.896
113.905488,374.152,66.193,0.898
113.917098,375.698,66.265,0.895
113.928707,378.477,66.392,0.893
113.940317,384.639,66.672,0.895
113.951927,401.612,67.420,0.894
113.963537,405.256,67.576,0.895
113.975147,407.605,67.676,0.899
113.986757,410.173,67.785,0.900
113.998367,413.121,67.909,0.893
114.009977,414.988,67.987,0.891
114.021587,415.790,68.020,0.887
114.033197,415.885,68.024,0.876
114.044807,415.825,68.022,0.867
114.056417,415.718,68.017,0.858
114.068027,415.670,68.015,0.844
114.079637,415.649,68.014,0.824
114.091247,415.829,68.022,0.802
114.102857,415.549,68.010,0.771
114.114467,414.938,67.985,0.729
114.126077,415.225,67.997,0.706
114.137687,413.664,67.931,0.695
114.149297,82.851,40.093,0.686
114.160907,82.898,40.103,0.687
114.172517,82.909,40.105,0.691
114.184127,82.892,40.102,0.698
114.195737,82.886,40.100,0.709
114.207347,667.952,76.227,0.717
114.218957,667.127,76.205,0.722
114.230567,666.923,76.200,0.725
114.242177,95.451,42.544,0.722
114.253787,919.506,81.760,0.725
114.265397,919.223,81.755,0.730
114.277007,918.555,81.742,0.729
114.288617,206.195,55.878,0.728
114.300227,436.593,68.865,0.748
114.311837,441.124,69.044,0.780
114.323447,440.335,69.013,0.803
114.335057,439.102,68.965,0.820
114.346667,437.212,68.890,0.851
114.358277,433.904,68.758,0.873
114.369887,432.347,68.696,0.883
114.381497,430.434,68.619,0.893
114.393107,426.326,68.453,0.898
114.404717,421.316,68.249,0.901
114.416327,418.002,68.112,0.905
114.427937,416.379,68.045,0.910
114.439546,415.345,68.002,0.904
114.451156,414.668,67.973,0.903
114.462766,414.535,67.968,0.911
114.474376,414.481,67.966,0.917
114.485986,414.560,67.969,0.920
114.497596,414.666,67.973,0.918
114.509206,414.829,67.980,0.918
114.520816,415.030,67.989,0.918
114.532426,415.147,67.993,0.919
114.544036,415.188,67.995,0.917
114.555646,415.259,67.998,0.915
114.567256,415.340,68.001,0.911
114.578866,415.496,68.008,0.905
114.590476,415.800,68.021,0.897
114.602086,415.919,68.026,0.885
114.613696,416.054,68.031,0.871
114.625306,416.339,68.043,0.853
114.636916,416.732,68.059,0.829
114.648526,416.901,68.066,0.799
114.660136,417.343,68.085,0.773
114.671746,417.550,68.093,0.742
114.683356,417.143,68.076,0.715
114.694966,416.896,68.066,0.699
114.706576,416.709,68.058,0.687
114.718186,415.677,68.016,0.678
114.729796,414.784,67.978,0.672
114.741406,414.833,67.980,0.677
114.753016,414.122,67.951,0.683
114.764626,414.016,67.946,0.698
114.776236,414.055,67.948,0.711
114.787846,414.354,67.960,0.713
114.799456,414.266,67.957,0.710
114.811066,414.500,67.966,0.712
114.822676,414.817,67.980,0.713
114.834286,414.933,67.984,0.708
114.845896,415.114,67.992,0.698
114.857506,415.298,68.000,0.680
114.869116,415.326,68.001,0.665
114.880726,415.696,68.016,0.659
114.892336,416.064,68.032,0.657
114.903946,416.027,68.030,0.649
114.915556,415.829,68.022,0.637
114.927166,415.775,68.020,0.627
114.938776,415.876,68.024,0.619
114.950385,415.817,68.021,0.602
114.961995,415.987,68.028,0.582
114.973605,416.015,68.030,0.558
114.985215,416.088,68.033,0.536
114.996825,416.446,68.048,0.516
115.008435,416.443,68.047,0.497
115.020045,416.648,68.056,0.466
115.031655,416.238,68.039,0.435
115.043265,415.983,68.028,0.452
115.054875,415.702,68.017,0.458
115.066485,415.836,68.022,0.457
115.078095,415.299,68.000,0.451
115.089705,415.163,67.994,0.448
115.101315,415.139,67.993,0.443
115.112925,415.341,68.002,0.441
115.124535,415.184,67.995,0.433
115.136145,415.459,68.006,0.412
115.147755,415.559,68.011,0.397
115.159365,415.648,68.014,0.387
115.170975,416.535,68.051,0.388
115.182585,422.138,68.283,0.491
115.194195,103.515,43.948,0.588
115.205805,408.839,67.728,0.648
115.217415,408.626,67.719,0.671
115.229025,408.687,67.722,0.686
115.240635,433.361,68.737,0.719
115.252245,455.425,69.597,0.753
115.263855,451.403,69.443,0.788
115.275465,454.668,69.568,0.815
115.287075,456.206,69.626,0.830
115.298685,453.845,69.536,0.853
115.310295,452.072,69.469,0.862
115.321905,450.259,69.399,0.870
115.333515,448.981,69.350,0.875
115.345125,448.897,69.347,0.878
115.356735,449.856,69.384,0.877
115.368345,450.772,69.419,0.881
115.379955,453.226,69.513,0.886
115.391565,457.766,69.685,0.883
115.403175,463.558,69.903,0.892
115.414785,471.499,70.197,0.905
115.426395,481.021,70.543,0.918
115.438005,486.581,70.742,0.927
115.449615,489.063,70.830,0.933
115.461224,491.138,70.904,0.933
115.472834,492.348,70.946,0.933
115.484444,492.924,70.966,0.933
115.496054,493.272,70.979,0.931
115.507664,493.424,70.984,0.929
115.519274,493.436,70.984,0.922
115.530884,493.872,71.000,0.916
115.542494,494.283,71.014,0.911
115.554104,494.558,71.024,0.915
115.565714,494.813,71.033,0.914
115.577324,495.132,71.044,0.914
115.588934,494.597,71.025,0.922
115.600544,493.517,70.987,0.919
115.612154,492.062,70.936,0.912
115.623764,490.692,70.888,0.906
115.635374,489.404,70.842,0.902
115.646984,487.362,70.770,0.890
115.658594,485.043,70.687,0.882
115.670204,481.336,70.554,0.869
115.681814,464.355,69.933,0.839
115.693424,453.290,69.515,0.826
115.705034,761.906,78.505,0.820
115.716644,759.886,78.459,0.816
115.728254,318.991,63.432,0.809
115.739864,319.372,63.453,0.796
115.751474,321.020,63.542,0.783
115.763084,323.310,63.665,0.780
115.774694,163.776,51.891,0.777
115.786304,164.064,51.921,0.773
115.797914,164.299,51.946,0.769
115.809524,164.469,51.964,0.762
115.821134,164.625,51.980,0.758
115.832744,164.685,51.986,0.759
115.844354,164.684,51.986,0.765
115.855964,164.564,51.974,0.773
115.867574,164.495,51.967,0.789
115.879184,164.423,51.959,0.803
115.890794,164.292,51.945,0.817
115.902404,164.199,51.935,0.828
115.914014,164.139,51.929,0.843
115.925624,164.180,51.933,0.860
115.937234,164.262,51.942,0.876
115.948844,164.376,51.954,0.888
115.960454,164.462,51.963,0.898
115.972063,164.571,51.974,0.904
115.983673,329.136,63.974,0.910
115.995283,328.993,63.967,0.916
116.006893,328.697,63.951,0.917
116.018503,328.333,63.932,0.914
116.030113,327.999,63.914,0.909
116.041723,327.653,63.896,0.903
116.053333,327.594,63.893,0.895
116.064943,327.751,63.901,0.887
116.076553,328.256,63.928,0.877
116.088163,328.922,63.963,0.871
116.099773,329.645,64.001,0.868
116.111383,330.414,64.041,0.869
116.122993,331.115,64.078,0.868
116.134603,331.888,64.118,0.867
116.146213,332.056,64.127,0.869
116.157823,331.578,64.102,0.867
116.169433,330.414,64.041,0.874
116.181043,329.408,63.988,0.872
116.192653,328.205,63.925,0.864
116.204263,326.910,63.857,0.859
116.215873,326.060,63.812,0.860
116.227483,325.583,63.786,0.858
116.239093,325.271,63.770,0.851
116.250703,326.359,63.827,0.847
116.262313,328.555,63.944,0.832
116.273923,330.078,64.024,0.823
116.285533,331.098,64.077,0.823
116.297143,331.846,64.116,0.815
116.308753,331.890,64.118,0.795
116.320363,331.520,64.099,0.779
116.331973,331.047,64.074,0.774
116.343583,330.160,64.028,0.772
116.355193,329.249,63.980,0.778
116.366803,328.121,63.921,0.780
116.378413,327.101,63.867,0.780
116.390023,326.384,63.829,0.781
116.401633,326.528,63.836,0.785
116.413243,327.228,63.873,0.793
116.424853,328.497,63.941,0.800
116.436463,329.264,63.981,0.806
116.448073,329.585,63.998,0.809
116.459683,329.855,64.012,0.818
116.471293,329.981,64.019,0.828
116.482902,329.814,64.010,0.836
116.494512,329.501,63.993,0.841
116.506122,329.257,63.981,0.842
116.517732,328.951,63.964,0.840
116.529342,329.412,63.989,0.841
116.540952,330.578,64.050,0.848
116.552562,331.779,64.113,0.854
116.564172,332.442,64.147,0.859
116.575782,332.518,64.151,0.862
116.587392,332.249,64.137,0.864
116.599002,332.099,64.129,0.865
116.610612,332.036,64.126,0.869
116.622222,331.889,64.118,0.868
116.633832,331.832,64.115,0.869
116.645442,331.475,64.097,0.863
116.657052,331.070,64.076,0.853
116.668662,332.053,64.127,0.847
116.680272,354.316,65.250,0.846
116.691882,356.010,65.333,0.848
116.703492,366.098,65.817,0.852
116.715102,369.050,65.956,0.857
116.726712,370.051,66.003,0.856
116.738322,369.982,65.999,0.862
116.749932,370.091,66.005,0.872
116.761542,185.341,54.032,0.874
116.773152,369.870,65.994,0.876
116.784762,369.225,65.964,0.879
116.796372,368.742,65.941,0.880
116.807982,368.464,65.928,0.881
116.819592,368.356,65.923,0.879
116.831202,368.502,65.930,0.873
116.842812,368.582,65.934,0.858
116.854422,368.674,65.938,0.845
116.866032,368.803,65.944,0.830
116.877642,368.870,65.947,0.809
116.889252,368.904,65.949,0.788
116.900862,368.938,65.951,0.761
116.912472,368.865,65.947,0.725
116.924082,367.953,65.904,0.687
116.935692,367.882,65.901,0.683
116.947302,367.689,65.892,0.676
116.958912,367.216,65.869,0.673
116.970522,366.941,65.857,0.666
116.982132,367.441,65.880,0.644
116.993741,367.151,65.866,0.643
117.005351,365.682,65.797,0.679
117.016961,368.124,65.912,0.741
117.028571,373.957,66.184,0.798
117.040181,379.926,66.459,0.842
117.051791,382.757,66.587,0.871
117.063401,383.352,66.614,0.890
117.075011,381.423,66.527,0.906
117.086621,379.587,66.443,0.921
117.098231,377.823,66.363,0.931
117.109841,376.462,66.300,0.931
117.121451,374.019,66.187,0.924
117.133061,370.824,66.039,0.916
117.144671,368.735,65.941,0.909
117.156281,367.624,65.889,0.910
117.167891,367.609,65.888,0.908
117.179501,368.202,65.916,0.903
117.191111,369.035,65.955,0.899
117.202721,369.786,65.990,0.896
117.214331,370.231,66.011,0.895
117.225941,370.434,66.021,0.892
117.237551,370.328,66.016,0.890
117.249161,370.018,66.001,0.882
117.260771,369.546,65.979,0.874
117.272381,369.171,65.961,0.868
117.283991,368.928,65.950,0.859
117.295601,369.085,65.957,0.850
117.307211,369.658,65.984,0.842
117.318821,370.415,66.020,0.834
117.330431,371.184,66.056,0.818
117.342041,372.121,66.099,0.796
117.353651,373.267,66.152,0.779
117.365261,374.262,66.199,0.763
117.376871,376.796,66.315,0.746
117.388481,378.075,66.374,0.733
117.400091,380.547,66.487,0.719
117.411701,380.027,66.463,0.697
117.423311,376.241,66.290,0.703
117.434921,375.017,66.233,0.711
117.446531,123.822,47.049,0.707
117.458141,123.761,47.041,0.697
117.469751,123.680,47.029,0.685
117.481361,123.679,47.029,0.678
117.492971,123.749,47.039,0.669
117.504580,123.801,47.046,0.660
117.516190,123.869,47.056,0.651
117.527800,123.887,47.058,0.645
117.539410,123.901,47.060,0.649
117.551020,123.836,47.051,0.654
117.562630,123.707,47.033,0.662
117.574240,123.539,47.010,0.667
117.585850,370.909,66.043,0.667
117.597460,370.804,66.038,0.662
117.609070,370.765,66.036,0.650
117.620680,123.055,46.942,0.638
117.632290,123.078,46.945,0.628
117.643900,123.293,46.975,0.618
117.655510,123.706,47.033,0.608
117.667120,124.035,47.079,0.586
117.678730,124.168,47.097,0.567
117.690340,124.277,47.113,0.552
117.701950,124.277,47.113,0.539
117.713560,124.315,47.118,0.523
117.725170,124.279,47.113,0.502
117.736780,124.263,47.111,0.485
117.748390,124.024,47.077,0.458
117.760000,124.247,47.108,0.469
117.771610,123.886,47.058,0.546
117.783220,400.910,67.389,0.600
117.794830,401.000,67.393,0.623
117.806440,401.496,67.415,0.660
117.818050,460.011,69.770,0.698
117.829660,485.918,70.719,0.748
117.841270,485.379,70.699,0.778
117.852880,486.401,70.736,0.794
117.864490,487.208,70.764,0.817
117.876100,487.319,70.768,0.832
117.887710,487.404,70.771,0.852
117.899320,486.886,70.753,0.874
117.910930,486.956,70.755,0.894
117.922540,487.501,70.775,0.893
117.934150,489.575,70.848,0.910
117.945760,491.705,70.923,0.918
117.957370,494.845,71.034,0.918
117.968980,499.652,71.201,0.920
117.980590,505.763,71.412,0.926
117.992200,512.545,71.642,0.921
118.003810,517.661,71.814,0.911
118.015420,521.056,71.927,0.917
118.027029,523.988,72.024,0.908
118.038639,174.833,53.022,0.910
118.050249,174.799,53.018,0.910
118.061859,174.697,53.008,0.911
118.073469,261.688,60.004,0.905
118.085079,261.478,59.990,0.901
118.096689,104.522,44.116,0.900
118.108299,104.474,44.108,0.903
118.119909,260.793,59.945,0.903
118.131519,260.701,59.939,0.896
118.143129,522.225,71.966,0.905
118.154739,521.437,71.940,0.904
118.166349,520.957,71.924,0.900
118.177959,521.008,71.926,0.901
118.189569,258.346,59.782,0.906
118.201179,139.218,49.078,0.904
118.212789,138.786,49.024,0.903
118.224399,138.657,49.008,0.910
118.236009,416.332,68.043,0.906
118.247619,207.686,56.003,0.915
118.259229,207.690,56.003,0.923
118.270839,207.663,56.001,0.930
118.282449,207.641,55.999,0.934
118.294059,207.629,55.998,0.935
118.305669,207.635,55.999,0.937
118.317279,207.653,56.000,0.935
118.328889,207.668,56.001,0.934
118.340499,207.670,56.001,0.931
118.352109,207.659,56.001,0.930
118.363719,207.645,55.999,0.929
118.375329,207.665,56.001,0.923
118.386939,207.685,56.003,0.916
118.398549,207.669,56.001,0.910
118.410159,207.652,56.000,0.903
118.421769,207.626,55.998,0.890
118.433379,207.650,56.000,0.875
118.444989,207.644,55.999,0.854
118.456599,207.638,55.999,0.827
118.468209,413.666,67.932,0.809
118.479819,413.128,67.909,0.798
118.491429,411.268,67.831,0.799
118.503039,375.535,66.257,0.803
118.514649,374.490,66.209,0.812
118.526259,373.620,66.169,0.825
118.537868,373.249,66.152,0.844
118.549478,373.113,66.145,0.860
118.561088,373.005,66.140,0.871
118.572698,372.950,66.138,0.876
118.584308,373.464,66.162,0.878
118.595918,374.770,66.222,0.881
118.607528,376.238,66.290,0.879
118.619138,379.483,66.438,0.877
118.630748,399.287,67.319,0.876
118.642358,406.700,67.638,0.877
118.653968,410.793,67.811,0.873
118.665578,413.215,67.913,0.871
118.677188,414.029,67.947,0.867
118.688798,414.758,67.977,0.863
118.700408,415.334,68.001,0.864
118.712018,415.590,68.012,0.864
118.723628,415.681,68.016,0.856
118.735238,415.616,68.013,0.847
118.746848,415.415,68.005,0.842
118.758458,415.053,67.990,0.839
118.770068,414.468,67.965,0.839
118.781678,413.620,67.930,0.840
118.793288,412.535,67.884,0.834
118.804898,410.862,67.814,0.822
118.816508,408.984,67.734,0.811
118.828118,406.617,67.634,0.804
118.839728,403.444,67.498,0.795
118.851338,374.260,66.198,0.787
118.862948,370.928,66.044,0.774
118.874558,369.946,65.998,0.756
118.886168,369.974,65.999,0.738
118.897778,370.337,66.016,0.735
118.909388,371.127,66.053,0.741
118.920998,372.872,66.134,0.749
118.932608,373.979,66.185,0.751
118.944218,375.362,66.249,0.743
118.955828,178.893,53.419,0.743
118.967438,179.510,53.479,0.768
118.979048,376.907,66.320,0.809
118.990658,376.025,66.280,0.835
119.002268,375.095,66.237,0.851
119.013878,373.968,66.185,0.858
119.025488,373.071,66.143,0.868
119.037098,371.056,66.050,0.881
119.048707,369.736,65.988,0.892
119.060317,369.002,65.954,0.892
119.071927,368.180,65.915,0.886
119.083537,367.979,65.905,0.880
119.095147,368.369,65.924,0.878
119.106757,368.895,65.948,0.877
119.118367,369.650,65.984,0.876
119.129977,370.539,66.025,0.868
119.141587,372.147,66.100,0.854
119.153197,373.172,66.148,0.845
119.164807,374.817,66.224,0.835
119.176417,125.049,47.220,0.827
119.188027,124.557,47.152,0.816
119.199637,411.227,67.829,0.808
119.211247,124.665,47.167,0.802
119.222857,124.610,47.159,0.799
119.234467,124.594,47.157,0.802
119.246077,124.605,47.158,0.804
119.257687,315.664,63.251,0.806
119.269297,316.142,63.277,0.800
119.280907,316.108,63.275,0.793
119.292517,316.467,63.295,0.785
119.304127,319.427,63.456,0.799
119.315737,186.467,54.137,0.811
119.327347,186.375,54.128,0.822
119.338957,186.000,54.094,0.826
119.350567,185.834,54.078,0.826
119.362177,185.849,54.080,0.832
119.373787,185.586,54.055,0.843
119.385397,185.344,54.032,0.857
119.397007,185.141,54.013,0.852
119.408617,184.887,53.990,0.851
119.420227,184.787,53.980,0.847
119.431837,184.700,53.972,0.848
119.443447,184.758,53.978,0.851
119.455057,184.721,53.974,0.852
119.466667,123.445,46.996,0.856
119.478277,123.451,46.997,0.854
119.489887,123.370,46.986,0.854
119.501497,123.240,46.968,0.850
119.513107,184.279,53.933,0.850
119.524717,183.884,53.896,0.849
119.536327,183.581,53.867,0.847
119.547937,183.508,53.860,0.848
119.559546,367.586,65.887,0.843
119.571156,367.348,65.876,0.836
119.582766,327.037,63.863,0.833
119.594376,327.748,63.901,0.838
119.605986,328.392,63.935,0.840
119.617596,329.160,63.975,0.837
119.629206,329.401,63.988,0.837
119.640816,329.192,63.977,0.836
119.652426,329.216,63.978,0.834
119.664036,329.023,63.968,0.836
119.675646,328.820,63.958,0.829
119.687256,328.625,63.947,0.814
119.698866,328.366,63.934,0.805
119.710476,327.913,63.910,0.806
119.722086,327.277,63.876,0.800
119.733696,327.128,63.868,0.789
119.745306,326.908,63.857,0.780
119.756916,327.596,63.893,0.777
119.768526,328.094,63.919,0.795
119.780136,328.845,63.959,0.808
119.791746,329.534,63.995,0.820
119.803356,329.782,64.008,0.825
119.814966,329.612,63.999,0.847
119.826576,329.346,63.985,0.861
119.838186,328.996,63.967,0.871
119.849796,328.537,63.943,0.877
119.861406,328.154,63.922,0.877
119.873016,327.427,63.884,0.882
119.884626,327.080,63.866,0.881
119.896236,327.006,63.862,0.882
119.907846,327.007,63.862,0.872
119.919456,327.172,63.871,0.866
119.931066,327.520,63.889,0.861
119.942676,327.793,63.903,0.859
119.954286,328.142,63.922,0.862
119.965896,328.448,63.938,0.861
119.977506,328.573,63.945,0.865
119.989116,328.679,63.950,0.868
120.000726,328.828,63.958,0.871
120.012336,329.036,63.969,0.873
120.023946,329.060,63.970,0.874
120.035556,329.054,63.970,0.874
120.047166,329.117,63.973,0.872
120.058776,329.178,63.976,0.873
120.070385,329.378,63.987,0.877
120.081995,329.781,64.008,0.884
120.093605,329.958,64.017,0.885
120.105215,330.123,64.026,0.884
120.116825,330.464,64.044,0.886
120.128435,331.046,64.074,0.887
120.140045,699.121,77.016,0.885
120.151655,708.159,77.239,0.883
120.163265,719.082,77.504,0.875
120.174875,185.455,54.043,0.864
120.186485,185.382,54.036,0.858
120.198095,185.418,54.039,0.854
120.209705,185.465,54.044,0.850
120.221315,185.447,54.042,0.846
120.232925,185.256,54.024,0.843
120.244535,185.116,54.011,0.838
120.256145,185.051,54.005,0.838
120.267755,185.018,54.002,0.836
120.279365,185.090,54.009,0.836
120.290975,185.141,54.013,0.844
120.302585,369.508,65.977,0.852
120.314195,369.529,65.978,0.858
120.325805,369.672,65.985,0.867
120.337415,369.927,65.997,0.877
120.349025,370.135,66.007,0.885
120.360635,185.264,54.025,0.893
120.372245,185.272,54.026,0.902
120.383855,185.304,54.029,0.903
120.395465,185.241,54.023,0.897
120.407075,370.468,66.022,0.894
120.418685,371.030,66.048,0.885
120.430295,371.223,66.057,0.876
120.441905,371.912,66.090,0.869
120.453515,372.838,66.133,0.860
120.465125,761.438,78.495,0.856
120.476735,415.806,68.021,0.854
120.488345,416.388,68.045,0.860
120.499955,417.375,68.086,0.857
120.511565,417.248,68.081,0.858
120.523175,417.062,68.073,0.860
120.534785,416.697,68.058,0.861
120.546395,416.549,68.052,0.863
120.558005,416.311,68.042,0.859
120.569615,416.203,68.037,0.862
120.581224,415.899,68.025,0.861
120.592834,415.702,68.017,0.862
120.604444,415.801,68.021,0.862
120.616054,415.983,68.028,0.857
120.627664,415.976,68.028,0.850
120.639274,415.846,68.023,0.847
120.650884,415.670,68.015,0.844
120.662494,415.153,67.994,0.847
120.674104,414.535,67.968,0.854
120.685714,414.151,67.952,0.865
120.697324,414.248,67.956,0.871
120.708934,414.167,67.953,0.869
120.720544,413.969,67.944,0.869
120.732154,414.077,67.949,0.868
120.743764,278.206,61.064,0.869
120.755374,278.762,61.098,0.865
120.766984,279.450,61.141,0.855
120.778594,280.483,61.205,0.843
120.790204,600.922,74.396,0.839
120.801814,605.748,74.535,0.842
120.813424,609.590,74.644,0.844
120.825034,613.252,74.748,0.849
120.836644,616.379,74.836,0.846
120.848254,618.567,74.897,0.843
120.859864,620.093,74.940,0.844
120.871474,620.892,74.962,0.842
120.883084,622.296,75.001,0.841
120.894694,623.661,75.039,0.841
120.906304,625.406,75.087,0.836
120.917914,629.029,75.187,0.830
120.929524,633.650,75.314,0.829
120.941134,638.991,75.459,0.832
120.952744,644.496,75.608,0.830
120.964354,648.344,75.711,0.827
120.975964,651.176,75.787,0.823
120.987574,654.615,75.878,0.822
120.999184,656.549,75.929,0.825
121.010794,658.666,75.985,0.824
121.022404,659.613,76.009,0.818
121.034014,659.821,76.015,0.808
121.045624,659.830,76.015,0.797
121.057234,660.185,76.024,0.792
121.068844,660.349,76.029,0.798
121.080454,659.249,76.000,0.802
121.092063,656.611,75.930,0.804
121.103673,651.755,75.802,0.813
121.115283,644.530,75.609,0.824
121.126893,638.511,75.446,0.834
121.138503,634.900,75.348,0.847
121.150113,631.385,75.252,0.856
121.161723,626.638,75.122,0.861
121.173333,621.914,74.991,0.861
121.184943,620.047,74.938,0.863
121.196553,619.095,74.912,0.855
121.208163,618.895,74.906,0.851
121.219773,618.806,74.904,0.841
121.231383,619.065,74.911,0.833
121.242993,619.804,74.932,0.829
121.254603,620.888,74.962,0.823
121.266213,621.853,74.989,0.822
121.277823,621.939,74.991,0.819
121.289433,621.938,74.991,0.822
121.301043,621.762,74.986,0.821
121.312653,621.954,74.992,0.825
121.324263,621.899,74.990,0.825
121.335873,621.631,74.983,0.824
121.347483,621.727,74.985,0.819
121.359093,622.175,74.998,0.815
121.370703,622.648,75.011,0.811
121.382313,622.857,75.017,0.806
121.393923,623.131,75.024,0.802
121.405533,623.340,75.030,0.802
121.417143,623.596,75.037,0.804
121.428753,623.840,75.044,0.805
121.440363,624.005,75.049,0.806
121.451973,623.673,75.039,0.809
121.463583,623.369,75.031,0.814
121.475193,623.218,75.027,0.820
121.486803,622.834,75.016,0.825
121.498413,622.248,75.000,0.823
121.510023,620.027,74.938,0.828
121.521633,617.447,74.866,0.829
121.533243,613.624,74.758,0.833
121.544853,610.727,74.676,0.830
121.556463,607.551,74.586,0.829
121.568073,600.270,74.377,0.827
121.579683,591.984,74.137,0.827
121.591293,578.443,73.736,0.831
121.602902,527.246,72.132,0.827
121.614512,516.556,71.777,0.828
121.626122,509.850,71.551,0.829
121.637732,503.735,71.342,0.836
121.649342,498.365,71.156,0.843
121.660952,494.735,71.030,0.848
121.672562,493.268,70.978,0.851
121.684172,492.136,70.939,0.854
121.695782,491.607,70.920,0.856
121.707392,491.308,70.909,0.860
121.719002,491.127,70.903,0.860
121.730612,490.982,70.898,0.857
121.742222,490.789,70.891,0.853
121.753832,490.801,70.892,0.847
121.765442,490.738,70.889,0.841
121.777052,490.929,70.896,0.835
121.788662,491.329,70.910,0.830
121.800272,491.816,70.927,0.825
121.811882,492.179,70.940,0.820
121.823492,492.761,70.961,0.820
121.835102,493.955,71.003,0.816
121.846712,495.177,71.045,0.812
121.858322,497.383,71.122,0.812
121.869932,499.054,71.180,0.808
121.881542,500.754,71.239,0.808
121.893152,504.839,71.380,0.813
121.904762,512.738,71.649,0.816
121.916372,540.526,72.562,0.827
121.927982,547.240,72.776,0.833
121.939592,549.363,72.843,0.842
121.951202,551.418,72.908,0.845
121.962812,552.750,72.949,0.854
121.974422,553.874,72.985,0.856
121.986032,554.505,73.004,0.857
121.997642,554.351,73.000,0.852
122.009252,553.267,72.966,0.835
122.020862,551.915,72.923,0.824
122.032472,551.524,72.911,0.818
122.044082,551.897,72.923,0.817
122.055692,552.949,72.956,0.815
122.067302,554.574,73.007,0.817
122.078912,557.395,73.094,0.819
122.090522,559.372,73.156,0.829
122.102132,560.515,73.191,0.844
122.113741,561.107,73.209,0.856
122.125351,559.817,73.169,0.862
122.136961,557.983,73.113,0.863
122.148571,555.135,73.024,0.865
122.160181,552.170,72.931,0.863
122.171791,550.204,72.870,0.862
122.183401,549.319,72.842,0.858
122.195011,548.677,72.821,0.848
122.206621,548.666,72.821,0.837
122.218231,550.066,72.865,0.842
122.229841,551.343,72.905,0.852
122.241451,553.511,72.973,0.855
122.253061,555.767,73.044,0.860
122.264671,557.195,73.088,0.857
122.276281,556.017,73.051,0.857
122.287891,554.727,73.011,0.859
122.299501,553.504,72.973,0.866
122.311111,552.135,72.930,0.857
122.322721,551.799,72.920,0.843
122.334331,551.353,72.906,0.836
122.345941,551.182,72.900,0.834
122.357551,551.206,72.901,0.823
122.369161,552.279,72.935,0.813
122.380771,552.980,72.957,0.803
122.392381,553.810,72.983,0.784
122.403991,554.307,72.998,0.761
122.415601,553.459,72.972,0.745
122.427211,551.878,72.922,0.711
122.438821,551.266,72.903,0.655
122.450431,551.835,72.921,0.639
122.462041,552.005,72.926,0.609
122.473651,553.044,72.959,0.585
122.485261,553.272,72.966,0.557
122.496871,552.317,72.936,0.539
122.508481,552.550,72.943,0.514
122.520091,553.234,72.965,0.503
122.531701,553.570,72.975,0.488
122.543311,553.290,72.966,0.471
122.554921,553.998,72.989,0.471
122.566531,554.771,73.013,0.471
122.578141,556.333,73.061,0.464
122.589751,556.566,73.069,0.463
122.601361,556.920,73.080,0.455
122.612971,555.748,73.043,0.448
122.624580,553.904,72.986,0.461
122.636190,551.227,72.902,0.497
122.647800,544.629,72.693,0.612
122.659410,412.236,67.872,0.719
122.671020,426.316,68.453,0.776
122.682630,433.002,68.722,0.823
122.694240,217.301,56.786,0.852
122.705850,217.378,56.792,0.861
122.717460,217.313,56.787,0.868
122.729070,330.764,64.060,0.874
122.740680,330.508,64.046,0.877
122.752290,328.946,63.964,0.857
122.763900,327.875,63.908,0.834
122.775510,325.735,63.794,0.799
122.787120,141.334,49.339,0.764
122.798730,141.517,49.362,0.757
122.810340,139.623,49.128,0.749
122.821950,279.169,61.124,0.740
122.833560,158.762,51.352,0.750
122.845170,169.542,52.490,0.802
122.856780,169.270,52.462,0.828
122.868390,169.135,52.448,0.842
122.880000,329.982,64.019,0.857
122.891610,329.806,64.009,0.868
122.903220,329.215,63.978,0.873
122.914830,329.142,63.974,0.872
122.926440,328.695,63.951,0.859
122.938050,327.873,63.908,0.833
122.949660,327.500,63.888,0.806
122.961270,327.331,63.879,0.780
122.972880,326.174,63.818,0.739
122.984490,324.789,63.744,0.701
122.996100,324.212,63.713,0.718
123.007710,374.057,66.189,0.736
123.019320,370.755,66.036,0.753
123.030930,110.623,45.098,0.772
123.042540,110.398,45.063,0.795
123.054150,330.421,64.042,0.816
123.065760,330.166,64.028,0.837
123.077370,329.770,64.007,0.849
123.088980,329.492,63.993,0.841
123.100590,329.289,63.982,0.843
123.112200,164.406,51.957,0.847
123.123810,164.127,51.928,0.853
123.135420,163.970,51.911,0.852
123.147029,109.246,44.881,0.848
123.158639,329.699,64.004,0.845
123.170249,110.687,45.108,0.841
123.181859,110.578,45.091,0.848
123.193469,110.543,45.085,0.848
123.205079,110.500,45.078,0.849
123.216689,110.391,45.061,0.847
123.228299,110.258,45.041,0.849
123.239909,110.097,45.015,0.856
123.251519,109.969,44.995,0.860
123.263129,109.838,44.974,0.864
123.274739,109.792,44.967,0.864
123.286349,109.745,44.960,0.869
123.297959,109.719,44.956,0.869
123.309569,109.753,44.961,0.865
123.321179,109.978,44.996,0.873
123.332789,110.124,45.019,0.881
123.344399,110.064,45.010,0.889
123.356009,109.883,44.982,0.898
123.367619,109.803,44.969,0.907
123.379229,329.623,64.000,0.913
123.390839,329.562,63.997,0.918
123.402449,329.578,63.997,0.920
123.414059,329.378,63.987,0.916
123.425669,329.215,63.978,0.911
123.437279,329.138,63.974,0.904
123.448889,329.047,63.969,0.891
123.460499,328.609,63.946,0.880
123.472109,328.504,63.941,0.866
123.483719,328.223,63.926,0.852
123.495329,328.195,63.925,0.848
123.506939,328.282,63.929,0.845
123.518549,328.291,63.930,0.837
123.530159,328.621,63.947,0.828
123.541769,110.424,45.067,0.820
123.553379,329.859,64.012,0.804
123.564989,329.371,63.986,0.797
123.576599,329.242,63.980,0.783
123.588209,328.662,63.949,0.767
123.599819,327.628,63.895,0.749
123.611429,326.093,63.813,0.729
123.623039,325.131,63.762,0.710
123.634649,324.887,63.749,0.716
123.646259,89.928,41.512,0.737
123.657868,111.265,45.198,0.759
123.669478,110.385,45.061,0.782
123.681088,110.423,45.066,0.799
123.692698,110.311,45.049,0.810
123.704308,110.297,45.047,0.819
123.715918,110.282,45.044,0.825
123.727528,110.265,45.042,0.827
123.739138,110.203,45.032,0.829
123.750748,330.316,64.036,0.824
123.762358,330.062,64.023,0.817
123.773968,329.740,64.006,0.814
123.785578,329.628,64.000,0.801
123.797188,329.271,63.981,0.793
123.808798,328.961,63.965,0.780
123.820408,328.592,63.946,0.763
123.832018,328.126,63.921,0.737
123.843628,327.614,63.894,0.706
123.855238,327.459,63.886,0.671
123.866848,327.725,63.900,0.605
123.878458,327.551,63.891,0.571
123.890068,327.688,63.898,0.526
123.901678,327.638,63.895,0.537
123.913288,328.741,63.953,0.595
123.924898,330.111,64.025,0.638
123.936508,330.769,64.060,0.677
123.948118,371.902,66.089,0.706
123.959728,371.270,66.060,0.743
123.971338,331.123,64.078,0.786
123.982948,330.835,64.063,0.821
123.994558,330.170,64.028,0.840
124.006168,329.472,63.992,0.851
124.017778,328.454,63.938,0.859
124.029388,109.666,44.947,0.866
124.040998,109.620,44.940,0.876
124.052608,109.582,44.934,0.878
124.064218,109.558,44.930,0.876
124.075828,109.535,44.927,0.869
124.087438,109.534,44.926,0.870
124.099048,109.550,44.929,0.871
124.110658,109.534,44.927,0.870
124.122268,109.525,44.925,0.867
124.133878,109.533,44.926,0.854
124.145488,109.526,44.925,0.847
124.157098,328.431,63.937,0.829
124.168707,328.414,63.936,0.808
124.180317,328.351,63.933,0.779
124.191927,327.977,63.913,0.742
124.203537,327.405,63.883,0.703
124.215147,327.479,63.887,0.656
124.226757,326.599,63.840,0.613
124.238367,324.395,63.723,0.538
124.249977,81.895,39.892,0.507
124.261587,220.043,57.003,0.625
124.273197,447.072,69.276,0.736
124.284807,222.371,57.186,0.790
124.296417,110.118,45.019,0.826
124.308027,109.881,44.981,0.847
124.319637,109.780,44.965,0.860
124.331247,109.700,44.953,0.879
124.342857,109.626,44.941,0.897
124.354467,109.524,44.925,0.901
124.366077,109.396,44.905,0.890
124.377687,327.649,63.896,0.885
124.389297,327.632,63.895,0.877
124.400907,327.644,63.895,0.864
124.412517,327.681,63.897,0.853
124.424127,327.627,63.895,0.835
124.435737,163.448,51.856,0.813
124.447347,163.283,51.838,0.796
124.458957,163.459,51.857,0.787
124.470567,164.222,51.938,0.763
124.482177,164.982,52.018,0.745
124.493787,165.085,52.028,0.752
124.505397,165.021,52.022,0.765
124.517007,165.099,52.030,0.776
124.528617,165.105,52.031,0.780
124.540227,165.094,52.029,0.788
124.551837,165.033,52.023,0.792
124.563447,164.935,52.013,0.795
124.575057,164.929,52.012,0.800
124.586667,164.936,52.013,0.804
124.598277,164.924,52.012,0.813
124.609887,164.860,52.005,0.821
124.621497,164.816,52.000,0.837
124.633107,164.772,51.996,0.844
124.644717,164.790,51.997,0.849
124.656327,164.816,52.000,0.857
124.667937,164.774,51.996,0.864
124.679546,164.723,51.991,0.868
124.691156,164.708,51.989,0.871
124.702766,164.638,51.981,0.873
124.714376,164.584,51.976,0.862
124.725986,164.545,51.972,0.847
124.737596,164.486,51.966,0.835
124.749206,164.394,51.956,0.820
124.760816,164.439,51.961,0.808
124.772426,164.436,51.960,0.809
124.784036,164.402,51.957,0.811
124.795646,164.450,51.962,0.810
124.807256,329.040,63.969,0.813
124.818866,164.394,51.956,0.825
124.830476,109.648,44.944,0.829
124.842086,109.661,44.947,0.832
124.853696,109.675,44.949,0.830
124.865306,109.751,44.961,0.820
124.876916,109.899,44.984,0.806
124.888526,82.587,40.038,0.795
124.900136,82.597,40.040,0.790
124.911746,82.571,40.034,0.802
124.923356,330.547,64.048,0.819
124.934966,330.373,64.039,0.838
124.946576,330.195,64.030,0.863
124.958186,330.055,64.022,0.887
124.969796,329.904,64.014,0.900
124.981406,329.823,64.010,0.909
124.993016,329.821,64.010,0.917
125.004626,329.687,64.003,0.919
125.016236,329.340,63.985,0.920
125.027846,329.159,63.975,0.915
125.039456,329.016,63.968,0.902
125.051066,328.904,63.962,0.885
125.062676,328.883,63.961,0.876
125.074286,328.827,63.958,0.869
125.085896,328.781,63.955,0.862
125.097506,328.817,63.957,0.855
125.109116,329.031,63.969,0.840
125.120726,329.342,63.985,0.831
125.132336,329.547,63.996,0.832
125.143946,329.647,64.001,0.831
125.155556,329.682,64.003,0.825
125.167166,329.801,64.009,0.820
125.178776,329.891,64.014,0.807
125.190385,330.015,64.020,0.792
125.201995,329.908,64.015,0.781
125.213605,329.554,63.996,0.771
125.225215,329.547,63.996,0.756
125.236825,329.491,63.993,0.745
125.248435,329.496,63.993,0.737
125.260045,329.621,64.000,0.725
125.271655,329.760,64.007,0.729
125.283265,329.691,64.003,0.735
125.294875,329.687,64.003,0.740
125.306485,329.735,64.006,0.741
125.318095,329.815,64.010,0.740
125.329705,329.837,64.011,0.735
125.341315,329.835,64.011,0.729
125.352925,329.914,64.015,0.726
125.364535,330.084,64.024,0.721
125.376145,330.463,64.044,0.734
125.387755,331.292,64.087,0.755
125.399365,332.668,64.159,0.773
125.410975,334.944,64.277,0.783
125.422585,337.131,64.390,0.800
125.434195,344.703,64.774,0.820
125.445805,799.528,79.340,0.844
125.457415,817.943,79.734,0.863
125.469025,837.300,80.139,0.874
125.480635,851.363,80.427,0.882
125.492245,429.750,68.592,0.891
125.503855,431.392,68.658,0.896
125.515465,434.820,68.795,0.896
125.527075,437.433,68.899,0.891
125.538685,220.029,57.002,0.880
125.550295,442.310,69.091,0.871
125.561905,444.263,69.167,0.859
125.573515,447.658,69.299,0.848
125.585125,453.666,69.530,0.839
125.596735,462.945,69.880,0.836
125.608345,471.040,70.180,0.833
125.619955,477.248,70.407,0.831
125.631565,481.654,70.566,0.830
125.643175,485.981,70.721,0.829
125.654785,488.674,70.816,0.834
125.666395,490.758,70.890,0.841
125.678005,492.145,70.939,0.846
125.689615,493.146,70.974,0.850
125.701224,493.661,70.992,0.855
125.712834,493.756,70.996,0.859
125.724444,493.736,70.995,0.861
125.736054,493.679,70.993,0.859
125.747664,493.616,70.991,0.855
125.759274,493.724,70.994,0.848
125.770884,493.818,70.998,0.839
125.782494,494.059,71.006,0.831
125.794104,494.414,71.019,0.826
125.805714,494.569,71.024,0.826
125.817324,494.505,71.022,0.829
125.828934,494.270,71.014,0.836
125.840544,493.823,70.998,0.843
125.852154,493.181,70.975,0.846
125.863764,491.918,70.931,0.848
125.875374,490.092,70.867,0.850
125.886984,486.761,70.749,0.851
125.898594,482.736,70.605,0.847
125.910204,473.689,70.277,0.852
125.921814,461.027,69.808,0.852
125.933424,451.306,69.439,0.851
125.945034,441.467,69.058,0.853
125.956644,869.877,80.800,0.854
125.968254,424.503,68.379,0.851
125.979864,420.581,68.219,0.851
125.991474,417.875,68.107,0.856
126.003084,416.182,68.037,0.853
126.014694,415.506,68.008,0.853
126.026304,415.563,68.011,0.852
126.037914,415.827,68.022,0.849
126.049524,415.862,68.023,0.847
126.061134,415.775,68.020,0.848
126.072744,415.698,68.016,0.844
126.084354,415.570,68.011,0.839
126.095964,415.328,68.001,0.833
126.107574,415.284,67.999,0.828
126.119184,415.324,68.001,0.822
126.130794,415.457,68.006,0.817
126.142404,415.662,68.015,0.814
126.154014,415.971,68.028,0.808
126.165624,416.015,68.030,0.806
126.177234,415.958,68.027,0.797
126.188844,416.084,68.032,0.787
126.200454,416.014,68.030,0.776
126.212063,415.720,68.017,0.767
126.223673,415.448,68.006,0.754
126.235283,415.178,67.995,0.742
126.246893,414.954,67.985,0.724
126.258503,414.421,67.963,0.701
126.270113,414.041,67.947,0.684
126.281723,165.053,52.025,0.664
126.293333,164.949,52.014,0.638
126.304943,165.179,52.038,0.616
126.316553,165.496,52.072,0.606
126.328163,165.720,52.095,0.589
126.339773,82.857,40.094,0.589
126.351383,82.909,40.105,0.592
126.362993,82.944,40.112,0.592
126.374603,82.948,40.113,0.587
126.386213,82.904,40.104,0.585
126.397823,82.859,40.095,0.577
126.409433,82.818,40.086,0.569
126.421043,82.818,40.086,0.564
126.432653,82.814,40.085,0.557
126.444263,82.800,40.082,0.551
126.455873,82.839,40.091,0.547
126.467483,82.879,40.099,0.544
126.479093,82.898,40.103,0.538
126.490703,82.950,40.114,0.537
126.502313,138.331,48.968,0.532
126.513923,138.192,48.950,0.546
126.525533,104.014,44.031,0.602
126.537143,165.693,52.092,0.647
126.548753,234.800,58.127,0.687
126.560363,358.121,65.435,0.732
126.571973,364.088,65.721,0.767
126.583583,366.128,65.818,0.793
126.595193,367.578,65.887,0.820
126.606803,369.050,65.956,0.840
126.618413,370.041,66.002,0.856
126.630023,370.851,66.040,0.866
126.641633,371.104,66.052,0.872
126.653243,92.519,42.004,0.871
126.664853,92.618,42.022,0.868
126.676463,92.646,42.028,0.861
126.688073,92.650,42.028,0.849
126.699683,92.651,42.029,0.834
126.711293,92.605,42.020,0.814
126.722902,92.567,42.013,0.795
126.734512,92.579,42.015,0.779
126.746122,92.552,42.010,0.763
126.757732,92.541,42.008,0.749
126.769342,92.518,42.004,0.738
126.780952,92.492,41.999,0.725
126.792562,92.453,41.992,0.713
126.804172,92.457,41.992,0.695
126.815782,92.485,41.997,0.673
126.827392,92.530,42.006,0.641
126.839002,92.520,42.004,0.605
126.850612,92.506,42.001,0.565
126.862222,92.521,42.004,0.528
126.873832,92.614,42.022,0.494
126.885442,185.208,54.020,0.482
126.897052,185.330,54.031,0.479
126.908662,185.513,54.048,0.482
126.920272,185.568,54.053,0.489
126.931882,185.596,54.056,0.502
126.943492,185.545,54.051,0.504
126.955102,372.968,66.139,0.506
126.966712,185.397,54.037,0.510
126.978322,185.325,54.031,0.511
126.989932,185.238,54.023,0.511
127.001542,184.785,53.980,0.565
127.013152,184.989,53.999,0.587
127.024762,339.847,64.529,0.644
127.036372,341.487,64.612,0.707
127.047982,358.865,65.471,0.766
127.059592,363.996,65.717,0.806
127.071202,365.534,65.790,0.831
127.082812,366.661,65.843,0.848
127.094422,367.560,65.886,0.860
127.106032,368.143,65.913,0.871
127.117642,368.950,65.951,0.876
127.129252,369.984,66.000,0.876
127.140862,370.531,66.025,0.869
127.152472,370.941,66.044,0.861
127.164082,371.149,66.054,0.857
127.175692,371.071,66.050,0.855
127.187302,370.783,66.037,0.850
127.198912,370.535,66.025,0.842
127.210522,370.303,66.014,0.830
127.222132,370.073,66.004,0.814
127.233741,369.965,65.999,0.796
127.245351,369.804,65.991,0.777
127.256961,184.784,53.980,0.755
127.268571,184.752,53.977,0.727
127.280181,184.821,53.984,0.699
127.291791,184.712,53.973,0.674
127.303401,184.699,53.972,0.660
127.315011,184.790,53.981,0.639
127.326621,184.965,53.997,0.617
127.338231,185.063,54.006,0.595
127.349841,185.087,54.008,0.575
127.361451,185.032,54.003,0.561
127.373061,185.076,54.007,0.543
127.384671,185.291,54.027,0.533
127.396281,185.352,54.033,0.528
127.407891,185.335,54.032,0.526
127.419501,185.303,54.029,0.516
127.431111,185.253,54.024,0.504
127.442721,370.876,66.041,0.488
127.454331,370.756,66.036,0.467
127.465941,370.502,66.024,0.455
127.477551,370.137,66.007,0.448
127.489161,369.871,65.994,0.456
127.500771,367.047,65.862,0.550
127.512381,283.212,61.373,0.618
127.523991,305.476,62.683,0.697
127.535601,309.458,62.907,0.752
127.547211,310.837,62.984,0.794
127.558821,311.419,63.016,0.817
127.570431,311.697,63.032,0.832
127.582041,311.720,63.033,0.848
127.593651,311.589,63.026,0.856
127.605261,311.493,63.020,0.860
127.616871,311.832,63.039,0.856
127.628481,311.845,63.040,0.845
127.640091,311.543,63.023,0.829
127.651701,311.332,63.011,0.820
127.663311,311.157,63.002,0.813
127.674921,311.161,63.002,0.804
127.686531,311.191,63.004,0.796
127.698141,311.144,63.001,0.790
127.709751,311.183,63.003,0.784
127.721361,311.085,62.998,0.781
127.732971,155.551,50.999,0.780
127.744580,155.573,51.001,0.781
127.756190,155.547,50.998,0.781
127.767800,155.512,50.994,0.783
127.779410,155.500,50.993,0.783
127.791020,155.472,50.990,0.783
127.802630,155.447,50.987,0.785
127.814240,155.447,50.987,0.786
127.825850,155.409,50.983,0.787
127.837460,103.705,43.980,0.787
127.849070,103.730,43.984,0.784
127.860680,103.749,43.987,0.778
127.872290,103.760,43.989,0.775
127.883900,103.777,43.992,0.771
127.895510,103.801,43.996,0.766
127.907120,103.828,44.000,0.766
127.918730,103.841,44.003,0.764
127.930340,103.879,44.009,0.760
127.941950,103.923,44.016,0.760
127.953560,103.977,44.025,0.762
127.965170,312.439,63.073,0.765
127.976780,314.199,63.170,0.767
127.988390,315.015,63.215,0.762
128.000000,319.526,63.461,0.765
128.011610,333.033,64.178,0.774
128.023220,105.099,44.211,0.779
128.034830,875.360,80.908,0.802
128.046440,884.628,81.091,0.821
128.058050,894.687,81.287,0.827
128.069660,902.764,81.442,0.838
128.081270,460.229,69.778,0.859
128.092880,460.995,69.807,0.863
128.104490,461.481,69.825,0.865
128.116100,463.428,69.898,0.866
128.127710,465.813,69.987,0.856
128.139320,468.500,70.087,0.844
128.150930,470.028,70.143,0.837
128.162540,472.828,70.246,0.829
128.174150,481.052,70.544,0.811
128.185760,492.835,70.963,0.806
128.197370,508.303,71.498,0.807
128.208980,514.766,71.717,0.818
128.220590,518.175,71.831,0.830
128.232200,520.361,71.904,0.839
128.243810,521.559,71.944,0.851
128.255420,522.230,71.966,0.855
128.267029,522.516,71.976,0.853
128.278639,522.728,71.983,0.854
128.290249,522.683,71.981,0.850
128.301859,523.046,71.993,0.842
128.313469,523.110,71.995,0.833
128.325079,523.109,71.995,0.826
128.336689,523.397,72.005,0.817
128.348299,523.789,72.018,0.812
128.359909,523.865,72.020,0.816
128.371519,523.786,72.018,0.821
128.383129,523.473,72.007,0.827
128.394739,523.240,72.000,0.826
128.406349,523.091,71.995,0.825
128.417959,522.608,71.979,0.831
128.429569,521.759,71.951,0.842
128.441179,520.550,71.910,0.845
128.452789,519.601,71.879,0.838
128.464399,516.355,71.770,0.844
128.476009,508.416,71.502,0.856
128.487619,499.849,71.208,0.863
128.499229,494.002,71.004,0.865
128.510839,911.346,81.606,0.865
128.522449,887.564,81.148,0.861
128.534059,875.735,80.916,0.863
128.545669,868.016,80.763,0.871
128.557279,856.622,80.534,0.867
128.568889,844.547,80.288,0.855
128.580499,839.698,80.188,0.852
128.592109,103.898,44.012,0.853
128.603719,103.905,44.013,0.853
128.615329,103.888,44.010,0.854
128.626939,103.850,44.004,0.856
128.638549,103.871,44.008,0.856
128.650159,103.881,44.009,0.852
128.661769,207.681,56.002,0.855
128.673379,207.710,56.005,0.856
128.684989,207.727,56.006,0.856
128.696599,103.876,44.008,0.856
128.708209,103.901,44.012,0.854
128.719819,415.695,68.016,0.850
128.731429,415.717,68.017,0.846
128.743039,415.866,68.023,0.843
128.754649,415.836,68.022,0.831
128.766259,103.915,44.015,0.818
128.777868,103.889,44.010,0.805
128.789478,103.865,44.007,0.786
128.801088,103.861,44.006,0.766
128.812698,103.869,44.007,0.744
128.824308,103.884,44.010,0.723
128.835918,103.963,44.023,0.698
128.847528,104.089,44.044,0.679
128.859138,104.173,44.058,0.666
128.870748,104.285,44.076,0.647
128.882358,104.308,44.080,0.636
128.893968,104.309,44.080,0.631
128.905578,104.316,44.081,0.635
128.917188,104.381,44.092,0.635
128.928798,104.401,44.096,0.647
128.940408,104.455,44.105,0.656
128.952018,104.465,44.106,0.664
128.963628,104.448,44.103,0.676
128.975238,104.434,44.101,0.681
128.986848,104.411,44.097,0.680
128.998458,104.357,44.088,0.679
129.010068,104.307,44.080,0.675
129.021678,104.207,44.063,0.667
129.033288,104.167,44.057,0.662
129.044898,104.127,44.050,0.652
129.056508,104.100,44.046,0.633
129.068118,104.113,44.048,0.621
129.079728,207.423,55.981,0.609
129.091338,334.689,64.264,0.624
129.102948,337.944,64.431,0.649
129.114558,353.054,65.189,0.716
129.126168,365.951,65.810,0.759
129.137778,367.850,65.899,0.803
129.149388,368.507,65.930,0.832
129.160998,369.249,65.965,0.859
129.172608,369.520,65.978,0.882
129.184218,370.065,66.003,0.893
129.195828,370.383,66.018,0.901
129.207438,371.250,66.059,0.900
129.219048,371.188,66.056,0.901
129.230658,371.106,66.052,0.897
129.242268,371.244,66.058,0.896
129.253878,370.978,66.046,0.890
129.265488,371.032,66.048,0.883
129.277098,370.959,66.045,0.879
129.288707,185.196,54.019,0.877
129.300317,185.187,54.018,0.875
129.311927,185.159,54.015,0.868
129.323537,185.166,54.016,0.860
129.335147,185.194,54.018,0.849
129.346757,185.235,54.022,0.837
129.358367,185.239,54.023,0.825
129.369977,92.600,42.019,0.814
129.381587,92.593,42.018,0.801
129.393197,92.608,42.021,0.783
129.404807,92.599,42.019,0.765
129.416417,92.567,42.013,0.743
129.428027,92.526,42.005,0.723
129.439637,92.511,42.002,0.702
129.451247,92.501,42.000,0.675
129.462857,92.512,42.003,0.646
129.474467,92.572,42.014,0.616
129.486077,92.590,42.017,0.587
129.497687,92.621,42.023,0.569
129.509297,92.669,42.032,0.566
129.520907,92.616,42.022,0.565
129.532517,92.560,42.012,0.574
129.544127,92.515,42.003,0.587
129.555737,92.458,41.992,0.595
129.567347,92.504,42.001,0.601
129.578957,92.471,41.995,0.616
129.590567,92.474,41.995,0.631
129.602177,369.436,65.974,0.678
129.613787,369.263,65.966,0.730
129.625397,369.794,65.991,0.765
129.637007,370.636,66.030,0.787
129.648617,370.719,66.034,0.802
129.660227,370.972,66.046,0.813
129.671837,370.916,66.043,0.821
129.683447,370.983,66.046,0.830
129.695057,371.352,66.063,0.829
129.706667,371.672,66.078,0.818
129.718277,371.586,66.074,0.807
129.729887,371.447,66.068,0.798
129.741497,371.456,66.068,0.792
129.753107,371.282,66.060,0.788
129.764717,371.436,66.067,0.780
129.776327,371.570,66.074,0.766
129.787937,185.484,54.045,0.753
129.799546,185.470,54.044,0.738
129.811156,185.415,54.039,0.719
129.822766,185.353,54.033,0.697
129.834376,185.311,54.029,0.675
129.845986,185.233,54.022,0.655
129.857596,185.086,54.008,0.644
129.869206,184.954,53.996,0.638
129.880816,184.977,53.998,0.628
129.892426,184.993,54.000,0.620
129.904036,185.113,54.011,0.620
129.915646,185.220,54.021,0.622
129.927256,185.303,54.029,0.625
129.938866,185.334,54.031,0.625
129.950476,185.331,54.031,0.621
129.962086,185.340,54.032,0.616
129.973696,185.378,54.036,0.613
129.985306,185.377,54.036,0.613
129.996916,185.337,54.032,0.614
130.008526,185.316,54.030,0.615
130.020136,185.311,54.029,0.622
130.031746,185.254,54.024,0.631
130.043356,185.187,54.018,0.638
130.054966,185.035,54.004,0.643
130.066576,184.996,54.000,0.654
130.078186,759.407,78.448,0.698
130.089796,779.837,78.908,0.730
130.101406,334.562,64.257,0.755
130.113016,332.794,64.165,0.769
130.124626,331.790,64.113,0.779
130.136236,331.368,64.091,0.787
130.147846,331.146,64.080,0.797
130.159456,331.255,64.085,0.802
130.171066,331.741,64.111,0.794
130.182676,82.539,40.028,0.786
130.194286,82.534,40.027,0.779
130.205896,82.478,40.015,0.781
130.217506,82.452,40.010,0.787
130.229116,82.396,39.998,0.795
130.240726,82.366,39.992,0.801
130.252336,82.357,39.990,0.808
130.263946,82.347,39.988,0.816
130.275556,82.339,39.986,0.822
130.287166,82.358,39.990,0.826
130.298776,82.357,39.990,0.827
130.310385,82.368,39.992,0.826
130.321995,82.373,39.993,0.822
130.333605,82.377,39.994,0.819
130.345215,82.377,39.994,0.818
130.356825,82.384,39.995,0.812
130.368435,82.371,39.992,0.807
130.380045,82.366,39.991,0.802
130.391655,82.360,39.990,0.797
130.403265,82.364,39.991,0.793
130.414875,82.374,39.993,0.793
130.426485,82.392,39.997,0.792
130.438095,82.395,39.997,0.792
130.449705,82.406,40.000,0.796
130.461315,82.418,40.002,0.800
130.472925,82.431,40.005,0.804
130.484535,82.433,40.006,0.809
130.496145,82.422,40.003,0.812
130.507755,82.402,39.999,0.814
130.519365,82.404,39.999,0.815
130.530975,82.414,40.002,0.812
130.542585,82.426,40.004,0.807
130.554195,332.422,64.146,0.804
130.565805,333.912,64.224,0.805
130.577415,335.249,64.293,0.800
130.589025,338.281,64.449,0.795
130.600635,341.431,64.609,0.793
130.612245,344.601,64.769,0.814
130.623855,857.052,80.543,0.843
130.635465,864.258,80.688,0.861
130.647075,868.942,80.781,0.876
130.658685,874.273,80.887,0.877
130.670295,877.504,80.951,0.880
130.681905,439.777,68.991,0.888
130.693515,440.382,69.015,0.895
130.705125,441.973,69.077,0.888
130.716735,444.214,69.165,0.870
130.728345,446.675,69.261,0.857
130.739955,449.858,69.384,0.843
130.751565,457.203,69.664,0.846
130.763175,464.327,69.932,0.842
130.774785,471.989,70.215,0.835
130.786395,481.199,70.550,0.831
130.798005,486.820,70.751,0.834
130.809615,490.146,70.869,0.843
130.821224,492.133,70.939,0.849
130.832834,493.641,70.991,0.855
130.844444,247.424,59.034,0.855
130.856054,494.970,71.038,0.861
130.867664,494.767,71.031,0.865
130.879274,494.697,71.029,0.863
130.890884,494.394,71.018,0.859
130.902494,494.196,71.011,0.854
130.914104,247.193,59.018,0.846
130.925714,247.135,59.014,0.839
130.937324,247.094,59.011,0.830
130.948934,247.079,59.010,0.827
130.960544,247.111,59.012,0.824
130.972154,247.217,59.019,0.821
130.983764,247.266,59.023,0.821
130.995374,247.258,59.022,0.830
131.006984,247.192,59.018,0.836
131.018594,247.100,59.011,0.838
131.030204,247.036,59.007,0.839
131.041814,491.554,70.918,0.847
131.053424,487.011,70.757,0.861
131.065034,123.735,47.037,0.870
131.076644,893.637,81.266,0.881
131.088254,872.921,80.860,0.885
131.099864,863.087,80.664,0.887
131.111474,854.314,80.487,0.892
131.123084,848.950,80.378,0.897
131.134694,841.456,80.225,0.894
131.146304,416.485,68.049,0.883
131.157914,415.487,68.008,0.876
131.169524,414.438,67.964,0.863
131.181134,414.237,67.955,0.853
131.192744,414.395,67.962,0.846
131.204354,414.614,67.971,0.838
131.215964,414.716,67.975,0.829
131.227574,414.685,67.974,0.823
131.239184,414.734,67.976,0.823
131.250794,414.853,67.981,0.825
131.262404,414.959,67.986,0.828
131.274014,415.077,67.991,0.830
131.285624,415.111,67.992,0.826
131.297234,415.377,68.003,0.825
131.308844,415.530,68.009,0.824
131.320454,415.728,68.018,0.825
131.332063,415.758,68.019,0.820
131.343673,415.940,68.026,0.816
131.355283,415.935,68.026,0.806
131.366893,415.793,68.020,0.793
131.378503,415.916,68.025,0.786
131.390113,82.919,40.107,0.776
131.401723,82.923,40.108,0.769
131.413333,82.940,40.112,0.755
131.424943,82.951,40.114,0.745
131.436553,82.987,40.121,0.730
131.448163,82.993,40.123,0.731
131.459773,82.967,40.117,0.739
131.471383,82.955,40.115,0.747
131.482993,82.944,40.112,0.753
131.494603,82.927,40.109,0.760
131.506213,82.928,40.109,0.765
131.517823,82.948,40.113,0.773
131.529433,82.968,40.117,0.780
131.541043,83.020,40.128,0.783
131.552653,83.073,40.139,0.786
131.564263,83.089,40.143,0.786
131.575873,83.093,40.144,0.790
131.587483,83.083,40.141,0.791
131.599093,83.045,40.134,0.791
131.610703,414.706,67.975,0.788
131.622313,414.594,67.970,0.791
131.633923,414.335,67.960,0.803
131.645533,413.936,67.943,0.808
131.657143,413.679,67.932,0.814
131.668753,82.929,40.109,0.818
131.680363,82.927,40.109,0.823
131.691973,82.819,40.086,0.828
131.703583,82.743,40.070,0.833
131.715193,409.429,67.753,0.832
131.726803,407.136,67.656,0.829
131.738413,403.237,67.489,0.829
131.750023,400.418,67.368,0.824
131.761633,396.683,67.206,0.822
131.773243,386.887,66.773,0.825
131.784853,381.516,66.531,0.828
131.796463,185.094,54.009,0.828
131.808073,185.076,54.007,0.828
131.819683,184.939,53.995,0.822
131.831293,184.920,53.993,0.814
131.842902,184.951,53.996,0.814
131.854512,185.019,54.002,0.811
131.866122,184.996,54.000,0.804
131.877732,185.032,54.003,0.797
131.889342,184.990,53.999,0.798
131.900952,184.986,53.999,0.802
131.912562,184.954,53.996,0.804
131.924172,92.587,42.017,0.806
131.935782,185.009,54.001,0.811
131.947392,123.474,47.000,0.817
131.959002,123.450,46.997,0.820
131.970612,184.955,53.996,0.827
131.982222,185.022,54.002,0.830
131.993832,184.997,54.000,0.832
132.005442,184.964,53.997,0.834
132.017052,123.326,46.980,0.838
132.028662,123.287,46.974,0.836
132.040272,123.262,46.971,0.832
132.051882,123.245,46.968,0.828
132.063492,123.238,46.967,0.825
132.075102,123.243,46.968,0.824
132.086712,123.253,46.969,0.825
132.098322,123.290,46.975,0.829
132.109932,123.304,46.977,0.832
132.121542,123.307,46.977,0.839
132.133152,123.311,46.978,0.847
132.144762,123.287,46.974,0.854
132.156372,123.302,46.976,0.856
132.167982,123.351,46.983,0.855
132.179592,123.405,46.991,0.852
132.191202,123.435,46.995,0.846
132.202812,123.457,46.998,0.841
132.214422,185.123,54.012,0.836
132.226032,185.154,54.015,0.831
132.237642,185.236,54.022,0.825
132.249252,185.181,54.017,0.823
132.260862,185.157,54.015,0.826
132.272472,185.083,54.008,0.829
132.284082,185.037,54.004,0.833
132.295692,184.947,53.995,0.837
132.307302,92.428,41.987,0.838
132.318912,92.322,41.967,0.841
132.330522,92.242,41.952,0.842
132.342132,92.220,41.948,0.846
132.353741,92.225,41.949,0.844
132.365351,339.685,64.520,0.845
132.376961,336.468,64.356,0.848
132.388571,334.984,64.279,0.848
132.400181,334.047,64.231,0.849
132.411791,332.550,64.153,0.845
132.423401,82.422,40.003,0.845
132.435011,82.398,39.998,0.841
132.446621,82.371,39.993,0.841
132.458231,82.386,39.996,0.838
132.469841,82.377,39.994,0.832
132.481451,82.359,39.990,0.826
132.493061,82.347,39.987,0.819
132.504671,82.340,39.986,0.816
132.516281,82.325,39.983,0.810
132.527891,82.336,39.985,0.802
132.539501,82.358,39.990,0.791
132.551111,82.409,40.000,0.781
132.562721,330.575,64.050,0.770
132.574331,330.515,64.047,0.765
132.585941,330.400,64.041,0.765
132.597551,330.276,64.034,0.761
132.609161,330.253,64.033,0.756
132.620771,330.095,64.025,0.751
132.632381,330.002,64.020,0.751
132.643991,82.365,39.991,0.749
132.655601,82.358,39.990,0.750
132.667211,82.356,39.989,0.749
132.678821,82.355,39.989,0.748
132.690431,82.349,39.988,0.754
132.702041,82.344,39.987,0.767
132.713651,82.351,39.988,0.780
132.725261,82.353,39.989,0.793
132.736871,82.348,39.988,0.803
132.748481,82.341,39.986,0.810
132.760091,82.334,39.985,0.814
132.771701,82.327,39.983,0.816
132.783311,82.320,39.982,0.817
132.794921,82.305,39.979,0.813
132.806531,82.314,39.980,0.809
132.818141,82.304,39.978,0.803
132.829751,330.120,64.026,0.800
132.841361,82.329,39.984,0.797
132.852971,330.430,64.042,0.796
132.864580,82.392,39.997,0.794
132.876190,82.435,40.006,0.792
132.887800,82.456,40.010,0.792
132.899410,82.462,40.011,0.795
132.911020,82.460,40.011,0.800
132.922630,82.444,40.008,0.808
132.934240,82.406,40.000,0.815
132.945850,82.401,39.999,0.819
132.957460,330.045,64.022,0.833
132.969070,329.908,64.015,0.838
132.980680,330.083,64.024,0.841
132.992290,330.221,64.031,0.843
133.003900,329.634,64.000,0.857
133.015510,327.852,63.906,0.890
133.027120,326.777,63.850,0.903
133.038730,326.528,63.836,0.901
133.050340,326.396,63.829,0.898
133.061950,326.606,63.841,0.905
133.073560,326.844,63.853,0.909
133.085170,327.271,63.876,0.910
133.096780,328.242,63.927,0.904
133.108390,329.081,63.971,0.882
133.120000,329.443,63.990,0.880
133.131610,329.524,63.995,0.895
133.143220,329.699,64.004,0.906
133.154830,329.742,64.006,0.910
133.166440,329.694,64.003,0.922
133.178050,329.575,63.997,0.934
133.189660,329.567,63.997,0.939
133.201270,329.648,64.001,0.936
133.212880,329.878,64.013,0.929
133.224490,330.071,64.023,0.920
133.236100,330.254,64.033,0.910
133.247710,330.364,64.039,0.900
133.259320,330.522,64.047,0.881
133.270930,330.613,64.052,0.866
133.282540,330.611,64.052,0.859
133.294150,330.448,64.043,0.859
133.305760,330.187,64.029,0.864
133.317370,329.863,64.012,0.868
133.328980,329.676,64.003,0.869
133.340590,329.658,64.002,0.871
133.352200,329.601,63.999,0.871
133.363810,329.637,64.000,0.867
133.375420,329.594,63.998,0.860
133.387029,329.485,63.992,0.850
133.398639,329.436,63.990,0.837
133.410249,329.448,63.991,0.825
133.421859,329.489,63.993,0.817
133.433469,329.562,63.997,0.815
133.445079,329.546,63.996,0.821
133.456689,329.593,63.998,0.828
133.468299,329.676,64.003,0.831
133.479909,329.807,64.009,0.831
133.491519,329.868,64.013,0.832
133.503129,329.921,64.015,0.831
133.514739,330.047,64.022,0.824
133.526349,330.165,64.028,0.811
133.537959,330.275,64.034,0.789
133.549569,330.446,64.043,0.764
133.561179,330.464,64.044,0.743
133.572789,330.488,64.045,0.733
133.584399,330.324,64.037,0.726
133.596009,330.141,64.027,0.722
133.607619,329.823,64.010,0.725
133.619229,329.644,64.001,0.728
133.630839,329.488,63.993,0.737
133.642449,329.381,63.987,0.751
133.654059,330.032,64.021,0.773
133.665669,331.084,64.076,0.810
133.677279,333.360,64.195,0.840
133.688889,332.933,64.173,0.871
133.700499,331.638,64.105,0.890
133.712109,331.033,64.074,0.900
133.723719,330.720,64.057,0.904
133.735329,330.358,64.038,0.907
133.746939,330.010,64.020,0.905
133.758549,329.676,64.003,0.896
133.770159,329.343,63.985,0.888
133.781769,329.244,63.980,0.871
133.793379,329.334,63.985,0.853
133.804989,329.406,63.988,0.837
133.816599,329.513,63.994,0.829
133.828209,329.691,64.003,0.827
133.839819,329.734,64.006,0.829
133.851429,329.547,63.996,0.820
133.863039,329.418,63.989,0.808
133.874649,329.033,63.969,0.801
133.886259,328.776,63.955,0.802
133.897868,328.466,63.939,0.810
133.909478,328.299,63.930,0.816
133.921088,328.821,63.958,0.815
133.932698,328.902,63.962,0.806
133.944308,328.595,63.946,0.804
133.955918,328.201,63.925,0.802
133.967528,328.686,63.950,0.795
133.979138,328.477,63.939,0.784
133.990748,328.898,63.962,0.787
134.002358,330.104,64.025,0.823
134.013968,337.887,64.428,0.857
134.025578,337.166,64.391,0.888
134.037188,333.933,64.225,0.909
134.048798,332.812,64.166,0.934
134.060408,331.354,64.090,0.954
134.072018,330.467,64.044,0.969
134.083628,329.855,64.012,0.974
134.095238,329.014,63.968,0.969
134.106848,328.366,63.934,0.964
134.118458,328.070,63.918,0.959
134.130068,328.230,63.926,0.962
134.141678,328.526,63.942,0.956
134.153288,329.125,63.974,0.949
134.164898,329.734,64.006,0.943
134.176508,330.032,64.021,0.943
134.188118,330.154,64.028,0.947
134.199728,330.073,64.023,0.948
134.211338,329.879,64.013,0.943
134.222948,329.662,64.002,0.933
134.234558,329.489,63.993,0.921
134.246168,329.350,63.985,0.912
134.257778,329.286,63.982,0.905
134.269388,329.246,63.980,0.896
134.280998,329.265,63.981,0.879
134.292608,329.332,63.984,0.857
134.304218,329.460,63.991,0.835
134.315828,329.943,64.017,0.820
134.327438,330.648,64.054,0.812
134.339048,330.978,64.071,0.805
134.350658,330.908,64.067,0.794
134.362268,330.556,64.049,0.781
134.373878,330.193,64.030,0.780
134.385488,329.713,64.004,0.795
134.397098,329.430,63.990,0.805
134.408707,329.023,63.968,0.808
134.420317,328.262,63.928,0.808
134.431927,327.725,63.900,0.807
134.443537,327.553,63.891,0.809
134.455147,327.895,63.909,0.809
134.466757,328.379,63.934,0.805
134.478367,328.975,63.966,0.793
134.489977,329.270,63.981,0.785
134.501587,329.828,64.011,0.781
134.513197,330.540,64.048,0.782
134.524807,330.751,64.059,0.779
134.536417,330.591,64.051,0.773
134.548027,330.128,64.026,0.764
134.559637,329.430,63.990,0.770
134.571247,328.447,63.938,0.791
134.582857,328.933,63.964,0.810
134.594467,331.966,64.122,0.824
134.606077,338.487,64.459,0.839
134.617687,344.917,64.785,0.870
134.629297,349.385,65.008,0.887
134.640907,354.314,65.250,0.905
134.652517,362.054,65.624,0.922
134.664127,367.059,65.862,0.932
134.675737,369.371,65.971,0.943
134.687347,370.829,66.039,0.949
134.698957,372.072,66.097,0.949
134.710567,373.839,66.179,0.939
134.722177,374.624,66.215,0.935
134.733787,375.833,66.271,0.938
134.745397,378.143,66.377,0.935
134.757007,380.659,66.492,0.924
134.768617,384.435,66.663,0.906
134.780227,392.748,67.033,0.895
134.791837,400.533,67.373,0.890
134.803447,405.310,67.578,0.888
134.815057,408.830,67.728,0.889
134.826667,412.936,67.901,0.880
134.838277,414.886,67.983,0.872
134.849887,415.464,68.007,0.879
134.861497,415.485,68.008,0.894
134.873107,415.169,67.994,0.905
134.884717,414.738,67.976,0.903
134.896327,414.439,67.964,0.900
134.907937,413.934,67.943,0.902
134.919546,412.898,67.899,0.900
134.931156,411.634,67.846,0.896
134.942766,410.625,67.804,0.887
134.954376,408.790,67.726,0.875
134.965986,403.307,67.493,0.870
134.977596,122.428,46.853,0.883
134.989206,374.909,66.228,0.894
135.000816,371.829,66.086,0.899
135.012426,370.270,66.013,0.902
135.024036,369.795,65.991,0.906
135.035646,369.680,65.985,0.911
135.047256,369.858,65.994,0.912
135.058866,369.349,65.970,0.912
135.070476,368.805,65.944,0.900
135.082086,367.485,65.882,0.898
135.093696,364.714,65.751,0.892
135.105306,359.802,65.516,0.897
135.116916,334.874,64.273,0.906
135.128526,331.559,64.101,0.913
135.140136,330.707,64.057,0.921
135.151746,329.615,63.999,0.921
135.163356,329.426,63.989,0.929
135.174966,329.244,63.980,0.932
135.186576,329.743,64.006,0.933
135.198186,330.218,64.031,0.931
135.209796,330.517,64.047,0.927
135.221406,330.606,64.051,0.925
135.233016,330.442,64.043,0.922
135.244626,330.156,64.028,0.922
135.256236,329.826,64.010,0.918
135.267846,329.449,63.991,0.910
135.279456,329.318,63.984,0.903
135.291066,329.139,63.974,0.896
135.302676,329.031,63.969,0.893
135.314286,329.081,63.971,0.895
135.325896,329.169,63.976,0.893
135.337506,329.358,63.986,0.893
135.349116,329.468,63.992,0.894
135.360726,329.552,63.996,0.896
135.372336,329.582,63.998,0.900
135.383946,329.634,64.000,0.901
135.395556,329.761,64.007,0.896
135.407166,329.804,64.009,0.884
135.418776,329.919,64.015,0.874
135.430385,329.949,64.017,0.862
135.441995,329.999,64.019,0.851
135.453605,330.058,64.023,0.841
135.465215,330.174,64.029,0.832
135.476825,330.239,64.032,0.821
135.488435,330.225,64.031,0.811
135.500045,330.096,64.025,0.803
135.511655,329.902,64.014,0.793
135.523265,329.911,64.015,0.781
135.534875,329.808,64.009,0.766
135.546485,329.713,64.004,0.758
135.558095,329.486,63.993,0.753
135.569705,329.515,63.994,0.750
135.581315,329.584,63.998,0.748
135.592925,329.786,64.008,0.739
135.604535,330.124,64.026,0.738
135.616145,330.245,64.032,0.737
135.627755,330.333,64.037,0.738
135.639365,330.445,64.043,0.735
135.650975,330.517,64.047,0.730
135.662585,330.466,64.044,0.725
135.674195,330.513,64.046,0.723
135.685805,330.494,64.045,0.727
135.697415,330.963,64.070,0.744
135.709025,331.733,64.110,0.758
135.720635,334.659,64.262,0.777
135.732245,336.042,64.334,0.783
135.743855,342.831,64.680,0.800
135.755465,349.372,65.007,0.813
135.767075,757.746,78.411,0.834
135.778685,796.300,79.270,0.862
135.790295,823.606,79.853,0.873
135.801905,425.521,68.421,0.885
135.813515,430.564,68.625,0.893
135.825125,432.005,68.683,0.902
135.836735,434.657,68.788,0.902
135.848345,436.134,68.847,0.899
135.859955,438.977,68.960,0.891
135.871565,220.349,57.027,0.873
135.883175,443.976,69.156,0.865
135.894785,447.077,69.276,0.854
135.906395,453.853,69.537,0.842
135.918005,462.604,69.867,0.837
135.929615,468.802,70.098,0.828
135.941224,473.356,70.265,0.822
135.952834,480.057,70.508,0.824
135.964444,485.135,70.691,0.826
135.976054,488.231,70.801,0.827
135.987664,490.358,70.876,0.831
135.999274,492.464,70.950,0.837
136.010884,164.742,51.992,0.841
136.022494,494.027,71.005,0.853
136.034104,493.944,71.002,0.864
136.045714,493.867,70.999,0.870
136.057324,493.801,70.997,0.876
136.068934,493.754,70.995,0.877
136.080544,493.777,70.996,0.874
136.092154,493.915,71.001,0.871
136.103764,494.269,71.014,0.868
136.115374,494.622,71.026,0.866
136.126984,494.731,71.030,0.865
136.138594,494.796,71.032,0.867
136.150204,494.824,71.033,0.875
136.161814,494.549,71.023,0.883
136.173424,493.885,71.000,0.887
136.185034,492.905,70.966,0.886
136.196644,491.044,70.900,0.885
136.208254,489.190,70.835,0.880
136.219864,487.106,70.761,0.875
136.231474,480.901,70.539,0.877
136.243084,465.976,69.993,0.863
136.254694,448.954,69.349,0.852
136.266304,438.936,68.958,0.851
136.277914,862.504,80.652,0.851
136.289524,424.494,68.379,0.847
136.301134,420.374,68.210,0.850
136.312744,418.362,68.127,0.855
136.324354,416.336,68.043,0.847
136.335964,415.685,68.016,0.854
136.347574,415.703,68.017,0.856
136.359184,415.871,68.024,0.852
136.370794,416.053,68.031,0.851
136.382404,415.918,68.026,0.851
136.394014,415.822,68.022,0.846
136.405624,415.604,68.012,0.839
136.417234,415.508,68.008,0.835
136.428844,415.391,68.004,0.826
136.440454,415.282,67.999,0.818
136.452063,415.241,67.997,0.813
136.463673,415.375,68.003,0.813
136.475283,415.610,68.013,0.814
136.486893,415.601,68.012,0.814
136.498503,415.799,68.021,0.812
136.510113,415.773,68.019,0.805
136.521723,415.720,68.017,0.798
136.533333,415.462,68.007,0.792
136.544943,415.297,68.000,0.782
136.556553,414.874,67.982,0.767
136.568163,414.318,67.959,0.748
136.579773,413.916,67.942,0.729
136.591383,413.396,67.920,0.707
136.602993,413.250,67.914,0.682
136.614603,412.972,67.902,0.657
136.626213,413.240,67.914,0.621
136.637823,137.660,48.883,0.601
136.649433,165.463,52.068,0.567
136.661043,165.324,52.053,0.543
136.672653,165.309,52.052,0.534
136.684263,165.207,52.041,0.530
136.695873,165.166,52.037,0.528
136.707483,165.196,52.040,0.528
136.719093,165.243,52.045,0.529
136.730703,207.594,55.995,0.526
136.742313,207.571,55.993,0.525
136.753923,82.838,40.090,0.524
136.765533,82.895,40.102,0.523
136.777143,82.857,40.094,0.527
136.788753,82.824,40.087,0.537
136.800363,82.802,40.083,0.540
136.811973,82.826,40.088,0.538
136.823583,82.778,40.078,0.547
136.835193,82.704,40.062,0.563
136.846803,139.097,49.063,0.613
136.858413,139.240,49.081,0.660
136.870023,139.191,49.075,0.709
136.881633,138.922,49.041,0.742
136.893243,139.205,49.077,0.770
136.904853,366.927,65.856,0.791
136.916463,368.267,65.919,0.809
136.928073,369.552,65.979,0.827
136.939683,370.479,66.023,0.837
136.951293,370.817,66.038,0.843
136.962902,371.018,66.048,0.843
136.974512,371.386,66.065,0.842
136.986122,371.539,66.072,0.838
136.997732,92.757,42.048,0.834
137.009342,92.736,42.044,0.827
137.020952,92.700,42.038,0.815
137.032562,92.690,42.036,0.803
137.044172,92.686,42.035,0.787
137.055782,92.688,42.035,0.772
137.067392,92.682,42.034,0.758
137.079002,92.676,42.033,0.745
137.090612,92.665,42.031,0.730
137.102222,92.661,42.030,0.712
137.113832,92.638,42.026,0.691
137.125442,92.631,42.025,0.666
137.137052,92.631,42.025,0.640
137.148662,92.656,42.029,0.610
137.160272,92.647,42.028,0.568
137.171882,371.552,66.073,0.514
137.183492,185.223,54.021,0.472
137.195102,184.860,53.987,0.448
137.206712,184.865,53.988,0.426
137.218322,184.888,53.990,0.415
137.229932,184.941,53.995,0.426
137.241542,184.844,53.986,0.452
137.253152,184.864,53.988,0.476
137.264762,184.972,53.998,0.496
137.276372,184.875,53.989,0.516
137.287982,184.905,53.991,0.530
137.299592,184.869,53.988,0.543
137.311202,184.829,53.984,0.558
137.322812,185.106,54.010,0.583
137.334422,92.427,41.987,0.609
137.346032,358.849,65.470,0.669
137.357642,345.864,64.832,0.728
137.369252,359.693,65.511,0.778
137.380862,363.409,65.689,0.814
137.392472,365.539,65.790,0.847
137.404082,366.388,65.830,0.868
137.415692,367.160,65.867,0.884
137.427302,367.843,65.899,0.899
137.438912,368.833,65.946,0.908
137.450522,369.626,65.983,0.911
137.462132,370.255,66.012,0.911
137.473741,370.669,66.032,0.911
137.485351,370.892,66.042,0.907
137.496961,370.966,66.045,0.904
137.508571,370.812,66.038,0.902
137.520181,370.613,66.029,0.892
137.531791,370.477,66.023,0.876
137.543401,370.191,66.009,0.860
137.555011,370.029,66.002,0.841
137.566621,369.870,65.994,0.815
137.578231,369.811,65.991,0.788
137.589841,184.832,53.984,0.757
137.601451,184.838,53.985,0.719
137.613061,184.786,53.980,0.686
137.624671,184.768,53.979,0.668
137.636281,184.898,53.991,0.645
137.647891,184.958,53.996,0.620
137.659501,185.026,54.003,0.598
137.671111,185.062,54.006,0.579
137.682721,185.011,54.001,0.562
137.694331,184.993,54.000,0.551
137.705941,185.002,54.000,0.539
137.717551,185.089,54.009,0.537
137.729161,185.101,54.010,0.535
137.740771,185.060,54.006,0.529
137.752381,185.027,54.003,0.523
137.763991,184.986,53.999,0.508
137.775601,184.964,53.997,0.494
137.787211,184.956,53.996,0.487
137.798821,184.830,53.984,0.483
137.810431,369.281,65.967,0.497
137.822041,184.831,53.984,0.543
137.833651,185.185,54.018,0.609
137.845261,306.804,62.758,0.675
137.856871,308.497,62.853,0.731
137.868481,309.725,62.922,0.766
137.880091,310.515,62.966,0.787
137.891701,310.819,62.983,0.805
137.903311,311.015,62.994,0.819
137.914921,310.978,62.992,0.827
137.926531,310.960,62.991,0.830
137.938141,311.434,63.017,0.825
137.949751,311.609,63.027,0.813
137.961361,311.419,63.016,0.802
137.972971,155.562,51.000,0.794
137.984580,155.456,50.988,0.788
137.996190,155.407,50.983,0.784
138.007800,155.399,50.982,0.787
138.019410,155.398,50.982,0.792
138.031020,155.396,50.981,0.800
138.042630,155.418,50.984,0.808
138.054240,155.441,50.986,0.813
138.065850,155.473,50.990,0.820
138.077460,155.521,50.995,0.826
138.089070,155.553,50.999,0.826
138.100680,155.521,50.995,0.825
138.112290,155.521,50.995,0.822
138.123900,155.512,50.994,0.817
138.135510,155.486,50.991,0.815
138.147120,155.517,50.995,0.812
138.158730,103.662,43.973,0.810
138.170340,103.665,43.973,0.806
138.181950,103.701,43.979,0.802
138.193560,103.735,43.985,0.801
138.205170,103.766,43.990,0.798
138.216780,103.809,43.997,0.794
138.228390,103.849,44.004,0.793
138.240000,103.946,44.020,0.795
138.251610,103.988,44.027,0.793
138.263220,104.054,44.038,0.794
138.274830,104.074,44.041,0.794
138.286440,104.142,44.053,0.795
138.298050,104.236,44.068,0.798
138.309660,315.216,63.226,0.800
138.321270,316.711,63.308,0.796
138.332880,104.875,44.174,0.797
138.344490,104.994,44.194,0.795
138.356100,314.671,63.196,0.803
138.367710,853.453,80.470,0.818
138.379320,229.621,57.741,0.825
138.390930,461.451,69.824,0.841
138.402540,462.446,69.861,0.857
138.414150,463.656,69.907,0.861
138.425760,463.328,69.894,0.868
138.437370,464.874,69.952,0.869
138.448980,466.196,70.001,0.864
138.460590,467.770,70.060,0.851
138.472200,469.820,70.135,0.854
138.483810,472.083,70.218,0.838
138.495420,478.307,70.445,0.826
138.507029,489.011,70.828,0.824
138.518639,509.931,71.554,0.821
138.530249,515.901,71.755,0.837
138.541859,518.887,71.855,0.851
138.553469,520.136,71.897,0.864
138.565079,522.413,71.972,0.864
138.576689,522.825,71.986,0.871
138.588299,523.428,72.006,0.871
138.599909,523.552,72.010,0.871
138.611519,523.535,72.009,0.869
138.623129,523.751,72.017,0.861
138.634739,523.871,72.020,0.851
138.646349,523.837,72.019,0.844
138.657959,523.890,72.021,0.835
138.669569,523.755,72.017,0.829
138.681179,523.560,72.010,0.829
138.692789,523.503,72.008,0.830
138.704399,523.387,72.004,0.831
138.716009,523.247,72.000,0.830
138.727619,522.997,71.992,0.829
138.739229,522.778,71.984,0.828
138.750839,522.206,71.965,0.833
138.762449,521.400,71.939,0.833
138.774059,520.348,71.904,0.827
138.785669,517.511,71.809,0.829
138.797279,509.916,71.553,0.840
138.808889,494.914,71.036,0.846
138.820499,484.465,70.667,0.847
138.832109,916.960,81.712,0.856
138.843719,893.424,81.262,0.860
138.855329,873.172,80.865,0.867
138.866939,871.322,80.828,0.875
138.878549,859.545,80.593,0.873
138.890159,847.781,80.354,0.868
138.901769,841.487,80.225,0.867
138.913379,103.947,44.020,0.868
138.924989,103.913,44.015,0.864
138.936599,103.933,44.018,0.862
138.948209,103.942,44.019,0.858
138.959819,103.936,44.018,0.854
138.971429,103.917,44.015,0.853
138.983039,103.894,44.011,0.849
138.994649,103.858,44.005,0.845
139.006259,103.841,44.003,0.844
139.017868,414.974,67.986,0.844
139.029478,415.204,67.996,0.841
139.041088,415.336,68.001,0.837
139.052698,415.494,68.008,0.835
139.064308,415.455,68.006,0.829
139.075918,415.418,68.005,0.822
139.087528,415.405,68.004,0.813
139.099138,103.885,44.010,0.804
139.110748,103.872,44.008,0.786
139.122358,103.869,44.007,0.768
139.133968,103.866,44.007,0.746
139.145578,103.848,44.004,0.721
139.157188,103.861,44.006,0.699
139.168798,103.975,44.025,0.677
139.180408,104.134,44.051,0.655
139.192018,104.314,44.081,0.625
139.203628,104.201,44.062,0.606
139.215238,104.210,44.064,0.602
139.226848,104.240,44.069,0.616
139.238458,104.285,44.076,0.628
139.250068,104.383,44.093,0.639
139.261678,104.397,44.095,0.647
139.273288,104.413,44.098,0.652
139.284898,104.424,44.099,0.661
139.296508,104.389,44.094,0.663
139.308118,104.392,44.094,0.661
139.319728,104.394,44.094,0.657
139.331338,104.325,44.083,0.650
139.342948,104.271,44.074,0.639
139.354558,104.243,44.069,0.633
139.366168,104.191,44.061,0.625
139.377778,104.164,44.056,0.614
139.389388,104.145,44.053,0.610
139.400998,104.138,44.052,0.604
139.412608,207.377,55.977,0.622
139.424218,339.082,64.490,0.656
139.435828,343.465,64.712,0.704
139.447438,366.162,65.820,0.747
139.459048,367.413,65.879,0.777
139.470658,367.881,65.901,0.802
139.482268,368.193,65.915,0.828
139.493878,368.424,65.926,0.846
139.505488,368.868,65.947,0.856
139.517098,369.453,65.975,0.865
139.528707,369.954,65.998,0.867
139.540317,370.121,66.006,0.865
139.551927,370.221,66.011,0.866
139.563537,370.411,66.019,0.867
139.575147,370.550,66.026,0.864
139.586757,370.680,66.032,0.863
139.598367,370.831,66.039,0.866
139.609977,370.954,66.045,0.865
139.621587,371.047,66.049,0.865
139.633197,371.097,66.052,0.863
139.644807,185.350,54.033,0.859
139.656417,92.692,42.036,0.854
139.668027,92.672,42.032,0.848
139.679637,92.664,42.031,0.842
139.691247,92.623,42.023,0.832
139.702857,92.595,42.018,0.821
139.714467,92.541,42.008,0.808
139.726077,92.520,42.004,0.793
139.737687,92.493,41.999,0.776
139.749297,92.493,41.999,0.754
139.760907,92.508,42.002,0.732
139.772517,92.529,42.006,0.706
139.784127,92.524,42.005,0.672
139.795737,92.574,42.014,0.638
139.807347,92.602,42.019,0.609
139.818957,92.576,42.015,0.593
139.830567,92.580,42.015,0.584
139.842177,92.564,42.012,0.579
139.853787,92.469,41.994,0.578
139.865397,92.418,41.985,0.583
139.877007,92.390,41.980,0.588
139.888617,92.397,41.981,0.596
139.900227,92.428,41.987,0.606
139.911837,92.385,41.979,0.620
139.923447,803.993,79.436,0.666
139.935057,183.916,53.899,0.712
139.946667,369.680,65.985,0.744
139.958277,370.486,66.023,0.765
139.969887,370.823,66.039,0.779
139.981497,370.895,66.042,0.792
139.993107,371.086,66.051,0.800
140.004717,371.485,66.070,0.808
140.016327,371.692,66.079,0.807
140.027937,371.810,66.085,0.801
140.039546,371.627,66.076,0.793
140.051156,371.426,66.067,0.789
140.062766,371.270,66.060,0.792
140.074376,371.106,66.052,0.789
140.085986,370.973,66.046,0.786
140.097596,370.964,66.045,0.780
140.109206,370.934,66.044,0.768
140.120816,371.026,66.048,0.757
140.132426,185.363,54.034,0.743
140.144036,185.337,54.032,0.724
140.155646,185.295,54.028,0.699
140.167256,185.191,54.018,0.681
140.178866,185.167,54.016,0.666
140.190476,185.131,54.012,0.653
140.202086,185.024,54.002,0.645
140.213696,184.906,53.991,0.633
140.225306,184.991,53.999,0.626
140.236916,185.103,54.010,0.624
140.248526,185.222,54.021,0.622
140.260136,185.341,54.032,0.617
140.271746,185.433,54.041,0.612
140.283356,185.453,54.043,0.608
140.294966,185.476,54.045,0.605
140.306576,371.791,66.084,0.604
140.318186,371.534,66.072,0.605
140.329796,371.407,66.066,0.607
140.341406,371.306,66.061,0.612
140.353016,371.222,66.057,0.619
140.364626,371.081,66.051,0.627
140.376236,185.173,54.016,0.630
140.387846,185.195,54.019,0.636
140.399456,756.463,78.381,0.689
140.411066,761.743,78.502,0.725
140.422676,82.381,39.995,0.748
140.434286,332.669,64.159,0.766
140.445896,331.622,64.104,0.778
140.457506,330.893,64.066,0.788
140.469116,330.541,64.048,0.799
140.480726,330.521,64.047,0.807
140.492336,331.131,64.079,0.800
140.503946,82.522,40.024,0.792
140.515556,82.510,40.022,0.786
140.527166,82.476,40.014,0.784
140.538776,82.452,40.010,0.786
140.550385,82.418,40.002,0.788
140.561995,82.389,39.996,0.790
140.573605,82.369,39.992,0.794
140.585215,82.369,39.992,0.798
140.596825,82.367,39.992,0.804
140.608435,82.365,39.991,0.809
140.620045,82.361,39.990,0.811
140.631655,82.371,39.992,0.812
140.643265,82.379,39.994,0.811
140.654875,82.387,39.996,0.809
140.666485,82.388,39.996,0.806
140.678095,82.395,39.997,0.801
140.689705,82.393,39.997,0.797
140.701315,82.384,39.995,0.792
140.712925,82.378,39.994,0.785
140.724535,82.370,39.992,0.779
140.736145,82.370,39.992,0.775
140.747755,82.383,39.995,0.771
140.759365,82.407,40.000,0.769
140.770975,82.433,40.005,0.771
140.782585,82.441,40.007,0.774
140.794195,82.446,40.008,0.777
140.805805,82.446,40.008,0.780
140.817415,82.440,40.007,0.785
140.829025,82.413,40.001,0.790
140.840635,82.391,39.997,0.793
140.852245,82.414,40.002,0.792
140.863855,82.457,40.011,0.793
140.875465,334.183,64.238,0.800
140.887075,335.224,64.291,0.812
140.898685,336.162,64.340,0.808
140.910295,337.122,64.389,0.807
140.921905,338.025,64.436,0.811
140.933515,797.364,79.293,0.826
140.945125,826.999,79.925,0.851
140.956735,846.729,80.333,0.866
140.968345,858.530,80.572,0.876
140.979955,870.366,80.809,0.873
140.991565,874.982,80.901,0.879
141.003175,439.690,68.988,0.889
141.014785,440.122,69.005,0.895
141.026395,441.685,69.066,0.892
141.038005,443.452,69.135,0.879
141.049615,445.286,69.207,0.867
141.061224,448.008,69.312,0.852
141.072834,453.404,69.520,0.856
141.084444,461.628,69.831,0.854
141.096054,472.897,70.248,0.839
141.107664,482.250,70.587,0.831
141.119274,487.263,70.766,0.838
141.130884,490.801,70.892,0.854
141.142494,246.784,58.989,0.870
141.154104,247.204,59.018,0.886
141.165714,247.369,59.030,0.896
141.177324,247.396,59.032,0.903
141.188934,247.347,59.028,0.908
141.200544,247.296,59.025,0.908
141.212154,247.322,59.027,0.904
141.223764,247.341,59.028,0.894
141.235374,247.318,59.026,0.881
141.246984,494.259,71.013,0.864
141.258594,247.264,59.023,0.844
141.270204,247.284,59.024,0.832
141.281814,247.311,59.026,0.828
141.293424,247.331,59.027,0.830
141.305034,247.296,59.025,0.836
141.316644,247.190,59.017,0.846
141.328254,247.053,59.008,0.854
141.339864,246.944,59.000,0.857
141.351474,246.891,58.996,0.859
141.363084,491.324,70.910,0.862
141.374694,488.835,70.822,0.869
141.386304,480.588,70.528,0.883
141.397914,903.899,81.464,0.883
141.409524,882.759,81.054,0.886
141.421134,864.380,80.690,0.890
141.432744,854.555,80.492,0.893
141.444354,849.898,80.397,0.897
141.455964,844.907,80.295,0.896
141.467574,417.496,68.091,0.890
141.479184,415.573,68.011,0.874
141.490794,414.906,67.983,0.866
141.502404,414.434,67.964,0.852
141.514014,82.842,40.091,0.836
141.525624,82.878,40.099,0.829
141.537234,82.869,40.097,0.822
141.548844,414.566,67.969,0.822
141.560454,414.761,67.977,0.823
141.572063,414.940,67.985,0.825
141.583673,414.901,67.983,0.830
141.595283,414.990,67.987,0.835
141.606893,414.970,67.986,0.837
141.618503,415.048,67.989,0.841
141.630113,415.114,67.992,0.839
141.641723,415.266,67.998,0.838
141.653333,415.233,67.997,0.832
141.664943,415.232,67.997,0.827
141.676553,415.366,68.003,0.818
141.688163,415.292,67.999,0.807
141.699773,415.273,67.999,0.798
141.711383,82.919,40.107,0.784
141.722993,82.922,40.108,0.775
141.734603,82.932,40.110,0.761
141.746213,82.938,40.111,0.758
141.757823,82.953,40.114,0.752
141.769433,82.978,40.120,0.754
141.781043,82.998,40.124,0.761
141.792653,82.989,40.122,0.768
141.804263,82.949,40.114,0.778
141.815873,82.928,40.109,0.785
141.827483,82.932,40.110,0.789
141.839093,82.930,40.109,0.792
141.850703,82.926,40.109,0.793
141.862313,82.945,40.113,0.793
141.873923,82.974,40.119,0.792
141.885533,83.000,40.124,0.792
141.897143,83.018,40.128,0.790
141.908753,83.011,40.127,0.790
141.920363,82.993,40.123,0.792
141.931973,82.969,40.118,0.787
141.943583,82.966,40.117,0.788
141.955193,82.964,40.117,0.792
141.966803,82.972,40.118,0.796
141.978413,82.977,40.119,0.798
141.990023,82.984,40.121,0.802
142.001633,82.963,40.116,0.805
142.013243,82.900,40.103,0.808
142.024853,410.269,67.789,0.814
142.036463,408.887,67.730,0.813
142.048073,406.926,67.647,0.822
142.059683,403.629,67.506,0.825
142.071293,400.834,67.386,0.826
142.082902,398.163,67.270,0.825
142.094512,184.658,53.968,0.829
142.106122,184.899,53.991,0.834
142.117732,184.944,53.995,0.839
142.129342,184.974,53.998,0.842
142.140952,184.841,53.985,0.834
142.152562,184.897,53.991,0.829
142.164172,92.506,42.001,0.827
142.175782,92.549,42.009,0.827
142.187392,92.578,42.015,0.825
142.199002,92.604,42.020,0.822
142.210612,92.610,42.021,0.822
142.222222,92.616,42.022,0.822
142.233832,92.627,42.024,0.825
142.245442,92.610,42.021,0.826
142.257052,185.031,54.003,0.828
142.268662,185.067,54.007,0.831
142.280272,185.056,54.005,0.836
142.291882,185.049,54.005,0.839
142.303492,185.106,54.010,0.842
142.315102,185.145,54.014,0.848
142.326712,185.167,54.016,0.850
142.338322,185.117,54.011,0.854
142.349932,185.086,54.008,0.856
142.361542,185.077,54.007,0.854
142.373152,185.081,54.008,0.848
142.384762,185.085,54.008,0.844
142.396372,185.097,54.009,0.844
142.407982,185.068,54.007,0.844
142.419592,185.121,54.012,0.845
142.431202,185.147,54.014,0.847
142.442812,185.158,54.015,0.847
142.454422,185.146,54.014,0.846
142.466032,185.153,54.015,0.846
142.477642,185.167,54.016,0.844
142.489252,185.153,54.015,0.839
142.500862,185.138,54.013,0.831
142.512472,185.122,54.012,0.826
142.524082,185.099,54.010,0.819
142.535692,185.130,54.012,0.816
142.547302,185.141,54.013,0.815
142.558912,185.115,54.011,0.814
142.570522,185.072,54.007,0.816
142.582132,185.048,54.005,0.817
142.593741,184.989,53.999,0.822
142.605351,184.934,53.994,0.826
142.616961,184.811,53.983,0.832
142.628571,92.334,41.969,0.838
142.640181,92.278,41.959,0.844
142.651791,92.252,41.954,0.846
142.663401,92.263,41.956,0.849
142.675011,92.332,41.969,0.849
142.686621,342.259,64.651,0.852
142.698231,338.824,64.476,0.853
142.709841,335.643,64.313,0.850
142.721451,333.647,64.210,0.845
142.733061,332.067,64.128,0.838
142.744671,330.906,64.067,0.834
142.756281,82.417,40.002,0.826
142.767891,82.350,39.988,0.823
142.779501,164.793,51.998,0.814
142.791111,164.808,51.999,0.805
142.802721,329.787,64.008,0.799
142.814331,329.815,64.010,0.795
142.825941,329.868,64.013,0.794
142.837551,329.941,64.016,0.794
142.849161,330.150,64.027,0.794
142.860771,164.914,52.011,0.793
142.872381,164.941,52.013,0.794
142.883991,164.937,52.013,0.791
142.895601,164.946,52.014,0.788
142.907211,82.489,40.017,0.785
142.918821,82.462,40.011,0.782
142.930431,164.870,52.006,0.777
142.942041,330.087,64.024,0.775
142.953651,330.055,64.022,0.772
142.965261,330.054,64.022,0.767
142.976871,164.840,52.003,0.763
142.988481,82.413,40.001,0.755
143.000091,82.415,40.002,0.750
143.011701,82.428,40.004,0.742
143.023311,82.441,40.007,0.737
143.034921,82.433,40.005,0.732
143.046531,82.388,39.996,0.728
143.058141,82.376,39.994,0.726
143.069751,82.374,39.993,0.728
143.081361,82.370,39.992,0.732
143.092971,82.352,39.989,0.735
143.104580,82.337,39.985,0.741
143.116190,82.332,39.984,0.745
143.127800,82.313,39.980,0.747
143.139410,82.300,39.977,0.750
143.151020,82.307,39.979,0.752
143.162630,82.328,39.983,0.752
143.174240,82.331,39.984,0.755
143.185850,82.352,39.989,0.761
143.197460,82.376,39.993,0.768
143.209070,82.402,39.999,0.778
143.220680,82.415,40.002,0.787
143.232290,82.409,40.001,0.794
143.243900,82.412,40.001,0.800
143.255510,82.415,40.002,0.806
143.267120,82.374,39.993,0.810
143.278730,82.339,39.986,0.810
143.290340,82.334,39.985,0.811
143.301950,82.352,39.988,0.817
143.313560,82.309,39.979,0.823
143.325170,332.163,64.133,0.829
143.336780,331.978,64.123,0.829
143.348390,331.961,64.122,0.827
143.360000,331.749,64.111,0.825
143.371610,331.341,64.090,0.825
143.383220,331.778,64.113,0.823
143.394830,331.200,64.082,0.819
143.406440,82.426,40.004,0.820
143.418050,82.348,39.988,0.823
143.429660,82.313,39.980,0.831
143.441270,82.306,39.979,0.841
143.452880,82.308,39.979,0.851
143.464490,82.299,39.977,0.860
143.476100,82.306,39.979,0.867
143.487710,82.297,39.977,0.870
143.499320,82.317,39.981,0.875
143.510930,82.366,39.991,0.877
143.522540,109.711,44.954,0.882
143.534150,109.743,44.959,0.888
143.545760,109.742,44.959,0.896
143.557370,109.774,44.964,0.903
143.568980,109.765,44.963,0.911
143.580590,109.786,44.966,0.922
143.592200,109.815,44.971,0.925
143.603810,109.828,44.973,0.930
143.615420,109.816,44.971,0.932
143.627029,109.907,44.985,0.932
143.638639,110.093,45.015,0.931
143.650249,110.394,45.062,0.930
143.661859,110.646,45.101,0.931
143.673469,110.765,45.120,0.927
143.685079,110.815,45.128,0.925
143.696689,110.835,45.131,0.924
143.708299,110.809,45.127,0.922
143.719909,110.740,45.116,0.923
143.731519,110.627,45.098,0.920
143.743129,110.476,45.075,0.917
143.754739,110.331,45.052,0.908
143.766349,110.233,45.037,0.900
143.777959,110.145,45.023,0.891
143.789569,110.039,45.006,0.880
143.801179,109.989,44.998,0.873
143.812789,110.098,45.015,0.866
143.824399,110.208,45.033,0.861
143.836009,110.287,45.045,0.857
143.847619,110.302,45.047,0.859
143.859229,110.243,45.038,0.863
143.870839,110.204,45.032,0.869
143.882449,110.106,45.017,0.878
143.894059,110.003,45.000,0.882
143.905669,109.843,44.975,0.883
143.917279,109.787,44.967,0.886
143.928889,109.798,44.968,0.886
143.940499,109.856,44.977,0.889
143.952109,109.920,44.987,0.889
143.963719,109.975,44.996,0.887
143.975329,110.000,45.000,0.885
143.986939,110.037,45.006,0.880
143.998549,110.054,45.008,0.879
144.010159,110.017,45.003,0.880
144.021769,110.002,45.000,0.878
144.033379,109.974,44.996,0.875
144.044989,109.932,44.989,0.872
144.056599,109.953,44.993,0.875
144.068209,109.951,44.992,0.872
144.079819,109.951,44.992,0.874
144.091429,110.000,45.000,0.872
144.103039,110.000,45.000,0.871
144.114649,109.959,44.994,0.867
144.126259,109.965,44.994,0.868
144.137868,110.047,45.007,0.872
144.149478,110.141,45.022,0.870
144.161088,110.252,45.040,0.874
144.172698,110.343,45.054,0.875
144.184308,110.374,45.059,0.879
144.195918,110.394,45.062,0.878
144.207528,110.419,45.066,0.874
144.219138,110.462,45.073,0.861
144.230748,110.397,45.062,0.847
144.242358,110.323,45.051,0.834
144.253968,110.210,45.033,0.816
144.265578,110.020,45.003,0.793
144.277188,109.833,44.974,0.764
144.288798,109.752,44.961,0.736
144.300408,109.677,44.949,0.723
144.312018,109.636,44.943,0.742
144.323628,451.500,69.447,0.767
144.335238,447.501,69.293,0.787
144.346848,445.387,69.211,0.802
144.358458,443.566,69.140,0.816
144.370068,441.666,69.065,0.825
144.381678,439.705,68.988,0.834
144.393288,439.027,68.962,0.841
144.404898,437.489,68.901,0.835
144.416508,436.449,68.860,0.815
144.428118,435.437,68.820,0.791
144.439728,434.765,68.793,0.763
144.451338,434.122,68.767,0.730
144.462948,433.746,68.752,0.697
144.474558,216.653,56.735,0.655
144.486168,109.558,44.930,0.610
144.497778,109.880,44.981,0.571
144.509388,109.984,44.998,0.568
144.520998,110.002,45.000,0.571
144.532608,109.999,45.000,0.579
144.544218,109.783,44.966,0.607
144.555828,109.739,44.959,0.629
144.567438,109.691,44.951,0.648
144.579048,109.843,44.975,0.669
144.590658,109.985,44.998,0.681
144.602268,109.993,44.999,0.699
144.613878,110.261,45.041,0.721
144.625488,110.564,45.089,0.742
144.637098,110.685,45.107,0.758
144.648707,110.916,45.143,0.773
144.660317,110.886,45.139,0.784
144.671927,110.991,45.155,0.789
144.683537,110.917,45.144,0.793
144.695147,110.753,45.118,0.793
144.706757,110.562,45.088,0.789
144.718367,110.411,45.065,0.785
144.729977,110.178,45.028,0.782
144.741587,109.922,44.988,0.777
144.753197,109.784,44.966,0.774
144.764807,109.722,44.956,0.776
144.776417,109.650,44.945,0.777
144.788027,109.603,44.937,0.776
144.799637,109.640,44.943,0.771
144.811247,109.704,44.953,0.757
144.822857,109.787,44.966,0.735
144.834467,109.900,44.984,0.708
144.846077,110.021,45.003,0.675
144.857687,110.170,45.027,0.623
144.869297,110.343,45.054,0.565
144.880907,110.431,45.068,0.493
144.892517,110.464,45.073,0.432
144.904127,110.490,45.077,0.425
144.915737,110.450,45.071,0.475
144.927347,110.497,45.078,0.559
144.938957,111.059,45.166,0.634
144.950567,111.335,45.209,0.681
144.962177,111.401,45.219,0.719
144.973787,111.290,45.202,0.742
144.985397,111.095,45.172,0.764
144.997007,110.748,45.117,0.784
145.008617,110.467,45.073,0.797
145.020227,110.159,45.025,0.807
145.031837,109.840,44.975,0.812
145.043447,109.651,44.945,0.814
145.055057,109.560,44.931,0.813
145.066667,109.529,44.926,0.815
145.078277,109.527,44.925,0.814
145.089887,109.547,44.928,0.810
145.101497,328.793,63.956,0.803
145.113107,109.676,44.949,0.791
145.124717,109.795,44.968,0.774
145.136327,109.834,44.974,0.756
145.147937,109.896,44.984,0.738
145.159546,109.999,45.000,0.723
145.171156,110.016,45.003,0.706
145.182766,110.074,45.012,0.687
145.194376,109.987,44.998,0.674
145.205986,109.910,44.986,0.666
145.217596,110.247,45.039,0.664
145.229206,110.132,45.021,0.668
145.240816,109.894,44.983,0.675
145.252426,169.751,52.511,0.670
145.264036,169.950,52.531,0.668
145.275646,169.635,52.499,0.665
145.287256,169.683,52.504,0.660
145.298866,169.519,52.487,0.652
145.310476,169.804,52.516,0.641
145.322086,169.768,52.513,0.625
145.333696,169.732,52.509,0.599
145.345306,109.888,44.982,0.577
145.356916,169.818,52.518,0.553
145.368526,169.751,52.511,0.542
145.380136,109.414,44.907,0.532
145.391746,109.524,44.925,0.524
145.403356,109.717,44.955,0.510
145.414966,109.706,44.954,0.498
145.426576,109.764,44.963,0.486
145.438186,109.777,44.965,0.479
145.449796,109.704,44.953,0.465
145.461406,109.720,44.956,0.447
145.473016,109.784,44.966,0.433
145.484626,109.774,44.964,0.425
145.496236,109.786,44.966,0.420
145.507846,109.800,44.968,0.426
145.519456,109.736,44.958,0.429
145.531066,109.729,44.957,0.436
145.542676,109.687,44.951,0.442
145.554286,109.675,44.949,0.444
145.565896,109.645,44.944,0.443
145.577506,109.647,44.944,0.441
145.589116,109.592,44.936,0.439
145.600726,109.578,44.933,0.432
145.612336,109.579,44.934,0.423
145.623946,109.619,44.940,0.411
145.635556,109.631,44.942,0.403
145.647166,109.675,44.949,0.395
145.658776,109.692,44.951,0.392
145.670385,109.759,44.962,0.392
145.681995,109.772,44.964,0.401
145.693605,109.733,44.958,0.398
145.705215,109.703,44.953,0.398
145.716825,109.712,44.955,0.398
145.728435,109.713,44.955,0.393
145.740045,109.703,44.953,0.388
145.751655,109.698,44.952,0.385
145.763265,109.749,44.960,0.376
145.774875,109.698,44.952,0.353
145.786485,109.820,44.972,0.347
145.798095,109.798,44.968,0.346
145.809705,109.834,44.974,0.351
145.821315,109.819,44.972,0.358
145.832925,109.766,44.963,0.366
145.844535,109.715,44.955,0.363
145.856145,109.769,44.964,0.362
145.867755,109.759,44.962,0.360
145.879365,109.754,44.961,0.353
145.890975,109.758,44.962,0.347
145.902585,109.762,44.962,0.333
145.914195,109.833,44.974,0.317
145.925805,109.948,44.992,0.294
145.937415,109.944,44.991,0.282
145.949025,110.068,45.011,0.271
145.960635,110.108,45.017,0.260
145.972245,110.165,45.026,0.251
145.983855,110.155,45.024,0.242
145.995465,110.305,45.048,0.223
146.007075,110.329,45.052,0.216
146.018685,323.448,63.672,0.216
146.030295,322.963,63.646,0.211
146.041905,320.436,63.510,0.212
146.053515,131.145,48.044,0.215
146.065125,131.131,48.042,0.221
146.076735,109.499,44.921,0.216
146.088345,109.612,44.939,0.219
146.099955,109.549,44.929,0.213
146.111565,109.483,44.918,0.214
146.123175,109.530,44.926,0.210
146.134785,109.636,44.943,0.204
146.146395,109.675,44.949,0.199
146.158005,109.683,44.950,0.195
146.169615,1002.273,83.252,0.208
146.181224,109.477,44.917,0.207
146.192834,109.440,44.912,0.211
146.204444,1002.273,83.252,0.208
146.216054,109.624,44.941,0.213
146.227664,109.388,44.903,0.212
146.239274,109.252,44.882,0.212
146.250884,109.186,44.871,0.217
146.262494,109.220,44.877,0.208
146.274104,109.165,44.868,0.207
146.285714,109.205,44.874,0.204
146.297324,1002.273,83.252,0.205
146.308934,1002.273,83.252,0.199
146.320544,1002.273,83.252,0.197
146.332154,1002.273,83.252,0.204
146.343764,1002.273,83.252,0.209
146.355374,1002.273,83.252,0.214
146.366984,1002.273,83.252,0.218
146.378594,1002.273,83.252,0.228
146.390204,1002.273,83.252,0.225
146.401814,1002.273,83.252,0.229
146.413424,1002.273,83.252,0.225
146.425034,1002.273,83.252,0.219
146.436644,1002.273,83.252,0.211
146.448254,1002.273,83.252,0.204
146.459864,1002.273,83.252,0.198
146.471474,1002.273,83.252,0.184
146.483084,1002.273,83.252,0.188
146.494694,1002.273,83.252,0.178
146.506304,1002.273,83.252,0.181
146.517914,1002.273,83.252,0.169
146.529524,1002.273,83.252,0.175
146.541134,1002.273,83.252,0.173
146.552744,1002.273,83.252,0.175
146.564354,1002.273,83.252,0.170
146.575964,1002.273,83.252,0.160
146.587574,1002.273,83.252,0.164
146.599184,1002.273,83.252,0.156
146.610794,1002.273,83.252,0.164
146.622404,1002.273,83.252,0.160
146.634014,1002.273,83.252,0.156
146.645624,1002.273,83.252,0.150
146.657234,1002.273,83.252,0.155
146.668844,1002.273,83.252,0.152
146.680454,1002.273,83.252,0.140
146.692063,1002.273,83.252,0.143
146.703673,1002.273,83.252,0.137
146.715283,1002.273,83.252,0.125
146.726893,1002.273,83.252,0.117
146.738503,1002.273,83.252,0.109
146.750113,1002.273,83.252,0.103
146.761723,1002.273,83.252,0.102
146.773333,1002.273,83.252,0.098
146.784943,1002.273,83.252,0.091
146.796553,1002.273,83.252,0.085
146.808163,1002.273,83.252,0.085
146.819773,1002.273,83.252,0.086
146.831383,1002.273,83.252,0.082
146.842993,1002.273,83.252,0.079
146.854603,1002.273,83.252,0.078
146.866213,1002.273,83.252,0.079
146.877823,1002.273,83.252,0.072
146.889433,1002.273,83.252,0.067
146.901043,1002.273,83.252,0.053
146.912653,1002.273,83.252,0.052
146.924263,1002.273,83.252,0.053
146.935873,1002.273,83.252,0.037
146.947483,1002.273,83.252,0.032
146.959093,1002.273,83.252,0.018
146.970703,1002.273,83.252,0.018
146.982313,1002.273,83.252,0.012
146.993923,1002.273,83.252,0.013
147.005533,1002.273,83.252,0.000
147.017143,,,0.000
147.028753,,,0.000
147.040363,,,0.000
147.051973,,,0.000
147.063583,,,0.000
147.075193,,,0.000
147.086803,,,0.000
147.098413,,,0.000
147.110023,,,0.000
147.121633,,,0.000
147.133243,,,0.000
147.144853,,,0.000
147.156463,,,0.000
147.168073,,,0.000
147.179683,,,0.000
147.191293,,,0.000
147.202902,,,0.000
147.214512,,,0.000
147.226122,,,0.000
147.237732,,,0.000
147.249342,,,0.000
147.260952,,,0.000
147.272562,,,0.000
147.284172,,,0.000
147.295782,,,0.000
147.307392,,,0.000
147.319002,,,0.000
147.330612,,,0.000
147.342222,,,0.000
147.353832,,,0.000
147.365442,,,0.000
147.377052,,,0.000
147.388662,,,0.000
147.400272,,,0.000
147.411882,,,0.000
147.423492,,,0.000
147.435102,,,0.000
147.446712,,,0.000
147.458322,,,0.000
147.469932,,,0.000
147.481542,,,0.000
147.493152,,,0.000
147.504762,,,0.000
147.516372,,,0.000
147.527982,,,0.000
147.539592,,,0.000
147.551202,,,0.000
