time_sec,f0_hz,midi,confidence
0.000000,,,0.000
0.011610,,,0.000
0.023220,,,0.000
0.034830,,,0.000
0.046440,,,0.000
0.058050,,,0.000
0.069660,,,0.000
0.081270,,,0.000
0.092880,,,0.000
0.104490,,,0.000
0.116100,,,0.000
0.127710,,,0.000
0.139320,,,0.000
0.150930,,,0.000
0.162540,,,0.000
0.174150,,,0.000
0.185760,,,0.000
0.197370,,,0.000
0.208980,,,0.000
0.220590,,,0.000
0.232200,,,0.000
0.243810,,,0.000
0.255420,,,0.000
0.267029,,,0.000
0.278639,,,0.000
0.290249,,,0.000
0.301859,,,0.000
0.313469,,,0.000
0.325079,,,0.000
0.336689,,,0.000
0.348299,,,0.000
0.359909,,,0.000
0.371519,,,0.000
0.383129,,,0.000
0.394739,,,0.000
0.406349,,,0.000
0.417959,,,0.000
0.429569,,,0.000
0.441179,,,0.000
0.452789,,,0.000
0.464399,,,0.000
0.476009,,,0.000
0.487619,,,0.000
0.499229,,,0.000
0.510839,,,0.000
0.522449,,,0.000
0.534059,,,0.000
0.545669,,,0.000
0.557279,,,0.000
0.568889,,,0.000
0.580499,,,0.000
0.592109,,,0.000
0.603719,,,0.000
0.615329,,,0.000
0.626939,,,0.000
0.638549,,,0.000
0.650159,,,0.000
0.661769,,,0.000
0.673379,,,0.000
0.684989,,,0.000
0.696599,,,0.000
0.708209,,,0.000
0.719819,,,0.000
0.731429,,,0.000
0.743039,,,0.000
0.754649,,,0.000
0.766259,,,0.000
0.777868,,,0.000
0.789478,,,0.000
0.801088,,,0.000
0.812698,,,0.000
0.824308,,,0.000
0.835918,,,0.000
0.847528,,,0.000
0.859138,,,0.000
0.870748,,,0.000
0.882358,,,0.000
0.893968,,,0.000
0.905578,,,0.000
0.917188,,,0.000
0.928798,,,0.000
0.940408,,,0.000
0.952018,,,0.000
0.963628,,,0.000
0.975238,,,0.000
0.986848,,,0.000
0.998458,,,0.000
1.010068,,,0.000
1.021678,,,0.000
1.033288,,,0.000
1.044898,,,0.000
1.056508,,,0.000
1.068118,,,0.000
1.079728,,,0.000
1.091338,,,0.000
1.102948,,,0.000
1.114558,,,0.000
1.126168,,,0.000
1.137778,,,0.000
1.149388,,,0.000
1.160998,,,0.000
1.172608,,,0.000
1.184218,,,0.000
1.195828,,,0.000
1.207438,,,0.000
1.219048,,,0.000
1.230658,,,0.000
1.242268,,,0.000
1.253878,,,0.000
1.265488,,,0.000
1.277098,,,0.000
1.288707,,,0.000
1.300317,,,0.000
1.311927,,,0.000
1.323537,,,0.000
1.335147,,,0.000
1.346757,,,0.000
1.358367,,,0.000
1.369977,,,0.000
1.381587,,,0.000
1.393197,,,0.000
1.404807,,,0.000
1.416417,,,0.000
1.428027,,,0.000
1.439637,,,0.000
1.451247,,,0.000
1.462857,,,0.000
1.474467,,,0.000
1.486077,,,0.000
1.497687,,,0.000
1.509297,,,0.000
1.520907,,,0.000
1.532517,,,0.000
1.544127,,,0.000
1.555737,,,0.000
1.567347,,,0.000
1.578957,,,0.000
1.590567,,,0.000
1.602177,,,0.000
1.613787,,,0.000
1.625397,,,0.000
1.637007,,,0.000
1.648617,,,0.000
1.660227,,,0.000
1.671837,,,0.000
1.683447,,,0.000
1.695057,,,0.000
1.706667,,,0.000
1.718277,,,0.000
1.729887,,,0.000
1.741497,,,0.000
1.753107,,,0.000
1.764717,,,0.000
1.776327,,,0.000
1.787937,,,0.000
1.799546,,,0.000
1.811156,,,0.000
1.822766,,,0.000
1.834376,,,0.000
1.845986,,,0.000
1.857596,,,0.000
1.869206,,,0.000
1.880816,,,0.000
1.892426,,,0.000
1.904036,,,0.000
1.915646,,,0.000
1.927256,,,0.000
1.938866,,,0.000
1.950476,,,0.000
1.962086,,,0.000
1.973696,,,0.000
1.985306,,,0.000
1.996916,,,0.000
2.008526,,,0.000
2.020136,,,0.000
2.031746,,,0.000
2.043356,,,0.000
2.054966,,,0.000
2.066576,,,0.000
2.078186,,,0.000
2.089796,,,0.000
2.101406,,,0.000
2.113016,,,0.000
2.124626,,,0.000
2.136236,,,0.000
2.147846,,,0.000
2.159456,,,0.000
2.171066,,,0.000
2.182676,,,0.000
2.194286,,,0.000
2.205896,,,0.000
2.217506,,,0.000
2.229116,,,0.000
2.240726,,,0.000
2.252336,,,0.000
2.263946,,,0.000
2.275556,,,0.000
2.287166,,,0.000
2.298776,,,0.000
2.310385,,,0.000
2.321995,,,0.000
2.333605,,,0.000
2.345215,,,0.000
2.356825,,,0.000
2.368435,,,0.000
2.380045,,,0.000
2.391655,,,0.000
2.403265,,,0.000
2.414875,,,0.000
2.426485,,,0.000
2.438095,,,0.000
2.449705,,,0.000
2.461315,,,0.000
2.472925,,,0.000
2.484535,,,0.000
2.496145,,,0.000
2.507755,,,0.000
2.519365,,,0.000
2.530975,,,0.000
2.542585,,,0.000
2.554195,,,0.000
2.565805,,,0.000
2.577415,,,0.000
2.589025,,,0.000
2.600635,,,0.000
2.612245,,,0.000
2.623855,,,0.000
2.635465,,,0.000
2.647075,,,0.000
2.658685,,,0.000
2.670295,,,0.000
2.681905,,,0.000
2.693515,,,0.000
2.705125,,,0.000
2.716735,,,0.000
2.728345,,,0.000
2.739955,,,0.000
2.751565,,,0.000
2.763175,,,0.000
2.774785,,,0.000
2.786395,,,0.000
2.798005,,,0.000
2.809615,,,0.000
2.821224,,,0.000
2.832834,,,0.000
2.844444,,,0.000
2.856054,,,0.000
2.867664,,,0.000
2.879274,,,0.000
2.890884,,,0.000
2.902494,,,0.000
2.914104,,,0.000
2.925714,,,0.000
2.937324,,,0.000
2.948934,,,0.000
2.960544,,,0.000
2.972154,,,0.000
2.983764,,,0.000
2.995374,,,0.000
3.006984,,,0.000
3.018594,,,0.000
3.030204,,,0.000
3.041814,,,0.000
3.053424,,,0.000
3.065034,,,0.000
3.076644,,,0.000
3.088254,,,0.000
3.099864,,,0.000
3.111474,,,0.000
3.123084,,,0.000
3.134694,,,0.000
3.146304,,,0.000
3.157914,,,0.000
3.169524,,,0.000
3.181134,,,0.000
3.192744,,,0.000
3.204354,,,0.000
3.215964,,,0.000
3.227574,,,0.000
3.239184,,,0.000
3.250794,,,0.000
3.262404,,,0.000
3.274014,,,0.000
3.285624,,,0.000
3.297234,,,0.000
3.308844,,,0.000
3.320454,,,0.000
3.332063,,,0.000
3.343673,,,0.000
3.355283,,,0.000
3.366893,,,0.000
3.378503,,,0.000
3.390113,,,0.000
3.401723,,,0.000
3.413333,,,0.000
3.424943,,,0.000
3.436553,,,0.000
3.448163,,,0.000
3.459773,,,0.000
3.471383,,,0.000
3.482993,,,0.000
3.494603,,,0.000
3.506213,,,0.000
3.517823,,,0.000
3.529433,,,0.000
3.541043,,,0.000
3.552653,,,0.000
3.564263,,,0.000
3.575873,,,0.000
3.587483,,,0.000
3.599093,,,0.000
3.610703,,,0.000
3.622313,,,0.000
3.633923,,,0.000
3.645533,,,0.000
3.657143,,,0.000
3.668753,,,0.000
3.680363,,,0.000
3.691973,,,0.000
3.703583,,,0.000
3.715193,,,0.000
3.726803,,,0.000
3.738413,,,0.000
3.750023,,,0.000
3.761633,,,0.000
3.773243,,,0.000
3.784853,,,0.000
3.796463,,,0.000
3.808073,,,0.000
3.819683,,,0.000
3.831293,,,0.000
3.842902,,,0.000
3.854512,,,0.000
3.866122,,,0.000
3.877732,,,0.000
3.889342,,,0.000
3.900952,,,0.000
3.912562,,,0.000
3.924172,,,0.000
3.935782,,,0.000
3.947392,,,0.000
3.959002,,,0.000
3.970612,,,0.000
3.982222,,,0.000
3.993832,,,0.000
4.005442,,,0.000
4.017052,,,0.000
4.028662,,,0.000
4.040272,,,0.000
4.051882,,,0.000
4.063492,,,0.000
4.075102,,,0.000
4.086712,,,0.000
4.098322,,,0.000
4.109932,,,0.000
4.121542,,,0.000
4.133152,,,0.000
4.144762,,,0.000
4.156372,,,0.000
4.167982,,,0.000
4.179592,,,0.000
4.191202,,,0.000
4.202812,,,0.000
4.214422,,,0.000
4.226032,,,0.000
4.237642,,,0.000
4.249252,,,0.000
4.260862,,,0.000
4.272472,,,0.000
4.284082,,,0.000
4.295692,,,0.000
4.307302,,,0.000
4.318912,,,0.000
4.330522,,,0.000
4.342132,,,0.000
4.353741,,,0.000
4.365351,,,0.000
4.376961,,,0.000
4.388571,,,0.000
4.400181,,,0.000
4.411791,,,0.000
4.423401,,,0.000
4.435011,,,0.000
4.446621,,,0.000
4.458231,,,0.000
4.469841,,,0.000
4.481451,,,0.000
4.493061,,,0.000
4.504671,,,0.000
4.516281,,,0.000
4.527891,,,0.000
4.539501,,,0.000
4.551111,,,0.000
4.562721,,,0.000
4.574331,,,0.000
4.585941,,,0.000
4.597551,,,0.000
4.609161,,,0.000
4.620771,,,0.000
4.632381,,,0.000
4.643991,,,0.000
4.655601,,,0.000
4.667211,,,0.000
4.678821,,,0.000
4.690431,,,0.000
4.702041,,,0.000
4.713651,,,0.000
4.725261,,,0.000
4.736871,,,0.000
4.748481,,,0.000
4.760091,,,0.000
4.771701,,,0.000
4.783311,,,0.000
4.794921,,,0.000
4.806531,,,0.000
4.818141,,,0.000
4.829751,,,0.000
4.841361,,,0.000
4.852971,,,0.000
4.864580,,,0.000
4.876190,,,0.000
4.887800,,,0.000
4.899410,,,0.000
4.911020,,,0.000
4.922630,,,0.000
4.934240,,,0.000
4.945850,,,0.000
4.957460,,,0.000
4.969070,,,0.000
4.980680,,,0.000
4.992290,,,0.000
5.003900,,,0.000
5.015510,,,0.000
5.027120,,,0.000
5.038730,,,0.000
5.050340,,,0.000
5.061950,,,0.000
5.073560,,,0.000
5.085170,,,0.000
5.096780,,,0.000
5.108390,,,0.000
5.120000,,,0.000
5.131610,,,0.000
5.143220,,,0.000
5.154830,,,0.000
5.166440,,,0.000
5.178050,,,0.000
5.189660,,,0.000
5.201270,,,0.000
5.212880,,,0.000
5.224490,,,0.000
5.236100,,,0.000
5.247710,,,0.000
5.259320,,,0.000
5.270930,,,0.000
5.282540,,,0.000
5.294150,,,0.000
5.305760,,,0.000
5.317370,,,0.000
5.328980,,,0.000
5.340590,,,0.000
5.352200,,,0.000
5.363810,,,0.000
5.375420,,,0.000
5.387029,,,0.000
5.398639,,,0.000
5.410249,,,0.000
5.421859,,,0.000
5.433469,,,0.000
5.445079,,,0.000
5.456689,,,0.000
5.468299,,,0.000
5.479909,,,0.000
5.491519,,,0.000
5.503129,,,0.000
5.514739,,,0.000
5.526349,,,0.000
5.537959,,,0.000
5.549569,,,0.000
5.561179,,,0.000
5.572789,,,0.000
5.584399,,,0.000
5.596009,,,0.000
5.607619,,,0.000
5.619229,,,0.000
5.630839,,,0.000
5.642449,,,0.000
5.654059,,,0.000
5.665669,,,0.000
5.677279,,,0.000
5.688889,,,0.000
5.700499,,,0.000
5.712109,,,0.000
5.723719,,,0.000
5.735329,,,0.000
5.746939,,,0.000
5.758549,,,0.000
5.770159,,,0.000
5.781769,,,0.000
5.793379,,,0.000
5.804989,,,0.000
5.816599,,,0.000
5.828209,,,0.000
5.839819,,,0.000
5.851429,,,0.000
5.863039,,,0.000
5.874649,,,0.000
5.886259,,,0.000
5.897868,,,0.000
5.909478,,,0.000
5.921088,,,0.000
5.932698,,,0.000
5.944308,,,0.000
5.955918,,,0.000
5.967528,,,0.000
5.979138,,,0.000
5.990748,,,0.000
6.002358,,,0.000
6.013968,,,0.000
6.025578,,,0.000
6.037188,,,0.000
6.048798,,,0.000
6.060408,,,0.000
6.072018,,,0.000
6.083628,,,0.000
6.095238,,,0.000
6.106848,,,0.000
6.118458,,,0.000
6.130068,,,0.000
6.141678,,,0.000
6.153288,,,0.000
6.164898,,,0.000
6.176508,,,0.000
6.188118,,,0.000
6.199728,,,0.000
6.211338,,,0.000
6.222948,,,0.000
6.234558,,,0.000
6.246168,,,0.000
6.257778,,,0.000
6.269388,,,0.000
6.280998,,,0.000
6.292608,,,0.000
6.304218,,,0.000
6.315828,,,0.000
6.327438,,,0.000
6.339048,,,0.000
6.350658,,,0.000
6.362268,,,0.000
6.373878,,,0.000
6.385488,,,0.000
6.397098,,,0.000
6.408707,,,0.000
6.420317,,,0.000
6.431927,,,0.000
6.443537,,,0.000
6.455147,,,0.000
6.466757,,,0.000
6.478367,,,0.000
6.489977,,,0.000
6.501587,,,0.000
6.513197,,,0.000
6.524807,,,0.000
6.536417,,,0.000
6.548027,,,0.000
6.559637,,,0.000
6.571247,,,0.000
6.582857,,,0.000
6.594467,,,0.000
6.606077,,,0.000
6.617687,,,0.000
6.629297,,,0.000
6.640907,,,0.000
6.652517,,,0.000
6.664127,,,0.000
6.675737,,,0.000
6.687347,,,0.000
6.698957,,,0.000
6.710567,,,0.000
6.722177,,,0.000
6.733787,,,0.000
6.745397,,,0.000
6.757007,,,0.000
6.768617,,,0.000
6.780227,,,0.000
6.791837,,,0.000
6.803447,,,0.000
6.815057,,,0.000
6.826667,,,0.000
6.838277,,,0.000
6.849887,,,0.000
6.861497,,,0.000
6.873107,,,0.000
6.884717,,,0.000
6.896327,,,0.000
6.907937,,,0.000
6.919546,,,0.000
6.931156,,,0.000
6.942766,,,0.000
6.954376,,,0.000
6.965986,,,0.000
6.977596,,,0.000
6.989206,,,0.000
7.000816,,,0.000
7.012426,,,0.000
7.024036,,,0.000
7.035646,,,0.000
7.047256,,,0.000
7.058866,,,0.000
7.070476,,,0.000
7.082086,,,0.000
7.093696,,,0.000
7.105306,,,0.000
7.116916,,,0.000
7.128526,,,0.000
7.140136,,,0.000
7.151746,,,0.000
7.163356,,,0.000
7.174966,,,0.000
7.186576,,,0.000
7.198186,,,0.000
7.209796,,,0.000
7.221406,,,0.000
7.233016,,,0.000
7.244626,,,0.000
7.256236,,,0.000
7.267846,,,0.000
7.279456,,,0.000
7.291066,,,0.000
7.302676,,,0.000
7.314286,,,0.000
7.325896,,,0.000
7.337506,,,0.000
7.349116,,,0.000
7.360726,,,0.000
7.372336,,,0.000
7.383946,,,0.000
7.395556,,,0.000
7.407166,,,0.000
7.418776,,,0.000
7.430385,,,0.000
7.441995,,,0.000
7.453605,,,0.000
7.465215,,,0.000
7.476825,,,0.000
7.488435,,,0.000
7.500045,,,0.000
7.511655,,,0.000
7.523265,,,0.000
7.534875,,,0.000
7.546485,,,0.000
7.558095,,,0.000
7.569705,,,0.000
7.581315,,,0.000
7.592925,,,0.000
7.604535,,,0.000
7.616145,,,0.000
7.627755,,,0.000
7.639365,,,0.000
7.650975,,,0.000
7.662585,,,0.000
7.674195,,,0.000
7.685805,,,0.000
7.697415,,,0.000
7.709025,,,0.000
7.720635,,,0.000
7.732245,,,0.000
7.743855,,,0.000
7.755465,,,0.000
7.767075,,,0.000
7.778685,,,0.000
7.790295,,,0.000
7.801905,,,0.000
7.813515,,,0.000
7.825125,,,0.000
7.836735,,,0.000
7.848345,,,0.000
7.859955,,,0.000
7.871565,,,0.000
7.883175,,,0.000
7.894785,,,0.000
7.906395,,,0.000
7.918005,,,0.000
7.929615,,,0.000
7.941224,,,0.000
7.952834,,,0.000
7.964444,,,0.000
7.976054,,,0.000
7.987664,,,0.000
7.999274,,,0.000
8.010884,,,0.000
8.022494,,,0.000
8.034104,,,0.000
8.045714,,,0.000
8.057324,,,0.000
8.068934,,,0.000
8.080544,,,0.000
8.092154,,,0.000
8.103764,,,0.000
8.115374,,,0.000
8.126984,,,0.000
8.138594,,,0.000
8.150204,,,0.000
8.161814,,,0.000
8.173424,,,0.000
8.185034,,,0.000
8.196644,,,0.000
8.208254,,,0.000
8.219864,,,0.000
8.231474,,,0.000
8.243084,,,0.000
8.254694,,,0.000
8.266304,,,0.000
8.277914,,,0.000
8.289524,,,0.000
8.301134,,,0.000
8.312744,,,0.000
8.324354,,,0.000
8.335964,,,0.000
8.347574,,,0.000
8.359184,,,0.000
8.370794,,,0.000
8.382404,,,0.000
8.394014,,,0.000
8.405624,,,0.000
8.417234,,,0.000
8.428844,,,0.000
8.440454,,,0.000
8.452063,,,0.000
8.463673,,,0.000
8.475283,,,0.000
8.486893,,,0.000
8.498503,,,0.000
8.510113,,,0.000
8.521723,,,0.000
8.533333,,,0.000
8.544943,,,0.000
8.556553,,,0.000
8.568163,,,0.000
8.579773,,,0.000
8.591383,,,0.000
8.602993,,,0.000
8.614603,,,0.000
8.626213,,,0.000
8.637823,,,0.000
8.649433,,,0.000
8.661043,,,0.000
8.672653,,,0.000
8.684263,,,0.000
8.695873,,,0.000
8.707483,,,0.000
8.719093,,,0.000
8.730703,,,0.000
8.742313,,,0.000
8.753923,,,0.000
8.765533,,,0.000
8.777143,,,0.000
8.788753,,,0.000
8.800363,,,0.000
8.811973,,,0.000
8.823583,,,0.000
8.835193,,,0.000
8.846803,,,0.000
8.858413,,,0.000
8.870023,,,0.000
8.881633,,,0.000
8.893243,,,0.000
8.904853,,,0.000
8.916463,,,0.000
8.928073,,,0.000
8.939683,,,0.000
8.951293,,,0.000
8.962902,,,0.000
8.974512,,,0.000
8.986122,,,0.000
8.997732,,,0.000
9.009342,,,0.000
9.020952,,,0.000
9.032562,,,0.000
9.044172,,,0.000
9.055782,,,0.000
9.067392,,,0.000
9.079002,,,0.000
9.090612,,,0.000
9.102222,,,0.000
9.113832,,,0.000
9.125442,,,0.000
9.137052,,,0.000
9.148662,,,0.000
9.160272,,,0.000
9.171882,,,0.000
9.183492,,,0.000
9.195102,,,0.000
9.206712,,,0.000
9.218322,,,0.000
9.229932,,,0.000
9.241542,,,0.000
9.253152,,,0.000
9.264762,,,0.000
9.276372,,,0.000
9.287982,,,0.000
9.299592,,,0.000
9.311202,,,0.000
9.322812,,,0.000
9.334422,,,0.000
9.346032,,,0.000
9.357642,,,0.000
9.369252,,,0.000
9.380862,,,0.000
9.392472,,,0.000
9.404082,,,0.000
9.415692,,,0.000
9.427302,,,0.000
9.438912,,,0.000
9.450522,,,0.000
9.462132,,,0.000
9.473741,,,0.000
9.485351,,,0.000
9.496961,,,0.000
9.508571,,,0.000
9.520181,,,0.000
9.531791,,,0.000
9.543401,,,0.000
9.555011,,,0.000
9.566621,,,0.000
9.578231,,,0.000
9.589841,,,0.000
9.601451,,,0.000
9.613061,,,0.000
9.624671,,,0.000
9.636281,,,0.000
9.647891,,,0.000
9.659501,,,0.000
9.671111,,,0.000
9.682721,,,0.000
9.694331,,,0.000
9.705941,,,0.000
9.717551,,,0.000
9.729161,,,0.000
9.740771,,,0.000
9.752381,,,0.000
9.763991,,,0.000
9.775601,,,0.000
9.787211,,,0.000
9.798821,,,0.000
9.810431,,,0.000
9.822041,,,0.000
9.833651,,,0.000
9.845261,,,0.000
9.856871,,,0.000
9.868481,,,0.000
9.880091,,,0.000
9.891701,,,0.000
9.903311,,,0.000
9.914921,,,0.000
9.926531,,,0.000
9.938141,,,0.000
9.949751,,,0.000
9.961361,848.896,80.377,0.000
9.972971,853.461,80.470,0.044
9.984580,852.876,80.458,0.113
9.996190,854.596,80.493,0.173
10.007800,857.318,80.548,0.229
10.019410,856.669,80.535,0.256
10.031020,857.050,80.543,0.283
10.042630,856.004,80.521,0.295
10.054240,734.091,77.861,0.297
10.065850,735.380,77.892,0.295
10.077460,736.429,77.917,0.283
10.089070,92.904,42.076,0.262
10.100680,740.894,78.021,0.222
10.112290,92.904,42.076,0.183
10.123900,93.048,42.102,0.107
10.135510,100.245,43.392,0.008
10.147120,599.198,74.346,0.002
10.158730,150.437,50.420,0.434
10.170340,150.637,50.443,0.473
10.181950,150.536,50.431,0.489
10.193560,218.532,56.884,0.542
10.205170,220.139,57.011,0.631
10.216780,228.346,57.645,0.686
10.228390,228.869,57.684,0.720
10.240000,230.085,57.776,0.745
10.251610,230.046,57.773,0.758
10.263220,229.472,57.730,0.765
10.274830,229.120,57.703,0.765
10.286440,229.555,57.736,0.758
10.298050,230.749,57.826,0.745
10.309660,231.351,57.871,0.734
10.321270,232.280,57.940,0.716
10.332880,232.047,57.923,0.687
10.344490,232.258,57.939,0.671
10.356100,232.652,57.968,0.696
10.367710,232.446,57.953,0.731
10.379320,232.308,57.942,0.754
10.390930,231.963,57.917,0.764
10.402540,231.195,57.859,0.768
10.414150,231.648,57.893,0.779
10.425760,232.056,57.924,0.792
10.437370,231.904,57.912,0.794
10.448980,231.713,57.898,0.776
10.460590,232.003,57.920,0.755
10.472200,232.498,57.957,0.743
10.483810,235.646,58.189,0.743
10.495420,243.732,58.774,0.742
10.507029,256.695,59.671,0.739
10.518639,262.971,60.089,0.735
10.530249,275.712,60.908,0.737
10.541859,279.189,61.125,0.758
10.553469,279.580,61.149,0.775
10.565079,281.529,61.269,0.783
10.576689,283.986,61.420,0.785
10.588299,285.628,61.520,0.789
10.599909,286.697,61.584,0.794
10.611519,288.238,61.677,0.803
10.623129,289.773,61.769,0.812
10.634739,294.292,62.037,0.816
10.646349,299.476,62.339,0.820
10.657959,303.889,62.592,0.827
10.669569,307.012,62.770,0.831
10.681179,308.982,62.880,0.830
10.692789,309.694,62.920,0.825
10.704399,309.981,62.936,0.814
10.716009,311.034,62.995,0.801
10.727619,309.306,62.898,0.785
10.739229,306.059,62.716,0.767
10.750839,305.946,62.709,0.744
10.762449,305.277,62.671,0.715
10.774059,305.158,62.665,0.693
10.785669,306.168,62.722,0.703
10.797279,317.409,63.346,0.720
10.808889,315.968,63.267,0.747
10.820499,315.043,63.217,0.778
10.832109,313.120,63.111,0.794
10.843719,313.382,63.125,0.805
10.855329,313.106,63.110,0.822
10.866939,312.944,63.101,0.835
10.878549,312.157,63.057,0.841
10.890159,310.949,62.990,0.845
10.901769,310.241,62.951,0.844
10.913379,309.680,62.919,0.846
10.924989,309.890,62.931,0.851
10.936599,310.542,62.967,0.863
10.948209,310.743,62.979,0.870
10.959819,310.675,62.975,0.875
10.971429,310.670,62.975,0.879
10.983039,310.649,62.973,0.883
10.994649,310.667,62.974,0.885
11.006259,310.739,62.978,0.882
11.017868,310.830,62.983,0.880
11.029478,310.944,62.990,0.872
11.041088,311.044,62.995,0.862
11.052698,311.268,63.008,0.851
11.064308,311.543,63.023,0.841
11.075918,311.844,63.040,0.832
11.087528,312.102,63.054,0.823
11.099138,312.193,63.059,0.812
11.110748,312.095,63.054,0.801
11.122358,311.958,63.046,0.790
11.133968,311.850,63.040,0.779
11.145578,311.705,63.032,0.765
11.157188,311.503,63.021,0.745
11.168798,311.172,63.002,0.719
11.180408,310.571,62.969,0.689
11.192018,309.762,62.924,0.651
11.203628,310.591,62.970,0.641
11.215238,312.613,63.083,0.627
11.226848,315.865,63.262,0.672
11.238458,317.967,63.376,0.729
11.250068,317.262,63.338,0.763
11.261678,315.977,63.268,0.788
11.273288,314.852,63.206,0.806
11.284898,313.896,63.153,0.820
11.296508,313.470,63.130,0.825
11.308118,313.149,63.112,0.834
11.319728,313.060,63.107,0.832
11.331338,313.418,63.127,0.827
11.342948,314.887,63.208,0.824
11.354558,319.624,63.466,0.823
11.366168,338.078,64.438,0.824
11.377778,342.564,64.666,0.825
11.389388,344.840,64.781,0.824
11.400998,346.352,64.857,0.822
11.412608,347.912,64.935,0.817
11.424218,349.147,64.996,0.812
11.435828,349.365,65.007,0.802
11.447438,349.063,64.992,0.790
11.459048,348.619,64.970,0.769
11.470658,348.256,64.952,0.747
11.482268,348.047,64.941,0.726
11.493878,347.769,64.927,0.695
11.505488,345.051,64.792,0.675
11.517098,341.045,64.590,0.634
11.528707,340.087,64.541,0.664
11.540317,345.719,64.825,0.709
11.551927,349.022,64.990,0.753
11.563537,350.246,65.050,0.783
11.575147,351.568,65.116,0.806
11.586757,351.836,65.129,0.828
11.598367,352.292,65.151,0.841
11.609977,351.548,65.115,0.856
11.621587,351.018,65.089,0.859
11.633197,349.983,65.037,0.858
11.644807,348.267,64.952,0.853
11.656417,346.173,64.848,0.852
11.668027,344.885,64.783,0.854
11.679637,344.375,64.758,0.853
11.691247,344.768,64.777,0.850
11.702857,345.997,64.839,0.844
11.714467,347.972,64.938,0.839
11.726077,350.204,65.048,0.834
11.737687,352.425,65.158,0.830
11.749297,353.993,65.235,0.823
11.760907,355.050,65.286,0.810
11.772517,355.473,65.307,0.798
11.784127,355.171,65.292,0.789
11.795737,353.892,65.230,0.784
11.807347,352.259,65.150,0.778
11.818957,350.595,65.068,0.767
11.830567,349.018,64.990,0.754
11.842177,347.666,64.922,0.740
11.853787,346.928,64.886,0.725
11.865397,346.849,64.882,0.708
11.877007,347.201,64.899,0.688
11.888617,348.422,64.960,0.654
11.900227,348.743,64.976,0.617
11.911837,349.026,64.990,0.581
11.923447,348.831,64.980,0.544
11.935057,347.873,64.933,0.495
11.946667,345.258,64.802,0.456
11.958277,342.224,64.649,0.421
11.969887,343.011,64.689,0.413
11.981497,344.117,64.745,0.420
11.993107,348.530,64.965,0.416
12.004717,349.131,64.995,0.453
12.016327,351.035,65.089,0.473
12.027937,351.708,65.122,0.498
12.039546,350.431,65.060,0.518
12.051156,350.850,65.080,0.531
12.062766,352.532,65.163,0.541
12.074376,335.156,64.288,0.547
12.085986,334.896,64.275,0.551
12.097596,333.707,64.213,0.538
12.109206,334.562,64.257,0.529
12.120816,335.094,64.285,0.514
12.132426,335.624,64.312,0.500
12.144036,350.647,65.070,0.480
12.155646,347.477,64.913,0.449
12.167256,345.607,64.820,0.420
12.178866,343.840,64.731,0.386
12.190476,345.236,64.801,0.367
12.202086,346.623,64.870,0.357
12.213696,350.230,65.050,0.369
12.225306,350.814,65.078,0.357
12.236916,351.361,65.105,0.351
12.248526,292.385,61.924,0.534
12.260136,281.903,61.292,0.620
12.271746,281.999,61.298,0.687
12.283356,282.181,61.309,0.735
12.294966,281.617,61.275,0.764
12.306576,280.899,61.231,0.786
12.318186,280.409,61.200,0.807
12.329796,280.148,61.184,0.825
12.341406,280.487,61.205,0.831
12.353016,281.832,61.288,0.833
12.364626,283.696,61.402,0.829
12.376236,285.863,61.534,0.820
12.387846,289.378,61.745,0.818
12.399456,294.566,62.053,0.818
12.411066,299.513,62.341,0.816
12.422676,304.062,62.602,0.817
12.434286,307.027,62.770,0.818
12.445896,309.438,62.906,0.819
12.457506,311.166,63.002,0.822
12.469116,312.058,63.052,0.825
12.480726,312.718,63.088,0.823
12.492336,312.909,63.099,0.824
12.503946,312.887,63.098,0.829
12.515556,312.347,63.068,0.833
12.527166,311.594,63.026,0.837
12.538776,310.728,62.978,0.840
12.550385,310.977,62.992,0.846
12.561995,312.534,63.078,0.849
12.573605,313.238,63.117,0.854
12.585215,313.048,63.107,0.854
12.596825,312.599,63.082,0.850
12.608435,312.474,63.075,0.846
12.620045,312.330,63.067,0.840
12.631655,312.271,63.064,0.837
12.643265,312.077,63.053,0.829
12.654875,311.748,63.035,0.826
12.666485,311.645,63.029,0.823
12.678095,311.821,63.039,0.817
12.689705,311.994,63.048,0.811
12.701315,312.018,63.049,0.795
12.712925,312.087,63.053,0.779
12.724535,311.984,63.048,0.756
12.736145,312.191,63.059,0.730
12.747755,312.425,63.072,0.695
12.759365,312.537,63.078,0.645
12.770975,312.138,63.056,0.580
12.782585,309.040,62.883,0.504
12.794195,310.553,62.968,0.448
12.805805,309.713,62.921,0.460
12.817415,310.073,62.941,0.478
12.829025,310.022,62.938,0.474
12.840635,309.853,62.929,0.474
12.852245,264.634,60.198,0.558
12.863855,264.367,60.180,0.646
12.875465,265.539,60.257,0.720
12.887075,265.542,60.257,0.764
12.898685,265.459,60.252,0.790
12.910295,264.122,60.164,0.808
12.921905,263.526,60.125,0.825
12.933515,263.039,60.093,0.842
12.945125,263.125,60.099,0.853
12.956735,263.574,60.128,0.857
12.968345,264.329,60.178,0.853
12.979955,266.751,60.336,0.849
12.991565,270.178,60.557,0.845
13.003175,274.853,60.854,0.848
13.014785,280.361,61.197,0.849
13.026395,285.371,61.504,0.846
13.038005,289.974,61.781,0.844
13.049615,293.230,61.974,0.838
13.061224,295.211,62.091,0.834
13.072834,296.228,62.150,0.832
13.084444,296.584,62.171,0.831
13.096054,296.511,62.167,0.828
13.107664,295.984,62.136,0.824
13.119274,295.365,62.100,0.817
13.130884,295.072,62.083,0.804
13.142494,294.681,62.060,0.808
13.154104,294.303,62.038,0.804
13.165714,294.014,62.021,0.801
13.177324,293.806,62.008,0.798
13.188934,293.422,61.986,0.795
13.200544,293.272,61.977,0.792
13.212154,293.517,61.991,0.798
13.223764,293.750,62.005,0.809
13.235374,293.535,61.992,0.807
13.246984,293.435,61.986,0.809
13.258594,293.422,61.986,0.809
13.270204,293.432,61.986,0.809
13.281814,293.484,61.989,0.808
13.293424,293.553,61.993,0.807
13.305034,293.568,61.994,0.805
13.316644,293.624,61.998,0.800
13.328254,293.768,62.006,0.799
13.339864,293.975,62.018,0.801
13.351474,294.109,62.026,0.806
13.363084,294.276,62.036,0.810
13.374694,294.390,62.043,0.812
13.386304,294.302,62.038,0.816
13.397914,294.166,62.030,0.819
13.409524,294.178,62.030,0.820
13.421134,294.266,62.035,0.815
13.432744,294.396,62.043,0.803
13.444354,294.334,62.039,0.787
13.455964,294.248,62.034,0.774
13.467574,294.206,62.032,0.756
13.479184,294.292,62.037,0.727
13.490794,294.389,62.043,0.690
13.502404,294.376,62.042,0.651
13.514014,293.720,62.003,0.617
13.525624,292.963,61.959,0.596
13.537234,293.183,61.972,0.566
13.548844,293.315,61.979,0.514
13.560454,293.610,61.997,0.479
13.572063,292.801,61.949,0.508
13.583673,292.892,61.954,0.521
13.595283,297.485,62.224,0.628
13.606893,296.808,62.184,0.680
13.618503,296.245,62.151,0.720
13.630113,295.429,62.104,0.747
13.641723,294.657,62.058,0.769
13.653333,293.908,62.014,0.789
13.664943,293.185,61.972,0.803
13.676553,292.056,61.905,0.818
13.688163,291.064,61.846,0.818
13.699773,290.498,61.812,0.817
13.711383,290.859,61.834,0.819
13.722993,292.889,61.954,0.821
13.734603,297.794,62.242,0.825
13.746213,302.739,62.527,0.827
13.757823,307.102,62.775,0.831
13.769433,310.101,62.943,0.832
13.781043,311.755,63.035,0.831
13.792653,312.524,63.078,0.831
13.804263,313.252,63.118,0.824
13.815873,313.342,63.123,0.823
13.827483,312.984,63.103,0.821
13.839093,312.206,63.060,0.821
13.850703,311.253,63.007,0.822
13.862313,310.339,62.956,0.825
13.873923,309.814,62.927,0.827
13.885533,310.430,62.961,0.831
13.897143,311.988,63.048,0.835
13.908753,313.257,63.118,0.837
13.920363,313.728,63.144,0.841
13.931973,313.867,63.152,0.841
13.943583,313.710,63.143,0.838
13.955193,313.223,63.116,0.833
13.966803,312.499,63.076,0.831
13.978413,311.549,63.023,0.828
13.990023,310.582,62.970,0.823
14.001633,309.268,62.896,0.815
14.013243,308.377,62.846,0.803
14.024853,307.878,62.818,0.794
14.036463,307.866,62.818,0.786
14.048073,308.597,62.859,0.778
14.059683,309.896,62.931,0.770
14.071293,311.236,63.006,0.762
14.082902,312.618,63.083,0.765
14.094512,313.656,63.140,0.771
14.106122,313.902,63.154,0.779
14.117732,313.958,63.157,0.787
14.129342,313.546,63.134,0.793
14.140952,312.796,63.093,0.797
14.152562,311.785,63.037,0.795
14.164172,310.592,62.970,0.795
14.175782,309.690,62.920,0.791
14.187392,309.023,62.883,0.787
14.199002,308.683,62.863,0.780
14.210612,308.833,62.872,0.769
14.222222,309.430,62.905,0.758
14.233832,310.366,62.958,0.749
14.245442,310.989,62.992,0.744
14.257052,311.635,63.028,0.740
14.268662,311.724,63.033,0.732
14.280272,311.360,63.013,0.721
14.291882,310.847,62.984,0.711
14.303492,310.335,62.956,0.704
14.315102,309.711,62.921,0.693
14.326712,308.822,62.871,0.674
14.338322,309.362,62.901,0.657
14.349932,309.773,62.925,0.635
14.361542,309.557,62.912,0.617
14.373152,309.710,62.921,0.603
14.384762,310.487,62.964,0.579
14.396372,311.143,63.001,0.550
14.407982,311.129,63.000,0.537
14.419592,310.703,62.976,0.539
14.431202,309.688,62.920,0.545
14.442812,309.675,62.919,0.545
14.454422,310.083,62.942,0.534
14.466032,310.159,62.946,0.525
14.477642,310.100,62.943,0.513
14.489252,310.178,62.947,0.500
14.500862,310.624,62.972,0.483
14.512472,311.290,63.009,0.460
14.524082,311.905,63.043,0.437
14.535692,311.309,63.010,0.419
14.547302,311.380,63.014,0.413
14.558912,311.698,63.032,0.391
14.570522,313.331,63.122,0.382
14.582132,307.453,62.794,0.402
14.593741,307.739,62.810,0.419
14.605351,306.241,62.726,0.437
14.616961,305.805,62.701,0.453
14.628571,306.272,62.728,0.464
14.640181,304.527,62.629,0.480
14.651791,303.653,62.579,0.489
14.663401,304.043,62.601,0.500
14.675011,304.757,62.642,0.505
14.686621,303.632,62.578,0.511
14.698231,303.178,62.552,0.519
14.709841,302.106,62.491,0.525
14.721451,323.141,63.656,0.529
14.733061,322.797,63.637,0.525
14.744671,322.280,63.610,0.519
14.756281,321.141,63.548,0.508
14.767891,321.179,63.551,0.489
14.779501,321.722,63.580,0.470
14.791111,322.461,63.619,0.440
14.802721,321.472,63.566,0.401
14.814331,151.169,50.504,0.359
14.825941,319.290,63.448,0.308
14.837551,316.303,63.286,0.265
14.849161,313.162,63.113,0.216
14.860771,310.712,62.977,0.201
14.872381,306.187,62.723,0.278
14.883991,239.726,58.487,0.608
14.895601,216.288,56.705,0.707
14.907211,210.437,56.231,0.765
14.918821,205.182,55.793,0.784
14.930431,203.051,55.612,0.792
14.942041,202.189,55.538,0.799
14.953651,201.786,55.504,0.803
14.965261,200.147,55.363,0.813
14.976871,197.100,55.097,0.800
14.988481,195.352,54.943,0.773
15.000091,193.572,54.784,0.734
15.011701,194.074,54.829,0.726
15.023311,195.770,54.980,0.735
15.034921,197.037,55.092,0.732
15.046531,198.216,55.195,0.725
15.058141,198.661,55.234,0.702
15.069751,199.925,55.343,0.677
15.081361,202.995,55.607,0.665
15.092971,202.583,55.572,0.679
15.104580,202.904,55.600,0.686
15.116190,202.491,55.564,0.688
15.127800,85.838,40.706,0.699
15.139410,85.852,40.709,0.714
15.151020,89.114,41.355,0.732
15.162630,89.079,41.348,0.741
15.174240,89.061,41.344,0.739
15.185850,87.239,40.987,0.720
15.197460,314.324,63.177,0.709
15.209070,289.343,61.743,0.738
15.220680,290.503,61.813,0.767
15.232290,291.004,61.842,0.786
15.243900,292.486,61.930,0.798
15.255510,291.784,61.889,0.809
15.267120,291.494,61.872,0.820
15.278730,290.714,61.825,0.834
15.290340,290.225,61.796,0.841
15.301950,290.402,61.807,0.833
15.313560,290.898,61.836,0.827
15.325170,291.428,61.868,0.826
15.336780,292.590,61.937,0.825
15.348390,301.444,62.453,0.831
15.360000,307.096,62.774,0.835
15.371610,309.606,62.915,0.835
15.383220,310.830,62.983,0.838
15.394830,311.610,63.027,0.840
15.406440,312.086,63.053,0.839
15.418050,312.131,63.056,0.839
15.429660,312.051,63.051,0.839
15.441270,311.989,63.048,0.839
15.452880,311.650,63.029,0.841
15.464490,311.477,63.019,0.837
15.476100,311.217,63.005,0.828
15.487710,311.024,62.994,0.814
15.499320,310.840,62.984,0.795
15.510930,310.704,62.976,0.770
15.522540,310.351,62.957,0.744
15.534150,309.893,62.931,0.702
15.545760,309.702,62.921,0.635
15.557370,307.906,62.820,0.575
15.568980,302.739,62.527,0.508
15.580590,299.801,62.358,0.448
15.592200,300.062,62.373,0.418
15.603810,298.764,62.298,0.410
15.615420,304.249,62.613,0.443
15.627029,308.799,62.870,0.527
15.638639,312.600,63.082,0.668
15.650249,315.655,63.250,0.745
15.661859,314.775,63.202,0.769
15.673469,314.206,63.170,0.784
15.685079,313.440,63.128,0.798
15.696689,312.942,63.101,0.810
15.708299,312.582,63.081,0.819
15.719909,312.448,63.073,0.827
15.731519,311.924,63.044,0.816
15.743129,311.155,63.002,0.795
15.754739,310.872,62.986,0.788
15.766349,310.784,62.981,0.780
15.777959,310.816,62.983,0.766
15.789569,310.965,62.991,0.750
15.801179,311.095,62.998,0.732
15.812789,311.179,63.003,0.704
15.824399,311.075,62.997,0.672
15.836009,310.808,62.982,0.644
15.847619,310.799,62.982,0.630
15.859229,310.713,62.977,0.648
15.870839,310.430,62.961,0.683
15.882449,310.333,62.956,0.718
15.894059,310.010,62.938,0.746
15.905669,309.888,62.931,0.772
15.917279,310.384,62.959,0.791
15.928889,311.756,63.035,0.803
15.940499,313.029,63.105,0.822
15.952109,313.136,63.111,0.839
15.963719,313.088,63.109,0.845
15.975329,312.784,63.092,0.845
15.986939,312.542,63.079,0.843
15.998549,312.399,63.071,0.840
16.010159,312.359,63.068,0.846
16.021769,312.198,63.060,0.848
16.033379,312.029,63.050,0.838
16.044989,312.146,63.057,0.827
16.056599,313.073,63.108,0.836
16.068209,315.876,63.262,0.849
16.079819,342.181,64.647,0.864
16.091429,345.570,64.818,0.876
16.103039,348.174,64.948,0.881
16.114649,349.226,65.000,0.887
16.126259,349.739,65.025,0.894
16.137868,350.112,65.044,0.898
16.149478,350.533,65.065,0.894
16.161088,350.506,65.063,0.890
16.172698,350.241,65.050,0.884
16.184308,349.976,65.037,0.876
16.195918,349.534,65.015,0.867
16.207528,349.053,64.991,0.857
16.219138,348.680,64.973,0.844
16.230748,348.395,64.959,0.829
16.242358,348.079,64.943,0.812
16.253968,347.728,64.925,0.793
16.265578,347.262,64.902,0.772
16.277188,347.388,64.909,0.748
16.288798,173.301,52.869,0.727
16.300408,173.480,52.887,0.711
16.312018,173.533,52.893,0.706
16.323628,763.257,78.536,0.705
16.335238,757.982,78.416,0.715
16.346848,755.913,78.369,0.710
16.358458,753.853,78.321,0.705
16.370068,362.683,65.654,0.719
16.381678,359.283,65.491,0.746
16.393288,357.551,65.408,0.767
16.404898,356.651,65.364,0.785
16.416508,356.349,65.349,0.803
16.428118,355.423,65.304,0.812
16.439728,354.489,65.259,0.824
16.451338,353.779,65.224,0.837
16.462948,352.966,65.184,0.841
16.474558,352.522,65.163,0.839
16.486168,353.379,65.205,0.842
16.497778,356.141,65.339,0.852
16.509388,361.242,65.586,0.855
16.520998,380.777,66.497,0.864
16.532608,385.983,66.732,0.872
16.544218,388.614,66.850,0.876
16.555828,390.613,66.939,0.883
16.567438,392.090,67.004,0.887
16.579048,393.358,67.060,0.890
16.590658,393.848,67.082,0.889
16.602268,393.160,67.051,0.892
16.613878,392.077,67.004,0.886
16.625488,390.925,66.953,0.876
16.637098,389.892,66.907,0.860
16.648707,387.816,66.814,0.844
16.660317,381.596,66.535,0.845
16.671927,372.730,66.128,0.838
16.683537,359.270,65.491,0.828
16.695147,322.648,63.629,0.814
16.706757,315.218,63.226,0.808
16.718367,313.330,63.122,0.813
16.729977,312.910,63.099,0.822
16.741587,312.770,63.091,0.827
16.753197,155.775,51.024,0.807
16.764807,155.584,51.002,0.788
16.776417,155.542,50.998,0.762
16.788027,155.689,51.014,0.735
16.799637,155.838,51.031,0.712
16.811247,155.949,51.043,0.674
16.822857,316.369,63.289,0.667
16.834467,315.460,63.239,0.670
16.846077,314.768,63.201,0.686
16.857687,313.510,63.132,0.709
16.869297,312.760,63.091,0.731
16.880907,312.355,63.068,0.749
16.892517,312.140,63.056,0.762
16.904127,312.012,63.049,0.776
16.915737,311.817,63.038,0.778
16.927347,311.527,63.022,0.771
16.938957,311.449,63.018,0.765
16.950567,311.497,63.021,0.760
16.962177,311.577,63.025,0.754
16.973787,311.598,63.026,0.747
16.985397,155.801,51.026,0.742
16.997007,155.735,51.019,0.739
17.008617,155.664,51.011,0.731
17.020227,155.562,51.000,0.723
17.031837,155.480,50.991,0.711
17.043447,311.250,63.007,0.702
17.055057,311.580,63.025,0.690
17.066667,154.986,50.936,0.675
17.078277,154.441,50.875,0.652
17.089887,153.622,50.783,0.618
17.101497,152.638,50.671,0.593
17.113107,372.228,66.104,0.581
17.124717,254.839,59.545,0.625
17.136327,251.558,59.321,0.676
17.147937,248.828,59.132,0.737
17.159546,247.623,59.048,0.780
17.171156,244.781,58.848,0.813
17.182766,243.561,58.761,0.836
17.194376,242.528,58.688,0.851
17.205986,241.997,58.650,0.862
17.217596,241.673,58.627,0.865
17.229206,242.074,58.655,0.868
17.240816,243.211,58.736,0.864
17.252426,245.743,58.916,0.860
17.264036,248.678,59.121,0.856
17.275646,251.477,59.315,0.857
17.287256,254.199,59.501,0.854
17.298866,256.436,59.653,0.855
17.310476,257.414,59.719,0.861
17.322086,258.276,59.777,0.858
17.333696,258.449,59.789,0.848
17.345306,257.848,59.748,0.834
17.356916,256.465,59.655,0.817
17.368526,257.039,59.694,0.797
17.380136,256.028,59.626,0.783
17.391746,255.981,59.622,0.761
17.403356,255.973,59.622,0.727
17.414966,245.578,58.904,0.694
17.426576,245.429,58.894,0.688
17.438186,245.306,58.885,0.705
17.449796,237.117,58.297,0.718
17.461406,243.804,58.779,0.723
17.473016,243.931,58.788,0.725
17.484626,241.102,58.586,0.717
17.496236,239.370,58.461,0.710
17.507846,238.824,58.421,0.704
17.519456,238.180,58.375,0.690
17.531066,237.386,58.317,0.647
17.542676,240.663,58.554,0.618
17.554286,259.490,59.858,0.604
17.565896,262.879,60.083,0.606
17.577506,263.920,60.151,0.640
17.589116,263.811,60.144,0.671
17.600726,263.292,60.110,0.703
17.612336,262.870,60.082,0.730
17.623946,262.457,60.055,0.757
17.635556,262.013,60.026,0.778
17.647166,261.484,59.991,0.791
17.658776,260.694,59.938,0.803
17.670385,260.279,59.911,0.811
17.681995,260.063,59.896,0.817
17.693605,260.106,59.899,0.824
17.705215,260.346,59.915,0.831
17.716825,260.783,59.944,0.834
17.728435,261.366,59.983,0.834
17.740045,262.030,60.027,0.835
17.751655,262.466,60.056,0.834
17.763265,262.504,60.058,0.833
17.774875,262.288,60.044,0.832
17.786485,261.835,60.014,0.826
17.798095,261.059,59.962,0.819
17.809705,260.395,59.918,0.811
17.821315,259.652,59.869,0.805
17.832925,259.106,59.832,0.799
17.844535,258.821,59.813,0.798
17.856145,258.903,59.819,0.799
17.867755,259.402,59.852,0.798
17.879365,260.149,59.902,0.796
17.890975,260.887,59.951,0.792
17.902585,261.662,60.002,0.784
17.914195,262.410,60.052,0.771
17.925805,262.911,60.085,0.757
17.937415,263.096,60.097,0.738
17.949025,263.106,60.098,0.713
17.960635,262.628,60.066,0.687
17.972245,261.529,59.994,0.664
17.983855,260.310,59.913,0.644
17.995465,258.666,59.803,0.639
18.007075,257.877,59.750,0.637
18.018685,258.140,59.768,0.640
18.030295,258.982,59.824,0.646
18.041905,259.815,59.880,0.659
18.053515,261.048,59.962,0.665
18.065125,262.551,60.061,0.665
18.076735,263.331,60.113,0.661
18.088345,263.727,60.138,0.652
18.099955,263.779,60.142,0.643
18.111565,263.597,60.130,0.632
18.123175,263.280,60.109,0.619
18.134785,262.989,60.090,0.596
18.146395,262.282,60.043,0.578
18.158005,261.069,59.963,0.567
18.169615,260.270,59.910,0.560
18.181224,259.710,59.873,0.558
18.192834,259.813,59.880,0.556
18.204444,259.900,59.885,0.549
18.216054,260.150,59.902,0.531
18.227664,260.710,59.939,0.509
18.239274,261.237,59.974,0.482
18.250884,261.773,60.010,0.453
18.262494,262.034,60.027,0.421
18.274104,262.668,60.069,0.385
18.285714,263.470,60.122,0.345
18.297324,263.728,60.139,0.309
18.308934,262.639,60.067,0.283
18.320544,262.777,60.076,0.276
18.332154,262.394,60.051,0.267
18.343764,262.122,60.033,0.265
18.355374,262.137,60.034,0.267
18.366984,262.175,60.036,0.266
18.378594,262.408,60.052,0.275
18.390204,262.347,60.048,0.285
18.401814,262.568,60.062,0.287
18.413424,262.420,60.052,0.287
18.425034,263.059,60.095,0.286
18.436644,263.295,60.110,0.292
18.448254,263.294,60.110,0.295
18.459864,262.877,60.083,0.304
18.471474,262.568,60.062,0.308
18.483084,262.575,60.063,0.307
18.494694,262.321,60.046,0.308
18.506304,262.108,60.032,0.310
18.517914,262.005,60.025,0.309
18.529524,261.652,60.002,0.307
18.541134,262.051,60.028,0.302
18.552744,262.353,60.048,0.294
18.564354,262.375,60.049,0.289
18.575964,262.345,60.048,0.288
18.587574,262.527,60.060,0.285
18.599184,262.445,60.054,0.284
18.610794,262.470,60.056,0.286
18.622404,262.258,60.042,0.284
18.634014,261.962,60.022,0.281
18.645624,261.872,60.016,0.280
18.657234,262.033,60.027,0.276
18.668844,262.215,60.039,0.269
18.680454,261.651,60.002,0.278
18.692063,262.035,60.027,0.285
18.703673,263.963,60.154,0.295
18.715283,263.716,60.138,0.314
18.726893,264.491,60.189,0.328
18.738503,264.621,60.197,0.343
18.750113,262.310,60.045,0.354
18.761723,262.678,60.069,0.364
18.773333,262.614,60.065,0.363
18.784943,86.003,40.739,0.363
18.796553,262.831,60.080,0.359
18.808163,262.314,60.046,0.346
18.819773,262.692,60.070,0.329
18.831383,260.566,59.930,0.302
18.842993,264.462,60.187,0.272
18.854603,277.690,61.032,0.238
18.866213,266.097,60.293,0.205
18.877823,263.568,60.128,0.166
18.889433,262.027,60.027,0.148
18.901043,257.299,59.711,0.259
18.912653,245.069,58.868,0.367
18.924263,236.314,58.238,0.466
18.935873,233.639,58.041,0.563
18.947483,228.676,57.670,0.610
18.959093,226.741,57.523,0.656
18.970703,229.777,57.753,0.709
18.982313,234.770,58.125,0.750
18.993923,240.376,58.533,0.776
19.005533,257.270,59.709,0.803
19.017143,266.559,60.323,0.822
19.028753,271.266,60.626,0.833
19.040363,273.986,60.799,0.845
19.051973,275.807,60.914,0.854
19.063583,277.032,60.991,0.853
19.075193,277.795,61.038,0.848
19.086803,278.297,61.069,0.847
19.098413,279.436,61.140,0.840
19.110023,280.558,61.210,0.832
19.121633,283.520,61.391,0.829
19.133243,287.122,61.610,0.823
19.144853,292.828,61.951,0.820
19.156463,298.296,62.271,0.820
19.168073,302.771,62.529,0.822
19.179683,307.181,62.779,0.826
19.191293,309.833,62.928,0.827
19.202902,310.931,62.989,0.831
19.214512,311.667,63.030,0.833
19.226122,311.870,63.041,0.832
19.237732,311.866,63.041,0.828
19.249342,311.519,63.022,0.824
19.260952,310.871,62.986,0.824
19.272562,310.300,62.954,0.819
19.284172,310.141,62.945,0.814
19.295782,310.489,62.964,0.813
19.307392,311.039,62.995,0.811
19.319002,311.068,62.997,0.810
19.330612,311.070,62.997,0.810
19.342222,311.104,62.999,0.813
19.353832,311.048,62.996,0.818
19.365442,310.988,62.992,0.822
19.377052,310.912,62.988,0.829
19.388662,310.772,62.980,0.832
19.400272,310.768,62.980,0.832
19.411882,310.790,62.981,0.838
19.423492,310.875,62.986,0.841
19.435102,310.867,62.986,0.843
19.446712,310.912,62.988,0.843
19.458322,310.882,62.986,0.843
19.469932,310.905,62.988,0.843
19.481542,310.940,62.990,0.842
19.493152,311.047,62.996,0.841
19.504762,311.278,63.008,0.837
19.516372,311.582,63.025,0.833
19.527982,311.841,63.040,0.826
19.539592,312.149,63.057,0.812
19.551202,312.608,63.082,0.797
19.562812,313.494,63.131,0.787
19.574422,314.633,63.194,0.783
19.586032,316.290,63.285,0.782
19.597642,320.475,63.513,0.789
19.609252,403.166,67.486,0.803
19.620862,410.395,67.794,0.819
19.632472,412.505,67.883,0.833
19.644082,412.976,67.903,0.846
19.655692,413.146,67.910,0.855
19.667302,413.088,67.907,0.859
19.678912,413.610,67.929,0.862
19.690522,415.954,68.027,0.863
19.702132,418.323,68.125,0.859
19.713741,418.711,68.141,0.844
19.725351,419.413,68.170,0.835
19.736961,423.134,68.323,0.825
19.748571,429.896,68.598,0.815
19.760181,437.998,68.921,0.809
19.771791,446.438,69.251,0.802
19.783401,456.840,69.650,0.789
19.795011,464.928,69.954,0.782
19.806621,467.355,70.044,0.799
19.818231,468.883,70.101,0.815
19.829841,469.510,70.124,0.828
19.841451,469.733,70.132,0.838
19.853061,468.211,70.076,0.842
19.864671,466.290,70.005,0.838
19.876281,465.049,69.959,0.830
19.887891,462.788,69.874,0.820
19.899501,461.449,69.824,0.807
19.911111,454.676,69.568,0.794
19.922721,448.506,69.331,0.778
19.934331,401.456,67.413,0.767
19.945941,399.581,67.332,0.772
19.957551,400.569,67.375,0.797
19.969161,400.882,67.388,0.819
19.980771,400.657,67.378,0.834
19.992381,400.288,67.362,0.846
20.003991,399.954,67.348,0.853
20.015601,399.396,67.324,0.861
20.027211,398.722,67.295,0.861
20.038821,397.176,67.227,0.859
20.050431,395.686,67.162,0.853
20.062041,394.538,67.112,0.849
20.073651,393.624,67.072,0.843
20.085261,392.982,67.044,0.841
20.096871,392.590,67.026,0.837
20.108481,392.151,67.007,0.835
20.120091,391.981,66.999,0.834
20.131701,391.914,66.996,0.830
20.143311,391.967,66.999,0.828
20.154921,392.060,67.003,0.825
20.166531,392.188,67.009,0.827
20.178141,392.435,67.019,0.824
20.189751,392.653,67.029,0.822
20.201361,392.886,67.039,0.817
20.212971,392.850,67.038,0.816
20.224580,392.566,67.025,0.818
20.236190,392.179,67.008,0.816
20.247800,391.681,66.986,0.821
20.259410,391.097,66.960,0.821
20.271020,390.444,66.931,0.830
20.282630,389.964,66.910,0.836
20.294240,389.518,66.890,0.844
20.305850,389.463,66.888,0.848
20.317460,389.709,66.899,0.854
20.329070,390.146,66.918,0.858
20.340680,390.918,66.952,0.862
20.352290,391.619,66.983,0.863
20.363900,392.169,67.008,0.864
20.375510,392.675,67.030,0.866
20.387120,393.236,67.055,0.862
20.398730,393.647,67.073,0.857
20.410340,394.051,67.091,0.848
20.421950,394.388,67.105,0.844
20.433560,394.667,67.118,0.833
20.445170,394.860,67.126,0.817
20.456780,394.969,67.131,0.791
20.468390,395.368,67.148,0.757
20.480000,396.128,67.182,0.726
20.491610,397.186,67.228,0.696
20.503220,397.413,67.238,0.664
20.514830,396.694,67.206,0.603
20.526440,395.152,67.139,0.521
20.538050,395.055,67.135,0.498
20.549660,395.363,67.148,0.504
20.561270,395.478,67.153,0.503
20.572880,398.884,67.302,0.498
20.584490,405.126,67.570,0.489
20.596100,408.930,67.732,0.485
20.607710,410.698,67.807,0.492
20.619320,411.187,67.828,0.501
20.630930,412.619,67.888,0.518
20.642540,195.049,54.916,0.527
20.654150,195.087,54.919,0.530
20.665760,194.943,54.907,0.524
20.677370,195.195,54.929,0.516
20.688980,195.214,54.931,0.506
20.700590,195.373,54.945,0.491
20.712200,195.539,54.959,0.468
20.723810,195.888,54.990,0.429
20.735420,196.021,55.002,0.391
20.747029,409.413,67.753,0.366
20.758639,459.639,69.756,0.430
20.770249,454.133,69.547,0.536
20.781859,469.447,70.121,0.642
20.793469,476.168,70.368,0.695
20.805079,239.276,58.454,0.729
20.816689,239.202,58.449,0.758
20.828299,238.755,58.416,0.781
20.839909,237.884,58.353,0.795
20.851519,236.545,58.255,0.805
20.863129,236.214,58.231,0.814
20.874739,236.965,58.286,0.812
20.886349,235.008,58.143,0.809
20.897959,234.484,58.104,0.802
20.909569,233.968,58.066,0.794
20.921179,233.477,58.029,0.777
20.932789,233.081,58.000,0.762
20.944399,232.892,57.986,0.743
20.956009,232.653,57.968,0.711
20.967619,232.357,57.946,0.666
20.979229,231.808,57.905,0.618
20.990839,230.253,57.789,0.560
21.002449,225.322,57.414,0.469
21.014059,96.388,42.713,0.403
21.025669,79.891,39.463,0.393
21.037279,455.578,69.602,0.456
21.048889,451.317,69.440,0.487
21.060499,452.372,69.480,0.497
21.072109,452.738,69.494,0.505
21.083719,375.635,66.262,0.573
21.095329,329.648,64.001,0.684
21.106939,347.464,64.912,0.748
21.118549,354.965,65.282,0.794
21.130159,358.242,65.441,0.820
21.141769,359.921,65.522,0.843
21.153379,360.018,65.527,0.860
21.164989,359.331,65.494,0.870
21.176599,359.394,65.497,0.876
21.188209,361.082,65.578,0.874
21.199819,363.085,65.674,0.869
21.211429,365.692,65.798,0.865
21.223039,367.753,65.895,0.865
21.234649,372.099,66.098,0.866
21.246259,377.710,66.357,0.869
21.257868,382.709,66.585,0.880
21.269478,386.104,66.738,0.888
21.281088,389.116,66.872,0.895
21.292698,391.403,66.974,0.901
21.304308,393.086,67.048,0.902
21.315918,394.039,67.090,0.899
21.327528,394.669,67.118,0.885
21.339138,395.165,67.139,0.870
21.350748,395.351,67.148,0.859
21.362358,395.216,67.142,0.851
21.373968,394.780,67.123,0.840
21.385578,394.110,67.093,0.830
21.397188,393.461,67.065,0.823
21.408798,393.282,67.057,0.823
21.420408,393.205,67.053,0.838
21.432018,393.080,67.048,0.853
21.443628,393.067,67.047,0.858
21.455238,392.912,67.040,0.859
21.466848,392.736,67.033,0.859
21.478458,392.552,67.025,0.858
21.490068,392.452,67.020,0.859
21.501678,392.453,67.020,0.858
21.513288,392.491,67.022,0.859
21.524898,392.483,67.022,0.858
21.536508,392.446,67.020,0.856
21.548118,392.426,67.019,0.859
21.559728,392.448,67.020,0.861
21.571338,392.476,67.021,0.868
21.582948,392.497,67.022,0.870
21.594558,392.367,67.016,0.875
21.606168,392.245,67.011,0.876
21.617778,392.177,67.008,0.882
21.629388,392.214,67.010,0.882
21.640998,392.253,67.011,0.880
21.652608,392.310,67.014,0.876
21.664218,392.315,67.014,0.867
21.675828,392.412,67.018,0.858
21.687438,392.503,67.022,0.845
21.699048,392.603,67.027,0.827
21.710658,392.689,67.031,0.799
21.722268,392.841,67.037,0.771
21.733878,392.945,67.042,0.738
21.745488,393.105,67.049,0.704
21.757098,393.105,67.049,0.673
21.768707,392.641,67.028,0.645
21.780317,391.033,66.957,0.630
21.791927,391.547,66.980,0.628
21.803537,390.886,66.951,0.634
21.815147,390.568,66.937,0.637
21.826757,390.135,66.918,0.687
21.838367,389.417,66.886,0.745
21.849977,389.957,66.910,0.776
21.861587,390.585,66.938,0.802
21.873197,390.759,66.945,0.817
21.884807,390.603,66.938,0.833
21.896417,391.188,66.964,0.844
21.908027,391.477,66.977,0.853
21.919637,391.777,66.990,0.846
21.931247,392.004,67.000,0.826
21.942857,392.412,67.018,0.807
21.954467,393.237,67.055,0.787
21.966077,394.473,67.109,0.776
21.977687,397.804,67.255,0.764
21.989297,402.934,67.476,0.757
22.000907,410.514,67.799,0.757
22.012517,414.512,67.967,0.769
22.024127,416.167,68.036,0.780
22.035737,417.200,68.079,0.787
22.047347,417.234,68.080,0.795
22.058957,417.557,68.094,0.801
22.070567,416.731,68.059,0.805
22.082177,415.852,68.023,0.812
22.093787,415.410,68.004,0.819
22.105397,415.149,67.994,0.823
22.117007,415.460,68.006,0.832
22.128617,415.663,68.015,0.844
22.140227,415.906,68.025,0.853
22.151837,415.998,68.029,0.856
22.163447,415.400,68.004,0.865
22.175057,414.374,67.961,0.870
22.186667,412.482,67.882,0.874
22.198277,409.943,67.775,0.877
22.209887,406.680,67.637,0.881
22.221497,402.507,67.458,0.881
22.233107,399.209,67.316,0.878
22.244717,396.900,67.215,0.878
22.256327,395.147,67.139,0.871
22.267937,393.620,67.072,0.867
22.279546,392.802,67.036,0.859
22.291156,391.532,66.980,0.853
22.302766,389.700,66.898,0.844
22.314376,386.301,66.747,0.836
22.325986,379.422,66.436,0.833
22.337596,361.432,65.595,0.829
22.349206,352.758,65.174,0.828
22.360816,350.737,65.075,0.827
22.372426,350.097,65.043,0.833
22.384036,349.562,65.017,0.834
22.395646,349.632,65.020,0.834
22.407256,349.931,65.035,0.836
22.418866,350.094,65.043,0.836
22.430476,350.270,65.052,0.837
22.442086,350.216,65.049,0.836
22.453696,350.102,65.043,0.837
22.465306,349.941,65.035,0.834
22.476916,349.760,65.026,0.831
22.488526,349.642,65.020,0.827
22.500136,349.546,65.016,0.823
22.511746,349.571,65.017,0.821
22.523356,349.768,65.027,0.820
22.534966,349.972,65.037,0.822
22.546576,350.288,65.052,0.828
22.558186,350.215,65.049,0.830
22.569796,351.045,65.090,0.835
22.581406,351.906,65.132,0.839
22.593016,352.636,65.168,0.841
22.604626,352.806,65.176,0.838
22.616236,352.503,65.162,0.835
22.627846,352.095,65.142,0.828
22.639456,351.305,65.103,0.816
22.651066,350.488,65.062,0.809
22.662676,349.497,65.013,0.803
22.674286,348.150,64.946,0.797
22.685896,346.403,64.859,0.794
22.697506,345.884,64.833,0.798
22.709116,346.271,64.853,0.804
22.720726,346.720,64.875,0.807
22.732336,348.505,64.964,0.813
22.743946,350.165,65.046,0.815
22.755556,350.861,65.081,0.814
22.767166,351.036,65.089,0.813
22.778776,351.278,65.101,0.809
22.790385,351.456,65.110,0.796
22.801995,351.360,65.105,0.775
22.813605,350.902,65.083,0.751
22.825215,350.302,65.053,0.721
22.836825,349.328,65.005,0.682
22.848435,348.367,64.957,0.640
22.860045,347.741,64.926,0.584
22.871655,350.574,65.067,0.528
22.883265,175.349,53.073,0.493
22.894875,175.130,53.051,0.513
22.906485,174.851,53.023,0.536
22.918095,174.622,53.001,0.556
22.929705,329.726,64.005,0.572
22.941315,329.067,63.971,0.587
22.952925,329.549,63.996,0.594
22.964535,599.882,74.366,0.602
22.976145,601.058,74.400,0.604
22.987755,86.175,40.774,0.599
22.999365,96.663,42.762,0.589
23.010975,86.123,40.764,0.577
23.022585,86.287,40.797,0.563
23.034195,86.444,40.828,0.545
23.045805,86.733,40.886,0.528
23.057415,174.183,52.957,0.499
23.069025,173.985,52.938,0.489
23.080635,175.243,53.062,0.469
23.092245,175.297,53.068,0.455
23.103855,948.036,82.289,0.619
23.115465,947.860,82.286,0.680
23.127075,932.212,81.998,0.739
23.138685,939.589,82.134,0.801
23.150295,941.159,82.163,0.840
23.161905,941.529,82.170,0.860
23.173515,940.938,82.159,0.877
23.185125,939.042,82.124,0.893
23.196735,306.758,62.755,0.894
23.208345,307.290,62.785,0.895
23.219955,308.390,62.847,0.893
23.231565,309.710,62.921,0.875
23.243175,310.950,62.990,0.859
23.254785,313.597,63.137,0.851
23.266395,320.338,63.505,0.844
23.278005,328.877,63.961,0.839
23.289615,335.543,64.308,0.837
23.301224,342.112,64.644,0.841
23.312834,346.606,64.869,0.839
23.324444,348.757,64.977,0.845
23.336054,349.931,65.035,0.845
23.347664,350.500,65.063,0.834
23.359274,350.744,65.075,0.821
23.370884,351.145,65.095,0.801
23.382494,351.102,65.093,0.779
23.394104,350.245,65.050,0.753
23.405714,349.603,65.019,0.717
23.417324,348.645,64.971,0.669
23.428934,314.536,63.189,0.618
23.440544,330.426,64.042,0.659
23.452154,349.344,65.006,0.724
23.463764,350.172,65.047,0.772
23.475374,351.130,65.094,0.801
23.486984,351.778,65.126,0.819
23.498594,351.828,65.128,0.837
23.510204,351.470,65.111,0.847
23.521814,351.300,65.102,0.848
23.533424,351.539,65.114,0.836
23.545034,351.996,65.137,0.810
23.556644,352.071,65.140,0.777
23.568254,351.359,65.105,0.737
23.579864,349.798,65.028,0.687
23.591474,343.376,64.707,0.606
23.603084,330.575,64.050,0.469
23.614694,116.945,46.060,0.389
23.626304,117.079,46.080,0.393
23.637914,319.289,63.448,0.410
23.649524,316.161,63.278,0.424
23.661134,315.698,63.253,0.422
23.672744,315.468,63.240,0.418
23.684354,315.749,63.255,0.416
23.695964,316.575,63.301,0.409
23.707574,319.381,63.453,0.452
23.719184,319.149,63.441,0.479
23.730794,349.365,65.007,0.638
23.742404,350.981,65.087,0.705
23.754014,351.645,65.119,0.744
23.765624,352.126,65.143,0.772
23.777234,352.190,65.146,0.793
23.788844,352.079,65.141,0.812
23.800454,351.756,65.125,0.825
23.812063,351.365,65.106,0.837
23.823673,351.167,65.096,0.831
23.835283,350.919,65.084,0.821
23.846893,350.275,65.052,0.818
23.858503,349.593,65.018,0.817
23.870113,348.852,64.981,0.817
23.881723,348.450,64.961,0.818
23.893333,348.339,64.956,0.820
23.904943,348.778,64.978,0.825
23.916553,349.229,65.000,0.831
23.928163,349.641,65.020,0.839
23.939773,349.792,65.028,0.842
23.951383,349.734,65.025,0.843
23.962993,349.459,65.011,0.845
23.974603,348.967,64.987,0.845
23.986213,348.417,64.960,0.844
23.997823,347.866,64.932,0.841
24.009433,347.841,64.931,0.834
24.021043,349.564,65.017,0.825
24.032653,351.169,65.096,0.822
24.044263,351.533,65.114,0.820
24.055873,351.407,65.108,0.820
24.067483,350.877,65.082,0.821
24.079093,350.347,65.055,0.820
24.090703,350.263,65.051,0.818
24.102313,350.955,65.085,0.821
24.113923,352.231,65.148,0.829
24.125533,355.011,65.284,0.834
24.137143,360.382,65.544,0.839
24.148753,369.941,65.998,0.841
24.160363,378.767,66.406,0.846
24.171973,384.257,66.655,0.850
24.183583,387.486,66.800,0.856
24.195193,389.882,66.906,0.860
24.206803,391.454,66.976,0.860
24.218413,392.645,67.029,0.859
24.230023,393.175,67.052,0.856
24.241633,393.142,67.051,0.856
24.253243,392.813,67.036,0.850
24.264853,392.401,67.018,0.849
24.276463,392.166,67.008,0.844
24.288073,391.860,66.994,0.843
24.299683,391.181,66.964,0.843
24.311293,389.751,66.901,0.843
24.322902,388.143,66.829,0.842
24.334512,385.845,66.726,0.835
24.346122,383.461,66.619,0.829
24.357732,380.866,66.501,0.824
24.369342,378.075,66.374,0.819
24.380952,374.208,66.196,0.812
24.392562,341.914,64.634,0.802
24.404172,266.338,60.309,0.793
24.415782,265.900,60.281,0.788
24.427392,264.100,60.163,0.788
24.439002,263.604,60.130,0.793
24.450612,262.890,60.083,0.792
24.462222,262.315,60.046,0.796
24.473832,262.322,60.046,0.796
24.485442,262.282,60.043,0.788
24.497052,262.480,60.056,0.774
24.508662,262.988,60.090,0.757
24.520272,263.363,60.115,0.734
24.531882,263.686,60.136,0.707
24.543492,263.040,60.093,0.671
24.555102,262.110,60.032,0.611
24.566712,131.315,48.066,0.527
24.578322,379.077,66.420,0.490
24.589932,379.657,66.446,0.484
24.601542,131.300,48.064,0.477
24.613152,131.303,48.065,0.484
24.624762,131.188,48.050,0.492
24.636372,130.604,47.972,0.555
24.647982,260.865,59.950,0.638
24.659592,262.686,60.070,0.691
24.671202,263.656,60.134,0.727
24.682812,263.497,60.123,0.755
24.694422,263.321,60.112,0.776
24.706032,263.064,60.095,0.793
24.717642,262.718,60.072,0.808
24.729252,262.658,60.068,0.817
24.740862,262.387,60.050,0.817
24.752472,261.866,60.016,0.813
24.764082,261.462,59.989,0.811
24.775692,261.058,59.962,0.805
24.787302,260.869,59.950,0.800
24.798912,261.149,59.968,0.796
24.810522,261.395,59.985,0.792
24.822132,261.637,60.001,0.785
24.833741,261.846,60.015,0.780
24.845351,262.177,60.036,0.777
24.856961,262.342,60.047,0.775
24.868571,262.523,60.059,0.778
24.880181,262.348,60.048,0.782
24.891791,262.161,60.035,0.786
24.903401,261.921,60.020,0.789
24.915011,261.860,60.016,0.792
24.926621,261.780,60.010,0.794
24.938231,261.750,60.008,0.797
24.949841,261.797,60.011,0.799
24.961451,261.984,60.024,0.799
24.973061,262.202,60.038,0.798
24.984671,262.309,60.045,0.796
24.996281,262.391,60.051,0.794
25.007891,262.418,60.052,0.791
25.019501,262.474,60.056,0.786
25.031111,262.424,60.053,0.780
25.042721,262.351,60.048,0.772
25.054331,262.062,60.029,0.764
25.065941,261.811,60.012,0.754
25.077551,261.545,59.995,0.743
25.089161,261.384,59.984,0.731
25.100771,261.670,60.003,0.720
25.112381,262.321,60.046,0.710
25.123991,263.555,60.127,0.704
25.135601,266.471,60.318,0.699
25.147211,268.306,60.437,0.681
25.158821,270.257,60.562,0.660
25.170431,272.213,60.687,0.642
25.182041,278.689,61.094,0.640
25.193651,296.145,62.146,0.668
25.205261,345.945,64.836,0.697
25.216871,352.851,65.179,0.721
25.228481,355.118,65.290,0.746
25.240091,355.400,65.303,0.773
25.251701,354.779,65.273,0.796
25.263311,353.950,65.233,0.812
25.274921,353.048,65.188,0.822
25.286531,352.952,65.184,0.823
25.298141,352.876,65.180,0.824
25.309751,353.016,65.187,0.824
25.321361,353.422,65.207,0.823
25.332971,356.905,65.376,0.826
25.344580,370.866,66.041,0.828
25.356190,376.817,66.316,0.835
25.367800,383.756,66.632,0.843
25.379410,389.910,66.908,0.848
25.391020,392.267,67.012,0.853
25.402630,393.259,67.056,0.855
25.414240,394.055,67.091,0.860
25.425850,394.165,67.096,0.858
25.437460,393.390,67.061,0.858
25.449070,392.508,67.023,0.854
25.460680,391.129,66.962,0.850
25.472290,389.700,66.898,0.844
25.483900,388.237,66.833,0.833
25.495510,387.025,66.779,0.822
25.507120,385.138,66.694,0.815
25.518730,383.723,66.631,0.804
25.530340,382.051,66.555,0.789
25.541950,378.317,66.385,0.776
25.553560,370.173,66.008,0.761
25.565170,264.657,60.199,0.756
25.576780,247.743,59.056,0.756
25.588390,242.931,58.716,0.755
25.600000,237.017,58.290,0.746
25.611610,236.078,58.221,0.744
25.623220,232.403,57.949,0.742
25.634830,232.214,57.935,0.742
25.646440,232.509,57.957,0.742
25.658050,232.675,57.970,0.734
25.669660,232.983,57.993,0.733
25.681270,232.724,57.973,0.732
25.692880,116.651,46.016,0.719
25.704490,116.530,45.998,0.705
25.716100,115.631,45.864,0.686
25.727710,115.570,45.855,0.665
25.739320,115.295,45.814,0.636
25.750930,114.526,45.698,0.606
25.762540,393.441,67.064,0.618
25.774150,391.335,66.971,0.592
25.785760,391.108,66.961,0.599
25.797370,257.819,59.746,0.646
25.808980,254.992,59.555,0.683
25.820590,232.839,57.982,0.719
25.832200,233.811,58.054,0.751
25.843810,233.810,58.054,0.774
25.855420,235.844,58.204,0.778
25.867029,235.449,58.175,0.794
25.878639,235.146,58.153,0.804
25.890249,234.746,58.123,0.802
25.901859,234.061,58.073,0.800
25.913469,233.703,58.046,0.795
25.925079,233.279,58.015,0.786
25.936689,233.129,58.004,0.774
25.948299,233.019,57.995,0.769
25.959909,232.915,57.988,0.763
25.971519,232.785,57.978,0.760
25.983129,232.593,57.964,0.763
25.994739,232.525,57.959,0.764
26.006349,232.718,57.973,0.762
26.017959,232.724,57.973,0.764
26.029569,232.777,57.977,0.771
26.041179,232.674,57.970,0.770
26.052789,232.479,57.955,0.767
26.064399,232.416,57.950,0.768
26.076009,232.583,57.963,0.766
26.087619,232.604,57.964,0.765
26.099229,232.553,57.961,0.765
26.110839,232.404,57.950,0.761
26.122449,232.307,57.942,0.749
26.134059,232.466,57.954,0.740
26.145669,232.639,57.967,0.729
26.157279,232.764,57.976,0.710
26.168889,232.772,57.977,0.688
26.180499,232.889,57.986,0.664
26.192109,233.275,58.014,0.632
26.203719,234.237,58.086,0.597
26.215329,236.155,58.227,0.575
26.226939,237.066,58.293,0.544
26.238549,237.837,58.350,0.515
26.250159,238.386,58.390,0.491
26.261769,238.975,58.432,0.455
26.273379,239.134,58.444,0.412
26.284989,239.532,58.473,0.378
26.296599,240.583,58.548,0.341
26.308209,240.019,58.508,0.310
26.319819,238.246,58.379,0.264
26.331429,512.294,71.634,0.547
26.343039,503.441,71.332,0.614
26.354649,157.607,51.226,0.675
26.366259,156.660,51.122,0.712
26.377868,156.165,51.067,0.742
26.389478,155.962,51.044,0.766
26.401088,155.736,51.019,0.781
26.412698,155.670,51.012,0.787
26.424308,155.075,50.946,0.772
26.435918,309.887,62.931,0.760
26.447528,308.716,62.865,0.740
26.459138,304.026,62.600,0.718
26.470748,303.312,62.560,0.688
26.482358,314.669,63.196,0.650
26.493968,282.456,61.326,0.609
26.505578,231.784,57.903,0.596
26.517188,231.847,57.908,0.597
26.528798,237.409,58.318,0.594
26.540408,237.406,58.318,0.578
26.552018,237.235,58.306,0.569
26.563628,237.155,58.300,0.555
26.575238,237.001,58.289,0.539
26.586848,116.675,46.020,0.526
26.598458,116.676,46.020,0.516
26.610068,116.677,46.020,0.508
26.621678,116.675,46.020,0.499
26.633288,116.654,46.017,0.491
26.644898,116.696,46.023,0.473
26.656508,237.157,58.300,0.464
26.668118,314.785,63.202,0.610
26.679728,314.364,63.179,0.716
26.691338,315.868,63.262,0.773
26.702948,316.551,63.299,0.802
26.714558,316.253,63.283,0.823
26.726168,315.772,63.257,0.841
26.737778,315.256,63.228,0.854
26.749388,314.587,63.191,0.868
26.760998,314.171,63.169,0.867
26.772608,313.262,63.118,0.853
26.784218,311.577,63.025,0.838
26.795828,309.910,62.932,0.831
26.807438,309.041,62.884,0.830
26.819048,308.823,62.871,0.828
26.830658,309.293,62.898,0.829
26.842268,310.392,62.959,0.826
26.853878,311.414,63.016,0.826
26.865488,312.323,63.066,0.829
26.877098,312.932,63.100,0.829
26.888707,313.260,63.118,0.827
26.900317,313.335,63.122,0.822
26.911927,313.278,63.119,0.816
26.923537,312.759,63.091,0.809
26.935147,312.087,63.053,0.804
26.946757,311.449,63.018,0.797
26.958367,310.756,62.979,0.786
26.969977,310.201,62.948,0.772
26.981587,309.660,62.918,0.759
26.993197,309.252,62.895,0.743
27.004807,308.785,62.869,0.729
27.016417,308.643,62.861,0.721
27.028027,309.197,62.892,0.709
27.039637,310.798,62.982,0.702
27.051247,312.590,63.081,0.700
27.062857,314.198,63.170,0.702
27.074467,315.296,63.230,0.702
27.086077,315.781,63.257,0.700
27.097687,315.951,63.266,0.697
27.109297,315.627,63.249,0.691
27.120907,314.879,63.208,0.685
27.132517,313.761,63.146,0.675
27.144127,312.102,63.054,0.662
27.155737,310.623,62.972,0.651
27.167347,309.999,62.937,0.643
27.178957,309.715,62.921,0.636
27.190567,309.832,62.928,0.624
27.202177,310.472,62.964,0.609
27.213787,311.281,63.009,0.597
27.225397,312.328,63.067,0.591
27.237007,313.383,63.125,0.588
27.248617,314.395,63.181,0.581
27.260227,314.871,63.207,0.573
27.271837,314.993,63.214,0.565
27.283447,314.579,63.191,0.562
27.295057,314.228,63.172,0.554
27.306667,314.050,63.162,0.537
27.318277,313.391,63.126,0.521
27.329887,312.767,63.091,0.508
27.341497,311.821,63.039,0.496
27.353107,310.994,62.993,0.477
27.364717,309.373,62.902,0.453
27.376327,308.111,62.831,0.432
27.387937,307.568,62.801,0.419
27.399546,307.564,62.801,0.406
27.411156,307.553,62.800,0.387
27.422766,307.748,62.811,0.366
27.434376,308.175,62.835,0.356
27.445986,309.039,62.883,0.357
27.457596,309.978,62.936,0.356
27.469206,310.771,62.980,0.345
27.480816,311.411,63.016,0.337
27.492426,311.745,63.034,0.341
27.504036,312.131,63.056,0.340
27.515646,312.502,63.076,0.334
27.527256,312.851,63.096,0.321
27.538866,312.831,63.095,0.309
27.550476,312.628,63.083,0.308
27.562086,312.223,63.061,0.314
27.573696,311.620,63.027,0.312
27.585306,311.471,63.019,0.290
27.596916,311.200,63.004,0.278
27.608526,311.067,62.997,0.271
27.620136,310.803,62.982,0.260
27.631746,310.561,62.968,0.245
27.643356,310.398,62.959,0.222
27.654966,310.556,62.968,0.197
27.666576,310.860,62.985,0.184
27.678186,311.170,63.002,0.192
27.689796,311.531,63.022,0.190
27.701406,312.100,63.054,0.187
27.713016,312.305,63.065,0.184
27.724626,312.471,63.075,0.181
27.736236,312.629,63.083,0.182
27.747846,312.801,63.093,0.183
27.759456,313.073,63.108,0.159
27.771066,313.258,63.118,0.121
27.782676,312.641,63.084,0.109
27.794286,312.223,63.061,0.091
27.805896,311.914,63.044,0.081
27.817506,311.777,63.036,0.083
27.829116,311.671,63.030,0.072
27.840726,311.486,63.020,0.048
27.852336,311.615,63.027,0.056
27.863946,310.803,62.982,0.089
27.875556,310.679,62.975,0.104
27.887166,310.933,62.989,0.114
27.898776,310.851,62.985,0.126
27.910385,310.814,62.983,0.139
27.921995,310.678,62.975,0.145
27.933605,310.666,62.974,0.140
27.945215,310.603,62.971,0.124
27.956825,310.696,62.976,0.099
27.968435,310.670,62.975,0.075
27.980045,310.898,62.987,0.074
27.991655,311.460,63.018,0.070
28.003265,311.847,63.040,0.051
28.014875,312.746,63.090,0.057
28.026485,313.663,63.141,0.075
28.038095,313.909,63.154,0.088
28.049705,313.528,63.133,0.106
28.061315,311.316,63.010,0.120
28.072925,327.474,63.887,0.168
28.084535,328.805,63.957,0.240
28.096145,305.091,62.661,0.308
28.107755,305.066,62.659,0.395
28.119365,329.059,63.970,0.454
28.130975,328.924,63.963,0.500
28.142585,329.045,63.969,0.530
28.154195,282.757,61.345,0.558
28.165805,282.491,61.328,0.576
28.177415,282.506,61.329,0.589
28.189025,282.500,61.329,0.598
28.200635,455.423,69.596,0.598
28.212245,456.985,69.656,0.591
28.223855,282.302,61.317,0.580
28.235465,455.074,69.583,0.567
28.247075,88.611,41.257,0.546
28.258685,118.466,46.284,0.522
28.270295,118.417,46.276,0.493
28.281905,373.672,66.171,0.454
28.293515,373.825,66.178,0.411
28.305125,373.254,66.152,0.368
28.316735,88.889,41.311,0.299
28.328345,247.634,59.048,0.221
28.339955,152.836,50.694,0.135
28.351565,159.870,51.473,0.085
28.363175,315.877,63.262,0.048
28.374785,160.572,51.549,0.042
28.386395,785.814,79.040,0.431
28.398005,802.058,79.394,0.472
28.409615,461.267,69.817,0.501
28.421224,309.352,62.901,0.547
28.432834,308.224,62.838,0.619
28.444444,306.149,62.721,0.673
28.456054,306.496,62.740,0.713
28.467664,307.959,62.823,0.745
28.479274,309.821,62.927,0.760
28.490884,312.348,63.068,0.781
28.502494,312.272,63.064,0.801
28.514104,311.321,63.011,0.813
28.525714,312.934,63.100,0.815
28.537324,313.755,63.146,0.812
28.548934,314.119,63.166,0.809
28.560544,313.513,63.132,0.805
28.572154,311.440,63.017,0.801
28.583764,310.338,62.956,0.795
28.595374,310.985,62.992,0.784
28.606984,311.564,63.024,0.768
28.618594,313.195,63.115,0.753
28.630204,314.605,63.192,0.738
28.641814,315.132,63.221,0.719
28.653424,317.964,63.376,0.706
28.665034,319.869,63.480,0.697
28.676644,319.998,63.487,0.678
28.688254,286.626,61.580,0.656
28.699864,629.848,75.210,0.650
28.711474,116.646,46.016,0.642
28.723084,250.818,59.270,0.640
28.734694,321.583,63.572,0.663
28.746304,311.582,63.025,0.679
28.757914,312.255,63.063,0.689
28.769524,313.099,63.109,0.704
28.781134,312.908,63.099,0.720
28.792744,312.526,63.078,0.742
28.804354,312.254,63.063,0.762
28.815964,312.016,63.049,0.777
28.827574,311.950,63.046,0.783
28.839184,311.593,63.026,0.783
28.850794,311.425,63.017,0.786
28.862404,311.265,63.008,0.788
28.874014,311.206,63.004,0.789
28.885624,311.236,63.006,0.789
28.897234,311.405,63.015,0.785
28.908844,311.485,63.020,0.782
28.920454,311.577,63.025,0.778
28.932063,311.564,63.024,0.773
28.943673,311.606,63.027,0.764
28.955283,311.665,63.030,0.757
28.966893,311.681,63.031,0.755
28.978503,311.562,63.024,0.755
28.990113,311.454,63.018,0.762
29.001723,311.628,63.028,0.767
29.013333,314.244,63.173,0.774
29.024943,322.671,63.631,0.779
29.036553,334.147,64.236,0.793
29.048163,366.739,65.847,0.808
29.059773,378.557,66.396,0.816
29.071383,384.093,66.647,0.820
29.082993,413.844,67.939,0.823
29.094603,415.527,68.009,0.824
29.106213,416.275,68.040,0.821
29.117823,416.634,68.055,0.821
29.129433,417.325,68.084,0.817
29.141043,418.202,68.120,0.807
29.152653,419.115,68.158,0.797
29.164263,419.388,68.169,0.792
29.175873,421.027,68.237,0.792
29.187483,454.423,69.558,0.788
29.199093,456.163,69.625,0.790
29.210703,458.258,69.704,0.792
29.222313,460.278,69.780,0.792
29.233923,462.946,69.880,0.793
29.245533,465.206,69.964,0.795
29.257143,467.387,70.045,0.801
29.268753,468.443,70.084,0.798
29.280363,468.763,70.096,0.801
29.291973,468.939,70.103,0.799
29.303583,468.906,70.102,0.797
29.315193,468.926,70.102,0.794
29.326803,468.747,70.096,0.790
29.338413,468.413,70.083,0.791
29.350023,468.250,70.077,0.783
29.361633,468.133,70.073,0.779
29.373243,468.369,70.082,0.770
29.384853,468.593,70.090,0.765
29.396463,468.588,70.090,0.763
29.408073,468.603,70.090,0.760
29.419683,468.833,70.099,0.760
29.431293,469.097,70.109,0.752
29.442902,469.269,70.115,0.748
29.454512,469.413,70.120,0.742
29.466122,469.116,70.109,0.738
29.477732,468.790,70.097,0.725
29.489342,468.648,70.092,0.705
29.500952,468.480,70.086,0.688
29.512562,467.187,70.038,0.667
29.524172,465.513,69.976,0.655
29.535782,463.691,69.908,0.644
29.547392,465.248,69.966,0.637
29.559002,465.338,69.969,0.630
29.570612,465.197,69.964,0.640
29.582222,93.495,42.185,0.654
29.593832,232.607,57.965,0.661
29.605442,462.419,69.860,0.662
29.617052,116.461,45.988,0.665
29.628662,116.480,45.991,0.678
29.640272,116.586,46.007,0.701
29.651882,362.181,65.630,0.729
29.663492,362.578,65.649,0.752
29.675102,362.870,65.663,0.777
29.686712,361.835,65.614,0.800
29.698322,360.687,65.559,0.819
29.709932,360.464,65.548,0.835
29.721542,361.890,65.617,0.850
29.733152,364.211,65.727,0.861
29.744762,367.397,65.878,0.870
29.756372,372.445,66.114,0.882
29.767982,380.310,66.476,0.893
29.779592,385.408,66.707,0.902
29.791202,388.042,66.824,0.910
29.802812,389.886,66.907,0.916
29.814422,391.033,66.957,0.920
29.826032,391.884,66.995,0.922
29.837642,392.510,67.023,0.923
29.849252,392.883,67.039,0.919
29.860862,393.074,67.048,0.913
29.872472,393.131,67.050,0.901
29.884082,393.097,67.049,0.884
29.895692,393.071,67.047,0.863
29.907302,393.003,67.044,0.837
29.918912,392.987,67.044,0.807
29.930522,392.494,67.022,0.766
29.942132,392.119,67.005,0.719
29.953741,390.130,66.917,0.649
29.965351,383.446,66.618,0.572
29.976961,362.417,65.642,0.521
29.988571,362.122,65.628,0.514
30.000181,361.462,65.596,0.518
30.011791,361.602,65.603,0.512
30.023401,119.462,46.429,0.512
30.035011,119.435,46.425,0.520
30.046621,119.493,46.433,0.525
30.058231,119.401,46.420,0.532
30.069841,119.420,46.422,0.535
30.081451,119.394,46.419,0.530
30.093061,119.446,46.426,0.522
30.104671,119.361,46.414,0.518
30.116281,176.170,53.154,0.513
30.127891,175.911,53.128,0.504
30.139501,385.096,66.693,0.494
30.151111,384.073,66.647,0.486
30.162721,119.098,46.376,0.486
30.174331,119.076,46.373,0.493
30.185941,363.136,65.676,0.537
30.197551,154.494,50.881,0.608
30.209161,315.410,63.237,0.657
30.220771,317.338,63.342,0.694
30.232381,318.321,63.396,0.727
30.243991,317.573,63.355,0.763
30.255601,315.689,63.252,0.786
30.267211,313.682,63.142,0.804
30.278821,312.489,63.076,0.814
30.290431,311.728,63.033,0.812
30.302041,310.531,62.967,0.803
30.313651,309.699,62.920,0.792
30.325261,308.805,62.870,0.775
30.336871,307.773,62.812,0.746
30.348481,307.418,62.792,0.715
30.360091,302.891,62.536,0.677
30.371701,302.140,62.493,0.637
30.383311,301.949,62.482,0.611
30.394921,100.676,43.467,0.605
30.406531,843.751,80.272,0.606
30.418141,846.132,80.321,0.612
30.429751,175.113,53.049,0.615
30.441361,104.531,44.117,0.622
30.452971,157.378,51.201,0.620
30.464580,157.395,51.203,0.610
30.476190,97.968,42.995,0.599
30.487800,314.304,63.176,0.627
30.499410,303.446,62.567,0.680
30.511020,306.800,62.758,0.719
30.522630,310.689,62.976,0.756
30.534240,311.930,63.045,0.778
30.545850,312.377,63.069,0.811
30.557460,311.802,63.037,0.836
30.569070,310.915,62.988,0.855
30.580680,310.045,62.940,0.865
30.592290,309.708,62.921,0.865
30.603900,308.825,62.871,0.867
30.615510,307.890,62.819,0.866
30.627120,307.606,62.803,0.869
30.638730,307.625,62.804,0.863
30.650340,308.225,62.838,0.858
30.661950,310.268,62.952,0.857
30.673560,312.430,63.072,0.856
30.685170,313.275,63.119,0.857
30.696780,313.543,63.134,0.856
30.708390,313.379,63.125,0.856
30.720000,312.674,63.086,0.859
30.731610,311.509,63.021,0.859
30.743220,310.698,62.976,0.858
30.754830,309.994,62.937,0.858
30.766440,309.735,62.922,0.859
30.778050,310.078,62.942,0.864
30.789660,311.016,62.994,0.866
30.801270,312.183,63.059,0.865
30.812880,313.213,63.116,0.861
30.824490,314.068,63.163,0.860
30.836100,314.563,63.190,0.855
30.847710,314.860,63.206,0.841
30.859320,314.923,63.210,0.822
30.870930,314.911,63.209,0.795
30.882540,314.716,63.199,0.764
30.894150,314.765,63.201,0.734
30.905760,315.129,63.221,0.700
30.917370,362.070,65.625,0.738
30.928980,385.740,66.721,0.819
30.940590,396.658,67.205,0.885
30.952200,402.449,67.456,0.922
30.963810,406.847,67.644,0.943
30.975420,409.250,67.746,0.959
30.987029,409.810,67.769,0.972
30.998639,409.782,67.768,0.979
31.010249,410.723,67.808,0.978
31.021859,412.849,67.897,0.965
31.033469,415.310,68.000,0.947
31.045079,417.638,68.097,0.932
31.056689,420.417,68.212,0.922
31.068299,426.126,68.445,0.915
31.079909,892.050,81.235,0.910
31.091519,904.017,81.466,0.909
31.103129,911.855,81.616,0.908
31.114739,918.007,81.732,0.909
31.126349,924.182,81.848,0.906
31.137959,465.275,69.967,0.904
31.149569,466.833,70.025,0.906
31.161179,467.129,70.036,0.907
31.172789,467.028,70.032,0.909
31.184399,466.916,70.028,0.911
31.196009,466.762,70.022,0.911
31.207619,466.760,70.022,0.911
31.219229,466.810,70.024,0.911
31.230839,466.856,70.026,0.910
31.242449,467.052,70.033,0.906
31.254059,467.098,70.035,0.903
31.265669,466.878,70.026,0.896
31.277279,466.943,70.029,0.879
31.288889,466.928,70.028,0.859
31.300499,466.805,70.024,0.837
31.312109,466.420,70.010,0.811
31.323719,465.847,69.988,0.778
31.335329,464.137,69.925,0.744
31.346939,460.966,69.806,0.703
31.358549,189.351,54.403,0.691
31.370159,190.920,54.546,0.717
31.381769,394.742,67.121,0.757
31.393379,394.445,67.108,0.783
31.404989,392.731,67.032,0.809
31.416599,390.293,66.925,0.829
31.428209,387.777,66.813,0.846
31.439819,385.994,66.733,0.858
31.451429,382.615,66.581,0.870
31.463039,379.493,66.439,0.879
31.474649,373.808,66.178,0.882
31.486259,360.454,65.548,0.884
31.497868,357.041,65.383,0.883
31.509478,355.856,65.325,0.883
31.521088,354.204,65.245,0.887
31.532698,352.412,65.157,0.890
31.544308,351.496,65.112,0.888
31.555918,350.760,65.076,0.890
31.567528,350.268,65.051,0.894
31.579138,350.159,65.046,0.899
31.590748,350.004,65.038,0.904
31.602358,349.912,65.034,0.910
31.613968,349.837,65.030,0.912
31.625578,349.796,65.028,0.913
31.637188,349.721,65.024,0.912
31.648798,349.808,65.029,0.907
31.660408,349.834,65.030,0.901
31.672018,349.671,65.022,0.893
31.683628,349.575,65.017,0.885
31.695238,349.353,65.006,0.876
31.706848,349.230,65.000,0.867
31.718458,349.167,64.997,0.861
31.730068,348.988,64.988,0.858
31.741678,348.943,64.986,0.860
31.753288,349.052,64.991,0.864
31.764898,349.181,64.998,0.872
31.776508,349.255,65.001,0.877
31.788118,349.331,65.005,0.879
31.799728,349.406,65.009,0.881
31.811338,349.422,65.010,0.881
31.822948,349.424,65.010,0.879
31.834558,349.400,65.009,0.877
31.846168,349.315,65.004,0.875
31.857778,349.436,65.010,0.870
31.869388,349.636,65.020,0.869
31.880998,349.980,65.037,0.869
31.892608,350.391,65.058,0.871
31.904218,350.698,65.073,0.876
31.915828,350.855,65.080,0.881
31.927438,350.895,65.082,0.887
31.939048,350.815,65.079,0.893
31.950658,350.568,65.066,0.895
31.962268,350.243,65.050,0.896
31.973878,349.700,65.023,0.896
31.985488,348.983,64.988,0.895
31.997098,348.174,64.948,0.893
32.008707,347.582,64.918,0.889
32.020317,347.487,64.913,0.885
32.031927,347.866,64.932,0.881
32.043537,349.301,65.004,0.878
32.055147,351.206,65.098,0.876
32.066757,353.767,65.224,0.877
32.078367,355.108,65.289,0.881
32.089977,355.581,65.312,0.883
32.101587,355.731,65.319,0.881
32.113197,355.905,65.328,0.871
32.124807,355.998,65.332,0.862
32.136417,355.105,65.289,0.856
32.148027,352.817,65.177,0.854
32.159637,349.089,64.993,0.847
32.171247,345.977,64.838,0.839
32.182857,345.574,64.818,0.833
32.194467,348.340,64.956,0.838
32.206077,352.607,65.167,0.849
32.217687,354.277,65.248,0.857
32.229297,354.982,65.283,0.860
32.240907,355.245,65.296,0.859
32.252517,355.470,65.307,0.857
32.264127,355.712,65.318,0.850
32.275737,355.630,65.315,0.839
32.287347,353.979,65.234,0.831
32.298957,350.227,65.049,0.824
32.310567,348.091,64.944,0.819
32.322177,347.554,64.917,0.820
32.333787,350.068,65.042,0.823
32.345397,353.605,65.216,0.835
32.357007,354.894,65.279,0.847
32.368617,355.205,65.294,0.856
32.380227,355.070,65.287,0.863
32.391837,354.934,65.281,0.867
32.403447,354.781,65.273,0.869
32.415057,354.432,65.256,0.870
32.426667,353.485,65.210,0.872
32.438277,350.798,65.078,0.869
32.449887,347.699,64.924,0.864
32.461497,344.239,64.751,0.857
32.473107,342.979,64.687,0.849
32.484717,344.007,64.739,0.846
32.496327,346.221,64.850,0.846
32.507937,348.215,64.950,0.842
32.519546,350.287,65.052,0.833
32.531156,352.139,65.144,0.825
32.542766,353.269,65.199,0.815
32.554376,353.622,65.216,0.807
32.565986,353.968,65.233,0.795
32.577596,355.034,65.285,0.777
32.589206,355.788,65.322,0.746
32.600816,354.909,65.279,0.719
32.612426,353.360,65.204,0.698
32.624036,354.658,65.267,0.674
32.635646,356.864,65.374,0.651
32.647256,360.417,65.546,0.635
32.658866,361.398,65.593,0.631
32.670476,172.388,52.778,0.626
32.682086,172.518,52.791,0.619
32.693696,364.632,65.747,0.606
32.705306,172.544,52.794,0.592
32.716916,172.133,52.752,0.570
32.728526,352.296,65.151,0.551
32.740136,351.585,65.116,0.531
32.751746,354.778,65.273,0.504
32.763356,355.477,65.307,0.495
32.774966,356.997,65.381,0.494
32.786576,355.829,65.324,0.502
32.798186,355.380,65.302,0.516
32.809796,354.398,65.254,0.529
32.821406,355.009,65.284,0.541
32.833016,355.597,65.313,0.553
32.844626,355.284,65.298,0.565
32.856236,357.020,65.382,0.574
32.867846,355.897,65.327,0.586
32.879456,355.815,65.323,0.596
32.891066,359.752,65.514,0.602
32.902676,359.155,65.485,0.602
32.914286,358.390,65.448,0.600
32.925896,358.232,65.441,0.593
32.937506,357.036,65.383,0.585
32.949116,356.683,65.366,0.572
32.960726,356.667,65.365,0.556
32.972336,357.931,65.426,0.533
32.983946,351.136,65.094,0.507
32.995556,350.272,65.052,0.523
33.007166,350.649,65.070,0.561
33.018776,351.533,65.114,0.599
33.030385,352.180,65.146,0.629
33.041995,353.675,65.219,0.654
33.053605,353.323,65.202,0.675
33.065215,351.030,65.089,0.694
33.076825,350.682,65.072,0.709
33.088435,566.216,73.366,0.716
33.100045,566.516,73.375,0.716
33.111655,565.564,73.346,0.720
33.123265,326.763,63.849,0.756
33.134875,304.122,62.606,0.798
33.146485,306.625,62.748,0.826
33.158095,308.168,62.835,0.840
33.169705,308.981,62.880,0.851
33.181315,309.335,62.900,0.858
33.192925,309.546,62.912,0.867
33.204535,309.566,62.913,0.873
33.216145,310.284,62.953,0.871
33.227755,311.378,63.014,0.860
33.239365,311.222,63.005,0.850
33.250975,310.723,62.977,0.847
33.262585,310.594,62.970,0.843
33.274195,310.525,62.966,0.841
33.285805,310.500,62.965,0.837
33.297415,310.665,62.974,0.831
33.309025,311.105,62.999,0.827
33.320635,311.459,63.018,0.827
33.332245,311.650,63.029,0.828
33.343855,311.595,63.026,0.827
33.355465,311.156,63.002,0.826
33.367075,311.202,63.004,0.820
33.378685,311.028,62.995,0.815
33.390295,309.858,62.929,0.810
33.401905,308.348,62.845,0.797
33.413515,308.518,62.854,0.779
33.425125,307.958,62.823,0.771
33.436735,308.003,62.825,0.779
33.448345,309.626,62.916,0.789
33.459955,310.824,62.983,0.802
33.471565,311.385,63.014,0.817
33.483175,311.418,63.016,0.827
33.494785,311.065,62.997,0.837
33.506395,310.910,62.988,0.848
33.518005,310.886,62.987,0.856
33.529615,311.010,62.993,0.858
33.541224,310.810,62.982,0.858
33.552834,310.486,62.964,0.858
33.564444,310.241,62.951,0.857
33.576054,310.456,62.963,0.859
33.587664,310.679,62.975,0.858
33.599274,310.971,62.991,0.856
33.610884,311.268,63.008,0.851
33.622494,311.524,63.022,0.845
33.634104,311.702,63.032,0.841
33.645714,311.947,63.046,0.834
33.657324,312.125,63.055,0.826
33.668934,312.298,63.065,0.826
33.680544,312.474,63.075,0.830
33.692154,312.821,63.094,0.831
33.703764,313.434,63.128,0.828
33.715374,314.066,63.163,0.826
33.726984,341.120,64.593,0.826
33.738594,371.136,66.053,0.829
33.750204,373.301,66.154,0.835
33.761814,417.443,68.089,0.838
33.773424,418.128,68.117,0.839
33.785034,417.722,68.100,0.840
33.796644,417.523,68.092,0.840
33.808254,417.929,68.109,0.839
33.819864,418.970,68.152,0.836
33.831474,421.074,68.239,0.846
33.843084,424.196,68.367,0.851
33.854694,455.089,69.584,0.848
33.866304,459.392,69.747,0.844
33.877914,463.386,69.897,0.840
33.889524,465.632,69.980,0.845
33.901134,466.714,70.020,0.845
33.912744,467.078,70.034,0.843
33.924354,468.293,70.079,0.829
33.935964,468.817,70.098,0.814
33.947574,468.798,70.098,0.810
33.959184,468.276,70.078,0.795
33.970794,467.643,70.055,0.781
33.982404,466.047,69.996,0.757
33.994014,463.122,69.887,0.732
34.005624,462.202,69.852,0.715
34.017234,461.144,69.813,0.694
34.028844,462.130,69.850,0.693
34.040454,477.347,70.410,0.710
34.052063,480.025,70.507,0.766
34.063673,479.696,70.495,0.809
34.075283,478.273,70.444,0.847
34.086893,476.827,70.392,0.870
34.098503,475.652,70.349,0.885
34.110113,474.032,70.290,0.902
34.121723,472.691,70.241,0.919
34.133333,470.811,70.172,0.931
34.144943,468.845,70.099,0.937
34.156553,467.263,70.041,0.942
34.168163,466.367,70.008,0.943
34.179773,465.986,69.993,0.946
34.191383,465.884,69.990,0.952
34.202993,465.936,69.992,0.957
34.214603,465.996,69.994,0.960
34.226213,466.124,69.999,0.964
34.237823,466.206,70.002,0.967
34.249433,466.160,70.000,0.970
34.261043,933.640,82.024,0.972
34.272653,932.128,81.996,0.975
34.284263,930.718,81.970,0.975
34.295873,463.408,69.897,0.970
34.307483,462.061,69.847,0.963
34.319093,461.096,69.811,0.947
34.330703,460.296,69.781,0.928
34.342313,459.564,69.753,0.914
34.353923,458.938,69.730,0.898
34.365533,458.068,69.697,0.871
34.377143,960.720,82.519,0.846
34.388753,978.541,82.838,0.823
34.400363,1002.273,83.252,0.805
34.411973,1002.273,83.252,0.793
34.423583,1002.273,83.252,0.782
34.435193,1002.273,83.252,0.749
34.446803,964.514,82.588,0.702
34.458413,976.118,82.795,0.676
34.470023,971.358,82.710,0.651
34.481633,970.149,82.688,0.641
34.493243,945.473,82.242,0.603
34.504853,465.087,69.960,0.594
34.516463,465.153,69.962,0.566
34.528073,465.126,69.961,0.535
34.539683,464.978,69.956,0.532
34.551293,465.539,69.977,0.526
34.562902,465.338,69.969,0.509
34.574512,462.306,69.856,0.533
34.586122,460.901,69.803,0.529
34.597732,313.933,63.155,0.537
34.609342,311.933,63.045,0.586
34.620952,312.115,63.055,0.634
34.632562,313.046,63.106,0.679
34.644172,313.626,63.139,0.730
34.655782,313.224,63.116,0.769
34.667392,312.002,63.049,0.796
34.679002,311.409,63.016,0.823
34.690612,311.296,63.009,0.845
34.702222,311.244,63.006,0.859
34.713832,311.350,63.012,0.871
34.725442,311.297,63.009,0.877
34.737052,311.202,63.004,0.877
34.748662,311.225,63.005,0.876
34.760272,311.279,63.008,0.875
34.771882,311.387,63.014,0.870
34.783492,311.522,63.022,0.866
34.795102,311.634,63.028,0.861
34.806712,311.477,63.019,0.858
34.818322,311.530,63.022,0.857
34.829932,311.458,63.018,0.855
34.841542,311.369,63.013,0.853
34.853152,311.252,63.007,0.850
34.864762,311.113,62.999,0.848
34.876372,310.976,62.992,0.842
34.887982,310.835,62.984,0.833
34.899592,310.640,62.973,0.820
34.911202,310.423,62.961,0.803
34.922812,310.361,62.957,0.788
34.934422,310.492,62.965,0.768
34.946032,310.577,62.969,0.749
34.957642,310.602,62.971,0.724
34.969252,310.595,62.970,0.706
34.980862,310.783,62.981,0.709
34.992472,311.041,62.995,0.705
35.004082,311.247,63.007,0.704
35.015692,311.422,63.016,0.706
35.027302,311.703,63.032,0.711
35.038912,311.811,63.038,0.718
35.050522,311.947,63.046,0.723
35.062132,312.022,63.050,0.722
35.073741,312.052,63.051,0.710
35.085351,312.190,63.059,0.709
35.096961,312.397,63.071,0.728
35.108571,312.400,63.071,0.729
35.120181,312.529,63.078,0.761
35.131791,312.879,63.097,0.798
35.143401,312.921,63.100,0.798
35.155011,312.854,63.096,0.817
35.166621,312.236,63.062,0.842
35.178231,311.287,63.009,0.853
35.189841,310.489,62.964,0.852
35.201451,311.139,63.001,0.862
35.213061,311.700,63.032,0.860
35.224671,313.021,63.105,0.856
35.236281,314.140,63.167,0.875
35.247891,314.382,63.180,0.882
35.259501,314.411,63.182,0.878
35.271111,314.250,63.173,0.881
35.282721,314.010,63.160,0.887
35.294331,313.877,63.152,0.888
35.305941,313.822,63.149,0.888
35.317551,313.943,63.156,0.884
35.329161,314.114,63.165,0.876
35.340771,314.828,63.205,0.866
35.352381,316.009,63.270,0.858
35.363991,320.392,63.508,0.854
35.375601,329.790,64.009,0.858
35.387211,339.318,64.502,0.861
35.398821,345.251,64.802,0.865
35.410431,348.797,64.979,0.869
35.422041,349.906,65.034,0.870
35.433651,350.262,65.051,0.871
35.445261,350.474,65.062,0.873
35.456871,350.058,65.041,0.873
35.468481,349.071,64.992,0.866
35.480091,347.171,64.898,0.861
35.491701,343.863,64.732,0.852
35.503311,339.669,64.520,0.843
35.514921,333.434,64.199,0.838
35.526531,328.766,63.955,0.838
35.538141,325.472,63.780,0.837
35.549751,321.492,63.567,0.834
35.561361,317.251,63.337,0.834
35.572971,313.222,63.116,0.835
35.584580,311.357,63.013,0.839
35.596190,310.212,62.949,0.840
35.607800,309.696,62.920,0.841
35.619410,309.509,62.910,0.838
35.631020,309.871,62.930,0.841
35.642630,310.513,62.966,0.845
35.654240,311.063,62.996,0.846
35.665850,311.506,63.021,0.846
35.677460,311.936,63.045,0.846
35.689070,312.135,63.056,0.849
35.700680,312.313,63.066,0.853
35.712290,312.378,63.069,0.856
35.723900,312.265,63.063,0.859
35.735510,312.181,63.059,0.855
35.747120,312.074,63.053,0.842
35.758730,312.009,63.049,0.827
35.770340,311.591,63.026,0.813
35.781950,311.400,63.015,0.800
35.793560,311.093,62.998,0.784
35.805170,310.781,62.981,0.768
35.816780,310.258,62.952,0.739
35.828390,309.168,62.891,0.731
35.840000,308.712,62.865,0.752
35.851610,308.919,62.877,0.772
35.863220,309.383,62.903,0.781
35.874830,309.777,62.925,0.790
35.886440,310.309,62.954,0.792
35.898050,310.707,62.977,0.786
35.909660,310.997,62.993,0.779
35.921270,311.758,63.035,0.765
35.932880,312.464,63.074,0.744
35.944490,313.264,63.119,0.713
35.956100,313.755,63.146,0.677
35.967710,313.603,63.137,0.622
35.979320,313.355,63.124,0.561
35.990930,312.153,63.057,0.555
36.002540,315.206,63.226,0.578
36.014150,155.077,50.946,0.608
36.025760,155.113,50.950,0.636
36.037370,155.019,50.939,0.656
36.048980,155.075,50.946,0.670
36.060590,155.096,50.948,0.677
36.072200,314.570,63.191,0.680
36.083810,313.745,63.145,0.731
36.095420,309.092,62.886,0.776
36.107029,310.520,62.966,0.815
36.118639,312.412,63.071,0.836
36.130249,313.543,63.134,0.850
36.141859,313.445,63.129,0.864
36.153469,312.811,63.093,0.877
36.165079,312.071,63.052,0.891
36.176689,312.084,63.053,0.893
36.188299,312.316,63.066,0.889
36.199909,312.430,63.072,0.880
36.211519,312.602,63.082,0.878
36.223129,312.923,63.100,0.879
36.234739,313.860,63.151,0.878
36.246349,315.871,63.262,0.877
36.257959,319.423,63.456,0.874
36.269569,338.305,64.450,0.872
36.281179,345.273,64.803,0.874
36.292789,347.947,64.936,0.879
36.304399,349.435,65.010,0.882
36.316009,350.042,65.040,0.885
36.327619,350.446,65.060,0.889
36.339229,350.416,65.059,0.893
36.350839,350.157,65.046,0.892
36.362449,349.892,65.033,0.888
36.374059,349.659,65.021,0.881
36.385669,349.472,65.012,0.871
36.397279,349.363,65.007,0.861
36.408889,349.443,65.011,0.850
36.420499,349.550,65.016,0.839
36.432109,349.859,65.031,0.833
36.443719,350.021,65.039,0.833
36.455329,349.855,65.031,0.835
36.466939,349.497,65.013,0.837
36.478549,349.169,64.997,0.838
36.490159,348.869,64.982,0.843
36.501769,348.770,64.977,0.854
36.513379,348.527,64.965,0.857
36.524989,348.245,64.951,0.845
36.536599,347.963,64.937,0.828
36.548209,347.874,64.933,0.808
36.559819,348.183,64.948,0.788
36.571429,348.550,64.966,0.765
36.583039,349.064,64.992,0.728
36.594649,349.679,65.022,0.662
36.606259,351.427,65.109,0.581
36.617868,351.997,65.137,0.586
36.629478,350.777,65.077,0.616
36.641088,350.413,65.059,0.624
36.652698,349.267,65.002,0.666
36.664308,349.861,65.031,0.748
36.675918,350.697,65.073,0.814
36.687528,351.970,65.135,0.859
36.699138,352.892,65.181,0.884
36.710748,353.184,65.195,0.900
36.722358,353.259,65.199,0.913
36.733968,352.961,65.184,0.923
36.745578,353.133,65.192,0.929
36.757188,353.852,65.228,0.926
36.768798,354.712,65.270,0.916
36.780408,355.704,65.318,0.902
36.792018,356.923,65.377,0.890
36.803628,359.791,65.516,0.883
36.815238,366.262,65.824,0.879
36.826848,377.804,66.362,0.883
36.838458,383.536,66.622,0.880
36.850068,385.878,66.728,0.873
36.861678,387.996,66.822,0.868
36.873288,389.653,66.896,0.868
36.884898,390.635,66.940,0.868
36.896508,391.223,66.966,0.867
36.908118,390.961,66.954,0.860
36.919728,390.436,66.931,0.845
36.931338,390.824,66.948,0.836
36.942948,391.309,66.970,0.833
36.954558,391.695,66.987,0.824
36.966168,391.904,66.996,0.812
36.977778,392.079,67.004,0.809
36.989388,392.299,67.013,0.814
37.000998,392.509,67.023,0.826
37.012608,392.749,67.033,0.841
37.024218,392.983,67.044,0.855
37.035828,393.282,67.057,0.870
37.047438,393.398,67.062,0.881
37.059048,393.384,67.061,0.889
37.070658,393.348,67.060,0.894
37.082268,393.450,67.064,0.895
37.093878,393.108,67.049,0.896
37.105488,392.567,67.025,0.893
37.117098,391.809,66.992,0.890
37.128707,390.991,66.956,0.876
37.140317,390.378,66.928,0.862
37.151927,390.108,66.916,0.848
37.163537,389.498,66.889,0.830
37.175147,389.509,66.890,0.813
37.186757,390.424,66.930,0.783
37.198367,397.547,67.243,0.757
37.209977,408.735,67.724,0.726
37.221587,411.805,67.853,0.712
37.233197,413.406,67.921,0.698
37.244807,413.377,67.919,0.684
37.256417,412.954,67.902,0.671
37.268027,409.495,67.756,0.642
37.279637,406.806,67.642,0.626
37.291247,395.891,67.171,0.596
37.302857,394.067,67.091,0.571
37.314467,392.743,67.033,0.548
37.326077,391.626,66.984,0.532
37.337687,391.062,66.959,0.516
37.349297,391.174,66.964,0.510
37.360907,392.169,67.008,0.503
37.372517,392.903,67.040,0.500
37.384127,392.407,67.018,0.501
37.395737,392.138,67.006,0.506
37.407347,390.911,66.952,0.526
37.418957,390.482,66.933,0.528
37.430567,389.988,66.911,0.529
37.442177,390.246,66.923,0.522
37.453787,389.779,66.902,0.519
37.465397,389.087,66.871,0.517
37.477007,388.510,66.845,0.515
37.488617,388.920,66.864,0.514
37.500227,388.495,66.845,0.500
37.511837,388.419,66.841,0.488
37.523447,387.940,66.820,0.481
37.535057,384.765,66.678,0.494
37.546667,386.341,66.748,0.510
37.558277,382.177,66.561,0.521
37.569887,381.671,66.538,0.530
37.581497,382.796,66.589,0.541
37.593107,381.284,66.520,0.551
37.604717,380.486,66.484,0.566
37.616327,97.199,42.858,0.576
37.627937,132.152,48.176,0.582
37.639546,132.004,48.157,0.581
37.651156,131.941,48.149,0.574
37.662766,131.960,48.151,0.566
37.674376,106.730,44.478,0.548
37.685986,107.018,44.524,0.526
37.697596,97.811,42.967,0.497
37.709206,97.930,42.988,0.466
37.720816,98.014,43.003,0.424
37.732426,381.713,66.540,0.387
37.744036,383.583,66.624,0.406
37.755646,384.577,66.669,0.501
37.767256,373.709,66.173,0.578
37.778866,131.941,48.149,0.634
37.790476,177.899,53.323,0.668
37.802086,848.116,80.361,0.692
37.813696,847.768,80.354,0.706
37.825306,392.004,67.000,0.719
37.836916,374.020,66.187,0.769
37.848526,359.763,65.515,0.814
37.860136,361.624,65.604,0.837
37.871746,361.394,65.593,0.860
37.883356,359.835,65.518,0.877
37.894966,357.634,65.412,0.889
37.906576,356.074,65.336,0.901
37.918186,355.291,65.298,0.910
37.929796,356.271,65.346,0.906
37.941406,355.613,65.314,0.897
37.953016,354.313,65.250,0.896
37.964626,352.645,65.169,0.890
37.976236,380.031,66.463,0.884
37.987846,384.033,66.645,0.882
37.999456,387.285,66.791,0.883
38.011066,389.565,66.892,0.885
38.022676,390.191,66.920,0.888
38.034286,391.278,66.968,0.890
38.045896,392.039,67.002,0.886
38.057506,392.785,67.035,0.880
38.069116,393.068,67.047,0.873
38.080726,393.176,67.052,0.860
38.092336,393.209,67.054,0.841
38.103946,393.226,67.054,0.817
38.115556,393.201,67.053,0.799
38.127166,392.210,67.009,0.786
38.138776,389.719,66.899,0.780
38.150385,389.769,66.901,0.780
38.161995,391.141,66.962,0.788
38.173605,391.646,66.985,0.805
38.185215,392.070,67.003,0.827
38.196825,392.317,67.014,0.841
38.208435,392.592,67.026,0.854
38.220045,392.939,67.042,0.858
38.231655,393.037,67.046,0.859
38.243265,393.056,67.047,0.862
38.254875,392.962,67.043,0.867
38.266485,392.870,67.039,0.870
38.278095,392.697,67.031,0.871
38.289705,392.615,67.027,0.876
38.301315,392.552,67.025,0.874
38.312925,392.545,67.024,0.874
38.324535,392.556,67.025,0.871
38.336145,392.504,67.022,0.864
38.347755,392.531,67.024,0.858
38.359365,392.621,67.028,0.857
38.370975,392.733,67.033,0.857
38.382585,392.690,67.031,0.855
38.394195,392.460,67.021,0.855
38.405805,391.712,66.987,0.857
38.417415,391.396,66.974,0.866
38.429025,391.501,66.978,0.875
38.440635,391.559,66.981,0.881
38.452245,391.537,66.980,0.881
38.463855,391.566,66.981,0.883
38.475465,391.585,66.982,0.882
38.487075,391.436,66.975,0.887
38.498685,391.446,66.976,0.889
38.510295,391.429,66.975,0.889
38.521905,391.438,66.975,0.889
38.533515,391.568,66.981,0.886
38.545125,391.685,66.986,0.885
38.556735,391.664,66.985,0.872
38.568345,391.706,66.987,0.857
38.579955,392.099,67.005,0.837
38.591565,392.571,67.025,0.813
38.603175,393.122,67.050,0.783
38.614785,393.735,67.077,0.749
38.626395,393.609,67.071,0.710
38.638005,393.435,67.063,0.649
38.649615,196.949,55.084,0.638
38.661224,197.050,55.093,0.638
38.672834,196.997,55.088,0.634
38.684444,197.075,55.095,0.626
38.696054,197.089,55.096,0.617
38.707664,197.110,55.098,0.619
38.719274,390.650,66.940,0.718
38.730884,390.771,66.946,0.774
38.742494,390.653,66.941,0.798
38.754104,390.739,66.944,0.819
38.765714,390.850,66.949,0.838
38.777324,390.746,66.945,0.857
38.788934,390.641,66.940,0.872
38.800544,390.453,66.932,0.885
38.812154,390.566,66.937,0.877
38.823764,390.784,66.946,0.868
38.835374,391.417,66.974,0.865
38.846984,392.933,67.041,0.867
38.858594,394.987,67.132,0.875
38.870204,399.796,67.341,0.884
38.881814,405.714,67.596,0.890
38.893424,409.433,67.753,0.896
38.905034,411.783,67.853,0.904
38.916644,413.049,67.906,0.910
38.928254,413.947,67.943,0.916
38.939864,414.852,67.981,0.918
38.951474,415.407,68.004,0.916
38.963084,415.677,68.015,0.910
38.974694,415.364,68.002,0.904
38.986304,414.874,67.982,0.900
38.997914,414.621,67.971,0.896
39.009524,414.551,67.969,0.895
39.021134,414.611,67.971,0.892
39.032744,414.813,67.979,0.892
39.044354,415.037,67.989,0.889
39.055964,415.181,67.995,0.890
39.067574,415.271,67.999,0.894
39.079184,415.373,68.003,0.894
39.090794,415.446,68.006,0.890
39.102404,415.488,68.008,0.883
39.114014,415.484,68.007,0.877
39.125624,415.377,68.003,0.867
39.137234,415.056,67.990,0.856
39.148844,414.898,67.983,0.838
39.160454,414.943,67.985,0.816
39.172063,415.100,67.991,0.795
39.183673,415.180,67.995,0.777
39.195283,415.233,67.997,0.762
39.206893,415.391,68.004,0.746
39.218503,415.431,68.005,0.734
39.230113,415.381,68.003,0.728
39.241723,415.195,67.995,0.731
39.253333,414.352,67.960,0.740
39.264943,413.663,67.931,0.727
39.276553,412.738,67.893,0.715
39.288163,411.562,67.843,0.721
39.299773,415.398,68.004,0.764
39.311383,417.954,68.110,0.796
39.322993,420.324,68.208,0.831
39.334603,422.618,68.302,0.874
39.346213,423.922,68.356,0.889
39.357823,422.977,68.317,0.906
39.369433,421.906,68.273,0.919
39.381043,421.205,68.244,0.928
39.392653,420.877,68.231,0.928
39.404263,421.437,68.254,0.928
39.415873,421.905,68.273,0.920
39.427483,422.049,68.279,0.902
39.439093,423.108,68.322,0.902
39.450703,446.135,69.240,0.900
39.462313,451.428,69.444,0.902
39.473923,456.000,69.618,0.902
39.485533,459.447,69.749,0.902
39.497143,462.259,69.854,0.902
39.508753,463.859,69.914,0.905
39.520363,465.138,69.962,0.905
39.531973,466.272,70.004,0.906
39.543583,466.708,70.020,0.906
39.555193,466.832,70.025,0.905
39.566803,466.635,70.017,0.905
39.578413,466.436,70.010,0.905
39.590023,466.370,70.008,0.906
39.601633,466.523,70.013,0.908
39.613243,466.613,70.017,0.913
39.624853,466.792,70.023,0.912
39.636463,466.927,70.028,0.912
39.648073,466.845,70.025,0.910
39.659683,466.785,70.023,0.909
39.671293,466.685,70.019,0.908
39.682902,466.626,70.017,0.903
39.694512,466.628,70.017,0.899
39.706122,466.550,70.014,0.890
39.717732,466.540,70.014,0.881
39.729342,466.431,70.010,0.865
39.740952,466.229,70.002,0.853
39.752562,466.180,70.001,0.834
39.764172,465.459,69.974,0.821
39.775782,463.953,69.918,0.807
39.787392,459.891,69.765,0.792
39.799002,449.232,69.359,0.790
39.810612,391.533,66.980,0.798
39.822222,382.383,66.570,0.811
39.833832,374.578,66.213,0.821
39.845442,369.567,65.980,0.833
39.857052,361.073,65.577,0.837
39.868662,356.300,65.347,0.845
39.880272,364.049,65.720,0.874
39.891882,360.671,65.558,0.892
39.903492,357.387,65.400,0.899
39.915102,355.769,65.321,0.905
39.926712,354.443,65.257,0.910
39.938322,353.330,65.202,0.915
39.949932,352.623,65.167,0.919
39.961542,351.952,65.135,0.921
39.973152,350.332,65.055,0.909
39.984762,349.873,65.032,0.899
39.996372,350.694,65.072,0.893
40.007982,352.426,65.158,0.891
40.019592,357.690,65.414,0.895
40.031202,371.079,66.051,0.901
40.042812,377.207,66.334,0.907
40.054422,381.569,66.533,0.911
40.066032,385.447,66.708,0.916
40.077642,387.642,66.807,0.920
40.089252,389.028,66.868,0.923
40.100862,390.528,66.935,0.925
40.112472,391.517,66.979,0.921
40.124082,392.122,67.006,0.913
40.135692,392.015,67.001,0.904
40.147302,391.351,66.971,0.897
40.158912,389.744,66.900,0.890
40.170522,388.157,66.830,0.881
40.182132,386.006,66.733,0.871
40.193741,383.495,66.620,0.862
40.205351,378.673,66.401,0.853
40.216961,372.906,66.136,0.850
40.228571,365.650,65.796,0.849
40.240181,360.654,65.557,0.850
40.251791,353.594,65.215,0.844
40.263401,351.358,65.105,0.840
40.275011,350.246,65.050,0.838
40.286621,350.185,65.047,0.836
40.298231,350.253,65.051,0.834
40.309841,350.527,65.064,0.830
40.321451,350.719,65.074,0.823
40.333061,351.406,65.108,0.814
40.344671,352.530,65.163,0.803
40.356281,354.504,65.260,0.790
40.367891,357.375,65.399,0.772
40.379501,359.084,65.482,0.748
40.391111,362.747,65.658,0.722
40.402721,364.075,65.721,0.689
40.414331,365.768,65.801,0.649
40.425941,368.101,65.911,0.606
40.437551,364.483,65.740,0.595
40.449161,362.430,65.642,0.585
40.460771,360.634,65.556,0.588
40.472381,361.025,65.575,0.600
40.483991,362.567,65.649,0.610
40.495601,362.605,65.651,0.647
40.507211,152.491,50.655,0.723
40.518821,154.783,50.913,0.779
40.530431,155.232,50.963,0.808
40.542041,155.479,50.991,0.823
40.553651,155.648,51.009,0.838
40.565261,311.686,63.031,0.849
40.576871,311.533,63.023,0.857
40.588481,311.539,63.023,0.859
40.600091,311.591,63.026,0.847
40.611701,311.639,63.028,0.828
40.623311,311.502,63.021,0.813
40.634921,311.438,63.017,0.809
40.646531,311.289,63.009,0.802
40.658141,311.269,63.008,0.800
40.669751,311.503,63.021,0.802
40.681361,311.572,63.025,0.805
40.692971,311.603,63.026,0.814
40.704580,311.469,63.019,0.820
40.716190,311.489,63.020,0.824
40.727800,311.490,63.020,0.828
40.739410,311.619,63.027,0.834
40.751020,311.252,63.007,0.836
40.762630,311.062,62.996,0.840
40.774240,311.682,63.031,0.840
40.785850,312.012,63.049,0.843
40.797460,312.538,63.078,0.846
40.809070,312.689,63.087,0.847
40.820680,312.403,63.071,0.850
40.832290,312.336,63.067,0.851
40.843900,312.283,63.064,0.854
40.855510,312.160,63.057,0.858
40.867120,311.981,63.047,0.862
40.878730,311.856,63.041,0.860
40.890340,311.612,63.027,0.856
40.901950,311.656,63.029,0.853
40.913560,312.213,63.060,0.850
40.925170,312.752,63.090,0.849
40.936780,314.656,63.195,0.845
40.948390,320.119,63.493,0.837
40.960000,327.965,63.912,0.832
40.971610,329.993,64.019,0.826
40.983220,347.696,64.924,0.830
40.994830,348.736,64.976,0.830
41.006440,349.299,65.004,0.829
41.018050,349.470,65.012,0.821
41.029660,349.959,65.036,0.812
41.041270,349.929,65.035,0.806
41.052880,349.323,65.005,0.793
41.064490,348.089,64.943,0.789
41.076100,347.359,64.907,0.768
41.087710,347.282,64.903,0.760
41.099320,347.852,64.932,0.748
41.110930,349.470,65.012,0.746
41.122540,350.607,65.068,0.753
41.134150,351.476,65.111,0.754
41.145760,351.663,65.120,0.766
41.157370,351.724,65.123,0.764
41.168980,351.400,65.107,0.767
41.180590,351.079,65.092,0.761
41.192200,350.428,65.059,0.753
41.203810,349.657,65.021,0.745
41.215420,348.468,64.962,0.730
41.227029,347.851,64.932,0.715
41.238639,347.783,64.928,0.692
41.250249,348.414,64.960,0.679
41.261859,349.305,65.004,0.663
41.273469,350.173,65.047,0.651
41.285079,350.127,65.045,0.645
41.296689,350.423,65.059,0.632
41.308299,350.256,65.051,0.631
41.319909,350.294,65.053,0.623
41.331519,349.600,65.018,0.619
41.343129,349.531,65.015,0.601
41.354739,349.198,64.999,0.590
41.366349,349.674,65.022,0.572
41.377959,349.914,65.034,0.558
41.389569,350.558,65.066,0.545
41.401179,350.596,65.068,0.530
41.412789,350.957,65.086,0.514
41.424399,351.272,65.101,0.500
41.436009,351.584,65.116,0.491
41.447619,351.698,65.122,0.464
41.459229,351.195,65.097,0.450
41.470839,351.743,65.124,0.420
41.482449,351.933,65.134,0.393
41.494059,352.309,65.152,0.359
41.505669,350.640,65.070,0.353
41.517279,348.845,64.981,0.346
41.528889,350.101,65.043,0.347
41.540499,350.597,65.068,0.352
41.552109,352.166,65.145,0.347
41.563719,352.938,65.183,0.356
41.575329,354.005,65.235,0.368
41.586939,355.103,65.289,0.365
41.598549,356.059,65.335,0.358
41.610159,356.518,65.358,0.361
41.621769,356.618,65.363,0.358
41.633379,357.237,65.393,0.366
41.644989,358.825,65.469,0.381
41.656599,359.196,65.487,0.387
41.668209,359.698,65.511,0.393
41.679819,360.024,65.527,0.403
41.691429,359.640,65.509,0.420
41.703039,361.137,65.581,0.431
41.714649,362.052,65.624,0.450
41.726259,362.772,65.659,0.463
41.737868,357.856,65.423,0.471
41.749478,360.609,65.555,0.475
41.761088,360.909,65.570,0.475
41.772698,362.328,65.638,0.470
41.784308,362.647,65.653,0.456
41.795918,362.971,65.668,0.438
41.807528,358.227,65.440,0.409
41.819138,361.942,65.619,0.377
41.830748,172.175,52.756,0.350
41.842358,355.114,65.289,0.383
41.853968,350.574,65.067,0.422
41.865578,324.399,63.723,0.470
41.877188,194.922,54.905,0.512
41.888798,195.016,54.913,0.551
41.900408,1002.273,83.252,0.573
41.912018,93.794,42.241,0.588
41.923628,93.801,42.242,0.592
41.935238,93.787,42.239,0.588
41.946848,84.185,40.369,0.596
41.958458,249.445,59.175,0.740
41.970068,242.570,58.691,0.805
41.981678,241.162,58.590,0.844
41.993288,237.839,58.350,0.871
42.004898,236.827,58.276,0.893
42.016508,236.562,58.257,0.912
42.028118,235.993,58.215,0.930
42.039728,235.615,58.187,0.944
42.051338,233.618,58.040,0.940
42.062948,232.626,57.966,0.932
42.074558,232.251,57.938,0.922
42.086168,232.140,57.930,0.906
42.097778,232.333,57.944,0.886
42.109388,232.604,57.965,0.863
42.120998,232.430,57.952,0.832
42.132608,232.432,57.952,0.791
42.144218,231.690,57.896,0.734
42.155828,233.342,58.019,0.657
42.167438,232.259,57.939,0.571
42.179048,230.110,57.778,0.565
42.190658,237.120,58.297,0.600
42.202268,229.685,57.746,0.616
42.213878,229.815,57.756,0.634
42.225488,229.889,57.761,0.641
42.237098,229.863,57.759,0.647
42.248707,372.785,66.130,0.757
42.260317,354.099,65.240,0.806
42.271927,352.205,65.147,0.829
42.283537,351.516,65.113,0.842
42.295147,350.779,65.077,0.854
42.306757,349.646,65.021,0.862
42.318367,349.555,65.016,0.874
42.329977,350.604,65.068,0.884
42.341587,350.628,65.069,0.869
42.353197,350.296,65.053,0.856
42.364807,353.330,65.202,0.850
42.376417,378.092,66.375,0.846
42.388027,384.189,66.652,0.844
42.399637,387.583,66.804,0.844
42.411247,389.130,66.873,0.838
42.422857,389.814,66.903,0.827
42.434467,390.935,66.953,0.807
42.446077,392.468,67.021,0.782
42.457687,392.963,67.043,0.753
42.469297,392.544,67.024,0.720
42.480907,391.153,66.963,0.671
42.492517,387.362,66.794,0.642
42.504127,385.623,66.716,0.597
42.515737,179.765,53.503,0.564
42.527347,122.669,46.887,0.595
42.538957,349.506,65.014,0.689
42.550567,350.205,65.048,0.777
42.562177,350.448,65.060,0.816
42.573787,350.164,65.046,0.838
42.585397,350.452,65.061,0.846
42.597007,350.366,65.056,0.853
42.608617,350.322,65.054,0.857
42.620227,350.368,65.056,0.854
42.631837,350.515,65.064,0.836
42.643447,350.743,65.075,0.791
42.655057,350.372,65.057,0.745
42.666667,352.381,65.156,0.703
42.678277,352.635,65.168,0.666
42.689887,355.706,65.318,0.627
42.701497,377.823,66.362,0.600
42.713107,378.016,66.371,0.594
42.724717,339.077,64.489,0.725
42.736327,315.090,63.219,0.770
42.747937,313.121,63.111,0.799
42.759546,311.843,63.040,0.817
42.771156,311.773,63.036,0.831
42.782766,311.614,63.027,0.848
42.794376,311.438,63.017,0.862
42.805986,311.280,63.008,0.876
42.817596,310.862,62.985,0.862
42.829206,310.890,62.987,0.854
42.840816,310.997,62.993,0.848
42.852426,311.055,62.996,0.843
42.864036,310.988,62.992,0.840
42.875646,310.978,62.992,0.831
42.887256,311.103,62.999,0.817
42.898866,311.278,63.008,0.794
42.910476,311.354,63.013,0.770
42.922086,311.417,63.016,0.746
42.933696,311.476,63.019,0.713
42.945306,311.540,63.023,0.679
42.956916,312.186,63.059,0.623
42.968526,314.692,63.197,0.549
42.980136,323.136,63.656,0.523
42.991746,308.961,62.879,0.691
43.003356,304.394,62.621,0.759
43.014966,301.169,62.437,0.806
43.026576,298.970,62.310,0.845
43.038186,297.420,62.220,0.873
43.049796,296.293,62.154,0.890
43.061406,295.656,62.117,0.905
43.073016,295.030,62.080,0.916
43.084626,294.258,62.035,0.916
43.096236,293.523,61.992,0.915
43.107846,293.267,61.977,0.910
43.119456,293.121,61.968,0.903
43.131066,293.106,61.967,0.896
43.142676,293.099,61.967,0.895
43.154286,293.015,61.962,0.893
43.165896,292.948,61.958,0.891
43.177506,292.961,61.958,0.888
43.189116,293.067,61.965,0.884
43.200726,293.766,62.006,0.888
43.212336,294.267,62.035,0.885
43.223946,294.963,62.076,0.881
43.235556,295.005,62.079,0.870
43.247166,295.370,62.100,0.854
43.258776,295.484,62.107,0.840
43.270385,295.535,62.110,0.822
43.281995,296.639,62.174,0.802
43.293605,304.509,62.628,0.767
43.305215,296.322,62.156,0.735
43.316825,296.773,62.182,0.714
43.328435,147.288,50.054,0.705
43.340045,147.267,50.051,0.714
43.351655,147.340,50.060,0.715
43.363265,147.250,50.049,0.709
43.374875,147.236,50.048,0.707
43.386485,147.256,50.050,0.702
43.398095,147.199,50.043,0.695
43.409705,315.443,63.238,0.710
43.421315,328.657,63.949,0.746
43.432925,318.642,63.413,0.770
43.444535,315.910,63.264,0.793
43.456145,314.282,63.175,0.813
43.467755,313.092,63.109,0.829
43.479365,312.371,63.069,0.844
43.490975,311.703,63.032,0.856
43.502585,311.455,63.018,0.860
43.514195,311.212,63.005,0.856
43.525805,311.237,63.006,0.853
43.537415,311.852,63.040,0.852
43.549025,314.618,63.193,0.846
43.560635,319.012,63.433,0.842
43.572245,331.387,64.092,0.831
43.583855,343.437,64.711,0.824
43.595465,346.659,64.872,0.823
43.607075,347.743,64.926,0.823
43.618685,348.211,64.949,0.820
43.630295,348.767,64.977,0.816
43.641905,349.322,65.005,0.818
43.653515,349.011,64.989,0.817
43.665125,348.993,64.988,0.823
43.676735,349.605,65.019,0.823
43.688345,350.883,65.082,0.816
43.699955,352.055,65.140,0.809
43.711565,354.545,65.262,0.807
43.723175,356.668,65.365,0.806
43.734785,360.628,65.556,0.802
43.746395,364.242,65.729,0.792
43.758005,365.806,65.803,0.785
43.769615,366.113,65.817,0.786
43.781224,366.425,65.832,0.794
43.792834,359.908,65.521,0.800
43.804444,355.374,65.302,0.800
43.816054,352.592,65.166,0.813
43.827664,351.007,65.088,0.820
43.839274,350.478,65.062,0.827
43.850884,349.792,65.028,0.835
43.862494,349.563,65.017,0.844
43.874104,349.361,65.007,0.844
43.885714,349.202,64.999,0.844
43.897324,349.030,64.990,0.846
43.908934,348.897,64.984,0.838
43.920544,348.690,64.973,0.840
43.932154,348.636,64.971,0.843
43.943764,348.737,64.976,0.843
43.955374,348.786,64.978,0.841
43.966984,348.686,64.973,0.839
43.978594,348.782,64.978,0.836
43.990204,348.992,64.988,0.835
44.001814,349.046,64.991,0.830
44.013424,349.158,64.997,0.824
44.025034,349.151,64.996,0.820
44.036644,348.955,64.986,0.818
44.048254,348.980,64.988,0.810
44.059864,349.093,64.993,0.812
44.071474,349.276,65.002,0.814
44.083084,349.267,65.002,0.813
44.094694,349.337,65.005,0.812
44.106304,349.670,65.022,0.801
44.117914,349.935,65.035,0.787
44.129524,350.419,65.059,0.766
44.141134,350.760,65.076,0.744
44.152744,351.334,65.104,0.709
44.164354,351.719,65.123,0.669
44.175964,353.428,65.207,0.608
44.187574,351.825,65.128,0.533
44.199184,349.059,64.992,0.450
44.210794,349.765,65.027,0.415
44.222404,349.881,65.032,0.401
44.234014,349.796,65.028,0.409
44.245624,350.765,65.076,0.408
44.257234,350.232,65.050,0.409
44.268844,349.531,65.015,0.400
44.280454,350.938,65.085,0.394
44.292063,351.048,65.090,0.386
44.303673,356.161,65.340,0.396
44.315283,363.357,65.687,0.406
44.326893,362.199,65.631,0.404
44.338503,347.851,64.932,0.533
44.350113,323.853,63.694,0.710
44.361723,317.822,63.369,0.767
44.373333,315.636,63.249,0.809
44.384943,314.691,63.197,0.831
44.396553,314.051,63.162,0.848
44.408163,313.513,63.132,0.863
44.419773,313.307,63.121,0.874
44.431383,312.569,63.080,0.880
44.442993,311.508,63.021,0.867
44.454603,311.299,63.010,0.855
44.466213,311.301,63.010,0.843
44.477823,311.765,63.035,0.840
44.489433,312.025,63.050,0.837
44.501043,312.706,63.088,0.839
44.512653,313.297,63.120,0.846
44.524263,313.157,63.113,0.849
44.535873,312.954,63.101,0.852
44.547483,312.833,63.095,0.854
44.559093,312.317,63.066,0.854
44.570703,311.699,63.032,0.850
44.582313,310.958,62.991,0.844
44.593923,309.880,62.930,0.833
44.605533,308.880,62.875,0.816
44.617143,308.144,62.833,0.797
44.628753,307.777,62.813,0.778
44.640363,308.502,62.853,0.766
44.651973,309.467,62.907,0.747
44.663583,310.350,62.957,0.739
44.675193,311.491,63.020,0.734
44.686803,312.391,63.070,0.733
44.698413,312.903,63.099,0.731
44.710023,313.510,63.132,0.729
44.721633,313.545,63.134,0.726
44.733243,312.883,63.097,0.720
44.744853,312.362,63.069,0.714
44.756463,311.770,63.036,0.704
44.768073,311.499,63.021,0.692
44.779683,311.563,63.024,0.679
44.791293,311.482,63.020,0.669
44.802902,311.595,63.026,0.667
44.814512,311.550,63.024,0.658
44.826122,311.644,63.029,0.654
44.837732,311.539,63.023,0.651
44.849342,311.447,63.018,0.648
44.860952,311.007,62.993,0.646
44.872562,310.189,62.948,0.645
44.884172,309.792,62.926,0.646
44.895782,309.212,62.893,0.640
44.907392,308.981,62.880,0.638
44.919002,309.082,62.886,0.632
44.930612,309.427,62.905,0.626
44.942222,309.733,62.922,0.621
44.953832,310.290,62.953,0.616
44.965442,310.735,62.978,0.603
44.977052,311.382,63.014,0.589
44.988662,311.636,63.028,0.568
45.000272,311.824,63.039,0.551
45.011882,312.030,63.050,0.531
45.023492,312.084,63.053,0.511
45.035102,311.881,63.042,0.485
45.046712,311.851,63.040,0.465
45.058322,312.053,63.051,0.459
45.069932,312.219,63.061,0.457
45.081542,312.622,63.083,0.471
45.093152,312.756,63.090,0.483
45.104762,312.945,63.101,0.493
45.116372,313.302,63.121,0.504
45.127982,313.565,63.135,0.514
45.139592,313.509,63.132,0.521
45.151202,313.369,63.124,0.522
45.162812,313.294,63.120,0.518
45.174422,312.855,63.096,0.503
45.186032,312.665,63.085,0.486
45.197642,312.358,63.068,0.469
45.209252,312.340,63.067,0.446
45.220862,312.499,63.076,0.421
45.232472,312.826,63.094,0.388
45.244082,312.566,63.080,0.349
45.255692,312.247,63.062,0.314
45.267302,312.301,63.065,0.290
45.278912,312.307,63.066,0.281
45.290522,312.604,63.082,0.272
45.302132,312.532,63.078,0.264
45.313741,312.223,63.061,0.257
45.325351,312.060,63.052,0.244
45.336961,312.105,63.054,0.230
45.348571,312.065,63.052,0.217
45.360181,312.010,63.049,0.204
45.371791,311.964,63.046,0.190
45.383401,311.781,63.036,0.183
45.395011,311.753,63.035,0.187
45.406621,312.113,63.055,0.194
45.418231,312.032,63.050,0.197
45.429841,311.972,63.047,0.207
45.441451,312.061,63.052,0.222
45.453061,312.258,63.063,0.236
45.464671,312.417,63.072,0.249
45.476281,312.385,63.070,0.252
45.487891,312.274,63.064,0.241
45.499501,312.172,63.058,0.225
45.511111,312.215,63.060,0.214
45.522721,312.225,63.061,0.207
45.534331,312.053,63.051,0.205
45.545941,312.210,63.060,0.207
45.557551,312.149,63.057,0.206
45.569161,312.366,63.069,0.212
45.580771,312.420,63.072,0.223
45.592381,312.511,63.077,0.232
45.603991,312.587,63.081,0.243
45.615601,312.512,63.077,0.249
45.627211,312.478,63.075,0.251
45.638821,312.267,63.063,0.250
45.650431,312.190,63.059,0.247
45.662041,312.064,63.052,0.244
45.673651,312.043,63.051,0.246
45.685261,311.936,63.045,0.254
45.696871,311.935,63.045,0.268
45.708481,311.941,63.045,0.294
45.720091,312.173,63.058,0.321
45.731701,311.979,63.047,0.349
45.743311,311.991,63.048,0.368
45.754921,311.842,63.040,0.382
45.766531,311.641,63.029,0.393
45.778141,311.632,63.028,0.399
45.789751,311.629,63.028,0.403
45.801361,311.627,63.028,0.403
45.812971,311.756,63.035,0.402
45.824580,311.718,63.033,0.397
45.836190,311.638,63.028,0.392
45.847800,311.737,63.034,0.387
45.859410,311.874,63.042,0.380
45.871020,312.030,63.050,0.373
45.882630,312.265,63.063,0.370
45.894240,312.595,63.082,0.369
45.905850,312.586,63.081,0.365
45.917460,312.747,63.090,0.364
45.929070,312.719,63.088,0.365
45.940680,313.075,63.108,0.371
45.952290,312.874,63.097,0.380
45.963900,312.746,63.090,0.391
45.975510,312.461,63.074,0.396
45.987120,312.228,63.061,0.396
45.998730,312.179,63.058,0.389
46.010340,312.081,63.053,0.377
46.021950,311.889,63.042,0.362
46.033560,311.678,63.031,0.345
46.045170,311.718,63.033,0.323
46.056780,311.629,63.028,0.297
46.068390,311.762,63.035,0.267
46.080000,311.794,63.037,0.234
46.091610,311.875,63.042,0.220
46.103220,312.052,63.051,0.224
46.114830,312.346,63.068,0.229
46.126440,312.613,63.082,0.233
46.138050,312.561,63.080,0.234
46.149660,312.637,63.084,0.224
46.161270,312.800,63.093,0.210
46.172880,312.950,63.101,0.194
46.184490,312.741,63.090,0.173
46.196100,312.481,63.075,0.138
46.207710,312.441,63.073,0.095
46.219320,312.272,63.064,0.039
46.230930,,,0.000
46.242540,,,0.000
46.254150,,,0.000
46.265760,,,0.000
46.277370,,,0.000
46.288980,,,0.000
46.300590,,,0.000
46.312200,314.002,63.159,0.024
46.323810,313.636,63.139,0.065
46.335420,313.530,63.133,0.096
46.347029,313.275,63.119,0.118
46.358639,312.934,63.100,0.133
46.370249,312.660,63.085,0.144
46.381859,312.486,63.075,0.148
46.393469,312.183,63.059,0.146
46.405079,311.962,63.046,0.135
46.416689,311.943,63.045,0.115
46.428299,311.835,63.039,0.089
46.439909,312.014,63.049,0.057
46.451519,312.496,63.076,0.021
46.463129,,,0.000
46.474739,,,0.000
46.486349,,,0.000
46.497959,,,0.000
46.509569,,,0.000
46.521179,,,0.000
46.532789,,,0.000
46.544399,,,0.000
46.556009,,,0.000
46.567619,,,0.000
46.579229,,,0.000
46.590839,,,0.000
46.602449,,,0.000
46.614059,,,0.000
46.625669,,,0.000
46.637279,,,0.000
46.648889,,,0.000
46.660499,,,0.000
46.672109,,,0.000
46.683719,,,0.000
46.695329,,,0.000
46.706939,,,0.000
46.718549,,,0.000
46.730159,,,0.000
46.741769,,,0.000
46.753379,,,0.000
46.764989,,,0.000
46.776599,,,0.000
46.788209,,,0.000
46.799819,,,0.000
46.811429,,,0.000
46.823039,,,0.000
46.834649,,,0.000
46.846259,,,0.000
46.857868,,,0.000
46.869478,,,0.000
46.881088,,,0.000
46.892698,,,0.000
46.904308,,,0.000
46.915918,,,0.000
46.927528,,,0.000
46.939138,,,0.000
46.950748,,,0.000
46.962358,,,0.000
46.973968,,,0.000
46.985578,,,0.000
46.997188,,,0.000
47.008798,,,0.000
47.020408,,,0.000
47.032018,,,0.000
47.043628,,,0.000
47.055238,,,0.000
47.066848,,,0.000
47.078458,,,0.000
47.090068,,,0.000
47.101678,,,0.000
47.113288,,,0.000
47.124898,,,0.000
47.136508,,,0.000
47.148118,,,0.000
47.159728,,,0.000
47.171338,,,0.000
47.182948,,,0.000
47.194558,,,0.000
47.206168,,,0.000
47.217778,,,0.000
47.229388,,,0.000
47.240998,,,0.000
47.252608,,,0.000
47.264218,,,0.000
47.275828,,,0.000
47.287438,,,0.000
47.299048,,,0.000
47.310658,,,0.000
47.322268,,,0.000
47.333878,,,0.000
47.345488,,,0.000
47.357098,,,0.000
47.368707,,,0.000
47.380317,,,0.000
47.391927,,,0.000
47.403537,,,0.000
47.415147,,,0.000
47.426757,,,0.000
47.438367,,,0.000
47.449977,,,0.000
47.461587,,,0.000
47.473197,,,0.000
47.484807,,,0.000
47.496417,,,0.000
47.508027,,,0.000
47.519637,,,0.000
47.531247,,,0.000
47.542857,,,0.000
47.554467,,,0.000
47.566077,,,0.000
47.577687,,,0.000
47.589297,,,0.000
47.600907,,,0.000
47.612517,,,0.000
47.624127,,,0.000
47.635737,,,0.000
47.647347,,,0.000
47.658957,,,0.000
47.670567,,,0.000
47.682177,,,0.000
47.693787,,,0.000
47.705397,,,0.000
47.717007,,,0.000
47.728617,,,0.000
47.740227,,,0.000
47.751837,,,0.000
47.763447,,,0.000
47.775057,,,0.000
47.786667,,,0.000
47.798277,687.735,76.732,0.023
47.809887,439.763,68.991,0.130
47.821497,703.006,77.112,0.213
47.833107,685.668,76.680,0.279
47.844717,684.082,76.640,0.339
47.856327,691.158,76.818,0.385
47.867937,359.914,65.522,0.435
47.879546,272.753,60.721,0.470
47.891156,140.339,49.217,0.496
47.902766,844.692,80.291,0.521
47.914376,409.218,67.744,0.537
47.925986,409.378,67.751,0.542
47.937596,81.784,39.869,0.543
47.949206,407.641,67.678,0.537
47.960816,81.803,39.873,0.522
47.972426,81.944,39.902,0.502
47.984036,81.986,39.911,0.475
47.995646,81.865,39.886,0.432
48.007256,82.060,39.927,0.376
48.018866,82.044,39.924,0.330
48.030476,81.755,39.863,0.259
48.042086,81.718,39.855,0.190
48.053696,341.178,64.596,0.119
48.065306,205.089,55.785,0.253
48.076916,319.353,63.452,0.460
48.088526,318.838,63.424,0.582
48.100136,333.029,64.178,0.664
48.111746,336.363,64.350,0.700
48.123356,339.091,64.490,0.729
48.134966,350.115,65.044,0.767
48.146576,395.659,67.161,0.797
48.158186,408.784,67.726,0.823
48.169796,415.018,67.988,0.854
48.181406,414.834,67.980,0.875
48.193016,414.606,67.971,0.887
48.204626,414.980,67.986,0.897
48.216236,415.329,68.001,0.904
48.227846,415.599,68.012,0.910
48.239456,416.280,68.041,0.911
48.251066,416.744,68.060,0.907
48.262676,417.165,68.077,0.897
48.274286,418.467,68.131,0.886
48.285896,421.724,68.266,0.877
48.297506,426.368,68.455,0.871
48.309116,457.677,69.682,0.868
48.320726,464.907,69.953,0.864
48.332336,466.325,70.006,0.863
48.343946,466.806,70.024,0.870
48.355556,467.511,70.050,0.872
48.367166,467.751,70.059,0.874
48.378776,467.848,70.062,0.876
48.390385,467.491,70.049,0.877
48.401995,467.049,70.033,0.876
48.413605,466.733,70.021,0.864
48.425215,466.432,70.010,0.855
48.436825,466.249,70.003,0.840
48.448435,466.034,69.995,0.822
48.460045,465.728,69.984,0.800
48.471655,463.610,69.905,0.769
48.483265,461.650,69.832,0.732
48.494875,459.124,69.737,0.687
48.506485,458.461,69.712,0.660
48.518095,457.373,69.670,0.623
48.529705,457.614,69.680,0.574
48.541315,458.568,69.716,0.530
48.552925,459.587,69.754,0.510
48.564535,459.845,69.764,0.495
48.576145,461.086,69.810,0.483
48.587755,462.527,69.864,0.478
48.599365,462.134,69.850,0.474
48.610975,234.265,58.088,0.473
48.622585,234.255,58.087,0.466
48.634195,234.416,58.099,0.463
48.645805,234.789,58.126,0.447
48.657415,459.550,69.753,0.442
48.669025,458.670,69.719,0.447
48.680635,457.196,69.664,0.481
48.692245,333.537,64.204,0.592
48.703855,333.668,64.211,0.644
48.715465,364.633,65.747,0.672
48.727075,366.332,65.828,0.694
48.738685,365.113,65.770,0.723
48.750295,415.717,68.017,0.768
48.761905,417.892,68.108,0.804
48.773515,418.699,68.141,0.826
48.785125,418.264,68.123,0.838
48.796735,418.020,68.113,0.849
48.808345,417.882,68.107,0.862
48.819955,418.280,68.124,0.876
48.831565,418.913,68.150,0.881
48.843175,419.286,68.165,0.875
48.854785,418.640,68.138,0.869
48.866395,418.666,68.140,0.864
48.878005,421.317,68.249,0.859
48.889615,424.854,68.394,0.853
48.901224,457.965,69.693,0.849
48.912834,464.837,69.951,0.844
48.924444,465.702,69.983,0.845
48.936054,465.904,69.990,0.851
48.947664,466.875,70.026,0.851
48.959274,467.242,70.040,0.855
48.970884,467.053,70.033,0.853
48.982494,467.068,70.034,0.852
48.994104,466.992,70.031,0.847
49.005714,466.925,70.028,0.835
49.017324,467.073,70.034,0.824
49.028934,467.401,70.046,0.813
49.040544,467.286,70.042,0.809
49.052154,466.571,70.015,0.790
49.063764,466.718,70.021,0.770
49.075374,465.849,69.988,0.746
49.086984,465.189,69.964,0.722
49.098594,464.912,69.953,0.702
49.110204,463.839,69.913,0.678
49.121814,461.384,69.822,0.628
49.133424,463.656,69.907,0.549
49.145034,460.471,69.787,0.540
49.156644,454.113,69.547,0.671
49.168254,462.371,69.859,0.763
49.179864,468.942,70.103,0.824
49.191474,470.962,70.177,0.853
49.203084,470.732,70.169,0.877
49.214694,469.712,70.131,0.895
49.226304,469.321,70.117,0.911
49.237914,469.423,70.121,0.922
49.249524,470.521,70.161,0.921
49.261134,470.287,70.152,0.914
49.272744,469.381,70.119,0.898
49.284354,468.855,70.100,0.881
49.295964,468.821,70.098,0.859
49.307574,469.093,70.108,0.835
49.319184,469.626,70.128,0.807
49.330794,469.196,70.112,0.776
49.342404,468.199,70.075,0.743
49.354014,463.866,69.914,0.694
49.365624,462.095,69.848,0.638
49.377234,461.509,69.826,0.643
49.388844,232.507,57.957,0.655
49.400454,232.143,57.930,0.663
49.412063,232.095,57.927,0.673
49.423673,232.233,57.937,0.682
49.435283,232.144,57.930,0.691
49.446893,196.698,55.062,0.691
49.458503,196.678,55.060,0.689
49.470113,196.622,55.055,0.682
49.481723,318.679,63.415,0.698
49.493333,304.735,62.641,0.721
49.504943,309.031,62.883,0.742
49.516553,310.451,62.962,0.758
49.528163,311.283,63.009,0.778
49.539773,311.400,63.015,0.800
49.551383,311.499,63.021,0.816
49.562993,311.572,63.025,0.828
49.574603,311.631,63.028,0.828
49.586213,311.739,63.034,0.818
49.597823,311.874,63.042,0.800
49.609433,311.885,63.042,0.782
49.621043,311.908,63.043,0.751
49.632653,312.000,63.049,0.709
49.644263,312.195,63.059,0.656
49.655873,312.185,63.059,0.583
49.667483,155.652,51.010,0.490
49.679093,469.886,70.138,0.388
49.690703,469.498,70.123,0.369
49.702313,469.662,70.129,0.364
49.713923,469.726,70.132,0.362
49.725533,156.526,51.107,0.377
49.737143,465.318,69.969,0.443
49.748753,150.371,50.412,0.525
49.760363,284.771,61.468,0.642
49.771973,286.194,61.554,0.714
49.783583,286.253,61.557,0.754
49.795193,285.388,61.505,0.782
49.806803,285.006,61.482,0.802
49.818413,310.756,62.979,0.820
49.830023,310.633,62.973,0.832
49.841633,310.368,62.958,0.839
49.853243,310.483,62.964,0.832
49.864853,310.491,62.965,0.818
49.876463,310.799,62.982,0.805
49.888073,311.156,63.002,0.790
49.899683,311.141,63.001,0.775
49.911293,311.259,63.007,0.758
49.922902,311.525,63.022,0.745
49.934512,311.549,63.023,0.736
49.946122,311.257,63.007,0.734
49.957732,310.957,62.991,0.738
49.969342,310.640,62.973,0.743
49.980952,310.269,62.952,0.755
49.992562,309.960,62.935,0.753
50.004172,309.560,62.913,0.748
50.015782,309.085,62.886,0.752
50.027392,309.299,62.898,0.757
50.039002,334.677,64.263,0.781
50.050612,338.872,64.479,0.804
50.062222,402.641,67.464,0.830
50.073832,407.708,67.680,0.842
50.085442,412.510,67.883,0.859
50.097052,414.734,67.976,0.875
50.108662,414.802,67.979,0.889
50.120272,414.735,67.976,0.897
50.131882,414.555,67.969,0.895
50.143492,415.242,67.997,0.894
50.155102,416.946,68.068,0.888
50.166712,417.166,68.077,0.880
50.178322,416.887,68.066,0.872
50.189932,416.574,68.053,0.856
50.201542,418.194,68.120,0.833
50.213152,421.114,68.240,0.813
50.224762,426.065,68.443,0.796
50.236372,440.596,69.023,0.772
50.247982,463.926,69.917,0.748
50.259592,467.145,70.036,0.745
50.271202,468.110,70.072,0.746
50.282812,467.861,70.063,0.761
50.294422,467.617,70.054,0.770
50.306032,467.419,70.047,0.776
50.317642,467.239,70.040,0.781
50.329252,467.447,70.048,0.818
50.340862,468.533,70.088,0.836
50.352472,468.323,70.080,0.849
50.364082,467.835,70.062,0.861
50.375692,467.489,70.049,0.869
50.387302,467.296,70.042,0.879
50.398912,467.243,70.040,0.886
50.410522,467.218,70.039,0.894
50.422132,466.853,70.026,0.885
50.433741,466.343,70.007,0.883
50.445351,466.418,70.009,0.881
50.456961,466.709,70.020,0.874
50.468571,466.864,70.026,0.870
50.480181,467.046,70.033,0.863
50.491791,467.080,70.034,0.859
50.503401,467.086,70.034,0.847
50.515011,466.750,70.022,0.830
50.526621,466.350,70.007,0.810
50.538231,465.602,69.979,0.790
50.549841,465.328,69.969,0.775
50.561451,464.718,69.946,0.753
50.573061,462.233,69.853,0.730
50.584671,459.604,69.755,0.702
50.596281,456.116,69.623,0.678
50.607891,457.518,69.676,0.659
50.619501,153.574,50.777,0.641
50.631111,153.438,50.762,0.614
50.642721,456.605,69.641,0.573
50.654331,457.832,69.688,0.531
50.665941,93.320,42.153,0.490
50.677551,463.660,69.907,0.468
50.689161,465.385,69.971,0.468
50.700771,466.002,69.994,0.467
50.712381,467.000,70.031,0.484
50.723991,465.516,69.976,0.509
50.735601,462.140,69.850,0.558
50.747211,462.876,69.877,0.597
50.758821,458.035,69.695,0.659
50.770431,458.162,69.700,0.686
50.782041,463.403,69.897,0.753
50.793651,464.888,69.953,0.786
50.805261,465.217,69.965,0.811
50.816871,466.881,70.027,0.833
50.828481,467.550,70.051,0.848
50.840091,467.611,70.054,0.861
50.851701,468.459,70.085,0.867
50.863311,468.020,70.069,0.874
50.874921,467.448,70.048,0.863
50.886531,467.359,70.044,0.848
50.898141,467.572,70.052,0.828
50.909751,467.029,70.032,0.803
50.921361,466.470,70.011,0.774
50.932971,465.996,69.994,0.737
50.944580,465.384,69.971,0.683
50.956190,464.136,69.925,0.604
50.967800,463.382,69.896,0.492
50.979410,465.000,69.957,0.467
50.991020,465.046,69.958,0.484
51.002630,461.563,69.828,0.538
51.014240,460.319,69.782,0.583
51.025850,459.854,69.764,0.609
51.037460,460.085,69.773,0.623
51.049070,460.146,69.775,0.636
51.060680,460.073,69.772,0.712
51.072290,459.759,69.760,0.760
51.083900,460.660,69.794,0.811
51.095510,461.686,69.833,0.842
51.107120,462.518,69.864,0.862
51.118730,463.705,69.908,0.881
51.130340,464.230,69.928,0.893
51.141950,464.865,69.952,0.902
51.153560,931.361,81.982,0.897
51.165170,465.653,69.981,0.888
51.176780,466.143,69.999,0.864
51.188390,466.629,70.017,0.836
51.200000,466.876,70.026,0.808
51.211610,466.813,70.024,0.771
51.223220,466.357,70.007,0.746
51.234830,459.447,69.749,0.754
51.246440,461.183,69.814,0.782
51.258050,465.336,69.969,0.814
51.269660,465.288,69.967,0.834
51.281270,464.618,69.942,0.847
51.292880,463.434,69.898,0.866
51.304490,463.059,69.884,0.879
51.316100,463.253,69.892,0.891
51.327710,464.211,69.927,0.890
51.339320,464.275,69.930,0.879
51.350930,463.298,69.893,0.859
51.362540,463.197,69.889,0.840
51.374150,463.609,69.905,0.829
51.385760,464.926,69.954,0.805
51.397370,465.854,69.988,0.783
51.408980,466.583,70.016,0.749
51.420590,466.689,70.020,0.717
51.432200,465.435,69.973,0.686
51.443810,464.496,69.938,0.683
51.455420,464.474,69.937,0.690
51.467029,464.854,69.951,0.691
51.478639,464.438,69.936,0.692
51.490249,464.360,69.933,0.707
51.501859,467.396,70.046,0.752
51.513469,468.642,70.092,0.790
51.525079,469.153,70.111,0.817
51.536689,468.101,70.072,0.836
51.548299,466.955,70.029,0.856
51.559909,466.044,69.996,0.871
51.571519,465.725,69.984,0.881
51.583129,465.541,69.977,0.885
51.594739,464.913,69.953,0.883
51.606349,464.639,69.943,0.880
51.617959,465.008,69.957,0.882
51.629569,467.033,70.032,0.886
51.641179,469.778,70.134,0.885
51.652789,473.401,70.267,0.881
51.664399,478.171,70.440,0.880
51.676009,482.674,70.603,0.879
51.687619,487.761,70.784,0.875
51.699229,491.137,70.903,0.873
51.710839,493.563,70.989,0.873
51.722449,495.051,71.041,0.882
51.734059,495.462,71.055,0.888
51.745669,495.361,71.052,0.891
51.757279,495.160,71.045,0.894
51.768889,494.888,71.035,0.901
51.780499,494.401,71.018,0.904
51.792109,493.969,71.003,0.905
51.803719,493.555,70.988,0.902
51.815329,493.566,70.989,0.891
51.826939,494.151,71.009,0.887
51.838549,494.637,71.026,0.893
51.850159,494.632,71.026,0.896
51.861769,494.399,71.018,0.893
51.873379,494.335,71.016,0.893
51.884989,493.918,71.001,0.895
51.896599,493.429,70.984,0.891
51.908209,492.560,70.954,0.883
51.919819,491.300,70.909,0.866
51.931429,489.489,70.845,0.839
51.943039,487.083,70.760,0.825
51.954649,484.791,70.678,0.815
51.966259,479.040,70.472,0.807
51.977868,193.781,54.803,0.793
51.989478,358.223,65.440,0.791
52.001088,355.658,65.316,0.802
52.012698,353.641,65.217,0.827
52.024308,353.025,65.187,0.841
52.035918,353.505,65.211,0.844
52.047528,353.640,65.217,0.846
52.059138,351.433,65.109,0.844
52.070748,351.242,65.100,0.848
52.082358,350.140,65.045,0.851
52.093968,388.568,66.848,0.856
52.105578,389.233,66.878,0.854
52.117188,389.839,66.905,0.856
52.128798,389.989,66.911,0.858
52.140408,195.516,54.957,0.862
52.152018,195.598,54.965,0.863
52.163628,195.639,54.968,0.860
52.175238,195.505,54.956,0.852
52.186848,195.286,54.937,0.834
52.198458,195.123,54.923,0.814
52.210068,195.017,54.913,0.790
52.221678,195.014,54.913,0.775
52.233288,194.946,54.907,0.769
52.244898,389.243,66.878,0.777
52.256508,387.501,66.800,0.771
52.268118,385.166,66.696,0.773
52.279728,380.303,66.476,0.801
52.291338,377.454,66.346,0.818
52.302948,374.407,66.205,0.831
52.314558,369.229,65.964,0.842
52.326168,360.166,65.534,0.845
52.337778,353.374,65.204,0.842
52.349388,350.958,65.086,0.847
52.360998,349.744,65.026,0.853
52.372608,348.855,64.981,0.849
52.384218,348.827,64.980,0.852
52.395828,348.792,64.978,0.854
52.407438,349.092,64.993,0.850
52.419048,349.608,65.019,0.841
52.430658,350.105,65.043,0.826
52.442268,350.419,65.059,0.809
52.453878,350.391,65.058,0.786
52.465488,349.970,65.037,0.760
52.477098,349.347,65.006,0.721
52.488707,349.448,65.011,0.670
52.500317,349.616,65.019,0.626
52.511927,342.079,64.642,0.581
52.523537,98.359,43.064,0.582
52.535147,332.894,64.171,0.622
52.546757,306.295,62.729,0.665
52.558367,309.051,62.884,0.715
52.569977,310.636,62.973,0.744
52.581587,311.133,63.000,0.769
52.593197,311.846,63.040,0.787
52.604807,311.786,63.037,0.796
52.616417,311.965,63.047,0.803
52.628027,311.940,63.045,0.797
52.639637,312.177,63.058,0.784
52.651247,311.878,63.042,0.761
52.662857,311.733,63.034,0.744
52.674467,311.266,63.008,0.717
52.686077,310.542,62.967,0.685
52.697687,310.275,62.953,0.653
52.709297,310.204,62.949,0.633
52.720907,309.537,62.911,0.666
52.732517,309.355,62.901,0.714
52.744127,309.931,62.933,0.746
52.755737,309.723,62.922,0.771
52.767347,309.852,62.929,0.792
52.778957,309.930,62.933,0.811
52.790567,310.010,62.938,0.826
52.802177,310.149,62.945,0.834
52.813787,310.391,62.959,0.837
52.825397,310.615,62.972,0.832
52.837007,310.665,62.974,0.824
52.848617,310.870,62.986,0.814
52.860227,310.999,62.993,0.804
52.871837,311.258,63.007,0.797
52.883447,311.371,63.014,0.796
52.895057,311.344,63.012,0.797
52.906667,311.390,63.015,0.802
52.918277,311.415,63.016,0.806
52.929887,311.365,63.013,0.816
52.941497,311.279,63.008,0.822
52.953107,311.107,62.999,0.827
52.964717,311.021,62.994,0.827
52.976327,311.029,62.995,0.823
52.987937,310.920,62.988,0.819
52.999546,310.768,62.980,0.808
53.011156,310.716,62.977,0.797
53.022766,310.710,62.977,0.780
53.034376,310.613,62.971,0.756
53.045986,310.564,62.969,0.732
53.057596,310.649,62.973,0.701
53.069206,310.856,62.985,0.669
53.080816,311.222,63.005,0.629
53.092426,311.550,63.024,0.576
53.104036,311.880,63.042,0.527
53.115646,311.920,63.044,0.484
53.127256,312.275,63.064,0.496
53.138866,311.682,63.031,0.514
53.150476,310.414,62.960,0.537
53.162086,311.113,62.999,0.555
53.173696,311.295,63.009,0.570
53.185306,311.232,63.006,0.582
53.196916,311.091,62.998,0.590
53.208526,313.106,63.110,0.595
53.220136,314.689,63.197,0.595
53.231746,315.968,63.267,0.593
53.243356,316.590,63.301,0.585
53.254966,225.241,57.408,0.578
53.266576,315.816,63.259,0.565
53.278186,225.032,57.392,0.551
53.289796,316.226,63.281,0.528
53.301406,155.278,50.968,0.508
53.313016,155.516,50.995,0.486
53.324626,155.367,50.978,0.460
53.336236,155.368,50.978,0.441
53.347846,313.174,63.114,0.415
53.359456,311.913,63.044,0.435
53.371066,345.578,64.818,0.667
53.382676,364.970,65.763,0.723
53.394286,372.384,66.111,0.766
53.405896,374.826,66.225,0.781
53.417506,381.722,66.540,0.806
53.429116,418.029,68.113,0.827
53.440726,419.087,68.157,0.848
53.452336,418.393,68.128,0.866
53.463946,418.344,68.126,0.865
53.475556,417.902,68.108,0.873
53.487166,417.971,68.111,0.879
53.498776,418.137,68.118,0.893
53.510385,418.674,68.140,0.898
53.521995,418.994,68.153,0.903
53.533605,421.911,68.273,0.907
53.545215,425.062,68.402,0.909
53.556825,875.946,80.920,0.911
53.568435,886.314,81.124,0.910
53.580045,895.742,81.307,0.910
53.591655,903.705,81.460,0.912
53.603265,910.924,81.598,0.917
53.614875,462.999,69.882,0.923
53.626485,465.797,69.986,0.931
53.638095,466.949,70.029,0.937
53.649705,467.305,70.042,0.940
53.661315,467.262,70.041,0.945
53.672925,467.281,70.041,0.945
53.684535,467.294,70.042,0.932
53.696145,467.221,70.039,0.917
53.707755,466.409,70.009,0.903
53.719365,466.033,69.995,0.884
53.730975,465.570,69.978,0.863
53.742585,465.645,69.981,0.846
53.754195,465.741,69.984,0.820
53.765805,465.773,69.985,0.804
53.777415,466.073,69.997,0.817
53.789025,466.580,70.015,0.832
53.800635,467.032,70.032,0.838
53.812245,467.183,70.038,0.840
53.823855,467.163,70.037,0.848
53.835465,467.077,70.034,0.845
53.847075,467.017,70.032,0.831
53.858685,466.672,70.019,0.830
53.870295,466.945,70.029,0.837
53.881905,467.195,70.038,0.834
53.893515,467.127,70.036,0.829
53.905125,466.447,70.011,0.832
53.916735,465.628,69.980,0.827
53.928345,465.436,69.973,0.833
53.939955,465.660,69.981,0.846
53.951565,465.900,69.990,0.844
53.963175,465.744,69.984,0.830
53.974785,465.650,69.981,0.819
53.986395,465.580,69.978,0.803
53.998005,465.985,69.993,0.783
54.009615,466.642,70.018,0.761
54.021224,467.070,70.034,0.728
54.032834,467.050,70.033,0.701
54.044444,466.193,70.001,0.691
54.056054,459.600,69.755,0.700
54.067664,444.955,69.194,0.715
54.079274,417.167,68.077,0.723
54.090884,383.744,66.632,0.763
54.102494,370.508,66.024,0.786
54.114104,363.108,65.675,0.798
54.125714,350.294,65.053,0.815
54.137324,330.547,64.048,0.821
54.148934,317.282,63.339,0.818
54.160544,311.353,63.013,0.814
54.172154,309.536,62.911,0.818
54.183764,309.150,62.890,0.805
54.195374,309.355,62.901,0.797
54.206984,309.890,62.931,0.799
54.218594,310.331,62.956,0.795
54.230204,310.429,62.961,0.796
54.241814,310.521,62.966,0.799
54.253424,310.579,62.969,0.805
54.265034,310.830,62.983,0.810
54.276644,310.924,62.989,0.811
54.288254,310.923,62.989,0.813
54.299864,310.843,62.984,0.810
54.311474,310.771,62.980,0.803
54.323084,310.935,62.989,0.794
54.334694,311.105,62.999,0.784
54.346304,311.278,63.008,0.769
54.357914,311.291,63.009,0.755
54.369524,311.385,63.014,0.744
54.381134,311.701,63.032,0.729
54.392744,311.725,63.033,0.716
54.404354,311.410,63.016,0.696
54.415964,310.872,62.986,0.691
54.427574,310.627,62.972,0.688
54.439184,311.870,63.041,0.688
54.450794,315.017,63.215,0.699
54.462404,315.094,63.219,0.729
54.474014,314.470,63.185,0.758
54.485624,313.715,63.143,0.792
54.497234,313.308,63.121,0.821
54.508844,312.963,63.102,0.833
54.520454,312.371,63.069,0.843
54.532063,311.972,63.047,0.853
54.543673,311.276,63.008,0.856
54.555283,311.047,62.996,0.853
54.566893,311.153,63.001,0.845
54.578503,311.377,63.014,0.828
54.590113,311.633,63.028,0.809
54.601723,311.918,63.044,0.797
54.613333,312.299,63.065,0.788
54.624943,312.402,63.071,0.780
54.636553,312.423,63.072,0.773
54.648163,312.300,63.065,0.759
54.659773,311.778,63.036,0.756
54.671383,311.065,62.997,0.748
54.682993,310.052,62.940,0.736
54.694603,308.941,62.878,0.727
54.706213,307.699,62.808,0.715
54.717823,818.435,79.744,0.696
54.729433,800.335,79.357,0.728
54.741043,1002.273,83.252,0.775
54.752653,1002.273,83.252,0.805
54.764263,1002.273,83.252,0.839
54.775873,1002.273,83.252,0.863
54.787483,1002.273,83.252,0.884
54.799093,410.485,67.798,0.898
54.810703,412.750,67.893,0.909
54.822313,413.145,67.910,0.909
54.833923,414.718,67.976,0.905
54.845533,415.049,67.989,0.897
54.857143,417.318,68.084,0.885
54.868753,419.676,68.181,0.879
54.880363,421.413,68.253,0.864
54.891973,210.358,56.224,0.855
54.903583,210.840,56.264,0.853
54.915193,462.420,69.860,0.850
54.926803,465.079,69.960,0.846
54.938413,465.807,69.987,0.849
54.950023,467.185,70.038,0.854
54.961633,468.231,70.077,0.854
54.973243,468.306,70.079,0.865
54.984853,467.928,70.065,0.871
54.996463,467.202,70.039,0.872
55.008073,466.762,70.022,0.864
55.019683,466.468,70.011,0.852
55.031293,466.191,70.001,0.836
55.042902,466.017,69.995,0.818
55.054512,466.173,70.000,0.806
55.066122,466.755,70.022,0.795
55.077732,466.651,70.018,0.787
55.089342,467.028,70.032,0.777
55.100952,467.076,70.034,0.789
55.112562,467.012,70.031,0.805
55.124172,466.979,70.030,0.820
55.135782,466.968,70.030,0.830
55.147392,466.781,70.023,0.832
55.159002,466.507,70.013,0.824
55.170612,466.617,70.017,0.814
55.182222,466.798,70.024,0.809
55.193832,466.949,70.029,0.803
55.205442,467.132,70.036,0.794
55.217052,467.221,70.039,0.783
55.228662,467.117,70.035,0.776
55.240272,466.893,70.027,0.773
55.251882,466.944,70.029,0.783
55.263492,468.861,70.100,0.794
55.275102,468.609,70.091,0.801
55.286712,469.166,70.111,0.809
55.298322,234.200,58.083,0.810
55.309932,234.386,58.097,0.813
55.321542,849.185,80.383,0.813
55.333152,841.203,80.219,0.810
55.344762,834.027,80.071,0.794
55.356372,828.057,79.947,0.776
55.367982,827.492,79.935,0.762
55.379592,826.349,79.911,0.741
55.391202,826.287,79.910,0.738
55.402812,823.617,79.854,0.739
55.414422,157.028,51.162,0.738
55.426032,789.116,79.113,0.748
55.437642,789.442,79.120,0.766
55.449252,790.801,79.150,0.771
55.460862,790.339,79.140,0.765
55.472472,789.980,79.132,0.775
55.484082,349.194,64.998,0.811
55.495692,349.196,64.998,0.843
55.507302,349.872,65.032,0.848
55.518912,348.579,64.968,0.857
55.530522,348.344,64.956,0.872
55.542132,349.543,65.016,0.894
55.553741,350.547,65.065,0.911
55.565351,351.719,65.123,0.922
55.576961,353.857,65.228,0.922
55.588571,356.190,65.342,0.914
55.600181,357.403,65.401,0.917
55.611791,360.704,65.560,0.924
55.623401,365.917,65.808,0.920
55.635011,372.846,66.133,0.911
55.646621,380.606,66.490,0.907
55.658231,385.881,66.728,0.902
55.669841,388.962,66.866,0.893
55.681451,390.862,66.950,0.889
55.693061,392.152,67.007,0.887
55.704671,392.901,67.040,0.872
55.716281,392.727,67.032,0.860
55.727891,392.333,67.015,0.849
55.739501,392.160,67.007,0.835
55.751111,392.241,67.011,0.816
55.762721,392.609,67.027,0.806
55.774331,392.082,67.004,0.793
55.785941,387.241,66.789,0.789
55.797551,376.201,66.288,0.791
55.809161,371.029,66.048,0.796
55.820771,366.629,65.842,0.818
55.832381,360.029,65.527,0.847
55.843991,355.135,65.290,0.865
55.855601,352.150,65.144,0.866
55.867211,350.477,65.062,0.866
55.878821,349.279,65.003,0.865
55.890431,348.020,64.940,0.858
55.902041,347.329,64.906,0.851
55.913651,347.867,64.932,0.829
55.925261,349.143,64.996,0.792
55.936871,351.844,65.129,0.763
55.948481,352.525,65.163,0.762
55.960091,351.815,65.128,0.763
55.971701,350.895,65.082,0.751
55.983311,349.408,65.009,0.747
55.994921,348.714,64.975,0.751
56.006531,348.280,64.953,0.755
56.018141,347.440,64.911,0.761
56.029751,346.110,64.845,0.752
56.041361,345.466,64.812,0.731
56.052971,345.377,64.808,0.712
56.064580,345.400,64.809,0.700
56.076190,346.022,64.840,0.692
56.087800,344.310,64.754,0.723
56.099410,312.676,63.086,0.770
56.111020,312.921,63.100,0.795
56.122630,312.098,63.054,0.817
56.134240,311.551,63.024,0.833
56.145850,311.619,63.027,0.845
56.157460,311.942,63.045,0.856
56.169070,311.985,63.048,0.862
56.180680,312.016,63.049,0.859
56.192290,312.318,63.066,0.845
56.203900,312.695,63.087,0.829
56.215510,313.312,63.121,0.809
56.227120,313.812,63.149,0.790
56.238730,313.902,63.154,0.773
56.250340,314.212,63.171,0.750
56.261950,314.211,63.171,0.733
56.273560,314.165,63.168,0.704
56.285170,314.191,63.170,0.670
56.296780,154.120,50.839,0.642
56.308390,151.223,50.510,0.636
56.320000,88.180,41.172,0.643
56.331610,88.181,41.172,0.643
56.343220,104.022,44.033,0.632
56.354830,103.992,44.028,0.635
56.366440,373.546,66.165,0.691
56.378050,386.851,66.771,0.733
56.389660,393.056,67.047,0.776
56.401270,393.855,67.082,0.814
56.412880,392.892,67.040,0.841
56.424490,391.847,66.993,0.862
56.436100,391.457,66.976,0.877
56.447710,391.966,66.999,0.886
56.459320,393.392,67.062,0.887
56.470930,394.284,67.101,0.886
56.482540,395.503,67.154,0.883
56.494150,397.819,67.255,0.870
56.505760,402.128,67.442,0.855
56.517370,409.040,67.737,0.851
56.528980,413.203,67.912,0.853
56.540590,415.397,68.004,0.856
56.552200,416.670,68.057,0.854
56.563810,417.290,68.083,0.856
56.575420,417.600,68.095,0.854
56.587029,417.428,68.088,0.859
56.598639,417.019,68.071,0.868
56.610249,416.534,68.051,0.863
56.621859,416.257,68.040,0.846
56.633469,415.707,68.017,0.830
56.645079,414.705,67.975,0.826
56.656689,412.959,67.902,0.827
56.668299,408.347,67.708,0.831
56.679909,401.954,67.434,0.832
56.691519,396.881,67.214,0.833
56.703129,394.775,67.122,0.845
56.714739,394.233,67.099,0.863
56.726349,393.895,67.084,0.875
56.737959,393.440,67.064,0.877
56.749569,392.773,67.034,0.868
56.761179,392.233,67.011,0.852
56.772789,391.997,67.000,0.835
56.784399,392.003,67.000,0.815
56.796009,392.135,67.006,0.785
56.807619,392.858,67.038,0.779
56.819229,394.446,67.108,0.793
56.830839,394.910,67.128,0.817
56.842449,393.753,67.077,0.837
56.854059,391.894,66.996,0.864
56.865669,389.773,66.902,0.882
56.877279,387.859,66.816,0.895
56.888889,387.218,66.788,0.906
56.900499,386.036,66.735,0.908
56.912109,382.143,66.559,0.904
56.923719,362.936,65.667,0.893
56.935329,357.440,65.402,0.884
56.946939,355.331,65.300,0.870
56.958549,353.099,65.191,0.857
56.970159,351.339,65.104,0.850
56.981769,350.590,65.067,0.842
56.993379,350.106,65.043,0.829
57.004989,349.786,65.028,0.812
57.016599,350.034,65.040,0.804
57.028209,350.073,65.042,0.801
57.039819,350.126,65.044,0.790
57.051429,350.202,65.048,0.783
57.063039,350.196,65.048,0.766
57.074649,350.236,65.050,0.752
57.086259,350.108,65.044,0.743
57.097868,349.370,65.007,0.758
57.109478,347.745,64.926,0.777
57.121088,311.999,63.048,0.793
57.132698,311.880,63.042,0.808
57.144308,311.694,63.032,0.812
57.155918,311.433,63.017,0.826
57.167528,311.362,63.013,0.840
57.179138,311.544,63.023,0.854
57.190748,311.347,63.012,0.857
57.202358,311.279,63.008,0.850
57.213968,310.255,62.951,0.836
57.225578,308.742,62.867,0.826
57.237188,307.273,62.784,0.819
57.248798,307.034,62.771,0.807
57.260408,312.061,63.052,0.824
57.272018,316.712,63.308,0.839
57.283628,316.706,63.308,0.848
57.295238,315.988,63.268,0.857
57.306848,314.982,63.213,0.870
57.318458,314.211,63.171,0.879
57.330068,313.605,63.137,0.887
57.341678,313.115,63.110,0.894
57.353288,311.810,63.038,0.883
57.364898,310.176,62.947,0.868
57.376508,309.080,62.886,0.860
57.388118,308.443,62.850,0.855
57.399728,308.747,62.867,0.851
57.411338,309.680,62.919,0.850
57.422948,310.721,62.977,0.851
57.434558,311.369,63.013,0.850
57.446168,311.854,63.040,0.846
57.457778,312.040,63.051,0.839
57.469388,312.086,63.053,0.832
57.480998,311.883,63.042,0.828
57.492608,311.158,63.002,0.828
57.504218,310.207,62.949,0.827
57.515828,309.708,62.921,0.831
57.527438,154.598,50.892,0.827
57.539048,154.482,50.879,0.826
57.550658,154.629,50.896,0.840
57.562268,309.327,62.900,0.845
57.573878,309.445,62.906,0.846
57.585488,476.978,70.397,0.845
57.597098,477.562,70.418,0.845
57.608707,476.852,70.392,0.848
57.620317,476.204,70.369,0.860
57.631927,475.587,70.346,0.874
57.643537,476.390,70.376,0.876
57.655147,477.787,70.426,0.876
57.666757,479.473,70.487,0.875
57.678367,482.662,70.602,0.883
57.689977,488.221,70.800,0.895
57.701587,496.709,71.099,0.898
57.713197,504.609,71.372,0.901
57.724807,511.925,71.621,0.900
57.736417,516.866,71.787,0.906
57.748027,519.869,71.888,0.918
57.759637,521.835,71.953,0.932
57.771247,523.624,72.012,0.939
57.782857,524.282,72.034,0.938
57.794467,524.317,72.035,0.933
57.806077,524.152,72.030,0.925
57.817687,523.301,72.002,0.919
57.829297,522.177,71.964,0.908
57.840907,521.026,71.926,0.888
57.852517,520.095,71.895,0.859
57.864127,518.586,71.845,0.823
57.875737,516.575,71.778,0.788
57.887347,514.158,71.697,0.763
57.898957,510.827,71.584,0.746
57.910567,507.146,71.459,0.714
57.922177,511.118,71.594,0.679
57.933787,515.710,71.749,0.665
57.945397,516.394,71.772,0.652
57.957007,518.742,71.850,0.629
57.968617,514.847,71.720,0.608
57.980227,511.338,71.601,0.578
57.991837,509.017,71.523,0.556
58.003447,508.900,71.519,0.531
58.015057,506.236,71.428,0.498
58.026667,508.092,71.491,0.475
58.038277,509.611,71.543,0.467
58.049887,511.949,71.622,0.466
58.061497,514.990,71.724,0.469
58.073107,514.540,71.709,0.466
58.084717,517.343,71.803,0.466
58.096327,518.227,71.833,0.471
58.107937,515.436,71.739,0.492
58.119546,174.754,53.014,0.592
58.131156,464.518,69.939,0.680
58.142766,463.732,69.909,0.765
58.154376,460.565,69.791,0.805
58.165986,461.877,69.840,0.837
58.177596,463.288,69.893,0.849
58.189206,465.071,69.959,0.861
58.200816,466.928,70.028,0.873
58.212426,468.107,70.072,0.883
58.224036,469.648,70.129,0.892
58.235646,472.008,70.216,0.883
58.247256,475.775,70.353,0.882
58.258866,480.232,70.515,0.875
58.270476,483.889,70.646,0.878
58.282086,491.203,70.906,0.884
58.293696,498.738,71.169,0.893
58.305306,505.532,71.404,0.898
58.316916,511.913,71.621,0.897
58.328526,515.396,71.738,0.894
58.340136,518.418,71.839,0.885
58.351746,520.465,71.908,0.876
58.363356,521.325,71.936,0.871
58.374966,521.845,71.953,0.863
58.386576,522.643,71.980,0.851
58.398186,522.727,71.983,0.839
58.409796,521.738,71.950,0.817
58.421406,521.471,71.941,0.798
58.433016,521.275,71.934,0.783
58.444626,520.824,71.920,0.774
58.456236,520.548,71.910,0.759
58.467846,516.565,71.777,0.737
58.479456,510.546,71.574,0.697
58.491066,505.832,71.414,0.631
58.502676,510.616,71.577,0.591
58.514286,512.012,71.624,0.590
58.525896,512.162,71.629,0.598
58.537506,511.722,71.614,0.610
58.549116,511.398,71.603,0.626
58.560726,502.853,71.312,0.631
58.572336,104.549,44.120,0.630
58.583946,481.933,70.576,0.658
58.595556,478.646,70.457,0.737
58.607166,482.782,70.606,0.776
58.618776,484.927,70.683,0.806
58.630385,483.295,70.625,0.823
58.641995,480.764,70.534,0.840
58.653605,478.753,70.461,0.859
58.665215,476.877,70.393,0.878
58.676825,476.428,70.377,0.888
58.688435,476.138,70.366,0.880
58.700045,475.308,70.336,0.877
58.711655,475.574,70.346,0.876
58.723265,478.300,70.445,0.875
58.734875,482.776,70.606,0.870
58.746485,491.601,70.920,0.862
58.758095,504.195,71.358,0.855
58.769705,513.478,71.674,0.854
58.781315,518.596,71.845,0.857
58.792925,521.918,71.956,0.855
58.804535,524.039,72.026,0.857
58.816145,525.083,72.061,0.863
58.827755,525.100,72.061,0.858
58.839365,524.955,72.056,0.855
58.850975,524.859,72.053,0.847
58.862585,525.040,72.059,0.831
58.874195,524.973,72.057,0.823
58.885805,525.011,72.058,0.823
58.897415,525.533,72.075,0.815
58.909025,525.185,72.064,0.810
58.920635,525.198,72.064,0.818
58.932245,525.159,72.063,0.824
58.943855,525.223,72.065,0.834
58.955465,525.131,72.062,0.844
58.967075,525.076,72.060,0.850
58.978685,525.133,72.062,0.855
58.990295,525.400,72.071,0.855
59.001905,525.487,72.074,0.843
59.013515,525.688,72.080,0.829
59.025125,526.003,72.091,0.810
59.036735,526.206,72.097,0.789
59.048345,526.670,72.113,0.764
59.059955,527.618,72.144,0.724
59.071565,527.472,72.139,0.657
59.083175,522.417,71.972,0.538
59.094785,523.015,71.992,0.471
59.106395,523.233,71.999,0.457
59.118005,522.927,71.989,0.473
59.129615,522.636,71.980,0.474
59.141224,522.992,71.991,0.485
59.152834,522.905,71.989,0.529
59.164444,527.196,72.130,0.793
59.176054,527.445,72.138,0.852
59.187664,527.345,72.135,0.886
59.199274,526.466,72.106,0.916
59.210884,525.588,72.077,0.939
59.222494,525.069,72.060,0.954
59.234104,524.779,72.050,0.966
59.245714,524.589,72.044,0.976
59.257324,523.911,72.022,0.960
59.268934,523.265,72.000,0.948
59.280544,522.897,71.988,0.939
59.292154,522.821,71.986,0.925
59.303764,522.973,71.991,0.910
59.315374,523.071,71.994,0.900
59.326984,522.915,71.989,0.885
59.338594,522.906,71.989,0.861
59.350204,523.012,71.992,0.834
59.361814,523.199,71.998,0.809
59.373424,523.041,71.993,0.779
59.385034,522.400,71.972,0.744
59.396644,521.967,71.957,0.695
59.408254,521.742,71.950,0.605
59.419864,524.754,72.050,0.536
59.431474,524.477,72.041,0.571
59.443084,524.869,72.053,0.592
59.454694,525.054,72.060,0.607
59.466304,176.249,53.161,0.637
59.477914,345.843,64.831,0.706
59.489524,348.144,64.946,0.762
59.501134,350.099,65.043,0.800
59.512744,350.585,65.067,0.829
59.524354,350.838,65.080,0.849
59.535964,350.638,65.070,0.865
59.547574,350.265,65.051,0.876
59.559184,350.172,65.047,0.882
59.570794,350.658,65.071,0.879
59.582404,350.845,65.080,0.870
59.594014,350.875,65.081,0.863
59.605624,351.218,65.098,0.857
59.617234,351.982,65.136,0.852
59.628844,374.789,66.223,0.848
59.640454,384.444,66.663,0.846
59.652063,391.240,66.967,0.846
59.663673,393.759,67.078,0.853
59.675283,394.638,67.116,0.858
59.686893,394.682,67.118,0.862
59.698503,395.205,67.141,0.867
59.710113,395.129,67.138,0.877
59.721723,394.402,67.106,0.880
59.733333,393.424,67.063,0.887
59.744943,392.611,67.027,0.893
59.756553,393.588,67.070,0.894
59.768163,394.064,67.091,0.899
59.779773,394.153,67.095,0.908
59.791383,394.174,67.096,0.913
59.802993,394.278,67.101,0.914
59.814603,394.392,67.106,0.920
59.826213,394.391,67.105,0.922
59.837823,394.226,67.098,0.928
59.849433,393.842,67.081,0.933
59.861043,393.327,67.059,0.933
59.872653,392.667,67.030,0.925
59.884263,392.083,67.004,0.917
59.895873,391.085,66.960,0.908
59.907483,389.699,66.898,0.897
59.919093,388.722,66.855,0.885
59.930703,386.956,66.776,0.875
59.942313,384.601,66.670,0.864
59.953923,361.274,65.587,0.857
59.965533,357.939,65.427,0.857
59.977143,355.638,65.315,0.858
59.988753,353.228,65.197,0.858
60.000363,351.329,65.104,0.859
60.011973,349.969,65.037,0.861
60.023583,348.549,64.966,0.859
60.035193,347.271,64.903,0.863
60.046803,346.425,64.860,0.864
60.058413,346.089,64.844,0.866
60.070023,346.315,64.855,0.870
60.081633,346.919,64.885,0.873
60.093243,348.084,64.943,0.876
60.104853,349.542,65.016,0.881
60.116463,350.761,65.076,0.880
60.128073,351.736,65.124,0.877
60.139683,352.024,65.138,0.877
60.151293,351.470,65.111,0.877
60.162902,350.558,65.066,0.872
60.174512,349.635,65.020,0.868
60.186122,348.890,64.983,0.867
60.197732,348.591,64.968,0.867
60.209342,348.897,64.984,0.870
60.220952,349.702,65.023,0.871
60.232562,350.967,65.086,0.868
60.244172,352.414,65.157,0.869
60.255782,352.791,65.176,0.872
60.267392,352.850,65.179,0.874
60.279002,353.223,65.197,0.868
60.290612,352.349,65.154,0.862
60.302222,350.892,65.082,0.856
60.313832,349.321,65.005,0.847
60.325442,347.970,64.938,0.846
60.337052,346.831,64.881,0.841
60.348662,346.866,64.883,0.834
60.360272,348.235,64.951,0.823
60.371882,349.817,65.029,0.821
60.383492,365.477,65.787,0.834
60.395102,364.073,65.721,0.845
60.406712,369.052,65.956,0.859
60.418322,369.662,65.984,0.866
60.429932,370.669,66.032,0.865
60.441542,370.742,66.035,0.861
60.453152,369.816,65.992,0.864
60.464762,369.734,65.988,0.858
60.476372,182.056,53.723,0.834
60.487982,741.228,78.029,0.808
60.499592,738.165,77.957,0.771
60.511202,362.672,65.654,0.722
60.522812,361.751,65.610,0.676
60.534422,366.516,65.836,0.651
60.546032,359.025,65.479,0.601
60.557642,358.451,65.451,0.608
60.569252,356.530,65.358,0.624
60.580862,356.638,65.364,0.642
60.592472,356.431,65.353,0.658
60.604082,357.435,65.402,0.671
60.615692,117.703,46.172,0.676
60.627302,117.550,46.149,0.676
60.638912,86.596,40.858,0.669
60.650522,86.586,40.856,0.656
60.662132,86.668,40.873,0.644
60.673741,372.214,66.104,0.623
60.685351,117.700,46.171,0.599
60.696961,361.122,65.580,0.563
60.708571,356.849,65.374,0.533
60.720181,354.335,65.251,0.522
60.731791,351.815,65.128,0.545
60.743401,350.638,65.070,0.580
60.755011,350.370,65.057,0.596
60.766621,364.375,65.735,0.658
60.778231,367.440,65.880,0.727
60.789841,364.479,65.740,0.796
60.801451,363.186,65.678,0.843
60.813061,360.919,65.570,0.881
60.824671,358.865,65.471,0.905
60.836281,356.169,65.341,0.922
60.847891,353.979,65.234,0.938
60.859501,351.561,65.115,0.943
60.871111,349.105,64.994,0.943
60.882721,347.900,64.934,0.934
60.894331,346.835,64.881,0.925
60.905941,346.387,64.859,0.915
60.917551,346.850,64.882,0.912
60.929161,347.995,64.939,0.916
60.940771,348.895,64.983,0.920
60.952381,349.244,65.001,0.930
60.963991,349.316,65.004,0.937
60.975601,349.144,64.996,0.945
60.987211,348.835,64.980,0.949
60.998821,348.499,64.964,0.948
61.010431,348.264,64.952,0.944
61.022041,348.054,64.942,0.936
61.033651,347.886,64.933,0.925
61.045261,347.875,64.933,0.912
61.056871,347.951,64.937,0.895
61.068481,348.023,64.940,0.880
61.080091,347.852,64.932,0.865
61.091701,347.558,64.917,0.851
61.103311,346.900,64.884,0.841
61.114921,345.316,64.805,0.834
61.126531,334.219,64.239,0.836
61.138141,331.778,64.113,0.842
61.149751,330.994,64.072,0.855
61.161361,330.510,64.046,0.862
61.172971,330.221,64.031,0.873
61.184580,329.866,64.013,0.882
61.196190,329.796,64.009,0.886
61.207800,329.901,64.014,0.891
61.219410,329.939,64.016,0.893
61.231020,330.062,64.023,0.896
61.242630,329.820,64.010,0.895
61.254240,329.544,63.996,0.889
61.265850,329.537,63.995,0.877
61.277460,329.533,63.995,0.867
61.289070,329.379,63.987,0.856
61.300680,328.842,63.959,0.832
61.312290,328.197,63.925,0.802
61.323900,325.506,63.782,0.758
61.335510,319.775,63.475,0.722
61.347120,289.805,61.771,0.698
61.358730,338.815,64.476,0.725
61.370340,338.710,64.471,0.754
61.381950,338.754,64.473,0.764
61.393560,338.689,64.469,0.770
61.405170,338.567,64.463,0.774
61.416780,338.627,64.466,0.775
61.428390,338.436,64.457,0.768
61.440000,315.452,63.239,0.760
61.451610,337.956,64.432,0.728
61.463220,341.601,64.618,0.668
61.474830,347.513,64.915,0.627
61.486440,348.331,64.955,0.625
61.498050,348.586,64.968,0.633
61.509660,348.208,64.949,0.662
61.521270,347.505,64.914,0.722
61.532880,347.138,64.896,0.797
61.544490,348.056,64.942,0.853
61.556100,348.921,64.985,0.885
61.567710,350.031,65.040,0.904
61.579320,350.769,65.076,0.917
61.590930,351.144,65.095,0.930
61.602540,351.288,65.102,0.943
61.614150,351.380,65.106,0.948
61.625760,351.594,65.117,0.942
61.637370,351.511,65.113,0.927
61.648980,351.291,65.102,0.915
61.660590,350.748,65.075,0.905
61.672200,350.312,65.054,0.899
61.683810,350.009,65.039,0.890
61.695420,350.053,65.041,0.880
61.707029,350.118,65.044,0.870
61.718639,350.131,65.045,0.867
61.730249,350.233,65.050,0.869
61.741859,350.251,65.051,0.869
61.753469,350.268,65.051,0.865
61.765079,350.130,65.045,0.860
61.776689,350.065,65.041,0.861
61.788299,350.083,65.042,0.866
61.799909,350.220,65.049,0.866
61.811519,350.584,65.067,0.859
61.823129,351.146,65.095,0.855
61.834739,354.937,65.281,0.863
61.846349,394.778,67.122,0.876
61.857959,395.718,67.164,0.889
61.869569,395.955,67.174,0.891
61.881179,395.401,67.150,0.893
61.892789,394.865,67.126,0.897
61.904399,394.148,67.095,0.903
61.916009,393.530,67.068,0.904
61.927619,392.485,67.022,0.900
61.939229,391.796,66.991,0.895
61.950839,391.560,66.981,0.889
61.962449,391.854,66.994,0.885
61.974059,393.154,67.051,0.881
61.985669,394.885,67.127,0.876
61.997279,396.175,67.184,0.871
62.008889,396.715,67.207,0.865
62.020499,396.739,67.208,0.862
62.032109,395.926,67.173,0.858
62.043719,394.390,67.105,0.857
62.055329,393.284,67.057,0.853
62.066939,391.858,66.994,0.848
62.078549,391.231,66.966,0.840
62.090159,391.493,66.978,0.837
62.101769,392.649,67.029,0.837
62.113379,394.182,67.096,0.829
62.124989,396.151,67.183,0.831
62.136599,397.463,67.240,0.828
62.148209,398.472,67.284,0.820
62.159819,399.268,67.318,0.817
62.171429,133.416,48.341,0.825
62.183039,133.106,48.301,0.821
62.194649,132.724,48.251,0.808
62.206259,132.351,48.202,0.800
62.217868,131.081,48.035,0.784
62.229478,285.213,61.494,0.792
62.241088,283.679,61.401,0.800
62.252698,342.237,64.650,0.803
62.264308,344.444,64.761,0.797
62.275918,347.685,64.923,0.810
62.287528,349.531,65.015,0.841
62.299138,351.170,65.096,0.868
62.310748,352.970,65.185,0.888
62.322358,354.020,65.236,0.898
62.333968,353.938,65.232,0.909
62.345578,354.118,65.241,0.915
62.357188,354.709,65.270,0.922
62.368798,355.619,65.314,0.926
62.380408,356.785,65.371,0.923
62.392018,358.019,65.430,0.924
62.403628,359.658,65.509,0.922
62.415238,381.307,66.521,0.919
62.426848,386.981,66.777,0.917
62.438458,389.986,66.911,0.918
62.450068,391.177,66.964,0.921
62.461678,391.984,66.999,0.926
62.473288,392.660,67.029,0.930
62.484898,393.187,67.053,0.929
62.496508,393.184,67.052,0.928
62.508118,392.951,67.042,0.930
62.519728,392.625,67.028,0.928
62.531338,392.363,67.016,0.926
62.542948,392.189,67.009,0.921
62.554558,392.003,67.000,0.916
62.566168,391.914,66.996,0.910
62.577778,391.845,66.993,0.903
62.589388,391.739,66.989,0.898
62.600998,391.508,66.978,0.892
62.612608,391.298,66.969,0.891
62.624218,391.136,66.962,0.890
62.635828,391.187,66.964,0.889
62.647438,391.353,66.972,0.885
62.659048,391.461,66.976,0.885
62.670658,391.595,66.982,0.887
62.682268,391.821,66.992,0.892
62.693878,392.072,67.003,0.894
62.705488,392.222,67.010,0.894
62.717098,392.301,67.013,0.893
62.728707,392.328,67.015,0.891
62.740317,392.223,67.010,0.890
62.751927,392.157,67.007,0.887
62.763537,392.090,67.004,0.883
62.775147,392.099,67.005,0.877
62.786757,392.233,67.010,0.877
62.798367,392.360,67.016,0.878
62.809977,392.366,67.016,0.883
62.821587,392.277,67.012,0.885
62.833197,392.307,67.014,0.878
62.844807,392.384,67.017,0.869
62.856417,392.439,67.020,0.858
62.868027,392.244,67.011,0.849
62.879637,391.678,66.986,0.835
62.891247,390.741,66.945,0.825
62.902857,389.601,66.894,0.818
62.914467,388.690,66.853,0.831
62.926077,388.234,66.833,0.851
62.937687,388.173,66.830,0.869
62.949297,388.318,66.837,0.886
62.960907,388.570,66.848,0.894
62.972517,388.925,66.864,0.897
62.984127,389.475,66.888,0.892
62.995737,390.137,66.918,0.881
63.007347,391.327,66.970,0.861
63.018957,392.315,67.014,0.837
63.030567,393.248,67.055,0.807
63.042177,393.910,67.084,0.768
63.053787,394.083,67.092,0.732
63.065397,393.858,67.082,0.712
63.077007,393.837,67.081,0.703
63.088617,393.232,67.055,0.704
63.100227,393.170,67.052,0.709
63.111837,393.142,67.051,0.715
63.123447,414.307,67.958,0.761
63.135057,416.029,68.030,0.792
63.146667,418.160,68.119,0.829
63.158277,419.963,68.193,0.859
63.169887,421.634,68.262,0.891
63.181497,422.038,68.278,0.913
63.193107,422.020,68.278,0.929
63.204717,421.370,68.251,0.941
63.216327,420.849,68.230,0.946
63.227937,420.484,68.215,0.950
63.239546,419.224,68.163,0.949
63.251156,417.725,68.101,0.945
63.262766,416.703,68.058,0.933
63.274376,415.945,68.027,0.919
63.285986,415.432,68.005,0.906
63.297596,415.138,67.993,0.896
63.309206,414.911,67.984,0.887
63.320816,415.032,67.989,0.883
63.332426,415.195,67.995,0.882
63.344036,415.384,68.003,0.883
63.355646,415.412,68.004,0.886
63.367256,415.343,68.002,0.891
63.378866,415.272,67.999,0.895
63.390476,415.341,68.001,0.898
63.402086,415.362,68.002,0.895
63.413696,415.326,68.001,0.890
63.425306,415.294,68.000,0.881
63.436916,415.304,68.000,0.871
63.448526,415.383,68.003,0.866
63.460136,415.431,68.005,0.860
63.471746,415.401,68.004,0.857
63.483356,415.184,67.995,0.854
63.494966,415.063,67.990,0.853
63.506576,415.096,67.991,0.851
63.518186,414.966,67.986,0.853
63.529796,414.924,67.984,0.853
63.541406,415.096,67.991,0.856
63.553016,415.561,68.011,0.861
63.564626,416.203,68.037,0.869
63.576236,416.663,68.057,0.878
63.587846,417.102,68.075,0.887
63.599456,417.331,68.084,0.892
63.611066,417.435,68.089,0.896
63.622676,417.128,68.076,0.905
63.634286,416.722,68.059,0.910
63.645896,415.623,68.013,0.915
63.657506,414.442,67.964,0.912
63.669116,413.165,67.911,0.906
63.680726,411.625,67.846,0.902
63.692336,410.868,67.814,0.901
63.703946,410.896,67.815,0.898
63.715556,411.523,67.842,0.891
63.727166,413.131,67.909,0.881
63.738776,415.906,68.025,0.870
63.750385,417.348,68.085,0.869
63.761995,417.330,68.084,0.871
63.773605,416.900,68.066,0.870
63.785215,415.822,68.022,0.883
63.796825,413.992,67.945,0.896
63.808435,411.910,67.858,0.904
63.820045,410.628,67.804,0.914
63.831655,409.968,67.776,0.921
63.843265,409.827,67.770,0.926
63.854875,410.153,67.784,0.929
63.866485,410.804,67.811,0.925
63.878095,412.893,67.899,0.910
63.889705,414.615,67.971,0.893
63.901315,417.003,68.071,0.883
63.912925,419.538,68.176,0.878
63.924535,419.884,68.190,0.864
63.936145,420.689,68.223,0.843
63.947755,420.037,68.196,0.822
63.959365,420.060,68.197,0.812
63.970975,419.011,68.154,0.802
63.982585,92.646,42.027,0.784
63.994195,82.386,39.996,0.754
64.005805,413.202,67.912,0.693
64.017415,413.455,67.923,0.651
64.029025,413.766,67.936,0.630
64.040635,414.122,67.951,0.620
64.052245,414.764,67.977,0.619
64.063855,413.934,67.943,0.619
64.075465,414.670,67.974,0.621
64.087075,414.987,67.987,0.619
64.098685,414.715,67.975,0.616
64.110295,415.075,67.990,0.606
64.121905,415.063,67.990,0.583
64.133515,415.956,68.027,0.566
64.145125,410.622,67.804,0.716
64.156735,411.159,67.826,0.732
64.168345,280.280,61.192,0.786
64.179955,310.972,62.991,0.835
64.191565,310.949,62.990,0.855
64.203175,310.788,62.981,0.874
64.214785,310.955,62.990,0.888
64.226395,103.926,44.017,0.899
64.238005,311.197,63.004,0.885
64.249615,311.241,63.006,0.883
64.261224,311.165,63.002,0.863
64.272834,311.060,62.996,0.837
64.284444,310.906,62.988,0.826
64.296054,310.901,62.987,0.813
64.307664,310.958,62.991,0.817
64.319274,311.172,63.002,0.829
64.330884,311.107,62.999,0.841
64.342494,310.940,62.990,0.856
64.354104,310.741,62.979,0.869
64.365714,310.503,62.965,0.876
64.377324,310.167,62.947,0.882
64.388934,310.183,62.947,0.887
64.400544,309.983,62.936,0.885
64.412154,309.786,62.925,0.878
64.423764,309.708,62.921,0.865
64.435374,309.837,62.928,0.858
64.446984,309.945,62.934,0.858
64.458594,310.111,62.943,0.863
64.470204,310.126,62.944,0.872
64.481814,310.070,62.941,0.876
64.493424,309.742,62.923,0.877
64.505034,309.815,62.927,0.885
64.516644,310.142,62.945,0.895
64.528254,310.306,62.954,0.903
64.539864,310.515,62.966,0.904
64.551474,309.570,62.913,0.895
64.563084,314.423,63.182,0.878
64.574694,314.305,63.176,0.863
64.586304,314.728,63.199,0.845
64.597914,314.806,63.204,0.826
64.609524,315.231,63.227,0.817
64.621134,339.783,64.525,0.800
64.632744,349.304,65.004,0.796
64.644354,348.998,64.989,0.809
64.655964,347.947,64.936,0.831
64.667574,348.207,64.949,0.849
64.679184,348.338,64.956,0.865
64.690794,348.401,64.959,0.876
64.702404,348.485,64.963,0.874
64.714014,348.396,64.959,0.875
64.725624,348.361,64.957,0.880
64.737234,348.492,64.963,0.880
64.748844,351.056,65.090,0.879
64.760454,369.991,66.000,0.896
64.772063,379.117,66.422,0.913
64.783673,384.796,66.679,0.923
64.795283,387.609,66.805,0.934
64.806893,389.289,66.880,0.940
64.818503,390.768,66.946,0.938
64.830113,390.613,66.939,0.937
64.841723,391.006,66.956,0.932
64.853333,392.147,67.007,0.907
64.864943,392.069,67.003,0.874
64.876553,391.069,66.959,0.841
64.888163,388.405,66.841,0.808
64.899773,381.164,66.515,0.818
64.911383,354.211,65.245,0.849
64.922993,343.683,64.723,0.856
64.934603,339.315,64.501,0.869
64.946213,335.998,64.331,0.886
64.957823,332.973,64.175,0.901
64.969433,330.965,64.070,0.910
64.981043,329.044,63.969,0.917
64.992653,324.493,63.728,0.904
65.004263,318.546,63.408,0.871
65.015873,315.224,63.227,0.846
65.027483,311.037,62.995,0.822
65.039093,308.483,62.852,0.808
65.050703,307.497,62.797,0.817
65.062313,308.760,62.868,0.828
65.073923,310.584,62.970,0.839
65.085533,311.444,63.018,0.849
65.097143,311.413,63.016,0.864
65.108753,310.155,62.946,0.875
65.120363,309.755,62.924,0.877
65.131973,309.345,62.901,0.865
65.143583,309.031,62.883,0.837
65.155193,308.289,62.841,0.806
65.166803,305.467,62.682,0.758
65.178413,576.432,73.676,0.755
65.190023,277.675,61.031,0.760
65.201633,307.933,62.821,0.783
65.213243,310.680,62.975,0.817
65.224853,311.140,63.001,0.844
65.236463,311.131,63.000,0.862
65.248073,311.078,62.997,0.878
65.259683,310.774,62.980,0.890
65.271293,311.353,63.013,0.895
65.282902,311.223,63.005,0.896
65.294512,310.970,62.991,0.891
65.306122,310.737,62.978,0.885
65.317732,310.495,62.965,0.872
65.329342,310.128,62.944,0.871
65.340952,309.866,62.930,0.875
65.352562,310.093,62.942,0.877
65.364172,309.536,62.911,0.874
65.375782,309.172,62.891,0.873
65.387392,309.288,62.897,0.871
65.399002,308.680,62.863,0.870
65.410612,309.025,62.883,0.881
65.422222,309.373,62.902,0.882
65.433832,309.926,62.933,0.880
65.445442,310.159,62.946,0.880
65.457052,310.419,62.961,0.879
65.468662,310.807,62.982,0.880
65.480272,311.018,62.994,0.885
65.491882,311.475,63.019,0.890
65.503492,311.789,63.037,0.893
65.515102,312.090,63.053,0.898
65.526712,312.106,63.054,0.901
65.538322,312.345,63.068,0.893
65.549932,312.435,63.073,0.880
65.561542,312.464,63.074,0.862
65.573152,312.199,63.060,0.841
65.584762,311.771,63.036,0.811
65.596372,311.598,63.026,0.773
65.607982,311.862,63.041,0.712
65.619592,322.848,63.640,0.695
65.631202,344.865,64.782,0.757
65.642812,362.933,65.666,0.810
65.654422,373.906,66.182,0.855
65.666032,382.339,66.568,0.884
65.677642,386.788,66.768,0.902
65.689252,388.540,66.847,0.918
65.700862,388.770,66.857,0.935
65.712472,389.230,66.877,0.938
65.724082,390.863,66.950,0.935
65.735692,392.581,67.026,0.926
65.747302,394.423,67.107,0.913
65.758912,396.524,67.199,0.908
65.770522,399.294,67.319,0.905
65.782132,402.823,67.472,0.903
65.793741,407.486,67.671,0.896
65.805351,410.832,67.813,0.891
65.816961,413.264,67.915,0.885
65.828571,414.725,67.976,0.886
65.840181,415.571,68.011,0.886
65.851791,416.201,68.037,0.880
65.863401,416.049,68.031,0.876
65.875011,415.794,68.020,0.873
65.886621,415.295,68.000,0.863
65.898231,414.459,67.965,0.862
65.909841,413.380,67.920,0.864
65.921451,411.924,67.858,0.865
65.933061,408.485,67.713,0.875
65.944671,402.163,67.443,0.880
65.956281,393.993,67.088,0.881
65.967891,384.397,66.661,0.882
65.979501,378.345,66.386,0.887
65.991111,365.654,65.796,0.887
66.002721,360.098,65.531,0.884
66.014331,356.416,65.353,0.880
66.025941,354.662,65.267,0.869
66.037551,354.426,65.256,0.869
66.049161,355.406,65.304,0.872
66.060771,360.216,65.536,0.876
66.072381,379.148,66.423,0.881
66.083991,385.897,66.729,0.884
66.095601,389.543,66.891,0.883
66.107211,390.989,66.955,0.880
66.118821,391.361,66.972,0.882
66.130431,392.433,67.019,0.879
66.142041,393.179,67.052,0.882
66.153651,393.238,67.055,0.886
66.165261,391.716,66.988,0.879
66.176871,388.963,66.866,0.865
66.188481,385.814,66.725,0.857
66.200091,381.237,66.518,0.853
66.211701,380.299,66.476,0.843
66.223311,368.941,65.951,0.829
66.234921,368.943,65.951,0.812
66.246531,392.027,67.001,0.797
66.258141,393.234,67.055,0.811
66.269751,392.508,67.023,0.838
66.281361,391.573,66.981,0.854
66.292971,390.346,66.927,0.866
66.304580,389.411,66.885,0.874
66.316190,388.442,66.842,0.883
66.327800,388.108,66.827,0.883
66.339410,386.002,66.733,0.882
66.351020,382.127,66.559,0.876
66.362630,374.249,66.198,0.868
66.374240,357.681,65.414,0.864
66.385850,351.646,65.119,0.860
66.397460,351.176,65.096,0.859
66.409070,349.927,65.035,0.854
66.420680,349.549,65.016,0.851
66.432290,349.722,65.024,0.839
66.443900,349.764,65.027,0.828
66.455510,349.917,65.034,0.821
66.467120,349.980,65.037,0.811
66.478730,350.118,65.044,0.793
66.490340,350.073,65.042,0.775
66.501950,350.074,65.042,0.775
66.513560,315.673,63.251,0.794
66.525170,316.671,63.306,0.830
66.536780,316.604,63.302,0.852
66.548390,315.824,63.259,0.884
66.560000,314.852,63.206,0.912
66.571610,314.133,63.166,0.931
66.583220,313.224,63.116,0.946
66.594830,313.275,63.119,0.956
66.606440,313.013,63.105,0.964
66.618050,311.131,63.000,0.967
66.629660,310.509,62.966,0.971
66.641270,311.153,63.001,0.968
66.652880,311.654,63.029,0.964
66.664490,312.938,63.100,0.963
66.676100,313.069,63.108,0.959
66.687710,313.241,63.117,0.960
66.699320,313.122,63.111,0.956
66.710930,313.192,63.115,0.950
66.722540,313.107,63.110,0.946
66.734150,312.762,63.091,0.938
66.745760,311.893,63.043,0.933
66.757370,310.947,62.990,0.931
66.768980,310.171,62.947,0.936
66.780590,309.549,62.912,0.930
66.792200,309.247,62.895,0.925
66.803810,309.171,62.891,0.930
66.815420,309.783,62.925,0.931
66.827029,310.566,62.969,0.928
66.838639,311.478,63.020,0.920
66.850249,312.362,63.069,0.915
66.861859,313.080,63.108,0.904
66.873469,312.939,63.101,0.903
66.885079,311.534,63.023,0.907
66.896689,311.553,63.024,0.899
66.908299,311.436,63.017,0.886
66.919909,311.354,63.013,0.882
66.931519,311.850,63.040,0.894
66.943129,323.772,63.690,0.901
66.954739,196.329,55.029,0.909
66.966349,196.589,55.052,0.907
66.977959,390.851,66.949,0.901
66.989569,390.352,66.927,0.903
67.001179,390.156,66.919,0.909
67.012789,390.365,66.928,0.917
67.024399,390.008,66.912,0.908
67.036009,389.585,66.893,0.895
67.047619,388.892,66.862,0.880
67.059229,388.203,66.832,0.864
67.070839,388.011,66.823,0.847
67.082449,387.877,66.817,0.827
67.094059,386.654,66.762,0.829
67.105669,374.501,66.210,0.828
67.117279,372.247,66.105,0.841
67.128889,371.279,66.060,0.846
67.140499,370.349,66.017,0.868
67.152109,369.146,65.960,0.894
67.163719,368.277,65.919,0.918
67.175329,367.543,65.885,0.932
67.186939,365.517,65.789,0.938
67.198549,352.804,65.176,0.942
67.210159,351.501,65.112,0.943
67.221769,353.343,65.203,0.947
67.233379,355.537,65.310,0.942
67.244989,359.864,65.519,0.935
67.256599,363.279,65.683,0.929
67.268209,391.319,66.970,0.925
67.279819,392.443,67.020,0.919
67.291429,392.374,67.017,0.919
67.303039,391.643,66.984,0.916
67.314649,390.966,66.954,0.911
67.326259,390.373,66.928,0.909
67.337868,389.590,66.893,0.906
67.349478,387.687,66.809,0.903
67.361088,384.899,66.684,0.896
67.372698,379.696,66.448,0.888
67.384308,374.404,66.205,0.875
67.395918,367.089,65.864,0.879
67.407528,361.302,65.588,0.887
67.419138,359.117,65.483,0.893
67.430748,357.647,65.412,0.898
67.442358,356.502,65.357,0.905
67.453968,356.229,65.344,0.914
67.465578,356.215,65.343,0.924
67.477188,356.201,65.342,0.931
67.488798,355.255,65.296,0.926
67.500408,351.186,65.097,0.913
67.512018,348.808,64.979,0.899
67.523628,346.961,64.887,0.882
67.535238,356.052,65.335,0.871
67.546848,373.097,66.145,0.859
67.558458,390.467,66.932,0.848
67.570068,394.192,67.097,0.836
67.581678,394.256,67.100,0.845
67.593288,393.499,67.066,0.869
67.604898,392.876,67.039,0.890
67.616508,392.776,67.034,0.908
67.628118,392.833,67.037,0.917
67.639728,392.635,67.028,0.925
67.651338,392.037,67.002,0.930
67.662948,391.434,66.975,0.931
67.674558,390.748,66.945,0.931
67.686168,389.552,66.892,0.927
67.697778,387.889,66.818,0.922
67.709388,385.299,66.702,0.917
67.720998,377.681,66.356,0.913
67.732608,357.991,65.429,0.910
67.744218,354.679,65.268,0.910
67.755828,352.240,65.149,0.915
67.767438,351.006,65.088,0.917
67.779048,350.581,65.067,0.919
67.790658,350.460,65.061,0.920
67.802268,350.488,65.062,0.914
67.813878,350.507,65.063,0.900
67.825488,350.621,65.069,0.882
67.837098,350.847,65.080,0.862
67.848707,351.124,65.094,0.838
67.860317,351.327,65.104,0.814
67.871927,351.702,65.122,0.792
67.883537,351.945,65.134,0.777
67.895147,352.013,65.138,0.785
67.906757,351.886,65.131,0.808
67.918367,351.771,65.126,0.834
67.929977,351.593,65.117,0.859
67.941587,351.494,65.112,0.881
67.953197,351.309,65.103,0.895
67.964807,350.720,65.074,0.902
67.976417,350.119,65.044,0.904
67.988027,349.100,64.994,0.902
67.999637,344.930,64.786,0.911
68.011247,390.928,66.953,0.912
68.022857,393.902,67.084,0.908
68.034467,394.590,67.114,0.899
68.046077,394.497,67.110,0.892
68.057687,393.714,67.076,0.889
68.069297,393.345,67.060,0.888
68.080907,392.875,67.039,0.889
68.092517,392.314,67.014,0.877
68.104127,391.206,66.965,0.869
68.115737,390.144,66.918,0.860
68.127347,389.527,66.891,0.856
68.138957,389.332,66.882,0.850
68.150567,389.716,66.899,0.844
68.162177,390.467,66.932,0.842
68.173787,391.313,66.970,0.842
68.185397,391.928,66.997,0.842
68.197007,392.328,67.015,0.843
68.208617,392.536,67.024,0.846
68.220227,392.888,67.039,0.850
68.231837,393.271,67.056,0.859
68.243447,393.371,67.061,0.856
68.255057,393.283,67.057,0.849
68.266667,393.787,67.079,0.860
68.278277,394.602,67.115,0.865
68.289887,460.613,69.793,0.875
68.301497,462.126,69.849,0.891
68.313107,462.165,69.851,0.904
68.324717,463.725,69.909,0.913
68.336327,464.784,69.949,0.928
68.347937,465.094,69.960,0.944
68.359546,466.464,70.011,0.948
68.371156,467.362,70.044,0.951
68.382766,467.375,70.045,0.949
68.394376,467.407,70.046,0.940
68.405986,467.121,70.036,0.929
68.417596,466.432,70.010,0.910
68.429206,466.094,69.997,0.885
68.440816,466.245,70.003,0.856
68.452426,466.705,70.020,0.818
68.464036,466.819,70.024,0.778
68.475646,116.666,46.019,0.733
68.487256,116.498,45.994,0.684
68.498866,116.758,46.032,0.613
68.510476,116.578,46.005,0.578
68.522086,116.533,45.999,0.580
68.533696,116.656,46.017,0.594
68.545306,116.602,46.009,0.612
68.556916,315.163,63.223,0.660
68.568526,349.618,65.019,0.743
68.580136,351.836,65.129,0.793
68.591746,353.690,65.220,0.827
68.603356,354.068,65.238,0.845
68.614966,354.139,65.242,0.864
68.626576,354.144,65.242,0.882
68.638186,353.599,65.215,0.902
68.649796,353.030,65.187,0.912
68.661406,352.785,65.175,0.911
68.673016,352.326,65.153,0.906
68.684626,352.136,65.144,0.901
68.696236,352.226,65.148,0.899
68.707846,352.545,65.164,0.891
68.719456,353.225,65.197,0.875
68.731066,358.464,65.452,0.855
68.742676,374.464,66.208,0.840
68.754286,381.143,66.514,0.831
68.765896,392.439,67.020,0.821
68.777506,395.457,67.152,0.824
68.789116,396.113,67.181,0.832
68.800726,395.908,67.172,0.851
68.812336,394.254,67.099,0.873
68.823946,392.250,67.011,0.897
68.835556,390.840,66.949,0.911
68.847166,390.063,66.914,0.920
68.858776,389.872,66.906,0.926
68.870385,389.888,66.907,0.927
68.881995,390.206,66.921,0.925
68.893605,391.115,66.961,0.917
68.905215,392.308,67.014,0.910
68.916825,393.524,67.067,0.897
68.928435,394.147,67.095,0.891
68.940045,393.864,67.082,0.883
68.951655,392.797,67.035,0.877
68.963265,391.918,66.997,0.873
68.974875,390.443,66.931,0.875
68.986485,387.955,66.821,0.883
68.998095,385.584,66.714,0.876
69.009705,382.033,66.554,0.870
69.021315,352.354,65.154,0.866
69.032925,350.419,65.059,0.867
69.044535,349.668,65.022,0.876
69.056145,349.336,65.005,0.881
69.067755,349.173,64.997,0.885
69.079365,349.055,64.991,0.883
69.090975,348.967,64.987,0.891
69.102585,348.642,64.971,0.894
69.114195,348.153,64.947,0.887
69.125805,347.624,64.920,0.881
69.137415,347.294,64.904,0.874
69.149025,346.977,64.888,0.869
69.160635,346.582,64.868,0.861
69.172245,347.029,64.891,0.853
69.183855,348.636,64.971,0.851
69.195465,349.390,65.008,0.855
69.207075,349.741,65.025,0.865
69.218685,349.741,65.025,0.868
69.230295,349.695,65.023,0.870
69.241905,349.672,65.022,0.868
69.253515,349.661,65.021,0.868
69.265125,349.622,65.020,0.865
69.276735,349.360,65.007,0.863
69.288345,349.295,65.003,0.849
69.299955,349.523,65.015,0.841
69.311565,350.706,65.073,0.842
69.323175,386.533,66.757,0.845
69.334785,389.926,66.908,0.854
69.346395,390.520,66.935,0.869
69.358005,390.151,66.918,0.881
69.369615,390.085,66.915,0.888
69.381224,390.114,66.917,0.899
69.392834,390.603,66.938,0.907
69.404444,390.897,66.951,0.909
69.416054,391.001,66.956,0.910
69.427664,390.995,66.956,0.904
69.439274,391.310,66.970,0.886
69.450884,391.980,66.999,0.867
69.462494,392.704,67.031,0.844
69.474104,393.260,67.056,0.818
69.485714,393.468,67.065,0.779
69.497324,392.908,67.040,0.732
69.508934,390.894,66.951,0.658
69.520544,389.551,66.892,0.536
69.532154,389.478,66.888,0.469
69.543764,389.310,66.881,0.460
69.555374,389.037,66.869,0.457
69.566984,389.178,66.875,0.457
69.578594,387.223,66.788,0.475
69.590204,388.051,66.825,0.533
69.601814,395.110,67.137,0.647
69.613424,396.320,67.190,0.739
69.625034,395.686,67.162,0.793
69.636644,394.803,67.124,0.831
69.648254,394.102,67.093,0.855
69.659864,393.424,67.063,0.875
69.671474,392.909,67.040,0.893
69.683084,392.452,67.020,0.906
69.694694,391.721,66.988,0.914
69.706304,391.005,66.956,0.915
69.717914,390.517,66.935,0.909
69.729524,390.049,66.914,0.893
69.741134,390.014,66.912,0.885
69.752744,390.013,66.912,0.879
69.764354,390.065,66.915,0.881
69.775964,390.394,66.929,0.886
69.787574,390.555,66.936,0.890
69.799184,390.841,66.949,0.893
69.810794,390.905,66.952,0.905
69.822404,391.066,66.959,0.922
69.834014,390.992,66.956,0.930
69.845624,391.409,66.974,0.938
69.857234,391.736,66.989,0.937
69.868844,392.253,67.011,0.936
69.880454,392.839,67.037,0.933
69.892063,393.282,67.057,0.929
69.903673,393.595,67.070,0.919
69.915283,393.684,67.074,0.902
69.926893,393.801,67.080,0.883
69.938503,393.738,67.077,0.858
69.950113,393.255,67.056,0.830
69.961723,392.688,67.031,0.790
69.973333,392.107,67.005,0.742
69.984943,390.587,66.938,0.678
69.996553,388.710,66.854,0.592
70.008163,389.825,66.904,0.542
70.019773,387.100,66.782,0.605
70.031383,385.769,66.723,0.624
70.042993,457.403,69.672,0.745
70.054603,460.421,69.785,0.780
70.066213,463.302,69.893,0.815
70.077823,465.383,69.971,0.862
70.089433,465.417,69.972,0.899
70.101043,465.532,69.977,0.919
70.112653,465.493,69.975,0.928
70.124263,465.507,69.976,0.934
70.135873,466.249,70.003,0.922
70.147483,466.304,70.005,0.926
70.159093,466.356,70.007,0.925
70.170703,466.093,69.997,0.906
70.182313,466.691,70.020,0.878
70.193923,467.330,70.043,0.857
70.205533,467.624,70.054,0.842
70.217143,467.494,70.049,0.835
70.228753,467.118,70.035,0.829
70.240363,466.546,70.014,0.797
70.251973,464.875,69.952,0.761
70.263583,462.793,69.874,0.731
70.275193,460.761,69.798,0.707
70.286803,459.076,69.735,0.680
70.298413,458.962,69.730,0.642
70.310023,459.844,69.764,0.605
70.321633,460.473,69.787,0.557
70.333243,461.312,69.819,0.555
70.344853,462.932,69.880,0.551
70.356463,463.907,69.916,0.558
70.368073,464.383,69.934,0.568
70.379683,465.099,69.960,0.568
70.391293,465.365,69.970,0.564
70.402902,466.393,70.009,0.555
70.414512,466.921,70.028,0.544
70.426122,466.829,70.025,0.534
70.437732,132.598,48.235,0.526
70.449342,132.225,48.186,0.513
70.460952,132.163,48.178,0.529
70.472562,131.899,48.143,0.527
70.484172,360.660,65.558,0.640
70.495782,351.886,65.131,0.728
70.507392,349.472,65.012,0.771
70.519002,351.686,65.121,0.814
70.530612,352.651,65.169,0.855
70.542222,351.640,65.119,0.883
70.553832,350.823,65.079,0.901
70.565442,349.977,65.037,0.914
70.577052,349.456,65.011,0.915
70.588662,349.404,65.009,0.907
70.600272,349.201,64.999,0.901
70.611882,348.535,64.966,0.895
70.623492,347.795,64.929,0.878
70.635102,347.983,64.938,0.863
70.646712,352.054,65.140,0.856
70.658322,366.097,65.817,0.860
70.669932,401.495,67.415,0.865
70.681542,401.620,67.420,0.874
70.693152,400.458,67.370,0.883
70.704762,399.623,67.334,0.879
70.716372,398.024,67.264,0.882
70.727982,396.453,67.196,0.882
70.739592,394.711,67.119,0.878
70.751202,393.087,67.048,0.865
70.762812,391.983,66.999,0.856
70.774422,390.966,66.954,0.842
70.786032,389.931,66.909,0.825
70.797642,389.815,66.903,0.810
70.809252,391.444,66.976,0.785
70.820862,393.173,67.052,0.757
70.832472,395.024,67.133,0.725
70.844082,396.280,67.188,0.690
70.855692,397.513,67.242,0.637
70.867302,354.997,65.284,0.589
70.878912,353.329,65.202,0.528
70.890522,351.492,65.112,0.505
70.902132,351.536,65.114,0.517
70.913741,407.597,67.676,0.646
70.925351,402.974,67.478,0.776
70.936961,396.438,67.195,0.862
70.948571,394.572,67.113,0.905
70.960181,393.230,67.054,0.935
70.971791,392.607,67.027,0.954
70.983401,392.468,67.021,0.969
70.995011,392.545,67.024,0.980
71.006621,392.445,67.020,0.983
71.018231,392.030,67.002,0.976
71.029841,392.018,67.001,0.958
71.041451,392.436,67.019,0.940
71.053061,392.840,67.037,0.918
71.064671,393.184,67.052,0.894
71.076281,393.462,67.065,0.866
71.087891,393.637,67.072,0.838
71.099501,393.270,67.056,0.813
71.111111,196.614,55.054,0.782
71.122721,196.519,55.046,0.752
71.134331,382.938,66.595,0.726
71.145941,382.496,66.575,0.719
71.157551,631.064,75.243,0.733
71.169161,630.783,75.236,0.746
71.180771,629.151,75.191,0.752
71.192381,627.955,75.158,0.756
71.203991,386.404,66.751,0.758
71.215601,627.296,75.140,0.758
71.227211,386.239,66.744,0.754
71.238821,387.886,66.818,0.777
71.250431,390.461,66.932,0.804
71.262041,393.012,67.045,0.822
71.273651,392.156,67.007,0.834
71.285261,390.570,66.937,0.846
71.296871,390.456,66.932,0.856
71.308481,389.677,66.897,0.869
71.320091,389.146,66.874,0.879
71.331701,389.089,66.871,0.876
71.343311,389.179,66.875,0.862
71.354921,389.107,66.872,0.849
71.366531,389.375,66.884,0.838
71.378141,389.644,66.896,0.821
71.389751,389.962,66.910,0.802
71.401361,391.008,66.956,0.771
71.412971,392.510,67.023,0.738
71.424580,393.397,67.062,0.694
71.436190,392.223,67.010,0.657
71.447800,392.152,67.007,0.620
71.459410,392.208,67.009,0.571
71.471020,113.679,45.570,0.520
71.482630,112.784,45.433,0.477
71.494240,781.573,78.947,0.615
71.505850,750.149,78.236,0.746
71.517460,724.386,77.631,0.813
71.529070,718.309,77.485,0.844
71.540680,719.247,77.508,0.868
71.552290,719.872,77.523,0.883
71.563900,719.758,77.520,0.900
71.575510,719.191,77.506,0.908
71.587120,356.487,65.356,0.912
71.598730,356.108,65.338,0.909
71.610340,356.199,65.342,0.902
71.621950,356.859,65.374,0.903
71.633560,355.835,65.324,0.900
71.645170,355.239,65.295,0.896
71.656780,356.595,65.361,0.893
71.668390,359.150,65.485,0.900
71.680000,363.761,65.706,0.901
71.691610,370.879,66.041,0.896
71.703220,383.223,66.608,0.892
71.714830,389.349,66.883,0.887
71.726440,391.954,66.998,0.883
71.738050,392.134,67.006,0.888
71.749660,392.493,67.022,0.886
71.761270,392.671,67.030,0.885
71.772880,392.640,67.028,0.881
71.784490,392.326,67.015,0.880
71.796100,391.705,66.987,0.875
71.807710,390.965,66.954,0.869
71.819320,390.806,66.947,0.857
71.830930,390.720,66.944,0.840
71.842540,390.533,66.935,0.819
71.854150,390.255,66.923,0.791
71.865760,389.278,66.880,0.757
71.877370,387.112,66.783,0.703
71.888980,384.918,66.685,0.633
71.900590,364.949,65.762,0.527
71.912200,370.018,66.001,0.473
71.923810,373.885,66.181,0.459
71.935420,377.759,66.360,0.540
71.947029,380.891,66.502,0.673
71.958639,375.312,66.247,0.743
71.970249,372.474,66.116,0.792
71.981859,368.818,65.945,0.830
71.993469,366.277,65.825,0.861
72.005079,363.353,65.686,0.879
72.016689,361.441,65.595,0.888
72.028299,356.455,65.355,0.895
72.039909,354.330,65.251,0.896
72.051519,352.430,65.158,0.896
72.063129,351.915,65.133,0.893
72.074739,352.638,65.168,0.883
72.086349,356.102,65.337,0.867
72.097959,359.885,65.520,0.853
72.109569,362.497,65.646,0.841
72.121179,365.126,65.771,0.823
72.132789,375.633,66.262,0.794
72.144399,380.108,66.467,0.752
72.156009,383.359,66.614,0.694
72.167619,382.679,66.584,0.629
72.179229,380.079,66.466,0.556
72.190839,359.932,65.523,0.525
72.202449,359.413,65.498,0.567
72.214059,361.418,65.594,0.615
72.225669,822.874,79.838,0.654
72.237279,824.019,79.862,0.676
72.248889,822.183,79.823,0.691
72.260499,821.862,79.817,0.700
72.272109,281.491,61.267,0.724
72.283719,279.961,61.173,0.759
72.295329,279.753,61.160,0.788
72.306939,279.334,61.134,0.808
72.318549,278.683,61.093,0.815
72.330159,278.226,61.065,0.827
72.341769,278.044,61.054,0.832
72.353379,277.954,61.048,0.833
72.364989,277.875,61.043,0.838
72.376599,277.110,60.995,0.831
72.388209,276.258,60.942,0.816
72.399819,276.158,60.936,0.800
72.411429,276.779,60.975,0.788
72.423039,280.761,61.222,0.766
72.434649,289.902,61.777,0.751
72.446259,291.528,61.874,0.746
72.457868,292.508,61.932,0.720
72.469478,293.266,61.976,0.701
72.481088,293.437,61.987,0.694
72.492698,293.428,61.986,0.690
72.504308,293.335,61.981,0.689
72.515918,293.499,61.990,0.707
72.527528,296.276,62.153,0.732
72.539138,302.048,62.487,0.759
72.550748,302.096,62.490,0.775
72.562358,302.443,62.510,0.788
72.573968,304.390,62.621,0.804
72.585578,285.205,61.494,0.822
72.597188,280.817,61.226,0.836
72.608798,280.437,61.202,0.840
72.620408,279.665,61.154,0.846
72.632018,278.364,61.074,0.850
72.643628,277.840,61.041,0.856
72.655238,277.516,61.021,0.857
72.666848,261.652,60.002,0.853
72.678458,261.507,59.992,0.845
72.690068,261.427,59.987,0.841
72.701678,261.460,59.989,0.843
72.713288,261.404,59.985,0.839
72.724898,261.047,59.962,0.836
72.736508,260.505,59.926,0.833
72.748118,259.659,59.869,0.833
72.759728,258.428,59.787,0.834
72.771338,248.539,59.112,0.837
72.782948,234.232,58.085,0.839
72.794558,232.762,57.976,0.837
72.806168,232.607,57.965,0.833
72.817778,232.635,57.967,0.828
72.829388,232.581,57.963,0.820
72.840998,232.319,57.943,0.812
72.852608,232.322,57.943,0.801
72.864218,232.711,57.972,0.780
72.875828,234.033,58.070,0.755
72.887438,236.755,58.271,0.725
72.899048,238.428,58.393,0.697
72.910658,238.872,58.425,0.659
72.922268,236.051,58.219,0.621
72.933878,236.030,58.218,0.572
72.945488,234.931,58.137,0.507
72.957098,248.179,59.087,0.491
72.968707,283.096,61.365,0.500
72.980317,279.603,61.150,0.524
72.991927,280.289,61.193,0.553
73.003537,282.258,61.314,0.578
73.015147,284.118,61.428,0.595
73.026757,284.807,61.470,0.603
73.038367,284.423,61.446,0.598
73.049977,283.249,61.375,0.587
73.061587,283.748,61.405,0.576
73.073197,284.755,61.467,0.561
73.084807,286.086,61.547,0.536
73.096417,96.210,42.681,0.560
73.108027,292.728,61.945,0.559
73.119637,304.042,62.601,0.734
73.131247,303.420,62.566,0.806
73.142857,305.573,62.688,0.859
73.154467,307.549,62.800,0.884
73.166077,308.939,62.878,0.908
73.177687,310.013,62.938,0.933
73.189297,310.449,62.962,0.949
73.200907,310.500,62.965,0.964
73.212517,311.094,62.998,0.962
73.224127,311.402,63.015,0.960
73.235737,311.545,63.023,0.955
73.247347,311.494,63.020,0.956
73.258957,311.418,63.016,0.954
73.270567,311.420,63.016,0.946
73.282177,311.501,63.021,0.937
73.293787,311.622,63.028,0.930
73.305397,311.647,63.029,0.925
73.317007,311.543,63.023,0.913
73.328617,311.550,63.024,0.890
73.340227,311.409,63.016,0.865
73.351837,311.305,63.010,0.836
73.363447,311.016,62.994,0.802
73.375057,310.734,62.978,0.766
73.386667,309.683,62.919,0.707
73.398277,306.724,62.753,0.605
73.409887,313.021,63.105,0.601
73.421497,315.268,63.229,0.708
73.433107,314.652,63.195,0.760
73.444717,315.269,63.229,0.792
73.456327,316.092,63.274,0.817
73.467937,316.651,63.305,0.834
73.479546,316.587,63.301,0.846
73.491156,315.812,63.259,0.858
73.502766,315.736,63.255,0.853
73.514376,315.620,63.248,0.843
73.525986,315.682,63.252,0.836
73.537596,314.851,63.206,0.830
73.549206,310.606,62.971,0.833
73.560816,307.304,62.786,0.854
73.572426,306.704,62.752,0.879
73.584036,308.220,62.837,0.894
73.595646,310.903,62.988,0.910
73.607256,312.508,63.077,0.919
73.618866,313.720,63.144,0.922
73.630476,314.237,63.172,0.927
73.642086,314.135,63.167,0.927
73.653696,313.694,63.142,0.920
73.665306,312.743,63.090,0.912
73.676916,311.736,63.034,0.909
73.688526,310.593,62.970,0.908
73.700136,309.425,62.905,0.911
73.711746,309.008,62.882,0.911
73.723356,311.395,63.015,0.917
73.734966,313.844,63.151,0.923
73.746576,314.734,63.200,0.926
73.758186,314.636,63.194,0.923
73.769796,314.243,63.173,0.916
73.781406,313.740,63.145,0.908
73.793016,313.501,63.132,0.898
73.804626,313.426,63.127,0.898
73.816236,313.117,63.110,0.893
73.827846,313.257,63.118,0.886
73.839456,314.151,63.167,0.886
73.851066,315.577,63.246,0.892
73.862676,338.447,64.457,0.898
73.874286,341.065,64.591,0.902
73.885896,343.877,64.733,0.909
73.897506,346.098,64.844,0.914
73.909116,346.811,64.880,0.917
73.920726,347.880,64.933,0.923
73.932336,348.711,64.974,0.928
73.943946,348.749,64.976,0.934
73.955556,348.386,64.958,0.941
73.967166,347.863,64.932,0.943
73.978776,347.250,64.902,0.937
73.990385,347.027,64.891,0.931
74.001995,347.188,64.899,0.923
74.013605,347.749,64.927,0.911
74.025215,349.290,65.003,0.893
74.036825,351.374,65.106,0.870
74.048435,352.338,65.153,0.845
74.060045,352.963,65.184,0.826
74.071655,352.530,65.163,0.824
74.083265,352.025,65.138,0.825
74.094875,351.726,65.123,0.826
74.106485,351.019,65.089,0.833
74.118095,350.109,65.044,0.852
74.129705,349.713,65.024,0.873
74.141315,349.641,65.020,0.895
74.152925,349.463,65.012,0.914
74.164535,349.389,65.008,0.930
74.176145,349.299,65.003,0.944
74.187755,349.181,64.998,0.958
74.199365,349.082,64.993,0.973
74.210975,348.845,64.981,0.988
74.222585,348.758,64.977,0.996
74.234195,348.301,64.954,1.000
74.245805,347.500,64.914,0.995
74.257415,346.959,64.887,0.986
74.269025,346.231,64.851,0.974
74.280635,346.070,64.843,0.958
74.292245,346.502,64.864,0.933
74.303855,346.792,64.879,0.891
74.315465,346.601,64.869,0.842
74.327075,348.707,64.974,0.769
74.338685,351.208,65.098,0.710
74.350295,352.695,65.171,0.661
74.361905,352.711,65.172,0.613
74.373515,350.995,65.087,0.594
74.385125,351.896,65.132,0.594
74.396735,350.943,65.085,0.600
74.408345,321.332,63.559,0.615
74.419955,321.138,63.548,0.622
74.431565,321.802,63.584,0.625
74.443175,173.306,52.870,0.629
74.454785,173.313,52.871,0.625
74.466395,173.299,52.869,0.620
74.478005,173.016,52.841,0.611
74.489615,172.933,52.833,0.603
74.501224,172.965,52.836,0.590
74.512834,349.461,65.012,0.582
74.524444,351.958,65.135,0.568
74.536054,350.003,65.038,0.553
74.547664,348.574,64.968,0.545
74.559274,348.583,64.968,0.553
74.570884,337.609,64.414,0.779
74.582494,337.033,64.385,0.884
74.594104,342.396,64.658,0.921
74.605714,348.182,64.948,0.939
74.617324,352.995,65.186,0.956
74.628934,355.414,65.304,0.968
74.640544,356.971,65.380,0.975
74.652154,357.036,65.383,0.980
74.663764,357.344,65.398,0.967
74.675374,357.613,65.411,0.950
74.686984,357.507,65.406,0.953
74.698594,358.058,65.432,0.953
74.710204,359.034,65.479,0.950
74.721814,360.331,65.542,0.959
74.733424,362.140,65.629,0.964
74.745034,365.393,65.783,0.972
74.756644,370.088,66.004,0.978
74.768254,376.121,66.284,0.975
74.779864,384.200,66.652,0.964
74.791474,388.426,66.842,0.964
74.803084,390.967,66.955,0.966
74.814694,392.773,67.034,0.957
74.826304,393.627,67.072,0.956
74.837914,394.115,67.093,0.956
74.849524,393.882,67.083,0.952
74.861134,393.277,67.057,0.946
74.872744,392.649,67.029,0.940
74.884354,392.017,67.001,0.930
74.895964,391.665,66.985,0.915
74.907574,391.386,66.973,0.899
74.919184,391.396,66.973,0.876
74.930794,391.947,66.998,0.847
74.942404,392.316,67.014,0.806
74.954014,392.782,67.035,0.754
74.965624,392.656,67.029,0.692
74.977234,391.695,66.987,0.619
74.988844,390.917,66.952,0.549
75.000454,389.892,66.907,0.518
75.012063,387.986,66.822,0.510
75.023673,386.734,66.766,0.501
75.035283,387.384,66.795,0.493
75.046893,385.505,66.711,0.480
75.058503,384.074,66.647,0.466
75.070113,383.181,66.606,0.433
75.081723,381.043,66.509,0.408
75.093333,380.845,66.500,0.375
75.104943,363.026,65.671,0.368
75.116553,359.910,65.522,0.359
75.128163,360.760,65.562,0.355
75.139773,356.487,65.356,0.358
75.151383,352.510,65.162,0.463
75.162993,246.496,58.969,0.514
75.174603,250.062,59.217,0.651
75.186213,237.876,58.352,0.747
75.197823,232.300,57.942,0.799
75.209433,231.935,57.915,0.827
75.221043,233.697,58.046,0.854
75.232653,233.738,58.049,0.875
75.244263,233.586,58.037,0.886
75.255873,233.447,58.027,0.896
75.267483,233.430,58.026,0.893
75.279093,234.213,58.084,0.882
75.290703,235.163,58.154,0.869
75.302313,235.072,58.147,0.860
75.313923,235.133,58.152,0.844
75.325533,235.404,58.172,0.825
75.337143,235.643,58.189,0.814
75.348753,235.656,58.190,0.803
75.360363,235.230,58.159,0.810
75.371973,234.958,58.139,0.813
75.383583,234.781,58.126,0.813
75.395193,234.871,58.132,0.813
75.406803,234.714,58.121,0.811
75.418413,234.469,58.103,0.805
75.430023,234.202,58.083,0.793
75.441633,233.813,58.054,0.778
75.453243,234.648,58.116,0.742
75.464853,234.463,58.102,0.699
75.476463,234.720,58.121,0.642
75.488073,236.426,58.247,0.566
75.499683,234.747,58.123,0.467
75.511293,113.453,45.535,0.400
75.522902,113.816,45.590,0.365
75.534512,114.342,45.670,0.330
75.546122,114.115,45.636,0.309
75.557732,113.846,45.595,0.293
75.569342,249.749,59.196,0.333
75.580952,371.517,66.071,0.478
75.592562,407.960,67.691,0.558
75.604172,408.416,67.710,0.595
75.615782,176.497,53.186,0.611
75.627392,326.664,63.844,0.703
75.639002,297.312,62.214,0.817
75.650612,294.735,62.063,0.869
75.662222,294.322,62.039,0.903
75.673832,294.385,62.042,0.923
75.685442,293.471,61.989,0.934
75.697052,293.073,61.965,0.940
75.708662,292.399,61.925,0.946
75.720272,292.053,61.905,0.941
75.731882,292.558,61.935,0.920
75.743492,292.809,61.949,0.900
75.755102,292.772,61.947,0.875
75.766712,293.498,61.990,0.866
75.778322,296.321,62.156,0.863
75.789932,300.979,62.426,0.857
75.801542,306.131,62.720,0.860
75.813152,308.448,62.850,0.869
75.824762,309.754,62.923,0.877
75.836372,310.662,62.974,0.887
75.847982,311.171,63.002,0.894
75.859592,311.467,63.019,0.892
75.871202,311.601,63.026,0.887
75.882812,311.483,63.020,0.887
75.894422,311.327,63.011,0.877
75.906032,310.953,62.990,0.864
75.917642,310.807,62.982,0.840
75.929252,310.269,62.952,0.803
75.940862,309.523,62.910,0.768
75.952472,307.925,62.821,0.709
75.964082,304.871,62.648,0.658
75.975692,299.117,62.318,0.602
75.987302,296.218,62.150,0.554
75.998912,299.487,62.340,0.499
76.010522,300.117,62.376,0.468
76.022132,299.024,62.313,0.469
76.033741,298.797,62.300,0.464
76.045351,299.960,62.367,0.538
76.056961,295.288,62.095,0.605
76.068571,294.563,62.053,0.679
76.080181,295.407,62.102,0.778
76.091791,296.244,62.151,0.846
76.103401,296.031,62.139,0.888
76.115011,295.946,62.134,0.904
76.126621,295.908,62.132,0.919
76.138231,295.686,62.119,0.926
76.149841,295.422,62.103,0.932
76.161451,295.252,62.093,0.935
76.173061,295.039,62.081,0.927
76.184671,295.000,62.079,0.910
76.196281,295.468,62.106,0.888
76.207891,297.290,62.212,0.885
76.219501,300.090,62.375,0.879
76.231111,302.552,62.516,0.877
76.242721,305.803,62.701,0.876
76.254331,309.105,62.887,0.873
76.265941,310.664,62.974,0.870
76.277551,311.339,63.012,0.863
76.289161,311.746,63.034,0.861
76.300771,312.056,63.052,0.856
76.312381,311.998,63.048,0.851
76.323991,311.840,63.040,0.845
76.335601,311.538,63.023,0.837
76.347211,311.290,63.009,0.826
76.358821,311.251,63.007,0.811
76.370431,311.302,63.010,0.798
76.382041,311.346,63.012,0.783
76.393651,311.459,63.018,0.768
76.405261,311.502,63.021,0.758
76.416871,311.614,63.027,0.747
76.428481,311.801,63.037,0.741
76.440091,311.764,63.035,0.738
76.451701,311.569,63.025,0.742
76.463311,311.495,63.020,0.753
76.474921,311.381,63.014,0.773
76.486531,311.218,63.005,0.794
76.498141,311.175,63.003,0.814
76.509751,311.027,62.994,0.830
76.521361,310.930,62.989,0.844
76.532971,310.817,62.983,0.858
76.544580,310.824,62.983,0.867
76.556190,310.857,62.985,0.874
76.567800,310.944,62.990,0.876
76.579410,310.937,62.989,0.875
76.591020,310.952,62.990,0.872
76.602630,311.025,62.994,0.867
76.614240,311.081,62.997,0.858
76.625850,311.136,63.001,0.848
76.637460,311.319,63.011,0.836
76.649070,311.292,63.009,0.822
76.660680,311.309,63.010,0.808
76.672290,311.401,63.015,0.795
76.683900,311.478,63.020,0.780
76.695510,311.522,63.022,0.767
76.707120,311.571,63.025,0.754
76.718730,311.740,63.034,0.739
76.730340,311.796,63.037,0.725
76.741950,156.014,51.050,0.708
76.753560,156.075,51.057,0.686
76.765170,156.032,51.052,0.661
76.776780,155.887,51.036,0.631
76.788390,313.886,63.153,0.593
76.800000,315.951,63.266,0.550
76.811610,315.886,63.263,0.506
76.823220,155.187,50.958,0.467
76.834830,155.322,50.973,0.442
76.846440,155.498,50.993,0.419
76.858050,155.458,50.988,0.394
76.869660,155.553,50.999,0.371
76.881270,312.918,63.099,0.349
76.892880,312.553,63.079,0.328
76.904490,312.666,63.085,0.315
76.916100,311.583,63.025,0.303
76.927710,310.805,62.982,0.294
76.939320,311.088,62.998,0.281
76.950930,312.015,63.049,0.268
76.962540,313.137,63.111,0.263
76.974150,313.274,63.119,0.254
76.985760,313.222,63.116,0.240
76.997370,313.348,63.123,0.224
77.008980,313.127,63.111,0.204
77.020590,312.510,63.077,0.193
77.032200,312.195,63.059,0.196
77.043810,311.728,63.033,0.205
77.055420,311.938,63.045,0.204
77.067029,311.833,63.039,0.208
77.078639,311.488,63.020,0.217
77.090249,311.319,63.011,0.225
77.101859,311.154,63.001,0.225
77.113469,311.058,62.996,0.225
77.125079,310.978,62.992,0.222
77.136689,311.047,62.996,0.215
77.148299,311.068,62.997,0.214
77.159909,311.013,62.994,0.205
77.171519,311.071,62.997,0.194
77.183129,311.166,63.002,0.176
77.194739,310.984,62.992,0.166
77.206349,311.222,63.005,0.149
77.217959,311.283,63.009,0.135
77.229569,311.314,63.010,0.124
77.241179,311.259,63.007,0.100
77.252789,311.064,62.997,0.078
77.264399,310.945,62.990,0.050
77.276009,310.617,62.972,0.025
77.287619,310.145,62.945,0.002
77.299229,,,0.000
77.310839,,,0.000
77.322449,,,0.000
77.334059,,,0.000
77.345669,,,0.000
77.357279,,,0.000
77.368889,,,0.000
77.380499,,,0.000
77.392109,,,0.000
77.403719,,,0.000
77.415329,,,0.000
77.426939,,,0.000
77.438549,,,0.000
77.450159,,,0.000
77.461769,,,0.000
77.473379,,,0.000
77.484989,,,0.000
77.496599,,,0.000
77.508209,,,0.000
77.519819,,,0.000
77.531429,,,0.000
77.543039,,,0.000
77.554649,,,0.000
77.566259,,,0.000
77.577868,,,0.000
77.589478,,,0.000
77.601088,,,0.000
77.612698,,,0.000
77.624308,,,0.000
77.635918,,,0.000
77.647528,,,0.000
77.659138,,,0.000
77.670748,,,0.000
77.682358,,,0.000
77.693968,,,0.000
77.705578,,,0.000
77.717188,,,0.000
77.728798,,,0.000
77.740408,,,0.000
77.752018,,,0.000
77.763628,,,0.000
77.775238,,,0.000
77.786848,,,0.000
77.798458,,,0.000
77.810068,,,0.000
77.821678,,,0.000
77.833288,,,0.000
77.844898,,,0.000
77.856508,,,0.000
77.868118,,,0.000
77.879728,,,0.000
77.891338,,,0.000
77.902948,,,0.000
77.914558,,,0.000
77.926168,,,0.000
77.937778,,,0.000
77.949388,,,0.000
77.960998,,,0.000
77.972608,,,0.000
77.984218,,,0.000
77.995828,,,0.000
78.007438,,,0.000
78.019048,,,0.000
78.030658,,,0.000
78.042268,,,0.000
78.053878,,,0.000
78.065488,,,0.000
78.077098,,,0.000
78.088707,,,0.000
78.100317,,,0.000
78.111927,,,0.000
78.123537,,,0.000
78.135147,,,0.000
78.146757,,,0.000
78.158367,,,0.000
78.169977,,,0.000
78.181587,,,0.000
78.193197,,,0.000
78.204807,,,0.000
78.216417,,,0.000
78.228027,,,0.000
78.239637,,,0.000
78.251247,,,0.000
78.262857,,,0.000
78.274467,,,0.000
78.286077,,,0.000
78.297687,,,0.000
78.309297,,,0.000
78.320907,,,0.000
78.332517,,,0.000
78.344127,,,0.000
78.355737,,,0.000
78.367347,,,0.000
78.378957,724.402,77.631,0.201
78.390567,185.039,54.004,0.366
78.402177,586.980,73.990,0.494
78.413787,590.674,74.098,0.589
78.425397,588.353,74.030,0.668
78.437007,588.185,74.025,0.731
78.448617,588.235,74.027,0.772
78.460227,588.519,74.035,0.802
78.471837,588.444,74.033,0.822
78.483447,588.100,74.023,0.839
78.495057,587.743,74.012,0.848
78.506667,587.257,73.998,0.853
78.518277,587.244,73.997,0.853
78.529887,587.012,73.991,0.849
78.541497,586.883,73.987,0.842
78.553107,587.160,73.995,0.832
78.564717,588.108,74.023,0.818
78.576327,589.751,74.071,0.804
78.587937,592.215,74.143,0.789
78.599546,595.492,74.239,0.775
78.611156,600.470,74.383,0.759
78.622766,608.183,74.604,0.739
78.634376,614.789,74.791,0.725
78.645986,618.640,74.899,0.717
78.657596,619.823,74.932,0.723
78.669206,621.757,74.986,0.719
78.680816,621.962,74.992,0.724
78.692426,622.174,74.998,0.720
78.704036,622.198,74.998,0.720
78.715646,621.550,74.980,0.716
78.727256,620.788,74.959,0.713
78.738866,620.545,74.952,0.710
78.750476,619.570,74.925,0.702
78.762086,618.082,74.884,0.705
78.773696,614.359,74.779,0.716
78.785306,610.626,74.673,0.726
78.796916,605.576,74.530,0.739
78.808526,600.877,74.395,0.747
78.820136,597.013,74.283,0.754
78.831746,593.843,74.191,0.763
78.843356,591.860,74.133,0.771
78.854966,589.811,74.073,0.775
78.866576,589.163,74.054,0.771
78.878186,588.899,74.046,0.771
78.889796,588.084,74.022,0.766
78.901406,587.641,74.009,0.766
78.913016,587.084,73.993,0.764
78.924626,586.605,73.979,0.761
78.936236,586.555,73.977,0.764
78.947846,586.270,73.969,0.768
78.959456,586.260,73.968,0.774
78.971066,586.353,73.971,0.778
78.982676,586.760,73.983,0.780
78.994286,586.924,73.988,0.778
79.005896,587.036,73.991,0.776
79.017506,587.204,73.996,0.770
79.029116,587.248,73.998,0.761
79.040726,587.240,73.997,0.749
79.052336,587.251,73.998,0.735
79.063946,587.268,73.998,0.725
79.075556,587.067,73.992,0.718
79.087166,586.940,73.989,0.717
79.098776,586.983,73.990,0.719
79.110385,586.938,73.988,0.723
79.121995,586.716,73.982,0.729
79.133605,586.899,73.987,0.734
79.145215,586.934,73.988,0.741
79.156825,586.963,73.989,0.746
79.168435,587.086,73.993,0.749
79.180045,587.176,73.995,0.751
79.191655,587.309,73.999,0.756
79.203265,587.289,73.999,0.759
79.214875,587.426,74.003,0.764
79.226485,587.324,74.000,0.771
79.238095,587.268,73.998,0.776
79.249705,587.288,73.999,0.779
79.261315,587.233,73.997,0.780
79.272925,587.156,73.995,0.781
79.284535,587.126,73.994,0.779
79.296145,587.124,73.994,0.776
79.307755,587.094,73.993,0.771
79.319365,587.212,73.997,0.764
79.330975,587.039,73.991,0.758
79.342585,586.923,73.988,0.752
79.354195,586.913,73.988,0.746
79.365805,586.900,73.987,0.739
79.377415,587.018,73.991,0.734
79.389025,586.962,73.989,0.731
79.400635,587.083,73.993,0.733
79.412245,587.097,73.993,0.736
79.423855,587.468,74.004,0.740
79.435465,587.636,74.009,0.744
79.447075,587.723,74.012,0.751
79.458685,587.683,74.010,0.759
79.470295,587.502,74.005,0.765
79.481905,587.482,74.004,0.770
79.493515,587.672,74.010,0.773
79.505125,587.487,74.005,0.774
79.516735,587.486,74.005,0.772
79.528345,587.398,74.002,0.768
79.539955,587.375,74.001,0.763
79.551565,587.379,74.001,0.756
79.563175,587.389,74.002,0.750
79.574785,587.460,74.004,0.742
79.586395,587.261,73.998,0.733
79.598005,587.263,73.998,0.724
79.609615,586.945,73.989,0.718
79.621224,586.785,73.984,0.712
79.632834,586.785,73.984,0.709
79.644444,587.150,73.995,0.707
79.656054,587.000,73.990,0.707
79.667664,587.043,73.992,0.707
79.679274,586.780,73.984,0.709
79.690884,586.875,73.987,0.713
79.702494,587.025,73.991,0.716
79.714104,586.875,73.987,0.718
79.725714,586.799,73.984,0.719
79.737324,586.591,73.978,0.718
79.748934,586.576,73.978,0.717
79.760544,586.560,73.977,0.717
79.772154,586.548,73.977,0.714
79.783764,586.547,73.977,0.711
79.795374,586.489,73.975,0.707
79.806984,586.514,73.976,0.705
79.818594,586.677,73.981,0.701
79.830204,586.631,73.979,0.696
79.841814,586.526,73.976,0.687
79.853424,586.670,73.981,0.676
79.865034,586.762,73.983,0.662
79.876644,586.561,73.977,0.646
79.888254,586.243,73.968,0.629
79.899864,586.377,73.972,0.611
79.911474,585.224,73.938,0.594
79.923084,584.898,73.928,0.583
79.934694,585.045,73.933,0.585
79.946304,585.254,73.939,0.595
79.957914,585.559,73.948,0.611
79.969524,585.561,73.948,0.631
79.981134,585.784,73.954,0.651
79.992744,585.875,73.957,0.670
80.004354,586.566,73.977,0.687
80.015964,586.554,73.977,0.701
80.027574,586.649,73.980,0.710
80.039184,586.546,73.977,0.718
80.050794,586.694,73.981,0.726
80.062404,586.832,73.985,0.735
80.074014,586.907,73.988,0.744
80.085624,587.145,73.995,0.751
80.097234,587.020,73.991,0.757
80.108844,587.068,73.992,0.762
80.120454,586.979,73.990,0.771
80.132063,587.000,73.990,0.778
80.143673,586.982,73.990,0.784
80.155283,587.011,73.991,0.785
80.166893,587.149,73.995,0.786
80.178503,587.171,73.995,0.785
80.190113,587.229,73.997,0.786
80.201723,587.343,74.000,0.785
80.213333,587.608,74.008,0.782
80.224943,587.634,74.009,0.777
80.236553,587.719,74.011,0.772
80.248163,587.630,74.009,0.768
80.259773,587.605,74.008,0.763
80.271383,587.623,74.009,0.759
80.282993,587.576,74.007,0.753
80.294603,587.428,74.003,0.748
80.306213,587.518,74.006,0.742
80.317823,587.199,73.996,0.737
80.329433,586.742,73.983,0.733
80.341043,586.530,73.976,0.728
80.352653,585.994,73.961,0.724
80.364263,585.755,73.954,0.721
80.375873,585.541,73.947,0.718
80.387483,585.127,73.935,0.715
80.399093,585.469,73.945,0.716
80.410703,585.482,73.945,0.715
80.422313,585.835,73.956,0.715
80.433923,586.129,73.965,0.716
80.445533,586.465,73.975,0.716
80.457143,587.824,74.015,0.717
80.468753,591.075,74.110,0.711
80.480363,596.899,74.280,0.712
80.491973,604.856,74.509,0.708
80.503583,616.445,74.838,0.705
80.515193,626.746,75.125,0.710
80.526803,631.969,75.268,0.715
80.538413,635.157,75.355,0.719
80.550023,635.838,75.374,0.723
80.561633,635.281,75.359,0.731
80.573243,636.502,75.392,0.729
80.584853,636.896,75.403,0.732
80.596463,636.126,75.382,0.735
80.608073,636.543,75.393,0.734
80.619683,638.231,75.439,0.729
80.631293,643.811,75.590,0.743
80.642902,650.968,75.781,0.748
80.654512,661.093,76.048,0.744
80.666122,672.161,76.336,0.744
80.677732,681.936,76.586,0.744
80.689342,688.357,76.748,0.740
80.700952,693.753,76.883,0.731
80.712562,696.961,76.963,0.726
80.724172,699.715,77.031,0.703
80.735782,700.636,77.054,0.696
80.747392,699.627,77.029,0.709
80.759002,698.799,77.008,0.715
80.770612,698.551,77.002,0.721
80.782222,700.650,77.054,0.737
80.793832,702.892,77.110,0.740
80.805442,708.201,77.240,0.748
80.817052,714.580,77.395,0.770
80.828662,720.721,77.543,0.783
80.840272,726.791,77.688,0.789
80.851882,731.311,77.796,0.795
80.863492,735.389,77.892,0.799
80.875102,736.967,77.929,0.791
80.886712,737.853,77.950,0.791
80.898322,737.599,77.944,0.786
80.909932,734.555,77.872,0.786
80.921542,730.620,77.779,0.773
80.933152,725.066,77.647,0.771
80.944762,719.350,77.510,0.761
80.956372,712.609,77.347,0.764
80.967982,709.407,77.269,0.765
80.979592,706.638,77.202,0.773
80.991202,705.236,77.167,0.773
81.002812,703.489,77.124,0.748
81.014422,703.845,77.133,0.738
81.026032,702.661,77.104,0.717
81.037642,702.596,77.102,0.711
81.049252,696.105,76.942,0.696
81.060862,688.376,76.748,0.698
81.072472,678.677,76.503,0.684
81.084082,663.322,76.106,0.686
81.095692,648.656,75.719,0.692
81.107302,639.012,75.460,0.706
81.118912,632.115,75.272,0.722
81.130522,627.187,75.137,0.737
81.142132,623.294,75.029,0.750
81.153741,621.691,74.984,0.760
81.165351,621.414,74.977,0.774
81.176961,621.543,74.980,0.787
81.188571,621.328,74.974,0.799
81.200181,621.483,74.979,0.808
81.211791,621.832,74.988,0.814
81.223401,622.438,75.005,0.816
81.235011,623.330,75.030,0.816
81.246621,624.036,75.050,0.816
81.258231,624.842,75.072,0.814
81.269841,625.650,75.094,0.811
81.281451,626.109,75.107,0.807
81.293061,626.320,75.113,0.801
81.304671,626.146,75.108,0.788
81.316281,625.649,75.094,0.772
81.327891,624.519,75.063,0.757
81.339501,623.553,75.036,0.748
81.351111,622.881,75.017,0.743
81.362721,623.356,75.031,0.739
81.374331,624.316,75.057,0.738
81.385941,626.011,75.104,0.740
81.397551,627.038,75.133,0.749
81.409161,627.411,75.143,0.755
81.420771,627.876,75.156,0.751
81.432381,627.990,75.159,0.742
81.443991,628.000,75.159,0.729
81.455601,626.514,75.118,0.718
81.467211,624.237,75.055,0.700
81.478821,621.527,74.980,0.669
81.490431,618.486,74.895,0.635
81.502041,617.362,74.863,0.623
81.513651,617.097,74.856,0.635
81.525261,616.445,74.838,0.632
81.536871,616.912,74.851,0.625
81.548481,617.331,74.862,0.611
81.560091,619.444,74.922,0.604
81.571701,620.802,74.960,0.608
81.583311,621.620,74.982,0.618
81.594921,622.112,74.996,0.616
81.606531,622.406,75.004,0.603
81.618141,623.055,75.022,0.603
81.629751,622.540,75.008,0.604
81.641361,622.128,74.996,0.612
81.652971,619.668,74.928,0.616
81.664580,618.279,74.889,0.624
81.676190,617.903,74.879,0.627
81.687800,617.439,74.866,0.631
81.699410,617.393,74.864,0.640
81.711020,617.960,74.880,0.645
81.722630,618.748,74.902,0.648
81.734240,619.767,74.931,0.649
81.745850,620.914,74.963,0.648
81.757460,620.964,74.964,0.638
81.769070,621.687,74.984,0.629
81.780680,622.216,74.999,0.624
81.792290,623.413,75.032,0.616
81.803900,623.657,75.039,0.610
81.815510,623.984,75.048,0.601
81.827120,624.492,75.062,0.594
81.838730,624.706,75.068,0.589
81.850340,625.489,75.090,0.581
81.861950,626.235,75.110,0.573
81.873560,626.217,75.110,0.562
81.885170,626.335,75.113,0.544
81.896780,626.086,75.106,0.532
81.908390,625.881,75.101,0.529
81.920000,625.361,75.086,0.515
81.931610,625.269,75.084,0.499
81.943220,624.838,75.072,0.500
81.954830,624.686,75.068,0.496
81.966440,625.531,75.091,0.485
81.978050,625.764,75.097,0.466
81.989660,625.079,75.078,0.451
82.001270,624.297,75.057,0.449
82.012880,623.429,75.033,0.445
82.024490,622.986,75.020,0.440
82.036100,622.534,75.008,0.429
82.047710,622.290,75.001,0.417
82.059320,621.299,74.973,0.407
82.070930,620.973,74.964,0.404
82.082540,621.284,74.973,0.388
82.094150,620.262,74.944,0.365
82.105760,620.383,74.948,0.347
82.117370,619.963,74.936,0.323
82.128980,620.194,74.943,0.309
82.140590,620.485,74.951,0.305
82.152200,621.028,74.966,0.300
82.163810,622.958,75.020,0.285
82.175420,624.237,75.055,0.260
82.187029,627.234,75.138,0.244
82.198639,626.116,75.107,0.247
82.210249,625.324,75.085,0.253
82.221859,624.971,75.075,0.266
82.233469,624.756,75.069,0.272
82.245079,624.368,75.059,0.270
82.256689,624.024,75.049,0.269
82.268299,624.027,75.049,0.266
82.279909,624.218,75.055,0.257
82.291519,624.449,75.061,0.249
82.303129,624.744,75.069,0.246
82.314739,623.402,75.032,0.226
82.326349,622.213,74.999,0.207
82.337959,621.382,74.976,0.200
82.349569,621.270,74.973,0.197
82.361179,621.070,74.967,0.192
82.372789,621.336,74.974,0.183
82.384399,622.095,74.996,0.160
82.396009,622.740,75.014,0.125
82.407619,624.294,75.057,0.107
82.419229,626.205,75.110,0.096
82.430839,628.684,75.178,0.093
82.442449,630.206,75.220,0.097
82.454059,631.436,75.254,0.104
82.465669,632.600,75.285,0.105
82.477279,632.193,75.274,0.099
82.488889,631.989,75.269,0.099
82.500499,632.092,75.272,0.091
82.512109,632.404,75.280,0.084
82.523719,633.056,75.298,0.082
82.535329,635.056,75.353,0.089
82.546939,636.211,75.384,0.091
82.558549,650.214,75.761,0.115
82.570159,654.314,75.870,0.121
82.581769,663.549,76.112,0.134
82.593379,665.873,76.173,0.143
82.604989,673.506,76.370,0.151
82.616599,677.653,76.477,0.145
82.628209,682.170,76.592,0.136
82.639819,688.487,76.751,0.131
82.651429,687.665,76.730,0.122
82.663039,688.143,76.742,0.135
82.674649,688.392,76.749,0.141
82.686259,690.159,76.793,0.157
82.697868,689.325,76.772,0.176
82.709478,689.068,76.766,0.201
82.721088,687.813,76.734,0.220
82.732698,688.574,76.753,0.235
82.744308,688.548,76.753,0.236
82.755918,689.352,76.773,0.234
82.767528,689.244,76.770,0.227
82.779138,688.566,76.753,0.217
82.790748,686.567,76.703,0.195
82.802358,687.442,76.725,0.171
82.813968,689.288,76.771,0.149
82.825578,707.324,77.218,0.139
82.837188,722.911,77.596,0.172
82.848798,724.202,77.627,0.217
82.860408,721.441,77.561,0.271
82.872018,723.142,77.601,0.335
82.883628,722.654,77.590,0.368
82.895238,720.923,77.548,0.410
82.906848,719.275,77.508,0.433
82.918458,719.983,77.526,0.449
82.930068,719.300,77.509,0.464
82.941678,719.591,77.516,0.470
82.953288,718.575,77.492,0.472
82.964898,716.007,77.430,0.462
82.976508,715.322,77.413,0.453
82.988118,715.359,77.414,0.431
82.999728,718.430,77.488,0.410
83.011338,716.145,77.433,0.387
83.022948,714.954,77.404,0.346
83.034558,713.194,77.361,0.313
83.046168,717.429,77.464,0.270
83.057778,717.943,77.476,0.224
83.069388,721.828,77.570,0.188
83.080998,720.425,77.536,0.139
83.092608,744.147,78.097,0.295
83.104218,159.932,51.479,0.445
83.115828,758.700,78.432,0.575
83.127438,762.094,78.510,0.660
83.139048,774.153,78.781,0.692
83.150658,151.096,50.496,0.724
83.162268,160.217,51.510,0.750
83.173878,159.973,51.484,0.773
83.185488,159.879,51.474,0.789
83.197098,312.451,63.074,0.798
83.208707,311.787,63.037,0.799
83.220317,311.435,63.017,0.793
83.231927,312.298,63.065,0.795
83.243537,312.525,63.078,0.797
83.255147,312.333,63.067,0.798
83.266757,311.466,63.019,0.798
83.278367,311.410,63.016,0.801
83.289977,311.592,63.026,0.803
83.301587,312.107,63.054,0.803
83.313197,312.517,63.077,0.806
83.324807,312.740,63.090,0.807
83.336417,312.470,63.075,0.806
83.348027,311.669,63.030,0.803
83.359637,310.715,62.977,0.797
83.371247,310.015,62.938,0.790
83.382857,309.948,62.934,0.784
83.394467,310.045,62.940,0.782
83.406077,311.097,62.998,0.786
83.417687,315.846,63.261,0.795
83.429297,334.643,64.261,0.806
83.440907,346.432,64.861,0.819
83.452517,356.983,65.380,0.833
83.464127,369.011,65.954,0.849
83.475737,376.662,66.309,0.862
83.487347,380.750,66.496,0.872
83.498957,383.742,66.632,0.876
83.510567,385.588,66.715,0.880
83.522177,387.500,66.800,0.877
83.533787,389.761,66.901,0.875
83.545397,392.330,67.015,0.873
83.557007,394.644,67.117,0.867
83.568617,397.554,67.244,0.861
83.580227,401.670,67.422,0.855
83.591837,406.479,67.628,0.855
83.603447,410.593,67.802,0.851
83.615057,413.204,67.912,0.849
83.626667,414.922,67.984,0.848
83.638277,416.138,68.035,0.846
83.649887,416.410,68.046,0.846
83.661497,416.197,68.037,0.847
83.673107,415.890,68.024,0.844
83.684717,415.600,68.012,0.833
83.696327,415.590,68.012,0.822
83.707937,415.782,68.020,0.816
83.719546,415.971,68.028,0.807
83.731156,416.096,68.033,0.801
83.742766,416.075,68.032,0.799
83.754376,415.754,68.019,0.798
83.765986,415.589,68.012,0.795
83.777596,415.503,68.008,0.803
83.789206,415.499,68.008,0.811
83.800816,415.478,68.007,0.813
83.812426,415.247,67.998,0.814
83.824036,415.020,67.988,0.807
83.835646,414.935,67.985,0.796
83.847256,414.940,67.985,0.786
83.858866,414.940,67.985,0.778
83.870476,414.975,67.986,0.771
83.882086,415.011,67.988,0.764
83.893696,414.890,67.983,0.760
83.905306,414.389,67.962,0.760
83.916916,413.405,67.921,0.763
83.928526,410.249,67.788,0.772
83.940136,402.815,67.471,0.789
83.951746,394.250,67.099,0.793
83.963356,381.113,66.513,0.798
83.974966,369.959,65.998,0.795
83.986576,357.160,65.389,0.795
83.998186,345.666,64.822,0.793
84.009796,332.823,64.167,0.797
84.021406,333.763,64.216,0.805
84.033016,337.316,64.399,0.805
84.044626,343.745,64.726,0.817
84.056236,346.141,64.846,0.822
84.067846,347.204,64.899,0.829
84.079456,347.751,64.927,0.836
84.091066,347.974,64.938,0.840
84.102676,349.047,64.991,0.843
84.114286,350.413,65.059,0.839
84.125896,351.858,65.130,0.832
84.137506,355.661,65.316,0.834
84.149116,362.634,65.652,0.835
84.160726,376.460,66.300,0.838
84.172336,388.397,66.840,0.836
84.183946,391.401,66.974,0.838
84.195556,392.259,67.012,0.838
84.207166,392.468,67.021,0.842
84.218776,392.564,67.025,0.842
84.230385,392.528,67.024,0.831
84.241995,392.019,67.001,0.818
84.253605,391.169,66.963,0.801
84.265215,390.462,66.932,0.786
84.276825,389.984,66.911,0.763
84.288435,390.247,66.923,0.733
84.300045,391.008,66.956,0.693
84.311655,392.342,67.015,0.670
84.323265,394.486,67.110,0.705
84.334875,394.151,67.095,0.737
84.346485,393.865,67.082,0.777
84.358095,393.821,67.080,0.802
84.369705,393.535,67.068,0.828
84.381315,393.355,67.060,0.844
84.392925,393.148,67.051,0.855
84.404535,392.836,67.037,0.861
84.416145,392.419,67.019,0.852
84.427755,392.202,67.009,0.840
84.439365,391.881,66.995,0.819
84.450975,391.638,66.984,0.793
84.462585,391.322,66.970,0.758
84.474195,391.217,66.966,0.723
84.485805,391.274,66.968,0.682
84.497415,391.451,66.976,0.628
84.509025,390.962,66.954,0.564
84.520635,388.377,66.839,0.472
84.532245,388.150,66.829,0.382
84.543855,390.924,66.953,0.355
84.555465,391.017,66.957,0.344
84.567075,389.451,66.887,0.334
84.578685,408.199,67.701,0.422
84.590295,408.552,67.716,0.474
84.601905,408.261,67.704,0.479
84.613515,408.195,67.701,0.490
84.625125,376.637,66.308,0.503
84.636735,244.772,58.847,0.542
84.648345,236.835,58.277,0.601
84.659955,236.656,58.263,0.663
84.671565,233.140,58.004,0.698
84.683175,234.878,58.133,0.716
84.694785,233.606,58.039,0.735
84.706395,232.233,57.937,0.752
84.718005,231.788,57.904,0.766
84.729615,231.776,57.903,0.774
84.741224,231.740,57.900,0.773
84.752834,231.527,57.884,0.765
84.764444,231.604,57.890,0.752
84.776054,232.093,57.926,0.747
84.787664,232.842,57.982,0.739
84.799274,234.013,58.069,0.728
84.810884,235.126,58.151,0.714
84.822494,236.127,58.225,0.698
84.834104,236.774,58.272,0.680
84.845714,237.081,58.295,0.656
84.857324,237.907,58.355,0.629
84.868934,238.898,58.427,0.591
84.880544,238.379,58.389,0.552
84.892154,238.146,58.372,0.508
84.903764,237.664,58.337,0.462
84.915374,79.891,39.463,0.410
84.926984,200.924,55.430,0.360
84.938594,392.572,67.025,0.326
84.950204,392.440,67.020,0.330
84.961814,391.940,66.998,0.330
84.973424,391.376,66.973,0.328
84.985034,392.762,67.034,0.328
84.996644,393.811,67.080,0.330
85.008254,395.480,67.153,0.321
85.019864,202.098,55.531,0.309
85.031474,203.409,55.643,0.297
85.043084,197.253,55.111,0.333
85.054694,202.197,55.539,0.375
85.066304,202.084,55.529,0.414
85.077914,299.348,62.332,0.588
85.089524,295.668,62.118,0.653
85.101134,294.716,62.062,0.693
85.112744,294.085,62.025,0.716
85.124354,293.382,61.983,0.734
85.135964,292.428,61.927,0.746
85.147574,292.079,61.906,0.754
85.159184,291.545,61.875,0.759
85.170794,290.848,61.833,0.742
85.182404,290.671,61.823,0.727
85.194014,291.111,61.849,0.710
85.205624,293.141,61.969,0.706
85.217234,304.493,62.627,0.701
85.228844,307.159,62.778,0.700
85.240454,309.014,62.882,0.702
85.252063,309.850,62.929,0.704
85.263673,310.284,62.953,0.707
85.275283,311.112,62.999,0.708
85.286893,311.573,63.025,0.711
85.298503,311.585,63.025,0.706
85.310113,311.219,63.005,0.703
85.321723,311.038,62.995,0.697
85.333333,310.956,62.990,0.691
85.344943,310.933,62.989,0.688
85.356553,311.086,62.998,0.681
85.368163,311.184,63.003,0.679
85.379773,311.065,62.997,0.676
85.391383,311.268,63.008,0.670
85.402993,311.432,63.017,0.668
85.414603,311.329,63.011,0.669
85.426213,311.532,63.023,0.669
85.437823,311.499,63.021,0.666
85.449433,311.522,63.022,0.663
85.461043,311.617,63.027,0.659
85.472653,311.485,63.020,0.653
85.484263,311.321,63.011,0.650
85.495873,311.324,63.011,0.646
85.507483,311.481,63.020,0.643
85.519093,311.328,63.011,0.643
85.530703,311.263,63.008,0.641
85.542313,311.366,63.013,0.637
85.553923,311.412,63.016,0.637
85.565533,311.410,63.016,0.644
85.577143,311.478,63.020,0.646
85.588753,311.199,63.004,0.646
85.600363,311.075,62.997,0.645
85.611973,310.841,62.984,0.645
85.623583,310.615,62.971,0.651
85.635193,310.567,62.969,0.657
85.646803,310.558,62.968,0.658
85.658413,310.659,62.974,0.654
85.670023,310.889,62.987,0.656
85.681633,311.114,62.999,0.657
85.693243,311.387,63.014,0.653
85.704853,311.713,63.033,0.653
85.716463,311.895,63.043,0.654
85.728073,312.160,63.057,0.649
85.739683,312.228,63.061,0.646
85.751293,312.064,63.052,0.642
85.762902,311.907,63.043,0.638
85.774512,311.508,63.021,0.636
85.786122,311.154,63.002,0.634
85.797732,310.864,62.985,0.629
85.809342,310.866,62.985,0.623
85.820952,310.844,62.984,0.622
85.832562,310.940,62.990,0.622
85.844172,311.275,63.008,0.620
85.855782,311.613,63.027,0.615
85.867392,311.848,63.040,0.608
85.879002,312.216,63.060,0.602
85.890612,312.232,63.061,0.593
85.902222,312.208,63.060,0.581
85.913832,312.369,63.069,0.567
85.925442,312.278,63.064,0.550
85.937052,312.479,63.075,0.537
85.948662,312.484,63.075,0.530
85.960272,312.539,63.078,0.526
85.971882,312.366,63.069,0.520
85.983492,312.426,63.072,0.517
85.995102,312.429,63.072,0.516
86.006712,312.409,63.071,0.513
86.018322,312.385,63.070,0.508
86.029932,312.225,63.061,0.500
86.041542,312.137,63.056,0.488
86.053152,312.051,63.051,0.474
86.064762,312.155,63.057,0.460
86.076372,312.425,63.072,0.444
86.087982,312.499,63.076,0.429
86.099592,312.150,63.057,0.420
86.111202,312.291,63.065,0.411
86.122812,312.544,63.079,0.409
86.134422,312.218,63.061,0.409
86.146032,311.799,63.037,0.413
86.157642,311.593,63.026,0.416
86.169252,311.380,63.014,0.419
86.180862,311.247,63.007,0.419
86.192472,311.131,63.000,0.417
86.204082,311.023,62.994,0.414
86.215692,311.021,62.994,0.403
86.227302,311.482,63.020,0.390
86.238912,311.875,63.042,0.376
86.250522,312.042,63.051,0.361
86.262132,311.991,63.048,0.346
86.273741,312.557,63.079,0.328
86.285351,312.406,63.071,0.309
86.296961,312.207,63.060,0.290
86.308571,311.999,63.048,0.273
86.320181,311.378,63.014,0.254
86.331791,312.060,63.052,0.238
86.343401,311.914,63.044,0.226
86.355011,104.051,44.037,0.211
86.366621,310.135,62.945,0.200
86.378231,308.707,62.865,0.188
86.389841,307.242,62.782,0.187
86.401451,79.891,39.463,0.194
86.413061,79.891,39.463,0.206
86.424671,79.891,39.463,0.217
86.436281,79.891,39.463,0.224
86.447891,79.891,39.463,0.232
86.459501,79.891,39.463,0.234
86.471111,304.689,62.638,0.234
86.482721,304.960,62.653,0.234
86.494331,305.181,62.666,0.226
86.505941,305.654,62.693,0.213
86.517551,306.917,62.764,0.200
86.529161,308.559,62.857,0.186
86.540771,103.945,44.020,0.170
86.552381,104.053,44.038,0.157
86.563991,104.151,44.054,0.142
86.575601,104.105,44.046,0.124
86.587211,103.888,44.010,0.110
86.598821,103.850,44.004,0.100
86.610431,103.919,44.015,0.088
86.622041,103.913,44.015,0.079
86.633651,103.823,43.999,0.076
86.645261,103.740,43.986,0.076
86.656871,103.754,43.988,0.070
86.668481,103.739,43.985,0.061
86.680091,103.766,43.990,0.053
86.691701,103.776,43.992,0.051
86.703311,103.825,44.000,0.049
86.714921,103.924,44.016,0.043
86.726531,104.007,44.030,0.035
86.738141,104.104,44.046,0.027
86.749751,311.477,63.019,0.023
86.761361,311.209,63.005,0.018
86.772971,310.755,62.979,0.012
86.784580,310.368,62.958,0.004
86.796190,,,0.000
86.807800,,,0.000
86.819410,,,0.000
86.831020,,,0.000
86.842630,,,0.000
86.854240,,,0.000
86.865850,,,0.000
86.877460,,,0.000
86.889070,,,0.000
86.900680,,,0.000
86.912290,,,0.000
86.923900,,,0.000
86.935510,,,0.000
86.947120,,,0.000
86.958730,,,0.000
86.970340,,,0.000
86.981950,,,0.000
86.993560,,,0.000
87.005170,,,0.000
87.016780,,,0.000
87.028390,,,0.000
87.040000,,,0.000
87.051610,,,0.000
87.063220,,,0.000
87.074830,,,0.000
87.086440,,,0.000
87.098050,,,0.000
87.109660,,,0.000
87.121270,,,0.000
87.132880,,,0.000
87.144490,,,0.000
87.156100,,,0.000
87.167710,,,0.000
87.179320,,,0.000
87.190930,,,0.000
87.202540,,,0.000
87.214150,,,0.000
87.225760,,,0.000
87.237370,,,0.000
87.248980,,,0.000
87.260590,,,0.000
87.272200,,,0.000
87.283810,,,0.000
87.295420,,,0.000
87.307029,,,0.000
87.318639,,,0.000
87.330249,,,0.000
87.341859,,,0.000
87.353469,,,0.000
87.365079,,,0.000
87.376689,,,0.000
87.388299,,,0.000
87.399909,,,0.000
87.411519,,,0.000
87.423129,,,0.000
87.434739,,,0.000
87.446349,,,0.000
87.457959,,,0.000
87.469569,,,0.000
87.481179,,,0.000
87.492789,,,0.000
87.504399,,,0.000
87.516009,,,0.000
87.527619,,,0.000
87.539229,,,0.000
87.550839,,,0.000
87.562449,,,0.000
87.574059,,,0.000
87.585669,,,0.000
87.597279,,,0.000
87.608889,,,0.000
87.620499,,,0.000
87.632109,,,0.000
87.643719,,,0.000
87.655329,,,0.000
87.666939,,,0.000
87.678549,,,0.000
87.690159,,,0.000
87.701769,,,0.000
87.713379,182.188,53.735,0.009
87.724989,351.336,65.104,0.061
87.736599,350.423,65.059,0.117
87.748209,690.817,76.810,0.155
87.759819,687.295,76.721,0.196
87.771429,1002.273,83.252,0.233
87.783039,356.019,65.333,0.261
87.794649,356.180,65.341,0.286
87.806259,122.642,46.883,0.317
87.817868,511.701,71.614,0.348
87.829478,511.950,71.622,0.384
87.841088,845.811,80.314,0.411
87.852698,855.424,80.510,0.437
87.864308,855.177,80.505,0.462
87.875918,847.589,80.350,0.485
87.887528,845.716,80.312,0.501
87.899138,844.432,80.286,0.514
87.910748,843.947,80.276,0.524
87.922358,848.865,80.376,0.528
87.933968,848.090,80.361,0.526
87.945578,846.608,80.330,0.519
87.957188,330.860,64.065,0.504
87.968798,330.773,64.060,0.481
87.980408,331.359,64.091,0.455
87.992018,90.829,41.685,0.420
88.003628,86.385,40.816,0.373
88.015238,90.776,41.675,0.315
88.026848,302.178,62.495,0.313
88.038458,250.868,59.273,0.379
88.050068,244.899,58.856,0.433
88.061678,249.290,59.164,0.513
88.073288,258.100,59.765,0.560
88.084898,260.081,59.898,0.601
88.096508,310.078,62.942,0.680
88.108118,317.116,63.330,0.738
88.119728,350.127,65.045,0.820
88.131338,369.528,65.978,0.855
88.142948,396.518,67.199,0.882
88.154558,407.142,67.656,0.907
88.166168,413.784,67.936,0.921
88.177778,415.914,68.025,0.934
88.189388,415.595,68.012,0.936
88.200998,414.725,67.976,0.937
88.212608,415.517,68.009,0.927
88.224218,416.671,68.057,0.924
88.235828,417.745,68.101,0.919
88.247438,418.704,68.141,0.912
88.259048,418.145,68.118,0.912
88.270658,418.713,68.141,0.907
88.282268,422.090,68.281,0.908
88.293878,425.017,68.400,0.908
88.305488,458.823,69.725,0.904
88.317098,462.399,69.860,0.902
88.328707,464.647,69.944,0.902
88.340317,465.595,69.979,0.902
88.351927,466.766,70.022,0.898
88.363537,467.429,70.047,0.898
88.375147,467.536,70.051,0.897
88.386757,467.349,70.044,0.889
88.398367,467.377,70.045,0.876
88.409977,467.426,70.047,0.861
88.421587,467.545,70.051,0.840
88.433197,467.852,70.063,0.813
88.444807,467.750,70.059,0.785
88.456417,467.293,70.042,0.754
88.468027,465.922,69.991,0.711
88.479637,464.495,69.938,0.687
88.491247,462.486,69.863,0.668
88.502857,461.577,69.829,0.631
88.514467,461.022,69.808,0.607
88.526077,460.793,69.799,0.575
88.537687,460.207,69.777,0.550
88.549297,460.709,69.796,0.518
88.560907,461.099,69.811,0.484
88.572517,460.000,69.770,0.468
88.584127,460.445,69.786,0.465
88.595737,461.036,69.809,0.461
88.607347,462.247,69.854,0.453
88.618957,461.229,69.816,0.450
88.630567,460.922,69.804,0.435
88.642177,461.493,69.826,0.423
88.653787,459.512,69.751,0.403
88.665397,457.968,69.693,0.389
88.677007,458.299,69.705,0.471
88.688617,331.535,64.100,0.595
88.700227,334.645,64.262,0.685
88.711837,342.607,64.669,0.746
88.723447,358.494,65.453,0.770
88.735057,372.533,66.118,0.809
88.746667,380.703,66.494,0.834
88.758277,415.297,68.000,0.857
88.769887,418.140,68.118,0.878
88.781497,417.700,68.100,0.887
88.793107,417.077,68.074,0.889
88.804717,416.978,68.070,0.886
88.816327,417.280,68.082,0.888
88.827937,417.923,68.109,0.883
88.839546,418.378,68.128,0.886
88.851156,418.348,68.126,0.890
88.862766,418.914,68.150,0.885
88.874376,424.961,68.398,0.887
88.885986,458.267,69.704,0.892
88.897596,461.419,69.823,0.897
88.909206,463.396,69.897,0.908
88.920816,465.128,69.962,0.912
88.932426,465.974,69.993,0.913
88.944036,467.210,70.039,0.909
88.955646,467.741,70.058,0.905
88.967256,467.755,70.059,0.892
88.978866,467.562,70.052,0.879
88.990476,467.366,70.045,0.865
89.002086,467.345,70.044,0.846
89.013696,467.423,70.047,0.828
89.025306,467.492,70.049,0.797
89.036916,466.830,70.025,0.764
89.048526,465.816,69.987,0.736
89.060136,465.250,69.966,0.721
89.071746,464.527,69.939,0.696
89.083356,464.456,69.936,0.664
89.094966,463.887,69.915,0.610
89.106576,462.431,69.861,0.547
89.118186,460.829,69.801,0.514
89.129796,464.934,69.954,0.500
89.141406,455.287,69.591,0.552
89.153016,441.031,69.041,0.699
89.164626,456.494,69.637,0.769
89.176236,464.914,69.954,0.814
89.187846,474.912,70.322,0.862
89.199456,475.395,70.339,0.903
89.211066,474.096,70.292,0.932
89.222676,472.274,70.225,0.948
89.234286,471.109,70.183,0.957
89.245896,471.135,70.184,0.958
89.257506,471.210,70.186,0.958
89.269116,470.131,70.147,0.955
89.280726,468.167,70.074,0.937
89.292336,466.278,70.004,0.910
89.303946,465.806,69.987,0.878
89.315556,465.346,69.970,0.854
89.327166,465.085,69.960,0.832
89.338776,464.227,69.928,0.800
89.350385,461.700,69.833,0.754
89.361995,459.037,69.733,0.713
89.373605,458.169,69.701,0.710
89.385215,458.103,69.698,0.709
89.396825,314.106,63.165,0.706
89.408435,314.396,63.181,0.702
89.420045,102.252,43.736,0.704
89.431655,102.197,43.726,0.711
89.443265,158.382,51.311,0.714
89.454875,158.223,51.293,0.717
89.466485,279.315,61.133,0.724
89.478095,305.893,62.706,0.730
89.489705,307.144,62.777,0.748
89.501315,312.867,63.097,0.776
89.512925,312.314,63.066,0.792
89.524535,311.724,63.033,0.803
89.536145,310.772,62.980,0.815
89.547755,310.646,62.973,0.824
89.559365,310.708,62.977,0.825
89.570975,310.714,62.977,0.819
89.582585,310.617,62.972,0.809
89.594195,310.339,62.956,0.782
89.605805,310.225,62.950,0.759
89.617415,309.981,62.936,0.727
89.629025,310.630,62.972,0.682
89.640635,311.770,63.036,0.628
89.652245,309.521,62.910,0.573
89.663855,310.017,62.938,0.553
89.675465,311.262,63.008,0.498
89.687075,311.630,63.028,0.468
89.698685,311.389,63.015,0.458
89.710295,309.935,62.934,0.481
89.721905,309.722,62.922,0.505
89.733515,305.890,62.706,0.575
89.745125,304.099,62.604,0.652
89.756735,305.238,62.669,0.728
89.768345,313.309,63.121,0.772
89.779955,317.438,63.348,0.786
89.791565,317.768,63.366,0.806
89.803175,315.864,63.262,0.827
89.814785,314.492,63.186,0.842
89.826395,312.867,63.097,0.852
89.838005,314.260,63.173,0.856
89.849615,318.559,63.409,0.852
89.861224,302.631,62.521,0.853
89.872834,302.527,62.515,0.863
89.884444,302.414,62.508,0.860
89.896054,302.320,62.503,0.852
89.907664,302.953,62.539,0.848
89.919274,305.186,62.666,0.840
89.930884,306.314,62.730,0.834
89.942494,306.738,62.754,0.825
89.954104,307.013,62.770,0.815
89.965714,307.515,62.798,0.804
89.977324,307.716,62.809,0.802
89.988934,307.955,62.823,0.800
90.000544,307.108,62.775,0.791
90.012154,306.166,62.722,0.779
90.023764,305.700,62.695,0.776
90.035374,328.855,63.959,0.796
90.046984,361.471,65.597,0.804
90.058594,413.442,67.922,0.821
90.070204,416.734,68.059,0.835
90.081814,418.304,68.125,0.854
90.093424,418.156,68.118,0.870
90.105034,417.725,68.101,0.881
90.116644,417.370,68.086,0.885
90.128254,417.425,68.088,0.880
90.139864,417.807,68.104,0.876
90.151474,418.068,68.115,0.873
90.163084,417.719,68.100,0.870
90.174694,417.693,68.099,0.856
90.186304,419.281,68.165,0.849
90.197914,422.438,68.295,0.846
90.209524,455.407,69.596,0.844
90.221134,458.994,69.732,0.841
90.232744,462.099,69.848,0.841
90.244354,464.365,69.933,0.835
90.255964,465.882,69.990,0.827
90.267574,466.033,69.995,0.821
90.279184,466.437,70.010,0.813
90.290794,466.702,70.020,0.811
90.302404,466.754,70.022,0.821
90.314014,467.027,70.032,0.835
90.325624,467.641,70.055,0.838
90.337234,468.054,70.070,0.837
90.348844,468.144,70.073,0.843
90.360454,468.269,70.078,0.849
90.372063,467.948,70.066,0.858
90.383673,467.653,70.055,0.861
90.395283,467.359,70.044,0.857
90.406893,466.840,70.025,0.846
90.418503,466.278,70.004,0.840
90.430113,466.023,69.995,0.838
90.441723,466.076,69.997,0.829
90.453333,466.076,69.997,0.825
90.464943,466.108,69.998,0.813
90.476553,466.125,69.999,0.798
90.488163,466.256,70.003,0.782
90.499773,465.624,69.980,0.768
90.511383,464.603,69.942,0.757
90.522993,464.393,69.934,0.744
90.534603,462.365,69.858,0.727
90.546213,460.238,69.779,0.702
90.557823,459.226,69.740,0.677
90.569433,155.363,50.978,0.660
90.581043,155.410,50.983,0.646
90.592653,155.508,50.994,0.625
90.604263,155.455,50.988,0.601
90.615873,155.516,50.995,0.569
90.627483,466.630,70.017,0.562
90.639093,466.494,70.012,0.559
90.650703,466.252,70.003,0.565
90.662313,465.672,69.982,0.564
90.673923,464.711,69.946,0.563
90.685533,464.224,69.928,0.563
90.697143,464.174,69.926,0.558
90.708753,463.738,69.910,0.560
90.720363,463.679,69.907,0.562
90.731973,463.225,69.890,0.576
90.743583,458.780,69.724,0.612
90.755193,458.825,69.725,0.632
90.766803,458.652,69.719,0.667
90.778413,312.698,63.087,0.722
90.790023,312.174,63.058,0.753
90.801633,312.326,63.067,0.769
90.813243,312.077,63.053,0.784
90.824853,311.453,63.018,0.800
90.836463,311.191,63.004,0.804
90.848073,310.914,62.988,0.812
90.859683,310.734,62.978,0.815
90.871293,310.633,62.972,0.805
90.882902,310.646,62.973,0.795
90.894512,310.507,62.965,0.781
90.906122,310.543,62.967,0.764
90.917732,310.845,62.984,0.740
90.929342,310.935,62.989,0.718
90.940952,311.205,63.004,0.685
90.952562,155.722,51.018,0.640
90.964172,155.335,50.975,0.568
90.975782,155.062,50.944,0.495
90.987392,154.749,50.909,0.490
90.999002,154.336,50.863,0.502
91.010612,154.315,50.861,0.533
91.022222,156.026,51.051,0.566
91.033832,156.095,51.059,0.583
91.045442,156.123,51.062,0.602
91.057052,459.012,69.732,0.645
91.068662,421.753,68.267,0.685
91.080272,423.102,68.322,0.724
91.091882,421.934,68.274,0.754
91.103492,419.736,68.184,0.770
91.115102,418.498,68.133,0.779
91.126712,417.889,68.107,0.787
91.138322,417.793,68.103,0.792
91.149932,417.981,68.111,0.787
91.161542,417.517,68.092,0.776
91.173152,416.833,68.064,0.755
91.184762,416.810,68.063,0.727
91.196372,417.167,68.077,0.703
91.207982,417.403,68.087,0.687
91.219592,417.126,68.076,0.677
91.231202,412.945,67.901,0.687
91.242812,435.860,68.836,0.726
91.254422,455.722,69.608,0.758
91.266032,459.783,69.761,0.788
91.277642,464.741,69.947,0.813
91.289252,468.433,70.084,0.831
91.300862,469.807,70.135,0.846
91.312472,469.685,70.130,0.858
91.324082,469.707,70.131,0.861
91.335692,469.952,70.140,0.855
91.347302,470.684,70.167,0.848
91.358912,470.644,70.166,0.848
91.370522,469.654,70.129,0.842
91.382132,468.018,70.069,0.830
91.393741,466.055,69.996,0.814
91.405351,464.020,69.920,0.795
91.416961,462.336,69.857,0.788
91.428571,463.195,69.889,0.783
91.440181,464.179,69.926,0.780
91.451791,465.681,69.982,0.769
91.463401,466.119,69.998,0.772
91.475011,466.418,70.009,0.781
91.486621,467.482,70.049,0.800
91.498231,470.854,70.173,0.815
91.509841,471.936,70.213,0.823
91.521451,471.838,70.209,0.838
91.533061,470.911,70.175,0.845
91.544671,470.184,70.149,0.839
91.556281,469.364,70.118,0.835
91.567891,468.402,70.083,0.836
91.579501,467.091,70.034,0.835
91.591111,465.474,69.974,0.836
91.602721,463.998,69.919,0.834
91.614331,463.295,69.893,0.825
91.625941,463.737,69.910,0.818
91.637551,465.628,69.980,0.827
91.649161,468.375,70.082,0.830
91.660771,471.864,70.210,0.827
91.672381,477.901,70.431,0.817
91.683991,485.124,70.690,0.814
91.695601,489.244,70.837,0.813
91.707211,492.085,70.937,0.809
91.718821,493.887,71.000,0.811
91.730431,495.144,71.044,0.809
91.742041,495.516,71.057,0.804
91.753651,495.282,71.049,0.806
91.765261,494.734,71.030,0.816
91.776871,494.383,71.017,0.821
91.788481,494.242,71.013,0.827
91.800091,494.349,71.016,0.830
91.811701,494.749,71.030,0.834
91.823311,495.616,71.061,0.840
91.834921,496.369,71.087,0.843
91.846531,496.822,71.103,0.846
91.858141,496.908,71.106,0.848
91.869751,496.247,71.083,0.850
91.881361,495.308,71.050,0.848
91.892971,492.915,70.966,0.857
91.904580,491.376,70.912,0.845
91.916190,489.242,70.837,0.830
91.927800,486.436,70.737,0.816
91.939410,480.974,70.541,0.801
91.951020,473.153,70.258,0.799
91.962630,465.623,69.980,0.815
91.974240,180.710,53.594,0.815
91.985850,360.034,65.528,0.801
91.997460,358.952,65.475,0.809
92.009070,357.491,65.405,0.823
92.020680,355.755,65.321,0.838
92.032290,354.139,65.242,0.850
92.043900,351.975,65.136,0.844
92.055510,350.360,65.056,0.830
92.067120,350.211,65.049,0.828
92.078730,349.640,65.020,0.832
92.090340,349.115,64.994,0.836
92.101950,349.318,65.004,0.834
92.113560,391.293,66.969,0.830
92.125170,392.087,67.004,0.827
92.136780,196.502,55.044,0.827
92.148390,391.149,66.963,0.821
92.160000,390.176,66.919,0.819
92.171610,390.865,66.950,0.807
92.183220,391.449,66.976,0.789
92.194830,391.324,66.970,0.770
92.206440,389.800,66.903,0.747
92.218050,387.551,66.803,0.720
92.229660,386.125,66.739,0.728
92.241270,383.241,66.609,0.752
92.252880,375.851,66.272,0.762
92.264490,375.030,66.234,0.790
92.276100,374.141,66.193,0.808
92.287710,372.774,66.130,0.828
92.299320,372.321,66.109,0.838
92.310930,371.121,66.053,0.850
92.322540,369.467,65.975,0.852
92.334150,351.914,65.133,0.844
92.345760,350.167,65.046,0.846
92.357370,349.060,64.992,0.841
92.368980,348.980,64.988,0.841
92.380590,349.114,64.994,0.840
92.392200,349.210,64.999,0.855
92.403810,349.303,65.004,0.858
92.415420,349.279,65.003,0.852
92.427029,349.345,65.006,0.841
92.438639,349.392,65.008,0.824
92.450249,349.289,65.003,0.803
92.461859,348.948,64.986,0.783
92.473469,348.347,64.956,0.756
92.485079,348.305,64.954,0.723
92.496689,347.357,64.907,0.695
92.508299,818.713,79.750,0.684
92.519909,810.524,79.576,0.691
92.531519,351.170,65.096,0.741
92.543129,351.517,65.113,0.793
92.554739,352.254,65.149,0.822
92.566349,352.072,65.140,0.844
92.577959,351.430,65.109,0.855
92.589569,351.526,65.114,0.857
92.601179,350.920,65.084,0.857
92.612789,350.573,65.067,0.856
92.624399,350.559,65.066,0.840
92.636009,350.278,65.052,0.809
92.647619,349.416,65.009,0.780
92.659229,349.141,64.996,0.748
92.670839,349.732,65.025,0.705
92.682449,349.758,65.026,0.677
92.694059,358.740,65.465,0.695
92.705669,355.971,65.331,0.743
92.717279,357.127,65.387,0.801
92.728889,357.460,65.403,0.830
92.740499,357.226,65.392,0.847
92.752109,356.801,65.371,0.855
92.763719,356.334,65.349,0.860
92.775329,355.837,65.325,0.870
92.786939,355.398,65.303,0.873
92.798549,354.488,65.259,0.863
92.810159,351.444,65.110,0.838
92.821769,349.071,64.992,0.830
92.833379,346.055,64.842,0.828
92.844989,344.230,64.750,0.823
92.856599,342.394,64.658,0.828
92.868209,338.638,64.467,0.826
92.879819,334.636,64.261,0.818
92.891429,330.927,64.068,0.816
92.903039,316.331,63.287,0.822
92.914649,313.043,63.106,0.819
92.926259,311.696,63.032,0.823
92.937868,311.180,63.003,0.833
92.949478,310.775,62.980,0.837
92.961088,310.704,62.976,0.842
92.972698,310.676,62.975,0.851
92.984308,310.942,62.990,0.864
92.995918,311.070,62.997,0.870
93.007528,311.277,63.008,0.874
93.019138,311.515,63.022,0.871
93.030748,311.642,63.029,0.862
93.042358,311.728,63.033,0.848
93.053968,311.843,63.040,0.831
93.065578,312.003,63.049,0.813
93.077188,312.240,63.062,0.783
93.088798,312.290,63.065,0.744
93.100408,311.424,63.017,0.695
93.112018,309.527,62.911,0.629
93.123628,309.582,62.914,0.592
93.135238,310.794,62.981,0.585
93.146848,310.389,62.959,0.581
93.158458,310.919,62.988,0.583
93.170068,313.376,63.125,0.592
93.181678,315.208,63.226,0.597
93.193288,316.408,63.291,0.598
93.204898,316.418,63.292,0.604
93.216508,317.405,63.346,0.604
93.228118,317.757,63.365,0.597
93.239728,318.657,63.414,0.587
93.251338,319.924,63.483,0.578
93.262948,320.226,63.499,0.565
93.274558,318.459,63.403,0.558
93.286168,317.734,63.364,0.554
93.297778,318.387,63.399,0.547
93.309388,317.756,63.365,0.543
93.320998,232.573,57.962,0.550
93.332608,232.400,57.949,0.558
93.344218,232.360,57.946,0.565
93.355828,232.224,57.936,0.570
93.367438,232.624,57.966,0.593
93.379048,331.018,64.073,0.673
93.390658,331.474,64.097,0.696
93.402268,337.508,64.409,0.731
93.413878,367.413,65.879,0.763
93.425488,413.762,67.936,0.812
93.437098,416.000,68.029,0.844
93.448707,415.965,68.027,0.862
93.460317,415.878,68.024,0.869
93.471927,416.037,68.031,0.866
93.483537,416.036,68.030,0.873
93.495147,416.583,68.053,0.877
93.506757,417.254,68.081,0.875
93.518367,418.384,68.128,0.863
93.529977,419.827,68.188,0.856
93.541587,422.181,68.284,0.845
93.553197,423.819,68.351,0.843
93.564807,426.012,68.441,0.841
93.576417,909.483,81.571,0.840
93.588027,458.203,69.702,0.833
93.599637,461.096,69.811,0.832
93.611247,463.573,69.903,0.827
93.622857,465.551,69.977,0.821
93.634467,466.496,70.012,0.833
93.646077,467.212,70.039,0.839
93.657687,467.567,70.052,0.845
93.669297,467.703,70.057,0.849
93.680907,467.853,70.063,0.843
93.692517,468.074,70.071,0.833
93.704127,468.478,70.086,0.835
93.715737,468.613,70.091,0.831
93.727347,468.729,70.095,0.828
93.738957,468.782,70.097,0.829
93.750567,468.736,70.095,0.831
93.762177,468.381,70.082,0.828
93.773787,467.816,70.061,0.842
93.785397,467.391,70.046,0.851
93.797007,467.011,70.031,0.842
93.808617,467.005,70.031,0.835
93.820227,155.476,50.990,0.826
93.831837,155.115,50.950,0.817
93.843447,154.483,50.879,0.803
93.855057,153.835,50.807,0.791
93.866667,153.449,50.763,0.793
93.878277,463.620,69.905,0.806
93.889887,465.054,69.959,0.825
93.901497,465.870,69.989,0.832
93.913107,466.324,70.006,0.836
93.924717,466.333,70.006,0.837
93.936327,466.354,70.007,0.843
93.947937,466.382,70.008,0.852
93.959546,467.292,70.042,0.840
93.971156,467.345,70.044,0.824
93.982766,467.190,70.038,0.802
93.994376,466.544,70.014,0.791
94.005986,465.794,69.986,0.775
94.017596,465.507,69.976,0.768
94.029206,464.382,69.934,0.758
94.040816,462.614,69.868,0.730
94.052426,456.807,69.649,0.731
94.064036,387.039,66.780,0.778
94.075646,372.781,66.130,0.819
94.087256,317.779,63.366,0.842
94.098866,313.335,63.122,0.850
94.110476,310.225,62.950,0.851
94.122086,307.355,62.789,0.861
94.133696,305.899,62.707,0.867
94.145306,303.492,62.570,0.876
94.156916,304.037,62.601,0.873
94.168526,308.417,62.849,0.865
94.180136,309.186,62.892,0.856
94.191746,309.547,62.912,0.861
94.203356,310.049,62.940,0.870
94.214966,310.287,62.953,0.866
94.226576,310.528,62.967,0.865
94.238186,310.581,62.970,0.860
94.249796,310.575,62.969,0.848
94.261406,310.526,62.966,0.837
94.273016,310.672,62.975,0.836
94.284626,310.708,62.977,0.834
94.296236,310.710,62.977,0.825
94.307846,310.696,62.976,0.817
94.319456,310.709,62.977,0.807
94.331066,310.945,62.990,0.796
94.342676,312.309,63.066,0.789
94.354286,313.398,63.126,0.785
94.365896,314.009,63.160,0.775
94.377506,314.157,63.168,0.761
94.389116,314.115,63.165,0.758
94.400726,313.695,63.142,0.776
94.412336,312.082,63.053,0.800
94.423946,311.175,63.003,0.806
94.435556,311.839,63.040,0.805
94.447166,312.282,63.064,0.810
94.458776,314.661,63.196,0.813
94.470385,315.761,63.256,0.818
94.481995,315.958,63.267,0.826
94.493605,315.673,63.251,0.827
94.505215,314.839,63.205,0.815
94.516825,314.159,63.168,0.811
94.528435,313.257,63.118,0.813
94.540045,311.957,63.046,0.810
94.551655,309.811,62.927,0.809
94.563265,308.866,62.874,0.809
94.574875,307.942,62.822,0.804
94.586485,307.666,62.806,0.790
94.598095,307.830,62.816,0.781
94.609705,308.527,62.855,0.780
94.621315,310.679,62.975,0.776
94.632925,311.664,63.030,0.771
94.644535,312.814,63.094,0.760
94.656145,314.665,63.196,0.759
94.667755,315.831,63.260,0.752
94.679365,315.454,63.239,0.749
94.690975,315.273,63.229,0.750
94.702585,313.874,63.152,0.747
94.714195,312.646,63.084,0.752
94.725805,1002.273,83.252,0.791
94.737415,1002.273,83.252,0.817
94.749025,1002.273,83.252,0.835
94.760635,1002.273,83.252,0.853
94.772245,214.662,56.575,0.869
94.783855,214.432,56.556,0.888
94.795465,214.177,56.536,0.896
94.807075,213.710,56.498,0.903
94.818685,425.591,68.424,0.898
94.830295,424.139,68.364,0.899
94.841905,424.014,68.359,0.897
94.853515,424.863,68.394,0.896
94.865125,425.040,68.401,0.895
94.876735,428.457,68.540,0.887
94.888345,434.966,68.801,0.886
94.899955,455.138,69.586,0.885
94.911565,461.036,69.809,0.881
94.923175,464.241,69.928,0.876
94.934785,465.108,69.961,0.871
94.946395,466.684,70.019,0.861
94.958005,467.394,70.046,0.849
94.969615,467.120,70.035,0.843
94.981224,466.774,70.023,0.835
94.992834,466.266,70.004,0.821
95.004444,466.042,69.995,0.811
95.016054,466.169,70.000,0.802
95.027664,466.557,70.015,0.796
95.039274,467.510,70.050,0.797
95.050884,468.310,70.080,0.796
95.062494,468.743,70.096,0.792
95.074104,469.034,70.106,0.793
95.085714,469.176,70.112,0.802
95.097324,469.134,70.110,0.808
95.108934,469.047,70.107,0.806
95.120544,468.970,70.104,0.807
95.132154,468.414,70.083,0.814
95.143764,467.607,70.053,0.821
95.155374,466.662,70.018,0.833
95.166984,466.061,69.996,0.835
95.178594,465.628,69.980,0.831
95.190204,465.235,69.965,0.829
95.201814,465.082,69.960,0.827
95.213424,464.809,69.950,0.823
95.225034,464.976,69.956,0.812
95.236644,465.699,69.983,0.801
95.248254,466.391,70.008,0.788
95.259864,466.465,70.011,0.788
95.271474,466.422,70.010,0.791
95.283084,466.348,70.007,0.789
95.294694,465.944,69.992,0.792
95.306304,465.509,69.976,0.796
95.317914,465.091,69.960,0.806
95.329524,465.048,69.959,0.824
95.341134,465.566,69.978,0.839
95.352744,466.020,69.995,0.856
95.364354,466.324,70.006,0.872
95.375964,466.597,70.016,0.877
95.387574,466.825,70.025,0.881
95.399184,466.871,70.026,0.880
95.410794,467.064,70.033,0.873
95.422404,467.012,70.031,0.858
95.434014,466.852,70.026,0.841
95.445624,466.615,70.017,0.813
95.457234,466.041,69.995,0.775
95.468844,464.586,69.941,0.781
95.480454,232.765,57.976,0.798
95.492063,362.929,65.666,0.820
95.503673,361.609,65.603,0.826
95.515283,359.612,65.507,0.837
95.526893,356.692,65.366,0.854
95.538503,354.459,65.257,0.877
95.550113,353.031,65.187,0.900
95.561723,352.106,65.142,0.911
95.573333,351.907,65.132,0.910
95.584943,352.381,65.156,0.908
95.596553,352.280,65.151,0.909
95.608163,352.789,65.176,0.908
95.619773,354.824,65.275,0.906
95.631383,1002.273,83.252,0.897
95.642993,1002.273,83.252,0.884
95.654603,388.657,66.852,0.868
95.666213,390.123,66.917,0.863
95.677823,391.380,66.973,0.856
95.689433,392.129,67.006,0.856
95.701043,392.695,67.031,0.855
95.712653,392.719,67.032,0.840
95.724263,392.213,67.010,0.832
95.735873,391.965,66.999,0.833
95.747483,392.386,67.017,0.825
95.759093,393.314,67.058,0.812
95.770703,394.167,67.096,0.800
95.782313,394.375,67.105,0.792
95.793923,391.992,67.000,0.786
95.805533,390.643,66.940,0.795
95.817143,383.341,66.613,0.798
95.828753,366.827,65.851,0.792
95.840363,357.924,65.426,0.804
95.851973,353.883,65.229,0.823
95.863583,350.451,65.061,0.838
95.875193,348.992,64.988,0.848
95.886803,348.408,64.959,0.853
95.898413,347.434,64.911,0.853
95.910023,346.952,64.887,0.843
95.921633,347.443,64.911,0.838
95.933243,348.604,64.969,0.834
95.944853,350.165,65.046,0.829
95.956463,351.068,65.091,0.820
95.968073,351.720,65.123,0.809
95.979683,351.959,65.135,0.794
95.991293,351.863,65.130,0.788
96.002902,351.699,65.122,0.790
96.014512,351.270,65.101,0.776
96.026122,351.050,65.090,0.750
96.037732,350.074,65.042,0.713
96.049342,350.715,65.074,0.697
96.060952,309.338,62.900,0.722
96.072562,309.404,62.904,0.797
96.084172,309.883,62.931,0.831
96.095782,310.245,62.951,0.852
96.107392,310.566,62.969,0.864
96.119002,310.681,62.975,0.872
96.130612,310.763,62.980,0.880
96.142222,311.096,62.998,0.882
96.153832,311.635,63.028,0.877
96.165442,311.657,63.029,0.850
96.177052,311.370,63.013,0.828
96.188662,155.502,50.993,0.814
96.200272,155.483,50.991,0.808
96.211882,155.493,50.992,0.799
96.223492,155.527,50.996,0.788
96.235102,311.731,63.034,0.779
96.246712,156.047,51.054,0.765
96.258322,311.850,63.040,0.750
96.269932,311.593,63.026,0.732
96.281542,311.465,63.019,0.711
96.293152,87.526,41.043,0.693
96.304762,361.489,65.597,0.694
96.316372,361.413,65.594,0.694
96.327982,361.445,65.595,0.683
96.339592,361.575,65.601,0.674
96.351202,361.765,65.611,0.678
96.362812,362.438,65.643,0.710
96.374422,363.210,65.680,0.740
96.386032,367.041,65.861,0.760
96.397642,370.276,66.013,0.775
96.409252,371.973,66.092,0.803
96.420862,372.616,66.122,0.826
96.432472,373.109,66.145,0.848
96.444082,374.486,66.209,0.862
96.455692,377.208,66.334,0.874
96.467302,380.009,66.462,0.877
96.478912,382.395,66.571,0.883
96.490522,387.868,66.817,0.896
96.502132,397.514,67.242,0.898
96.513741,403.978,67.521,0.900
96.525351,408.690,67.722,0.901
96.536961,411.944,67.859,0.901
96.548571,414.676,67.974,0.894
96.560181,415.845,68.023,0.893
96.571791,416.745,68.060,0.889
96.583401,416.443,68.047,0.882
96.595011,415.884,68.024,0.883
96.606621,415.284,67.999,0.882
96.618231,414.885,67.982,0.876
96.629841,414.731,67.976,0.861
96.641451,414.388,67.962,0.859
96.653061,414.053,67.948,0.861
96.664671,412.521,67.884,0.859
96.676281,408.795,67.726,0.862
96.687891,403.378,67.496,0.863
96.699501,398.253,67.274,0.866
96.711111,396.386,67.193,0.869
96.722721,395.911,67.172,0.873
96.734331,394.453,67.108,0.863
96.745941,393.775,67.078,0.852
96.757551,393.269,67.056,0.842
96.769161,392.865,67.038,0.821
96.780771,392.907,67.040,0.793
96.792381,392.689,67.031,0.764
96.803991,392.204,67.009,0.747
96.815601,392.400,67.018,0.754
96.827211,393.340,67.059,0.782
96.838821,393.406,67.062,0.803
96.850431,392.848,67.038,0.823
96.862041,391.603,66.983,0.837
96.873651,389.865,66.906,0.848
96.885261,388.908,66.863,0.856
96.896871,387.552,66.803,0.857
96.908481,384.851,66.682,0.862
96.920091,378.953,66.414,0.858
96.931701,373.007,66.140,0.859
96.943311,348.686,64.973,0.856
96.954921,347.984,64.938,0.855
96.966531,347.384,64.908,0.855
96.978141,347.200,64.899,0.858
96.989751,347.321,64.905,0.868
97.001361,348.572,64.967,0.870
97.012971,349.757,65.026,0.872
97.024580,350.131,65.045,0.869
97.036190,350.268,65.051,0.858
97.047800,350.151,65.046,0.848
97.059410,349.548,65.016,0.840
97.071020,348.801,64.979,0.827
97.082630,347.686,64.923,0.810
97.094240,346.016,64.840,0.794
97.105850,316.619,63.303,0.789
97.117460,312.656,63.085,0.784
97.129070,312.546,63.079,0.795
97.140680,312.178,63.058,0.804
97.152290,311.967,63.047,0.810
97.163900,311.840,63.040,0.817
97.175510,311.797,63.037,0.822
97.187120,311.642,63.029,0.828
97.198730,310.834,62.984,0.826
97.210340,309.664,62.918,0.819
97.221950,308.287,62.841,0.807
97.233560,307.485,62.796,0.801
97.245170,310.083,62.942,0.818
97.256780,311.670,63.030,0.848
97.268390,312.492,63.076,0.866
97.280000,313.317,63.121,0.876
97.291610,313.867,63.152,0.885
97.303220,314.123,63.166,0.894
97.314830,314.034,63.161,0.906
97.326440,313.611,63.138,0.916
97.338050,313.138,63.112,0.917
97.349660,312.448,63.073,0.909
97.361270,311.770,63.036,0.902
97.372880,311.161,63.002,0.900
97.384490,310.567,62.969,0.897
97.396100,310.135,62.945,0.895
97.407710,310.125,62.944,0.893
97.419320,310.547,62.968,0.889
97.430930,311.195,63.004,0.880
97.442540,311.995,63.048,0.871
97.454150,312.548,63.079,0.866
97.465760,313.092,63.109,0.855
97.477370,313.427,63.127,0.849
97.488980,313.886,63.153,0.843
97.500590,314.474,63.185,0.836
97.512200,314.190,63.170,0.842
97.523810,856.098,80.523,0.844
97.535420,873.997,80.881,0.848
97.547029,892.156,81.238,0.847
97.558639,903.903,81.464,0.863
97.570249,918.503,81.741,0.877
97.581859,926.314,81.888,0.888
97.593469,930.058,81.958,0.899
97.605079,466.074,69.997,0.897
97.616689,465.990,69.994,0.902
97.628299,466.459,70.011,0.907
97.639909,467.169,70.037,0.919
97.651519,469.521,70.124,0.927
97.663129,472.673,70.240,0.936
97.674739,478.615,70.456,0.941
97.686349,967.708,82.645,0.941
97.697959,975.660,82.786,0.943
97.709569,978.640,82.839,0.942
97.721179,516.082,71.761,0.940
97.732789,521.194,71.932,0.934
97.744399,523.996,72.025,0.921
97.756009,525.909,72.088,0.904
97.767619,525.829,72.085,0.897
97.779229,525.326,72.069,0.904
97.790839,525.241,72.066,0.916
97.802449,525.511,72.075,0.928
97.814059,525.458,72.073,0.935
97.825669,525.253,72.066,0.933
97.837279,525.273,72.067,0.930
97.848889,525.208,72.065,0.922
97.860499,524.840,72.052,0.917
97.872109,523.655,72.013,0.900
97.883719,521.103,71.929,0.875
97.895329,516.346,71.770,0.840
97.906939,512.195,71.630,0.804
97.918549,512.071,71.626,0.792
97.930159,511.096,71.593,0.787
97.941769,132.499,48.222,0.785
97.953379,132.587,48.233,0.756
97.964989,154.366,50.866,0.738
97.976599,154.755,50.910,0.720
97.988209,132.143,48.175,0.698
97.999819,132.204,48.183,0.670
98.011429,131.986,48.155,0.644
98.023039,132.122,48.172,0.619
98.034649,104.644,44.136,0.609
98.046259,104.801,44.162,0.621
98.057868,104.833,44.167,0.640
98.069478,104.807,44.163,0.652
98.081088,104.728,44.150,0.662
98.092698,954.945,82.415,0.741
98.104308,949.063,82.308,0.779
98.115918,945.739,82.247,0.809
98.127528,940.125,82.144,0.858
98.139138,935.435,82.058,0.886
98.150748,933.868,82.029,0.909
98.162358,934.389,82.038,0.929
98.173968,933.749,82.026,0.942
98.185578,466.558,70.015,0.943
98.197188,465.834,69.988,0.946
98.208798,465.475,69.974,0.952
98.220408,466.852,70.026,0.951
98.232018,468.793,70.097,0.953
98.243628,470.771,70.170,0.955
98.255238,473.703,70.278,0.948
98.266848,479.172,70.476,0.944
98.278458,488.577,70.813,0.946
98.290068,503.453,71.332,0.946
98.301678,512.970,71.656,0.943
98.313288,520.390,71.905,0.936
98.324898,523.232,71.999,0.927
98.336508,525.177,72.064,0.910
98.348118,525.555,72.076,0.901
98.359728,525.416,72.071,0.899
98.371338,524.751,72.050,0.897
98.382948,524.162,72.030,0.892
98.394558,523.662,72.014,0.884
98.406168,523.476,72.007,0.872
98.417778,523.401,72.005,0.867
98.429388,523.527,72.009,0.865
98.440998,523.442,72.006,0.862
98.452608,522.480,71.974,0.855
98.464218,521.360,71.937,0.833
98.475828,519.774,71.885,0.811
98.487438,518.039,71.827,0.791
98.499048,516.175,71.764,0.771
98.510658,516.070,71.761,0.739
98.522268,515.423,71.739,0.717
98.533878,516.235,71.766,0.699
98.545488,518.335,71.837,0.669
98.557098,518.583,71.845,0.648
98.568707,517.536,71.810,0.663
98.580317,481.323,70.554,0.745
98.591927,478.514,70.453,0.788
98.603537,479.533,70.490,0.828
98.615147,480.641,70.529,0.846
98.626757,480.963,70.541,0.874
98.638367,480.192,70.513,0.892
98.649977,478.805,70.463,0.906
98.661587,477.649,70.421,0.912
98.673197,476.604,70.383,0.907
98.684807,475.850,70.356,0.905
98.696417,475.365,70.338,0.898
98.708027,475.005,70.325,0.901
98.719637,474.075,70.291,0.889
98.731247,473.285,70.262,0.882
98.742857,478.228,70.442,0.878
98.754467,499.941,71.211,0.883
98.766077,508.827,71.516,0.883
98.777687,513.843,71.686,0.878
98.789297,518.230,71.833,0.877
98.800907,522.246,71.967,0.878
98.812517,523.743,72.016,0.886
98.824127,524.316,72.035,0.882
98.835737,524.696,72.048,0.873
98.847347,525.117,72.062,0.863
98.858957,525.124,72.062,0.854
98.870567,525.143,72.062,0.867
98.882177,524.466,72.040,0.868
98.893787,524.095,72.028,0.863
98.905397,524.042,72.026,0.857
98.917007,524.321,72.035,0.864
98.928617,524.718,72.048,0.872
98.940227,525.054,72.060,0.879
98.951837,525.310,72.068,0.883
98.963447,525.232,72.065,0.873
98.975057,525.344,72.069,0.862
98.986667,525.354,72.069,0.845
98.998277,525.493,72.074,0.826
99.009887,525.859,72.086,0.803
99.021497,525.738,72.082,0.775
99.033107,525.110,72.061,0.742
99.044717,523.806,72.018,0.697
99.056327,523.508,72.008,0.622
99.067937,524.522,72.042,0.569
99.079546,525.089,72.061,0.564
99.091156,525.688,72.080,0.557
99.102766,526.036,72.092,0.550
99.114376,525.878,72.087,0.546
99.125986,525.675,72.080,0.545
99.137596,526.159,72.096,0.574
99.149206,526.438,72.105,0.661
99.160816,525.125,72.062,0.778
99.172426,525.772,72.083,0.832
99.184036,526.630,72.111,0.877
99.195646,526.916,72.121,0.906
99.207256,527.034,72.125,0.928
99.218866,526.769,72.116,0.949
99.230476,526.260,72.099,0.964
99.242086,525.572,72.077,0.973
99.253696,525.484,72.074,0.966
99.265306,524.928,72.055,0.960
99.276916,524.186,72.031,0.949
99.288526,523.478,72.007,0.938
99.300136,522.830,71.986,0.918
99.311746,522.417,71.972,0.891
99.323356,522.356,71.970,0.859
99.334966,522.619,71.979,0.822
99.346576,522.994,71.992,0.787
99.358186,522.945,71.990,0.744
99.369796,522.485,71.975,0.683
99.381406,522.783,71.984,0.612
99.393016,524.080,72.027,0.609
99.404626,524.446,72.040,0.615
99.416236,524.165,72.030,0.626
99.427846,522.488,71.975,0.641
99.439456,523.882,72.021,0.658
99.451066,523.906,72.022,0.666
99.462676,523.243,72.000,0.677
99.474286,349.729,65.025,0.756
99.485896,354.836,65.276,0.817
99.497506,354.714,65.270,0.857
99.509116,354.103,65.240,0.878
99.520726,353.593,65.215,0.893
99.532336,352.973,65.185,0.910
99.543946,352.616,65.167,0.924
99.555556,352.374,65.155,0.932
99.567166,352.374,65.155,0.926
99.578776,351.497,65.112,0.912
99.590385,350.916,65.083,0.899
99.601995,351.052,65.090,0.892
99.613605,351.771,65.126,0.882
99.625215,377.922,66.367,0.869
99.636825,379.839,66.455,0.858
99.648435,387.258,66.789,0.857
99.660045,391.375,66.973,0.858
99.671655,392.402,67.018,0.861
99.683265,392.719,67.032,0.865
99.694875,393.395,67.062,0.868
99.706485,393.764,67.078,0.877
99.718095,393.198,67.053,0.883
99.729705,392.316,67.014,0.886
99.741315,390.951,66.954,0.891
99.752925,391.342,66.971,0.897
99.764535,392.835,67.037,0.903
99.776145,393.507,67.067,0.904
99.787755,394.114,67.093,0.905
99.799365,394.422,67.107,0.898
99.810975,394.556,67.113,0.892
99.822585,394.204,67.097,0.892
99.834195,393.832,67.081,0.887
99.845805,393.300,67.058,0.882
99.857415,392.338,67.015,0.872
99.869025,391.547,66.980,0.867
99.880635,390.767,66.946,0.860
99.892245,390.143,66.918,0.864
99.903855,389.193,66.876,0.866
99.915465,388.367,66.839,0.858
99.927075,387.820,66.815,0.850
99.938685,386.572,66.759,0.850
99.950295,384.386,66.661,0.857
99.961905,359.003,65.478,0.863
99.973515,356.002,65.333,0.870
99.985125,353.310,65.201,0.871
99.996735,351.484,65.111,0.870
100.008345,350.403,65.058,0.873
100.019955,349.295,65.003,0.879
100.031565,348.251,64.951,0.883
100.043175,347.294,64.904,0.884
100.054785,346.874,64.883,0.882
100.066395,346.742,64.876,0.884
100.078005,347.392,64.909,0.888
100.089615,348.333,64.956,0.893
100.101224,349.416,65.009,0.895
100.112834,350.708,65.073,0.898
100.124444,351.463,65.110,0.896
100.136054,351.758,65.125,0.895
100.147664,351.623,65.118,0.894
100.159274,351.087,65.092,0.893
100.170884,350.160,65.046,0.889
100.182494,349.266,65.002,0.888
100.194104,348.781,64.978,0.890
100.205714,348.637,64.971,0.890
100.217324,349.052,64.991,0.891
100.228934,350.106,65.043,0.888
100.240544,351.341,65.104,0.881
100.252154,351.776,65.126,0.878
100.263764,351.583,65.116,0.876
100.275374,351.246,65.100,0.872
100.286984,350.726,65.074,0.867
100.298594,349.876,65.032,0.859
100.310204,348.943,64.986,0.845
100.321814,348.011,64.940,0.840
100.333424,347.189,64.899,0.850
100.345034,346.915,64.885,0.857
100.356644,346.942,64.886,0.858
100.368254,348.116,64.945,0.853
100.379864,349.093,64.993,0.854
100.391474,351.331,65.104,0.853
100.403084,369.034,65.955,0.857
100.414694,370.771,66.036,0.854
100.426304,371.953,66.091,0.839
100.437914,372.965,66.138,0.817
100.449524,373.171,66.148,0.797
100.461134,744.114,78.096,0.785
100.472744,746.189,78.144,0.760
100.484354,749.466,78.220,0.733
100.495964,373.401,66.159,0.704
100.507574,86.560,40.851,0.683
100.519184,374.734,66.220,0.664
100.530794,375.355,66.249,0.666
100.542404,377.091,66.329,0.683
100.554014,116.284,45.962,0.703
100.565624,374.309,66.201,0.723
100.577234,347.489,64.914,0.738
100.588844,349.008,64.989,0.750
100.600454,350.069,65.042,0.756
100.612063,350.589,65.067,0.757
100.623673,349.598,65.018,0.753
100.635283,350.539,65.065,0.744
100.646893,351.345,65.105,0.731
100.658503,352.849,65.179,0.711
100.670113,352.669,65.170,0.691
100.681723,351.418,65.108,0.660
100.693333,349.017,64.990,0.625
100.704943,350.271,65.052,0.595
100.716553,351.907,65.132,0.573
100.728163,355.047,65.286,0.596
100.739773,354.855,65.277,0.630
100.751383,118.521,46.292,0.643
100.762993,117.182,46.095,0.652
100.774603,353.045,65.188,0.697
100.786213,352.750,65.174,0.770
100.797823,354.584,65.263,0.812
100.809433,354.544,65.262,0.837
100.821043,351.878,65.131,0.856
100.832653,350.682,65.072,0.870
100.844263,348.994,64.988,0.884
100.855873,347.312,64.905,0.898
100.867483,346.975,64.888,0.896
100.879093,346.490,64.864,0.890
100.890703,346.111,64.845,0.893
100.902313,345.909,64.835,0.897
100.913923,345.997,64.839,0.899
100.925533,346.703,64.874,0.902
100.937143,347.836,64.931,0.905
100.948753,348.703,64.974,0.908
100.960363,348.839,64.981,0.921
100.971973,348.919,64.985,0.927
100.983583,348.899,64.984,0.923
100.995193,348.544,64.966,0.918
101.006803,348.075,64.943,0.910
101.018413,347.969,64.937,0.905
101.030023,348.062,64.942,0.898
101.041633,347.864,64.932,0.890
101.053243,347.942,64.936,0.875
101.064853,347.865,64.932,0.853
101.076463,347.490,64.914,0.838
101.088073,347.629,64.921,0.829
101.099683,347.796,64.929,0.820
101.111293,346.408,64.860,0.810
101.122902,334.190,64.238,0.801
101.134512,332.195,64.134,0.794
101.146122,331.491,64.098,0.796
101.157732,330.706,64.057,0.806
101.169342,330.261,64.033,0.814
101.180952,330.026,64.021,0.824
101.192562,330.043,64.022,0.835
101.204172,330.069,64.023,0.843
101.215782,330.097,64.025,0.853
101.227392,330.243,64.032,0.859
101.239002,330.481,64.045,0.867
101.250612,330.598,64.051,0.868
101.262222,330.739,64.058,0.859
101.273832,330.902,64.067,0.846
101.285442,331.183,64.082,0.828
101.297052,331.423,64.094,0.806
101.308662,331.655,64.106,0.777
101.320272,331.855,64.117,0.743
101.331882,330.667,64.054,0.704
101.343492,330.220,64.031,0.672
101.355102,330.122,64.026,0.693
101.366712,320.820,63.531,0.746
101.378322,320.491,63.513,0.776
101.389932,320.304,63.503,0.783
101.401542,320.195,63.497,0.787
101.413152,320.300,63.503,0.788
101.424762,322.731,63.634,0.782
101.436372,322.169,63.604,0.772
101.447982,316.721,63.309,0.751
101.459592,319.895,63.481,0.694
101.471202,344.593,64.769,0.652
101.482812,341.389,64.607,0.645
101.494422,349.319,65.005,0.652
101.506032,349.581,65.018,0.660
101.517642,349.474,65.012,0.712
101.529252,348.772,64.977,0.777
101.540862,349.408,65.009,0.821
101.552472,350.423,65.059,0.849
101.564082,351.336,65.104,0.866
101.575692,351.875,65.131,0.881
101.587302,351.932,65.134,0.897
101.598912,351.721,65.123,0.906
101.610522,351.617,65.118,0.907
101.622132,351.620,65.118,0.898
101.633741,351.325,65.104,0.886
101.645351,350.883,65.082,0.877
101.656961,350.397,65.058,0.868
101.668571,350.170,65.047,0.861
101.680181,349.940,65.035,0.851
101.691791,349.840,65.030,0.849
101.703401,349.914,65.034,0.847
101.715011,350.097,65.043,0.846
101.726621,349.985,65.037,0.846
101.738231,349.680,65.022,0.845
101.749841,349.559,65.016,0.843
101.761451,349.408,65.009,0.838
101.773061,349.360,65.007,0.834
101.784671,349.285,65.003,0.835
101.796281,349.109,64.994,0.841
101.807891,348.762,64.977,0.840
101.819501,349.050,64.991,0.845
101.831111,351.559,65.115,0.848
101.842721,350.968,65.086,0.853
101.854331,398.359,67.279,0.856
101.865941,398.978,67.306,0.857
101.877551,398.351,67.278,0.856
101.889161,398.031,67.265,0.845
101.900771,397.062,67.222,0.842
101.912381,397.019,67.220,0.833
101.923991,395.598,67.158,0.829
101.935601,392.669,67.030,0.827
101.947211,391.572,66.981,0.830
101.958821,391.477,66.977,0.829
101.970431,391.860,66.994,0.827
101.982041,393.277,67.057,0.827
101.993651,395.215,67.142,0.826
102.005261,396.409,67.194,0.829
102.016871,396.420,67.194,0.829
102.028481,396.768,67.210,0.826
102.040091,396.060,67.179,0.823
102.051701,394.330,67.103,0.821
102.063311,392.372,67.017,0.820
102.074921,391.026,66.957,0.822
102.086531,390.416,66.930,0.824
102.098141,390.341,66.927,0.821
102.109751,391.220,66.966,0.815
102.121361,392.071,67.003,0.813
102.132971,393.283,67.057,0.809
102.144580,394.169,67.096,0.802
102.156190,394.983,67.131,0.798
102.167800,395.756,67.165,0.797
102.179410,396.347,67.191,0.785
102.191020,395.516,67.155,0.771
102.202630,349.473,65.012,0.761
102.214240,348.622,64.970,0.748
102.225850,347.192,64.899,0.737
102.237460,315.828,63.260,0.738
102.249070,347.021,64.890,0.736
102.260680,346.603,64.869,0.732
102.272290,348.342,64.956,0.755
102.283900,350.931,65.084,0.780
102.295510,353.332,65.202,0.801
102.307120,354.247,65.247,0.812
102.318730,353.693,65.220,0.835
102.330340,352.930,65.183,0.847
102.341950,352.881,65.180,0.853
102.353560,354.082,65.239,0.857
102.365170,355.156,65.291,0.864
102.376780,355.997,65.332,0.876
102.388390,356.002,65.333,0.876
102.400000,356.244,65.344,0.881
102.411610,384.183,66.651,0.881
102.423220,386.808,66.769,0.885
102.434830,388.879,66.862,0.894
102.446440,390.376,66.928,0.900
102.458050,391.022,66.957,0.900
102.469660,392.069,67.003,0.896
102.481270,392.412,67.018,0.899
102.492880,392.701,67.031,0.902
102.504490,392.723,67.032,0.901
102.516100,392.646,67.029,0.898
102.527710,392.485,67.022,0.891
102.539320,392.326,67.015,0.888
102.550930,392.247,67.011,0.887
102.562540,392.279,67.013,0.885
102.574150,392.237,67.011,0.884
102.585760,392.022,67.001,0.884
102.597370,391.869,66.994,0.885
102.608980,391.779,66.990,0.885
102.620590,391.689,66.986,0.889
102.632200,391.550,66.980,0.889
102.643810,391.427,66.975,0.888
102.655420,391.441,66.975,0.886
102.667029,391.522,66.979,0.882
102.678639,391.762,66.990,0.877
102.690249,391.836,66.993,0.873
102.701859,391.848,66.993,0.872
102.713469,391.933,66.997,0.870
102.725079,391.917,66.997,0.871
102.736689,391.872,66.995,0.872
102.748299,391.795,66.991,0.874
102.759909,391.697,66.987,0.874
102.771519,391.826,66.993,0.875
102.783129,391.842,66.993,0.874
102.794739,391.958,66.998,0.873
102.806349,391.989,67.000,0.872
102.817959,392.047,67.002,0.866
102.829569,392.137,67.006,0.859
102.841179,392.190,67.009,0.850
102.852789,392.136,67.006,0.845
102.864399,391.833,66.993,0.841
102.876009,391.380,66.973,0.841
102.887619,390.861,66.950,0.839
102.899229,390.336,66.927,0.840
102.910839,389.726,66.899,0.846
102.922449,389.269,66.879,0.858
102.934059,389.082,66.871,0.871
102.945669,389.072,66.870,0.879
102.957279,389.194,66.876,0.878
102.968889,389.509,66.890,0.875
102.980499,389.859,66.905,0.870
102.992109,390.094,66.916,0.858
103.003719,390.370,66.928,0.844
103.015329,390.844,66.949,0.818
103.026939,391.256,66.967,0.784
103.038549,391.464,66.977,0.741
103.050159,391.406,66.974,0.712
103.061769,391.574,66.981,0.682
103.073379,388.527,66.846,0.662
103.084989,388.961,66.865,0.667
103.096599,196.899,55.079,0.665
103.108209,197.006,55.089,0.681
103.119819,390.563,66.937,0.703
103.131429,393.432,67.063,0.745
103.143039,414.110,67.950,0.785
103.154649,417.219,68.080,0.817
103.166259,418.142,68.118,0.829
103.177868,418.704,68.141,0.840
103.189478,418.744,68.143,0.852
103.201088,418.405,68.129,0.861
103.212698,418.195,68.120,0.870
103.224308,418.302,68.125,0.878
103.235918,418.440,68.130,0.884
103.247528,417.214,68.079,0.890
103.259138,416.375,68.045,0.898
103.270748,415.608,68.013,0.905
103.282358,415.261,67.998,0.909
103.293968,415.010,67.988,0.915
103.305578,414.966,67.986,0.919
103.317188,414.980,67.986,0.920
103.328798,415.069,67.990,0.919
103.340408,415.126,67.993,0.921
103.352018,415.144,67.993,0.924
103.363628,415.278,67.999,0.931
103.375238,415.394,68.004,0.934
103.386848,415.511,68.009,0.934
103.398458,415.547,68.010,0.931
103.410068,415.533,68.010,0.926
103.421678,415.561,68.011,0.919
103.433288,415.472,68.007,0.905
103.444898,415.600,68.012,0.893
103.456508,415.564,68.011,0.877
103.468118,415.404,68.004,0.868
103.479728,415.192,67.995,0.865
103.491338,414.964,67.986,0.867
103.502948,414.952,67.985,0.871
103.514558,414.982,67.987,0.877
103.526168,415.115,67.992,0.887
103.537778,415.350,68.002,0.898
103.549388,415.771,68.019,0.906
103.560998,416.273,68.040,0.910
103.572608,416.934,68.068,0.917
103.584218,417.506,68.092,0.921
103.595828,417.767,68.102,0.919
103.607438,418.002,68.112,0.914
103.619048,417.894,68.108,0.906
103.630658,417.308,68.083,0.897
103.642268,416.088,68.033,0.895
103.653878,414.597,67.970,0.898
103.665488,412.960,67.902,0.896
103.677098,411.404,67.837,0.888
103.688707,410.701,67.807,0.888
103.700317,410.604,67.803,0.889
103.711927,410.961,67.818,0.891
103.723537,412.380,67.878,0.890
103.735147,414.681,67.974,0.884
103.746757,416.618,68.055,0.883
103.758367,417.471,68.090,0.883
103.769977,417.242,68.081,0.881
103.781587,416.688,68.058,0.877
103.793197,415.275,67.999,0.880
103.804807,413.485,67.924,0.880
103.816417,411.647,67.847,0.877
103.828027,410.614,67.803,0.872
103.839637,409.782,67.768,0.856
103.851247,409.355,67.750,0.837
103.862857,409.875,67.772,0.827
103.874467,410.733,67.808,0.823
103.886077,411.961,67.860,0.813
103.897687,414.427,67.963,0.807
103.909297,415.921,68.026,0.812
103.920907,417.295,68.083,0.813
103.932517,416.865,68.065,0.803
103.944127,417.033,68.072,0.797
103.955737,417.500,68.091,0.794
103.967347,139.537,49.118,0.790
103.978957,139.353,49.095,0.790
103.990567,206.105,55.871,0.787
104.002177,417.346,68.085,0.772
104.013787,416.872,68.065,0.761
104.025397,416.976,68.070,0.762
104.037007,416.414,68.046,0.766
104.048617,415.872,68.024,0.768
104.060227,415.664,68.015,0.760
104.071837,415.391,68.004,0.737
104.083447,415.596,68.012,0.709
104.095057,414.867,67.982,0.695
104.106667,415.074,67.990,0.677
104.118277,415.072,67.990,0.660
104.129887,415.593,68.012,0.630
104.141497,422.092,68.281,0.679
104.153107,283.157,61.369,0.738
104.164717,284.833,61.471,0.781
104.176327,316.684,63.306,0.857
104.187937,316.632,63.304,0.888
104.199546,316.008,63.269,0.914
104.211156,315.921,63.265,0.934
104.222766,315.657,63.250,0.950
104.234376,315.999,63.269,0.947
104.245986,315.827,63.260,0.939
104.257596,314.593,63.192,0.929
104.269206,312.435,63.073,0.896
104.280816,310.904,62.988,0.871
104.292426,307.521,62.798,0.837
104.304036,307.868,62.818,0.829
104.315646,309.289,62.897,0.833
104.327256,309.493,62.909,0.854
104.338866,309.601,62.915,0.880
104.350476,309.542,62.912,0.898
104.362086,309.475,62.908,0.915
104.373696,310.127,62.944,0.931
104.385306,310.364,62.958,0.942
104.396916,310.546,62.968,0.942
104.408526,310.697,62.976,0.935
104.420136,310.688,62.976,0.927
104.431746,310.791,62.981,0.915
104.443356,310.880,62.986,0.920
104.454966,311.169,63.002,0.924
104.466576,311.099,62.998,0.923
104.478186,310.853,62.985,0.926
104.489796,310.543,62.967,0.927
104.501406,310.358,62.957,0.932
104.513016,310.531,62.967,0.949
104.524626,310.601,62.971,0.965
104.536236,310.504,62.965,0.966
104.547846,310.118,62.944,0.957
104.559456,310.362,62.957,0.947
104.571066,309.419,62.905,0.935
104.582676,306.544,62.743,0.920
104.594286,306.922,62.764,0.908
104.605896,317.883,63.372,0.891
104.617506,334.728,64.266,0.875
104.629116,338.014,64.435,0.866
104.640726,340.169,64.545,0.874
104.652336,347.483,64.913,0.889
104.663946,347.231,64.901,0.899
104.675556,347.944,64.936,0.909
104.687166,348.231,64.951,0.924
104.698776,349.216,64.999,0.928
104.710385,350.262,65.051,0.931
104.721995,351.532,65.114,0.933
104.733605,356.885,65.375,0.932
104.745215,376.940,66.322,0.936
104.756825,384.062,66.646,0.943
104.768435,387.467,66.799,0.955
104.780045,389.438,66.887,0.957
104.791655,390.372,66.928,0.965
104.803265,390.466,66.932,0.967
104.814875,389.854,66.905,0.969
104.826485,389.159,66.874,0.966
104.838095,388.585,66.849,0.956
104.849705,388.115,66.828,0.940
104.861315,387.245,66.789,0.915
104.872925,385.600,66.715,0.888
104.884535,381.113,66.513,0.858
104.896145,366.361,65.829,0.863
104.907755,321.098,63.546,0.865
104.919365,314.988,63.214,0.879
104.930975,313.344,63.123,0.901
104.942585,312.802,63.093,0.920
104.954195,312.356,63.068,0.939
104.965805,312.148,63.057,0.954
104.977415,311.749,63.035,0.961
104.989025,310.969,62.991,0.945
105.000635,310.663,62.974,0.926
105.012245,310.358,62.957,0.905
105.023855,310.178,62.947,0.876
105.035465,310.283,62.953,0.848
105.047075,312.977,63.103,0.870
105.058685,314.235,63.172,0.885
105.070295,314.645,63.195,0.893
105.081905,313.968,63.157,0.912
105.093515,313.520,63.133,0.932
105.105125,312.681,63.086,0.942
105.116735,311.648,63.029,0.949
105.128345,310.897,62.987,0.957
105.139955,155.833,51.030,0.933
105.151565,155.749,51.021,0.905
105.163175,155.708,51.016,0.883
105.174785,155.372,50.979,0.864
105.186395,294.146,62.028,0.870
105.198005,157.274,51.189,0.898
105.209615,157.223,51.184,0.927
105.221224,156.627,51.118,0.943
105.232834,156.457,51.099,0.964
105.244444,155.963,51.044,0.976
105.256054,311.811,63.038,0.990
105.267664,311.498,63.021,0.996
105.279274,311.009,62.993,0.996
105.290884,310.410,62.960,0.989
105.302494,310.475,62.964,0.984
105.314104,310.874,62.986,0.968
105.325714,311.156,63.002,0.963
105.337324,311.283,63.009,0.969
105.348934,311.548,63.023,0.968
105.360544,313.224,63.116,0.970
105.372154,313.798,63.148,0.967
105.383764,313.627,63.139,0.968
105.395374,312.658,63.085,0.962
105.406984,311.671,63.030,0.977
105.418594,311.212,63.005,0.976
105.430204,311.010,62.994,0.975
105.441814,310.550,62.968,0.974
105.453424,310.010,62.938,0.973
105.465034,310.113,62.943,0.972
105.476644,310.411,62.960,0.973
105.488254,310.923,62.989,0.977
105.499864,311.283,63.009,0.976
105.511474,311.627,63.028,0.973
105.523084,311.795,63.037,0.970
105.534694,311.894,63.043,0.961
105.546304,311.741,63.034,0.946
105.557914,311.450,63.018,0.929
105.569524,311.112,62.999,0.908
105.581134,310.284,62.953,0.875
105.592744,310.037,62.939,0.833
105.604354,309.103,62.887,0.788
105.615964,309.690,62.920,0.689
105.627574,392.034,67.002,0.758
105.639184,382.265,66.565,0.842
105.650794,386.143,66.740,0.871
105.662404,387.895,66.818,0.888
105.674014,389.687,66.898,0.905
105.685624,389.962,66.910,0.920
105.697234,389.129,66.873,0.931
105.708844,387.581,66.804,0.944
105.720454,386.680,66.764,0.936
105.732063,387.499,66.800,0.910
105.743673,387.771,66.812,0.905
105.755283,390.967,66.955,0.909
105.766893,394.155,67.095,0.910
105.778503,399.257,67.318,0.909
105.790113,407.225,67.660,0.916
105.801723,412.936,67.901,0.917
105.813333,415.688,68.016,0.917
105.824943,416.417,68.046,0.921
105.836553,416.968,68.069,0.921
105.848163,417.113,68.075,0.917
105.859773,416.666,68.057,0.915
105.871383,415.767,68.019,0.913
105.882993,414.123,67.951,0.906
105.894603,412.155,67.868,0.899
105.906213,410.060,67.780,0.899
105.917823,407.609,67.676,0.909
105.929433,405.186,67.573,0.912
105.941043,396.596,67.202,0.911
105.952653,385.147,66.695,0.909
105.964263,373.450,66.161,0.908
105.975873,368.134,65.913,0.906
105.987483,363.983,65.716,0.905
105.999093,358.483,65.453,0.900
106.010703,356.492,65.356,0.886
106.022313,355.138,65.291,0.873
106.033923,353.945,65.232,0.861
106.045533,352.881,65.180,0.853
106.057143,352.031,65.138,0.849
106.068753,352.755,65.174,0.846
106.080363,356.766,65.370,0.844
106.091973,385.241,66.699,0.834
106.103583,390.548,66.936,0.826
106.115193,390.986,66.955,0.823
106.126803,391.365,66.972,0.825
106.138413,391.991,67.000,0.825
106.150023,393.111,67.049,0.833
106.161633,393.137,67.050,0.844
106.173243,391.716,66.988,0.847
106.184853,388.429,66.842,0.842
106.196463,386.982,66.777,0.839
106.208073,387.357,66.794,0.838
106.219683,387.446,66.798,0.832
106.231293,387.245,66.789,0.842
106.242902,388.525,66.846,0.840
106.254512,391.931,66.997,0.828
106.266122,394.674,67.118,0.822
106.277732,394.705,67.119,0.836
106.289342,394.995,67.132,0.852
106.300952,395.180,67.140,0.871
106.312562,393.685,67.074,0.886
106.324172,393.048,67.046,0.889
106.335782,351.301,65.102,0.895
106.347392,352.046,65.139,0.905
106.359002,352.719,65.172,0.915
106.370612,351.829,65.128,0.915
106.382222,350.907,65.083,0.905
106.393832,350.503,65.063,0.888
106.405442,350.847,65.080,0.869
106.417052,351.374,65.106,0.846
106.428662,352.339,65.154,0.815
106.440272,354.137,65.242,0.769
106.451882,391.055,66.958,0.695
106.463492,403.628,67.506,0.597
106.475102,407.779,67.683,0.564
106.486712,412.411,67.879,0.575
106.498322,425.393,68.416,0.638
106.509932,356.748,65.369,0.717
106.521542,348.441,64.961,0.793
106.533152,312.614,63.083,0.844
106.544762,313.518,63.133,0.875
106.556372,312.158,63.057,0.889
106.567982,312.305,63.065,0.900
106.579592,312.377,63.069,0.905
106.591202,314.128,63.166,0.914
106.602812,312.788,63.092,0.915
106.614422,312.339,63.067,0.909
106.626032,311.573,63.025,0.900
106.637642,313.354,63.123,0.899
106.649252,314.871,63.207,0.904
106.660862,316.091,63.274,0.905
106.672472,316.953,63.321,0.920
106.684082,316.394,63.291,0.924
106.695692,315.817,63.259,0.927
106.707302,314.865,63.207,0.927
106.718912,313.712,63.143,0.926
106.730522,312.289,63.065,0.922
106.742132,311.679,63.031,0.922
106.753741,310.884,62.986,0.924
106.765351,310.144,62.945,0.918
106.776961,309.731,62.922,0.913
106.788571,309.850,62.929,0.912
106.800181,310.380,62.958,0.909
106.811791,311.423,63.016,0.907
106.823401,313.290,63.120,0.909
106.835011,313.734,63.144,0.908
106.846621,314.093,63.164,0.905
106.858231,314.360,63.179,0.898
106.869841,314.527,63.188,0.893
106.881451,314.263,63.174,0.883
106.893061,313.344,63.123,0.872
106.904671,312.574,63.080,0.859
106.916281,310.680,62.975,0.838
106.927891,308.927,62.877,0.819
106.939501,307.364,62.789,0.802
106.951111,307.202,62.780,0.785
106.962721,306.754,62.755,0.757
106.974331,306.470,62.739,0.738
106.985941,305.882,62.706,0.717
106.997551,329.493,63.993,0.699
107.009161,159.567,51.440,0.679
107.020771,307.956,62.823,0.650
107.032381,308.892,62.875,0.624
107.043991,103.641,43.969,0.594
107.055601,104.097,44.045,0.584
107.067211,104.166,44.057,0.573
107.078821,104.184,44.060,0.565
107.090431,316.029,63.271,0.561
107.102041,313.046,63.106,0.545
107.113651,313.412,63.127,0.544
107.125261,313.240,63.117,0.544
107.136871,312.518,63.077,0.543
107.148481,310.975,62.992,0.545
107.160091,311.026,62.994,0.560
107.171701,310.284,62.953,0.565
107.183311,310.222,62.950,0.569
107.194921,310.335,62.956,0.571
107.206531,310.640,62.973,0.574
107.218141,311.657,63.029,0.572
107.229751,311.403,63.015,0.571
107.241361,312.681,63.086,0.568
107.252971,314.384,63.180,0.567
107.264580,314.741,63.200,0.581
107.276190,314.519,63.188,0.592
107.287800,315.214,63.226,0.605
107.299410,314.861,63.207,0.611
107.311020,314.655,63.195,0.614
107.322630,314.354,63.179,0.620
107.334240,314.141,63.167,0.621
107.345850,313.720,63.144,0.614
107.357460,312.848,63.096,0.601
107.369070,313.054,63.107,0.584
107.380680,312.947,63.101,0.566
107.392290,313.492,63.131,0.549
107.403900,314.014,63.160,0.535
107.415510,314.356,63.179,0.523
107.427120,314.689,63.197,0.523
107.438730,314.369,63.179,0.523
107.450340,314.403,63.181,0.525
107.461950,314.149,63.167,0.524
107.473560,313.517,63.132,0.526
107.485170,312.576,63.080,0.525
107.496780,311.811,63.038,0.516
107.508390,311.983,63.048,0.505
107.520000,312.626,63.083,0.481
107.531610,315.206,63.225,0.455
107.543220,319.171,63.442,0.428
107.554830,319.778,63.475,0.393
107.566440,320.583,63.518,0.351
107.578050,321.914,63.590,0.312
107.589660,322.959,63.646,0.283
107.601270,322.139,63.602,0.257
107.612880,320.491,63.513,0.248
107.624490,317.086,63.328,0.240
107.636100,315.138,63.222,0.236
107.647710,314.616,63.193,0.227
107.659320,314.210,63.171,0.237
107.670930,313.670,63.141,0.231
107.682540,314.378,63.180,0.244
107.694150,313.101,63.110,0.240
107.705760,312.888,63.098,0.241
107.717370,313.581,63.136,0.254
107.728980,314.701,63.198,0.255
107.740590,315.169,63.223,0.257
107.752200,316.055,63.272,0.263
107.763810,316.369,63.289,0.259
107.775420,316.960,63.322,0.251
107.787029,316.859,63.316,0.246
107.798639,318.356,63.398,0.242
107.810249,318.373,63.399,0.221
107.821859,316.422,63.292,0.207
107.833469,317.265,63.338,0.212
107.845079,318.392,63.400,0.216
107.856689,315.959,63.267,0.246
107.868299,315.688,63.252,0.271
107.879909,315.564,63.245,0.288
107.891519,315.297,63.230,0.299
107.903129,315.559,63.245,0.303
107.914739,315.254,63.228,0.300
107.926349,315.624,63.248,0.293
107.937959,314.927,63.210,0.273
107.949569,315.238,63.227,0.247
107.961179,314.599,63.192,0.209
107.972789,156.415,51.094,0.174
107.984399,314.728,63.199,0.145
107.996009,314.552,63.190,0.121
108.007619,313.898,63.154,0.111
108.019229,313.028,63.105,0.105
108.030839,311.993,63.048,0.109
108.042449,312.095,63.054,0.104
108.054059,312.067,63.052,0.097
108.065669,311.841,63.040,0.089
108.077279,310.996,62.993,0.078
108.088889,310.277,62.953,0.070
108.100499,310.086,62.942,0.067
108.112109,309.754,62.923,0.056
108.123719,103.415,43.931,0.040
108.135329,309.975,62.936,0.025
108.146939,309.367,62.902,0.009
108.158549,,,0.000
108.170159,,,0.000
108.181769,,,0.000
108.193379,,,0.000
108.204989,,,0.000
108.216599,,,0.000
108.228209,,,0.000
108.239819,,,0.000
108.251429,,,0.000
108.263039,,,0.000
108.274649,,,0.000
108.286259,,,0.000
108.297868,,,0.000
108.309478,,,0.000
108.321088,,,0.000
108.332698,,,0.000
108.344308,,,0.000
108.355918,,,0.000
108.367528,,,0.000
108.379138,,,0.000
108.390748,,,0.000
108.402358,,,0.000
108.413968,,,0.000
108.425578,,,0.000
108.437188,,,0.000
108.448798,,,0.000
108.460408,,,0.000
108.472018,,,0.000
108.483628,,,0.000
108.495238,,,0.000
108.506848,,,0.000
108.518458,,,0.000
108.530068,,,0.000
108.541678,,,0.000
108.553288,,,0.000
108.564898,,,0.000
108.576508,,,0.000
108.588118,,,0.000
108.599728,,,0.000
108.611338,,,0.000
108.622948,,,0.000
108.634558,,,0.000
108.646168,,,0.000
108.657778,,,0.000
108.669388,,,0.000
108.680998,,,0.000
108.692608,,,0.000
108.704218,,,0.000
108.715828,,,0.000
108.727438,,,0.000
108.739048,,,0.000
108.750658,,,0.000
108.762268,,,0.000
108.773878,,,0.000
108.785488,,,0.000
108.797098,,,0.000
108.808707,,,0.000
108.820317,,,0.000
108.831927,,,0.000
108.843537,,,0.000
108.855147,,,0.000
108.866757,,,0.000
108.878367,,,0.000
108.889977,,,0.000
108.901587,,,0.000
108.913197,,,0.000
108.924807,,,0.000
108.936417,,,0.000
108.948027,,,0.000
108.959637,,,0.000
108.971247,,,0.000
108.982857,,,0.000
108.994467,,,0.000
109.006077,,,0.000
109.017687,,,0.000
109.029297,,,0.000
109.040907,,,0.000
109.052517,,,0.000
109.064127,,,0.000
109.075737,,,0.000
109.087347,,,0.000
109.098957,,,0.000
109.110567,,,0.000
109.122177,,,0.000
109.133787,,,0.000
109.145397,,,0.000
109.157007,,,0.000
109.168617,,,0.000
109.180227,,,0.000
109.191837,,,0.000
109.203447,,,0.000
109.215057,,,0.000
109.226667,,,0.000
109.238277,,,0.000
109.249887,,,0.000
109.261497,,,0.000
109.273107,,,0.000
109.284717,,,0.000
109.296327,,,0.000
109.307937,,,0.000
109.319546,,,0.000
109.331156,,,0.000
109.342766,,,0.000
109.354376,,,0.000
109.365986,,,0.000
109.377596,,,0.000
109.389206,,,0.000
109.400816,,,0.000
109.412426,,,0.000
109.424036,,,0.000
109.435646,,,0.000
109.447256,,,0.000
109.458866,,,0.000
109.470476,,,0.000
109.482086,,,0.000
109.493696,,,0.000
109.505306,,,0.000
109.516916,,,0.000
109.528526,,,0.000
109.540136,,,0.000
109.551746,,,0.000
109.563356,,,0.000
109.574966,,,0.000
109.586576,,,0.000
109.598186,,,0.000
109.609796,,,0.000
109.621406,,,0.000
109.633016,,,0.000
109.644626,,,0.000
109.656236,,,0.000
109.667846,,,0.000
109.679456,,,0.000
