time_sec,f0_hz,midi,confidence
0.000000,930.298,81.962,0.488
0.011610,927.847,81.917,0.499
0.023220,925.822,81.879,0.511
0.034830,926.536,81.892,0.517
0.046440,927.306,81.907,0.522
0.058050,915.307,81.681,0.458
0.069660,910.865,81.597,0.437
0.081270,923.207,81.830,0.411
0.092880,923.062,81.827,0.387
0.104490,934.693,82.044,0.365
0.116100,944.248,82.220,0.328
0.127710,944.442,82.224,0.309
0.139320,944.617,82.227,0.289
0.150930,955.440,82.424,0.271
0.162540,961.754,82.538,0.260
0.174150,959.918,82.505,0.241
0.185760,965.879,82.612,0.226
0.197370,962.977,82.560,0.208
0.208980,965.099,82.598,0.192
0.220590,973.509,82.748,0.170
0.232200,976.332,82.798,0.146
0.243810,977.188,82.814,0.117
0.255420,977.016,82.811,0.091
0.267029,1002.273,83.252,0.046
0.278639,,,0.000
0.290249,,,0.000
0.301859,,,0.000
0.313469,,,0.000
0.325079,,,0.000
0.336689,,,0.000
0.348299,,,0.000
0.359909,,,0.000
0.371519,,,0.000
0.383129,,,0.000
0.394739,,,0.000
0.406349,835.075,80.093,0.068
0.417959,93.051,42.103,0.200
0.429569,446.838,69.267,0.330
0.441179,241.864,58.640,0.411
0.452789,241.473,58.612,0.463
0.464399,223.794,57.296,0.529
0.476009,223.016,57.236,0.583
0.487619,221.766,57.138,0.637
0.499229,220.189,57.015,0.673
0.510839,219.134,56.932,0.701
0.522449,218.614,56.891,0.724
0.534059,218.761,56.902,0.747
0.545669,219.226,56.939,0.770
0.557279,218.641,56.893,0.782
0.568889,217.955,56.838,0.789
0.580499,217.225,56.780,0.791
0.592109,216.760,56.743,0.790
0.603719,967.731,82.645,0.787
0.615329,965.759,82.610,0.779
0.626939,961.616,82.535,0.767
0.638549,212.680,56.414,0.749
0.650159,950.941,82.342,0.739
0.661769,951.586,82.354,0.737
0.673379,953.275,82.385,0.732
0.684989,952.522,82.371,0.728
0.696599,952.620,82.373,0.720
0.708209,950.057,82.326,0.718
0.719819,947.227,82.274,0.710
0.731429,944.084,82.217,0.704
0.743039,937.766,82.101,0.685
0.754649,931.625,81.987,0.652
0.766259,919.365,81.758,0.619
0.777868,908.193,81.546,0.585
0.789478,896.055,81.313,0.562
0.801088,887.453,81.146,0.525
0.812698,883.839,81.075,0.502
0.824308,874.979,80.901,0.472
0.835918,863.613,80.675,0.453
0.847528,861.794,80.638,0.439
0.859138,851.586,80.432,0.411
0.870748,854.937,80.500,0.388
0.882358,847.450,80.347,0.374
0.893968,840.833,80.212,0.361
0.905578,835.175,80.095,0.342
0.917188,833.146,80.053,0.332
0.928798,826.074,79.905,0.308
0.940408,827.422,79.933,0.301
0.952018,822.487,79.830,0.291
0.963628,822.820,79.837,0.276
0.975238,828.641,79.959,0.256
0.986848,822.042,79.821,0.241
0.998458,817.282,79.720,0.219
1.010068,811.547,79.598,0.197
1.021678,822.949,79.840,0.166
1.033288,825.624,79.896,0.295
1.044898,827.355,79.932,0.292
1.056508,827.755,79.940,0.292
1.068118,857.119,80.544,0.597
1.079728,847.784,80.354,0.653
1.091338,845.298,80.303,0.694
1.102948,839.789,80.190,0.725
1.114558,838.592,80.166,0.754
1.126168,841.152,80.218,0.759
1.137778,841.615,80.228,0.760
1.149388,841.375,80.223,0.769
1.160998,834.958,80.090,0.749
1.172608,110.160,45.025,0.740
1.184218,220.103,57.008,0.732
1.195828,219.018,56.923,0.716
1.207438,218.722,56.899,0.689
1.219048,218.798,56.905,0.684
1.230658,218.845,56.909,0.685
1.242268,219.064,56.926,0.672
1.253878,219.230,56.939,0.651
1.265488,219.596,56.968,0.625
1.277098,220.967,57.076,0.587
1.288707,222.428,57.190,0.551
1.300317,224.201,57.327,0.564
1.311927,836.067,80.113,0.608
1.323537,813.154,79.632,0.653
1.335147,796.084,79.265,0.700
1.346757,791.935,79.175,0.727
1.358367,788.347,79.096,0.740
1.369977,782.547,78.968,0.753
1.381587,777.122,78.848,0.763
1.393197,767.120,78.623,0.763
1.404807,759.114,78.442,0.755
1.416417,756.655,78.386,0.743
1.428027,746.894,78.161,0.717
1.439637,728.354,77.726,0.691
1.451247,348.236,64.951,0.674
1.462857,137.435,48.855,0.650
1.474467,136.015,48.675,0.629
1.486077,266.952,60.349,0.605
1.497687,206.656,55.917,0.582
1.509297,203.528,55.653,0.552
1.520907,202.292,55.547,0.524
1.532517,201.353,55.467,0.500
1.544127,200.887,55.427,0.481
1.555737,938.301,82.111,0.442
1.567347,921.153,81.791,0.403
1.578957,894.788,81.289,0.357
1.590567,388.819,66.859,0.324
1.602177,123.703,47.033,0.300
1.613787,123.745,47.038,0.276
1.625397,123.822,47.049,0.246
1.637007,525.568,72.076,0.227
1.648617,226.249,57.485,0.191
1.660227,541.647,72.598,0.173
1.671837,226.809,57.528,0.147
1.683447,881.282,81.025,0.091
1.695057,913.277,81.643,0.068
1.706667,545.374,72.717,0.029
1.718277,,,0.000
1.729887,,,0.000
1.741497,568.155,73.425,0.058
1.753107,564.328,73.308,0.100
1.764717,564.485,73.313,0.126
1.776327,470.690,70.167,0.178
1.787937,705.504,77.174,0.219
1.799546,945.767,82.248,0.268
1.811156,941.525,82.170,0.286
1.822766,926.702,81.895,0.307
1.834376,935.839,82.065,0.316
1.845986,946.221,82.256,0.324
1.857596,81.315,39.769,0.329
1.869206,81.279,39.761,0.323
1.880816,81.248,39.755,0.317
1.892426,263.148,60.100,0.296
1.904036,80.543,39.604,0.288
1.915646,1002.273,83.252,0.261
1.927256,1002.273,83.252,0.236
1.938866,1002.273,83.252,0.215
1.950476,123.012,46.936,0.191
1.962086,584.593,73.919,0.174
1.973696,590.591,74.096,0.146
1.985306,609.607,74.645,0.113
1.996916,138.164,48.946,0.068
2.008526,91.451,41.803,0.047
2.020136,138.077,48.936,0.029
2.031746,,,0.000
2.043356,,,0.000
2.054966,,,0.000
2.066576,,,0.000
2.078186,,,0.000
2.089796,,,0.000
2.101406,,,0.000
2.113016,,,0.000
2.124626,,,0.000
2.136236,,,0.000
2.147846,,,0.000
2.159456,,,0.000
2.171066,,,0.000
2.182676,,,0.000
2.194286,,,0.000
2.205896,,,0.000
2.217506,,,0.000
2.229116,,,0.000
2.240726,,,0.000
2.252336,,,0.000
2.263946,,,0.000
2.275556,,,0.000
2.287166,,,0.000
2.298776,,,0.000
2.310385,,,0.000
2.321995,,,0.000
2.333605,217.532,56.805,0.220
2.345215,158.338,51.306,0.494
2.356825,242.663,58.697,0.535
2.368435,240.623,58.551,0.571
2.380045,240.523,58.544,0.579
2.391655,240.569,58.547,0.584
2.403265,240.580,58.548,0.587
2.414875,240.631,58.552,0.590
2.426485,240.529,58.545,0.588
2.438095,239.272,58.454,0.529
2.449705,217.071,56.768,0.539
2.461315,217.363,56.791,0.578
2.472925,216.605,56.731,0.619
2.484535,216.391,56.714,0.635
2.496145,216.368,56.712,0.634
2.507755,216.374,56.712,0.634
2.519365,216.374,56.712,0.649
2.530975,216.510,56.723,0.662
2.542585,214.683,56.576,0.675
2.554195,942.662,82.191,0.658
2.565805,208.181,56.044,0.641
2.577415,207.963,56.026,0.633
2.589025,207.936,56.024,0.633
2.600635,207.853,56.017,0.632
2.612245,208.067,56.035,0.611
2.623855,207.990,56.028,0.586
2.635465,207.785,56.011,0.513
2.647075,208.005,56.029,0.456
2.658685,208.379,56.061,0.371
2.670295,858.051,80.563,0.286
2.681905,105.003,44.195,0.336
2.693515,102.258,43.737,0.386
2.705125,105.421,44.264,0.435
2.716735,919.527,81.761,0.484
2.728345,916.115,81.696,0.512
2.739955,906.697,81.517,0.553
2.751565,902.164,81.431,0.590
2.763175,902.095,81.429,0.606
2.774785,902.940,81.446,0.620
2.786395,897.398,81.339,0.639
2.798005,890.753,81.210,0.647
2.809615,204.800,55.761,0.666
2.821224,204.829,55.763,0.671
2.832834,205.039,55.781,0.665
2.844444,205.237,55.797,0.656
2.856054,205.338,55.806,0.652
2.867664,205.196,55.794,0.642
2.879274,205.217,55.796,0.626
2.890884,205.192,55.794,0.619
2.902494,205.038,55.781,0.578
2.914104,221.485,57.116,0.556
2.925714,221.704,57.134,0.539
2.937324,221.472,57.115,0.520
2.948934,222.483,57.194,0.497
2.960544,222.924,57.229,0.481
2.972154,223.169,57.248,0.454
2.983764,527.495,72.140,0.410
2.995374,528.922,72.187,0.387
3.006984,531.998,72.287,0.372
3.018594,527.945,72.155,0.353
3.030204,531.254,72.263,0.312
3.041814,802.557,79.405,0.286
3.053424,797.620,79.298,0.266
3.065034,529.335,72.200,0.231
3.076644,524.448,72.040,0.194
3.088254,795.388,79.250,0.147
3.099864,775.461,78.811,0.050
3.111474,,,0.000
3.123084,,,0.000
3.134694,,,0.000
3.146304,,,0.000
3.157914,,,0.000
3.169524,,,0.000
3.181134,,,0.000
3.192744,,,0.000
3.204354,,,0.000
3.215964,,,0.000
3.227574,,,0.000
3.239184,,,0.000
3.250794,,,0.000
3.262404,,,0.000
3.274014,,,0.000
3.285624,,,0.000
3.297234,,,0.000
3.308844,,,0.000
3.320454,,,0.000
3.332063,,,0.000
3.343673,,,0.000
3.355283,,,0.000
3.366893,,,0.000
3.378503,,,0.000
3.390113,,,0.000
3.401723,,,0.000
3.413333,,,0.000
3.424943,,,0.000
3.436553,,,0.000
3.448163,,,0.000
3.459773,,,0.000
3.471383,,,0.000
3.482993,,,0.000
3.494603,,,0.000
3.506213,,,0.000
3.517823,,,0.000
3.529433,,,0.000
3.541043,,,0.000
3.552653,,,0.000
3.564263,,,0.000
3.575873,,,0.000
3.587483,,,0.000
3.599093,,,0.000
3.610703,,,0.000
3.622313,,,0.000
3.633923,,,0.000
3.645533,,,0.000
3.657143,,,0.000
3.668753,,,0.000
3.680363,,,0.000
3.691973,,,0.000
3.703583,,,0.000
3.715193,,,0.000
3.726803,,,0.000
3.738413,,,0.000
3.750023,,,0.000
3.761633,,,0.000
3.773243,697.964,76.988,0.492
3.784853,653.412,75.846,0.582
3.796463,636.428,75.390,0.618
3.808073,210.573,56.242,0.654
3.819683,209.729,56.172,0.666
3.831293,209.259,56.133,0.674
3.842902,208.973,56.110,0.680
3.854512,208.590,56.078,0.685
3.866122,615.203,74.803,0.658
3.877732,205.757,55.841,0.622
3.889342,202.750,55.586,0.599
3.900952,198.921,55.256,0.560
3.912562,196.342,55.030,0.579
3.924172,210.442,56.231,0.619
3.935782,208.366,56.059,0.642
3.947392,206.414,55.896,0.672
3.959002,205.077,55.784,0.693
3.970612,204.425,55.729,0.710
3.982222,203.588,55.658,0.721
3.993832,203.056,55.612,0.726
4.005442,202.387,55.555,0.721
4.017052,201.172,55.451,0.705
4.028662,200.300,55.376,0.692
4.040272,199.365,55.295,0.667
4.051882,198.450,55.215,0.643
4.063492,197.557,55.137,0.615
4.075102,196.932,55.082,0.585
4.086712,197.153,55.102,0.566
4.098322,197.810,55.159,0.572
4.109932,196.759,55.067,0.630
4.121542,195.660,54.970,0.662
4.133152,195.834,54.986,0.687
4.144762,195.973,54.998,0.709
4.156372,196.096,55.009,0.723
4.167982,195.812,54.984,0.731
4.179592,195.548,54.960,0.736
4.191202,195.407,54.948,0.737
4.202812,903.898,81.464,0.717
4.214422,929.445,81.946,0.701
4.226032,943.216,82.201,0.681
4.237642,951.710,82.356,0.658
4.249252,957.440,82.460,0.633
4.260862,974.303,82.762,0.610
4.272472,103.622,43.966,0.594
4.284082,339.091,64.490,0.573
4.295692,172.739,52.813,0.556
4.307302,799.665,79.343,0.524
4.318912,805.190,79.462,0.509
4.330522,804.928,79.456,0.477
4.342132,804.885,79.455,0.456
4.353741,808.277,79.528,0.439
4.365351,805.717,79.473,0.405
4.376961,227.889,57.610,0.353
4.388571,752.154,78.282,0.297
4.400181,749.283,78.216,0.254
4.411791,182.101,53.727,0.188
4.423401,181.596,53.679,0.135
4.435011,162.017,51.704,0.075
4.446621,,,0.000
4.458231,,,0.000
4.469841,,,0.000
4.481451,,,0.000
4.493061,,,0.000
4.504671,,,0.000
4.516281,,,0.000
4.527891,,,0.000
4.539501,,,0.000
4.551111,,,0.000
4.562721,,,0.000
4.574331,,,0.000
4.585941,,,0.000
4.597551,,,0.000
4.609161,,,0.000
4.620771,,,0.000
4.632381,,,0.000
4.643991,,,0.000
4.655601,,,0.000
4.667211,,,0.000
4.678821,,,0.000
4.690431,,,0.000
4.702041,,,0.000
4.713651,,,0.000
4.725261,,,0.000
4.736871,,,0.000
4.748481,,,0.000
4.760091,,,0.000
4.771701,,,0.000
4.783311,,,0.000
4.794921,,,0.000
4.806531,,,0.000
4.818141,,,0.000
4.829751,,,0.000
4.841361,,,0.000
4.852971,,,0.000
4.864580,,,0.000
4.876190,,,0.000
4.887800,,,0.000
4.899410,,,0.000
4.911020,,,0.000
4.922630,,,0.000
4.934240,,,0.000
4.945850,,,0.000
4.957460,,,0.000
4.969070,,,0.000
4.980680,,,0.000
4.992290,,,0.000
5.003900,,,0.000
5.015510,,,0.000
5.027120,,,0.000
5.038730,,,0.000
5.050340,,,0.000
5.061950,,,0.000
5.073560,,,0.000
5.085170,,,0.000
5.096780,,,0.000
5.108390,,,0.000
5.120000,,,0.000
5.131610,427.455,68.499,0.452
5.143220,242.354,58.675,0.510
5.154830,1002.273,83.252,0.538
5.166440,1002.273,83.252,0.610
5.178050,951.605,82.354,0.675
5.189660,929.201,81.942,0.716
5.201270,896.878,81.329,0.750
5.212880,898.473,81.360,0.767
5.224490,884.761,81.093,0.778
5.236100,881.674,81.033,0.787
5.247710,874.573,80.893,0.796
5.259320,853.483,80.470,0.792
5.270930,93.774,42.237,0.777
5.282540,93.373,42.163,0.755
5.294150,93.238,42.138,0.727
5.305760,187.791,54.259,0.706
5.317370,186.869,54.174,0.672
5.328980,186.097,54.103,0.636
5.340590,185.831,54.078,0.589
5.352200,185.862,54.081,0.557
5.363810,185.508,54.048,0.552
5.375420,184.876,53.989,0.561
5.387029,185.049,54.005,0.573
5.398639,185.413,54.039,0.578
5.410249,185.146,54.014,0.588
5.421859,185.482,54.045,0.591
5.433469,949.661,82.319,0.603
5.445079,950.867,82.341,0.609
5.456689,950.385,82.332,0.598
5.468299,942.747,82.192,0.590
5.479909,933.090,82.014,0.577
5.491519,928.976,81.938,0.571
5.503129,923.721,81.839,0.554
5.514739,922.461,81.816,0.541
5.526349,924.120,81.847,0.516
5.537959,926.436,81.890,0.483
5.549569,914.540,81.667,0.465
5.561179,908.077,81.544,0.442
5.572789,894.300,81.279,0.414
5.584399,889.296,81.182,0.368
5.596009,877.124,80.943,0.331
5.607619,862.300,80.648,0.296
5.619229,841.403,80.224,0.249
5.630839,198.339,55.206,0.198
5.642449,91.910,41.889,0.018
5.654059,,,0.000
5.665669,,,0.000
5.677279,,,0.000
5.688889,,,0.000
5.700499,,,0.000
5.712109,,,0.000
5.723719,,,0.000
5.735329,,,0.000
5.746939,,,0.000
5.758549,,,0.000
5.770159,,,0.000
5.781769,,,0.000
5.793379,,,0.000
5.804989,,,0.000
5.816599,,,0.000
5.828209,,,0.000
5.839819,,,0.000
5.851429,,,0.000
5.863039,,,0.000
5.874649,,,0.000
5.886259,,,0.000
5.897868,,,0.000
5.909478,,,0.000
5.921088,,,0.000
5.932698,,,0.000
5.944308,,,0.000
5.955918,,,0.000
5.967528,,,0.000
5.979138,,,0.000
5.990748,,,0.000
6.002358,,,0.000
6.013968,,,0.000
6.025578,,,0.000
6.037188,,,0.000
6.048798,,,0.000
6.060408,,,0.000
6.072018,,,0.000
6.083628,,,0.000
6.095238,,,0.000
6.106848,,,0.000
6.118458,,,0.000
6.130068,,,0.000
6.141678,,,0.000
6.153288,,,0.000
6.164898,,,0.000
6.176508,,,0.000
6.188118,,,0.000
6.199728,,,0.000
6.211338,,,0.000
6.222948,,,0.000
6.234558,,,0.000
6.246168,,,0.000
6.257778,,,0.000
6.269388,,,0.000
6.280998,,,0.000
6.292608,,,0.000
6.304218,717.056,77.455,0.079
6.315828,716.241,77.435,0.158
6.327438,191.507,54.599,0.236
6.339048,717.027,77.454,0.296
6.350658,415.607,68.013,0.341
6.362268,706.988,77.210,0.396
6.373878,708.129,77.238,0.433
6.385488,706.058,77.187,0.467
6.397098,707.107,77.213,0.504
6.408707,708.617,77.250,0.534
6.420317,710.126,77.287,0.553
6.431927,710.579,77.298,0.573
6.443537,709.361,77.268,0.597
6.455147,709.485,77.271,0.606
6.466757,710.570,77.298,0.616
6.478367,711.421,77.318,0.622
6.489977,708.982,77.259,0.626
6.501587,706.558,77.200,0.623
6.513197,264.853,60.212,0.619
6.524807,264.655,60.199,0.608
6.536417,563.751,73.291,0.585
6.548027,563.168,73.273,0.566
6.559637,699.369,77.023,0.536
6.571247,696.560,76.953,0.503
6.582857,700.547,77.052,0.451
6.594467,1002.273,83.252,0.395
6.606077,1002.273,83.252,0.322
6.617687,91.763,41.862,0.221
6.629297,99.967,43.344,0.106
6.640907,,,0.000
6.652517,713.611,77.372,0.243
6.664127,1002.273,83.252,0.368
6.675737,369.467,65.975,0.497
6.687347,373.188,66.149,0.621
6.698957,373.356,66.157,0.697
6.710567,373.362,66.157,0.750
6.722177,373.289,66.153,0.785
6.733787,373.133,66.146,0.808
6.745397,373.408,66.159,0.825
6.757007,374.413,66.206,0.841
6.768617,376.117,66.284,0.852
6.780227,381.993,66.552,0.856
6.791837,388.677,66.853,0.854
6.803447,394.770,67.122,0.846
6.815057,400.039,67.352,0.837
6.826667,403.611,67.506,0.828
6.838277,406.524,67.630,0.819
6.849887,408.931,67.732,0.803
6.861497,410.871,67.814,0.786
6.873107,412.685,67.890,0.764
6.884717,414.242,67.956,0.746
6.896327,415.155,67.994,0.724
6.907937,414.524,67.967,0.693
6.919546,411.993,67.861,0.664
6.931156,407.147,67.657,0.630
6.942766,404.715,67.553,0.607
6.954376,401.142,67.399,0.577
6.965986,395.770,67.166,0.526
6.977596,387.152,66.785,0.416
6.989206,386.468,66.754,0.616
7.000816,385.401,66.706,0.748
7.012426,384.239,66.654,0.786
7.024036,382.225,66.563,0.806
7.035646,380.483,66.484,0.821
7.047256,379.314,66.431,0.835
7.058866,379.189,66.425,0.850
7.070476,380.106,66.467,0.860
7.082086,381.375,66.524,0.860
7.093696,384.354,66.659,0.839
7.105306,389.780,66.902,0.830
7.116916,395.653,67.161,0.828
7.128526,401.152,67.400,0.829
7.140136,405.968,67.606,0.830
7.151746,409.775,67.768,0.828
7.163356,412.279,67.873,0.826
7.174966,413.789,67.937,0.817
7.186576,414.371,67.961,0.807
7.198186,414.470,67.965,0.797
7.209796,414.495,67.966,0.781
7.221406,414.277,67.957,0.759
7.233016,413.244,67.914,0.731
7.244626,411.503,67.841,0.698
7.256236,409.008,67.735,0.662
7.267846,408.536,67.716,0.648
7.279456,408.031,67.694,0.646
7.291066,360.435,65.547,0.684
7.302676,320.867,63.534,0.706
7.314286,320.367,63.507,0.724
7.325896,319.739,63.473,0.740
7.337506,318.742,63.419,0.759
7.349116,152.657,50.673,0.773
7.360726,152.344,50.638,0.775
7.372336,152.098,50.610,0.774
7.383946,303.823,62.589,0.761
7.395556,302.693,62.524,0.759
7.407166,285.031,61.483,0.758
7.418776,281.713,61.281,0.755
7.430385,280.316,61.195,0.745
7.441995,279.811,61.163,0.737
7.453605,279.672,61.155,0.732
7.465215,279.544,61.147,0.730
7.476825,278.799,61.101,0.728
7.488435,278.642,61.091,0.727
7.500045,278.729,61.096,0.727
7.511655,279.051,61.116,0.729
7.523265,279.155,61.123,0.729
7.534875,279.083,61.118,0.729
7.546485,278.943,61.110,0.727
7.558095,278.852,61.104,0.724
7.569705,278.748,61.098,0.724
7.581315,278.614,61.089,0.726
7.592925,278.224,61.065,0.731
7.604535,277.189,61.000,0.737
7.616145,277.269,61.005,0.745
7.627755,277.128,60.997,0.745
7.639365,277.791,61.038,0.738
7.650975,278.004,61.051,0.726
7.662585,278.050,61.054,0.708
7.674195,277.335,61.010,0.683
7.685805,275.974,60.924,0.652
7.697415,284.892,61.475,0.655
7.709025,280.026,61.177,0.636
7.720635,280.242,61.190,0.624
7.732245,336.859,64.376,0.662
7.743855,332.299,64.140,0.692
7.755465,331.390,64.092,0.724
7.767075,332.196,64.134,0.753
7.778685,332.250,64.137,0.774
7.790295,332.274,64.138,0.774
7.801905,332.044,64.126,0.774
7.813515,331.315,64.088,0.785
7.825125,329.800,64.009,0.794
7.836735,328.729,63.953,0.799
7.848345,327.549,63.890,0.797
7.859955,325.961,63.806,0.795
7.871565,325.437,63.778,0.801
7.883175,326.165,63.817,0.809
7.894785,328.554,63.944,0.829
7.906395,331.153,64.080,0.834
7.918005,333.462,64.200,0.831
7.929615,334.121,64.234,0.828
7.941224,334.200,64.238,0.828
7.952834,334.448,64.251,0.821
7.964444,333.983,64.227,0.810
7.976054,331.746,64.111,0.801
7.987664,328.016,63.915,0.785
7.999274,326.081,63.813,0.785
8.010884,325.838,63.800,0.783
8.022494,326.633,63.842,0.783
8.034104,327.399,63.883,0.784
8.045714,327.820,63.905,0.789
8.057324,328.326,63.932,0.789
8.068934,329.362,63.986,0.784
8.080544,330.002,64.020,0.774
8.092154,329.599,63.998,0.752
8.103764,328.583,63.945,0.739
8.115374,325.852,63.801,0.729
8.126984,325.687,63.792,0.715
8.138594,325.299,63.771,0.700
8.150204,325.439,63.779,0.696
8.161814,324.842,63.747,0.693
8.173424,324.559,63.732,0.686
8.185034,324.744,63.742,0.703
8.196644,324.612,63.735,0.711
8.208254,313.262,63.118,0.725
8.219864,303.408,62.565,0.737
8.231474,302.891,62.536,0.744
8.243084,302.032,62.486,0.747
8.254694,294.785,62.066,0.747
8.266304,292.998,61.961,0.757
8.277914,286.071,61.546,0.757
8.289524,282.893,61.353,0.753
8.301134,279.147,61.122,0.749
8.312744,276.399,60.951,0.744
8.324354,275.958,60.923,0.741
8.335964,275.569,60.899,0.733
8.347574,275.130,60.871,0.727
8.359184,275.462,60.892,0.720
8.370794,275.132,60.871,0.707
8.382404,276.085,60.931,0.698
8.394014,277.909,61.045,0.676
8.405624,278.117,61.058,0.649
8.417234,94.154,42.307,0.622
8.428844,507.791,71.481,0.595
8.440454,508.204,71.495,0.569
8.452063,509.637,71.544,0.524
8.463673,92.570,42.013,0.491
8.475283,307.161,62.778,0.406
8.486893,316.912,63.319,0.373
8.498503,320.465,63.512,0.366
8.510113,321.306,63.557,0.387
8.521723,320.936,63.537,0.397
8.533333,143.319,49.581,0.401
8.544943,143.403,49.591,0.398
8.556553,143.439,49.595,0.396
8.568163,319.864,63.479,0.393
8.579773,143.521,49.605,0.388
8.591383,316.791,63.312,0.379
8.602993,318.149,63.386,0.358
8.614603,139.994,49.174,0.354
8.626213,139.841,49.155,0.360
8.637823,139.838,49.155,0.355
8.649433,140.308,49.213,0.353
8.661043,140.044,49.180,0.334
8.672653,140.232,49.204,0.323
8.684263,91.419,41.797,0.307
8.695873,327.991,63.914,0.291
8.707483,328.049,63.917,0.267
8.719093,330.439,64.043,0.227
8.730703,331.526,64.099,0.211
8.742313,332.572,64.154,0.172
8.753923,332.675,64.159,0.164
8.765533,331.466,64.096,0.155
8.777143,330.616,64.052,0.143
8.788753,324.504,63.729,0.140
8.800363,328.468,63.939,0.144
8.811973,327.310,63.878,0.158
8.823583,315.412,63.237,0.188
8.835193,309.901,62.932,0.218
8.846803,291.179,61.853,0.232
8.858413,286.433,61.568,0.244
8.870023,284.664,61.461,0.266
8.881633,281.825,61.288,0.271
8.893243,279.742,61.159,0.273
8.904853,278.433,61.078,0.277
8.916463,277.608,61.027,0.270
8.928073,276.890,60.982,0.257
8.939683,276.458,60.955,0.247
8.951293,276.247,60.941,0.241
8.962902,272.440,60.701,0.224
8.974512,269.302,60.501,0.220
8.986122,92.704,42.038,0.221
8.997732,262.350,60.048,0.212
9.009342,260.582,59.931,0.223
9.020952,460.150,69.775,0.240
9.032562,457.556,69.677,0.257
9.044172,455.968,69.617,0.282
9.055782,457.270,69.666,0.303
9.067392,848.233,80.363,0.326
9.079002,845.618,80.310,0.351
9.090612,847.292,80.344,0.374
9.102222,848.503,80.369,0.393
9.113832,850.199,80.404,0.411
9.125442,848.412,80.367,0.431
9.137052,848.332,80.366,0.444
9.148662,852.383,80.448,0.463
9.160272,853.130,80.463,0.468
9.171882,852.466,80.450,0.467
9.183492,852.581,80.452,0.481
9.195102,852.022,80.441,0.484
9.206712,851.736,80.435,0.487
9.218322,849.145,80.382,0.482
9.229932,845.169,80.301,0.476
9.241542,837.475,80.143,0.458
9.253152,563.958,73.297,0.447
9.264762,561.575,73.224,0.438
9.276372,560.582,73.193,0.403
9.287982,560.753,73.198,0.375
9.299592,150.689,50.449,0.337
9.311202,373.948,66.184,0.473
9.322812,356.429,65.353,0.608
9.334422,353.301,65.201,0.690
9.346032,355.091,65.288,0.738
9.357642,367.700,65.892,0.777
9.369252,374.999,66.233,0.814
9.380862,377.562,66.351,0.836
9.392472,379.302,66.430,0.847
9.404082,380.450,66.482,0.855
9.415692,380.978,66.506,0.864
9.427302,380.766,66.497,0.867
9.438912,380.041,66.464,0.870
9.450522,378.877,66.411,0.872
9.462132,378.910,66.412,0.866
9.473741,380.559,66.487,0.868
9.485351,382.147,66.559,0.872
9.496961,384.531,66.667,0.871
9.508571,389.442,66.887,0.862
9.520181,396.760,67.209,0.857
9.531791,403.453,67.499,0.851
9.543401,409.932,67.775,0.842
9.555011,413.549,67.927,0.834
9.566621,415.935,68.026,0.819
9.578231,416.867,68.065,0.808
9.589841,417.101,68.075,0.799
9.601451,416.962,68.069,0.790
9.613061,416.405,68.046,0.777
9.624671,415.415,68.005,0.766
9.636281,414.047,67.947,0.759
9.647891,412.463,67.881,0.753
9.659501,409.537,67.758,0.756
9.671111,406.878,67.645,0.762
9.682721,402.412,67.454,0.776
9.694331,400.221,67.360,0.784
9.705941,397.559,67.244,0.792
9.717551,392.357,67.016,0.797
9.729161,390.762,66.945,0.802
9.740771,388.102,66.827,0.808
9.752381,93.813,42.244,0.815
9.763991,281.903,61.292,0.826
9.775601,281.488,61.267,0.828
9.787211,280.810,61.225,0.833
9.798821,280.033,61.177,0.836
9.810431,278.966,61.111,0.838
9.822041,278.319,61.071,0.841
9.833651,277.731,61.034,0.838
9.845261,277.260,61.005,0.837
9.856871,276.817,60.977,0.833
9.868481,276.794,60.976,0.831
9.880091,277.126,60.996,0.829
9.891701,277.622,61.027,0.824
9.903311,278.135,61.059,0.822
9.914921,278.243,61.066,0.817
9.926531,278.253,61.067,0.817
9.938141,278.122,61.059,0.810
9.949751,278.102,61.057,0.804
9.961361,278.049,61.054,0.799
9.972971,277.921,61.046,0.792
9.984580,277.698,61.032,0.782
9.996190,277.239,61.004,0.767
10.007800,277.024,60.990,0.748
10.019410,276.548,60.960,0.727
10.031020,273.871,60.792,0.705
10.042630,271.193,60.622,0.675
10.054240,261.299,59.978,0.625
10.065850,126.788,47.459,0.560
10.077460,126.540,47.425,0.499
10.089070,383.373,66.615,0.438
10.100680,387.006,66.778,0.424
10.112290,390.554,66.936,0.401
10.123900,398.778,67.297,0.447
10.135510,408.459,67.712,0.567
10.147120,329.364,63.986,0.656
10.158730,333.657,64.210,0.723
10.170340,335.555,64.309,0.776
10.181950,336.632,64.364,0.820
10.193560,335.952,64.329,0.850
10.205170,334.673,64.263,0.870
10.216780,333.359,64.195,0.887
10.228390,332.559,64.153,0.897
10.240000,332.275,64.139,0.901
10.251610,332.464,64.148,0.901
10.263220,333.037,64.178,0.900
10.274830,334.858,64.273,0.896
10.286440,338.459,64.458,0.895
10.298050,345.027,64.790,0.899
10.309660,354.070,65.238,0.901
10.321270,361.033,65.576,0.905
10.332880,364.947,65.762,0.911
10.344490,366.979,65.858,0.916
10.356100,368.596,65.934,0.920
10.367710,370.140,66.007,0.923
10.379320,371.023,66.048,0.923
10.390930,371.181,66.055,0.922
10.402540,370.804,66.038,0.923
10.414150,369.844,65.993,0.923
10.425760,368.465,65.928,0.920
10.437370,366.840,65.852,0.916
10.448980,364.567,65.744,0.912
10.460590,360.585,65.554,0.907
10.472200,356.261,65.345,0.904
10.483810,352.137,65.144,0.903
10.495420,349.314,65.004,0.897
10.507029,348.378,64.958,0.896
10.518639,348.428,64.960,0.897
10.530249,350.133,65.045,0.899
10.541859,353.451,65.208,0.904
10.553469,357.861,65.423,0.908
10.565079,361.750,65.610,0.911
10.576689,364.815,65.756,0.914
10.588299,366.582,65.840,0.919
10.599909,368.216,65.917,0.920
10.611519,369.451,65.975,0.920
10.623129,370.074,66.004,0.923
10.634739,370.216,66.010,0.922
10.646349,370.091,66.005,0.921
10.657959,370.162,66.008,0.922
10.669569,370.293,66.014,0.922
10.681179,370.319,66.015,0.919
10.692789,370.665,66.031,0.914
10.704399,371.135,66.053,0.908
10.716009,371.747,66.082,0.896
10.727619,372.235,66.105,0.888
10.739229,372.144,66.100,0.881
10.750839,373.020,66.141,0.875
10.762449,374.023,66.187,0.867
10.774059,375.319,66.247,0.861
10.785669,375.959,66.277,0.853
10.797279,374.945,66.230,0.848
10.808889,123.697,47.032,0.842
10.820499,123.685,47.030,0.831
10.832109,145.680,49.864,0.810
10.843719,91.814,41.871,0.777
10.855329,87.851,41.107,0.740
10.866939,91.949,41.897,0.697
10.878549,91.846,41.877,0.658
10.890159,109.591,44.936,0.612
10.901769,371.951,66.091,0.597
10.913379,370.586,66.028,0.611
10.924989,369.393,65.972,0.647
10.936599,370.483,66.023,0.678
10.948209,370.282,66.013,0.702
10.959819,370.338,66.016,0.715
10.971429,370.539,66.025,0.726
10.983039,371.175,66.055,0.731
10.994649,123.641,47.024,0.729
11.006259,123.788,47.044,0.718
11.017868,123.735,47.037,0.701
11.029478,123.944,47.066,0.678
11.041088,123.883,47.058,0.650
11.052698,123.645,47.024,0.623
11.064308,123.622,47.021,0.584
11.075918,361.840,65.614,0.543
11.087528,361.301,65.588,0.495
11.099138,358.476,65.452,0.453
11.110748,363.096,65.674,0.409
11.122358,364.936,65.762,0.375
11.133968,363.107,65.675,0.417
11.145578,1002.273,83.252,0.509
11.157188,122.527,46.867,0.550
11.168798,361.040,65.576,0.648
11.180408,335.899,64.326,0.721
11.192018,336.788,64.372,0.757
11.203628,336.969,64.381,0.785
11.215238,335.793,64.321,0.808
11.226848,334.673,64.263,0.823
11.238458,333.824,64.219,0.833
11.250068,332.588,64.155,0.843
11.261678,329.891,64.014,0.843
11.273288,326.559,63.838,0.831
11.284898,324.630,63.735,0.830
11.296508,322.771,63.636,0.829
11.308118,321.472,63.566,0.829
11.319728,321.992,63.594,0.831
11.331338,324.040,63.704,0.832
11.342948,326.584,63.839,0.835
11.354558,328.140,63.922,0.832
11.366168,328.761,63.954,0.831
11.377778,329.577,63.997,0.823
11.389388,330.446,64.043,0.811
11.400998,329.431,63.990,0.793
11.412608,326.076,63.812,0.774
11.424218,320.794,63.530,0.755
11.435828,157.257,51.187,0.738
11.447438,156.781,51.135,0.722
11.459048,153.590,50.779,0.709
11.470658,153.121,50.726,0.697
11.482268,351.776,65.126,0.718
11.493878,361.834,65.614,0.749
11.505488,374.228,66.197,0.774
11.517098,376.413,66.298,0.813
11.528707,374.849,66.226,0.831
11.540317,373.730,66.174,0.849
11.551927,373.004,66.140,0.864
11.563537,373.454,66.161,0.873
11.575147,375.094,66.237,0.879
11.586757,376.682,66.310,0.882
11.598367,378.891,66.411,0.886
11.609977,383.416,66.617,0.879
11.621587,391.733,66.988,0.878
11.633197,400.514,67.372,0.878
11.644807,406.637,67.635,0.879
11.656417,410.324,67.791,0.886
11.668027,412.876,67.898,0.887
11.679637,414.579,67.970,0.886
11.691247,415.414,68.005,0.884
11.702857,415.596,68.012,0.882
11.714467,415.550,68.010,0.877
11.726077,415.282,67.999,0.863
11.737687,415.083,67.991,0.849
11.749297,415.063,67.990,0.836
11.760907,416.204,68.037,0.826
11.772517,419.140,68.159,0.826
11.784127,430.604,68.626,0.825
11.795737,493.221,70.977,0.823
11.807347,495.441,71.055,0.828
11.818957,492.622,70.956,0.841
11.830567,491.852,70.929,0.848
11.842177,492.012,70.934,0.851
11.853787,492.598,70.955,0.852
11.865397,493.601,70.990,0.849
11.877007,493.373,70.982,0.844
11.888617,492.306,70.945,0.835
11.900227,491.820,70.928,0.822
11.911837,496.088,71.077,0.810
11.923447,499.999,71.213,0.796
11.935057,249.899,59.206,0.784
11.946667,250.356,59.238,0.770
11.958277,250.639,59.257,0.750
11.969887,250.733,59.264,0.734
11.981497,242.010,58.651,0.724
11.993107,916.623,81.706,0.723
12.004717,915.820,81.691,0.714
12.016327,915.432,81.683,0.712
12.027937,914.808,81.672,0.709
12.039546,913.599,81.649,0.702
12.051156,96.708,42.770,0.697
12.062766,537.378,72.461,0.700
12.074376,423.240,68.328,0.741
12.085986,422.727,68.307,0.772
12.097596,422.173,68.284,0.792
12.109206,420.367,68.210,0.813
12.120816,418.447,68.131,0.829
12.132426,416.870,68.065,0.847
12.144036,415.975,68.028,0.862
12.155646,415.612,68.013,0.872
12.167256,415.301,68.000,0.873
12.178866,415.887,68.024,0.878
12.190476,417.402,68.087,0.884
12.202086,422.462,68.296,0.890
12.213696,429.998,68.602,0.897
12.225306,434.946,68.800,0.902
12.236916,437.529,68.903,0.907
12.248526,438.859,68.955,0.911
12.260136,439.643,68.986,0.915
12.271746,440.111,69.004,0.916
12.283356,440.024,69.001,0.915
12.294966,439.697,68.988,0.912
12.306576,438.826,68.954,0.906
12.318186,437.746,68.911,0.897
12.329796,436.835,68.875,0.882
12.341406,435.785,68.833,0.864
12.353016,434.450,68.780,0.838
12.364626,433.384,68.738,0.820
12.376236,437.632,68.907,0.821
12.387846,391.746,66.989,0.815
12.399456,389.008,66.868,0.807
12.411066,387.628,66.806,0.802
12.422676,386.358,66.749,0.814
12.434286,384.878,66.683,0.831
12.445896,383.823,66.635,0.847
12.457506,382.950,66.596,0.850
12.469116,381.850,66.546,0.840
12.480726,381.149,66.514,0.842
12.492336,381.070,66.511,0.848
12.503946,382.357,66.569,0.853
12.515556,398.635,67.291,0.856
12.527166,408.388,67.709,0.857
12.538776,412.628,67.888,0.863
12.550385,413.745,67.935,0.867
12.561995,414.732,67.976,0.873
12.573605,415.425,68.005,0.874
12.585215,415.827,68.022,0.878
12.596825,415.773,68.020,0.883
12.608435,415.495,68.008,0.886
12.620045,415.265,67.998,0.884
12.631655,415.134,67.993,0.871
12.643265,415.029,67.989,0.859
12.654875,414.983,67.987,0.847
12.666485,414.906,67.983,0.835
12.678095,415.072,67.990,0.818
12.689705,416.150,68.035,0.818
12.701315,416.811,68.063,0.824
12.712925,416.368,68.044,0.834
12.724535,415.051,67.989,0.849
12.736145,413.798,67.937,0.858
12.747755,411.023,67.821,0.869
12.759365,408.195,67.701,0.878
12.770975,405.498,67.586,0.884
12.782585,401.001,67.393,0.881
12.794195,391.725,66.988,0.875
12.805805,380.890,66.502,0.871
12.817415,375.726,66.266,0.873
12.829025,373.681,66.172,0.876
12.840635,371.484,66.070,0.876
12.852245,369.992,66.000,0.880
12.863855,369.337,65.969,0.884
12.875465,369.441,65.974,0.888
12.887075,369.722,65.987,0.890
12.898685,369.786,65.990,0.893
12.910295,369.746,65.988,0.893
12.921905,369.489,65.976,0.892
12.933515,369.182,65.962,0.892
12.945125,369.118,65.959,0.885
12.956735,369.258,65.966,0.877
12.968345,369.264,65.966,0.869
12.979955,369.103,65.958,0.856
12.991565,369.208,65.963,0.839
13.003175,369.673,65.985,0.822
13.014785,371.353,66.063,0.804
13.026395,185.306,54.029,0.779
13.038005,404.091,67.526,0.760
13.049615,407.436,67.669,0.742
13.061224,408.888,67.730,0.725
13.072834,409.427,67.753,0.715
13.084444,410.559,67.801,0.701
13.096054,410.942,67.817,0.687
13.107664,409.173,67.742,0.672
13.119274,404.717,67.553,0.669
13.130884,390.379,66.928,0.678
13.142494,390.934,66.953,0.696
13.154104,397.056,67.222,0.708
13.165714,403.797,67.514,0.728
13.177324,404.904,67.561,0.742
13.188934,406.318,67.621,0.739
13.200544,407.400,67.667,0.732
13.212154,406.755,67.640,0.720
13.223764,408.534,67.715,0.710
13.235374,414.078,67.949,0.731
13.246984,408.705,67.723,0.748
13.258594,409.327,67.749,0.740
13.270204,160.044,51.492,0.730
13.281814,328.867,63.960,0.753
13.293424,329.492,63.993,0.777
13.305034,329.748,64.006,0.798
13.316644,329.824,64.010,0.810
13.328254,329.829,64.011,0.804
13.339864,330.002,64.020,0.798
13.351474,329.972,64.018,0.807
13.363084,330.096,64.025,0.816
13.374694,330.052,64.022,0.815
13.386304,329.730,64.005,0.809
13.397914,329.489,63.993,0.801
13.409524,329.443,63.990,0.798
13.421134,329.538,63.995,0.796
13.432744,329.706,64.004,0.798
13.444354,329.862,64.012,0.795
13.455964,330.110,64.025,0.796
13.467574,330.360,64.038,0.796
13.479184,330.454,64.043,0.799
13.490794,330.405,64.041,0.803
13.502404,330.251,64.033,0.804
13.514014,330.097,64.025,0.802
13.525624,330.062,64.023,0.798
13.537234,330.236,64.032,0.796
13.548844,330.560,64.049,0.796
13.560454,332.396,64.145,0.806
13.572063,360.264,65.539,0.821
13.583673,368.958,65.951,0.834
13.595283,369.935,65.997,0.848
13.606893,369.514,65.978,0.858
13.618503,368.844,65.946,0.867
13.630113,368.426,65.926,0.872
13.641723,368.255,65.918,0.876
13.653333,368.519,65.931,0.874
13.664943,368.219,65.917,0.867
13.676553,367.604,65.888,0.855
13.688163,366.963,65.858,0.837
13.699773,366.510,65.836,0.819
13.711383,366.826,65.851,0.800
13.722993,367.445,65.880,0.782
13.734603,367.879,65.901,0.757
13.746213,367.837,65.899,0.735
13.757823,378.836,66.409,0.715
13.769433,121.781,46.761,0.703
13.781043,225.086,57.396,0.705
13.792653,99.327,43.233,0.701
13.804263,99.350,43.237,0.700
13.815873,100.683,43.468,0.695
13.827483,100.670,43.466,0.695
13.839093,202.472,55.563,0.697
13.850703,82.850,40.093,0.691
13.862313,202.366,55.554,0.680
13.873923,96.735,42.775,0.668
13.885533,371.950,66.091,0.707
13.897143,370.339,66.016,0.752
13.908753,369.654,65.984,0.789
13.920363,368.959,65.951,0.821
13.931973,368.195,65.916,0.842
13.943583,368.136,65.913,0.859
13.955193,368.545,65.932,0.872
13.966803,369.666,65.985,0.890
13.978413,372.218,66.104,0.895
13.990023,378.280,66.383,0.898
14.001633,783.996,79.000,0.898
14.013243,794.523,79.231,0.896
14.024853,802.225,79.398,0.897
14.036463,405.735,67.596,0.898
14.048073,408.851,67.729,0.904
14.059683,411.937,67.859,0.905
14.071293,413.836,67.939,0.905
14.082902,414.855,67.981,0.905
14.094512,414.812,67.979,0.904
14.106122,414.599,67.971,0.906
14.117732,414.376,67.961,0.907
14.129342,414.227,67.955,0.908
14.140952,414.264,67.957,0.902
14.152562,414.180,67.953,0.889
14.164172,414.761,67.977,0.878
14.175782,417.403,68.087,0.876
14.187392,422.880,68.313,0.879
14.199002,430.819,68.635,0.886
14.210612,436.923,68.879,0.891
14.222222,439.275,68.971,0.894
14.233832,440.200,69.008,0.901
14.245442,440.203,69.008,0.914
14.257052,881.861,81.037,0.923
14.268662,880.862,81.017,0.926
14.280272,880.243,81.005,0.927
14.291882,879.501,80.990,0.924
14.303492,439.490,68.980,0.917
14.315102,439.842,68.994,0.903
14.326712,440.386,69.015,0.884
14.338322,441.087,69.043,0.863
14.349932,441.899,69.075,0.838
14.361542,442.664,69.104,0.805
14.373152,443.307,69.130,0.751
14.384762,443.254,69.128,0.662
14.396372,440.021,69.001,0.498
14.407982,415.325,68.001,0.182
14.419592,415.196,67.995,0.185
14.431202,414.975,67.986,0.188
14.442812,415.439,68.006,0.198
14.454422,423.528,68.339,0.325
14.466032,441.406,69.055,0.638
14.477642,442.444,69.096,0.732
14.489252,443.644,69.143,0.775
14.500862,443.220,69.126,0.806
14.512472,442.497,69.098,0.829
14.524082,441.759,69.069,0.848
14.535692,441.166,69.046,0.866
14.547302,441.045,69.041,0.884
14.558912,441.834,69.072,0.886
14.570522,444.229,69.166,0.886
14.582132,447.869,69.307,0.887
14.593741,457.836,69.688,0.892
14.605351,468.990,70.105,0.898
14.616961,476.699,70.387,0.906
14.628571,482.236,70.587,0.912
14.640181,486.539,70.741,0.916
14.651791,489.078,70.831,0.918
14.663401,491.220,70.906,0.919
14.675011,492.726,70.959,0.922
14.686621,493.448,70.985,0.923
14.698231,494.110,71.008,0.924
14.709841,494.789,71.032,0.922
14.721451,495.320,71.050,0.918
14.733061,495.316,71.050,0.911
14.744671,494.446,71.020,0.905
14.756281,493.770,70.996,0.893
14.767891,492.606,70.955,0.878
14.779501,490.178,70.870,0.867
14.791111,486.381,70.735,0.854
14.802721,476.003,70.362,0.846
14.814331,401.237,67.403,0.846
14.825941,389.231,66.877,0.851
14.837551,380.576,66.488,0.858
14.849161,375.625,66.261,0.869
14.860771,373.399,66.159,0.879
14.872381,371.688,66.079,0.884
14.883991,370.020,66.001,0.889
14.895601,368.658,65.937,0.888
14.907211,367.559,65.886,0.884
14.918821,366.575,65.839,0.878
14.930431,365.834,65.804,0.871
14.942041,365.219,65.775,0.864
14.953651,364.524,65.742,0.856
14.965261,364.513,65.742,0.850
14.976871,365.413,65.784,0.848
14.988481,367.145,65.866,0.847
15.000091,369.451,65.975,0.843
15.011701,371.512,66.071,0.843
15.023311,372.374,66.111,0.845
15.034921,372.740,66.128,0.843
15.046531,372.523,66.118,0.841
15.058141,371.594,66.075,0.839
15.069751,369.672,65.985,0.831
15.081361,367.391,65.878,0.822
15.092971,365.054,65.767,0.812
15.104580,363.038,65.671,0.798
15.116190,361.793,65.612,0.781
15.127800,362.674,65.654,0.769
15.139410,364.272,65.730,0.757
15.151020,367.302,65.874,0.740
15.162630,370.754,66.036,0.725
15.174240,372.614,66.122,0.714
15.185850,373.802,66.177,0.703
15.197460,374.377,66.204,0.689
15.209070,374.598,66.214,0.672
15.220680,373.990,66.186,0.651
15.232290,373.230,66.151,0.630
15.243900,371.824,66.085,0.601
15.255510,370.680,66.032,0.569
15.267120,370.093,66.005,0.530
15.278730,369.932,65.997,0.486
15.290340,122.085,46.805,0.441
15.301950,122.743,46.898,0.404
15.313560,122.969,46.930,0.370
15.325170,123.172,46.958,0.357
15.336780,817.919,79.733,0.522
15.348390,776.391,78.831,0.778
15.360000,775.977,78.822,0.820
15.371610,780.184,78.916,0.846
15.383220,778.504,78.878,0.870
15.394830,770.923,78.709,0.895
15.406440,763.494,78.541,0.917
15.418050,761.036,78.486,0.934
15.429660,759.071,78.441,0.947
15.441270,753.521,78.314,0.933
15.452880,372.169,66.101,0.934
15.464490,371.013,66.048,0.936
15.476100,371.899,66.089,0.936
15.487710,373.434,66.160,0.927
15.499320,374.242,66.198,0.914
15.510930,374.066,66.189,0.895
15.522540,374.088,66.190,0.873
15.534150,375.032,66.234,0.852
15.545760,384.571,66.669,0.827
15.557370,386.162,66.740,0.809
15.568980,409.010,67.736,0.807
15.580590,410.333,67.792,0.813
15.592200,411.425,67.838,0.827
15.603810,412.061,67.864,0.847
15.615420,412.543,67.884,0.862
15.627029,413.264,67.915,0.871
15.638639,413.996,67.945,0.879
15.650249,414.078,67.949,0.881
15.661859,414.645,67.972,0.862
15.673469,414.841,67.981,0.852
15.685079,414.285,67.957,0.849
15.696689,413.544,67.926,0.846
15.708299,412.594,67.887,0.841
15.719909,386.516,66.756,0.838
15.731519,385.689,66.719,0.831
15.743129,384.859,66.682,0.832
15.754739,828.603,79.958,0.848
15.766349,821.060,79.800,0.855
15.777959,138.641,49.006,0.854
15.789569,138.387,48.974,0.853
15.801179,277.701,61.032,0.858
15.812789,277.842,61.041,0.860
15.824399,277.215,61.002,0.864
15.836009,276.557,60.961,0.864
15.847619,276.621,60.965,0.861
15.859229,276.719,60.971,0.856
15.870839,276.753,60.973,0.848
15.882449,276.623,60.965,0.838
15.894059,276.374,60.949,0.825
15.905669,276.025,60.928,0.814
15.917279,275.713,60.908,0.804
15.928889,275.232,60.878,0.799
15.940499,274.285,60.818,0.792
15.952109,273.079,60.742,0.778
15.963719,271.508,60.642,0.782
15.975329,273.857,60.791,0.798
15.986939,275.696,60.907,0.818
15.998549,277.056,60.992,0.841
16.010159,278.603,61.088,0.858
16.021769,279.670,61.155,0.870
16.033379,279.704,61.157,0.880
16.044989,279.022,61.115,0.894
16.056599,278.275,61.068,0.902
16.068209,277.745,61.035,0.903
16.079819,277.460,61.017,0.899
16.091429,277.118,60.996,0.892
16.103039,276.563,60.961,0.887
16.114649,276.160,60.936,0.881
16.126259,276.354,60.948,0.877
16.137868,277.176,61.000,0.870
16.149478,278.114,61.058,0.864
16.161088,278.691,61.094,0.856
16.172698,279.043,61.116,0.849
16.184308,279.167,61.124,0.844
16.195918,279.395,61.138,0.838
16.207528,279.251,61.129,0.836
16.219138,278.430,61.078,0.833
16.230748,277.708,61.033,0.831
16.242358,277.586,61.025,0.828
16.253968,278.128,61.059,0.833
16.265578,279.108,61.120,0.832
16.277188,279.566,61.148,0.828
16.288798,279.582,61.149,0.821
16.300408,279.811,61.163,0.815
16.312018,280.578,61.211,0.811
16.323628,282.016,61.299,0.808
16.335238,283.724,61.404,0.809
16.346848,285.585,61.517,0.805
16.358458,287.493,61.632,0.808
16.370068,289.772,61.769,0.815
16.381678,292.430,61.927,0.823
16.393288,296.250,62.152,0.826
16.404898,302.457,62.511,0.831
16.416508,308.022,62.826,0.837
16.428118,315.885,63.263,0.840
16.439728,320.300,63.503,0.844
16.451338,323.938,63.699,0.847
16.462948,326.591,63.840,0.848
16.474558,328.049,63.917,0.851
16.486168,329.006,63.967,0.854
16.497778,329.355,63.986,0.855
16.509388,329.290,63.982,0.854
16.520998,329.206,63.978,0.854
16.532608,329.218,63.978,0.858
16.544218,329.292,63.982,0.859
16.555828,329.401,63.988,0.862
16.567438,329.517,63.994,0.861
16.579048,329.475,63.992,0.863
16.590658,329.280,63.982,0.865
16.602268,328.908,63.962,0.867
16.613878,328.348,63.933,0.864
16.625488,327.164,63.870,0.860
16.637098,325.889,63.803,0.855
16.648707,324.879,63.749,0.849
16.660317,324.104,63.707,0.845
16.671927,323.020,63.649,0.840
16.683537,319.087,63.437,0.832
16.695147,282.665,61.339,0.825
16.706757,281.959,61.296,0.825
16.718367,281.379,61.260,0.824
16.729977,279.591,61.150,0.825
16.741587,277.926,61.046,0.824
16.753197,277.162,60.999,0.822
16.764807,276.834,60.978,0.824
16.776417,276.780,60.975,0.827
16.788027,276.957,60.986,0.828
16.799637,276.880,60.981,0.826
16.811247,276.222,60.940,0.823
16.822857,273.951,60.797,0.816
16.834467,275.860,60.917,0.809
16.846077,277.301,61.007,0.803
16.857687,267.059,60.356,0.787
16.869297,135.683,48.633,0.780
16.880907,266.235,60.302,0.772
16.892517,305.956,62.710,0.760
16.904127,307.053,62.772,0.750
16.915737,1002.273,83.252,0.743
16.927347,1002.273,83.252,0.739
16.938957,1002.273,83.252,0.733
16.950567,1002.273,83.252,0.730
16.962177,1002.273,83.252,0.708
16.973787,1002.273,83.252,0.691
16.985397,1002.273,83.252,0.683
16.997007,958.521,82.480,0.669
17.008617,932.020,81.994,0.658
17.020227,924.662,81.857,0.638
17.031837,906.424,81.512,0.617
17.043447,896.951,81.330,0.589
17.055057,92.277,41.958,0.572
17.066667,328.462,63.939,0.550
17.078277,330.149,64.027,0.520
17.089887,329.664,64.002,0.489
17.101497,274.258,60.816,0.453
17.113107,276.955,60.986,0.412
17.124717,277.390,61.013,0.388
17.136327,276.631,60.966,0.363
17.147937,137.597,48.875,0.342
17.159546,326.895,63.856,0.317
17.171156,327.869,63.907,0.288
17.182766,328.805,63.957,0.269
17.194376,329.099,63.972,0.254
17.205986,328.993,63.967,0.251
17.217596,327.895,63.909,0.261
17.229206,322.616,63.628,0.299
17.240816,320.515,63.515,0.322
17.252426,1002.273,83.252,0.376
17.264036,1002.273,83.252,0.417
17.275646,1002.273,83.252,0.456
17.287256,1002.273,83.252,0.484
17.298866,1002.273,83.252,0.514
17.310476,1002.273,83.252,0.544
17.322086,1002.273,83.252,0.553
17.333696,1002.273,83.252,0.564
17.345306,555.670,73.041,0.566
17.356916,554.215,72.995,0.566
17.368526,212.999,56.440,0.561
17.380136,111.559,45.244,0.555
17.391746,111.470,45.230,0.548
17.403356,110.881,45.138,0.538
17.414966,1002.273,83.252,0.547
17.426576,1002.273,83.252,0.546
17.438186,722.215,77.579,0.566
17.449796,726.649,77.685,0.579
17.461406,551.023,72.895,0.593
17.473016,730.789,77.783,0.614
17.484626,732.613,77.827,0.635
17.496236,736.400,77.916,0.663
17.507846,339.174,64.494,0.686
17.519456,339.500,64.511,0.715
17.531066,339.319,64.502,0.728
17.542676,339.343,64.503,0.746
17.554286,339.861,64.529,0.771
17.565896,339.762,64.524,0.782
17.577506,100.107,43.368,0.797
17.589116,100.087,43.365,0.808
17.600726,100.021,43.354,0.819
17.612336,100.071,43.362,0.820
17.623946,100.004,43.351,0.822
17.635556,100.002,43.350,0.816
17.647166,1002.273,83.252,0.804
17.658776,1002.273,83.252,0.797
17.670385,90.668,41.654,0.779
17.681995,1002.273,83.252,0.757
17.693605,83.198,40.165,0.723
17.705215,121.224,46.682,0.691
17.716825,121.015,46.652,0.652
17.728435,228.795,57.679,0.638
17.740045,135.989,48.672,0.648
17.751655,200.277,55.374,0.692
17.763265,199.968,55.347,0.728
17.774875,323.757,63.689,0.768
17.786485,325.488,63.781,0.802
17.798095,371.016,66.048,0.837
17.809705,376.985,66.324,0.862
17.821315,377.431,66.344,0.882
17.832925,376.427,66.298,0.892
17.844535,375.332,66.248,0.897
17.856145,374.184,66.195,0.902
17.867755,374.765,66.222,0.901
17.879365,376.724,66.312,0.899
17.890975,377.973,66.369,0.893
17.902585,378.206,66.380,0.889
17.914195,382.600,66.580,0.883
17.925805,406.237,67.618,0.883
17.937415,412.254,67.872,0.883
17.949025,413.868,67.940,0.881
17.960635,414.333,67.959,0.878
17.972245,415.322,68.001,0.862
17.983855,416.253,68.039,0.844
17.995465,416.929,68.068,0.822
18.007075,417.112,68.075,0.795
18.018685,416.624,68.055,0.757
18.030295,415.083,67.991,0.705
18.041905,408.732,67.724,0.632
18.053515,408.639,67.720,0.546
18.065125,408.769,67.725,0.541
18.076735,373.059,66.143,0.637
18.088345,374.215,66.196,0.720
18.099955,374.494,66.209,0.774
18.111565,372.840,66.133,0.815
18.123175,370.003,66.000,0.841
18.134785,365.856,65.805,0.859
18.146395,365.848,65.805,0.871
18.158005,367.865,65.900,0.883
18.169615,368.781,65.943,0.886
18.181224,368.993,65.953,0.886
18.192834,140.110,49.189,0.883
18.204444,278.988,61.112,0.880
18.216054,277.889,61.044,0.879
18.227664,276.757,60.973,0.878
18.239274,276.117,60.933,0.882
18.250884,275.599,60.901,0.891
18.262494,275.135,60.872,0.896
18.274104,275.066,60.867,0.899
18.285714,275.390,60.888,0.900
18.297324,275.884,60.919,0.898
18.308934,276.292,60.944,0.896
18.320544,276.429,60.953,0.888
18.332154,276.430,60.953,0.876
18.343764,276.852,60.979,0.859
18.355374,278.571,61.087,0.844
18.366984,278.809,61.101,0.829
18.378594,272.417,60.700,0.810
18.390204,271.582,60.647,0.802
18.401814,271.429,60.637,0.796
18.413424,281.922,61.294,0.803
18.425034,281.124,61.244,0.815
18.436644,278.429,61.078,0.823
18.448254,275.989,60.925,0.826
18.459864,276.517,60.958,0.831
18.471474,276.437,60.953,0.838
18.483084,276.429,60.953,0.841
18.494694,276.166,60.936,0.844
18.506304,275.964,60.924,0.845
18.517914,275.777,60.912,0.847
18.529524,275.721,60.908,0.851
18.541134,275.521,60.896,0.854
18.552744,275.401,60.888,0.854
18.564354,275.443,60.891,0.849
18.575964,276.158,60.936,0.833
18.587574,277.347,61.010,0.811
18.599184,276.428,60.953,0.787
18.610794,273.510,60.769,0.757
18.622404,255.224,59.571,0.751
18.634014,285.698,61.524,0.731
18.645624,289.244,61.737,0.698
18.657234,290.213,61.795,0.676
18.668844,290.381,61.805,0.690
18.680454,292.430,61.927,0.715
18.692063,294.396,62.043,0.740
18.703673,295.704,62.120,0.767
18.715283,296.375,62.159,0.773
18.726893,295.396,62.102,0.788
18.738503,295.144,62.087,0.806
18.750113,295.144,62.087,0.826
18.761723,295.173,62.089,0.841
18.773333,295.382,62.101,0.852
18.784943,295.931,62.133,0.860
18.796553,298.083,62.259,0.869
18.808163,301.235,62.441,0.869
18.819773,305.564,62.688,0.875
18.831383,310.626,62.972,0.882
18.842993,315.940,63.266,0.888
18.854603,320.642,63.522,0.893
18.866213,324.128,63.709,0.898
18.877823,326.628,63.842,0.901
18.889433,328.473,63.939,0.901
18.901043,329.480,63.992,0.903
18.912653,330.146,64.027,0.901
18.924263,329.914,64.015,0.899
18.935873,329.533,63.995,0.894
18.947483,329.156,63.975,0.887
18.959093,329.332,63.984,0.880
18.970703,329.733,64.006,0.869
18.982313,330.539,64.048,0.862
18.993923,331.984,64.123,0.857
19.005533,335.525,64.307,0.855
19.017143,341.050,64.590,0.852
19.028753,346.384,64.858,0.852
19.040363,353.883,65.229,0.857
19.051973,360.110,65.531,0.861
19.063583,364.960,65.763,0.871
19.075193,367.192,65.868,0.877
19.086803,368.658,65.937,0.881
19.098413,369.417,65.973,0.881
19.110023,369.392,65.972,0.881
19.121633,369.263,65.966,0.883
19.133243,369.306,65.968,0.884
19.144853,369.859,65.994,0.886
19.156463,371.353,66.063,0.886
19.168073,374.370,66.204,0.883
19.179683,378.944,66.414,0.882
19.191293,384.646,66.672,0.884
19.202902,392.229,67.010,0.883
19.214512,400.476,67.371,0.882
19.226122,408.019,67.694,0.880
19.237732,412.308,67.875,0.879
19.249342,414.449,67.964,0.880
19.260952,415.455,68.006,0.883
19.272562,415.833,68.022,0.883
19.284172,415.937,68.026,0.882
19.295782,415.949,68.027,0.883
19.307392,415.790,68.020,0.884
19.319002,415.719,68.017,0.881
19.330612,415.602,68.012,0.869
19.342222,414.873,67.982,0.856
19.353832,414.976,67.986,0.838
19.365442,414.309,67.958,0.818
19.377052,411.744,67.851,0.794
19.388662,412.355,67.877,0.768
19.400272,410.261,67.788,0.727
19.411882,459.366,69.746,0.686
19.423492,89.299,41.391,0.691
19.435102,1002.273,83.252,0.695
19.446712,122.215,46.823,0.711
19.458322,1002.273,83.252,0.732
19.469932,1002.273,83.252,0.742
19.481542,369.182,65.962,0.748
19.493152,370.741,66.035,0.750
19.504762,369.367,65.971,0.751
19.516372,369.148,65.960,0.738
19.527982,306.604,62.746,0.716
19.539592,371.557,66.073,0.686
19.551202,168.409,52.374,0.642
19.562812,81.075,39.718,0.596
19.574422,109.713,44.955,0.532
19.586032,109.304,44.890,0.462
19.597642,83.429,40.213,0.371
19.609252,184.137,53.919,0.354
19.620862,319.895,63.481,0.426
19.632472,851.544,80.431,0.508
19.644082,1002.273,83.252,0.561
19.655692,206.174,55.876,0.587
19.667302,927.409,81.908,0.611
19.678912,928.305,81.925,0.628
19.690522,928.682,81.932,0.637
19.702132,926.264,81.887,0.640
19.713741,111.974,45.308,0.634
19.725351,925.258,81.868,0.611
19.736961,111.970,45.307,0.580
19.748571,112.106,45.328,0.551
19.760181,80.117,39.512,0.511
19.771791,92.930,42.081,0.459
19.783401,360.780,65.563,0.415
19.795011,360.995,65.574,0.342
19.806621,1002.273,83.252,0.376
19.818231,195.160,54.926,0.551
19.829841,319.624,63.466,0.652
19.841451,846.721,80.333,0.704
19.853061,843.138,80.259,0.737
19.864671,842.729,80.251,0.754
19.876281,320.290,63.503,0.776
19.887891,281.996,61.298,0.805
19.899501,281.548,61.271,0.829
19.911111,269.068,60.486,0.841
19.922721,252.948,59.416,0.850
19.934331,248.229,59.090,0.860
19.945941,246.953,59.001,0.869
19.957551,245.432,58.894,0.879
19.969161,244.238,58.809,0.882
19.980771,243.170,58.734,0.881
19.992381,242.829,58.709,0.879
20.003991,243.171,58.734,0.876
20.015601,244.575,58.833,0.871
20.027211,247.309,59.026,0.865
20.038821,250.072,59.218,0.861
20.050431,252.767,59.404,0.856
20.062041,255.219,59.571,0.854
20.073651,257.345,59.714,0.851
20.085261,258.978,59.824,0.848
20.096871,260.018,59.893,0.848
20.108481,260.745,59.942,0.846
20.120091,260.890,59.951,0.846
20.131701,260.986,59.958,0.845
20.143311,261.414,59.986,0.847
20.154921,261.876,60.017,0.849
20.166531,262.075,60.030,0.850
20.178141,262.192,60.037,0.850
20.189751,262.105,60.032,0.850
20.201361,262.224,60.040,0.852
20.212971,261.998,60.025,0.852
20.224580,261.786,60.011,0.853
20.236190,261.667,60.003,0.855
20.247800,261.539,59.994,0.856
20.259410,261.457,59.989,0.860
20.271020,261.516,59.993,0.861
20.282630,261.472,59.990,0.861
20.294240,261.163,59.969,0.857
20.305850,261.064,59.963,0.850
20.317460,260.743,59.942,0.837
20.329070,260.249,59.909,0.821
20.340680,259.872,59.884,0.799
20.352290,259.175,59.837,0.800
20.363900,259.131,59.834,0.819
20.375510,260.107,59.899,0.825
20.387120,261.512,59.993,0.830
20.398730,262.113,60.032,0.841
20.410340,262.228,60.040,0.858
20.421950,262.208,60.039,0.873
20.433560,262.184,60.037,0.889
20.445170,262.184,60.037,0.890
20.456780,262.018,60.026,0.881
20.468390,261.944,60.021,0.878
20.480000,261.944,60.021,0.880
20.491610,261.870,60.016,0.879
20.503220,261.992,60.024,0.875
20.514830,262.064,60.029,0.873
20.526440,261.819,60.013,0.872
20.538050,261.863,60.016,0.860
20.549660,261.923,60.020,0.845
20.561270,261.938,60.021,0.826
20.572880,261.864,60.016,0.800
20.584490,261.675,60.003,0.771
20.596100,944.973,82.233,0.736
20.607710,953.511,82.389,0.676
20.619320,946.119,82.254,0.547
20.630930,580.781,73.806,0.673
20.642540,594.850,74.220,0.718
20.654150,367.961,65.905,0.774
20.665760,371.209,66.057,0.814
20.677370,371.699,66.080,0.839
20.688980,371.032,66.048,0.863
20.700590,370.875,66.041,0.878
20.712200,370.769,66.036,0.890
20.723810,371.400,66.066,0.885
20.735420,372.555,66.119,0.885
20.747029,373.294,66.154,0.880
20.758639,374.078,66.190,0.874
20.770249,375.636,66.262,0.870
20.781859,208.396,56.062,0.863
20.793469,208.935,56.107,0.856
20.805079,411.585,67.844,0.851
20.816689,413.255,67.914,0.847
20.828299,415.467,68.007,0.844
20.839909,416.146,68.035,0.841
20.851519,416.031,68.030,0.835
20.863129,414.927,67.984,0.833
20.874739,413.517,67.925,0.830
20.886349,412.610,67.887,0.833
20.897959,412.271,67.873,0.833
20.909569,412.186,67.869,0.819
20.921179,412.265,67.873,0.801
20.932789,411.449,67.839,0.792
20.944399,409.046,67.737,0.805
20.956009,409.922,67.774,0.814
20.967619,412.311,67.875,0.825
20.979229,413.078,67.907,0.837
20.990839,413.139,67.910,0.853
21.002449,413.173,67.911,0.880
21.014059,412.758,67.894,0.907
21.025669,411.767,67.852,0.922
21.037279,410.487,67.798,0.925
21.048889,408.193,67.701,0.926
21.060499,405.319,67.579,0.924
21.072109,402.480,67.457,0.918
21.083719,399.327,67.321,0.909
21.095329,393.976,67.087,0.896
21.106939,384.329,66.658,0.879
21.118549,374.970,66.231,0.866
21.130159,370.401,66.019,0.856
21.141769,368.507,65.930,0.851
21.153379,368.133,65.913,0.851
21.164989,368.435,65.927,0.857
21.176599,368.803,65.944,0.863
21.188209,368.955,65.951,0.867
21.199819,369.068,65.957,0.868
21.211429,369.125,65.959,0.868
21.223039,369.288,65.967,0.869
21.234649,369.666,65.985,0.871
21.246259,369.929,65.997,0.873
21.257868,370.122,66.006,0.874
21.269478,370.125,66.006,0.874
21.281088,370.128,66.006,0.876
21.292698,370.102,66.005,0.878
21.304308,370.149,66.007,0.881
21.315918,370.057,66.003,0.883
21.327528,369.743,65.988,0.882
21.339138,369.296,65.967,0.876
21.350748,368.929,65.950,0.867
21.362358,369.035,65.955,0.858
21.373968,369.405,65.972,0.842
21.385578,369.962,65.998,0.826
21.397188,370.910,66.043,0.808
21.408798,373.537,66.165,0.786
21.420408,380.116,66.467,0.766
21.432018,394.690,67.119,0.752
21.443628,399.885,67.345,0.745
21.455238,401.672,67.422,0.742
21.466848,398.609,67.290,0.760
21.478458,393.317,67.058,0.772
21.490068,384.855,66.682,0.774
21.501678,380.953,66.505,0.771
21.513288,379.887,66.457,0.763
21.524898,378.789,66.407,0.754
21.536508,376.827,66.317,0.743
21.548118,375.287,66.246,0.729
21.559728,376.665,66.309,0.701
21.571338,395.531,67.155,0.668
21.582948,403.368,67.495,0.642
21.594558,406.006,67.608,0.624
21.606168,406.605,67.634,0.609
21.617778,809.202,79.548,0.595
21.629388,807.082,79.503,0.582
21.640998,806.016,79.480,0.572
21.652608,808.381,79.530,0.565
21.664218,762.484,78.518,0.568
21.675828,752.906,78.300,0.582
21.687438,769.007,78.666,0.616
21.699048,794.775,79.237,0.656
21.710658,790.951,79.153,0.680
21.722268,557.520,73.098,0.699
21.733878,755.577,78.361,0.719
21.745488,414.301,67.958,0.730
21.757098,415.445,68.006,0.736
21.768707,415.625,68.013,0.739
21.780317,416.173,68.036,0.736
21.791927,415.508,68.008,0.724
21.803537,415.920,68.026,0.715
21.815147,88.603,41.255,0.703
21.826757,185.752,54.070,0.679
21.838367,185.585,54.055,0.653
21.849977,185.038,54.004,0.623
21.861587,184.208,53.926,0.586
21.873197,186.214,54.113,0.534
21.884807,82.556,40.031,0.487
21.896417,369.757,65.989,0.498
21.908027,367.239,65.871,0.569
21.919637,314.587,63.191,0.671
21.931247,316.052,63.272,0.730
21.942857,319.456,63.457,0.771
21.954467,323.130,63.655,0.794
21.966077,327.997,63.914,0.813
21.977687,333.248,64.189,0.832
21.989297,333.817,64.219,0.844
22.000907,333.498,64.202,0.851
22.012517,332.777,64.165,0.849
22.024127,331.996,64.124,0.845
22.035737,330.007,64.020,0.841
22.047347,327.088,63.866,0.841
22.058957,325.712,63.793,0.838
22.070567,324.986,63.754,0.831
22.082177,324.354,63.721,0.825
22.093787,323.925,63.698,0.817
22.105397,323.945,63.699,0.806
22.117007,325.020,63.756,0.794
22.128617,327.218,63.873,0.783
22.140227,329.812,64.010,0.773
22.151837,331.692,64.108,0.769
22.163447,332.144,64.132,0.767
22.175057,330.621,64.052,0.771
22.186667,328.965,63.965,0.776
22.198277,328.388,63.935,0.784
22.209887,327.930,63.911,0.794
22.221497,327.602,63.893,0.802
22.233107,327.668,63.897,0.810
22.244717,327.879,63.908,0.813
22.256327,328.002,63.914,0.815
22.267937,328.104,63.920,0.813
22.279546,328.615,63.947,0.814
22.291156,330.448,64.043,0.822
22.302766,331.726,64.110,0.825
22.314376,331.809,64.114,0.826
22.325986,331.527,64.099,0.826
22.337596,330.928,64.068,0.830
22.349206,330.947,64.069,0.832
22.360816,331.807,64.114,0.836
22.372426,332.870,64.169,0.843
22.384036,333.851,64.220,0.842
22.395646,335.895,64.326,0.843
22.407256,340.083,64.541,0.846
22.418866,346.207,64.850,0.852
22.430476,356.629,65.363,0.859
22.442086,363.239,65.681,0.866
22.453696,366.079,65.816,0.873
22.465306,367.986,65.906,0.876
22.476916,369.432,65.974,0.878
22.488526,370.995,66.047,0.882
22.500136,371.484,66.070,0.884
22.511746,371.438,66.067,0.884
22.523356,371.011,66.047,0.884
22.534966,369.925,65.997,0.884
22.546576,368.880,65.948,0.880
22.558186,367.279,65.872,0.875
22.569796,366.113,65.817,0.860
22.581406,364.289,65.731,0.846
22.593016,360.838,65.566,0.836
22.604626,354.030,65.236,0.827
22.616236,340.228,64.548,0.817
22.627846,334.501,64.254,0.807
22.639456,332.732,64.162,0.799
22.651066,331.307,64.088,0.792
22.662676,330.881,64.066,0.806
22.674286,330.586,64.050,0.809
22.685896,330.080,64.024,0.800
22.697506,329.575,63.997,0.795
22.709116,329.037,63.969,0.788
22.720726,328.797,63.956,0.778
22.732336,328.122,63.921,0.770
22.743946,327.574,63.892,0.760
22.755556,327.761,63.902,0.754
22.767166,153.085,50.722,0.749
22.778776,266.318,60.308,0.751
22.790385,153.095,50.723,0.751
22.801995,94.182,42.312,0.745
22.813605,93.037,42.101,0.740
22.825215,266.289,60.306,0.737
22.836825,93.013,42.096,0.740
22.848435,98.847,43.149,0.736
22.860045,98.848,43.149,0.730
22.871655,104.476,44.108,0.713
22.883265,361.709,65.608,0.707
22.894875,362.408,65.641,0.723
22.906485,372.313,66.108,0.746
22.918095,370.643,66.030,0.770
22.929705,367.786,65.896,0.792
22.941315,366.942,65.857,0.810
22.952925,367.771,65.896,0.830
22.964535,369.132,65.960,0.852
22.976145,371.067,66.050,0.866
22.987755,376.172,66.287,0.871
22.999365,382.366,66.569,0.872
23.010975,389.088,66.871,0.869
23.022585,398.840,67.300,0.860
23.034195,403.101,67.484,0.846
23.045805,408.789,67.726,0.825
23.057415,413.575,67.928,0.797
23.069025,416.491,68.049,0.762
23.080635,417.848,68.106,0.720
23.092245,416.767,68.061,0.670
23.103855,410.790,67.811,0.596
23.115465,391.104,66.961,0.469
23.127075,364.163,65.725,0.332
23.138685,367.871,65.900,0.200
23.150295,369.216,65.964,0.167
23.161905,369.042,65.955,0.164
23.173515,370.728,66.034,0.274
23.185125,239.536,58.473,0.516
23.196735,306.545,62.743,0.595
23.208345,253.139,59.429,0.683
23.219955,252.450,59.382,0.735
23.231565,248.764,59.127,0.775
23.243175,248.394,59.102,0.807
23.254785,248.061,59.078,0.828
23.266395,247.600,59.046,0.848
23.278005,246.531,58.971,0.860
23.289615,245.974,58.932,0.869
23.301224,245.241,58.880,0.868
23.312834,244.845,58.852,0.867
23.324444,244.994,58.863,0.864
23.336054,245.509,58.899,0.862
23.347664,247.093,59.011,0.867
23.359274,250.950,59.279,0.867
23.370884,258.932,59.821,0.864
23.382494,267.109,60.359,0.863
23.394104,270.611,60.585,0.864
23.405714,273.796,60.787,0.866
23.417324,275.212,60.876,0.864
23.428934,276.312,60.946,0.859
23.440544,276.993,60.988,0.851
23.452154,277.732,61.034,0.843
23.463764,277.831,61.040,0.837
23.475374,277.566,61.024,0.825
23.486984,277.204,61.001,0.810
23.498594,278.967,61.111,0.793
23.510204,282.462,61.327,0.783
23.521814,289.752,61.768,0.773
23.533424,305.544,62.687,0.770
23.545034,323.244,63.661,0.772
23.556644,329.892,64.014,0.780
23.568254,332.127,64.131,0.794
23.579864,332.832,64.167,0.806
23.591474,333.064,64.180,0.820
23.603084,332.763,64.164,0.832
23.614694,331.678,64.107,0.840
23.626304,329.574,63.997,0.842
23.637914,327.605,63.893,0.840
23.649524,325.832,63.800,0.835
23.661134,324.928,63.751,0.829
23.672744,324.604,63.734,0.826
23.684354,325.076,63.759,0.822
23.695964,326.266,63.823,0.816
23.707574,328.283,63.929,0.814
23.719184,330.459,64.044,0.817
23.730794,331.877,64.118,0.820
23.742404,332.659,64.158,0.824
23.754014,332.253,64.137,0.829
23.765624,331.730,64.110,0.832
23.777234,330.230,64.032,0.830
23.788844,328.538,63.943,0.827
23.800454,326.562,63.838,0.827
23.812063,325.288,63.771,0.827
23.823673,325.142,63.763,0.828
23.835283,325.706,63.793,0.827
23.846893,326.963,63.860,0.825
23.858503,328.496,63.940,0.825
23.870113,330.320,64.036,0.826
23.881723,331.701,64.109,0.827
23.893333,332.962,64.174,0.825
23.904943,333.312,64.192,0.819
23.916553,332.754,64.163,0.812
23.928163,331.805,64.114,0.804
23.939773,330.108,64.025,0.794
23.951383,328.691,63.951,0.783
23.962993,327.394,63.882,0.775
23.974603,326.762,63.849,0.766
23.986213,327.149,63.869,0.758
23.997823,327.547,63.890,0.755
24.009433,329.588,63.998,0.760
24.021043,329.473,63.992,0.772
24.032653,328.249,63.927,0.788
24.044263,327.838,63.906,0.797
24.055873,328.565,63.944,0.801
24.067483,329.000,63.967,0.802
24.079093,329.202,63.978,0.796
24.090703,329.650,64.001,0.788
24.102313,329.746,64.006,0.777
24.113923,332.857,64.169,0.761
24.125533,373.552,66.166,0.735
24.137143,374.350,66.203,0.712
24.148753,375.221,66.243,0.699
24.160363,376.323,66.294,0.684
24.171973,376.908,66.320,0.690
24.183583,377.690,66.356,0.697
24.195193,379.015,66.417,0.697
24.206803,385.393,66.706,0.698
24.218413,404.610,67.548,0.700
24.230023,410.199,67.786,0.705
24.241633,411.897,67.857,0.705
24.253243,412.590,67.886,0.705
24.264853,413.677,67.932,0.699
24.276463,414.262,67.956,0.692
24.288073,413.639,67.930,0.687
24.299683,412.007,67.862,0.683
24.311293,411.253,67.830,0.670
24.322902,410.380,67.793,0.659
24.334512,411.713,67.850,0.660
24.346122,412.536,67.884,0.666
24.357732,414.397,67.962,0.667
24.369342,374.319,66.201,0.663
24.380952,374.379,66.204,0.658
24.392562,374.302,66.200,0.656
24.404172,373.919,66.183,0.663
24.415782,373.947,66.184,0.664
24.427392,373.215,66.150,0.656
24.439002,371.648,66.077,0.639
24.450612,362.719,65.656,0.629
24.462222,356.413,65.353,0.631
24.473832,335.151,64.288,0.635
24.485442,331.386,64.092,0.632
24.497052,330.278,64.034,0.632
24.508662,329.665,64.002,0.632
24.520272,329.505,63.994,0.635
24.531882,329.573,63.997,0.643
24.543492,329.717,64.005,0.650
24.555102,329.844,64.011,0.652
24.566712,329.832,64.011,0.652
24.578322,329.669,64.002,0.652
24.589932,329.613,63.999,0.652
24.601542,329.455,63.991,0.655
24.613152,329.524,63.995,0.659
24.624762,329.969,64.018,0.664
24.636372,330.406,64.041,0.668
24.647982,330.787,64.061,0.673
24.659592,330.707,64.057,0.678
24.671202,330.121,64.026,0.680
24.682812,329.502,63.993,0.680
24.694422,328.927,63.963,0.677
24.706032,328.205,63.925,0.674
24.717642,327.710,63.899,0.672
24.729252,327.797,63.904,0.675
24.740862,328.116,63.920,0.679
24.752472,329.755,64.007,0.685
24.764082,332.323,64.141,0.697
24.775692,333.575,64.206,0.709
24.787302,333.627,64.209,0.721
24.798912,332.550,64.153,0.754
24.810522,330.943,64.069,0.766
24.822132,328.138,63.922,0.792
24.833741,880.209,81.004,0.825
24.845351,873.799,80.878,0.857
24.856961,863.589,80.674,0.881
24.868571,856.521,80.532,0.900
24.880181,846.718,80.333,0.914
24.891791,841.250,80.220,0.912
24.903401,837.907,80.151,0.919
24.915011,84.763,40.488,0.924
24.926621,84.323,40.398,0.922
24.938231,248.010,59.075,0.918
24.949841,244.892,58.856,0.914
24.961451,245.217,58.879,0.908
24.973061,247.051,59.008,0.906
24.984671,247.328,59.027,0.918
24.996281,247.306,59.026,0.922
25.007891,247.054,59.008,0.923
25.019501,247.013,59.005,0.923
25.031111,247.006,59.005,0.920
25.042721,246.893,58.997,0.916
25.054331,246.835,58.993,0.913
25.065941,246.622,58.978,0.907
25.077551,246.456,58.966,0.898
25.089161,246.367,58.960,0.894
25.100771,246.216,58.949,0.888
25.112381,246.086,58.940,0.888
25.123991,246.349,58.958,0.883
25.135601,246.700,58.983,0.884
25.147211,246.822,58.992,0.887
25.158821,246.913,58.998,0.890
25.170431,246.986,59.003,0.893
25.182041,246.860,58.994,0.891
25.193651,123.512,47.006,0.885
25.205261,123.483,47.002,0.869
25.216871,123.427,46.994,0.861
25.228481,123.277,46.973,0.843
25.240091,123.241,46.968,0.816
25.251701,123.281,46.973,0.805
25.263311,250.438,59.243,0.780
25.274921,256.744,59.674,0.791
25.286531,255.346,59.579,0.790
25.298141,251.351,59.306,0.810
25.309751,250.449,59.244,0.829
25.321361,249.908,59.207,0.848
25.332971,249.153,59.154,0.863
25.344580,247.989,59.073,0.866
25.356190,247.887,59.066,0.866
25.367800,247.807,59.061,0.848
25.379410,247.563,59.043,0.840
25.391020,247.360,59.029,0.824
25.402630,247.561,59.043,0.803
25.414240,247.863,59.064,0.776
25.425850,239.991,58.506,0.755
25.437460,231.896,57.912,0.732
25.449070,265.902,60.281,0.746
25.460680,245.416,58.893,0.777
25.472290,247.066,59.009,0.801
25.483900,246.108,58.941,0.825
25.495510,247.082,59.010,0.845
25.507120,246.346,58.958,0.867
25.518730,247.391,59.031,0.884
25.530340,247.102,59.011,0.903
25.541950,247.088,59.010,0.914
25.553560,247.180,59.017,0.920
25.565170,246.868,58.995,0.925
25.576780,247.055,59.008,0.927
25.588390,247.354,59.029,0.927
25.600000,247.128,59.013,0.922
25.611610,247.131,59.013,0.918
25.623220,246.896,58.997,0.913
25.634830,246.925,58.999,0.906
25.646440,246.978,59.003,0.899
25.658050,246.927,58.999,0.889
25.669660,246.794,58.990,0.883
25.681270,246.720,58.984,0.872
25.692880,246.786,58.989,0.857
25.704490,246.897,58.997,0.837
25.716100,247.116,59.012,0.817
25.727710,247.564,59.044,0.799
25.739320,247.956,59.071,0.787
25.750930,248.725,59.125,0.780
25.762540,247.753,59.057,0.763
25.774150,248.418,59.103,0.764
25.785760,248.656,59.120,0.772
25.797370,249.422,59.173,0.780
25.808980,248.796,59.130,0.784
25.820590,265.324,60.243,0.779
25.832200,256.790,59.677,0.760
25.843810,231.940,57.915,0.728
25.855420,86.456,40.830,0.702
25.867029,86.459,40.831,0.667
25.878639,86.461,40.831,0.630
25.890249,80.171,39.524,0.599
25.901859,131.997,48.156,0.572
25.913469,298.213,62.266,0.658
25.925079,289.772,61.769,0.740
25.936689,286.916,61.598,0.782
25.948299,284.708,61.464,0.811
25.959909,285.146,61.490,0.837
25.971519,285.192,61.493,0.857
25.983129,285.511,61.512,0.873
25.994739,286.887,61.596,0.885
26.006349,288.681,61.704,0.886
26.017959,291.279,61.859,0.878
26.029569,296.265,62.153,0.876
26.041179,301.220,62.440,0.875
26.052789,304.899,62.650,0.873
26.064399,308.327,62.844,0.873
26.076009,310.278,62.953,0.873
26.087619,311.497,63.021,0.876
26.099229,312.110,63.055,0.869
26.110839,311.938,63.045,0.854
26.122449,311.163,63.002,0.838
26.134059,310.265,62.952,0.817
26.145669,309.603,62.915,0.792
26.157279,308.722,62.866,0.758
26.168889,307.081,62.773,0.706
26.180499,300.958,62.425,0.619
26.192109,237.917,58.355,0.540
26.203719,241.489,58.613,0.636
26.215329,245.573,58.904,0.750
26.226939,246.685,58.982,0.802
26.238549,246.611,58.977,0.829
26.250159,246.735,58.986,0.854
26.261769,246.862,58.994,0.874
26.273379,246.874,58.995,0.891
26.284989,246.924,58.999,0.904
26.296599,247.116,59.012,0.909
26.308209,247.226,59.020,0.900
26.319819,247.334,59.027,0.891
26.331429,247.392,59.032,0.888
26.343039,247.449,59.036,0.883
26.354649,247.482,59.038,0.881
26.366259,247.577,59.044,0.878
26.377868,247.594,59.046,0.875
26.389478,247.644,59.049,0.869
26.401088,247.647,59.049,0.858
26.412698,247.576,59.044,0.842
26.424308,247.544,59.042,0.822
26.435918,247.602,59.046,0.796
26.447528,247.662,59.050,0.762
26.459138,249.149,59.154,0.724
26.470748,248.068,59.079,0.710
26.482358,229.560,57.736,0.674
26.493968,229.511,57.733,0.648
26.505578,229.542,57.735,0.678
26.517188,259.264,59.843,0.726
26.528798,252.216,59.366,0.766
26.540408,248.581,59.115,0.797
26.552018,250.484,59.247,0.816
26.563628,248.304,59.095,0.819
26.575238,247.614,59.047,0.821
26.586848,248.509,59.110,0.827
26.598458,247.851,59.064,0.829
26.610068,248.099,59.081,0.823
26.621678,247.918,59.068,0.810
26.633288,247.683,59.052,0.803
26.644898,248.174,59.086,0.790
26.656508,248.363,59.099,0.772
26.668118,248.251,59.092,0.777
26.679728,248.310,59.096,0.796
26.691338,247.884,59.066,0.811
26.702948,235.109,58.150,0.819
26.714558,234.779,58.126,0.829
26.726168,234.520,58.106,0.833
26.737778,232.795,57.979,0.843
26.749388,229.794,57.754,0.852
26.760998,225.232,57.407,0.849
26.772608,221.662,57.130,0.831
26.784218,218.111,56.851,0.810
26.795828,214.542,56.565,0.801
26.807438,212.580,56.406,0.797
26.819048,208.349,56.058,0.801
26.830658,207.343,55.974,0.811
26.842268,206.910,55.938,0.826
26.853878,207.435,55.982,0.849
26.865488,208.454,56.067,0.863
26.877098,208.765,56.093,0.868
26.888707,208.677,56.085,0.859
26.900317,208.748,56.091,0.846
26.911927,209.448,56.149,0.825
26.923537,667.952,76.227,0.793
26.935147,682.919,76.611,0.743
26.946757,319.991,63.486,0.691
26.958367,923.501,81.835,0.727
26.969977,931.805,81.990,0.807
26.981587,935.287,82.055,0.852
26.993197,938.438,82.113,0.880
27.004807,944.505,82.225,0.901
27.016417,946.976,82.270,0.918
27.028027,948.139,82.291,0.932
27.039637,949.028,82.307,0.941
27.051247,243.541,58.760,0.940
27.062857,245.441,58.894,0.928
27.074467,246.128,58.943,0.919
27.086077,246.466,58.967,0.915
27.097687,246.610,58.977,0.912
27.109297,246.502,58.969,0.912
27.120907,246.360,58.959,0.910
27.132517,246.232,58.950,0.908
27.144127,246.144,58.944,0.904
27.155737,246.136,58.943,0.901
27.167347,246.216,58.949,0.896
27.178957,246.156,58.945,0.883
27.190567,246.084,58.940,0.864
27.202177,246.131,58.943,0.838
27.213787,246.676,58.981,0.813
27.225397,246.635,58.979,0.791
27.237007,247.065,59.009,0.774
27.248617,247.631,59.048,0.745
27.260227,229.611,57.740,0.727
27.271837,229.567,57.737,0.734
27.283447,229.527,57.734,0.735
27.295057,229.523,57.734,0.736
27.306667,229.435,57.727,0.726
27.318277,229.374,57.722,0.703
27.329887,219.559,56.965,0.665
27.341497,218.219,56.859,0.633
27.353107,219.875,56.990,0.571
27.364717,199.645,55.319,0.471
27.376327,251.077,59.288,0.547
27.387937,251.930,59.346,0.609
27.399546,249.819,59.201,0.705
27.411156,248.400,59.102,0.759
27.422766,248.567,59.114,0.791
27.434376,248.766,59.127,0.822
27.445986,248.677,59.121,0.847
27.457596,247.022,59.006,0.858
27.469206,246.990,59.003,0.856
27.480816,247.301,59.025,0.855
27.492426,247.508,59.040,0.841
27.504036,247.703,59.053,0.827
27.515646,247.635,59.049,0.817
27.527256,247.786,59.059,0.795
27.538866,247.852,59.064,0.767
27.550476,247.848,59.063,0.741
27.562086,229.408,57.725,0.774
27.573696,223.432,57.268,0.796
27.585306,220.783,57.062,0.798
27.596916,220.832,57.065,0.784
27.608526,220.963,57.076,0.768
27.620136,221.955,57.153,0.753
27.631746,221.929,57.151,0.742
27.643356,221.682,57.132,0.738
27.654966,217.665,56.815,0.673
27.666576,456.433,69.635,0.634
27.678186,248.376,59.100,0.619
27.689796,249.503,59.179,0.722
27.701406,249.571,59.183,0.794
27.713016,249.334,59.167,0.840
27.724626,248.764,59.127,0.870
27.736236,248.521,59.110,0.892
27.747846,248.292,59.094,0.909
27.759456,248.183,59.087,0.914
27.771066,247.970,59.072,0.913
27.782676,247.839,59.063,0.896
27.794286,247.454,59.036,0.870
27.805896,247.289,59.024,0.835
27.817506,247.357,59.029,0.795
27.829116,247.480,59.038,0.755
27.840726,250.039,59.216,0.711
27.852336,236.825,58.276,0.645
27.863946,242.761,58.704,0.663
27.875556,242.873,58.712,0.723
27.887166,242.963,58.719,0.765
27.898776,243.204,58.736,0.802
27.910385,249.608,59.186,0.821
27.921995,247.644,59.049,0.836
27.933605,246.905,58.997,0.850
27.945215,246.654,58.980,0.868
27.956825,246.666,58.981,0.878
27.968435,247.275,59.023,0.878
27.980045,247.423,59.034,0.876
27.991655,247.077,59.009,0.873
28.003265,247.081,59.010,0.877
28.014875,247.055,59.008,0.878
28.026485,247.103,59.011,0.875
28.038095,247.251,59.022,0.872
28.049705,247.455,59.036,0.867
28.061315,247.527,59.041,0.863
28.072925,247.562,59.043,0.853
28.084535,247.605,59.046,0.836
28.096145,247.645,59.049,0.812
28.107755,247.767,59.058,0.787
28.119365,247.916,59.068,0.751
28.130975,248.348,59.098,0.733
28.142585,277.554,61.023,0.767
28.154195,278.281,61.068,0.792
28.165805,277.772,61.037,0.816
28.177415,277.007,60.989,0.839
28.189025,276.761,60.974,0.844
28.200635,276.661,60.967,0.845
28.212245,276.614,60.964,0.845
28.223855,276.309,60.945,0.834
28.235465,274.918,60.858,0.792
28.247075,273.512,60.769,0.743
28.258685,269.881,60.538,0.673
28.270295,220.189,57.015,0.537
28.281905,244.607,58.836,0.492
28.293515,270.560,60.581,0.628
28.305125,274.016,60.801,0.732
28.316735,276.558,60.961,0.791
28.328345,277.715,61.033,0.830
28.339955,278.264,61.067,0.857
28.351565,277.940,61.047,0.876
28.363175,277.779,61.037,0.888
28.374785,277.867,61.043,0.896
28.386395,278.885,61.106,0.895
28.398005,280.028,61.177,0.884
28.409615,280.842,61.227,0.868
28.421224,282.279,61.315,0.853
28.432834,285.284,61.499,0.837
28.444444,292.458,61.929,0.826
28.456054,299.645,62.349,0.822
28.467664,304.802,62.644,0.820
28.479274,308.868,62.874,0.819
28.490884,310.624,62.972,0.820
28.502494,311.488,63.020,0.822
28.514104,312.040,63.051,0.823
28.525714,312.003,63.049,0.824
28.537324,311.492,63.020,0.824
28.548934,310.720,62.977,0.820
28.560544,310.194,62.948,0.818
28.572154,309.570,62.913,0.816
28.583764,308.752,62.867,0.815
28.595374,306.518,62.742,0.821
28.606984,300.820,62.417,0.832
28.618594,260.112,59.900,0.843
28.630204,257.943,59.755,0.850
28.641814,252.081,59.357,0.858
28.653424,249.033,59.146,0.863
28.665034,248.488,59.108,0.865
28.676644,247.937,59.070,0.865
28.688254,247.491,59.038,0.864
28.699864,247.374,59.030,0.856
28.711474,247.378,59.031,0.849
28.723084,247.347,59.028,0.846
28.734694,247.434,59.034,0.843
28.746304,247.505,59.039,0.839
28.757914,247.246,59.021,0.831
28.769524,246.959,59.001,0.815
28.781134,246.331,58.957,0.794
28.792744,245.487,58.898,0.770
28.804354,245.374,58.890,0.742
28.815964,246.890,58.996,0.699
28.827574,234.852,58.131,0.654
28.839184,247.715,59.054,0.618
28.850794,119.189,46.389,0.610
28.862404,119.182,46.388,0.623
28.874014,119.177,46.387,0.631
28.885624,268.915,60.476,0.672
28.897234,247.926,59.069,0.730
28.908844,247.965,59.072,0.777
28.920454,248.327,59.097,0.810
28.932063,249.038,59.146,0.835
28.943673,249.014,59.145,0.856
28.955283,248.604,59.116,0.875
28.966893,248.216,59.089,0.893
28.978503,248.094,59.081,0.902
28.990113,248.017,59.075,0.901
29.001723,247.853,59.064,0.892
29.013333,247.499,59.039,0.874
29.024943,247.188,59.017,0.852
29.036553,247.043,59.007,0.824
29.048163,247.188,59.017,0.792
29.059773,247.466,59.037,0.750
29.071383,249.310,59.165,0.721
29.082993,252.722,59.401,0.690
29.094603,253.051,59.423,0.669
29.106213,581.087,73.815,0.676
29.117823,142.245,49.450,0.693
29.129433,350.403,65.058,0.706
29.141043,350.412,65.059,0.706
29.152653,81.009,39.704,0.695
29.164263,234.741,58.123,0.653
29.175873,234.752,58.124,0.628
29.187483,80.155,39.520,0.617
29.199093,82.058,39.926,0.605
29.210703,378.986,66.416,0.601
29.222313,565.323,73.339,0.606
29.233923,567.071,73.392,0.624
29.245533,567.842,73.416,0.643
29.257143,567.701,73.412,0.649
29.268753,568.356,73.431,0.645
29.280363,567.407,73.403,0.631
29.291973,568.084,73.423,0.609
29.303583,779.069,78.891,0.576
29.315193,120.397,46.564,0.527
29.326803,250.488,59.247,0.470
29.338413,132.745,48.254,0.545
29.350023,413.928,67.943,0.716
29.361633,482.251,70.587,0.805
29.373243,494.082,71.007,0.849
29.384853,244.804,58.849,0.875
29.396463,245.127,58.872,0.897
29.408073,245.460,58.896,0.915
29.419683,245.689,58.912,0.930
29.431293,246.132,58.943,0.940
29.442902,247.648,59.049,0.935
29.454512,247.846,59.063,0.924
29.466122,247.540,59.042,0.914
29.477732,247.532,59.041,0.908
29.489342,247.672,59.051,0.899
29.500952,247.717,59.054,0.880
29.512562,247.679,59.052,0.858
29.524172,247.499,59.039,0.833
29.535782,247.424,59.034,0.802
29.547392,247.194,59.018,0.762
29.559002,246.664,58.981,0.716
29.570612,245.132,58.873,0.643
29.582222,240.224,58.523,0.556
29.593832,759.652,78.454,0.630
29.605442,757.316,78.401,0.673
29.617052,758.031,78.417,0.715
29.628662,449.284,69.361,0.738
29.640272,449.388,69.365,0.746
29.651882,449.461,69.368,0.754
29.663492,449.378,69.365,0.768
29.675102,449.736,69.379,0.775
29.686712,449.599,69.374,0.750
29.698322,101.482,43.605,0.730
29.709932,101.480,43.604,0.687
29.721542,204.413,55.728,0.652
29.733152,98.417,43.074,0.641
29.744762,452.515,69.486,0.619
29.756372,405.305,67.578,0.674
29.767982,1002.273,83.252,0.722
29.779592,1002.273,83.252,0.763
29.791202,124.737,47.177,0.797
29.802812,124.487,47.142,0.828
29.814422,124.101,47.088,0.849
29.826032,245.496,58.898,0.858
29.837642,245.386,58.891,0.864
29.849252,245.544,58.902,0.853
29.860862,246.554,58.973,0.833
29.872472,246.571,58.974,0.811
29.884082,245.354,58.888,0.777
29.895692,244.067,58.797,0.738
29.907302,241.629,58.623,0.702
29.918912,241.030,58.581,0.686
29.930522,202.033,55.525,0.695
29.942132,201.900,55.514,0.701
29.953741,202.164,55.536,0.729
29.965351,203.324,55.635,0.754
29.976961,203.805,55.676,0.774
29.988571,204.013,55.694,0.783
30.000181,191.670,54.613,0.788
30.011791,191.671,54.614,0.793
30.023401,191.656,54.612,0.787
30.035011,918.085,81.733,0.776
30.046621,1002.273,83.252,0.756
30.058231,763.090,78.532,0.733
30.069841,83.209,40.168,0.709
30.081451,111.339,45.209,0.684
30.093061,239.006,58.434,0.696
30.104671,245.307,58.885,0.752
30.116281,245.150,58.874,0.802
30.127891,245.431,58.894,0.845
30.139501,245.573,58.904,0.875
30.151111,245.772,58.918,0.897
30.162721,245.988,58.933,0.918
30.174331,246.090,58.940,0.936
30.185941,246.208,58.948,0.945
30.197551,246.161,58.945,0.945
30.209161,246.160,58.945,0.941
30.220771,246.285,58.954,0.935
30.232381,246.252,58.952,0.931
30.243991,246.062,58.938,0.927
30.255601,245.896,58.927,0.916
30.267211,245.819,58.921,0.897
30.278821,245.743,58.916,0.872
30.290431,245.702,58.913,0.847
30.302041,245.514,58.900,0.818
30.313651,245.021,58.865,0.780
30.325261,244.751,58.846,0.725
30.336871,244.618,58.836,0.638
30.348481,245.788,58.919,0.515
30.360091,366.062,65.815,0.620
30.371701,456.931,69.654,0.647
30.383311,257.431,59.720,0.708
30.394921,253.896,59.481,0.765
30.406531,251.580,59.322,0.803
30.418141,250.830,59.270,0.830
30.429751,250.429,59.243,0.854
30.441361,250.103,59.220,0.873
30.452971,247.272,59.023,0.879
30.464580,247.056,59.008,0.889
30.476190,246.445,58.965,0.893
30.487800,245.500,58.899,0.889
30.499410,245.096,58.870,0.879
30.511020,245.845,58.923,0.878
30.522630,246.584,58.975,0.880
30.534240,246.514,58.970,0.881
30.545850,246.119,58.942,0.878
30.557460,246.300,58.955,0.876
30.569070,246.596,58.976,0.870
30.580680,246.733,58.985,0.858
30.592290,246.734,58.985,0.849
30.603900,246.750,58.987,0.828
30.615510,246.431,58.964,0.793
30.627120,247.067,59.009,0.755
30.638730,249.482,59.177,0.741
30.650340,248.062,59.078,0.736
30.661950,385.981,66.732,0.715
30.673560,311.773,63.036,0.735
30.685170,311.533,63.023,0.793
30.696780,311.408,63.016,0.833
30.708390,311.312,63.010,0.858
30.720000,311.233,63.006,0.881
30.731610,310.945,62.990,0.889
30.743220,310.473,62.964,0.888
30.754830,310.566,62.969,0.884
30.766440,310.709,62.977,0.875
30.778050,310.786,62.981,0.848
30.789660,310.735,62.978,0.812
30.801270,310.841,62.984,0.774
30.812880,311.000,62.993,0.706
30.824490,311.567,63.024,0.611
30.836100,254.069,59.493,0.552
30.847710,274.167,60.811,0.655
30.859320,274.635,60.840,0.690
30.870930,275.257,60.879,0.745
30.882540,275.218,60.877,0.775
30.894150,270.105,60.552,0.797
30.905760,270.121,60.553,0.818
30.917370,269.880,60.538,0.831
30.928980,269.158,60.491,0.841
30.940590,250.146,59.223,0.839
30.952200,250.058,59.217,0.839
30.963810,159.779,51.463,0.831
30.975420,314.922,63.210,0.830
30.987029,311.185,63.003,0.828
30.998639,311.351,63.012,0.823
31.010249,310.916,62.988,0.817
31.021859,310.447,62.962,0.811
31.033469,310.258,62.952,0.811
31.045079,309.641,62.917,0.818
31.056689,310.064,62.941,0.825
31.068299,310.672,62.975,0.827
31.079909,309.847,62.929,0.820
31.091519,308.012,62.826,0.818
31.103129,305.405,62.679,0.831
31.114739,299.490,62.340,0.835
31.126349,280.887,61.230,0.835
31.137959,279.858,61.166,0.833
31.149569,278.784,61.100,0.820
31.161179,278.308,61.070,0.802
31.172789,278.964,61.111,0.808
31.184399,279.238,61.128,0.808
31.196009,278.745,61.097,0.790
31.207619,269.712,60.527,0.773
31.219229,262.117,60.032,0.761
31.230839,278.911,61.108,0.751
31.242449,278.923,61.108,0.753
31.254059,278.937,61.109,0.764
31.265669,278.854,61.104,0.750
31.277279,298.212,62.266,0.748
31.288889,309.898,62.932,0.770
31.300499,309.171,62.891,0.784
31.312109,309.174,62.891,0.800
31.323719,309.169,62.891,0.811
31.335329,308.964,62.879,0.819
31.346939,309.470,62.908,0.831
31.358549,309.584,62.914,0.842
31.370159,309.229,62.894,0.848
31.381769,309.117,62.888,0.847
31.393379,309.217,62.893,0.849
31.404989,309.138,62.889,0.852
31.416599,275.597,60.901,0.867
31.428209,275.213,60.877,0.880
31.439819,275.239,60.878,0.882
31.451429,275.751,60.910,0.888
31.463039,276.657,60.967,0.891
31.474649,276.146,60.935,0.884
31.486259,276.198,60.938,0.873
31.497868,276.652,60.967,0.857
31.509478,277.374,61.012,0.822
31.521088,278.864,61.105,0.781
31.532698,280.569,61.210,0.738
31.544308,281.824,61.288,0.672
31.555918,279.411,61.139,0.565
31.567528,278.305,61.070,0.481
31.579138,471.661,70.203,0.616
31.590748,331.250,64.085,0.725
31.602358,333.005,64.177,0.795
31.613968,331.721,64.110,0.837
31.625578,330.472,64.044,0.873
31.637188,329.729,64.005,0.896
31.648798,329.292,63.982,0.914
31.660408,328.481,63.940,0.935
31.672018,327.973,63.913,0.947
31.683628,327.267,63.876,0.947
31.695238,327.689,63.898,0.946
31.706848,328.081,63.919,0.946
31.718458,327.594,63.893,0.939
31.730068,326.436,63.832,0.937
31.741678,943.481,82.206,0.937
31.753288,937.182,82.090,0.927
31.764898,929.990,81.957,0.922
31.776508,922.747,81.821,0.926
31.788118,907.696,81.536,0.926
31.799728,889.070,81.178,0.923
31.811338,278.506,61.082,0.927
31.822948,276.574,60.962,0.928
31.834558,275.223,60.877,0.928
31.846168,274.606,60.838,0.930
31.857778,274.267,60.817,0.925
31.869388,273.623,60.776,0.918
31.880998,272.376,60.697,0.911
31.892608,271.309,60.629,0.905
31.904218,270.643,60.587,0.899
31.915828,271.170,60.620,0.894
31.927438,272.594,60.711,0.893
31.939048,275.192,60.875,0.895
31.950658,278.815,61.102,0.904
31.962268,281.059,61.240,0.911
31.973878,281.742,61.282,0.913
31.985488,281.741,61.282,0.914
31.997098,281.490,61.267,0.914
32.008707,280.860,61.228,0.911
32.020317,279.010,61.114,0.906
32.031927,275.915,60.921,0.899
32.043537,272.350,60.695,0.884
32.055147,270.450,60.574,0.871
32.066757,269.809,60.533,0.863
32.078367,269.950,60.542,0.855
32.089977,272.208,60.686,0.848
32.101587,275.132,60.871,0.846
32.113197,276.941,60.985,0.847
32.124807,276.559,60.961,0.854
32.136417,278.007,61.051,0.856
32.148027,277.722,61.034,0.851
32.159637,277.809,61.039,0.849
32.171247,277.136,60.997,0.855
32.182857,136.278,48.709,0.866
32.194467,90.161,41.557,0.877
32.206077,460.528,69.789,0.898
32.217687,242.944,58.717,0.910
32.229297,243.806,58.779,0.925
32.240907,244.194,58.806,0.940
32.252517,244.781,58.848,0.953
32.264127,245.131,58.873,0.962
32.275737,245.538,58.901,0.967
32.287347,246.013,58.935,0.967
32.298957,246.641,58.979,0.956
32.310567,246.884,58.996,0.946
32.322177,247.045,59.007,0.936
32.333787,247.040,59.007,0.928
32.345397,246.641,58.979,0.919
32.357007,481.603,70.564,0.908
32.368617,469.291,70.116,0.899
32.380227,461.471,69.825,0.897
32.391837,418.934,68.151,0.894
32.403447,417.680,68.099,0.894
32.415057,417.235,68.080,0.893
32.426667,416.869,68.065,0.891
32.438277,416.498,68.050,0.891
32.449887,416.166,68.036,0.890
32.461497,415.878,68.024,0.886
32.473107,415.800,68.021,0.884
32.484717,415.746,68.018,0.886
32.496327,415.583,68.012,0.888
32.507937,415.288,67.999,0.890
32.519546,415.151,67.994,0.890
32.531156,415.042,67.989,0.895
32.542766,414.941,67.985,0.904
32.554376,415.073,67.990,0.913
32.565986,415.259,67.998,0.918
32.577596,415.376,68.003,0.923
32.589206,415.374,68.003,0.928
32.600816,415.292,67.999,0.932
32.612426,415.144,67.993,0.933
32.624036,415.047,67.989,0.932
32.635646,414.877,67.982,0.931
32.647256,414.689,67.974,0.929
32.658866,414.518,67.967,0.925
32.670476,414.331,67.959,0.917
32.682086,414.154,67.952,0.901
32.693696,414.036,67.947,0.883
32.705306,413.832,67.938,0.862
32.716916,413.519,67.925,0.835
32.728526,413.298,67.916,0.802
32.740136,409.715,67.765,0.765
32.751746,408.432,67.711,0.740
32.763356,407.985,67.692,0.710
32.774966,408.798,67.727,0.721
32.786576,424.238,68.368,0.754
32.798186,437.211,68.890,0.798
32.809796,458.704,69.721,0.844
32.821406,463.479,69.900,0.876
32.833016,477.392,70.412,0.904
32.844626,480.837,70.537,0.928
32.856236,484.060,70.652,0.947
32.867846,486.343,70.734,0.960
32.879456,488.216,70.800,0.968
32.891066,490.266,70.873,0.968
32.902676,491.957,70.932,0.956
32.914286,493.007,70.969,0.939
32.925896,493.785,70.997,0.917
32.937506,494.471,71.021,0.891
32.949116,493.074,70.972,0.871
32.960726,490.090,70.867,0.859
32.972336,485.622,70.708,0.854
32.983946,422.290,68.289,0.849
32.995556,419.479,68.173,0.864
33.007166,418.212,68.121,0.883
33.018776,417.444,68.089,0.895
33.030385,417.031,68.072,0.905
33.041995,416.566,68.052,0.908
33.053605,415.815,68.021,0.904
33.065215,415.154,67.994,0.895
33.076825,415.034,67.989,0.891
33.088435,414.961,67.986,0.888
33.100045,415.430,68.005,0.883
33.111655,416.001,68.029,0.878
33.123265,416.641,68.056,0.876
33.134875,417.706,68.100,0.877
33.146485,418.950,68.151,0.884
33.158095,421.659,68.263,0.895
33.169705,425.249,68.410,0.904
33.181315,430.142,68.608,0.915
33.192925,435.414,68.819,0.928
33.204535,439.245,68.970,0.939
33.216145,440.917,69.036,0.949
33.227755,441.056,69.042,0.955
33.239365,439.812,68.993,0.957
33.250975,876.212,80.925,0.957
33.262585,870.993,80.822,0.956
33.274195,865.689,80.716,0.951
33.285805,423.666,68.345,0.945
33.297415,419.477,68.173,0.939
33.309025,417.412,68.088,0.933
33.320635,415.801,68.021,0.928
33.332245,414.522,67.967,0.925
33.343855,414.043,67.947,0.924
33.355465,414.105,67.950,0.924
33.367075,414.434,67.964,0.925
33.378685,414.760,67.977,0.926
33.390295,414.957,67.985,0.927
33.401905,414.908,67.983,0.927
33.413515,414.942,67.985,0.930
33.425125,415.045,67.989,0.931
33.436735,415.160,67.994,0.932
33.448345,415.219,67.996,0.933
33.459955,415.172,67.994,0.932
33.471565,415.244,67.997,0.933
33.483175,415.797,68.020,0.933
33.494785,416.951,68.068,0.932
33.506395,418.890,68.149,0.934
33.518005,423.033,68.319,0.937
33.529615,881.396,81.027,0.940
33.541224,890.250,81.200,0.944
33.552834,895.742,81.307,0.947
33.564444,897.589,81.343,0.946
33.576054,894.194,81.277,0.947
33.587664,892.019,81.235,0.945
33.599274,886.534,81.128,0.940
33.610884,875.800,80.917,0.936
33.622494,423.010,68.318,0.933
33.634104,421.289,68.248,0.926
33.645714,419.605,68.178,0.924
33.657324,418.467,68.131,0.920
33.668934,416.797,68.062,0.916
33.680544,415.380,68.003,0.915
33.692154,413.614,67.929,0.917
33.703764,868.551,80.773,0.917
33.715374,383.009,66.599,0.913
33.726984,378.161,66.378,0.914
33.738594,375.047,66.235,0.912
33.750204,373.153,66.147,0.915
33.761814,371.413,66.066,0.918
33.773424,370.453,66.021,0.920
33.785034,370.123,66.006,0.921
33.796644,370.191,66.009,0.922
33.808254,370.174,66.008,0.922
33.819864,370.108,66.005,0.921
33.831474,370.054,66.003,0.920
33.843084,370.174,66.008,0.922
33.854694,370.305,66.015,0.921
33.866304,370.196,66.009,0.921
33.877914,370.100,66.005,0.922
33.889524,370.061,66.003,0.924
33.901134,370.193,66.009,0.926
33.912744,370.385,66.018,0.931
33.924354,370.391,66.019,0.934
33.935964,370.426,66.020,0.933
33.947574,370.494,66.023,0.926
33.959184,123.494,47.003,0.931
33.970794,123.354,46.984,0.935
33.982404,186.557,54.145,0.935
33.994014,971.659,82.715,0.934
34.005624,971.872,82.719,0.933
34.017234,977.422,82.818,0.934
34.028844,486.087,70.725,0.936
34.040454,487.819,70.786,0.942
34.052063,488.277,70.802,0.938
34.063673,489.515,70.846,0.934
34.075283,491.262,70.908,0.932
34.086893,493.643,70.992,0.935
34.098503,496.598,71.095,0.933
34.110113,499.469,71.195,0.929
34.121723,504.096,71.354,0.927
34.133333,510.524,71.574,0.924
34.144943,518.463,71.841,0.918
34.156553,527.937,72.154,0.909
34.168163,538.294,72.491,0.902
34.179773,546.427,72.750,0.892
34.191383,551.673,72.916,0.885
34.202993,554.851,73.015,0.880
34.214603,556.074,73.053,0.873
34.226213,555.663,73.040,0.869
34.237823,554.748,73.012,0.868
34.249433,553.300,72.967,0.870
34.261043,550.047,72.865,0.871
34.272653,545.711,72.728,0.874
34.284263,535.505,72.401,0.879
34.295873,1002.273,83.252,0.886
34.307483,1002.273,83.252,0.891
34.319093,978.167,82.831,0.899
34.330703,957.792,82.467,0.909
34.342313,938.992,82.123,0.917
34.353923,442.825,69.111,0.921
34.365533,434.636,68.788,0.925
34.377143,429.395,68.578,0.925
34.388753,423.847,68.352,0.928
34.400363,209.433,56.148,0.932
34.411973,208.812,56.096,0.933
34.423583,208.148,56.041,0.930
34.435193,207.584,55.994,0.924
34.446803,416.085,68.033,0.921
34.458413,207.046,55.949,0.918
34.470023,416.274,68.040,0.915
34.481633,416.729,68.059,0.911
34.493243,417.580,68.095,0.912
34.504853,418.398,68.128,0.915
34.516463,418.851,68.147,0.915
34.528073,419.463,68.172,0.915
34.539683,209.036,56.115,0.925
34.551293,421.493,68.256,0.928
34.562902,873.629,80.874,0.941
34.574512,885.622,81.110,0.943
34.586122,893.920,81.272,0.939
34.597732,898.812,81.366,0.936
34.609342,904.813,81.481,0.938
34.620952,908.474,81.551,0.944
34.632562,903.694,81.460,0.938
34.644172,163.063,51.815,0.939
34.655782,163.100,51.819,0.930
34.667392,163.523,51.864,0.930
34.679002,163.625,51.875,0.928
34.690612,164.008,51.915,0.926
34.702222,164.385,51.955,0.924
34.713832,82.322,39.982,0.924
34.725442,82.340,39.986,0.921
34.737052,82.271,39.971,0.915
34.748662,82.132,39.942,0.905
34.760272,81.993,39.913,0.894
34.771882,81.950,39.904,0.888
34.783492,81.991,39.912,0.879
34.795102,408.819,67.728,0.869
34.806712,409.660,67.763,0.853
34.818322,422.438,68.295,0.841
34.829932,423.442,68.336,0.831
34.841542,141.407,49.348,0.823
34.853152,141.519,49.362,0.815
34.864762,423.133,68.323,0.808
34.876372,422.554,68.300,0.800
34.887982,402.108,67.441,0.807
34.899592,402.122,67.442,0.821
34.911202,333.876,64.222,0.837
34.922812,333.998,64.228,0.851
34.934422,333.892,64.223,0.866
34.946032,333.909,64.223,0.880
34.957642,333.908,64.223,0.892
34.969252,333.857,64.221,0.900
34.980862,333.667,64.211,0.901
34.992472,333.323,64.193,0.900
35.004082,332.619,64.156,0.897
35.015692,331.932,64.121,0.894
35.027302,329.751,64.006,0.890
35.038912,326.684,63.845,0.887
35.050522,324.507,63.729,0.885
35.062132,324.590,63.733,0.884
35.073741,324.724,63.741,0.880
35.085351,325.218,63.767,0.876
35.096961,326.325,63.826,0.873
35.108571,330.609,64.051,0.870
35.120181,331.305,64.088,0.870
35.131791,331.433,64.095,0.871
35.143401,331.686,64.108,0.869
35.155011,328.680,63.950,0.866
35.166621,325.065,63.759,0.867
35.178231,324.709,63.740,0.867
35.189841,324.074,63.706,0.865
35.201451,322.488,63.621,0.853
35.213061,320.587,63.519,0.836
35.224671,321.013,63.542,0.811
35.236281,334.301,64.244,0.782
35.247891,339.096,64.490,0.749
35.259501,341.764,64.626,0.704
35.271111,339.307,64.501,0.640
35.282721,330.398,64.040,0.517
35.294331,329.932,64.016,0.432
35.305941,164.758,51.994,0.398
35.317551,164.656,51.983,0.413
35.329161,437.084,68.885,0.768
35.340771,441.649,69.065,0.841
35.352381,441.203,69.047,0.882
35.363991,440.697,69.027,0.910
35.375601,439.884,68.995,0.938
35.387211,439.403,68.976,0.963
35.398821,439.490,68.980,0.984
35.410431,440.333,69.013,1.000
35.422041,441.644,69.065,0.994
35.433651,444.437,69.174,0.992
35.445261,449.321,69.363,0.991
35.456871,914.949,81.674,0.989
35.468481,923.868,81.842,0.980
35.480091,936.119,82.070,0.967
35.491701,476.674,70.386,0.950
35.503311,483.242,70.623,0.929
35.514921,487.841,70.787,0.909
35.526531,491.875,70.929,0.877
35.538141,494.614,71.026,0.837
35.549751,495.100,71.043,0.791
35.561361,493.302,70.980,0.742
35.572971,490.067,70.866,0.684
35.584580,482.757,70.606,0.604
35.596190,464.046,69.921,0.492
35.607800,444.982,69.195,0.378
35.619410,1002.273,83.252,0.475
35.631020,1002.273,83.252,0.549
35.642630,434.963,68.801,0.606
35.654240,431.806,68.675,0.725
35.665850,432.923,68.719,0.767
35.677460,433.471,68.741,0.791
35.689070,433.922,68.759,0.809
35.700680,434.369,68.777,0.824
35.712290,434.015,68.763,0.834
35.723900,432.997,68.722,0.840
35.735510,432.484,68.702,0.846
35.747120,432.124,68.687,0.828
35.758730,430.149,68.608,0.825
35.770340,426.841,68.474,0.829
35.781950,421.886,68.272,0.834
35.793560,419.260,68.164,0.839
35.805170,418.068,68.115,0.841
35.816780,417.019,68.071,0.849
35.828390,416.096,68.033,0.854
35.840000,415.668,68.015,0.863
35.851610,415.530,68.009,0.865
35.863220,415.493,68.008,0.866
35.874830,415.476,68.007,0.869
35.886440,415.427,68.005,0.872
35.898050,415.490,68.008,0.875
35.909660,415.548,68.010,0.876
35.921270,415.571,68.011,0.874
35.932880,415.787,68.020,0.867
35.944490,415.805,68.021,0.860
35.956100,415.860,68.023,0.847
35.967710,416.134,68.035,0.825
35.979320,416.637,68.055,0.802
35.990930,417.067,68.073,0.773
36.002540,417.624,68.096,0.736
36.014150,418.705,68.141,0.687
36.025760,421.032,68.237,0.634
36.037370,437.723,68.910,0.545
36.048980,444.518,69.177,0.484
36.060590,446.548,69.256,0.467
36.072200,444.882,69.191,0.429
36.083810,448.381,69.327,0.394
36.095420,454.198,69.550,0.376
36.107029,457.160,69.662,0.349
36.118639,441.293,69.051,0.339
36.130249,139.160,49.071,0.347
36.141859,208.020,56.031,0.347
36.153469,417.696,68.099,0.347
36.165079,417.544,68.093,0.344
36.176689,417.612,68.096,0.339
36.188299,417.632,68.097,0.328
36.199909,202.272,55.545,0.546
36.211519,202.288,55.547,0.627
36.223129,687.194,76.719,0.688
36.234739,688.597,76.754,0.718
36.246349,689.219,76.770,0.735
36.257959,689.683,76.781,0.746
36.269569,457.308,69.668,0.785
36.281179,456.474,69.636,0.821
36.292789,451.065,69.430,0.837
36.304399,448.787,69.342,0.849
36.316009,445.754,69.225,0.856
36.327619,442.884,69.113,0.868
36.339229,443.271,69.128,0.881
36.350839,445.927,69.232,0.893
36.362449,452.267,69.476,0.893
36.374059,461.319,69.819,0.891
36.385669,471.736,70.206,0.889
36.397279,479.591,70.492,0.891
36.408889,484.646,70.673,0.894
36.420499,488.004,70.793,0.897
36.432109,490.439,70.879,0.901
36.443719,492.248,70.943,0.906
36.455329,493.230,70.977,0.911
36.466939,493.018,70.970,0.912
36.478549,492.664,70.957,0.914
36.490159,492.119,70.938,0.913
36.501769,491.938,70.932,0.911
36.513379,491.691,70.923,0.904
36.524989,491.276,70.908,0.894
36.536599,490.461,70.880,0.878
36.548209,489.675,70.852,0.860
36.559819,488.900,70.824,0.843
36.571429,486.959,70.756,0.827
36.583039,481.389,70.556,0.816
36.594649,434.911,68.799,0.812
36.606259,433.233,68.732,0.813
36.617868,432.213,68.691,0.815
36.629478,430.218,68.611,0.824
36.641088,428.462,68.540,0.832
36.652698,425.470,68.419,0.840
36.664308,422.799,68.310,0.846
36.675918,419.894,68.190,0.849
36.687528,417.848,68.106,0.849
36.699138,416.367,68.044,0.849
36.710748,415.408,68.004,0.854
36.722358,415.297,68.000,0.860
36.733968,415.244,67.997,0.867
36.745578,415.413,68.005,0.873
36.757188,415.468,68.007,0.878
36.768798,415.527,68.009,0.881
36.780408,415.564,68.011,0.882
36.792018,415.471,68.007,0.882
36.803628,415.413,68.005,0.882
36.815238,415.275,67.999,0.881
36.826848,415.139,67.993,0.876
36.838458,414.968,67.986,0.868
36.850068,415.082,67.991,0.859
36.861678,415.016,67.988,0.848
36.873288,414.985,67.987,0.835
36.884898,415.351,68.002,0.821
36.896508,415.976,68.028,0.801
36.908118,416.447,68.048,0.777
36.919728,414.997,67.987,0.785
36.931338,409.009,67.736,0.804
36.942948,342.516,64.664,0.819
36.954558,343.276,64.702,0.831
36.966168,344.310,64.754,0.834
36.977778,353.081,65.190,0.838
36.989388,361.069,65.577,0.846
37.000998,365.829,65.804,0.855
37.012608,368.220,65.917,0.851
37.024218,370.397,66.019,0.842
37.035828,371.694,66.079,0.836
37.047438,371.717,66.080,0.836
37.059048,371.423,66.067,0.841
37.070658,370.939,66.044,0.848
37.082268,370.163,66.008,0.847
37.093878,369.758,65.989,0.854
37.105488,369.297,65.967,0.860
37.117098,369.016,65.954,0.864
37.128707,368.904,65.949,0.868
37.140317,368.935,65.950,0.867
37.151927,368.914,65.949,0.869
37.163537,368.911,65.949,0.870
37.175147,369.010,65.954,0.875
37.186757,368.949,65.951,0.872
37.198367,368.801,65.944,0.865
37.209977,368.669,65.938,0.851
37.221587,368.513,65.931,0.829
37.233197,368.279,65.920,0.808
37.244807,368.222,65.917,0.796
37.256417,368.083,65.910,0.771
37.268027,367.224,65.870,0.758
37.279637,365.845,65.805,0.759
37.291247,369.348,65.970,0.782
37.302857,373.234,66.151,0.817
37.314467,374.105,66.191,0.848
37.326077,372.928,66.137,0.878
37.337687,370.969,66.046,0.895
37.349297,369.536,65.979,0.909
37.360907,368.447,65.927,0.917
37.372517,367.386,65.878,0.924
37.384127,366.630,65.842,0.927
37.395737,366.678,65.844,0.926
37.407347,367.105,65.864,0.926
37.418957,367.790,65.897,0.926
37.430567,368.545,65.932,0.924
37.442177,369.100,65.958,0.925
37.453787,369.443,65.974,0.925
37.465397,369.970,65.999,0.921
37.477007,370.426,66.020,0.916
37.488617,370.189,66.009,0.910
37.500227,369.600,65.982,0.901
37.511837,368.871,65.947,0.887
37.523447,368.625,65.936,0.877
37.535057,368.898,65.949,0.872
37.546667,370.041,66.002,0.865
37.558277,371.652,66.077,0.863
37.569887,374.280,66.199,0.864
37.581497,376.692,66.311,0.867
37.593107,376.422,66.298,0.874
37.604717,375.243,66.244,0.882
37.616327,374.176,66.195,0.886
37.627937,373.046,66.142,0.890
37.639546,372.217,66.104,0.894
37.651156,371.608,66.075,0.898
37.662766,370.428,66.020,0.901
37.674376,369.601,65.982,0.902
37.685986,369.311,65.968,0.891
37.697596,369.212,65.963,0.879
37.709206,369.304,65.968,0.862
37.720816,369.450,65.975,0.840
37.732426,369.491,65.976,0.820
37.744036,368.471,65.929,0.814
37.755646,341.281,64.601,0.804
37.767256,336.068,64.335,0.797
37.778866,334.463,64.252,0.807
37.790476,333.796,64.218,0.810
37.802086,333.697,64.212,0.812
37.813696,333.593,64.207,0.812
37.825306,333.255,64.189,0.805
37.836916,330.150,64.027,0.774
37.848526,327.527,63.889,0.736
37.860136,318.813,63.422,0.684
37.871746,300.418,62.394,0.633
37.883356,310.699,62.976,0.660
37.894966,325.560,63.785,0.706
37.906576,328.335,63.932,0.739
37.918186,329.058,63.970,0.768
37.929796,329.273,63.981,0.792
37.941406,329.207,63.978,0.819
37.953016,328.980,63.966,0.842
37.964626,329.188,63.977,0.860
37.976236,330.020,64.021,0.869
37.987846,331.062,64.075,0.871
37.999456,332.443,64.147,0.873
38.011066,334.677,64.263,0.876
38.022676,338.651,64.468,0.879
38.034286,350.864,65.081,0.880
38.045896,361.514,65.599,0.881
38.057506,365.823,65.804,0.882
38.069116,367.577,65.887,0.883
38.080726,368.565,65.933,0.886
38.092336,369.206,65.963,0.888
38.103946,369.738,65.988,0.892
38.115556,370.002,66.000,0.891
38.127166,370.099,66.005,0.886
38.138776,370.154,66.007,0.878
38.150385,369.501,65.977,0.872
38.161995,368.944,65.951,0.864
38.173605,369.089,65.958,0.856
38.185215,368.546,65.932,0.846
38.196825,366.909,65.855,0.839
38.208435,357.544,65.407,0.835
38.220045,313.961,63.157,0.837
38.231655,311.469,63.019,0.840
38.243265,310.149,62.945,0.838
38.254875,310.176,62.947,0.843
38.266485,310.369,62.958,0.850
38.278095,310.206,62.949,0.862
38.289705,310.287,62.953,0.868
38.301315,310.680,62.975,0.872
38.312925,311.085,62.998,0.874
38.324535,311.456,63.018,0.873
38.336145,311.702,63.032,0.869
38.347755,311.609,63.027,0.861
38.359365,311.564,63.024,0.846
38.370975,311.572,63.025,0.823
38.382585,311.804,63.038,0.793
38.394195,311.791,63.037,0.756
38.405805,310.651,62.973,0.713
38.417415,308.346,62.845,0.660
38.429025,307.168,62.778,0.601
38.440635,141.590,49.371,0.522
38.452245,150.491,50.426,0.463
38.463855,745.104,78.119,0.440
38.475465,305.037,62.658,0.488
38.487075,304.539,62.630,0.539
38.498685,769.669,78.681,0.578
38.510295,777.000,78.845,0.607
38.521905,778.637,78.881,0.627
38.533515,773.388,78.764,0.639
38.545125,771.300,78.717,0.649
38.556735,771.773,78.728,0.651
38.568345,771.012,78.711,0.643
38.579955,769.775,78.683,0.624
38.591565,769.865,78.685,0.600
38.603175,764.758,78.570,0.570
38.614785,757.795,78.412,0.549
38.626395,593.233,74.173,0.607
38.638005,594.338,74.205,0.658
38.649615,488.228,70.801,0.736
38.661224,483.439,70.630,0.785
38.672834,480.738,70.533,0.822
38.684444,477.003,70.398,0.854
38.696054,473.130,70.257,0.876
38.707664,469.607,70.127,0.895
38.719274,225.229,57.407,0.903
38.730884,458.401,69.709,0.910
38.742494,455.233,69.589,0.908
38.754104,452.490,69.485,0.897
38.765714,453.339,69.517,0.885
38.777324,456.467,69.636,0.870
38.788934,459.818,69.763,0.856
38.800544,462.539,69.865,0.839
38.812154,499.132,71.183,0.826
38.823764,247.615,59.047,0.805
38.835374,247.672,59.051,0.780
38.846984,202.420,55.558,0.773
38.858594,202.467,55.562,0.759
38.870204,202.502,55.565,0.740
38.881814,202.502,55.565,0.738
38.893424,1002.273,83.252,0.746
38.905034,408.502,67.714,0.751
38.916644,408.287,67.705,0.762
38.928254,408.435,67.711,0.769
38.939864,247.633,59.048,0.770
38.951474,408.636,67.720,0.782
38.963084,409.039,67.737,0.801
38.974694,452.764,69.495,0.809
38.986304,433.803,68.754,0.816
38.997914,438.405,68.937,0.825
39.009524,437.732,68.911,0.833
39.021134,436.173,68.849,0.839
39.032744,434.998,68.802,0.851
39.044354,433.851,68.756,0.856
39.055964,432.130,68.688,0.856
39.067574,429.297,68.574,0.855
39.079184,425.557,68.422,0.853
39.090794,421.500,68.256,0.851
39.102404,418.327,68.126,0.849
39.114014,416.758,68.060,0.854
39.125624,416.035,68.030,0.861
39.137234,415.609,68.013,0.866
39.148844,415.397,68.004,0.873
39.160454,415.576,68.011,0.879
39.172063,415.534,68.010,0.883
39.183673,415.537,68.010,0.886
39.195283,415.520,68.009,0.889
39.206893,415.460,68.006,0.888
39.218503,415.470,68.007,0.886
39.230113,415.533,68.010,0.882
39.241723,415.574,68.011,0.879
39.253333,415.571,68.011,0.876
39.264943,415.579,68.011,0.869
39.276553,415.593,68.012,0.851
39.288163,415.788,68.020,0.829
39.299773,416.150,68.035,0.806
39.311383,416.438,68.047,0.775
39.322993,416.639,68.056,0.742
39.334603,417.005,68.071,0.688
39.346213,417.827,68.105,0.618
39.357823,404.713,67.553,0.616
39.369433,386.812,66.770,0.683
39.381043,384.223,66.653,0.748
39.392653,380.950,66.505,0.792
39.404263,378.676,66.402,0.815
39.415873,376.654,66.309,0.839
39.427483,375.260,66.245,0.859
39.439093,374.310,66.201,0.876
39.450703,373.414,66.159,0.887
39.462313,372.327,66.109,0.894
39.473923,371.483,66.070,0.893
39.485533,371.063,66.050,0.889
39.497143,370.360,66.017,0.895
39.508753,369.850,65.993,0.894
39.520363,369.700,65.986,0.881
39.531973,369.696,65.986,0.872
39.543583,370.498,66.024,0.871
39.555193,371.146,66.054,0.867
39.566803,371.471,66.069,0.866
39.578413,371.507,66.071,0.868
39.590023,371.658,66.078,0.859
39.601633,371.973,66.092,0.843
39.613243,372.000,66.094,0.840
39.624853,371.939,66.091,0.827
39.636463,370.985,66.046,0.799
39.648073,369.909,65.996,0.786
39.659683,368.640,65.937,0.773
39.671293,368.785,65.943,0.772
39.682902,369.987,66.000,0.788
39.694512,370.309,66.015,0.817
39.706122,370.428,66.020,0.842
39.717732,370.635,66.030,0.863
39.729342,371.077,66.051,0.872
39.740952,371.433,66.067,0.869
39.752562,371.861,66.087,0.858
39.764172,372.105,66.098,0.839
39.775782,372.256,66.105,0.810
39.787392,372.740,66.128,0.776
39.799002,374.038,66.188,0.730
39.810612,378.037,66.372,0.673
39.822222,379.414,66.435,0.682
39.833832,458.202,69.702,0.690
39.845442,242.468,58.683,0.719
39.857052,242.380,58.677,0.734
39.868662,242.503,58.686,0.752
39.880272,179.285,53.457,0.771
39.891882,329.767,64.007,0.804
39.903492,334.207,64.239,0.830
39.915102,337.401,64.404,0.837
39.926712,338.987,64.485,0.847
39.938322,339.421,64.507,0.856
39.949932,372.890,66.135,0.873
39.961542,372.414,66.113,0.891
39.973152,371.996,66.093,0.903
39.984762,371.832,66.086,0.905
39.996372,371.752,66.082,0.905
40.007982,371.085,66.051,0.909
40.019592,371.326,66.062,0.911
40.031202,370.962,66.045,0.916
40.042812,370.415,66.020,0.919
40.054422,370.145,66.007,0.917
40.066032,369.872,65.994,0.916
40.077642,369.537,65.979,0.910
40.089252,369.161,65.961,0.899
40.100862,368.840,65.946,0.889
40.112472,368.540,65.932,0.882
40.124082,367.822,65.898,0.872
40.135692,366.291,65.826,0.857
40.147302,365.727,65.799,0.854
40.158912,328.414,63.936,0.847
40.170522,328.201,63.925,0.846
40.182132,327.869,63.907,0.854
40.193741,327.627,63.895,0.861
40.205351,327.425,63.884,0.867
40.216961,327.165,63.870,0.873
40.228571,326.574,63.839,0.875
40.240181,326.321,63.825,0.860
40.251791,325.283,63.770,0.852
40.263401,324.802,63.745,0.848
40.275011,324.421,63.724,0.835
40.286621,312.425,63.072,0.824
40.298231,310.496,62.965,0.813
40.309841,307.165,62.778,0.798
40.321451,332.343,64.142,0.800
40.333061,362.725,65.656,0.815
40.344671,366.444,65.833,0.825
40.356281,367.995,65.906,0.840
40.367891,368.765,65.942,0.857
40.379501,369.229,65.964,0.869
40.391111,369.383,65.971,0.877
40.402721,369.510,65.977,0.891
40.414331,185.156,54.015,0.897
40.425941,185.207,54.020,0.902
40.437551,370.325,66.015,0.908
40.449161,185.224,54.021,0.911
40.460771,185.247,54.023,0.914
40.472381,185.285,54.027,0.916
40.483991,185.322,54.030,0.917
40.495601,185.345,54.033,0.914
40.507211,185.285,54.027,0.913
40.518821,370.019,66.001,0.912
40.530431,369.907,65.996,0.900
40.542041,369.719,65.987,0.884
40.553651,369.293,65.967,0.869
40.565261,368.825,65.945,0.853
40.576871,367.628,65.889,0.840
40.588481,365.083,65.769,0.835
40.600091,333.206,64.187,0.831
40.611701,334.778,64.268,0.828
40.623311,333.935,64.225,0.842
40.634921,333.719,64.214,0.856
40.646531,333.668,64.211,0.865
40.658141,333.634,64.209,0.868
40.669751,333.570,64.206,0.867
40.681361,333.205,64.187,0.864
40.692971,325.877,63.802,0.861
40.704580,325.506,63.782,0.857
40.716190,324.980,63.754,0.853
40.727800,332.971,64.175,0.849
40.739410,333.093,64.181,0.846
40.751020,332.880,64.170,0.847
40.762630,332.881,64.170,0.849
40.774240,333.156,64.184,0.845
40.785850,332.825,64.167,0.841
40.797460,329.946,64.017,0.838
40.809070,328.721,63.952,0.839
40.820680,328.275,63.929,0.844
40.832290,327.799,63.904,0.850
40.843900,327.723,63.900,0.844
40.855510,327.984,63.913,0.839
40.867120,328.708,63.952,0.833
40.878730,328.458,63.938,0.830
40.890340,328.320,63.931,0.827
40.901950,330.783,64.061,0.829
40.913560,376.426,66.298,0.833
40.925170,408.914,67.732,0.841
40.936780,421.636,68.262,0.864
40.948390,432.964,68.721,0.877
40.960000,439.326,68.973,0.891
40.971610,434.631,68.787,0.901
40.983220,436.933,68.879,0.910
40.994830,439.242,68.970,0.915
41.006440,441.371,69.054,0.916
41.018050,443.931,69.154,0.917
41.029660,447.471,69.291,0.911
41.041270,451.982,69.465,0.909
41.052880,459.326,69.744,0.910
41.064490,468.827,70.099,0.909
41.076100,477.611,70.420,0.906
41.087710,484.972,70.685,0.904
41.099320,488.860,70.823,0.907
41.110930,492.074,70.936,0.908
41.122540,493.540,70.988,0.913
41.134150,493.433,70.984,0.917
41.145760,493.446,70.985,0.920
41.157370,492.821,70.963,0.923
41.168980,492.622,70.956,0.925
41.180590,492.388,70.948,0.927
41.192200,492.573,70.954,0.926
41.203810,492.714,70.959,0.928
41.215420,492.661,70.957,0.928
41.227029,492.763,70.961,0.932
41.238639,492.434,70.949,0.933
41.250249,491.743,70.925,0.936
41.261859,490.974,70.898,0.936
41.273469,489.866,70.859,0.936
41.285079,487.746,70.784,0.936
41.296689,484.305,70.661,0.933
41.308299,478.064,70.436,0.933
41.319909,471.112,70.183,0.927
41.331519,464.546,69.940,0.921
41.343129,458.275,69.705,0.910
41.354739,450.679,69.415,0.899
41.366349,440.535,69.021,0.890
41.377959,427.697,68.509,0.881
41.389569,419.737,68.184,0.872
41.401179,417.143,68.076,0.857
41.412789,416.137,68.035,0.849
41.424399,415.765,68.019,0.848
41.436009,416.212,68.038,0.853
41.447619,416.425,68.047,0.861
41.459229,416.554,68.052,0.851
41.470839,416.677,68.057,0.839
41.482449,416.090,68.033,0.847
41.494059,416.114,68.034,0.850
41.505669,416.344,68.043,0.855
41.517279,416.609,68.054,0.858
41.528889,416.610,68.054,0.857
41.540499,416.518,68.050,0.855
41.552109,416.209,68.038,0.870
41.563719,415.852,68.023,0.882
41.575329,415.639,68.014,0.884
41.586939,415.137,67.993,0.888
41.598549,414.307,67.958,0.892
41.610159,413.398,67.920,0.894
41.621769,412.883,67.899,0.899
41.633379,413.117,67.909,0.905
41.644989,414.212,67.954,0.906
41.656599,415.679,68.016,0.903
41.668209,417.713,68.100,0.896
41.679819,418.893,68.149,0.891
41.691429,420.825,68.229,0.883
41.703039,422.170,68.284,0.872
41.714649,422.985,68.317,0.856
41.726259,420.689,68.223,0.839
41.737868,413.862,67.940,0.828
41.749478,411.681,67.848,0.822
41.761088,410.265,67.789,0.810
41.772698,410.146,67.784,0.792
41.784308,411.383,67.836,0.780
41.795918,411.980,67.861,0.785
41.807528,413.897,67.941,0.799
41.819138,414.846,67.981,0.815
41.830748,415.191,67.995,0.828
41.842358,415.098,67.991,0.841
41.853968,415.031,67.989,0.856
41.865578,415.213,67.996,0.869
41.877188,415.618,68.013,0.879
41.888798,416.004,68.029,0.883
41.900408,416.035,68.030,0.886
41.912018,415.548,68.010,0.885
41.923628,414.949,67.985,0.886
41.935238,414.641,67.972,0.876
41.946848,414.506,67.967,0.862
41.958458,413.922,67.942,0.855
41.970068,411.039,67.821,0.855
41.981678,375.401,66.251,0.859
41.993288,373.571,66.167,0.855
42.004898,372.850,66.133,0.850
42.016508,371.300,66.061,0.842
42.028118,370.900,66.042,0.849
42.039728,371.017,66.048,0.861
42.051338,371.112,66.052,0.863
42.062948,371.188,66.056,0.855
42.074558,370.636,66.030,0.840
42.086168,370.236,66.011,0.832
42.097778,370.364,66.017,0.827
42.109388,370.830,66.039,0.825
42.120998,371.582,66.074,0.828
42.132608,372.753,66.129,0.833
42.144218,373.801,66.177,0.838
42.155828,374.475,66.208,0.845
42.167438,373.703,66.173,0.859
42.179048,372.990,66.140,0.872
42.190658,372.244,66.105,0.883
42.202268,371.637,66.077,0.892
42.213878,371.060,66.050,0.897
42.225488,370.509,66.024,0.898
42.237098,369.588,65.981,0.900
42.248707,368.623,65.936,0.903
42.260317,368.525,65.931,0.902
42.271927,368.448,65.928,0.899
42.283537,368.830,65.945,0.896
42.295147,326.189,63.818,0.897
42.306757,327.434,63.884,0.895
42.318367,328.456,63.938,0.895
42.329977,329.316,63.984,0.894
42.341587,330.113,64.025,0.889
42.353197,329.689,64.003,0.886
42.364807,329.468,63.992,0.885
42.376417,330.316,64.036,0.878
42.388027,331.439,64.095,0.860
42.399637,332.102,64.129,0.845
42.411247,331.198,64.082,0.837
42.422857,329.452,63.991,0.833
42.434467,273.113,60.744,0.828
42.446077,273.551,60.772,0.823
42.457687,274.903,60.857,0.815
42.469297,276.318,60.946,0.821
42.480907,276.125,60.934,0.835
42.492517,275.028,60.865,0.848
42.504127,274.724,60.846,0.852
42.515737,275.050,60.866,0.855
42.527347,275.797,60.913,0.858
42.538957,248.284,59.094,0.862
42.550567,248.079,59.080,0.865
42.562177,248.138,59.084,0.867
42.573787,248.177,59.086,0.870
42.585397,248.154,59.085,0.871
42.597007,247.855,59.064,0.870
42.608617,247.676,59.051,0.866
42.620227,247.690,59.052,0.861
42.631837,247.814,59.061,0.851
42.643447,247.802,59.060,0.839
42.655057,247.709,59.054,0.819
42.666667,247.628,59.048,0.797
42.678277,247.454,59.036,0.777
42.689887,246.865,58.995,0.766
42.701497,245.321,58.886,0.759
42.713107,246.227,58.950,0.764
42.724717,247.229,59.020,0.778
42.736327,247.640,59.049,0.795
42.747937,247.663,59.050,0.813
42.759546,247.516,59.040,0.832
42.771156,247.433,59.034,0.842
42.782766,247.399,59.032,0.845
42.794376,247.383,59.031,0.849
42.805986,247.271,59.023,0.850
42.817596,247.142,59.014,0.847
42.829206,247.098,59.011,0.842
42.840816,247.122,59.013,0.834
42.852426,247.238,59.021,0.821
42.864036,247.401,59.032,0.813
42.875646,247.537,59.042,0.808
42.887256,247.616,59.047,0.807
42.898866,247.659,59.050,0.810
42.910476,247.636,59.049,0.814
42.922086,247.585,59.045,0.820
42.933696,247.476,59.037,0.835
42.945306,247.348,59.028,0.848
42.956916,247.319,59.026,0.856
42.968526,247.405,59.032,0.862
42.980136,247.478,59.038,0.863
42.991746,247.640,59.049,0.857
43.003356,247.647,59.049,0.856
43.014966,247.623,59.048,0.854
43.026576,265.965,60.285,0.849
43.038186,282.900,61.353,0.843
43.049796,282.799,61.347,0.837
43.061406,276.086,60.931,0.831
43.073016,275.898,60.920,0.830
43.084626,275.469,60.893,0.829
43.096236,275.508,60.895,0.823
43.107846,275.554,60.898,0.825
43.119456,275.149,60.872,0.821
43.131066,274.912,60.858,0.820
43.142676,273.126,60.745,0.816
43.154286,280.487,61.205,0.816
43.165896,282.322,61.318,0.818
43.177506,282.451,61.326,0.819
43.189116,282.677,61.340,0.821
43.200726,282.450,61.326,0.819
43.212336,277.327,61.009,0.821
43.223946,276.346,60.948,0.823
43.235556,275.412,60.889,0.829
43.247166,274.319,60.820,0.822
43.258776,273.540,60.771,0.812
43.270385,274.809,60.851,0.802
43.281995,274.910,60.857,0.800
43.293605,270.357,60.568,0.800
43.305215,274.671,60.842,0.800
43.316825,276.203,60.939,0.803
43.328435,328.347,63.933,0.809
43.340045,328.636,63.948,0.822
43.351655,328.793,63.956,0.837
43.363265,328.888,63.961,0.854
43.374875,329.047,63.969,0.863
43.386485,329.294,63.982,0.866
43.398095,329.402,63.988,0.862
43.409705,329.432,63.990,0.848
43.421315,329.481,63.992,0.827
43.432925,329.577,63.997,0.804
43.444535,329.825,64.010,0.771
43.456145,330.259,64.033,0.729
43.467755,330.970,64.070,0.665
43.479365,330.984,64.071,0.552
43.490975,280.828,61.226,0.375
43.502585,1002.273,83.252,0.405
43.514195,98.006,43.001,0.497
43.525805,479.618,70.493,0.553
43.537415,123.200,46.962,0.573
43.549025,123.225,46.965,0.601
43.560635,566.887,73.387,0.630
43.572245,566.649,73.379,0.662
43.583855,89.251,41.381,0.694
43.595465,562.916,73.265,0.724
43.607075,500.344,71.225,0.783
43.618685,496.508,71.092,0.823
43.630295,495.539,71.058,0.852
43.641905,494.729,71.030,0.872
43.653515,493.971,71.003,0.890
43.665125,492.876,70.965,0.903
43.676735,491.442,70.914,0.911
43.688345,491.695,70.923,0.915
43.699955,493.437,70.984,0.910
43.711565,495.800,71.067,0.899
43.723175,500.580,71.233,0.890
43.734785,507.708,71.478,0.878
43.746395,519.358,71.871,0.863
43.758005,529.643,72.210,0.851
43.769615,546.933,72.766,0.848
43.781224,551.516,72.911,0.840
43.792834,554.641,73.009,0.834
43.804444,555.445,73.034,0.838
43.816054,555.785,73.044,0.840
43.827664,555.599,73.038,0.849
43.839274,554.797,73.013,0.855
43.850884,554.114,72.992,0.857
43.862494,551.498,72.910,0.860
43.874104,547.652,72.789,0.867
43.885714,538.625,72.501,0.870
43.897324,522.573,71.978,0.877
43.908934,479.716,70.496,0.881
43.920544,461.751,69.835,0.878
43.932154,454.038,69.544,0.878
43.943764,443.592,69.141,0.883
43.955374,436.694,68.869,0.882
43.966984,427.107,68.485,0.884
43.978594,422.647,68.303,0.884
43.990204,419.152,68.160,0.881
44.001814,417.806,68.104,0.879
44.013424,417.022,68.071,0.883
44.025034,416.256,68.040,0.884
44.036644,415.692,68.016,0.881
44.048254,415.311,68.000,0.878
44.059864,414.872,67.982,0.874
44.071474,414.414,67.963,0.872
44.083084,414.319,67.959,0.866
44.094694,414.727,67.976,0.863
44.106304,415.545,68.010,0.863
44.117914,416.494,68.050,0.864
44.129524,416.814,68.063,0.866
44.141134,416.797,68.062,0.866
44.152744,416.543,68.052,0.861
44.164354,415.767,68.019,0.854
44.175964,414.568,67.969,0.848
44.187574,412.530,67.884,0.840
44.199184,410.959,67.818,0.830
44.210794,410.429,67.796,0.816
44.222404,410.526,67.800,0.807
44.234014,412.908,67.900,0.808
44.245624,417.483,68.091,0.812
44.257234,421.719,68.265,0.818
44.268844,423.487,68.338,0.822
44.280454,423.846,68.352,0.821
44.292063,423.025,68.319,0.820
44.303673,421.331,68.249,0.818
44.315283,419.100,68.157,0.817
44.326893,414.662,67.973,0.806
44.338503,411.714,67.850,0.794
44.350113,411.411,67.837,0.785
44.361723,411.329,67.833,0.779
44.373333,414.513,67.967,0.779
44.384943,417.390,68.087,0.779
44.396553,418.134,68.118,0.774
44.408163,417.727,68.101,0.766
44.419773,418.395,68.128,0.760
44.431383,419.612,68.179,0.754
44.442993,417.789,68.103,0.746
44.454603,415.932,68.026,0.738
44.466213,414.212,67.954,0.736
44.477823,462.822,69.875,0.753
44.489433,469.431,70.121,0.778
44.501043,475.324,70.337,0.800
44.512653,480.075,70.509,0.824
44.524263,483.245,70.623,0.845
44.535873,486.084,70.724,0.859
44.547483,488.044,70.794,0.869
44.559093,490.437,70.879,0.875
44.570703,492.371,70.947,0.873
44.582313,493.787,70.997,0.867
44.593923,494.560,71.024,0.862
44.605533,496.084,71.077,0.861
44.617143,498.977,71.178,0.867
44.628753,504.529,71.369,0.879
44.640363,512.041,71.625,0.881
44.651973,520.502,71.909,0.886
44.663583,529.654,72.211,0.897
44.675193,537.311,72.459,0.907
44.686803,543.021,72.642,0.908
44.698413,547.810,72.794,0.902
44.710023,551.926,72.924,0.888
44.721633,553.850,72.984,0.873
44.733243,553.673,72.978,0.872
44.744853,553.168,72.963,0.875
44.756463,553.714,72.980,0.871
44.768073,555.032,73.021,0.864
44.779683,556.540,73.068,0.870
44.791293,557.844,73.108,0.883
44.802902,558.734,73.136,0.894
44.814512,558.679,73.134,0.898
44.826122,558.548,73.130,0.893
44.837732,557.671,73.103,0.886
44.849342,556.637,73.071,0.877
44.860952,555.455,73.034,0.869
44.872562,554.341,72.999,0.858
44.884172,553.807,72.983,0.840
44.895782,553.952,72.987,0.823
44.907392,554.486,73.004,0.822
44.919002,554.642,73.009,0.832
44.930612,554.715,73.011,0.831
44.942222,554.260,72.997,0.839
44.953832,553.648,72.978,0.855
44.965442,552.697,72.948,0.871
44.977052,550.468,72.878,0.885
44.988662,547.395,72.781,0.889
45.000272,544.347,72.684,0.882
45.011882,541.019,72.578,0.881
45.023492,539.268,72.522,0.891
45.035102,539.790,72.539,0.900
45.046712,544.428,72.687,0.906
45.058322,550.377,72.875,0.901
45.069932,556.035,73.052,0.887
45.081542,567.802,73.415,0.887
45.093152,580.555,73.799,0.894
45.104762,597.731,74.304,0.894
45.116372,617.296,74.861,0.891
45.127982,635.094,75.354,0.886
45.139592,649.838,75.751,0.878
45.151202,654.985,75.887,0.884
45.162812,656.713,75.933,0.896
45.174422,657.705,75.959,0.903
45.186032,657.853,75.963,0.909
45.197642,658.567,75.982,0.913
45.209252,658.268,75.974,0.916
45.220862,658.244,75.973,0.919
45.232472,658.426,75.978,0.920
45.244082,658.405,75.978,0.917
45.255692,658.089,75.969,0.915
45.267302,657.650,75.958,0.914
45.278912,656.869,75.937,0.915
45.290522,656.974,75.940,0.915
45.302132,656.909,75.938,0.913
45.313741,657.325,75.949,0.907
45.325351,656.991,75.940,0.903
45.336961,654.347,75.871,0.903
45.348571,649.054,75.730,0.912
45.360181,643.716,75.587,0.906
45.371791,637.287,75.413,0.896
45.383401,627.926,75.157,0.884
45.395011,616.014,74.826,0.873
45.406621,601.229,74.405,0.871
45.418231,591.048,74.109,0.870
45.429841,574.714,73.624,0.870
45.441451,561.954,73.235,0.859
45.453061,558.180,73.119,0.865
45.464671,556.407,73.064,0.869
45.476281,555.948,73.049,0.864
45.487891,554.776,73.013,0.858
45.499501,554.014,72.989,0.849
45.511111,553.155,72.962,0.840
45.522721,549.125,72.836,0.822
45.534331,546.274,72.745,0.803
45.545941,534.211,72.359,0.783
45.557551,784.824,79.018,0.758
45.569161,787.709,79.082,0.764
45.580771,247.677,59.051,0.798
45.592381,245.512,58.899,0.836
45.603991,246.585,58.975,0.869
45.615601,248.148,59.084,0.889
45.627211,257.096,59.698,0.904
45.638821,271.210,60.623,0.921
45.650431,275.703,60.907,0.932
45.662041,280.067,61.179,0.937
45.673651,280.918,61.232,0.938
45.685261,277.439,61.016,0.934
45.696871,359.583,65.506,0.925
45.708481,365.297,65.779,0.923
45.720091,367.624,65.889,0.923
45.731701,369.375,65.971,0.916
45.743311,370.051,66.003,0.915
45.754921,370.132,66.006,0.914
45.766531,370.496,66.023,0.904
45.778141,370.985,66.046,0.895
45.789751,371.087,66.051,0.885
45.801361,370.820,66.039,0.868
45.812971,369.983,65.999,0.847
45.824580,367.790,65.897,0.842
45.836190,367.243,65.871,0.845
45.847800,367.380,65.877,0.857
45.859410,367.257,65.871,0.872
45.871020,367.096,65.864,0.874
45.882630,367.065,65.862,0.867
45.894240,367.119,65.865,0.859
45.905850,367.137,65.866,0.851
45.917460,367.397,65.878,0.826
45.929070,367.236,65.870,0.793
45.940680,367.574,65.886,0.757
45.952290,371.686,66.079,0.707
45.963900,372.967,66.139,0.672
45.975510,355.205,65.294,0.703
45.987120,355.919,65.329,0.750
45.998730,371.198,66.056,0.793
46.010340,370.894,66.042,0.826
46.021950,370.744,66.035,0.857
46.033560,369.635,65.983,0.874
46.045170,369.089,65.958,0.891
46.056780,369.569,65.980,0.909
46.068390,369.960,65.998,0.918
46.080000,370.236,66.011,0.917
46.091610,370.727,66.034,0.910
46.103220,370.404,66.019,0.908
46.114830,370.098,66.005,0.904
46.126440,370.077,66.004,0.902
46.138050,370.160,66.008,0.892
46.149660,369.958,65.998,0.876
46.161270,369.463,65.975,0.866
46.172880,368.904,65.949,0.858
46.184490,369.060,65.956,0.852
46.196100,369.355,65.970,0.837
46.207710,371.249,66.059,0.819
46.219320,371.617,66.076,0.797
46.230930,371.475,66.069,0.784
46.242540,368.418,65.926,0.778
46.254150,408.172,67.700,0.766
46.265760,408.338,67.707,0.761
46.277370,408.277,67.705,0.755
46.288980,408.282,67.705,0.755
46.300590,369.621,65.983,0.791
46.312200,386.325,66.748,0.836
46.323810,388.106,66.827,0.875
46.335420,391.922,66.997,0.892
46.347029,396.131,67.182,0.905
46.358639,400.713,67.381,0.918
46.370249,402.989,67.479,0.931
46.381859,402.171,67.444,0.941
46.393469,400.275,67.362,0.940
46.405079,399.560,67.331,0.931
46.416689,394.598,67.115,0.918
46.428299,385.578,66.714,0.918
46.439909,380.766,66.497,0.912
46.451519,378.155,66.378,0.905
46.463129,375.826,66.271,0.900
46.474739,373.564,66.166,0.896
46.486349,371.838,66.086,0.890
46.497959,370.894,66.042,0.883
46.509569,369.922,65.997,0.876
46.521179,369.623,65.983,0.857
46.532789,369.490,65.976,0.844
46.544399,369.039,65.955,0.836
46.556009,368.694,65.939,0.824
46.567619,368.360,65.923,0.808
46.579229,367.595,65.887,0.798
46.590839,365.612,65.794,0.794
46.602449,330.510,64.046,0.782
46.614059,329.761,64.007,0.787
46.625669,330.250,64.033,0.802
46.637279,330.775,64.060,0.809
46.648889,331.539,64.100,0.820
46.660499,331.829,64.115,0.835
46.672109,331.648,64.106,0.848
46.683719,331.463,64.096,0.857
46.695329,330.812,64.062,0.867
46.706939,330.045,64.022,0.871
46.718549,328.540,63.943,0.873
46.730159,327.394,63.882,0.875
46.741769,327.015,63.862,0.874
46.753379,326.512,63.836,0.869
46.764989,327.346,63.880,0.862
46.776599,328.880,63.961,0.860
46.788209,329.887,64.014,0.859
46.799819,330.273,64.034,0.857
46.811429,330.833,64.063,0.853
46.823039,329.691,64.003,0.852
46.834649,328.639,63.948,0.850
46.846259,327.983,63.913,0.847
46.857868,327.165,63.870,0.848
46.869478,326.006,63.809,0.839
46.881088,329.488,63.993,0.829
46.892698,330.762,64.059,0.824
46.904308,335.837,64.323,0.821
46.915918,338.934,64.482,0.812
46.927528,340.564,64.565,0.807
46.939138,338.736,64.472,0.807
46.950748,338.184,64.444,0.791
46.962358,337.769,64.422,0.783
46.973968,158.525,51.327,0.772
46.985578,148.637,50.211,0.754
46.997188,124.443,47.136,0.730
47.008798,124.083,47.086,0.700
47.020408,170.615,52.599,0.664
47.032018,111.306,45.204,0.607
47.043628,123.816,47.048,0.566
47.055238,124.207,47.103,0.494
47.066848,314.836,63.205,0.472
47.078458,115.854,45.898,0.554
47.090068,114.728,45.729,0.614
47.101678,114.105,45.634,0.658
47.113288,110.355,45.056,0.707
47.124898,224.247,57.331,0.749
47.136508,223.984,57.311,0.775
47.148118,228.317,57.642,0.815
47.159728,247.269,59.023,0.854
47.171338,245.587,58.905,0.879
47.182948,108.578,44.775,0.900
47.194558,110.141,45.022,0.914
47.206168,329.206,63.978,0.926
47.217778,329.437,63.990,0.934
47.229388,329.390,63.988,0.942
47.240998,329.460,63.991,0.941
47.252608,329.170,63.976,0.935
47.264218,329.224,63.979,0.929
47.275828,329.421,63.989,0.921
47.287438,329.270,63.981,0.913
47.299048,328.977,63.966,0.902
47.310658,328.626,63.947,0.888
47.322268,328.389,63.935,0.874
47.333878,328.365,63.934,0.863
47.345488,326.602,63.840,0.849
47.357098,325.338,63.773,0.831
47.368707,324.878,63.749,0.811
47.380317,324.893,63.750,0.786
47.391927,111.348,45.211,0.763
47.403537,111.355,45.212,0.749
47.415147,111.348,45.211,0.739
47.426757,111.355,45.212,0.728
47.438367,225.051,57.393,0.721
47.449977,225.034,57.392,0.734
47.461587,225.262,57.409,0.743
47.473197,112.001,45.312,0.766
47.484807,273.008,60.737,0.785
47.496417,281.013,61.238,0.808
47.508027,285.109,61.488,0.844
47.519637,287.465,61.631,0.881
47.531247,289.652,61.762,0.905
47.542857,291.316,61.861,0.922
47.554467,292.411,61.926,0.936
47.566077,293.629,61.998,0.949
47.577687,294.717,62.062,0.958
47.589297,296.313,62.155,0.963
47.600907,299.005,62.312,0.965
47.612517,915.170,81.678,0.962
47.624127,928.944,81.937,0.958
47.635737,943.376,82.204,0.958
47.647347,956.937,82.451,0.962
47.658957,967.369,82.639,0.963
47.670567,327.570,63.892,0.965
47.682177,328.733,63.953,0.968
47.693787,329.331,63.984,0.969
47.705397,329.118,63.973,0.971
47.717007,328.453,63.938,0.975
47.728617,327.796,63.904,0.972
47.740227,327.015,63.862,0.967
47.751837,326.422,63.831,0.954
47.763447,325.298,63.771,0.950
47.775057,323.393,63.669,0.947
47.786667,321.352,63.560,0.937
47.798277,952.277,82.367,0.925
47.809887,931.838,81.991,0.918
47.821497,910.725,81.594,0.912
47.833107,889.880,81.193,0.910
47.844717,880.612,81.012,0.917
47.856327,861.216,80.626,0.915
47.867937,275.607,60.901,0.913
47.879546,272.712,60.719,0.914
47.891156,270.429,60.573,0.910
47.902766,269.177,60.493,0.904
47.914376,268.416,60.444,0.896
47.925986,267.983,60.416,0.883
47.937596,267.854,60.407,0.864
47.949206,267.981,60.416,0.838
47.960816,268.180,60.428,0.803
47.972426,268.356,60.440,0.764
47.984036,268.165,60.427,0.726
47.995646,267.455,60.382,0.663
48.007256,264.811,60.209,0.565
48.018866,246.027,58.936,0.429
48.030476,198.391,55.210,0.387
48.042086,197.661,55.146,0.463
48.053696,372.796,66.131,0.602
48.065306,370.925,66.043,0.731
48.076916,371.245,66.058,0.783
48.088526,371.699,66.080,0.816
48.100136,371.475,66.069,0.843
48.111746,371.221,66.057,0.866
48.123356,370.799,66.038,0.890
48.134966,370.348,66.017,0.909
48.146576,370.024,66.001,0.918
48.158186,370.201,66.010,0.913
48.169796,370.253,66.012,0.909
48.181406,370.094,66.005,0.906
48.193016,370.000,66.000,0.899
48.204626,370.133,66.006,0.883
48.216236,370.726,66.034,0.857
48.227846,371.771,66.083,0.826
48.239456,372.477,66.116,0.804
48.251066,373.047,66.142,0.800
48.262676,373.321,66.155,0.793
48.274286,373.163,66.148,0.783
48.285896,373.206,66.150,0.774
48.297506,373.309,66.154,0.782
48.309116,373.144,66.147,0.793
48.320726,373.684,66.172,0.804
48.332336,373.203,66.149,0.802
48.343946,372.657,66.124,0.783
48.355556,371.803,66.084,0.768
48.367166,320.670,63.523,0.753
48.378776,372.278,66.107,0.762
48.390385,373.046,66.142,0.787
48.401995,371.994,66.093,0.798
48.413605,371.414,66.066,0.791
48.425215,371.435,66.067,0.780
48.436825,371.715,66.080,0.766
48.448435,371.459,66.068,0.754
48.460045,371.501,66.070,0.746
48.471655,370.227,66.011,0.720
48.483265,366.642,65.842,0.642
48.494875,274.393,60.825,0.540
48.506485,359.755,65.514,0.574
48.518095,124.478,47.141,0.623
48.529705,126.558,47.428,0.659
48.541315,183.624,53.871,0.679
48.552925,183.650,53.873,0.694
48.564535,372.995,66.140,0.730
48.576145,373.557,66.166,0.773
48.587755,373.168,66.148,0.799
48.599365,371.588,66.074,0.813
48.610975,370.204,66.010,0.824
48.622585,369.184,65.962,0.835
48.634195,368.065,65.909,0.846
48.645805,367.166,65.867,0.857
48.657415,366.331,65.828,0.860
48.669025,365.407,65.784,0.853
48.680635,364.379,65.735,0.849
48.692245,363.508,65.694,0.849
48.703855,402.803,67.471,0.856
48.715465,403.135,67.485,0.864
48.727075,402.927,67.476,0.872
48.738685,399.924,67.347,0.877
48.750295,394.716,67.120,0.881
48.761905,392.746,67.033,0.888
48.773515,391.471,66.977,0.895
48.785125,381.884,66.548,0.903
48.796735,377.332,66.340,0.902
48.808345,375.388,66.251,0.902
48.819955,374.152,66.193,0.904
48.831565,372.818,66.132,0.905
48.843175,371.580,66.074,0.902
48.854785,370.871,66.041,0.897
48.866395,370.405,66.019,0.891
48.878005,370.353,66.017,0.880
48.889615,370.469,66.022,0.875
48.901224,370.438,66.021,0.871
48.912834,370.258,66.012,0.863
48.924444,369.971,65.999,0.857
48.936054,369.882,65.995,0.848
48.947664,369.912,65.996,0.845
48.959274,369.832,65.992,0.839
48.970884,369.465,65.975,0.836
48.982494,368.601,65.935,0.827
48.994104,364.186,65.726,0.817
49.005714,342.023,64.639,0.811
49.017324,336.390,64.352,0.810
49.028934,335.677,64.315,0.820
49.040544,335.583,64.310,0.828
49.052154,335.672,64.315,0.839
49.063764,335.598,64.311,0.846
49.075374,335.223,64.291,0.851
49.086984,334.324,64.245,0.856
49.098594,333.288,64.191,0.857
49.110204,331.665,64.107,0.859
49.121814,329.157,63.975,0.860
49.133424,326.940,63.858,0.861
49.145034,326.392,63.829,0.862
49.156644,326.569,63.839,0.865
49.168254,327.715,63.899,0.871
49.179864,330.338,64.037,0.874
49.191474,332.138,64.131,0.877
49.203084,332.648,64.158,0.878
49.214694,332.867,64.169,0.881
49.226304,332.452,64.148,0.881
49.237914,330.778,64.060,0.880
49.249524,329.473,63.992,0.878
49.261134,328.699,63.951,0.876
49.272744,327.712,63.899,0.874
49.284354,327.146,63.869,0.866
49.295964,326.821,63.852,0.860
49.307574,326.437,63.832,0.851
49.319184,326.921,63.857,0.842
49.330794,327.540,63.890,0.829
49.342404,325.888,63.802,0.813
49.354014,323.477,63.674,0.787
49.365624,106.540,44.447,0.752
49.377234,374.427,66.206,0.727
49.388844,375.052,66.235,0.698
49.400454,376.356,66.295,0.659
49.412063,106.857,44.498,0.594
49.423673,381.368,66.524,0.535
49.435283,123.695,47.031,0.468
49.446893,123.717,47.035,0.474
49.458503,123.485,47.002,0.481
49.470113,371.765,66.083,0.492
49.481723,372.023,66.095,0.496
49.493333,373.595,66.168,0.537
49.504943,373.656,66.170,0.535
49.516553,377.277,66.337,0.620
49.528163,374.182,66.195,0.665
49.539773,375.872,66.273,0.688
49.551383,793.983,79.219,0.764
49.562993,741.612,78.038,0.850
49.574603,735.768,77.901,0.894
49.586213,725.560,77.659,0.928
49.597823,153.285,50.745,0.951
49.609433,153.736,50.795,0.963
49.621043,153.789,50.801,0.973
49.632653,153.670,50.788,0.982
49.644263,153.560,50.776,0.984
49.655873,306.994,62.768,0.970
49.667483,307.633,62.804,0.959
49.679093,307.821,62.815,0.941
49.690703,308.028,62.827,0.931
49.702313,308.985,62.880,0.926
49.713923,311.757,63.035,0.923
49.725533,316.193,63.280,0.922
49.737143,323.791,63.691,0.918
49.748753,327.194,63.872,0.917
49.760363,328.512,63.941,0.916
49.771973,329.252,63.980,0.915
49.783583,329.880,64.013,0.914
49.795193,330.021,64.021,0.918
49.806803,329.657,64.002,0.920
49.818413,328.864,63.960,0.909
49.830023,328.087,63.919,0.897
49.841633,326.833,63.853,0.895
49.853243,324.792,63.744,0.888
49.864853,323.131,63.655,0.882
49.876463,309.215,62.893,0.870
49.888073,308.192,62.836,0.853
49.899683,308.214,62.837,0.839
49.911293,308.304,62.842,0.847
49.922902,307.839,62.816,0.858
49.934512,307.095,62.774,0.856
49.946122,306.113,62.719,0.859
49.957732,305.308,62.673,0.865
49.969342,304.674,62.637,0.874
49.980952,304.866,62.648,0.876
49.992562,305.092,62.661,0.879
50.004172,305.848,62.704,0.883
50.015782,307.719,62.809,0.880
50.027392,315.611,63.248,0.882
50.039002,322.589,63.626,0.887
50.050612,325.599,63.787,0.896
50.062222,327.277,63.876,0.898
50.073832,328.215,63.926,0.902
50.085442,329.013,63.968,0.902
50.097052,329.414,63.989,0.905
50.108662,329.589,63.998,0.911
50.120272,329.748,64.006,0.915
50.131882,329.949,64.017,0.916
50.143492,330.145,64.027,0.915
50.155102,330.218,64.031,0.913
50.166712,329.824,64.010,0.913
50.178322,329.296,63.983,0.916
50.189932,328.659,63.949,0.916
50.201542,915.034,81.676,0.911
50.213152,918.584,81.743,0.906
50.224762,919.690,81.764,0.912
50.236372,915.623,81.687,0.915
50.247982,910.637,81.592,0.912
50.259592,281.531,61.269,0.906
50.271202,279.582,61.149,0.900
50.282812,278.991,61.113,0.895
50.294422,278.537,61.084,0.891
50.306032,277.806,61.039,0.888
50.317642,277.477,61.018,0.871
50.329252,277.694,61.032,0.852
50.340862,277.823,61.040,0.841
50.352472,277.009,60.989,0.827
50.364082,275.998,60.926,0.806
50.375692,273.486,60.768,0.784
50.387302,252.872,59.411,0.759
50.398912,251.597,59.323,0.727
50.410522,250.549,59.251,0.694
50.422132,250.378,59.239,0.659
50.433741,251.595,59.323,0.627
50.445351,789.482,79.121,0.597
50.456961,791.146,79.157,0.574
50.468571,786.974,79.066,0.542
50.480181,125.112,47.229,0.529
50.491791,325.381,63.775,0.546
50.503401,324.978,63.754,0.557
50.515011,324.610,63.734,0.570
50.526621,766.884,78.618,0.580
50.538231,562.148,73.241,0.597
50.549841,765.257,78.581,0.614
50.561451,764.597,78.566,0.622
50.573061,764.574,78.566,0.628
50.584671,123.334,46.981,0.623
50.596281,142.035,49.425,0.618
50.607891,141.904,49.409,0.606
50.619501,123.196,46.961,0.593
50.631111,82.783,40.079,0.574
50.642721,82.705,40.062,0.543
50.654331,328.599,63.946,0.511
50.665941,329.019,63.968,0.474
50.677551,328.831,63.958,0.442
50.689161,330.039,64.022,0.410
50.700771,330.300,64.035,0.395
50.712381,330.869,64.065,0.423
50.723991,329.034,63.969,0.540
50.735601,164.703,51.988,0.639
50.747211,164.532,51.970,0.692
50.758821,164.516,51.969,0.719
50.770431,332.661,64.159,0.778
50.782041,311.881,63.042,0.840
50.793651,316.281,63.284,0.885
50.805261,316.820,63.314,0.903
50.816871,330.685,64.055,0.917
50.828481,329.316,63.984,0.925
50.840091,327.071,63.865,0.932
50.851701,327.283,63.876,0.940
50.863311,326.771,63.849,0.941
50.874921,329.532,63.995,0.931
50.886531,329.522,63.994,0.915
50.898141,328.640,63.948,0.909
50.909751,327.617,63.894,0.897
50.921361,328.836,63.958,0.884
50.932971,331.597,64.103,0.868
50.944580,332.595,64.155,0.849
50.956190,333.132,64.183,0.822
50.967800,330.772,64.060,0.795
50.979410,349.816,65.029,0.765
50.991020,350.037,65.040,0.733
51.002630,114.231,45.653,0.706
51.014240,329.151,63.975,0.684
51.025850,265.961,60.285,0.684
51.037460,265.991,60.286,0.700
51.049070,275.159,60.873,0.726
51.060680,279.008,61.114,0.757
51.072290,281.159,61.247,0.791
51.083900,282.639,61.337,0.811
51.095510,283.652,61.399,0.841
51.107120,285.581,61.517,0.873
51.118730,286.413,61.567,0.894
51.130340,286.549,61.575,0.908
51.141950,286.965,61.600,0.918
51.153560,287.841,61.653,0.927
51.165170,289.447,61.750,0.938
51.176780,291.062,61.846,0.948
51.188390,893.530,81.264,0.953
51.200000,899.538,81.380,0.950
51.211610,904.516,81.476,0.947
51.223220,914.584,81.667,0.945
51.234830,922.902,81.824,0.942
51.246440,933.201,82.016,0.938
51.258050,322.980,63.647,0.934
51.269660,324.731,63.741,0.930
51.281270,326.149,63.816,0.925
51.292880,327.183,63.871,0.924
51.304490,327.844,63.906,0.923
51.316100,328.434,63.937,0.926
51.327710,329.278,63.982,0.933
51.339320,330.050,64.022,0.940
51.350930,330.447,64.043,0.944
51.362540,330.202,64.030,0.947
51.374150,329.391,63.988,0.949
51.385760,328.505,63.941,0.943
51.397370,327.543,63.890,0.937
51.408980,966.348,82.620,0.933
51.420590,953.143,82.382,0.924
51.432200,932.657,82.006,0.915
51.443810,909.809,81.577,0.899
51.455420,877.504,80.951,0.881
51.467029,277.060,60.992,0.871
51.478639,277.067,60.993,0.872
51.490249,277.399,61.014,0.879
51.501859,277.500,61.020,0.878
51.513469,278.029,61.053,0.875
51.525079,278.920,61.108,0.866
51.536689,279.575,61.149,0.856
51.548299,279.960,61.173,0.843
51.559909,280.220,61.189,0.825
51.571519,280.315,61.195,0.804
51.583129,280.334,61.196,0.771
51.594739,280.322,61.195,0.735
51.606349,280.115,61.182,0.732
51.617959,806.192,79.483,0.759
51.629569,794.563,79.232,0.783
51.641179,789.563,79.123,0.800
51.652789,789.245,79.116,0.807
51.664399,789.022,79.111,0.813
51.676009,788.226,79.093,0.813
51.687619,788.212,79.093,0.807
51.699229,782.474,78.966,0.786
51.710839,765.653,78.590,0.732
51.722449,769.896,78.686,0.668
51.734059,119.676,46.460,0.599
51.745669,119.019,46.364,0.558
51.757279,280.751,61.221,0.484
51.768889,818.610,79.748,0.444
51.780499,818.419,79.744,0.411
51.792109,842.806,80.252,0.371
51.803719,842.332,80.243,0.358
51.815329,842.342,80.243,0.335
51.826939,841.580,80.227,0.371
51.838549,423.791,68.350,0.493
51.850159,165.808,52.104,0.630
51.861769,315.056,63.217,0.699
51.873379,198.597,55.228,0.734
51.884989,314.661,63.196,0.758
51.896599,314.538,63.189,0.777
51.908209,314.566,63.190,0.790
51.919819,98.864,43.152,0.796
51.931429,98.855,43.151,0.794
51.943039,101.142,43.547,0.772
51.954649,101.166,43.551,0.742
51.966259,247.552,59.043,0.731
51.977868,229.995,57.769,0.726
51.989478,224.930,57.384,0.736
52.001088,235.359,58.168,0.759
52.012698,243.095,58.728,0.806
52.024308,246.541,58.972,0.842
52.035918,247.589,59.045,0.865
52.047528,248.044,59.077,0.883
52.059138,248.232,59.090,0.895
52.070748,248.098,59.081,0.903
52.082358,247.985,59.073,0.906
52.093968,247.900,59.067,0.906
52.105578,247.748,59.056,0.895
52.117188,247.579,59.045,0.881
52.128798,247.350,59.029,0.870
52.140408,247.104,59.011,0.851
52.152018,246.941,59.000,0.826
52.163628,246.948,59.000,0.797
52.175238,246.884,58.996,0.762
52.186848,246.612,58.977,0.725
52.198458,246.310,58.956,0.670
52.210068,227.317,57.566,0.587
52.221678,215.799,56.666,0.435
52.233288,245.077,58.869,0.319
52.244898,301.895,62.479,0.418
52.256508,242.316,58.673,0.553
52.268118,242.650,58.696,0.599
52.279728,242.753,58.704,0.672
52.291338,243.265,58.740,0.748
52.302948,249.225,59.159,0.797
52.314558,247.376,59.030,0.823
52.326168,247.023,59.006,0.844
52.337778,246.455,58.966,0.863
52.349388,246.451,58.966,0.876
52.360998,246.425,58.964,0.887
52.372608,246.420,58.963,0.892
52.384218,246.218,58.949,0.890
52.395828,246.219,58.949,0.888
52.407438,246.199,58.948,0.891
52.419048,246.120,58.942,0.895
52.430658,246.141,58.944,0.895
52.442268,246.196,58.948,0.895
52.453878,246.303,58.955,0.898
52.465488,246.404,58.962,0.901
52.477098,246.541,58.972,0.902
52.488707,246.694,58.983,0.903
52.500317,246.942,59.000,0.903
52.511927,247.150,59.015,0.904
52.523537,247.207,59.019,0.904
52.535147,247.301,59.025,0.904
52.546757,247.401,59.032,0.902
52.558367,247.474,59.037,0.899
52.569977,247.554,59.043,0.897
52.581587,247.554,59.043,0.897
52.593197,247.563,59.044,0.897
52.604807,247.573,59.044,0.898
52.616417,247.625,59.048,0.895
52.628027,247.531,59.041,0.893
52.639637,247.443,59.035,0.886
52.651247,247.331,59.027,0.879
52.662857,247.345,59.028,0.868
52.674467,247.137,59.014,0.851
52.686077,246.638,58.979,0.833
52.697687,247.150,59.015,0.813
52.709297,247.318,59.026,0.799
52.720907,248.176,59.086,0.789
52.732517,248.168,59.086,0.784
52.744127,247.953,59.071,0.777
52.755737,275.592,60.900,0.799
52.767347,275.913,60.920,0.818
52.778957,276.667,60.968,0.833
52.790567,278.226,61.065,0.845
52.802177,278.402,61.076,0.867
52.813787,277.353,61.011,0.886
52.825397,276.495,60.957,0.901
52.837007,275.061,60.867,0.915
52.848617,273.901,60.794,0.917
52.860227,272.082,60.678,0.918
52.871837,270.552,60.581,0.916
52.883447,269.954,60.543,0.913
52.895057,269.449,60.510,0.903
52.906667,269.350,60.504,0.892
52.918277,271.090,60.615,0.885
52.929887,275.125,60.871,0.882
52.941497,278.781,61.100,0.882
52.953107,280.370,61.198,0.885
52.964717,280.379,61.198,0.889
52.976327,279.475,61.143,0.897
52.987937,277.651,61.029,0.900
52.999546,275.188,60.875,0.901
53.011156,273.138,60.746,0.903
53.022766,272.365,60.696,0.903
53.034376,272.263,60.690,0.904
53.045986,273.044,60.740,0.903
53.057596,276.040,60.928,0.904
53.069206,279.596,61.150,0.901
53.080816,281.817,61.287,0.897
53.092426,282.786,61.346,0.890
53.104036,284.298,61.439,0.871
53.115646,285.728,61.526,0.849
53.127256,286.641,61.581,0.823
53.138866,285.928,61.538,0.789
53.150476,283.108,61.366,0.742
53.162086,280.913,61.231,0.685
53.173696,275.746,60.910,0.604
53.185306,218.251,56.862,0.567
53.196916,443.997,69.157,0.709
53.208526,460.753,69.798,0.798
53.220136,472.308,70.227,0.843
53.231746,480.522,70.525,0.881
53.243356,485.333,70.698,0.912
53.254966,487.653,70.780,0.931
53.266576,487.535,70.776,0.944
53.278186,488.160,70.798,0.954
53.289796,492.433,70.949,0.955
53.301406,495.784,71.067,0.949
53.313016,498.115,71.148,0.944
53.324626,498.755,71.170,0.927
53.336236,502.997,71.317,0.914
53.347846,509.001,71.522,0.904
53.359456,516.043,71.760,0.900
53.371066,524.517,72.042,0.895
53.382676,534.820,72.379,0.887
53.394286,545.332,72.716,0.882
53.405896,548.442,72.814,0.879
53.417506,549.033,72.833,0.891
53.429116,549.312,72.841,0.894
53.440726,548.480,72.815,0.901
53.452336,545.752,72.729,0.904
53.463946,538.892,72.510,0.907
53.475556,533.426,72.333,0.905
53.487166,520.367,71.904,0.907
53.498776,508.363,71.500,0.907
53.510385,491.124,70.903,0.905
53.521995,464.048,69.921,0.902
53.533605,444.342,69.170,0.897
53.545215,432.672,68.709,0.898
53.556825,421.577,68.260,0.899
53.568435,418.818,68.146,0.905
53.580045,417.455,68.089,0.906
53.591655,416.364,68.044,0.907
53.603265,416.115,68.034,0.909
53.614875,415.936,68.026,0.910
53.626485,415.804,68.021,0.911
53.638095,415.872,68.024,0.907
53.649705,415.730,68.018,0.900
53.661315,415.566,68.011,0.892
53.672925,415.406,68.004,0.882
53.684535,415.255,67.998,0.875
53.696145,414.829,67.980,0.871
53.707755,414.148,67.952,0.861
53.719365,413.651,67.931,0.848
53.730975,415.356,68.002,0.836
53.742585,415.785,68.020,0.829
53.754195,415.854,68.023,0.821
53.765805,415.206,67.996,0.817
53.777415,416.071,68.032,0.809
53.789025,416.909,68.067,0.810
53.800635,418.899,68.149,0.807
53.812245,224.139,57.323,0.812
53.823855,447.204,69.281,0.836
53.835465,442.302,69.090,0.850
53.847075,377.966,66.369,0.875
53.858685,377.649,66.354,0.895
53.870295,379.864,66.456,0.910
53.881905,380.020,66.463,0.915
53.893515,391.356,66.972,0.924
53.905125,399.685,67.336,0.928
53.916735,405.745,67.597,0.924
53.928345,410.153,67.784,0.924
53.939955,414.186,67.953,0.917
53.951565,213.663,56.494,0.909
53.963175,213.355,56.469,0.897
53.974785,421.038,68.237,0.890
53.986395,423.559,68.341,0.882
53.998005,421.817,68.269,0.880
54.009615,210.102,56.203,0.879
54.021224,418.547,68.135,0.878
54.032834,417.692,68.099,0.876
54.044444,416.955,68.069,0.875
54.056054,415.882,68.024,0.872
54.067664,414.283,67.957,0.873
54.079274,411.565,67.843,0.874
54.090884,407.227,67.660,0.871
54.102494,400.609,67.376,0.868
54.114104,394.313,67.102,0.865
54.125714,386.555,66.758,0.865
54.137324,381.295,66.521,0.871
54.148934,379.125,66.422,0.884
54.160544,378.141,66.377,0.892
54.172154,377.839,66.363,0.898
54.183764,377.899,66.366,0.903
54.195374,378.159,66.378,0.908
54.206984,378.337,66.386,0.911
54.218594,378.411,66.389,0.909
54.230204,377.509,66.348,0.905
54.241814,376.613,66.307,0.896
54.253424,374.723,66.220,0.887
54.265034,372.837,66.132,0.880
54.276644,370.550,66.026,0.876
54.288254,370.156,66.008,0.873
54.299864,369.356,65.970,0.867
54.311474,370.000,66.000,0.872
54.323084,370.587,66.028,0.873
54.334694,374.427,66.206,0.881
54.346304,379.295,66.430,0.887
54.357914,382.213,66.562,0.885
54.369524,126.145,47.371,0.892
54.381134,125.862,47.332,0.903
54.392744,125.493,47.281,0.914
54.404354,125.257,47.249,0.928
54.415964,125.006,47.214,0.946
54.427574,125.197,47.240,0.960
54.439184,125.530,47.286,0.971
54.450794,251.844,59.340,0.981
54.462404,252.860,59.410,0.980
54.474014,254.361,59.512,0.979
54.485624,257.118,59.699,0.979
54.497234,261.905,60.018,0.970
54.508844,266.270,60.305,0.958
54.520454,268.210,60.430,0.947
54.532063,269.201,60.494,0.940
54.543673,269.655,60.523,0.928
54.555283,269.043,60.484,0.924
54.566893,266.267,60.304,0.913
54.578503,262.936,60.087,0.900
54.590113,262.675,60.069,0.893
54.601723,254.054,59.492,0.882
54.613333,253.987,59.487,0.863
54.624943,253.781,59.473,0.841
54.636553,227.185,57.556,0.826
54.648163,123.002,46.934,0.816
54.659773,433.212,68.731,0.812
54.671383,108.083,44.696,0.801
54.682993,265.678,60.266,0.813
54.694603,247.699,59.053,0.831
54.706213,248.451,59.106,0.846
54.717823,248.938,59.139,0.857
54.729433,252.221,59.366,0.874
54.741043,253.757,59.471,0.883
54.752653,260.596,59.932,0.895
54.764263,262.668,60.069,0.908
54.775873,264.205,60.170,0.901
54.787483,265.780,60.273,0.884
54.799093,267.583,60.390,0.866
54.810703,269.952,60.542,0.849
54.822313,274.180,60.811,0.818
54.833923,275.371,60.886,0.808
54.845533,263.160,60.101,0.815
54.857143,261.081,59.964,0.822
54.868753,259.199,59.839,0.841
54.880363,258.752,59.809,0.855
54.891973,258.615,59.800,0.859
54.903583,258.560,59.796,0.861
54.915193,258.590,59.798,0.865
54.926803,256.863,59.682,0.857
54.938413,253.371,59.445,0.826
54.950023,250.399,59.241,0.782
54.961633,234.144,58.079,0.729
54.973243,223.816,57.298,0.722
54.984853,244.479,58.826,0.793
54.996463,246.341,58.958,0.818
55.008073,248.248,59.091,0.838
55.019683,248.968,59.141,0.851
55.031293,249.539,59.181,0.864
55.042902,249.846,59.202,0.879
55.054512,249.902,59.206,0.880
55.066122,275.640,60.903,0.867
55.077732,276.947,60.985,0.827
55.089342,280.966,61.235,0.797
55.100952,283.358,61.381,0.763
55.112562,284.333,61.441,0.755
55.124172,261.829,60.013,0.757
55.135782,242.680,58.699,0.746
55.147392,123.167,46.957,0.762
55.159002,250.698,59.261,0.808
55.170612,250.593,59.254,0.834
55.182222,250.456,59.245,0.871
55.193832,249.875,59.204,0.890
55.205442,246.939,59.000,0.893
55.217052,246.719,58.984,0.883
55.228662,246.914,58.998,0.872
55.240272,246.865,58.995,0.861
55.251882,239.505,58.471,0.835
55.263492,242.219,58.666,0.819
55.275102,226.943,57.538,0.790
55.286712,248.743,59.126,0.792
55.298322,250.249,59.230,0.820
55.309932,274.711,60.845,0.856
55.321542,276.793,60.976,0.880
55.333152,276.888,60.982,0.895
55.344762,276.720,60.971,0.913
55.356372,276.627,60.965,0.925
55.367982,276.577,60.962,0.931
55.379592,276.632,60.966,0.922
55.391202,276.814,60.977,0.902
55.402812,276.646,60.966,0.878
55.414422,276.287,60.944,0.856
55.426032,276.207,60.939,0.844
55.437642,276.737,60.972,0.826
55.449252,275.222,60.877,0.813
55.460862,256.635,59.667,0.817
55.472472,256.010,59.624,0.835
55.484082,255.166,59.567,0.854
55.495692,254.956,59.553,0.863
55.507302,254.912,59.550,0.871
55.518912,254.458,59.519,0.873
55.530522,254.382,59.514,0.874
55.542132,253.657,59.464,0.869
55.553741,251.169,59.294,0.849
55.565351,248.029,59.076,0.840
55.576961,248.182,59.087,0.839
55.588571,255.347,59.579,0.852
55.600181,275.376,60.887,0.871
55.611791,127.028,47.492,0.886
55.623401,127.053,47.495,0.893
55.635011,334.571,64.258,0.895
55.646621,334.914,64.275,0.894
55.658231,335.756,64.319,0.883
55.669841,334.853,64.272,0.872
55.681451,373.361,66.157,0.857
55.693061,374.045,66.189,0.830
55.704671,361.542,65.600,0.801
55.716281,333.874,64.222,0.774
55.727891,408.478,67.713,0.755
55.739501,279.445,61.141,0.776
55.751111,278.929,61.109,0.820
55.762721,262.897,60.084,0.843
55.774331,262.827,60.079,0.844
55.785941,262.806,60.078,0.842
55.797551,262.819,60.079,0.833
55.809161,262.905,60.084,0.827
55.820771,263.628,60.132,0.819
55.832381,261.516,59.993,0.792
55.843991,251.878,59.343,0.722
55.855601,232.482,57.955,0.609
55.867211,198.410,55.212,0.527
55.878821,193.553,54.783,0.470
55.890431,1002.273,83.252,0.548
55.902041,233.160,58.006,0.712
55.913651,229.270,57.715,0.807
55.925261,225.632,57.438,0.841
55.936871,222.277,57.178,0.869
55.948481,219.234,56.940,0.896
55.960091,217.522,56.804,0.911
55.971701,214.169,56.535,0.922
55.983311,213.387,56.472,0.923
55.994921,210.650,56.248,0.911
56.006531,207.130,55.956,0.888
56.018141,205.769,55.842,0.874
56.029751,203.082,55.615,0.855
56.041361,200.974,55.434,0.823
56.052971,200.308,55.377,0.808
56.064580,202.483,55.564,0.799
56.076190,206.010,55.863,0.809
56.087800,211.737,56.337,0.829
56.099410,214.288,56.545,0.840
56.111020,215.049,56.606,0.853
56.122630,215.709,56.659,0.872
56.134240,215.405,56.635,0.884
56.145850,229.252,57.713,0.896
56.157460,214.968,56.599,0.910
56.169070,214.914,56.595,0.914
56.180680,553.995,72.988,0.937
56.192290,561.366,73.217,0.952
56.203900,566.798,73.384,0.958
56.215510,310.686,62.975,0.957
56.227120,315.944,63.266,0.958
56.238730,610.774,74.678,0.954
56.250340,615.715,74.817,0.945
56.261950,626.386,75.115,0.948
56.273560,645.524,75.636,0.929
56.285170,653.716,75.854,0.906
56.296780,655.904,75.912,0.906
56.308390,656.869,75.937,0.906
56.320000,654.452,75.873,0.897
56.331610,658.242,75.973,0.890
56.343220,663.299,76.106,0.890
56.354830,665.653,76.167,0.877
56.366440,665.189,76.155,0.857
56.378050,219.210,56.938,0.841
56.389660,218.888,56.912,0.795
56.401270,218.261,56.863,0.746
56.412880,218.043,56.845,0.717
56.424490,217.771,56.824,0.689
56.436100,618.960,74.908,0.614
56.447710,592.190,74.143,0.496
56.459320,100.527,43.441,0.364
56.470930,582.354,73.853,0.266
56.482540,173.928,52.932,0.302
56.494150,271.332,60.631,0.427
56.505760,267.522,60.386,0.660
56.517370,266.783,60.338,0.727
56.528980,264.277,60.175,0.781
56.540590,262.303,60.045,0.814
56.552200,261.827,60.013,0.843
56.563810,263.330,60.112,0.871
56.575420,264.949,60.219,0.889
56.587029,265.704,60.268,0.902
56.598639,265.604,60.261,0.892
56.610249,265.508,60.255,0.881
56.621859,265.527,60.256,0.880
56.633469,263.641,60.133,0.886
56.645079,261.252,59.975,0.887
56.656689,259.860,59.883,0.874
56.668299,259.015,59.826,0.860
56.679909,258.146,59.768,0.848
56.691519,258.010,59.759,0.848
56.703129,257.824,59.747,0.861
56.714739,255.972,59.622,0.840
56.726349,252.205,59.365,0.807
56.737959,243.337,58.745,0.769
56.749569,242.010,58.651,0.770
56.761179,241.809,58.636,0.773
56.772789,225.317,57.413,0.774
56.784399,225.302,57.412,0.768
56.796009,225.274,57.410,0.738
56.807619,271.752,60.657,0.754
56.819229,271.737,60.656,0.798
56.830839,272.395,60.698,0.829
56.842449,272.664,60.715,0.841
56.854059,273.571,60.773,0.850
56.865669,274.502,60.832,0.846
56.877279,274.603,60.838,0.842
56.888889,274.752,60.847,0.840
56.900499,274.801,60.851,0.827
56.912109,275.949,60.923,0.791
56.923719,278.400,61.076,0.739
56.935329,282.727,61.343,0.695
56.946939,127.273,47.525,0.645
56.958549,127.208,47.516,0.637
56.970159,276.376,60.950,0.695
56.981769,272.601,60.711,0.738
56.993379,271.483,60.640,0.759
57.004989,271.045,60.612,0.770
57.016599,269.433,60.509,0.785
57.028209,269.667,60.524,0.776
57.039819,246.686,58.982,0.776
57.051429,245.621,58.907,0.780
57.063039,236.383,58.243,0.753
57.074649,213.402,56.473,0.715
57.086259,191.915,54.636,0.743
57.097868,234.108,58.076,0.771
57.109478,236.417,58.246,0.810
57.121088,239.969,58.504,0.851
57.132698,243.097,58.728,0.871
57.144308,1002.273,83.252,0.886
57.155918,1002.273,83.252,0.905
57.167528,1002.273,83.252,0.922
57.179138,1002.273,83.252,0.924
57.190748,1002.273,83.252,0.929
57.202358,1002.273,83.252,0.919
57.213968,273.635,60.777,0.895
57.225578,275.825,60.915,0.874
57.237188,277.744,61.035,0.854
57.248798,279.391,61.137,0.823
57.260408,280.004,61.175,0.795
57.272018,279.073,61.118,0.797
57.283628,243.897,58.785,0.790
57.295238,243.564,58.762,0.798
57.306848,243.455,58.754,0.816
57.318458,243.296,58.742,0.825
57.330068,243.173,58.734,0.831
57.341678,243.011,58.722,0.835
57.353288,242.912,58.715,0.832
57.364898,242.432,58.681,0.799
57.376508,241.316,58.601,0.759
57.388118,229.698,57.747,0.717
57.399728,204.039,55.696,0.686
57.411338,218.784,56.904,0.710
57.422948,247.818,59.061,0.756
57.434558,249.504,59.179,0.795
57.446168,253.952,59.485,0.827
57.457778,257.230,59.707,0.852
57.469388,260.782,59.944,0.870
57.480998,262.362,60.049,0.881
57.492608,264.654,60.199,0.892
57.504218,268.128,60.425,0.897
57.515828,268.673,60.460,0.899
57.527438,268.247,60.433,0.895
57.539048,267.955,60.414,0.888
57.550658,268.321,60.437,0.881
57.562268,268.437,60.445,0.870
57.573878,268.174,60.428,0.854
57.585488,266.100,60.294,0.833
57.597098,261.666,60.003,0.804
57.608707,255.539,59.592,0.760
57.620317,252.737,59.402,0.707
57.631927,249.069,59.149,0.627
57.643537,233.961,58.065,0.472
57.655147,203.520,55.652,0.281
57.666757,242.712,58.701,0.186
57.678367,133.425,48.342,0.361
57.689977,202.890,55.598,0.469
57.701587,128.233,47.655,0.527
57.713197,267.686,60.396,0.592
57.724807,266.674,60.331,0.679
57.736417,267.681,60.396,0.742
57.748027,268.328,60.438,0.776
57.759637,267.776,60.402,0.798
57.771247,267.740,60.400,0.817
57.782857,268.108,60.424,0.832
57.794467,268.318,60.437,0.842
57.806077,268.670,60.460,0.848
57.817687,269.332,60.503,0.847
57.829297,270.068,60.550,0.842
57.840907,271.119,60.617,0.836
57.852517,271.637,60.650,0.833
57.864127,272.353,60.696,0.825
57.875737,272.942,60.733,0.816
57.887347,273.087,60.742,0.814
57.898957,273.242,60.752,0.810
57.910567,273.546,60.771,0.809
57.922177,272.960,60.734,0.813
57.933787,253.654,59.464,0.817
57.945397,255.098,59.563,0.813
57.957007,245.664,58.910,0.807
57.968617,244.870,58.854,0.795
57.980227,246.708,58.984,0.787
57.991837,244.996,58.863,0.799
58.003447,252.372,59.377,0.811
58.015057,249.457,59.175,0.821
58.026667,250.657,59.259,0.839
58.038277,285.424,61.507,0.852
58.049887,285.575,61.516,0.872
58.061497,1002.273,83.252,0.887
58.073107,1002.273,83.252,0.898
58.084717,334.780,64.269,0.900
58.096327,335.438,64.302,0.896
58.107937,337.273,64.397,0.886
58.119546,338.673,64.469,0.871
58.131156,339.158,64.493,0.859
58.142766,339.583,64.515,0.843
58.154376,340.219,64.548,0.829
58.165986,342.196,64.648,0.825
58.177596,343.079,64.692,0.819
58.189206,347.887,64.933,0.811
58.200816,330.459,64.044,0.803
58.212426,327.824,63.905,0.791
58.224036,316.529,63.298,0.786
58.235646,302.499,62.513,0.774
58.247256,291.866,61.894,0.762
58.258866,249.078,59.149,0.731
58.270476,248.409,59.103,0.702
58.282086,247.501,59.039,0.707
58.293696,228.776,57.677,0.718
58.305306,228.344,57.644,0.771
58.316916,227.596,57.588,0.803
58.328526,227.059,57.547,0.821
58.340136,224.039,57.315,0.842
58.351746,218.404,56.874,0.859
58.363356,216.116,56.692,0.872
58.374966,214.027,56.523,0.875
58.386576,212.184,56.374,0.872
58.398186,208.690,56.086,0.858
58.409796,207.121,55.956,0.847
58.421406,206.507,55.904,0.840
58.433016,205.872,55.851,0.826
58.444626,205.497,55.819,0.808
58.456236,205.316,55.804,0.793
58.467846,205.749,55.841,0.794
58.479456,206.457,55.900,0.812
58.491066,209.572,56.159,0.828
58.502676,216.674,56.736,0.837
58.514286,220.191,57.015,0.845
58.525896,220.483,57.038,0.860
58.537506,239.577,58.476,0.873
58.549116,239.717,58.486,0.878
58.560726,240.651,58.553,0.880
58.572336,241.071,58.583,0.878
58.583946,412.552,67.885,0.864
58.595556,362.634,65.652,0.847
58.607166,361.721,65.609,0.828
58.618776,362.630,65.652,0.799
58.630385,362.947,65.667,0.763
58.641995,365.808,65.803,0.731
58.653605,371.756,66.082,0.680
58.665215,422.875,68.313,0.591
58.676825,106.841,44.496,0.553
58.688435,106.663,44.467,0.563
58.700045,283.698,61.402,0.567
58.711655,134.147,48.436,0.566
58.723265,283.650,61.399,0.544
58.734875,112.987,45.464,0.513
58.746485,81.206,39.746,0.478
58.758095,89.241,41.379,0.418
58.769705,227.556,57.585,0.457
58.781315,218.461,56.878,0.632
58.792925,221.100,57.086,0.736
58.804535,233.262,58.013,0.768
58.816145,233.389,58.023,0.775
58.827755,233.347,58.020,0.781
58.839365,220.531,57.042,0.784
58.850975,220.526,57.041,0.784
58.862585,220.386,57.030,0.779
58.874195,231.877,57.910,0.744
58.885805,232.387,57.948,0.688
58.897415,247.821,59.062,0.681
58.909025,249.564,59.183,0.718
58.920635,251.573,59.322,0.751
58.932245,258.438,59.788,0.805
58.943855,266.320,60.308,0.844
58.955465,373.119,66.146,0.879
58.967075,374.775,66.222,0.901
58.978685,278.329,61.071,0.907
58.990295,279.047,61.116,0.901
59.001905,279.600,61.150,0.896
59.013515,279.909,61.169,0.891
59.025125,282.024,61.300,0.874
59.036735,283.968,61.419,0.858
59.048345,283.651,61.399,0.831
59.059955,280.052,61.178,0.807
59.071565,271.735,60.656,0.805
59.083175,262.862,60.082,0.827
59.094785,242.849,58.711,0.839
59.106395,242.109,58.658,0.843
59.118005,241.604,58.622,0.840
59.129615,241.168,58.590,0.836
59.141224,240.851,58.568,0.838
59.152834,240.671,58.555,0.844
59.164444,240.094,58.513,0.845
59.176054,239.363,58.460,0.839
59.187664,239.636,58.480,0.841
59.199274,243.217,58.737,0.852
59.210884,253.592,59.460,0.869
59.222494,257.241,59.707,0.886
59.234104,258.780,59.811,0.893
59.245714,261.272,59.977,0.904
59.257324,264.375,60.181,0.913
59.268934,267.905,60.411,0.927
59.280544,270.940,60.606,0.934
59.292154,272.928,60.732,0.933
59.303764,274.739,60.847,0.933
59.315374,275.180,60.874,0.926
59.326984,275.568,60.899,0.924
59.338594,276.397,60.951,0.914
59.350204,276.870,60.980,0.902
59.361814,276.233,60.941,0.876
59.373424,274.802,60.851,0.849
59.385034,271.967,60.671,0.824
59.396644,260.489,59.925,0.785
59.408254,254.330,59.510,0.752
59.419864,245.430,58.894,0.697
59.431474,116.378,45.976,0.698
59.443084,312.595,63.082,0.732
59.454694,312.554,63.079,0.746
59.466304,313.533,63.133,0.763
59.477914,314.711,63.198,0.782
59.489524,713.720,77.374,0.814
59.501134,156.997,51.159,0.831
59.512744,716.955,77.453,0.841
59.524354,733.274,77.842,0.840
59.535964,800.272,79.356,0.828
59.547574,826.651,79.917,0.832
59.559184,376.157,66.286,0.842
59.570794,375.070,66.236,0.850
59.582404,371.971,66.092,0.849
59.594014,371.139,66.053,0.855
59.605624,275.241,60.878,0.864
59.617234,275.425,60.890,0.866
59.628844,275.942,60.922,0.865
59.640454,276.272,60.943,0.864
59.652063,276.437,60.953,0.858
59.663673,276.538,60.960,0.852
59.675283,276.521,60.959,0.839
59.686893,276.542,60.960,0.825
59.698503,276.994,60.988,0.813
59.710113,277.732,61.034,0.803
59.721723,278.541,61.085,0.803
59.733333,279.032,61.115,0.807
59.744943,279.196,61.125,0.815
59.756553,278.768,61.099,0.820
59.768163,278.131,61.059,0.827
59.779773,278.350,61.073,0.843
59.791383,281.490,61.267,0.873
59.802993,282.811,61.348,0.883
59.814603,284.794,61.469,0.893
59.826213,287.040,61.605,0.901
59.837823,289.654,61.762,0.907
59.849433,292.705,61.943,0.915
59.861043,295.466,62.106,0.922
59.872653,298.433,62.279,0.924
59.884263,870.259,80.807,0.918
59.895873,883.698,81.073,0.920
59.907483,325.135,63.762,0.919
59.919093,328.089,63.919,0.921
59.930703,329.227,63.979,0.921
59.942313,330.088,64.024,0.920
59.953923,330.428,64.042,0.916
59.965533,330.547,64.048,0.909
59.977143,330.006,64.020,0.900
59.988753,329.433,63.990,0.895
60.000363,329.188,63.977,0.889
60.011973,329.300,63.983,0.883
60.023583,329.618,63.999,0.874
60.035193,329.801,64.009,0.855
60.046803,330.080,64.024,0.835
60.058413,330.404,64.041,0.816
60.070023,330.834,64.063,0.791
60.081633,331.078,64.076,0.790
60.093243,331.569,64.102,0.783
60.104853,771.222,78.716,0.781
60.116463,370.652,66.031,0.777
60.128073,366.849,65.852,0.804
60.139683,365.945,65.809,0.830
60.151293,363.901,65.712,0.853
60.162902,361.202,65.584,0.879
60.174512,359.713,65.512,0.882
60.186122,1002.273,83.252,0.887
60.197732,1002.273,83.252,0.892
60.209342,1002.273,83.252,0.900
60.220952,963.298,82.566,0.903
60.232562,314.893,63.208,0.907
60.244172,314.431,63.183,0.910
60.255782,313.595,63.137,0.910
60.267392,313.166,63.113,0.913
60.279002,313.025,63.105,0.922
60.290612,312.943,63.101,0.925
60.302222,312.946,63.101,0.922
60.313832,312.976,63.103,0.916
60.325442,313.051,63.107,0.902
60.337052,312.926,63.100,0.885
60.348662,312.527,63.078,0.863
60.360272,311.795,63.037,0.841
60.371882,311.181,63.003,0.807
60.383492,311.442,63.018,0.769
60.395102,311.554,63.024,0.746
60.406712,280.606,61.213,0.759
60.418322,280.450,61.203,0.794
60.429932,279.516,61.145,0.823
60.441542,278.811,61.101,0.842
60.453152,278.374,61.074,0.854
60.464762,278.011,61.052,0.865
60.476372,277.735,61.034,0.873
60.487982,277.467,61.018,0.882
60.499592,276.978,60.987,0.877
60.511202,276.751,60.973,0.872
60.522812,276.986,60.988,0.870
60.534422,277.171,60.999,0.867
60.546032,277.300,61.007,0.865
60.557642,277.435,61.016,0.861
60.569252,277.398,61.013,0.860
60.580862,277.208,61.002,0.856
60.592472,276.845,60.979,0.850
60.604082,276.544,60.960,0.835
60.615692,276.135,60.934,0.815
60.627302,275.766,60.911,0.792
60.638912,275.390,60.888,0.771
60.650522,274.868,60.855,0.743
60.662132,273.755,60.785,0.711
60.673741,273.473,60.767,0.696
60.685351,275.806,60.914,0.701
60.696961,274.775,60.849,0.739
60.708571,274.094,60.806,0.763
60.720181,273.846,60.790,0.783
60.731791,274.120,60.808,0.803
60.743401,274.875,60.855,0.823
60.755011,275.120,60.871,0.828
60.766621,276.184,60.938,0.833
60.778231,278.363,61.074,0.842
60.789841,279.248,61.129,0.834
60.801451,279.383,61.137,0.829
60.813061,279.325,61.133,0.823
60.824671,279.107,61.120,0.818
60.836281,277.272,61.006,0.823
60.847891,276.652,60.967,0.832
60.859501,276.112,60.933,0.832
60.871111,275.885,60.919,0.826
60.882721,275.993,60.926,0.829
60.894331,276.103,60.932,0.833
60.905941,276.245,60.941,0.831
60.917551,276.445,60.954,0.821
60.929161,276.742,60.972,0.795
60.940771,276.918,60.983,0.768
60.952381,277.011,60.989,0.739
60.963991,276.703,60.970,0.715
60.975601,276.858,60.980,0.722
60.987211,245.230,58.880,0.717
60.998821,263.464,60.121,0.735
61.010431,268.176,60.428,0.772
61.022041,272.234,60.688,0.801
61.033651,138.709,49.015,0.823
61.045261,279.000,61.113,0.843
61.056871,281.280,61.254,0.856
61.068481,139.260,49.083,0.861
61.080091,302.140,62.493,0.871
61.091701,279.576,61.149,0.874
61.103311,281.422,61.263,0.872
61.114921,325.331,63.773,0.878
61.126531,328.196,63.925,0.886
61.138141,328.568,63.944,0.879
61.149751,329.001,63.967,0.870
61.161361,328.978,63.966,0.862
61.172971,328.199,63.925,0.854
61.184580,328.839,63.959,0.852
61.196190,329.913,64.015,0.848
61.207800,330.309,64.036,0.836
61.219410,328.920,63.963,0.827
61.231020,329.273,63.981,0.835
61.242630,329.869,64.013,0.851
61.254240,330.289,64.035,0.855
61.265850,331.090,64.077,0.852
61.277460,332.297,64.140,0.847
61.289070,332.844,64.168,0.849
61.300680,332.471,64.149,0.853
61.312290,331.195,64.082,0.851
61.323900,328.203,63.925,0.854
61.335510,323.877,63.695,0.855
61.347120,321.130,63.548,0.861
61.358730,319.479,63.459,0.872
61.370340,317.358,63.343,0.886
61.381950,315.405,63.236,0.892
61.393560,314.260,63.173,0.896
61.405170,313.651,63.140,0.903
61.416780,313.439,63.128,0.908
61.428390,313.201,63.115,0.908
61.440000,313.190,63.114,0.903
61.451610,313.451,63.129,0.890
61.463220,313.829,63.150,0.874
61.474830,314.341,63.178,0.857
61.486440,314.742,63.200,0.836
61.498050,314.735,63.200,0.806
61.509660,312.908,63.099,0.761
61.521270,310.792,62.981,0.708
61.532880,1002.273,83.252,0.652
61.544490,1002.273,83.252,0.633
61.556100,109.135,44.863,0.601
61.567710,275.452,60.892,0.620
61.579320,274.825,60.852,0.680
61.590930,275.914,60.921,0.748
61.602540,274.663,60.842,0.778
61.614150,274.322,60.820,0.813
61.625760,274.952,60.860,0.837
61.637370,275.368,60.886,0.853
61.648980,275.366,60.886,0.853
61.660590,275.515,60.896,0.845
61.672200,275.412,60.889,0.827
61.683810,275.255,60.879,0.790
61.695420,276.261,60.942,0.760
61.707029,278.128,61.059,0.701
61.718639,278.759,61.098,0.604
61.730249,275.869,60.918,0.295
61.741859,441.963,69.077,0.541
61.753469,250.684,59.260,0.720
61.765079,249.807,59.200,0.792
61.776689,247.816,59.061,0.824
61.788299,247.519,59.040,0.826
61.799909,247.475,59.037,0.828
61.811519,247.401,59.032,0.831
61.823129,247.354,59.029,0.833
61.834739,247.166,59.016,0.823
61.846349,244.078,58.798,0.774
61.857959,240.508,58.543,0.688
61.869569,190.845,54.539,0.561
61.881179,245.137,58.873,0.662
61.892789,277.877,61.043,0.719
61.904399,277.863,61.042,0.749
61.916009,277.536,61.022,0.774
61.927619,277.188,61.000,0.795
61.939229,277.191,61.001,0.800
61.950839,277.196,61.001,0.810
61.962449,277.164,60.999,0.821
61.974059,277.076,60.993,0.814
61.985669,276.618,60.965,0.807
61.997279,276.248,60.942,0.802
62.008889,275.738,60.910,0.794
62.020499,274.302,60.819,0.783
62.032109,273.186,60.749,0.786
62.043719,272.357,60.696,0.791
62.055329,254.481,59.521,0.809
62.066939,255.980,59.622,0.827
62.078549,253.786,59.473,0.838
62.090159,253.420,59.448,0.835
62.101769,253.381,59.446,0.841
62.113379,253.362,59.444,0.848
62.124989,253.315,59.441,0.859
62.136599,253.492,59.453,0.863
62.148209,252.415,59.380,0.849
62.159819,249.391,59.171,0.821
62.171429,245.249,58.881,0.800
62.183039,264.959,60.219,0.833
62.194649,269.430,60.509,0.845
62.206259,272.575,60.710,0.852
62.217868,274.095,60.806,0.858
62.229478,274.865,60.855,0.867
62.241088,275.283,60.881,0.882
62.252698,275.646,60.904,0.893
62.264308,276.028,60.928,0.896
62.275918,277.026,60.990,0.884
62.287528,276.904,60.983,0.876
62.299138,276.627,60.965,0.868
62.310748,276.681,60.969,0.856
62.322358,276.935,60.985,0.843
62.333968,277.321,61.009,0.828
62.345578,277.898,61.045,0.822
62.357188,277.505,61.020,0.824
62.368798,245.232,58.880,0.821
62.380408,245.955,58.931,0.819
62.392018,246.280,58.954,0.815
62.403628,246.716,58.984,0.808
62.415238,247.303,59.025,0.802
62.426848,246.946,59.000,0.800
62.438458,247.034,59.006,0.798
62.450068,247.364,59.030,0.793
62.461678,250.091,59.219,0.785
62.473288,252.839,59.409,0.771
62.484898,256.739,59.674,0.789
62.496508,269.468,60.511,0.821
62.508118,272.951,60.734,0.837
62.519728,274.428,60.827,0.850
62.531338,275.211,60.876,0.857
62.542948,275.705,60.907,0.867
62.554558,275.940,60.922,0.876
62.566168,276.009,60.927,0.888
62.577778,276.172,60.937,0.891
62.589388,276.022,60.927,0.887
62.600998,275.528,60.896,0.885
62.612608,274.904,60.857,0.881
62.624218,274.499,60.832,0.867
62.635828,273.444,60.765,0.865
62.647438,271.343,60.631,0.875
62.659048,267.740,60.400,0.879
62.670658,903.032,81.447,0.882
62.682268,890.020,81.196,0.883
62.693878,255.040,59.559,0.883
62.705488,253.326,59.442,0.887
62.717098,252.820,59.407,0.890
62.728707,251.426,59.312,0.881
62.740317,250.195,59.227,0.862
62.751927,249.290,59.164,0.845
62.763537,248.779,59.128,0.830
62.775147,248.128,59.083,0.823
62.786757,277.816,61.040,0.821
62.798367,276.545,60.960,0.809
62.809977,276.597,60.963,0.815
62.821587,276.638,60.966,0.816
62.833197,276.720,60.971,0.812
62.844807,276.791,60.976,0.812
62.856417,276.987,60.988,0.808
62.868027,276.727,60.972,0.797
62.879637,276.040,60.929,0.785
62.891247,275.241,60.878,0.782
62.902857,273.814,60.788,0.781
62.914467,271.459,60.639,0.782
62.926077,270.570,60.582,0.808
62.937687,253.251,59.437,0.819
62.949297,250.494,59.247,0.826
62.960907,249.229,59.160,0.822
62.972517,248.766,59.127,0.822
62.984127,248.213,59.089,0.825
62.995737,247.899,59.067,0.832
63.007347,247.911,59.068,0.830
63.018957,245.960,58.931,0.803
63.030567,242.885,58.713,0.780
63.042177,239.912,58.500,0.771
63.053787,238.471,58.396,0.772
63.065397,238.368,58.388,0.761
63.077007,227.106,57.550,0.747
63.088617,268.605,60.456,0.738
63.100227,274.268,60.817,0.757
63.111837,276.362,60.949,0.787
63.123447,276.923,60.984,0.806
63.135057,277.456,61.017,0.812
63.146667,277.663,61.030,0.821
63.158277,277.840,61.041,0.833
63.169887,277.735,61.034,0.844
63.181497,277.776,61.037,0.850
63.193107,277.944,61.048,0.847
63.204717,277.770,61.037,0.837
63.216327,277.564,61.024,0.827
63.227937,276.980,60.987,0.826
63.239546,276.299,60.945,0.834
63.251156,275.363,60.886,0.835
63.262766,249.118,59.152,0.837
63.274376,254.880,59.548,0.836
63.285986,255.065,59.560,0.840
63.297596,254.372,59.513,0.845
63.309206,254.187,59.501,0.845
63.320816,252.467,59.383,0.838
63.332426,247.542,59.042,0.823
63.344036,243.561,58.761,0.810
63.355646,238.778,58.418,0.788
63.367256,234.994,58.141,0.785
63.378866,211.985,56.357,0.823
63.390476,271.391,60.634,0.830
63.402086,276.343,60.948,0.849
63.413696,283.109,61.366,0.868
63.425306,282.185,61.310,0.878
63.436916,280.178,61.186,0.890
63.448526,278.817,61.102,0.902
63.460136,278.507,61.083,0.905
63.471746,277.683,61.031,0.890
63.483356,277.378,61.012,0.891
63.494966,276.903,60.982,0.889
63.506576,276.355,60.948,0.883
63.518186,276.200,60.938,0.883
63.529796,276.299,60.945,0.878
63.541406,276.449,60.954,0.874
63.553016,276.506,60.958,0.874
63.564626,276.383,60.950,0.873
63.576236,276.164,60.936,0.874
63.587846,275.838,60.916,0.870
63.599456,275.511,60.895,0.864
63.611066,275.120,60.871,0.857
63.622676,274.754,60.848,0.849
63.634286,274.435,60.828,0.839
63.645896,273.476,60.767,0.823
63.657506,268.505,60.449,0.801
63.669116,265.669,60.265,0.770
63.680726,260.182,59.904,0.736
63.692336,258.938,59.821,0.707
63.703946,275.363,60.886,0.688
63.715556,268.576,60.454,0.695
63.727166,262.256,60.042,0.687
63.738776,262.187,60.037,0.674
63.750385,262.379,60.050,0.666
63.761995,262.932,60.086,0.663
63.773605,263.257,60.108,0.658
63.785215,520.244,71.900,0.640
63.796825,504.911,71.382,0.604
63.808435,488.947,70.826,0.545
63.820045,279.095,61.119,0.562
63.831655,200.491,55.392,0.650
63.843265,179.472,53.475,0.691
63.854875,1002.273,83.252,0.712
63.866485,319.393,63.454,0.726
63.878095,319.409,63.455,0.757
63.889705,319.550,63.462,0.774
63.901315,319.637,63.467,0.769
63.912925,161.163,51.612,0.757
63.924535,321.512,63.568,0.723
63.936145,323.453,63.673,0.689
63.947755,323.709,63.686,0.663
63.959365,318.762,63.420,0.699
63.970975,836.672,80.126,0.705
63.982585,841.833,80.232,0.707
63.994195,321.433,63.564,0.769
64.005805,334.802,64.270,0.809
64.017415,333.259,64.190,0.837
64.029025,332.161,64.133,0.857
64.040635,331.425,64.094,0.884
64.052245,331.293,64.087,0.894
64.063855,330.643,64.053,0.902
64.075465,330.786,64.061,0.915
64.087075,331.692,64.108,0.915
64.098685,331.717,64.109,0.914
64.110295,333.675,64.211,0.914
64.121905,336.186,64.341,0.918
64.133515,342.747,64.676,0.918
64.145125,350.654,65.071,0.922
64.156735,114.419,45.682,0.925
64.168345,447.211,69.281,0.927
64.179955,463.568,69.903,0.930
64.191565,474.761,70.316,0.937
64.203175,481.769,70.570,0.942
64.214785,485.622,70.708,0.945
64.226395,487.940,70.790,0.946
64.238005,490.697,70.888,0.945
64.249615,494.268,71.013,0.946
64.261224,497.543,71.128,0.947
64.272834,501.185,71.254,0.948
64.284444,506.264,71.429,0.949
64.296054,514.145,71.696,0.949
64.307664,523.978,72.024,0.949
64.319274,534.383,72.364,0.948
64.330884,542.655,72.630,0.948
64.342494,547.436,72.782,0.947
64.354104,549.249,72.839,0.947
64.365714,549.802,72.857,0.946
64.377324,548.376,72.812,0.944
64.388934,546.353,72.748,0.945
64.400544,545.409,72.718,0.947
64.412154,545.530,72.722,0.947
64.423764,547.505,72.784,0.946
64.435374,550.474,72.878,0.941
64.446984,553.767,72.981,0.939
64.458594,555.828,73.046,0.940
64.470204,556.739,73.074,0.942
64.481814,557.205,73.088,0.942
64.493424,557.453,73.096,0.940
64.505034,556.989,73.082,0.943
64.516644,556.113,73.054,0.944
64.528254,555.389,73.032,0.947
64.539864,554.815,73.014,0.944
64.551474,555.247,73.028,0.933
64.563084,556.670,73.072,0.915
64.574694,555.793,73.045,0.918
64.586304,553.168,72.963,0.916
64.597914,546.161,72.742,0.913
64.609524,532.588,72.306,0.911
64.621134,515.730,71.749,0.908
64.632744,505.972,71.419,0.909
64.644354,502.347,71.294,0.914
64.655964,500.226,71.221,0.924
64.667574,495.899,71.071,0.914
64.679184,493.826,70.998,0.906
64.690794,492.368,70.947,0.885
64.702404,491.665,70.922,0.862
64.714014,491.432,70.914,0.836
64.725624,492.831,70.963,0.826
64.737234,525.837,72.085,0.858
64.748844,545.607,72.724,0.866
64.760454,551.543,72.912,0.871
64.772063,554.152,72.993,0.879
64.783673,554.071,72.991,0.896
64.795283,553.873,72.985,0.911
64.806893,553.785,72.982,0.925
64.818503,554.103,72.992,0.927
64.830113,554.353,73.000,0.895
64.841723,553.931,72.986,0.872
64.853333,553.279,72.966,0.848
64.864943,552.317,72.936,0.816
64.876553,551.999,72.926,0.780
64.888163,551.048,72.896,0.735
64.899773,558.829,73.139,0.691
64.911383,360.360,65.543,0.693
64.922993,366.683,65.844,0.773
64.934603,372.278,66.107,0.815
64.946213,373.290,66.154,0.842
64.957823,373.117,66.145,0.863
64.969433,372.943,66.137,0.878
64.981043,372.438,66.114,0.892
64.992653,372.210,66.103,0.901
65.004263,372.599,66.121,0.904
65.015873,373.017,66.141,0.897
65.027483,373.122,66.146,0.893
65.039093,372.892,66.135,0.891
65.050703,373.292,66.154,0.890
65.062313,374.535,66.211,0.892
65.073923,376.578,66.305,0.893
65.085533,410.772,67.810,0.890
65.097143,412.891,67.899,0.889
65.108753,413.720,67.934,0.892
65.120363,414.397,67.962,0.890
65.131973,415.284,67.999,0.889
65.143583,416.293,68.041,0.896
65.155193,416.823,68.063,0.899
65.166803,417.214,68.079,0.902
65.178413,417.901,68.108,0.902
65.190023,418.611,68.137,0.901
65.201633,418.228,68.121,0.900
65.213243,417.991,68.112,0.899
65.224853,417.782,68.103,0.902
65.236463,416.919,68.067,0.896
65.248073,210.117,56.204,0.898
65.259683,370.159,66.008,0.894
65.271293,370.824,66.039,0.893
65.282902,371.106,66.052,0.893
65.294512,371.480,66.069,0.896
65.306122,371.722,66.081,0.897
65.317732,371.061,66.050,0.892
65.329342,370.774,66.036,0.890
65.340952,370.829,66.039,0.877
65.352562,371.412,66.066,0.865
65.364172,372.281,66.107,0.849
65.375782,372.790,66.130,0.826
65.387392,373.189,66.149,0.790
65.399002,372.785,66.130,0.751
65.410612,371.529,66.072,0.715
65.422222,363.661,65.701,0.655
65.433832,276.473,60.956,0.565
65.445442,277.896,61.044,0.522
65.457052,277.257,61.005,0.507
65.468662,184.202,53.925,0.513
65.480272,276.968,60.987,0.547
65.491882,368.410,65.926,0.709
65.503492,370.219,66.011,0.780
65.515102,369.601,65.982,0.817
65.526712,368.708,65.940,0.847
65.538322,367.786,65.896,0.874
65.549932,367.256,65.871,0.897
65.561542,366.551,65.838,0.922
65.573152,366.432,65.833,0.939
65.584762,366.815,65.851,0.938
65.596372,367.154,65.867,0.936
65.607982,367.980,65.905,0.938
65.619592,369.550,65.979,0.942
65.631202,371.024,66.048,0.939
65.642812,371.888,66.088,0.932
65.654422,372.749,66.128,0.922
65.666032,373.598,66.168,0.916
65.677642,373.151,66.147,0.916
65.689252,371.591,66.075,0.916
65.700862,370.318,66.015,0.912
65.712472,370.084,66.004,0.907
65.724082,370.762,66.036,0.907
65.735692,371.894,66.089,0.908
65.747302,373.201,66.149,0.899
65.758912,374.239,66.197,0.882
65.770522,375.365,66.249,0.860
65.782132,375.515,66.256,0.843
65.793741,374.317,66.201,0.839
65.805351,372.708,66.127,0.833
65.816961,371.379,66.065,0.838
65.828571,371.047,66.049,0.847
65.840181,371.284,66.060,0.864
65.851791,372.230,66.104,0.886
65.863401,373.041,66.142,0.904
65.875011,373.959,66.185,0.915
65.886621,375.374,66.250,0.922
65.898231,185.875,54.082,0.930
65.909841,838.134,80.156,0.935
65.921451,833.708,80.064,0.938
65.933061,414.500,67.966,0.938
65.944671,415.018,67.988,0.935
65.956281,415.400,68.004,0.924
65.967891,416.170,68.036,0.911
65.979501,416.220,68.038,0.892
65.991111,415.878,68.024,0.867
66.002721,415.326,68.001,0.835
66.014331,414.463,67.965,0.797
66.025941,413.904,67.942,0.756
66.037551,209.786,56.177,0.710
66.049161,81.960,39.906,0.704
66.060771,107.498,44.602,0.701
66.072381,110.270,45.042,0.702
66.083991,110.281,45.044,0.700
66.095601,594.756,74.218,0.705
66.107211,110.282,45.044,0.708
66.118821,419.262,68.164,0.754
66.130431,435.643,68.828,0.796
66.142041,439.344,68.974,0.829
66.153651,440.851,69.033,0.857
66.165261,441.316,69.052,0.881
66.176871,441.124,69.044,0.904
66.188481,440.688,69.027,0.920
66.200091,440.147,69.006,0.932
66.211701,440.036,69.001,0.934
66.223311,439.287,68.972,0.934
66.234921,437.225,68.890,0.933
66.246531,434.650,68.788,0.930
66.258141,432.119,68.687,0.927
66.269751,429.322,68.575,0.919
66.281361,425.057,68.402,0.912
66.292971,421.339,68.250,0.910
66.304580,418.838,68.147,0.908
66.316190,417.468,68.090,0.906
66.327800,416.624,68.055,0.905
66.339410,416.222,68.038,0.906
66.351020,415.966,68.028,0.906
66.362630,416.005,68.029,0.908
66.374240,416.030,68.030,0.909
66.385850,415.915,68.025,0.909
66.397460,415.674,68.015,0.907
66.409070,415.359,68.002,0.904
66.420680,415.001,67.987,0.903
66.432290,414.687,67.974,0.899
66.443900,414.169,67.953,0.898
66.455510,412.865,67.898,0.901
66.467120,411.054,67.822,0.898
66.478730,409.734,67.766,0.892
66.490340,776.628,78.837,0.888
66.501950,771.704,78.727,0.884
66.513560,375.039,66.234,0.877
66.525170,373.508,66.164,0.872
66.536780,372.360,66.110,0.866
66.548390,371.177,66.055,0.857
66.560000,185.222,54.021,0.854
66.571610,185.232,54.022,0.849
66.583220,370.063,66.003,0.844
66.594830,369.554,65.979,0.844
66.606440,369.123,65.959,0.839
66.618050,368.630,65.936,0.828
66.629660,367.373,65.877,0.806
66.641270,358.005,65.430,0.776
66.652880,340.129,64.543,0.750
66.664490,332.756,64.164,0.733
66.676100,328.188,63.924,0.725
66.687710,395.491,67.154,0.757
66.699320,440.243,69.010,0.822
66.710930,459.121,69.736,0.857
66.722540,474.543,70.308,0.891
66.734150,482.732,70.605,0.915
66.745760,486.268,70.731,0.934
66.757370,487.738,70.783,0.950
66.768980,488.847,70.823,0.962
66.780590,491.020,70.899,0.963
66.792200,494.025,71.005,0.955
66.803810,494.694,71.028,0.951
66.815420,494.433,71.019,0.947
66.827029,494.252,71.013,0.942
66.838639,494.240,71.012,0.937
66.850249,494.376,71.017,0.931
66.861859,494.803,71.032,0.913
66.873469,497.348,71.121,0.906
66.885079,504.289,71.361,0.905
66.896689,518.954,71.857,0.905
66.908299,532.476,72.303,0.904
66.919909,541.945,72.608,0.905
66.931519,548.485,72.815,0.910
66.943129,550.985,72.894,0.917
66.954739,551.251,72.902,0.931
66.966349,552.197,72.932,0.937
66.977959,553.073,72.960,0.936
66.989569,553.505,72.973,0.936
67.001179,553.160,72.962,0.932
67.012789,553.053,72.959,0.928
67.024399,553.001,72.957,0.918
67.036009,552.919,72.955,0.900
67.047619,553.448,72.971,0.885
67.059229,554.770,73.013,0.866
67.070839,555.427,73.033,0.845
67.082449,556.598,73.070,0.819
67.094059,554.927,73.018,0.798
67.105669,552.108,72.929,0.774
67.117279,551.253,72.903,0.756
67.128889,89.270,41.385,0.764
67.140499,98.044,43.008,0.761
67.152109,440.428,69.017,0.774
67.163719,416.998,68.070,0.805
67.175329,416.137,68.035,0.819
67.186939,415.135,67.993,0.824
67.198549,414.552,67.969,0.815
67.210159,413.037,67.905,0.806
67.221769,411.238,67.830,0.793
67.233379,409.960,67.776,0.783
67.244989,410.638,67.804,0.772
67.256599,400.966,67.392,0.733
67.268209,132.736,48.253,0.730
67.279819,752.504,78.290,0.755
67.291429,118.390,46.272,0.794
67.303039,556.573,73.069,0.833
67.314649,458.231,69.703,0.857
67.326259,462.148,69.850,0.883
67.337868,467.137,70.036,0.899
67.349478,251.256,59.300,0.915
67.361088,532.314,72.297,0.927
67.372698,505.408,71.399,0.936
67.384308,495.559,71.059,0.941
67.395918,494.180,71.010,0.942
67.407528,492.939,70.967,0.945
67.419138,490.948,70.897,0.946
67.430748,489.083,70.831,0.946
67.442358,487.484,70.774,0.943
67.453968,487.003,70.757,0.941
67.465578,488.136,70.797,0.936
67.477188,491.646,70.921,0.935
67.488798,496.901,71.105,0.935
67.500408,501.670,71.271,0.937
67.512018,503.991,71.351,0.936
67.523628,502.711,71.307,0.934
67.535238,498.477,71.160,0.932
67.546848,493.268,70.978,0.925
67.558458,489.010,70.828,0.914
67.570068,485.048,70.687,0.897
67.581678,481.146,70.548,0.883
67.593288,477.041,70.399,0.867
67.604898,472.603,70.237,0.862
67.616508,464.939,69.954,0.858
67.628118,416.301,68.041,0.857
67.639728,415.837,68.022,0.862
67.651338,416.020,68.030,0.877
67.662948,416.137,68.035,0.893
67.674558,416.066,68.032,0.898
67.686168,415.632,68.014,0.899
67.697778,415.192,67.995,0.891
67.709388,415.302,68.000,0.878
67.720998,415.366,68.003,0.862
67.732608,415.193,67.995,0.839
67.744218,414.420,67.963,0.815
67.755828,413.761,67.936,0.800
67.767438,415.353,68.002,0.806
67.779048,415.536,68.010,0.815
67.790658,407.345,67.665,0.821
67.802268,410.662,67.805,0.843
67.813878,413.073,67.907,0.860
67.825488,413.780,67.936,0.876
67.837098,414.143,67.951,0.888
67.848707,413.967,67.944,0.894
67.860317,413.334,67.918,0.896
67.871927,413.968,67.944,0.896
67.883537,414.806,67.979,0.899
67.895147,414.872,67.982,0.896
67.906757,414.502,67.967,0.895
67.918367,414.296,67.958,0.892
67.929977,414.017,67.946,0.886
67.941587,413.610,67.929,0.876
67.953197,413.347,67.918,0.862
67.964807,413.250,67.914,0.851
67.976417,413.090,67.907,0.844
67.988027,206.181,55.877,0.839
67.999637,205.858,55.850,0.838
68.011247,410.484,67.798,0.840
68.022857,409.357,67.750,0.843
68.034467,408.631,67.720,0.838
68.046077,408.560,67.717,0.829
68.057687,409.123,67.740,0.836
68.069297,408.736,67.724,0.849
68.080907,408.968,67.734,0.855
68.092517,413.399,67.920,0.859
68.104127,496.139,71.079,0.859
68.115737,499.421,71.193,0.861
68.127347,500.314,71.224,0.874
68.138957,499.609,71.200,0.890
68.150567,497.568,71.129,0.895
68.162177,495.680,71.063,0.896
68.173787,492.744,70.960,0.901
68.185397,487.090,70.760,0.902
68.197007,481.129,70.547,0.908
68.208617,480.276,70.516,0.913
68.220227,479.993,70.506,0.917
68.231837,480.406,70.521,0.918
68.243447,483.044,70.616,0.919
68.255057,490.274,70.873,0.918
68.266667,494.546,71.023,0.916
68.278277,495.311,71.050,0.916
68.289887,494.905,71.036,0.911
68.301497,494.690,71.028,0.894
68.313107,491.923,70.931,0.872
68.324717,488.682,70.817,0.851
68.336327,484.230,70.658,0.836
68.347937,480.447,70.522,0.839
68.359546,472.259,70.225,0.836
68.371156,416.410,68.046,0.836
68.382766,416.355,68.044,0.850
68.394376,416.020,68.030,0.877
68.405986,415.637,68.014,0.899
68.417596,414.990,67.987,0.915
68.429206,414.830,67.980,0.913
68.440816,413.946,67.943,0.898
68.452426,412.120,67.867,0.886
68.464036,410.183,67.785,0.872
68.475646,407.133,67.656,0.850
68.487256,394.218,67.098,0.832
68.498866,385.920,66.730,0.827
68.510476,457.705,69.683,0.838
68.522086,462.059,69.847,0.857
68.533696,468.823,70.098,0.871
68.545306,479.176,70.477,0.886
68.556916,495.863,71.069,0.900
68.568526,496.315,71.085,0.909
68.580136,495.692,71.063,0.917
68.591746,494.500,71.022,0.918
68.603356,494.589,71.025,0.905
68.614966,493.909,71.001,0.888
68.626576,492.849,70.964,0.873
68.638186,492.801,70.962,0.877
68.649796,492.913,70.966,0.876
68.661406,497.957,71.142,0.875
68.673016,416.266,68.040,0.868
68.684626,417.923,68.109,0.862
68.696236,417.469,68.090,0.870
68.707846,417.312,68.083,0.884
68.719456,417.213,68.079,0.898
68.731066,416.254,68.040,0.887
68.742676,415.534,68.010,0.871
68.754286,415.517,68.009,0.850
68.765896,415.908,68.025,0.830
68.777506,416.183,68.037,0.815
68.789116,416.297,68.041,0.794
68.800726,416.211,68.038,0.791
68.812336,498.951,71.177,0.802
68.823946,502.536,71.301,0.834
68.835556,504.557,71.370,0.860
68.847166,505.184,71.392,0.881
68.858776,504.176,71.357,0.904
68.870385,502.957,71.315,0.919
68.881995,501.655,71.270,0.933
68.893605,501.215,71.255,0.937
68.905215,499.694,71.203,0.937
68.916825,495.624,71.061,0.935
68.928435,493.130,70.974,0.938
68.940045,492.702,70.959,0.940
68.951655,494.008,71.004,0.938
68.963265,498.647,71.166,0.934
68.974875,501.513,71.265,0.932
68.986485,502.079,71.285,0.929
68.998095,502.514,71.300,0.922
69.009705,503.654,71.339,0.913
69.021315,503.810,71.345,0.902
69.032925,502.365,71.295,0.889
69.044535,498.555,71.163,0.879
69.056145,492.653,70.957,0.871
69.067755,472.352,70.228,0.872
69.079365,463.300,69.893,0.876
69.090975,465.418,69.972,0.885
69.102585,473.691,70.277,0.891
69.114195,483.455,70.631,0.901
69.125805,487.319,70.768,0.911
69.137415,489.136,70.833,0.917
69.149025,490.648,70.886,0.923
69.160635,492.203,70.941,0.918
69.172245,493.262,70.978,0.913
69.183855,493.992,71.004,0.902
69.195465,494.256,71.013,0.890
69.207075,494.199,71.011,0.870
69.218685,493.758,70.996,0.854
69.230295,494.037,71.005,0.841
69.241905,493.229,70.977,0.823
69.253515,492.977,70.968,0.806
69.265125,491.959,70.932,0.795
69.276735,242.804,58.707,0.785
69.288345,514.804,71.718,0.809
69.299955,547.981,72.799,0.841
69.311565,554.698,73.010,0.862
69.323175,555.832,73.046,0.886
69.334785,554.242,72.996,0.909
69.346395,553.035,72.958,0.922
69.358005,551.963,72.925,0.935
69.369615,550.430,72.877,0.950
69.381224,549.483,72.847,0.955
69.392834,548.595,72.819,0.956
69.404444,547.893,72.797,0.954
69.416054,547.924,72.798,0.948
69.427664,549.091,72.834,0.940
69.439274,550.446,72.877,0.934
69.450884,551.800,72.920,0.925
69.462494,553.809,72.983,0.910
69.474104,557.156,73.087,0.888
69.485714,561.215,73.213,0.862
69.497324,562.879,73.264,0.837
69.508934,563.760,73.291,0.805
69.520544,562.299,73.246,0.770
69.532154,560.344,73.186,0.786
69.543764,465.105,69.961,0.791
69.555374,461.016,69.808,0.799
69.566984,422.033,68.278,0.843
69.578594,418.654,68.139,0.873
69.590204,417.233,68.080,0.893
69.601814,416.383,68.045,0.913
69.613424,416.575,68.053,0.924
69.625034,416.892,68.066,0.913
69.636644,416.275,68.040,0.904
69.648254,415.261,67.998,0.899
69.659864,414.732,67.976,0.887
69.671474,415.108,67.992,0.878
69.683084,415.931,68.026,0.868
69.694694,421.066,68.239,0.872
69.706304,428.608,68.546,0.878
69.717914,247.566,59.044,0.889
69.729524,247.893,59.067,0.902
69.741134,247.999,59.074,0.909
69.752744,247.774,59.058,0.912
69.764354,489.163,70.834,0.912
69.775964,490.420,70.878,0.917
69.787574,493.509,70.987,0.909
69.799184,494.615,71.026,0.901
69.810794,495.058,71.041,0.897
69.822404,494.670,71.028,0.881
69.834014,494.194,71.011,0.862
69.845624,494.060,71.006,0.838
69.857234,494.557,71.024,0.811
69.868844,495.693,71.063,0.772
69.880454,497.696,71.133,0.719
69.892063,498.354,71.156,0.645
69.903673,246.230,58.950,0.437
69.915283,245.929,58.929,0.444
69.926893,246.155,58.945,0.442
69.938503,246.310,58.956,0.444
69.950113,245.979,58.932,0.444
69.961723,244.081,58.798,0.601
69.973333,374.515,66.210,0.672
69.984943,412.968,67.902,0.741
69.996553,414.681,67.974,0.780
70.008163,415.305,68.000,0.809
70.019773,415.405,68.004,0.837
70.031383,415.487,68.008,0.861
70.042993,415.388,68.003,0.878
70.054603,415.255,67.998,0.877
70.066213,415.300,68.000,0.884
70.077823,415.625,68.013,0.889
70.089433,415.522,68.009,0.898
70.101043,415.331,68.001,0.907
70.112653,415.175,67.995,0.914
70.124263,415.138,67.993,0.919
70.135873,415.366,68.003,0.926
70.147483,415.565,68.011,0.939
70.159093,415.729,68.018,0.946
70.170703,415.882,68.024,0.946
70.182313,415.938,68.026,0.943
70.193923,415.916,68.025,0.939
70.205533,415.885,68.024,0.936
70.217143,415.658,68.015,0.935
70.228753,415.451,68.006,0.933
70.240363,415.173,67.995,0.929
70.251973,414.967,67.986,0.923
70.263583,414.692,67.974,0.920
70.275193,414.648,67.973,0.920
70.286803,414.754,67.977,0.921
70.298413,414.952,67.985,0.918
70.310023,415.255,67.998,0.909
70.321633,415.415,68.005,0.897
70.333243,415.400,68.004,0.880
70.344853,415.396,68.004,0.867
70.356463,415.300,68.000,0.858
70.368073,415.111,67.992,0.849
70.379683,414.515,67.967,0.836
70.391293,412.766,67.894,0.820
70.402902,410.439,67.796,0.804
70.414512,409.255,67.746,0.794
70.426122,408.902,67.731,0.785
70.437732,408.009,67.693,0.772
70.449342,401.542,67.417,0.785
70.460952,385.837,66.726,0.797
70.472562,490.596,70.884,0.815
70.484172,498.279,71.153,0.837
70.495782,499.467,71.195,0.857
70.507392,499.072,71.181,0.876
70.519002,497.733,71.134,0.896
70.530612,495.677,71.063,0.913
70.542222,494.093,71.007,0.916
70.553832,492.681,70.958,0.920
70.565442,489.581,70.849,0.921
70.577052,487.859,70.788,0.922
70.588662,487.700,70.782,0.922
70.600272,488.371,70.806,0.926
70.611882,490.285,70.873,0.928
70.623492,493.631,70.991,0.927
70.635102,495.953,71.072,0.929
70.646712,496.166,71.080,0.932
70.658322,495.978,71.073,0.935
70.669932,494.822,71.033,0.934
70.681542,489.956,70.862,0.937
70.693152,486.203,70.729,0.928
70.704762,483.260,70.624,0.922
70.716372,477.890,70.430,0.926
70.727982,240.827,58.566,0.932
70.739592,240.069,58.511,0.934
70.751202,211.317,56.303,0.931
70.762812,210.611,56.245,0.932
70.774422,420.380,68.210,0.927
70.786032,419.685,68.182,0.925
70.797642,419.037,68.155,0.919
70.809252,417.081,68.074,0.904
70.820862,415.124,67.992,0.886
70.832472,413.977,67.945,0.869
70.844082,413.612,67.929,0.860
70.855692,412.620,67.888,0.845
70.867302,411.661,67.847,0.827
70.878912,416.202,68.037,0.849
70.890522,440.241,69.009,0.874
70.902132,441.185,69.047,0.889
70.913741,441.536,69.060,0.903
70.925351,441.715,69.067,0.915
70.936961,441.725,69.068,0.923
70.948571,441.467,69.058,0.930
70.960181,441.158,69.045,0.938
70.971791,440.753,69.030,0.936
70.983401,440.156,69.006,0.928
70.995011,440.248,69.010,0.925
71.006621,440.742,69.029,0.920
71.018231,441.018,69.040,0.915
71.029841,440.466,69.018,0.912
71.041451,440.001,69.000,0.915
71.053061,438.356,68.935,0.918
71.064671,862.252,80.647,0.920
71.076281,856.853,80.539,0.925
71.087891,851.611,80.432,0.925
71.099501,848.015,80.359,0.924
71.111111,845.731,80.312,0.924
71.122721,415.362,68.002,0.925
71.134331,415.178,67.995,0.922
71.145941,415.381,68.003,0.919
71.157551,415.134,67.993,0.920
71.169161,207.570,55.993,0.930
71.180771,207.927,56.023,0.942
71.192381,118.782,46.330,0.953
71.203991,118.793,46.331,0.961
71.215601,82.981,40.120,0.968
71.227211,82.941,40.112,0.975
71.238821,82.873,40.098,0.977
71.250431,82.814,40.085,0.974
71.262041,82.778,40.078,0.973
71.273651,82.849,40.093,0.971
71.285261,274.043,60.803,0.969
71.296871,274.205,60.813,0.961
71.308481,274.862,60.854,0.957
71.320091,276.004,60.926,0.957
71.331701,277.102,60.995,0.960
71.343311,277.635,61.028,0.969
71.354921,277.309,61.008,0.967
71.366531,277.006,60.989,0.963
71.378141,276.231,60.940,0.963
71.389751,275.436,60.891,0.971
71.401361,274.709,60.845,0.975
71.412971,273.756,60.785,0.973
71.424580,272.757,60.721,0.977
71.436190,272.149,60.683,0.973
71.447800,272.269,60.690,0.965
71.459410,272.408,60.699,0.957
71.471020,271.936,60.669,0.951
71.482630,269.720,60.528,0.940
71.494240,162.389,51.743,0.928
71.505850,163.334,51.844,0.921
71.517460,328.189,63.924,0.906
71.529070,327.979,63.913,0.902
71.540680,328.286,63.929,0.906
71.552290,328.935,63.964,0.909
71.563900,329.726,64.005,0.903
71.575510,330.175,64.029,0.897
71.587120,330.511,64.046,0.888
71.598730,331.031,64.074,0.880
71.610340,331.487,64.097,0.877
71.621950,332.021,64.125,0.870
71.633560,332.251,64.137,0.868
71.645170,332.091,64.129,0.855
71.656780,331.187,64.082,0.840
71.668390,329.907,64.015,0.836
71.680000,330.559,64.049,0.837
71.691610,329.528,63.995,0.835
71.703220,331.001,64.072,0.832
71.714830,306.108,62.718,0.826
71.726440,275.641,60.903,0.818
71.738050,952.541,82.371,0.820
71.749660,841.972,80.235,0.828
71.761270,843.171,80.260,0.824
71.772880,843.027,80.257,0.823
71.784490,85.843,40.707,0.822
71.796100,85.835,40.706,0.822
71.807710,267.891,60.410,0.829
71.819320,269.247,60.497,0.835
71.830930,270.316,60.566,0.846
71.842540,273.968,60.798,0.856
71.854150,275.481,60.893,0.860
71.865760,275.658,60.905,0.860
71.877370,275.543,60.897,0.852
71.888980,275.692,60.907,0.842
71.900590,275.751,60.910,0.836
71.912200,276.569,60.962,0.840
71.923810,277.523,61.021,0.851
71.935420,278.252,61.067,0.861
71.947029,278.448,61.079,0.876
71.958639,278.442,61.078,0.888
71.970249,278.273,61.068,0.903
71.981859,277.849,61.042,0.913
71.993469,277.389,61.013,0.919
72.005079,276.914,60.983,0.916
72.016689,276.134,60.934,0.902
72.028299,275.497,60.894,0.884
72.039909,274.718,60.845,0.864
72.051519,273.679,60.780,0.847
72.063129,273.260,60.753,0.844
72.074739,282.341,61.319,0.850
72.086349,305.397,62.678,0.852
72.097959,315.482,63.241,0.854
72.109569,321.181,63.551,0.863
72.121179,327.618,63.894,0.879
72.132789,331.021,64.073,0.892
72.144399,332.124,64.131,0.906
72.156009,332.143,64.132,0.909
72.167619,331.417,64.094,0.907
72.179229,331.049,64.074,0.907
72.190839,328.952,63.965,0.912
72.202449,324.797,63.744,0.915
72.214059,322.802,63.638,0.915
72.225669,322.307,63.611,0.914
72.237279,322.212,63.606,0.913
72.248889,323.772,63.690,0.914
72.260499,326.734,63.847,0.914
72.272109,327.740,63.901,0.913
72.283719,328.723,63.952,0.907
72.295329,329.379,63.987,0.904
72.306939,329.625,64.000,0.906
72.318549,329.431,63.990,0.909
72.330159,329.061,63.970,0.909
72.341769,328.553,63.943,0.893
72.353379,328.604,63.946,0.876
72.364989,329.444,63.990,0.863
72.376599,330.318,64.036,0.851
72.388209,330.523,64.047,0.845
72.399819,329.034,63.969,0.840
72.411429,278.105,61.058,0.836
72.423039,279.039,61.116,0.829
72.434649,280.539,61.208,0.847
72.446259,280.357,61.197,0.862
72.457868,279.967,61.173,0.873
72.469478,279.573,61.149,0.883
72.481088,279.685,61.156,0.882
72.492698,280.011,61.176,0.881
72.504308,279.751,61.160,0.879
72.515918,279.110,61.120,0.879
72.527528,278.254,61.067,0.881
72.539138,277.094,60.994,0.888
72.550748,275.348,60.885,0.894
72.562358,251.903,59.344,0.896
72.573968,251.047,59.285,0.901
72.585578,249.962,59.210,0.904
72.597188,249.035,59.146,0.905
72.608798,248.712,59.124,0.900
72.620408,248.462,59.106,0.884
72.632018,248.229,59.090,0.862
72.643628,247.906,59.067,0.836
72.655238,247.454,59.036,0.815
72.666848,247.189,59.017,0.794
72.678458,246.950,59.001,0.769
72.690068,246.759,58.987,0.768
72.701678,286.399,61.566,0.797
72.713288,290.128,61.790,0.829
72.724898,292.033,61.904,0.850
72.736508,293.814,62.009,0.871
72.748118,295.886,62.130,0.885
72.759728,297.827,62.244,0.896
72.771338,299.181,62.322,0.898
72.782948,298.820,62.301,0.883
72.794558,299.907,62.364,0.861
72.806168,301.510,62.456,0.838
72.817778,302.642,62.521,0.822
72.829388,305.034,62.658,0.815
72.840998,308.940,62.878,0.814
72.852608,323.527,63.677,0.806
72.864218,327.385,63.882,0.811
72.875828,328.366,63.934,0.828
72.887438,328.761,63.954,0.841
72.899048,328.958,63.965,0.853
72.910658,329.166,63.976,0.861
72.922268,329.305,63.983,0.857
72.933878,329.385,63.987,0.853
72.945488,329.258,63.981,0.853
72.957098,329.057,63.970,0.851
72.968707,328.922,63.963,0.854
72.980317,328.596,63.946,0.859
72.991927,328.187,63.924,0.863
73.003537,327.728,63.900,0.868
73.015147,279.524,61.146,0.877
73.026757,278.989,61.112,0.879
73.038367,277.457,61.017,0.881
73.049977,276.774,60.974,0.886
73.061587,276.378,60.950,0.890
73.073197,276.274,60.943,0.892
73.084807,276.219,60.940,0.891
73.096417,276.089,60.932,0.886
73.108027,276.029,60.928,0.878
73.119637,276.111,60.933,0.877
73.131247,276.254,60.942,0.876
73.142857,276.611,60.964,0.875
73.154467,277.336,61.010,0.870
73.166077,277.914,61.046,0.865
73.177687,278.230,61.065,0.866
73.189297,278.388,61.075,0.872
73.200907,278.539,61.085,0.877
73.212517,278.714,61.095,0.879
73.224127,278.903,61.107,0.881
73.235737,279.133,61.121,0.885
73.247347,279.405,61.138,0.888
73.258957,279.874,61.167,0.890
73.270567,280.752,61.222,0.892
73.282177,286.612,61.579,0.891
73.293787,288.710,61.705,0.890
73.305397,318.372,63.399,0.895
73.317007,324.204,63.713,0.899
73.328617,327.220,63.873,0.899
73.340227,328.337,63.932,0.900
73.351837,328.911,63.962,0.900
73.363447,329.173,63.976,0.899
73.375057,329.532,63.995,0.898
73.386667,329.865,64.012,0.901
73.398277,330.109,64.025,0.896
73.409887,330.087,64.024,0.882
73.421497,329.897,64.014,0.861
73.433107,329.708,64.004,0.839
73.444717,329.596,63.998,0.813
73.456327,329.616,63.999,0.785
73.467937,329.655,64.001,0.751
73.479546,329.551,63.996,0.711
73.491156,330.299,64.035,0.673
73.502766,234.642,58.115,0.677
73.514376,491.189,70.905,0.706
73.525986,490.953,70.897,0.735
73.537596,491.253,70.908,0.754
73.549206,158.364,51.309,0.777
73.560816,158.350,51.307,0.798
73.572426,158.321,51.304,0.800
73.584036,188.754,54.348,0.811
73.595646,382.681,66.584,0.825
73.607256,379.047,66.418,0.841
73.618866,374.303,66.200,0.859
73.630476,370.704,66.033,0.871
73.642086,368.004,65.907,0.878
73.653696,367.098,65.864,0.882
73.665306,367.476,65.882,0.895
73.676916,367.874,65.901,0.900
73.688526,367.783,65.896,0.903
73.700136,367.619,65.888,0.901
73.711746,368.343,65.923,0.894
73.723356,369.210,65.963,0.887
73.734966,370.348,66.017,0.873
73.746576,371.505,66.071,0.858
73.758186,372.089,66.098,0.834
73.769796,372.233,66.104,0.802
73.781406,372.053,66.096,0.782
73.793016,370.024,66.001,0.788
73.804626,363.402,65.689,0.797
73.816236,365.890,65.807,0.818
73.827846,367.276,65.872,0.844
73.839456,367.833,65.899,0.867
73.851066,368.220,65.917,0.888
73.862676,368.430,65.927,0.904
73.874286,368.847,65.946,0.914
73.885896,369.397,65.972,0.917
73.897506,369.736,65.988,0.918
73.909116,369.986,66.000,0.914
73.920726,370.177,66.009,0.913
73.932336,185.239,54.023,0.912
73.943946,185.299,54.028,0.907
73.955556,185.350,54.033,0.903
73.967166,185.333,54.031,0.900
73.978776,185.279,54.026,0.894
73.990385,185.180,54.017,0.890
74.001995,185.096,54.009,0.890
74.013605,185.078,54.008,0.887
74.025215,185.112,54.011,0.886
74.036825,370.504,66.024,0.891
74.048435,371.401,66.066,0.895
74.060045,373.147,66.147,0.894
74.071655,760.703,78.478,0.893
74.083265,765.724,78.592,0.892
74.094875,769.390,78.675,0.890
74.106485,773.297,78.762,0.889
74.118095,786.792,79.062,0.887
74.129705,412.822,67.896,0.882
74.141315,413.910,67.942,0.876
74.152925,414.690,67.974,0.875
74.164535,415.294,68.000,0.878
74.176145,415.473,68.007,0.879
74.187755,415.470,68.007,0.880
74.199365,415.396,68.004,0.880
74.210975,415.323,68.001,0.882
74.222585,415.350,68.002,0.884
74.234195,415.480,68.007,0.886
74.245805,415.428,68.005,0.890
74.257415,415.345,68.002,0.889
74.269025,415.184,67.995,0.889
74.280635,415.034,67.989,0.891
74.292245,415.083,67.991,0.892
74.303855,415.243,67.997,0.891
74.315465,415.314,68.000,0.890
74.327075,415.379,68.003,0.886
74.338685,415.322,68.001,0.882
74.350295,415.071,67.990,0.881
74.361905,414.900,67.983,0.879
74.373515,414.535,67.968,0.875
74.385125,413.705,67.933,0.871
74.396735,410.640,67.804,0.870
74.408345,392.797,67.035,0.868
74.419955,370.038,66.002,0.869
74.431565,368.922,65.950,0.868
74.443175,368.511,65.930,0.868
74.454785,368.069,65.910,0.868
74.466395,367.877,65.901,0.870
74.478005,367.880,65.901,0.872
74.489615,368.484,65.929,0.875
74.501224,369.253,65.965,0.874
74.512834,370.233,66.011,0.873
74.524444,371.721,66.081,0.873
74.536054,373.134,66.146,0.872
74.547664,373.962,66.185,0.872
74.559274,407.674,67.679,0.871
74.570884,408.259,67.704,0.869
74.582494,408.657,67.721,0.865
74.594104,408.302,67.706,0.864
74.605714,407.683,67.679,0.863
74.617324,387.985,66.822,0.863
74.628934,386.409,66.752,0.864
74.640544,369.353,65.970,0.864
74.652154,369.593,65.981,0.862
74.663764,369.387,65.972,0.867
74.675374,369.194,65.963,0.867
74.686984,369.342,65.969,0.867
74.698594,369.819,65.992,0.870
74.710204,370.432,66.020,0.871
74.721814,370.963,66.045,0.873
74.733424,371.360,66.064,0.879
74.745034,371.608,66.075,0.880
74.756644,185.564,54.053,0.890
74.768254,185.632,54.059,0.894
74.779864,186.121,54.105,0.905
74.791474,186.933,54.180,0.919
74.803084,583.094,73.875,0.930
74.814694,605.091,74.516,0.936
74.826304,621.619,74.982,0.943
74.837914,630.364,75.224,0.952
74.849524,639.627,75.477,0.953
74.861134,645.102,75.624,0.956
74.872744,653.325,75.844,0.955
74.884354,662.023,76.073,0.951
74.895964,669.231,76.260,0.950
74.907574,675.125,76.412,0.951
74.919184,682.610,76.603,0.950
74.930794,693.614,76.880,0.951
74.942404,705.647,77.177,0.958
74.954014,714.727,77.399,0.963
74.965624,721.967,77.573,0.967
74.977234,729.173,77.745,0.968
74.988844,734.583,77.873,0.970
75.000454,738.517,77.966,0.973
75.012063,740.927,78.022,0.976
75.023673,741.406,78.033,0.976
75.035283,741.000,78.024,0.969
75.046893,738.216,77.958,0.965
75.058503,733.248,77.842,0.962
75.070113,727.837,77.713,0.954
75.081723,715.280,77.412,0.954
75.093333,695.121,76.917,0.952
75.104943,666.087,76.178,0.951
75.116553,634.284,75.331,0.953
75.128163,611.639,74.702,0.955
75.139773,595.662,74.244,0.958
75.151383,584.670,73.921,0.962
75.162993,580.070,73.785,0.970
75.174603,576.933,73.691,0.968
75.186213,577.290,73.702,0.965
75.197823,579.377,73.764,0.959
75.209433,583.584,73.889,0.955
75.221043,590.002,74.079,0.955
75.232653,597.530,74.298,0.957
75.244263,604.574,74.501,0.955
75.255873,610.096,74.658,0.955
75.267483,614.428,74.781,0.956
75.279093,618.116,74.884,0.960
75.290703,620.389,74.948,0.964
75.302313,622.480,75.006,0.964
75.313923,622.509,75.007,0.965
75.325533,622.897,75.018,0.962
75.337143,621.632,74.983,0.963
75.348753,311.150,63.001,0.961
75.360363,310.500,62.965,0.963
75.371973,309.419,62.905,0.963
75.383583,308.377,62.846,0.959
75.395193,307.668,62.806,0.952
75.406803,309.027,62.883,0.946
75.418413,311.013,62.994,0.941
75.430023,313.213,63.116,0.934
75.441633,107.464,44.596,0.932
75.453243,107.998,44.682,0.927
75.464853,108.709,44.796,0.927
75.476463,323.113,63.654,0.929
75.488073,323.699,63.686,0.933
75.499683,323.848,63.694,0.943
75.511293,324.330,63.720,0.950
75.522902,322.403,63.616,0.957
75.534512,311.445,63.018,0.961
75.546122,311.580,63.025,0.963
75.557732,310.887,62.987,0.963
75.569342,311.051,62.996,0.965
75.580952,311.588,63.026,0.970
75.592562,311.875,63.042,0.965
75.604172,311.436,63.017,0.963
75.615782,311.464,63.019,0.959
75.627392,311.411,63.016,0.959
75.639002,311.866,63.041,0.962
75.650612,618.471,74.894,0.963
75.662222,311.803,63.038,0.965
75.673832,311.234,63.006,0.962
75.685442,311.184,63.003,0.964
75.697052,311.487,63.020,0.968
75.708662,312.149,63.057,0.972
75.720272,313.337,63.123,0.971
75.731882,325.266,63.769,0.970
75.743492,166.475,52.174,0.971
75.755102,166.800,52.207,0.969
75.766712,166.817,52.209,0.969
75.778322,166.658,52.193,0.965
75.789932,166.527,52.179,0.960
75.801542,166.347,52.160,0.957
75.813152,166.091,52.134,0.956
75.824762,165.553,52.078,0.954
75.836372,163.826,51.896,0.952
75.847982,162.692,51.776,0.950
75.859592,161.957,51.697,0.946
75.871202,161.984,51.700,0.944
75.882812,161.869,51.688,0.942
75.894422,162.295,51.733,0.940
75.906032,165.525,52.075,0.940
75.917642,166.398,52.166,0.936
75.929252,166.458,52.172,0.930
75.940862,166.905,52.218,0.925
75.952472,167.002,52.228,0.930
75.964082,165.610,52.083,0.942
75.975692,164.696,51.988,0.948
75.987302,163.775,51.891,0.950
75.998912,162.363,51.741,0.944
76.010522,160.444,51.535,0.936
76.022132,161.062,51.601,0.933
76.033741,162.192,51.722,0.932
76.045351,163.249,51.835,0.928
76.056961,165.019,52.022,0.915
76.068571,493.893,71.000,0.909
76.080181,495.188,71.046,0.906
76.091791,496.541,71.093,0.906
76.103401,496.373,71.087,0.912
76.115011,495.373,71.052,0.915
76.126621,493.407,70.983,0.921
76.138231,487.273,70.767,0.933
76.149841,480.448,70.523,0.954
76.161451,474.211,70.296,0.962
76.173061,469.130,70.110,0.971
76.184671,465.746,69.984,0.980
76.196281,462.778,69.874,0.992
76.207891,459.937,69.767,0.997
76.219501,460.394,69.784,0.999
76.231111,462.646,69.869,0.994
76.242721,463.447,69.899,0.977
76.254331,464.067,69.922,0.964
76.265941,465.515,69.976,0.948
76.277551,469.681,70.130,0.931
76.289161,474.965,70.324,0.906
76.300771,480.911,70.539,0.886
76.312381,483.155,70.620,0.861
76.323991,485.077,70.689,0.836
76.335601,490.875,70.894,0.810
76.347211,494.356,71.017,0.789
76.358821,495.537,71.058,0.767
76.370431,495.274,71.049,0.735
76.382041,494.182,71.010,0.691
76.393651,491.465,70.915,0.627
76.405261,489.270,70.838,0.552
76.416871,493.326,70.980,0.479
76.428481,496.146,71.079,0.618
76.440091,500.603,71.234,0.651
76.451701,499.126,71.183,0.689
76.463311,436.590,68.865,0.745
76.474921,437.929,68.918,0.780
76.486531,438.488,68.940,0.797
76.498141,437.859,68.916,0.815
76.509751,435.916,68.839,0.834
76.521361,434.525,68.783,0.836
76.532971,433.105,68.727,0.849
76.544580,431.877,68.677,0.855
76.556190,429.963,68.601,0.851
76.567800,425.938,68.438,0.850
76.579410,421.391,68.252,0.852
76.591020,418.273,68.123,0.854
76.602630,416.228,68.038,0.854
76.614240,415.597,68.012,0.852
76.625850,415.277,67.999,0.848
76.637460,415.235,67.997,0.848
76.649070,415.292,67.999,0.847
76.660680,415.329,68.001,0.848
76.672290,415.479,68.007,0.855
76.683900,415.697,68.016,0.860
76.695510,415.727,68.018,0.861
76.707120,415.616,68.013,0.863
76.718730,415.354,68.002,0.867
76.730340,415.198,67.996,0.866
76.741950,415.197,67.996,0.862
76.753560,415.378,68.003,0.854
76.765170,415.633,68.014,0.843
76.776780,415.720,68.017,0.829
76.788390,415.829,68.022,0.813
76.800000,416.180,68.036,0.796
76.811610,417.993,68.112,0.767
76.823220,209.257,56.133,0.737
76.834830,141.661,49.379,0.710
76.846440,142.461,49.477,0.681
76.858050,143.202,49.567,0.643
76.869660,454.363,69.556,0.602
76.881270,459.432,69.748,0.563
76.892880,468.954,70.103,0.521
76.904490,472.009,70.216,0.502
76.916100,473.453,70.269,0.495
76.927710,483.570,70.635,0.496
76.939320,488.843,70.822,0.497
76.950930,492.321,70.945,0.483
76.962540,490.890,70.895,0.479
76.974150,488.510,70.811,0.576
76.985760,133.616,48.367,0.651
76.997370,554.197,72.995,0.699
77.008980,373.464,66.162,0.736
77.020590,373.341,66.156,0.758
77.032200,373.379,66.158,0.773
77.043810,373.365,66.157,0.784
77.055420,373.303,66.154,0.793
77.067029,435.349,68.816,0.806
77.078639,434.127,68.767,0.816
77.090249,434.482,68.782,0.821
77.101859,436.762,68.872,0.833
77.113469,437.058,68.884,0.847
77.125079,437.959,68.920,0.862
77.136689,438.719,68.950,0.870
77.148299,439.971,68.999,0.883
77.159909,442.850,69.112,0.890
77.171519,446.576,69.257,0.899
77.183129,454.578,69.564,0.909
77.194739,460.236,69.778,0.912
77.206349,468.544,70.088,0.916
77.217959,477.715,70.424,0.919
77.229569,484.170,70.656,0.928
77.241179,488.488,70.810,0.935
77.252789,491.599,70.920,0.937
77.264399,493.560,70.989,0.935
77.276009,493.678,70.993,0.933
77.287619,492.920,70.966,0.931
77.299229,491.935,70.932,0.930
77.310839,490.897,70.895,0.929
77.322449,490.314,70.874,0.931
77.334059,489.427,70.843,0.928
77.345669,488.292,70.803,0.920
77.357279,486.869,70.752,0.912
77.368889,484.646,70.673,0.911
77.380499,472.713,70.242,0.913
77.392109,463.104,69.886,0.909
77.403719,456.907,69.653,0.899
77.415329,448.126,69.317,0.882
77.426939,444.027,69.158,0.867
77.438549,442.771,69.109,0.863
77.450159,441.312,69.052,0.864
77.461769,440.144,69.006,0.860
77.473379,438.536,68.942,0.843
77.484989,434.159,68.769,0.836
77.496599,428.557,68.544,0.836
77.508209,418.577,68.136,0.835
77.519819,416.982,68.070,0.840
77.531429,416.370,68.044,0.850
77.543039,415.586,68.012,0.850
77.554649,415.407,68.004,0.849
77.566259,415.692,68.016,0.860
77.577868,207.837,56.015,0.868
77.589478,207.926,56.023,0.873
77.601088,416.125,68.034,0.879
77.612698,208.012,56.030,0.883
77.624308,207.952,56.025,0.883
77.635918,207.885,56.019,0.885
77.647528,415.665,68.015,0.885
77.659138,207.755,56.009,0.882
77.670748,207.811,56.013,0.884
77.682358,207.925,56.023,0.887
77.693968,415.958,68.027,0.889
77.705578,415.672,68.015,0.890
77.717188,415.269,67.999,0.888
77.728798,414.606,67.971,0.885
77.740408,413.529,67.926,0.882
77.752018,412.239,67.872,0.879
77.763628,404.459,67.542,0.872
77.775238,392.314,67.014,0.863
77.786848,372.631,66.123,0.860
77.798458,371.897,66.089,0.856
77.810068,371.805,66.085,0.859
77.821678,371.702,66.080,0.860
77.833288,371.394,66.065,0.862
77.844898,185.356,54.034,0.869
77.856508,185.328,54.031,0.875
77.868118,185.294,54.028,0.879
77.879728,185.244,54.023,0.881
77.891338,185.181,54.017,0.884
77.902948,185.108,54.010,0.889
77.914558,369.310,65.968,0.892
77.926168,369.326,65.969,0.893
77.937778,369.628,65.983,0.890
77.949388,370.044,66.002,0.886
77.960998,370.708,66.033,0.883
77.972608,371.261,66.059,0.880
77.984218,371.171,66.055,0.877
77.995828,370.959,66.045,0.871
78.007438,370.712,66.034,0.869
78.019048,370.448,66.021,0.859
78.030658,370.082,66.004,0.846
78.042268,369.780,65.990,0.832
78.053878,369.404,65.972,0.817
78.065488,368.968,65.952,0.800
78.077098,367.984,65.906,0.790
78.088707,365.827,65.804,0.780
78.100317,363.255,65.682,0.773
78.111927,383.916,66.639,0.797
78.123537,391.163,66.963,0.823
78.135147,397.414,67.238,0.857
78.146757,401.043,67.395,0.877
78.158367,401.140,67.399,0.889
78.169977,398.567,67.288,0.896
78.181587,395.777,67.166,0.905
78.193197,393.228,67.054,0.913
78.204807,389.951,66.909,0.915
78.216417,382.901,66.594,0.917
78.228027,375.708,66.265,0.914
78.239637,372.770,66.129,0.912
78.251247,371.200,66.056,0.911
78.262857,369.748,65.988,0.909
78.274467,368.795,65.944,0.901
78.286077,368.387,65.925,0.890
78.297687,368.296,65.920,0.879
78.309297,368.442,65.927,0.872
78.320907,368.756,65.942,0.855
78.332517,369.088,65.958,0.843
78.344127,369.354,65.970,0.838
78.355737,369.396,65.972,0.834
78.367347,369.221,65.964,0.830
78.378957,369.391,65.972,0.828
78.390567,370.266,66.013,0.830
78.402177,371.767,66.083,0.830
78.413787,372.547,66.119,0.840
78.425397,372.836,66.132,0.844
78.437007,372.728,66.127,0.845
78.448617,372.555,66.119,0.847
78.460227,372.488,66.116,0.854
78.471837,372.187,66.102,0.860
78.483447,371.628,66.076,0.862
78.495057,371.056,66.050,0.850
78.506667,370.424,66.020,0.830
78.518277,370.112,66.005,0.813
78.529887,369.908,65.996,0.806
78.541497,368.434,65.927,0.805
78.553107,365.400,65.784,0.793
78.564717,333.355,64.195,0.779
78.576327,331.054,64.075,0.770
78.587937,330.689,64.056,0.772
78.599546,330.658,64.054,0.774
78.611156,330.675,64.055,0.772
78.622766,330.401,64.041,0.754
78.634376,329.258,63.981,0.716
78.645986,327.855,63.907,0.681
78.657596,325.281,63.770,0.641
78.669206,244.680,58.841,0.588
78.680816,323.155,63.657,0.620
78.692426,329.368,63.986,0.693
78.704036,330.071,64.023,0.739
78.715646,330.199,64.030,0.775
78.727256,330.074,64.023,0.803
78.738866,330.019,64.021,0.832
78.750476,329.928,64.016,0.860
78.762086,329.785,64.008,0.876
78.773696,329.584,63.998,0.879
78.785306,330.108,64.025,0.881
78.796916,330.988,64.071,0.881
78.808526,335.303,64.296,0.892
78.820136,340.823,64.578,0.895
78.831746,348.083,64.943,0.893
78.843356,358.028,65.431,0.886
78.854966,363.331,65.685,0.882
78.866576,366.019,65.813,0.883
78.878186,367.818,65.898,0.882
78.889796,368.776,65.943,0.884
78.901406,369.667,65.985,0.873
78.913016,369.789,65.990,0.870
78.924626,369.819,65.992,0.870
78.936236,369.840,65.993,0.876
78.947846,369.619,65.982,0.885
78.959456,369.130,65.959,0.893
78.971066,368.117,65.912,0.897
78.982676,367.433,65.880,0.894
78.994286,366.523,65.837,0.893
79.005896,364.878,65.759,0.891
79.017506,361.789,65.612,0.888
79.029116,730.379,77.774,0.886
79.040726,321.786,63.583,0.879
79.052336,315.297,63.230,0.870
79.063946,312.503,63.076,0.867
79.075556,311.593,63.026,0.882
79.087166,311.105,62.999,0.895
79.098776,310.967,62.991,0.902
79.110385,310.938,62.989,0.910
79.121995,311.076,62.997,0.915
79.133605,311.232,63.006,0.917
79.145215,311.282,63.009,0.918
79.156825,311.347,63.012,0.915
79.168435,311.332,63.011,0.902
79.180045,311.235,63.006,0.884
79.191655,311.132,63.000,0.867
79.203265,310.680,62.975,0.845
79.214875,309.585,62.914,0.818
79.226485,307.903,62.820,0.792
79.238095,306.415,62.736,0.759
79.249705,305.044,62.658,0.726
79.261315,306.381,62.734,0.701
79.272925,92.621,42.023,0.689
79.284535,125.162,47.236,0.697
79.296145,125.224,47.244,0.690
79.307755,348.640,64.971,0.687
79.319365,348.475,64.963,0.695
79.330975,1002.273,83.252,0.696
79.342585,1002.273,83.252,0.692
79.354195,1002.273,83.252,0.682
79.365805,345.427,64.811,0.664
79.377415,331.513,64.099,0.629
79.389025,330.396,64.040,0.609
79.400635,340.969,64.586,0.587
79.412245,338.609,64.465,0.587
79.423855,225.981,57.464,0.703
79.435465,227.344,57.569,0.757
79.447075,245.578,58.904,0.800
79.458685,245.799,58.920,0.830
79.470295,245.566,58.903,0.862
79.481905,245.730,58.915,0.884
79.493515,497.646,71.131,0.896
79.505125,499.216,71.186,0.910
79.516735,501.385,71.261,0.915
79.528345,505.815,71.413,0.919
79.539955,516.037,71.760,0.920
79.551565,522.866,71.987,0.914
79.563175,528.834,72.184,0.901
79.574785,534.020,72.353,0.891
79.586395,539.634,72.534,0.887
79.598005,541.057,72.579,0.875
79.609615,547.920,72.798,0.855
79.621224,550.171,72.869,0.839
79.632834,550.624,72.883,0.824
79.644444,408.870,67.730,0.818
79.656054,408.530,67.715,0.811
79.667664,408.477,67.713,0.803
79.679274,84.142,40.361,0.793
79.690884,123.142,46.954,0.795
79.702494,94.704,42.408,0.811
79.714104,84.139,40.360,0.817
79.725714,132.890,48.273,0.815
79.737324,459.705,69.758,0.808
79.748934,459.087,69.735,0.813
79.760544,458.473,69.712,0.831
79.772154,457.663,69.681,0.846
79.783764,456.654,69.643,0.853
79.795374,456.328,69.631,0.848
79.806984,453.886,69.538,0.846
79.818594,448.656,69.337,0.852
79.830204,441.914,69.075,0.863
79.841814,435.919,68.839,0.870
79.853424,429.868,68.597,0.870
79.865034,424.871,68.394,0.868
79.876644,420.871,68.230,0.868
79.888254,418.074,68.115,0.870
79.899864,416.407,68.046,0.872
79.911474,415.050,67.989,0.875
79.923084,414.027,67.947,0.878
79.934694,413.726,67.934,0.878
79.946304,413.585,67.928,0.874
79.957914,413.760,67.935,0.871
79.969524,414.134,67.951,0.868
79.981134,414.469,67.965,0.866
79.992744,414.804,67.979,0.866
80.004354,415.164,67.994,0.865
80.015964,415.260,67.998,0.863
80.027574,415.444,68.006,0.862
80.039184,415.481,68.007,0.862
80.050794,415.520,68.009,0.858
80.062404,415.495,68.008,0.852
80.074014,415.349,68.002,0.842
80.085624,415.109,67.992,0.824
80.097234,414.942,67.985,0.798
80.108844,414.822,67.980,0.766
80.120454,414.946,67.985,0.727
80.132063,415.058,67.990,0.682
80.143673,415.138,67.993,0.631
80.155283,414.699,67.975,0.604
80.166893,383.912,66.639,0.681
80.178503,382.998,66.598,0.744
80.190113,380.981,66.507,0.790
80.201723,377.195,66.334,0.814
80.213333,374.484,66.209,0.841
80.224943,373.140,66.147,0.865
80.236553,372.372,66.111,0.884
80.248163,371.634,66.077,0.899
80.259773,370.591,66.028,0.901
80.271383,369.921,65.997,0.899
80.282993,369.625,65.983,0.898
80.294603,369.583,65.981,0.904
80.306213,369.120,65.959,0.905
80.317823,368.769,65.943,0.897
80.329433,368.655,65.937,0.882
80.341043,369.109,65.959,0.873
80.352653,370.063,66.003,0.872
80.364263,370.392,66.019,0.869
80.375873,370.393,66.019,0.861
80.387483,370.626,66.030,0.849
80.399093,371.161,66.054,0.840
80.410703,371.284,66.060,0.843
80.422313,371.251,66.059,0.843
80.433923,370.752,66.035,0.828
80.445533,370.031,66.002,0.801
80.457143,369.854,65.993,0.783
80.468753,369.652,65.984,0.783
80.480363,368.666,65.938,0.780
80.491973,366.711,65.846,0.773
80.503583,364.787,65.755,0.779
80.515193,365.780,65.802,0.804
80.526803,367.306,65.874,0.833
80.538413,368.125,65.912,0.853
80.550023,368.368,65.924,0.856
80.561633,368.854,65.947,0.845
80.573243,369.845,65.993,0.833
80.584853,370.908,66.043,0.819
80.596463,372.202,66.103,0.795
80.608073,373.256,66.152,0.760
80.619683,373.685,66.172,0.723
80.631293,372.826,66.132,0.701
80.642902,92.337,41.970,0.719
80.654512,184.097,53.916,0.750
80.666122,184.081,53.914,0.761
80.677732,314.719,63.199,0.788
80.689342,328.599,63.946,0.820
80.700952,329.678,64.003,0.844
80.712562,333.232,64.188,0.855
80.724172,335.593,64.311,0.856
80.735782,344.663,64.772,0.863
80.747392,343.505,64.714,0.864
80.759002,344.156,64.747,0.875
80.770612,344.556,64.767,0.882
80.782222,375.818,66.270,0.880
80.793832,374.184,66.195,0.882
80.805442,373.062,66.143,0.882
80.817052,372.213,66.103,0.887
80.828662,371.167,66.055,0.889
80.840272,370.985,66.046,0.894
80.851882,370.284,66.014,0.895
80.863492,369.758,65.989,0.895
80.875102,369.755,65.989,0.893
80.886712,370.359,66.017,0.880
80.898322,370.929,66.044,0.872
80.909932,371.432,66.067,0.864
80.921542,371.882,66.088,0.853
80.933152,371.500,66.070,0.846
80.944762,372.098,66.098,0.849
80.956372,330.929,64.068,0.850
80.967982,330.379,64.039,0.853
80.979592,330.019,64.021,0.855
80.991202,329.787,64.008,0.857
81.002812,329.576,63.997,0.856
81.014422,329.483,63.992,0.857
81.026032,328.949,63.964,0.855
81.037642,328.128,63.921,0.844
81.049252,327.246,63.874,0.827
81.060862,325.158,63.764,0.814
81.072472,323.082,63.653,0.815
81.084082,314.923,63.210,0.821
81.095692,317.034,63.326,0.823
81.107302,156.275,51.079,0.822
81.118912,295.389,62.101,0.823
81.130522,333.885,64.222,0.826
81.142132,333.547,64.205,0.831
81.153741,166.876,52.215,0.831
81.165351,167.141,52.243,0.836
81.176961,157.819,51.249,0.840
81.188571,167.613,52.292,0.840
81.200181,110.671,45.105,0.837
81.211791,327.761,63.902,0.837
81.223401,326.804,63.851,0.835
81.235011,325.420,63.778,0.837
81.246621,324.654,63.737,0.843
81.258231,326.600,63.840,0.843
81.269841,155.178,50.957,0.843
81.281451,155.156,50.955,0.846
81.293061,155.231,50.963,0.852
81.304671,311.543,63.023,0.854
81.316281,311.495,63.020,0.846
81.327891,311.269,63.008,0.836
81.339501,310.700,62.976,0.826
81.351111,310.522,62.966,0.814
81.362721,310.760,62.980,0.803
81.374331,311.357,63.013,0.812
81.385941,311.778,63.036,0.815
81.397551,333.309,64.192,0.821
81.409161,333.458,64.200,0.836
81.420771,332.651,64.158,0.849
81.432381,332.092,64.129,0.860
81.443991,331.917,64.120,0.867
81.455601,331.715,64.109,0.869
81.467211,331.895,64.119,0.859
81.478821,320.297,63.503,0.850
81.490431,320.790,63.529,0.843
81.502041,320.701,63.525,0.839
81.513651,319.613,63.466,0.839
81.525261,318.126,63.385,0.839
81.536871,333.753,64.215,0.839
81.548481,333.665,64.211,0.838
81.560091,333.587,64.207,0.843
81.571701,333.442,64.199,0.845
81.583311,333.794,64.217,0.844
81.594921,333.035,64.178,0.840
81.606531,332.204,64.135,0.836
81.618141,327.393,63.882,0.840
81.629751,332.837,64.168,0.849
81.641361,336.190,64.341,0.848
81.652971,338.134,64.441,0.836
81.664580,339.334,64.502,0.828
81.676190,340.051,64.539,0.825
81.687800,360.052,65.528,0.840
81.699410,373.299,66.154,0.851
81.711020,391.853,66.994,0.852
81.722630,413.955,67.944,0.856
81.734240,419.428,68.171,0.867
81.745850,430.588,68.626,0.885
81.757460,433.310,68.735,0.900
81.769070,435.595,68.826,0.912
81.780680,437.836,68.915,0.913
81.792290,438.551,68.943,0.913
81.803900,438.440,68.939,0.915
81.815510,438.476,68.940,0.916
81.827120,438.860,68.955,0.921
81.838730,440.778,69.031,0.919
81.850340,444.472,69.175,0.917
81.861950,452.152,69.472,0.913
81.873560,459.369,69.746,0.909
81.885170,468.249,70.077,0.906
81.896780,476.243,70.370,0.903
81.908390,484.204,70.657,0.898
81.920000,488.860,70.823,0.889
81.931610,491.704,70.923,0.886
81.943220,493.397,70.983,0.884
81.954830,494.224,71.012,0.881
81.966440,494.080,71.007,0.880
81.978050,494.035,71.005,0.879
81.989660,493.950,71.002,0.879
82.001270,494.049,71.006,0.880
82.012880,493.647,70.992,0.885
82.024490,493.079,70.972,0.888
82.036100,492.437,70.949,0.893
82.047710,491.434,70.914,0.899
82.059320,490.461,70.880,0.903
82.070930,488.852,70.823,0.907
82.082540,486.544,70.741,0.912
82.094150,483.294,70.625,0.915
82.105760,477.329,70.410,0.914
82.117370,472.520,70.234,0.912
82.128980,467.839,70.062,0.909
82.140590,462.046,69.846,0.903
82.152200,455.755,69.609,0.897
82.163810,440.051,69.002,0.889
82.175420,425.592,68.424,0.880
82.187029,418.383,68.128,0.869
82.198639,416.819,68.063,0.863
82.210249,416.083,68.032,0.859
82.221859,415.670,68.015,0.856
82.233469,415.535,68.010,0.854
82.245079,415.549,68.010,0.858
82.256689,415.496,68.008,0.854
82.268299,415.447,68.006,0.839
82.279909,414.893,67.983,0.846
82.291519,414.956,67.985,0.849
82.303129,415.174,67.995,0.855
82.314739,415.452,68.006,0.859
82.326349,415.724,68.017,0.865
82.337959,415.647,68.014,0.867
82.349569,415.563,68.011,0.877
82.361179,415.196,67.995,0.893
82.372789,414.762,67.977,0.897
82.384399,413.995,67.945,0.898
82.396009,413.314,67.917,0.898
82.407619,412.752,67.893,0.900
82.419229,412.476,67.882,0.902
82.430839,412.526,67.884,0.901
82.442449,412.687,67.891,0.898
82.454059,414.819,67.980,0.895
82.465669,417.119,68.075,0.888
82.477279,418.468,68.131,0.883
82.488889,418.996,68.153,0.880
82.500499,419.527,68.175,0.878
82.512109,417.948,68.110,0.873
82.523719,415.990,68.029,0.868
82.535329,414.948,67.985,0.864
82.546939,414.202,67.954,0.852
82.558549,413.906,67.942,0.843
82.570159,413.443,67.922,0.827
82.581769,413.981,67.945,0.806
82.593379,415.362,68.002,0.776
82.604989,416.878,68.065,0.762
82.616599,416.975,68.069,0.759
82.628209,415.993,68.029,0.765
82.639819,415.281,67.999,0.775
82.651429,415.569,68.011,0.790
82.663039,415.933,68.026,0.808
82.674649,416.037,68.031,0.826
82.686259,416.026,68.030,0.839
82.697868,415.993,68.029,0.843
82.709478,416.130,68.034,0.846
82.721088,416.183,68.037,0.844
82.732698,416.206,68.038,0.834
82.744308,416.100,68.033,0.818
82.755918,415.971,68.028,0.806
82.767528,415.555,68.010,0.803
82.779138,414.557,67.969,0.804
82.790748,375.671,66.264,0.808
82.802358,372.605,66.122,0.805
82.813968,370.847,66.040,0.803
82.825578,369.620,65.982,0.818
82.837188,369.048,65.956,0.834
82.848798,368.878,65.948,0.845
82.860408,368.449,65.928,0.844
82.872018,368.004,65.907,0.839
82.883628,367.955,65.904,0.832
82.895238,368.193,65.915,0.828
82.906848,368.998,65.953,0.831
82.918458,370.508,66.024,0.830
82.930068,372.250,66.105,0.839
82.941678,374.091,66.191,0.841
82.953288,376.132,66.285,0.847
82.964898,375.830,66.271,0.858
82.976508,374.705,66.219,0.868
82.988118,372.833,66.132,0.885
82.999728,370.810,66.038,0.894
83.011338,369.770,65.990,0.898
83.022948,368.922,65.950,0.897
83.034558,368.240,65.918,0.901
83.046168,367.630,65.889,0.901
83.057778,367.165,65.867,0.899
83.069388,366.795,65.850,0.894
83.080998,366.190,65.821,0.882
83.092608,365.925,65.809,0.878
83.104218,327.335,63.879,0.876
83.115828,328.124,63.921,0.873
83.127438,328.827,63.958,0.869
83.139048,329.022,63.968,0.867
83.150658,328.208,63.925,0.866
83.162268,328.068,63.918,0.862
83.173878,328.256,63.928,0.855
83.185488,328.588,63.945,0.858
83.197098,328.889,63.961,0.858
83.208707,328.498,63.941,0.856
83.220317,277.492,61.019,0.855
83.231927,277.211,61.002,0.855
83.243537,277.658,61.030,0.851
83.255147,278.384,61.075,0.853
83.266757,278.858,61.104,0.858
83.278367,278.607,61.089,0.853
83.289977,278.491,61.082,0.854
83.301587,279.727,61.158,0.851
83.313197,280.693,61.218,0.854
83.324807,281.373,61.260,0.852
83.336417,250.750,59.265,0.853
83.348027,249.349,59.168,0.858
83.359637,248.920,59.138,0.860
83.371247,249.110,59.151,0.859
83.382857,249.102,59.151,0.854
83.394467,248.754,59.127,0.854
83.406077,248.310,59.096,0.847
83.417687,248.157,59.085,0.841
83.429297,248.125,59.083,0.832
83.440907,248.097,59.081,0.815
83.452517,247.924,59.069,0.796
83.464127,247.486,59.038,0.772
83.475737,246.883,58.996,0.753
83.487347,245.487,58.898,0.755
83.498957,244.231,58.809,0.757
83.510567,244.652,58.839,0.759
83.522177,245.486,58.898,0.773
83.533787,246.156,58.945,0.788
83.545397,246.587,58.975,0.804
83.557007,246.574,58.974,0.820
83.568617,246.345,58.958,0.830
83.580227,246.382,58.961,0.830
83.591837,246.574,58.974,0.830
83.603447,246.749,58.986,0.835
83.615057,246.816,58.991,0.839
83.626667,246.807,58.991,0.842
83.638277,246.838,58.993,0.841
83.649887,246.957,59.001,0.838
83.661497,247.138,59.014,0.832
83.673107,247.264,59.023,0.825
83.684717,247.297,59.025,0.820
83.696327,247.299,59.025,0.813
83.707937,247.271,59.023,0.807
83.719546,247.177,59.017,0.801
83.731156,247.150,59.015,0.800
83.742766,247.197,59.018,0.802
83.754376,247.366,59.030,0.810
83.765986,247.610,59.047,0.820
83.777596,247.606,59.047,0.827
83.789206,247.944,59.070,0.836
83.800816,248.132,59.083,0.843
83.812426,277.324,61.009,0.850
83.824036,278.400,61.076,0.858
83.835646,278.261,61.067,0.862
83.847256,277.610,61.027,0.866
83.858866,276.737,60.972,0.869
83.870476,276.714,60.971,0.867
83.882086,277.235,61.003,0.860
83.893696,276.663,60.968,0.854
83.905306,275.061,60.867,0.848
83.916916,273.508,60.769,0.839
83.928526,271.247,60.625,0.833
83.940136,269.791,60.532,0.826
83.951746,279.219,61.127,0.819
83.963356,277.875,61.043,0.817
83.974966,277.068,60.993,0.819
83.986576,277.032,60.991,0.819
83.998186,276.074,60.931,0.818
84.009796,275.321,60.883,0.817
84.021406,274.990,60.862,0.817
84.033016,274.459,60.829,0.816
84.044626,273.607,60.775,0.806
84.056236,273.441,60.765,0.795
84.067846,275.043,60.866,0.796
84.079456,274.543,60.834,0.807
84.091066,275.550,60.898,0.815
84.102676,328.722,63.952,0.822
84.114286,328.770,63.955,0.834
84.125896,327.904,63.909,0.848
84.137506,326.855,63.854,0.862
84.149116,649.507,75.742,0.871
84.160726,647.881,75.699,0.876
84.172336,647.408,75.686,0.871
84.183946,646.410,75.659,0.866
84.195556,644.918,75.619,0.856
84.207166,320.176,63.496,0.837
84.218776,318.994,63.432,0.809
84.230385,318.855,63.425,0.778
84.241995,319.337,63.451,0.746
84.253605,321.723,63.580,0.696
84.265215,324.150,63.710,0.635
84.276825,267.989,60.416,0.574
84.288435,319.809,63.476,0.624
84.300045,310.128,62.944,0.671
84.311655,164.617,51.979,0.700
84.323265,101.626,43.629,0.725
84.334875,88.912,41.315,0.747
84.346485,837.970,80.153,0.780
84.358095,566.565,73.377,0.823
84.369705,565.530,73.345,0.850
84.381315,811.783,79.603,0.859
84.392925,475.981,70.361,0.870
84.404535,473.301,70.263,0.882
84.416145,474.294,70.299,0.884
84.427755,476.587,70.383,0.888
84.439365,479.415,70.485,0.893
84.450975,480.306,70.517,0.886
84.462585,482.456,70.595,0.875
84.474195,485.632,70.708,0.868
84.485805,491.691,70.923,0.862
84.497415,496.378,71.087,0.866
84.509025,499.595,71.199,0.870
84.520635,507.673,71.477,0.871
84.532245,520.427,71.906,0.865
84.543855,530.157,72.227,0.860
84.555465,535.279,72.393,0.859
84.567075,539.914,72.543,0.860
84.578685,545.454,72.719,0.859
84.590295,549.845,72.858,0.847
84.601905,551.542,72.912,0.845
84.613515,552.371,72.938,0.845
84.625125,552.266,72.934,0.852
84.636735,551.164,72.900,0.862
84.648345,549.005,72.832,0.867
84.659955,543.062,72.643,0.881
84.671565,526.003,72.091,0.897
84.683175,493.940,71.002,0.909
84.694785,977.775,82.824,0.915
84.706395,944.175,82.219,0.920
84.718005,909.700,81.575,0.924
84.729615,885.730,81.112,0.928
84.741224,871.886,80.840,0.932
84.752834,858.040,80.562,0.930
84.764444,421.054,68.238,0.923
84.776054,418.206,68.121,0.920
84.787664,417.118,68.075,0.921
84.799274,416.216,68.038,0.924
84.810884,415.162,67.994,0.925
84.822494,414.109,67.950,0.925
84.834104,413.116,67.909,0.923
84.845714,412.408,67.879,0.922
84.857324,412.174,67.869,0.921
84.868934,412.225,67.871,0.919
84.880544,413.524,67.926,0.919
84.892154,415.001,67.987,0.911
84.903764,417.582,68.095,0.908
84.915374,420.361,68.210,0.906
84.926984,422.650,68.304,0.908
84.938594,422.475,68.296,0.909
84.950204,422.025,68.278,0.910
84.961814,420.351,68.209,0.907
84.973424,834.985,80.091,0.905
84.985034,826.914,79.923,0.904
84.996644,821.293,79.805,0.902
85.008254,408.377,67.709,0.901
85.019864,821.262,79.804,0.898
85.031474,829.363,79.974,0.897
85.043084,838.731,80.168,0.896
85.054694,847.289,80.344,0.897
85.066304,853.839,80.478,0.898
85.077914,854.305,80.487,0.900
85.089524,850.297,80.406,0.909
85.101134,845.483,80.307,0.911
85.112744,838.276,80.159,0.914
85.124354,833.909,80.069,0.917
85.135964,832.932,80.048,0.917
85.147574,834.944,80.090,0.922
85.159184,837.140,80.136,0.923
85.170794,420.676,68.222,0.920
85.182404,425.289,68.411,0.903
85.194014,428.999,68.562,0.894
85.205624,431.919,68.679,0.884
85.217234,432.909,68.719,0.870
85.228844,430.671,68.629,0.857
85.240454,124.351,47.123,0.835
85.252063,370.942,66.044,0.812
85.263673,370.022,66.001,0.801
85.275283,370.150,66.007,0.802
85.286893,540.459,72.560,0.820
85.298503,450.072,69.392,0.810
85.310113,490.274,70.873,0.814
85.321723,489.298,70.839,0.817
85.333333,487.233,70.765,0.814
85.344943,487.832,70.787,0.817
85.356553,488.735,70.819,0.819
85.368163,490.633,70.886,0.819
85.379773,492.515,70.952,0.801
85.391383,493.150,70.974,0.815
85.402993,493.910,71.001,0.824
85.414603,495.620,71.061,0.837
85.426213,499.458,71.194,0.850
85.437823,503.903,71.348,0.856
85.449433,516.091,71.761,0.865
85.461043,529.544,72.207,0.868
85.472653,541.297,72.587,0.868
85.484263,547.538,72.785,0.867
85.495873,550.998,72.895,0.866
85.507483,552.859,72.953,0.866
85.519093,553.954,72.987,0.868
85.530703,553.865,72.984,0.875
85.542313,553.299,72.967,0.876
85.553923,552.570,72.944,0.876
85.565533,553.230,72.965,0.884
85.577143,554.283,72.997,0.891
85.588753,555.356,73.031,0.895
85.600363,556.510,73.067,0.897
85.611973,557.470,73.097,0.899
85.623583,558.002,73.113,0.905
85.635193,557.519,73.098,0.916
85.646803,556.426,73.064,0.928
85.658413,555.542,73.037,0.930
85.670023,554.956,73.018,0.926
85.681633,554.557,73.006,0.921
85.693243,554.566,73.006,0.917
85.704853,555.129,73.024,0.916
85.716463,555.182,73.025,0.913
85.728073,555.236,73.027,0.905
85.739683,555.094,73.023,0.898
85.751293,554.522,73.005,0.892
85.762902,553.196,72.963,0.893
85.774512,551.979,72.925,0.899
85.786122,550.444,72.877,0.900
85.797732,548.390,72.812,0.899
85.809342,545.908,72.734,0.893
85.820952,544.095,72.676,0.882
85.832562,544.976,72.704,0.879
85.844172,550.275,72.872,0.884
85.855782,555.876,73.047,0.885
85.867392,562.073,73.239,0.881
85.879002,571.378,73.523,0.882
85.890612,587.927,74.018,0.884
85.902222,611.639,74.702,0.886
85.913832,625.776,75.098,0.889
85.925442,638.690,75.451,0.881
85.937052,650.653,75.773,0.866
85.948662,657.663,75.958,0.856
85.960272,660.337,76.028,0.851
85.971882,661.120,76.049,0.844
85.983492,660.813,76.041,0.831
85.995102,659.847,76.016,0.820
86.006712,659.512,76.007,0.817
86.018322,659.719,76.012,0.820
86.029932,659.290,76.001,0.824
86.041542,659.144,75.997,0.826
86.053152,658.411,75.978,0.825
86.064762,658.493,75.980,0.826
86.076372,658.326,75.976,0.833
86.087982,658.242,75.973,0.846
86.099592,658.435,75.978,0.860
86.111202,658.576,75.982,0.878
86.122812,658.082,75.969,0.898
86.134422,656.044,75.915,0.915
86.146032,653.739,75.855,0.919
86.157642,649.825,75.751,0.925
86.169252,640.013,75.487,0.926
86.180862,627.360,75.141,0.938
86.192472,614.225,74.775,0.942
86.204082,598.890,74.337,0.936
86.215692,584.413,73.914,0.925
86.227302,569.115,73.455,0.913
86.238912,564.528,73.315,0.911
86.250522,560.400,73.187,0.909
86.262132,558.651,73.133,0.909
86.273741,556.207,73.057,0.886
86.285351,555.093,73.023,0.866
86.296961,552.966,72.956,0.862
86.308571,554.214,72.995,0.873
86.320181,558.986,73.144,0.879
86.331791,563.352,73.278,0.883
86.343401,264.873,60.214,0.878
86.355011,263.854,60.147,0.867
86.366621,894.594,81.285,0.864
86.378231,896.687,81.325,0.871
86.389841,225.179,57.403,0.876
86.401451,225.804,57.451,0.872
86.413061,233.733,58.048,0.872
86.424671,257.243,59.708,0.877
86.436281,259.619,59.867,0.881
86.447891,262.462,60.055,0.897
86.459501,278.311,61.070,0.902
86.471111,277.171,60.999,0.900
86.482721,277.338,61.010,0.895
86.494331,278.623,61.090,0.888
86.505941,365.353,65.781,0.883
86.517551,367.364,65.876,0.879
86.529161,368.202,65.916,0.878
86.540771,369.111,65.959,0.865
86.552381,369.663,65.984,0.864
86.563991,370.298,66.014,0.867
86.575601,370.134,66.007,0.871
86.587211,369.854,65.993,0.876
86.598821,369.388,65.972,0.874
86.610431,368.777,65.943,0.863
86.622041,368.050,65.909,0.866
86.633651,368.085,65.910,0.876
86.645261,368.475,65.929,0.883
86.656871,368.889,65.948,0.884
86.668481,369.269,65.966,0.881
86.680091,369.366,65.971,0.870
86.691701,369.421,65.973,0.858
86.703311,369.482,65.976,0.852
86.714921,369.733,65.988,0.830
86.726531,369.864,65.994,0.799
86.738141,369.694,65.986,0.782
86.749751,368.809,65.944,0.776
86.761361,324.478,63.727,0.780
86.772971,349.594,65.018,0.799
86.784580,350.401,65.058,0.816
86.796190,366.745,65.847,0.831
86.807800,369.238,65.965,0.846
86.819410,370.452,66.021,0.856
86.831020,370.974,66.046,0.859
86.842630,370.546,66.026,0.864
86.854240,185.386,54.036,0.865
86.865850,185.387,54.036,0.868
86.877460,185.376,54.035,0.872
86.889070,185.337,54.032,0.879
86.900680,185.224,54.021,0.886
86.912290,185.141,54.013,0.893
86.923900,369.766,65.989,0.898
86.935510,369.735,65.988,0.892
86.947120,369.689,65.986,0.883
86.958730,369.531,65.978,0.877
86.970340,369.331,65.969,0.874
86.981950,369.415,65.973,0.862
86.993560,369.401,65.972,0.844
87.005170,370.272,66.013,0.825
87.016780,369.887,65.995,0.804
87.028390,369.275,65.966,0.801
87.040000,183.692,53.877,0.802
87.051610,362.761,65.658,0.798
87.063220,123.882,47.058,0.785
87.074830,123.887,47.058,0.776
87.086440,375.278,66.245,0.795
87.098050,389.927,66.908,0.823
87.109660,391.962,66.999,0.847
87.121270,397.140,67.226,0.873
87.132880,404.767,67.555,0.890
87.144490,405.659,67.593,0.901
87.156100,405.456,67.585,0.919
87.167710,404.901,67.561,0.927
87.179320,403.532,67.502,0.929
87.190930,402.173,67.444,0.929
87.202540,400.091,67.354,0.929
87.214150,397.561,67.244,0.919
87.225760,390.829,66.948,0.913
87.237370,384.615,66.671,0.908
87.248980,381.352,66.523,0.893
87.260590,378.791,66.407,0.891
87.272200,376.103,66.284,0.887
87.283810,373.927,66.183,0.876
87.295420,372.562,66.120,0.872
87.307029,371.717,66.080,0.871
87.318639,370.970,66.046,0.864
87.330249,370.247,66.012,0.858
87.341859,369.806,65.991,0.854
87.353469,369.209,65.963,0.849
87.365079,368.625,65.936,0.837
87.376689,367.844,65.899,0.828
87.388299,365.103,65.770,0.822
87.399909,363.512,65.694,0.822
87.411519,330.797,64.061,0.829
87.423129,330.806,64.062,0.832
87.434739,331.044,64.074,0.836
87.446349,331.463,64.096,0.841
87.457959,331.993,64.124,0.855
87.469569,332.199,64.135,0.867
87.481179,332.152,64.132,0.872
87.492789,331.400,64.093,0.882
87.504399,330.304,64.036,0.886
87.516009,328.779,63.955,0.890
87.527619,327.740,63.901,0.890
87.539229,327.686,63.898,0.891
87.550839,327.765,63.902,0.892
87.562449,328.207,63.925,0.891
87.574059,329.553,63.996,0.888
87.585669,331.580,64.102,0.879
87.597279,332.423,64.146,0.872
87.608889,332.718,64.162,0.864
87.620499,332.617,64.156,0.864
87.632109,332.320,64.141,0.865
87.643719,331.316,64.088,0.865
87.655329,330.910,64.067,0.858
87.666939,330.603,64.051,0.847
87.678549,331.195,64.082,0.841
87.690159,331.849,64.116,0.843
87.701769,333.326,64.193,0.843
87.713379,333.878,64.222,0.843
87.724989,170.545,52.592,0.842
87.736599,740.415,78.010,0.835
87.748209,86.062,40.751,0.834
87.759819,734.769,77.877,0.834
87.771429,86.081,40.755,0.827
87.783039,729.162,77.745,0.808
87.794649,729.370,77.750,0.790
87.806259,214.861,56.591,0.761
87.817868,115.897,45.904,0.722
87.829478,115.553,45.853,0.685
87.841088,115.520,45.848,0.634
87.852698,697.288,76.971,0.575
87.864308,377.754,66.359,0.552
87.875918,235.373,58.169,0.595
87.887528,234.473,58.103,0.640
87.899138,232.424,57.951,0.688
87.910748,230.363,57.797,0.729
87.922358,228.046,57.622,0.765
87.933968,225.817,57.452,0.800
87.945578,225.006,57.389,0.825
87.957188,231.171,57.857,0.849
87.968798,241.992,58.650,0.885
87.980408,107.542,44.609,0.915
87.992018,107.831,44.655,0.929
88.003628,110.263,45.041,0.941
88.015238,329.298,63.983,0.952
88.026848,329.389,63.987,0.958
88.038458,329.052,63.970,0.963
88.050068,328.990,63.966,0.965
88.061678,329.342,63.985,0.956
88.073288,330.086,64.024,0.944
88.084898,329.751,64.006,0.936
88.096508,329.544,63.996,0.923
88.108118,329.223,63.979,0.911
88.119728,328.984,63.966,0.896
88.131338,332.019,64.125,0.884
88.142948,333.526,64.204,0.869
88.154558,325.415,63.777,0.853
88.166168,324.944,63.752,0.839
88.177778,324.770,63.743,0.820
88.189388,324.779,63.743,0.806
88.200998,324.884,63.749,0.783
88.212608,111.336,45.209,0.768
88.224218,111.370,45.214,0.756
88.235828,111.398,45.219,0.762
88.247438,223.323,57.260,0.771
88.259048,223.238,57.253,0.777
88.270658,232.970,57.992,0.787
88.282268,110.541,45.085,0.806
88.293878,211.667,56.331,0.819
88.305488,283.387,61.383,0.847
88.317098,286.833,61.592,0.870
88.328707,289.334,61.743,0.883
88.340317,291.116,61.849,0.887
88.351927,292.565,61.935,0.894
88.363537,293.884,62.013,0.902
88.375147,295.349,62.099,0.910
88.386757,296.815,62.185,0.914
88.398367,298.420,62.278,0.904
88.409977,301.063,62.431,0.900
88.421587,914.201,81.660,0.904
88.433197,917.909,81.730,0.906
88.444807,928.233,81.924,0.915
88.456417,324.177,63.711,0.924
88.468027,326.257,63.822,0.922
88.479637,327.435,63.884,0.927
88.491247,327.979,63.913,0.940
88.502857,328.364,63.934,0.949
88.514467,328.147,63.922,0.958
88.526077,327.526,63.889,0.970
88.537687,326.934,63.858,0.975
88.549297,326.432,63.831,0.977
88.560907,325.858,63.801,0.977
88.572517,325.210,63.766,0.971
88.584127,323.807,63.692,0.968
88.595737,322.753,63.635,0.953
88.607347,950.649,82.337,0.938
88.618957,936.634,82.080,0.920
88.630567,923.142,81.829,0.904
88.642177,902.910,81.445,0.885
88.653787,881.827,81.036,0.877
88.665397,866.280,80.728,0.878
88.677007,840.993,80.215,0.872
88.688617,273.566,60.773,0.877
88.700227,271.908,60.667,0.876
88.711837,270.398,60.571,0.880
88.723447,269.522,60.515,0.881
88.735057,269.080,60.486,0.881
88.746667,268.811,60.469,0.872
88.758277,268.620,60.457,0.860
88.769887,268.370,60.441,0.842
88.781497,268.198,60.430,0.821
88.793107,267.452,60.381,0.792
88.804717,265.603,60.261,0.743
88.816327,264.178,60.168,0.668
88.827937,247.272,59.023,0.561
88.839546,241.717,58.630,0.569
88.851156,264.817,60.210,0.642
88.862766,315.413,63.237,0.693
88.874376,846.245,80.323,0.724
88.885986,367.536,65.885,0.761
88.897596,368.307,65.921,0.790
88.909206,368.709,65.940,0.816
88.920816,368.619,65.936,0.843
88.932426,368.449,65.928,0.868
88.944036,368.376,65.924,0.883
88.955646,368.358,65.923,0.895
88.967256,368.699,65.939,0.905
88.978866,369.419,65.973,0.908
88.990476,369.495,65.977,0.907
89.002086,369.460,65.975,0.898
89.013696,369.670,65.985,0.882
89.025306,369.825,65.992,0.860
89.036916,370.072,66.004,0.838
89.048526,371.037,66.049,0.830
89.060136,371.436,66.067,0.823
89.071746,371.377,66.065,0.814
89.083356,371.991,66.093,0.803
89.094966,372.334,66.109,0.812
89.106576,372.559,66.120,0.822
89.118186,372.848,66.133,0.829
89.129796,373.187,66.149,0.833
89.141406,372.605,66.122,0.821
89.153016,372.270,66.106,0.810
89.164626,372.027,66.095,0.807
89.176236,371.816,66.085,0.822
89.187846,371.493,66.070,0.834
89.199456,371.434,66.067,0.843
89.211066,371.168,66.055,0.847
89.222676,371.280,66.060,0.834
89.234286,371.687,66.079,0.822
89.245896,372.548,66.119,0.808
89.257506,372.933,66.137,0.792
89.269116,373.456,66.161,0.759
89.280726,374.069,66.190,0.709
89.292336,373.704,66.173,0.644
89.303946,367.307,65.874,0.613
89.315556,164.430,51.960,0.704
89.327166,130.485,47.957,0.745
89.338776,818.009,79.735,0.765
89.350385,817.341,79.721,0.782
89.361995,371.398,66.066,0.804
89.373605,372.228,66.104,0.825
89.385215,372.837,66.132,0.838
89.396825,372.895,66.135,0.841
89.408435,371.824,66.085,0.831
89.420045,371.329,66.062,0.830
89.431655,371.003,66.047,0.832
89.443265,371.175,66.055,0.837
89.454875,371.721,66.081,0.841
89.466485,372.338,66.109,0.849
89.478095,372.627,66.123,0.853
89.489705,373.354,66.156,0.862
89.501315,399.207,67.316,0.872
89.512925,398.161,67.270,0.883
89.524535,397.131,67.225,0.892
89.536145,395.173,67.140,0.904
89.547755,395.614,67.159,0.908
89.559365,396.042,67.178,0.910
89.570975,394.264,67.100,0.918
89.582585,385.859,66.727,0.925
89.594195,378.511,66.394,0.928
89.605805,374.995,66.232,0.929
89.617415,373.198,66.149,0.932
89.629025,371.550,66.073,0.930
89.640635,370.576,66.027,0.929
89.652245,370.005,66.000,0.923
89.663855,369.889,65.995,0.916
89.675465,370.015,66.001,0.909
89.687075,370.368,66.017,0.902
89.698685,370.820,66.039,0.894
89.710295,371.361,66.064,0.889
89.721905,371.505,66.071,0.887
89.733515,371.436,66.067,0.888
89.745125,371.342,66.063,0.883
89.756735,371.270,66.060,0.875
89.768345,370.882,66.041,0.868
89.779955,370.224,66.011,0.858
89.791565,369.414,65.973,0.849
89.803175,367.389,65.878,0.839
89.814785,335.384,64.300,0.828
89.826395,333.158,64.184,0.818
89.838005,332.609,64.156,0.822
89.849615,332.421,64.146,0.834
89.861224,331.989,64.124,0.840
89.872834,330.952,64.069,0.855
89.884444,330.019,64.021,0.867
89.896054,329.292,63.982,0.874
89.907664,328.769,63.955,0.878
89.919274,328.230,63.926,0.884
89.930884,327.918,63.910,0.893
89.942494,327.850,63.906,0.900
89.954104,328.118,63.921,0.903
89.965714,328.622,63.947,0.899
89.977324,329.962,64.018,0.900
89.988934,330.988,64.071,0.901
90.000544,331.686,64.108,0.903
90.012154,332.610,64.156,0.902
90.023764,333.492,64.202,0.899
90.035374,333.688,64.212,0.892
90.046984,332.580,64.154,0.884
90.058594,330.778,64.060,0.876
90.070204,329.481,63.992,0.862
90.081814,329.088,63.972,0.844
90.093424,329.243,63.980,0.822
90.105034,329.362,63.986,0.795
90.116644,328.859,63.960,0.757
90.128254,327.974,63.913,0.715
90.139864,327.740,63.901,0.678
90.151474,329.739,64.006,0.634
90.163084,328.010,63.915,0.573
90.174694,463.030,69.883,0.514
90.186304,167.727,52.303,0.468
90.197914,329.140,63.974,0.436
90.209524,110.332,45.052,0.428
90.221134,372.932,66.137,0.439
90.232744,244.594,58.835,0.452
90.244354,374.194,66.195,0.469
90.255964,374.267,66.199,0.477
90.267574,374.148,66.193,0.480
90.279184,373.868,66.180,0.488
90.290794,375.266,66.245,0.590
90.302404,374.106,66.191,0.678
90.314014,374.225,66.197,0.697
90.325624,733.069,77.837,0.750
90.337234,727.502,77.705,0.784
90.348844,692.525,76.852,0.830
90.360454,689.170,76.768,0.861
90.372063,692.598,76.854,0.884
90.383673,678.782,76.505,0.899
90.395283,654.066,75.863,0.912
90.406893,637.735,75.425,0.928
90.418503,147.737,50.106,0.935
90.430113,147.703,50.102,0.936
90.441723,147.948,50.131,0.936
90.453333,295.989,62.136,0.935
90.464943,296.969,62.194,0.932
90.476553,298.432,62.279,0.936
90.488163,302.858,62.534,0.936
90.499773,311.712,63.033,0.937
90.511383,322.465,63.620,0.941
90.522993,325.017,63.756,0.949
90.534603,326.420,63.831,0.952
90.546213,326.451,63.832,0.954
90.557823,326.735,63.847,0.956
90.569433,327.328,63.879,0.949
90.581043,327.299,63.877,0.941
90.592653,326.620,63.841,0.930
90.604263,326.318,63.825,0.917
90.615873,327.195,63.872,0.904
90.627483,329.416,63.989,0.888
90.639093,331.126,64.079,0.879
90.650703,332.321,64.141,0.873
90.662313,332.256,64.138,0.864
90.673923,328.907,63.962,0.852
90.685533,164.579,51.975,0.845
90.697143,303.621,62.577,0.839
90.708753,302.256,62.499,0.831
90.720363,302.178,62.495,0.826
90.731973,302.788,62.530,0.818
90.743583,303.204,62.553,0.812
90.755193,303.003,62.542,0.816
90.766803,302.758,62.528,0.822
90.778413,303.231,62.555,0.830
90.790023,304.348,62.619,0.831
90.801633,305.284,62.672,0.832
90.813243,306.331,62.731,0.833
90.824853,894.825,81.289,0.836
90.836463,326.708,63.846,0.833
90.848073,327.980,63.913,0.835
90.859683,328.649,63.949,0.839
90.871293,329.461,63.991,0.839
90.882902,329.924,64.016,0.846
90.894512,329.968,64.018,0.854
90.906122,329.754,64.007,0.858
90.917732,329.004,63.967,0.866
90.929342,328.218,63.926,0.873
90.940952,327.069,63.865,0.880
90.952562,325.479,63.781,0.896
90.964172,916.964,81.712,0.903
90.975782,464.607,69.942,0.905
90.987392,457.636,69.680,0.907
90.999002,453.030,69.505,0.912
91.010612,449.862,69.384,0.912
91.022222,448.470,69.330,0.916
91.033832,446.327,69.247,0.917
91.045442,446.715,69.262,0.912
91.057052,446.380,69.249,0.911
91.068662,91.747,41.859,0.914
91.080272,91.811,41.871,0.916
91.091882,91.814,41.871,0.919
91.103492,91.899,41.887,0.923
91.115102,91.993,41.905,0.921
91.126712,461.837,69.839,0.919
91.138322,467.838,70.062,0.914
91.149932,472.570,70.236,0.911
91.161542,476.651,70.385,0.905
91.173152,479.967,70.505,0.897
91.184762,483.109,70.618,0.885
91.196372,486.206,70.729,0.870
91.207982,489.301,70.839,0.857
91.219592,491.633,70.921,0.849
91.231202,493.030,70.970,0.843
91.242812,494.122,71.008,0.838
91.254422,82.582,40.037,0.833
91.266032,247.739,59.056,0.828
91.277642,247.741,59.056,0.823
91.289252,247.732,59.055,0.820
91.300862,247.591,59.045,0.819
91.312472,494.069,71.006,0.817
91.324082,493.618,70.991,0.820
91.335692,493.177,70.975,0.824
91.347302,492.942,70.967,0.835
91.358912,492.838,70.963,0.843
91.370522,492.835,70.963,0.850
91.382132,492.908,70.966,0.855
91.393741,493.087,70.972,0.860
91.405351,493.298,70.979,0.864
91.416961,493.653,70.992,0.865
91.428571,493.836,70.998,0.867
91.440181,494.352,71.016,0.860
91.451791,494.441,71.020,0.855
91.463401,494.829,71.033,0.850
91.475011,495.629,71.061,0.845
91.486621,496.257,71.083,0.832
91.498231,496.482,71.091,0.815
91.509841,498.189,71.150,0.803
91.521451,498.961,71.177,0.798
91.533061,496.679,71.098,0.798
91.544671,1002.273,83.252,0.814
91.556281,866.298,80.728,0.825
91.567891,857.616,80.554,0.830
91.579501,852.635,80.453,0.849
91.591111,852.869,80.458,0.871
91.602721,208.686,56.086,0.890
91.614331,166.613,52.188,0.901
91.625941,165.945,52.118,0.906
91.637551,165.675,52.090,0.904
91.649161,165.586,52.081,0.906
91.660771,165.707,52.094,0.914
91.672381,165.590,52.081,0.915
91.683991,165.596,52.082,0.912
91.695601,165.870,52.111,0.904
91.707211,82.948,40.113,0.901
91.718821,82.965,40.117,0.901
91.730431,82.989,40.122,0.900
91.742041,82.956,40.115,0.894
91.753651,82.949,40.114,0.884
91.765261,82.937,40.111,0.874
91.776871,82.940,40.112,0.866
91.788481,207.700,56.004,0.857
91.800091,207.637,55.999,0.842
91.811701,82.930,40.110,0.827
91.823311,207.674,56.002,0.817
91.834921,138.388,48.975,0.822
91.846531,138.566,48.997,0.827
91.858141,138.545,48.994,0.834
91.869751,138.789,49.025,0.848
91.881361,138.830,49.030,0.868
91.892971,280.058,61.179,0.886
91.904580,281.119,61.244,0.898
91.916190,282.598,61.335,0.907
91.927800,293.219,61.974,0.921
91.939410,293.320,61.980,0.926
91.951020,292.608,61.938,0.931
91.962630,291.749,61.887,0.929
91.974240,874.072,80.883,0.924
91.985850,884.905,81.096,0.928
91.997460,887.987,81.156,0.925
92.009070,894.787,81.288,0.928
92.020680,907.715,81.537,0.925
92.032290,927.860,81.917,0.932
92.043900,944.538,82.225,0.937
92.055510,164.112,51.926,0.942
92.067120,164.316,51.948,0.947
92.078730,164.681,51.986,0.945
92.090340,164.866,52.005,0.953
92.101950,164.954,52.015,0.956
92.113560,165.090,52.029,0.955
92.125170,165.273,52.048,0.950
92.136780,165.355,52.057,0.944
92.148390,165.266,52.047,0.939
92.160000,165.194,52.040,0.930
92.171610,946.946,82.269,0.916
92.183220,932.511,82.003,0.903
92.194830,915.364,81.682,0.893
92.206440,895.726,81.307,0.884
92.218050,877.729,80.955,0.879
92.229660,859.638,80.595,0.880
92.241270,277.937,61.047,0.881
92.252880,277.216,61.002,0.889
92.264490,138.377,48.973,0.894
92.276100,138.305,48.964,0.896
92.287710,138.274,48.960,0.897
92.299320,138.284,48.962,0.900
92.310930,138.311,48.965,0.899
92.322540,138.371,48.972,0.891
92.334150,138.394,48.975,0.880
92.345760,138.436,48.981,0.868
92.357370,138.498,48.988,0.863
92.368980,138.562,48.996,0.859
92.380590,138.667,49.009,0.851
92.392200,138.844,49.031,0.839
92.403810,416.852,68.064,0.833
92.415420,416.729,68.059,0.834
92.427029,416.283,68.041,0.837
92.438639,415.537,68.010,0.841
92.450249,414.534,67.968,0.841
92.461859,412.779,67.894,0.839
92.473469,405.932,67.605,0.833
92.485079,402.179,67.444,0.829
92.496689,391.196,66.965,0.823
92.508299,387.444,66.798,0.816
92.519909,386.480,66.755,0.813
92.531519,386.311,66.747,0.815
92.543129,387.156,66.785,0.821
92.554739,389.237,66.878,0.828
92.566349,392.369,67.016,0.839
92.577959,396.532,67.199,0.849
92.589569,400.876,67.388,0.856
92.601179,405.344,67.580,0.862
92.612789,408.486,67.713,0.869
92.624399,410.943,67.817,0.870
92.636009,412.608,67.887,0.868
92.647619,413.958,67.944,0.867
92.659229,414.729,67.976,0.866
92.670839,415.161,67.994,0.864
92.682449,415.410,68.004,0.867
92.694059,415.627,68.013,0.871
92.705669,415.976,68.028,0.875
92.717279,416.166,68.036,0.877
92.728889,416.340,68.043,0.878
92.740499,416.425,68.047,0.875
92.752109,416.130,68.034,0.874
92.763719,415.616,68.013,0.875
92.775329,414.531,67.968,0.879
92.786939,206.592,55.911,0.884
92.798549,206.034,55.865,0.888
92.810159,267.915,60.411,0.896
92.821769,267.524,60.386,0.906
92.833379,81.749,39.861,0.917
92.844989,262.839,60.080,0.925
92.856599,124.290,47.114,0.930
92.868209,123.908,47.061,0.932
92.879819,123.793,47.045,0.931
92.891429,123.695,47.031,0.928
92.903039,123.576,47.015,0.926
92.914649,123.460,46.998,0.921
92.926259,123.353,46.983,0.916
92.937868,123.300,46.976,0.907
92.949478,123.284,46.974,0.900
92.961088,123.290,46.975,0.893
92.972698,123.304,46.977,0.886
92.984308,123.344,46.982,0.881
92.995918,123.355,46.984,0.874
93.007528,123.330,46.980,0.867
93.019138,123.289,46.974,0.861
93.030748,184.984,53.999,0.860
93.042358,369.545,65.979,0.855
93.053968,369.418,65.973,0.849
93.065578,369.214,65.963,0.843
93.077188,369.097,65.958,0.835
93.088798,369.040,65.955,0.830
93.100408,123.170,46.958,0.832
93.112018,123.240,46.968,0.827
93.123628,123.266,46.971,0.827
93.135238,123.299,46.976,0.835
93.146848,123.303,46.977,0.845
93.158458,123.364,46.985,0.854
93.170068,123.371,46.986,0.862
93.181678,123.407,46.991,0.866
93.193288,123.367,46.985,0.867
93.204898,123.320,46.979,0.873
93.216508,123.282,46.974,0.876
93.228118,123.255,46.970,0.880
93.239728,123.182,46.959,0.883
93.251338,123.172,46.958,0.884
93.262948,123.161,46.957,0.884
93.274558,123.156,46.956,0.892
93.286168,123.121,46.951,0.904
93.297778,123.077,46.945,0.912
93.309388,123.065,46.943,0.914
93.320998,123.063,46.943,0.912
93.332608,123.084,46.946,0.910
93.344218,123.064,46.943,0.910
93.355828,123.051,46.941,0.912
93.367438,123.072,46.944,0.908
93.379048,123.112,46.950,0.898
93.390658,123.178,46.959,0.891
93.402268,123.229,46.966,0.890
93.413878,123.265,46.971,0.887
93.425488,123.303,46.977,0.887
93.437098,123.343,46.982,0.886
93.448707,123.370,46.986,0.884
93.460317,123.430,46.994,0.883
93.471927,123.438,46.995,0.884
93.483537,123.477,47.001,0.883
93.495147,123.526,47.008,0.882
93.506757,123.592,47.017,0.882
93.518367,123.680,47.029,0.882
93.529977,371.530,66.072,0.879
93.541587,371.812,66.085,0.873
93.553197,371.638,66.077,0.873
93.564807,185.731,54.069,0.881
93.576417,185.714,54.067,0.890
93.588027,185.569,54.053,0.894
93.599637,185.397,54.037,0.894
93.611247,185.201,54.019,0.896
93.622857,92.431,41.987,0.906
93.634467,275.678,60.906,0.914
93.646077,275.593,60.900,0.913
93.657687,275.448,60.891,0.907
93.669297,275.154,60.873,0.897
93.680907,372.411,66.113,0.887
93.692517,373.228,66.151,0.888
93.704127,373.780,66.176,0.890
93.715737,876.303,80.927,0.890
93.727347,877.549,80.952,0.888
93.738957,278.559,61.086,0.893
93.750567,278.655,61.092,0.899
93.762177,277.869,61.043,0.904
93.773787,277.420,61.015,0.906
93.785397,275.735,60.909,0.913
93.797007,872.349,80.849,0.911
93.808617,272.873,60.729,0.911
93.820227,272.834,60.726,0.917
93.831837,272.825,60.726,0.919
93.843447,273.355,60.759,0.917
93.855057,274.187,60.812,0.919
93.866667,92.261,41.955,0.922
93.878277,92.276,41.958,0.913
93.889887,92.269,41.957,0.908
93.901497,92.251,41.954,0.895
93.913107,92.206,41.945,0.882
93.924717,92.178,41.940,0.870
93.936327,92.329,41.968,0.866
93.947937,370.395,66.019,0.854
93.959546,370.476,66.023,0.845
93.971156,371.215,66.057,0.842
93.982766,371.444,66.068,0.843
93.994376,371.854,66.087,0.861
94.005986,372.696,66.126,0.875
94.017596,373.176,66.148,0.893
94.029206,246.491,58.968,0.909
94.040816,246.891,58.996,0.923
94.052426,246.868,58.995,0.939
94.064036,246.913,58.998,0.949
94.075646,246.674,58.981,0.954
94.087256,123.435,46.995,0.956
94.098866,247.906,59.067,0.959
94.110476,248.363,59.099,0.958
94.122086,248.497,59.109,0.948
94.133696,248.475,59.107,0.940
94.145306,547.410,72.781,0.926
94.156916,549.187,72.838,0.913
94.168526,550.683,72.885,0.905
94.180136,552.247,72.934,0.895
94.191746,554.000,72.989,0.880
94.203356,184.787,53.980,0.868
94.214966,184.829,53.984,0.869
94.226576,184.719,53.974,0.873
94.238186,184.556,53.959,0.880
94.249796,184.409,53.945,0.888
94.261406,552.300,72.935,0.897
94.273016,550.731,72.886,0.911
94.284626,550.377,72.875,0.913
94.296236,549.587,72.850,0.915
94.307846,547.800,72.794,0.921
94.319456,443.839,69.150,0.922
94.331066,441.305,69.051,0.923
94.342676,437.714,68.910,0.921
94.354286,413.230,67.913,0.915
94.365896,105.172,44.223,0.905
94.377506,105.051,44.203,0.904
94.389116,104.880,44.175,0.901
94.400726,104.034,44.035,0.891
94.412336,412.611,67.887,0.883
94.423946,413.105,67.908,0.877
94.435556,138.522,48.991,0.870
94.447166,138.448,48.982,0.861
94.458776,138.412,48.978,0.849
94.470385,413.956,67.944,0.842
94.481995,414.065,67.948,0.834
94.493605,413.744,67.935,0.830
94.505215,138.552,48.995,0.828
94.516825,138.772,49.023,0.825
94.528435,414.002,67.946,0.830
94.540045,414.130,67.951,0.836
94.551655,414.246,67.956,0.839
94.563265,413.857,67.940,0.834
94.574875,413.634,67.930,0.828
94.586485,413.613,67.929,0.820
94.598095,413.803,67.937,0.811
94.609705,413.974,67.944,0.805
94.621315,414.271,67.957,0.796
94.632925,414.656,67.973,0.792
94.644535,415.091,67.991,0.799
94.656145,415.364,68.002,0.812
94.667755,415.535,68.010,0.823
94.679365,415.625,68.013,0.833
94.690975,415.573,68.011,0.843
94.702585,415.624,68.013,0.851
94.714195,415.655,68.015,0.855
94.725805,415.755,68.019,0.856
94.737415,415.711,68.017,0.853
94.749025,415.636,68.014,0.851
94.760635,415.644,68.014,0.848
94.772245,415.736,68.018,0.846
94.783855,415.879,68.024,0.841
94.795465,416.067,68.032,0.835
94.807075,416.252,68.039,0.832
94.818685,416.297,68.041,0.831
94.830295,416.439,68.047,0.828
94.841905,416.700,68.058,0.824
94.853515,417.907,68.108,0.827
94.865125,419.089,68.157,0.826
94.876735,424.385,68.374,0.828
94.888345,433.231,68.732,0.830
94.899955,444.501,69.176,0.832
94.911565,460.983,69.807,0.835
94.923175,478.209,70.442,0.843
94.934785,484.437,70.666,0.853
94.946395,490.467,70.880,0.858
94.958005,493.222,70.977,0.866
94.969615,494.223,71.012,0.871
94.981224,494.825,71.033,0.874
94.992834,495.205,71.046,0.878
95.004444,494.792,71.032,0.881
95.016054,494.459,71.020,0.883
95.027664,493.669,70.992,0.884
95.039274,493.197,70.976,0.885
95.050884,493.083,70.972,0.891
95.062494,493.434,70.984,0.897
95.074104,493.567,70.989,0.906
95.085714,493.582,70.989,0.914
95.097324,493.773,70.996,0.922
95.108934,493.873,71.000,0.926
95.120544,494.036,71.005,0.931
95.132154,494.037,71.005,0.935
95.143764,494.155,71.010,0.935
95.155374,494.062,71.006,0.933
95.166984,493.997,71.004,0.929
95.178594,493.671,70.993,0.927
95.190204,493.560,70.989,0.923
95.201814,493.229,70.977,0.922
95.213424,492.780,70.961,0.920
95.225034,492.315,70.945,0.917
95.236644,491.797,70.927,0.913
95.248254,491.194,70.905,0.910
95.259864,490.296,70.874,0.906
95.271474,489.221,70.836,0.903
95.283084,487.821,70.786,0.899
95.294694,486.179,70.728,0.891
95.306304,483.849,70.645,0.886
95.317914,481.420,70.558,0.879
95.329524,478.666,70.458,0.869
95.341134,475.726,70.352,0.866
95.352744,473.411,70.267,0.870
95.364354,468.896,70.101,0.874
95.375964,464.781,69.949,0.875
95.387574,460.159,69.776,0.873
95.399184,455.524,69.600,0.867
95.410794,453.107,69.508,0.865
95.422404,450.050,69.391,0.867
95.434014,444.188,69.164,0.870
95.445624,440.825,69.032,0.862
95.457234,438.912,68.957,0.850
95.468844,436.029,68.843,0.837
95.480454,432.583,68.706,0.840
95.492063,423.428,68.335,0.843
95.503673,418.567,68.135,0.847
95.515283,83.465,40.221,0.851
95.526893,83.384,40.204,0.852
95.538503,83.247,40.176,0.857
95.550113,83.029,40.130,0.863
95.561723,82.930,40.110,0.870
95.573333,82.833,40.089,0.873
95.584943,82.819,40.086,0.875
95.596553,82.787,40.080,0.873
95.608163,82.766,40.075,0.869
95.619773,82.800,40.082,0.863
95.631383,418.911,68.150,0.857
95.642993,417.416,68.088,0.849
95.654603,417.332,68.084,0.840
95.666213,417.878,68.107,0.828
95.677823,413.965,67.944,0.836
95.689433,83.544,40.237,0.832
95.701043,83.388,40.205,0.833
95.712653,83.534,40.235,0.841
95.724263,104.619,44.132,0.844
95.735873,104.762,44.155,0.849
95.747483,245.420,58.893,0.853
95.759093,245.614,58.907,0.859
95.770703,246.484,58.968,0.849
95.782313,246.818,58.991,0.851
95.793923,247.296,59.025,0.852
95.805533,84.099,40.352,0.849
95.817143,83.975,40.326,0.855
95.828753,83.889,40.309,0.855
95.840363,410.531,67.800,0.857
95.851973,408.395,67.710,0.860
95.863583,407.895,67.688,0.858
95.875193,408.616,67.719,0.855
95.886803,408.313,67.706,0.852
95.898413,410.792,67.811,0.848
95.910023,413.355,67.919,0.838
95.921633,205.576,55.826,0.838
95.933243,205.877,55.851,0.835
95.944853,415.275,67.999,0.827
95.956463,413.767,67.936,0.820
95.968073,413.747,67.935,0.816
95.979683,413.857,67.940,0.811
95.991293,413.894,67.941,0.805
96.002902,414.809,67.979,0.800
96.014512,415.954,68.027,0.795
96.026122,416.820,68.063,0.796
96.037732,417.724,68.101,0.806
96.049342,418.806,68.145,0.814
96.060952,418.869,68.148,0.822
96.072562,419.139,68.159,0.826
96.084172,418.908,68.150,0.830
96.095782,418.576,68.136,0.831
96.107392,417.645,68.097,0.830
96.119002,416.388,68.045,0.826
96.130612,415.064,67.990,0.821
96.142222,414.346,67.960,0.820
96.153832,414.430,67.964,0.824
96.165442,415.052,67.989,0.832
96.177052,416.019,68.030,0.840
96.188662,417.458,68.090,0.848
96.200272,418.869,68.148,0.856
96.211882,421.735,68.266,0.861
96.223492,424.514,68.380,0.863
96.235102,425.681,68.427,0.864
96.246712,426.289,68.452,0.861
96.258322,423.352,68.332,0.855
96.269932,419.110,68.158,0.847
96.281542,417.953,68.110,0.840
96.293152,417.129,68.076,0.835
96.304762,416.907,68.067,0.837
96.316372,209.028,56.114,0.843
96.327982,209.371,56.143,0.845
96.339592,209.724,56.172,0.846
96.351202,210.231,56.214,0.849
96.362812,210.434,56.230,0.854
96.374422,210.715,56.253,0.861
96.386032,213.704,56.497,0.872
96.397642,213.199,56.456,0.880
96.409252,239.978,58.505,0.884
96.420862,240.224,58.523,0.895
96.432472,240.251,58.524,0.910
96.444082,240.235,58.523,0.918
96.455692,240.027,58.508,0.924
96.467302,239.792,58.491,0.925
96.478912,239.045,58.437,0.931
96.490522,237.616,58.334,0.934
96.502132,236.605,58.260,0.931
96.513741,234.442,58.101,0.926
96.525351,232.544,57.960,0.917
96.536961,231.271,57.865,0.910
96.548571,230.205,57.785,0.901
96.560181,229.677,57.745,0.891
96.571791,227.420,57.574,0.869
96.583401,225.621,57.437,0.840
96.595011,224.841,57.377,0.814
96.606621,223.929,57.306,0.781
96.618231,221.621,57.127,0.740
96.629841,220.716,57.056,0.698
96.641451,217.520,56.804,0.705
96.653061,362.824,65.661,0.720
96.664671,415.808,68.021,0.722
96.676281,820.084,79.779,0.742
96.687891,415.891,68.024,0.769
96.699501,417.156,68.077,0.794
96.711111,417.279,68.082,0.805
96.722721,416.925,68.067,0.813
96.734331,485.434,70.701,0.806
96.745941,486.356,70.734,0.806
96.757551,487.699,70.782,0.813
96.769161,486.589,70.742,0.813
96.780771,232.206,57.935,0.816
96.792381,232.293,57.941,0.797
96.803991,232.624,57.966,0.786
96.815601,232.831,57.981,0.776
96.827211,233.109,58.002,0.759
96.838821,233.405,58.024,0.733
96.850431,233.516,58.032,0.687
96.862041,234.284,58.089,0.643
96.873651,458.837,69.726,0.514
96.885261,458.572,69.716,0.487
96.896871,458.613,69.717,0.467
96.908481,459.195,69.739,0.453
96.920091,458.843,69.726,0.439
96.931701,459.410,69.747,0.436
96.943311,380.512,66.485,0.651
96.954921,381.384,66.525,0.670
96.966531,381.838,66.545,0.689
96.978141,233.566,58.036,0.710
96.989751,231.366,57.872,0.731
97.001361,230.725,57.824,0.752
97.012971,230.041,57.773,0.777
97.024580,229.504,57.732,0.800
97.036190,228.326,57.643,0.788
97.047800,227.145,57.553,0.805
97.059410,226.158,57.478,0.820
97.071020,224.419,57.344,0.831
97.082630,222.661,57.208,0.837
97.094240,221.052,57.083,0.843
97.105850,219.381,56.951,0.843
97.117460,218.543,56.885,0.840
97.129070,217.627,56.812,0.839
97.140680,216.718,56.740,0.833
97.152290,216.336,56.709,0.827
97.163900,215.903,56.675,0.818
97.175510,215.374,56.632,0.819
97.187120,214.895,56.594,0.815
97.198730,214.370,56.551,0.814
97.210340,213.637,56.492,0.818
97.221950,212.769,56.421,0.816
97.233560,211.713,56.335,0.819
97.245170,211.062,56.282,0.818
97.256780,210.785,56.259,0.819
97.268390,210.530,56.238,0.816
97.280000,210.459,56.232,0.815
97.291610,210.463,56.233,0.817
97.303220,210.538,56.239,0.817
97.314830,229.636,57.742,0.823
97.326440,463.321,69.894,0.828
97.338050,467.718,70.058,0.843
97.349660,476.568,70.382,0.855
97.361270,484.082,70.653,0.865
97.372880,489.792,70.856,0.871
97.384490,493.039,70.970,0.881
97.396100,494.172,71.010,0.891
97.407710,495.022,71.040,0.898
97.419320,247.883,59.066,0.903
97.430930,247.777,59.058,0.904
97.442540,247.648,59.049,0.906
97.454150,494.305,71.015,0.908
97.465760,493.789,70.997,0.911
97.477370,493.511,70.987,0.909
97.488980,493.420,70.984,0.906
97.500590,493.493,70.986,0.904
97.512200,493.674,70.993,0.902
97.523810,493.871,71.000,0.900
97.535420,494.312,71.015,0.896
97.547029,494.369,71.017,0.892
97.558639,493.948,71.002,0.890
97.570249,493.598,70.990,0.888
97.581859,492.793,70.962,0.885
97.593469,491.762,70.925,0.882
97.605079,490.556,70.883,0.877
97.616689,489.353,70.840,0.875
97.628299,487.538,70.776,0.877
97.639909,485.427,70.701,0.875
97.651519,482.922,70.611,0.874
97.663129,480.780,70.534,0.872
97.674739,478.494,70.452,0.873
97.686349,475.690,70.350,0.875
97.697959,470.529,70.161,0.876
97.709569,463.600,69.905,0.878
97.721179,458.644,69.718,0.873
97.732789,456.027,69.619,0.870
97.744399,443.380,69.132,0.866
97.756009,436.215,68.850,0.863
97.767619,432.253,68.692,0.860
97.779229,418.217,68.121,0.854
97.790839,416.381,68.045,0.853
97.802449,414.275,67.957,0.848
97.814059,410.885,67.815,0.849
97.825669,406.156,67.614,0.850
97.837279,396.966,67.218,0.850
97.848889,395.898,67.172,0.848
97.860499,394.684,67.118,0.845
97.872109,393.790,67.079,0.840
97.883719,392.685,67.030,0.832
97.895329,391.435,66.975,0.826
97.906939,389.231,66.877,0.818
97.918549,385.886,66.728,0.813
97.930159,384.307,66.657,0.808
97.941769,376.504,66.302,0.811
97.953379,373.898,66.182,0.816
97.964989,372.138,66.100,0.822
97.976599,370.399,66.019,0.829
97.988209,369.709,65.987,0.836
97.999819,369.295,65.967,0.839
98.011429,369.091,65.958,0.842
98.023039,369.020,65.954,0.844
98.034649,368.835,65.946,0.845
98.046259,368.774,65.943,0.841
98.057868,368.798,65.944,0.840
98.069478,368.816,65.945,0.841
98.081088,368.580,65.934,0.840
98.092698,368.514,65.931,0.839
98.104308,368.403,65.925,0.839
98.115918,368.481,65.929,0.840
98.127528,368.607,65.935,0.834
98.139138,368.955,65.951,0.833
98.150748,369.480,65.976,0.834
98.162358,369.882,65.995,0.829
98.173968,370.786,66.037,0.826
98.185578,370.837,66.039,0.829
98.197188,371.042,66.049,0.826
98.208798,370.466,66.022,0.821
98.220408,370.042,66.002,0.827
98.232018,369.514,65.978,0.832
98.243628,369.305,65.968,0.832
98.255238,369.455,65.975,0.837
98.266848,369.946,65.998,0.842
98.278458,370.671,66.032,0.844
98.290068,371.432,66.067,0.850
98.301678,371.627,66.076,0.857
98.313288,371.487,66.070,0.858
98.324898,371.107,66.052,0.856
98.336508,370.220,66.011,0.853
98.348118,369.426,65.973,0.849
98.359728,368.813,65.945,0.844
98.371338,368.596,65.934,0.841
98.382948,368.559,65.933,0.838
98.394558,368.814,65.945,0.831
98.406168,369.522,65.978,0.829
98.417778,370.248,66.012,0.835
98.429388,370.785,66.037,0.838
98.440998,370.491,66.023,0.840
98.452608,370.059,66.003,0.841
98.464218,369.346,65.970,0.840
98.475828,368.661,65.937,0.834
98.487438,368.321,65.922,0.829
98.499048,368.277,65.919,0.824
98.510658,368.481,65.929,0.813
98.522268,369.277,65.966,0.807
98.533878,370.745,66.035,0.805
98.545488,371.548,66.073,0.803
98.557098,371.516,66.071,0.803
98.568707,371.208,66.057,0.807
98.580317,370.192,66.009,0.816
98.591927,370.070,66.004,0.829
98.603537,369.612,65.982,0.839
98.615147,372.671,66.125,0.848
98.626757,373.457,66.161,0.852
98.638367,375.652,66.263,0.855
98.649977,377.704,66.357,0.859
98.661587,378.501,66.394,0.863
98.673197,377.991,66.370,0.863
98.684807,379.153,66.423,0.857
98.696417,378.597,66.398,0.855
98.708027,369.905,65.996,0.850
98.719637,370.548,66.026,0.843
98.731247,368.511,65.930,0.836
98.742857,369.370,65.971,0.830
98.754467,367.901,65.902,0.831
98.766077,368.483,65.929,0.835
98.777687,120.284,46.547,0.831
98.789297,119.852,46.485,0.836
98.800907,392.845,67.037,0.846
98.812517,393.370,67.061,0.862
98.824127,392.122,67.006,0.878
98.835737,391.756,66.989,0.885
98.847347,385.365,66.705,0.891
98.858957,382.666,66.583,0.891
98.870567,94.755,42.417,0.896
98.882177,94.677,42.403,0.894
98.893787,94.826,42.430,0.886
98.905397,94.763,42.419,0.875
98.917007,382.319,66.567,0.857
98.928617,382.446,66.573,0.839
98.940227,381.944,66.550,0.812
98.951837,381.612,66.535,0.790
98.963447,380.970,66.506,0.764
98.975057,381.830,66.545,0.735
98.986667,379.513,66.440,0.697
98.998277,370.353,66.017,0.656
99.009887,368.420,65.926,0.625
99.021497,369.056,65.956,0.619
99.033107,369.432,65.974,0.608
99.044717,377.066,66.328,0.619
99.056327,415.479,68.007,0.647
99.067937,419.709,68.183,0.690
99.079546,214.258,56.542,0.730
99.091156,215.749,56.662,0.770
99.102766,217.151,56.774,0.804
99.114376,218.384,56.872,0.834
99.125986,219.238,56.940,0.858
99.137596,220.232,57.018,0.874
99.149206,221.303,57.102,0.886
99.160816,222.758,57.216,0.893
99.172426,224.293,57.335,0.897
99.184036,226.005,57.466,0.898
99.195646,228.787,57.678,0.896
99.207256,232.644,57.967,0.894
99.218866,236.143,58.226,0.891
99.230476,238.915,58.428,0.882
99.242086,240.674,58.555,0.864
99.253696,241.928,58.645,0.843
99.265306,242.813,58.708,0.820
99.276916,243.504,58.757,0.791
99.288526,243.913,58.786,0.759
99.300136,244.566,58.833,0.706
99.311746,244.377,58.819,0.618
99.323356,1002.273,83.252,0.670
99.334966,350.854,65.080,0.676
99.346576,1002.273,83.252,0.687
99.358186,1002.273,83.252,0.704
99.369796,1002.273,83.252,0.720
99.381406,459.165,69.738,0.735
99.393016,263.049,60.094,0.750
99.404626,110.365,45.057,0.765
99.416236,218.233,56.860,0.731
99.427846,217.203,56.778,0.738
99.439456,216.487,56.721,0.748
99.451066,216.001,56.682,0.754
99.462676,215.269,56.624,0.761
99.474286,214.399,56.554,0.763
99.485896,213.699,56.497,0.762
99.497506,102.171,43.722,0.766
99.509116,102.297,43.743,0.769
99.520726,206.303,55.887,0.773
99.532336,205.984,55.860,0.770
99.543946,205.655,55.833,0.767
99.555556,205.313,55.804,0.758
99.567166,205.196,55.794,0.756
99.578776,205.213,55.795,0.751
99.590385,204.866,55.766,0.742
99.601995,204.125,55.703,0.732
99.613605,1002.273,83.252,0.722
99.625215,1002.273,83.252,0.717
99.636825,1002.273,83.252,0.712
99.648435,1002.273,83.252,0.712
99.660045,167.458,52.275,0.715
99.671655,223.250,57.254,0.723
99.683265,80.255,39.542,0.725
99.694875,376.771,66.314,0.738
99.706485,378.198,66.380,0.766
99.718095,377.828,66.363,0.794
99.729705,376.244,66.290,0.811
99.741315,374.534,66.211,0.826
99.752925,373.723,66.174,0.838
99.764535,372.848,66.133,0.847
99.776145,371.978,66.093,0.858
99.787755,370.532,66.025,0.866
99.799365,369.597,65.981,0.864
99.810975,369.592,65.981,0.859
99.822585,369.826,65.992,0.859
99.834195,370.086,66.004,0.860
99.845805,370.531,66.025,0.859
99.857415,371.125,66.053,0.862
99.869025,371.469,66.069,0.864
99.880635,371.752,66.082,0.864
99.892245,371.925,66.090,0.867
99.903855,371.039,66.049,0.870
99.915465,369.687,65.986,0.870
99.927075,368.885,65.948,0.871
99.938685,368.584,65.934,0.874
99.950295,368.540,65.932,0.876
99.961905,369.093,65.958,0.875
99.973515,371.040,66.049,0.876
99.985125,372.423,66.113,0.877
99.996735,373.653,66.170,0.880
100.008345,373.790,66.177,0.881
100.019955,373.519,66.164,0.880
100.031565,372.691,66.126,0.880
100.043175,371.602,66.075,0.881
100.054785,370.206,66.010,0.884
100.066395,369.327,65.969,0.886
100.078005,369.036,65.955,0.885
100.089615,369.218,65.964,0.883
100.101224,370.054,66.003,0.886
100.112834,372.043,66.096,0.890
100.124444,374.782,66.223,0.893
100.136054,377.497,66.348,0.898
100.147664,381.071,66.511,0.899
100.159274,384.742,66.677,0.898
100.170884,389.106,66.872,0.902
100.182494,393.180,67.052,0.908
100.194104,397.538,67.243,0.913
100.205714,401.668,67.422,0.915
100.217324,405.219,67.574,0.916
100.228934,409.129,67.741,0.916
100.240544,412.038,67.863,0.918
100.252154,413.355,67.919,0.921
100.263764,414.585,67.970,0.917
100.275374,415.382,68.003,0.909
100.286984,415.491,68.008,0.899
100.298594,414.629,67.972,0.891
100.310204,413.636,67.930,0.883
100.321814,83.045,40.134,0.876
100.333424,83.171,40.160,0.867
100.345034,83.217,40.169,0.857
100.356644,83.180,40.162,0.852
100.368254,83.135,40.152,0.851
100.379864,83.090,40.143,0.851
100.391474,83.076,40.140,0.847
100.403084,83.019,40.128,0.843
100.414694,82.944,40.113,0.835
100.426304,415.775,68.020,0.830
100.437914,415.688,68.016,0.829
100.449524,415.687,68.016,0.831
100.461134,415.710,68.017,0.833
100.472744,415.619,68.013,0.849
100.484354,138.344,48.969,0.858
100.495964,138.437,48.981,0.868
100.507574,138.423,48.979,0.882
100.519184,138.560,48.996,0.891
100.530794,138.731,49.017,0.901
100.542404,416.459,68.048,0.912
100.554014,104.419,44.099,0.920
100.565624,417.333,68.084,0.918
100.577234,417.931,68.109,0.925
100.588844,82.850,40.093,0.928
100.600454,82.852,40.093,0.927
100.612063,82.967,40.117,0.926
100.623673,82.991,40.122,0.923
100.635283,828.141,79.948,0.928
100.646893,412.853,67.898,0.927
100.658503,411.458,67.839,0.929
100.670113,411.378,67.836,0.923
100.681723,412.342,67.876,0.918
100.693333,412.771,67.894,0.914
100.704943,413.064,67.906,0.912
100.716553,413.309,67.917,0.910
100.728163,414.094,67.949,0.895
100.739773,414.888,67.983,0.886
100.751383,415.196,67.995,0.874
100.762993,415.179,67.995,0.868
100.774603,415.013,67.988,0.865
100.786213,415.042,67.989,0.863
100.797823,415.181,67.995,0.858
100.809433,415.217,67.996,0.854
100.821043,415.334,68.001,0.855
100.832653,415.500,68.008,0.859
100.844263,415.595,68.012,0.865
100.855873,415.658,68.015,0.866
100.867483,415.782,68.020,0.863
100.879093,415.738,68.018,0.858
100.890703,415.732,68.018,0.854
100.902313,415.642,68.014,0.851
100.913923,415.449,68.006,0.847
100.925533,415.311,68.000,0.842
100.937143,415.175,67.995,0.837
100.948753,415.172,67.994,0.840
100.960363,415.458,68.006,0.848
100.971973,415.426,68.005,0.858
100.983583,415.394,68.004,0.867
100.995193,415.178,67.995,0.874
101.006803,414.937,67.985,0.878
101.018413,414.535,67.968,0.883
101.030023,414.122,67.951,0.883
101.041633,413.710,67.933,0.882
101.053243,413.463,67.923,0.878
101.064853,413.159,67.910,0.873
101.076463,413.402,67.921,0.869
101.088073,414.033,67.947,0.867
101.099683,415.094,67.991,0.864
101.111293,208.104,56.038,0.858
101.122902,208.686,56.086,0.854
101.134512,208.995,56.112,0.853
101.146122,208.998,56.112,0.852
101.157732,208.817,56.097,0.855
101.169342,208.346,56.058,0.864
101.180952,208.767,56.093,0.877
101.192562,208.517,56.072,0.891
101.204172,406.165,67.615,0.904
101.215782,102.723,43.815,0.921
101.227392,102.674,43.807,0.937
101.239002,102.886,43.843,0.945
101.250612,103.046,43.869,0.949
101.262222,103.356,43.921,0.952
101.273832,103.395,43.928,0.952
101.285442,119.290,46.404,0.954
101.297052,119.091,46.375,0.952
101.308662,140.126,49.191,0.948
101.320272,140.069,49.184,0.944
101.331882,139.834,49.155,0.941
101.343492,139.562,49.121,0.938
101.355102,139.122,49.066,0.928
101.366712,138.506,48.989,0.918
101.378322,137.949,48.920,0.902
101.389932,137.565,48.871,0.885
101.401542,136.898,48.787,0.868
101.413152,136.708,48.763,0.849
101.424762,136.766,48.770,0.837
101.436372,410.094,67.781,0.837
101.447982,413.824,67.938,0.850
101.459592,415.670,68.015,0.853
101.471202,417.396,68.087,0.861
101.482812,417.464,68.090,0.872
101.494422,417.310,68.083,0.879
101.506032,416.663,68.057,0.883
101.517642,416.425,68.047,0.885
101.529252,416.109,68.033,0.884
101.540862,416.057,68.031,0.882
101.552472,415.494,68.008,0.886
101.564082,414.734,67.976,0.889
101.575692,414.920,67.984,0.896
101.587302,414.943,67.985,0.894
101.598912,416.501,68.050,0.891
101.610522,416.971,68.069,0.891
101.622132,417.330,68.084,0.894
101.633741,417.313,68.084,0.891
101.645351,417.237,68.080,0.888
101.656961,417.053,68.073,0.882
101.668571,416.489,68.049,0.870
101.680181,415.951,68.027,0.869
101.691791,415.251,67.998,0.867
101.703401,414.294,67.958,0.860
101.715011,413.348,67.918,0.851
101.726621,412.108,67.866,0.843
101.738231,411.187,67.827,0.846
101.749841,410.692,67.807,0.850
101.761451,409.736,67.766,0.839
101.773061,409.269,67.747,0.831
101.784671,408.350,67.708,0.830
101.796281,407.808,67.685,0.828
101.807891,407.037,67.652,0.832
101.819501,136.659,48.757,0.833
101.831111,228.405,57.649,0.822
101.842721,227.014,57.543,0.816
101.854331,225.718,57.444,0.827
101.865941,224.159,57.324,0.838
101.877551,223.187,57.249,0.838
101.889161,221.665,57.131,0.844
101.900771,219.754,56.981,0.841
101.912381,218.977,56.919,0.839
101.923991,218.106,56.850,0.837
101.935601,217.088,56.769,0.833
101.947211,216.635,56.733,0.828
101.958821,216.215,56.700,0.818
101.970431,215.682,56.657,0.817
101.982041,215.323,56.628,0.811
101.993651,214.415,56.555,0.812
102.005261,213.417,56.474,0.817
102.016871,212.120,56.369,0.820
102.028481,211.171,56.291,0.823
102.040091,210.673,56.250,0.825
102.051701,210.403,56.228,0.825
102.063311,210.278,56.218,0.822
102.074921,210.127,56.205,0.813
102.086531,210.066,56.200,0.802
102.098141,209.899,56.186,0.779
102.109751,209.902,56.187,0.758
102.121361,210.162,56.208,0.729
102.132971,211.145,56.289,0.705
102.144580,214.152,56.534,0.675
102.156190,215.540,56.645,0.660
102.167800,218.379,56.872,0.677
102.179410,206.853,55.933,0.720
102.191020,206.880,55.936,0.747
102.202630,760.737,78.479,0.764
102.214240,757.147,78.397,0.776
102.225850,753.515,78.314,0.790
102.237460,752.308,78.286,0.799
102.249070,206.366,55.892,0.799
102.260680,206.327,55.889,0.795
102.272290,118.398,46.274,0.777
102.283900,1002.273,83.252,0.763
102.295510,1002.273,83.252,0.752
102.307120,1002.273,83.252,0.742
102.318730,1002.273,83.252,0.726
102.330340,1002.273,83.252,0.716
102.341950,1002.273,83.252,0.707
102.353560,1002.273,83.252,0.690
102.365170,1002.273,83.252,0.671
102.376780,1002.273,83.252,0.650
102.388390,1002.273,83.252,0.624
102.400000,1002.273,83.252,0.597
102.411610,1002.273,83.252,0.567
102.423220,408.220,67.702,0.524
102.434830,408.917,67.732,0.496
102.446440,798.402,79.315,0.481
102.458050,796.828,79.281,0.489
102.469660,423.825,68.352,0.538
102.481270,136.022,48.676,0.595
102.492880,92.231,41.950,0.639
102.504490,92.241,41.952,0.681
102.516100,106.521,44.444,0.709
102.527710,1002.273,83.252,0.727
102.539320,1002.273,83.252,0.746
102.550930,766.965,78.620,0.761
102.562540,765.123,78.578,0.768
102.574150,764.210,78.558,0.770
102.585760,763.545,78.543,0.764
102.597370,88.549,41.245,0.751
102.608980,183.783,53.886,0.738
102.620590,84.825,40.501,0.725
102.632200,460.281,69.780,0.729
102.643810,485.773,70.713,0.815
102.655420,491.498,70.916,0.860
102.667029,497.569,71.129,0.874
102.678639,498.129,71.148,0.885
102.690249,496.263,71.083,0.892
102.701859,496.896,71.105,0.898
102.713469,495.780,71.066,0.906
102.725079,495.480,71.056,0.910
102.736689,495.447,71.055,0.882
102.748299,493.800,70.997,0.854
102.759909,493.633,70.991,0.846
102.771519,494.853,71.034,0.848
102.783129,497.175,71.115,0.854
102.794739,505.578,71.405,0.863
102.806349,524.724,72.049,0.872
102.817959,540.147,72.550,0.879
102.829569,546.856,72.764,0.887
102.841179,549.234,72.839,0.895
102.852789,551.013,72.895,0.903
102.864399,552.318,72.936,0.908
102.876009,553.113,72.961,0.914
102.887619,553.919,72.986,0.918
102.899229,554.953,73.018,0.921
102.910839,556.364,73.062,0.919
102.922449,559.767,73.168,0.919
102.934059,566.097,73.363,0.922
102.945669,572.450,73.556,0.922
102.957279,591.060,74.110,0.924
102.968889,597.202,74.289,0.923
102.980499,599.516,74.356,0.918
102.992109,601.287,74.407,0.912
103.003719,599.168,74.345,0.914
103.015329,593.359,74.177,0.911
103.026939,583.954,73.900,0.904
103.038549,573.493,73.587,0.900
103.050159,565.649,73.349,0.895
103.061769,561.228,73.213,0.894
103.073379,556.878,73.078,0.894
103.084989,555.069,73.022,0.896
103.096599,554.437,73.002,0.892
103.108209,554.242,72.996,0.891
103.119819,554.102,72.992,0.891
103.131429,554.068,72.991,0.888
103.143039,554.021,72.989,0.883
103.154649,554.058,72.990,0.878
103.166259,554.641,73.009,0.878
103.177868,555.152,73.025,0.877
103.189478,555.215,73.027,0.876
103.201088,554.295,72.998,0.878
103.212698,552.923,72.955,0.878
103.224308,551.201,72.901,0.878
103.235918,549.547,72.849,0.883
103.247528,546.848,72.764,0.887
103.259138,537.916,72.479,0.884
103.270748,529.223,72.196,0.883
103.282358,524.549,72.043,0.880
103.293968,509.842,71.551,0.876
103.305578,503.335,71.328,0.872
103.317188,500.019,71.214,0.871
103.328798,498.097,71.147,0.866
103.340408,495.927,71.071,0.859
103.352018,494.427,71.019,0.854
103.363628,493.420,70.984,0.844
103.375238,493.185,70.976,0.829
103.386848,492.059,70.936,0.816
103.398458,490.968,70.897,0.801
103.410068,490.135,70.868,0.779
103.421678,489.460,70.844,0.749
103.433288,489.109,70.832,0.716
103.444898,555.280,73.029,0.674
103.456508,123.167,46.957,0.637
103.468118,123.169,46.958,0.632
103.479728,555.089,73.023,0.601
103.491338,555.100,73.023,0.560
103.502948,553.983,72.988,0.510
103.514558,556.257,73.059,0.478
103.526168,560.594,73.193,0.465
103.537778,563.007,73.268,0.478
103.549388,564.257,73.306,0.490
103.560998,408.218,67.702,0.706
103.572608,388.809,66.859,0.791
103.584218,384.625,66.671,0.831
103.595828,383.463,66.619,0.862
103.607438,383.304,66.612,0.887
103.619048,383.440,66.618,0.904
103.630658,384.679,66.674,0.920
103.642268,385.814,66.725,0.934
103.653878,387.108,66.783,0.935
103.665488,389.896,66.907,0.933
103.677098,394.496,67.110,0.939
103.688707,399.953,67.348,0.940
103.700317,203.812,55.677,0.941
103.711927,204.518,55.737,0.944
103.723537,204.910,55.770,0.943
103.735147,205.254,55.799,0.938
103.746757,205.699,55.836,0.928
103.758367,206.068,55.867,0.919
103.769977,206.409,55.896,0.904
103.781587,206.815,55.930,0.895
103.793197,207.293,55.970,0.888
103.804807,207.709,56.005,0.878
103.816417,416.108,68.033,0.875
103.828027,416.778,68.061,0.882
103.839637,418.198,68.120,0.896
103.851247,420.861,68.230,0.906
103.862857,429.165,68.568,0.915
103.874467,434.719,68.791,0.920
103.886077,438.447,68.939,0.926
103.897687,439.005,68.961,0.931
103.909297,438.748,68.951,0.933
103.920907,438.000,68.921,0.932
103.932517,436.345,68.856,0.926
103.944127,432.739,68.712,0.922
103.955737,427.497,68.501,0.919
103.967347,418.160,68.119,0.920
103.978957,415.858,68.023,0.918
103.990567,414.855,67.981,0.915
104.002177,414.669,67.973,0.915
104.013787,414.895,67.983,0.916
104.025397,415.081,67.991,0.917
104.037007,415.188,67.995,0.915
104.048617,415.338,68.001,0.908
104.060227,415.457,68.006,0.895
104.071837,415.486,68.008,0.880
104.083447,415.264,67.998,0.860
104.095057,415.123,67.992,0.834
104.106667,415.120,67.992,0.802
104.118277,415.048,67.989,0.759
104.129887,414.966,67.986,0.707
104.141497,414.720,67.976,0.654
104.153107,410.426,67.795,0.662
104.164717,405.799,67.599,0.628
104.176327,405.713,67.595,0.655
104.187937,365.867,65.806,0.706
104.199546,367.684,65.892,0.738
104.211156,369.184,65.962,0.762
104.222766,370.395,66.019,0.783
104.234376,371.000,66.047,0.799
104.245986,371.708,66.080,0.800
104.257596,371.113,66.052,0.816
104.269206,370.797,66.038,0.821
104.280816,369.679,65.985,0.821
104.292426,368.268,65.919,0.830
104.304036,367.076,65.863,0.837
104.315646,366.240,65.823,0.841
104.327256,365.900,65.807,0.845
104.338866,365.954,65.810,0.846
104.350476,366.518,65.837,0.850
104.362086,367.901,65.902,0.861
104.373696,370.226,66.011,0.870
104.385306,375.161,66.240,0.870
104.396916,376.596,66.306,0.871
104.408526,376.375,66.296,0.876
104.420136,376.411,66.298,0.878
104.431746,376.593,66.306,0.879
104.443356,375.287,66.246,0.877
104.454966,371.217,66.057,0.872
104.466576,367.754,65.895,0.863
104.478186,365.733,65.799,0.855
104.489796,364.814,65.756,0.845
104.501406,363.075,65.673,0.832
104.513016,364.361,65.734,0.825
104.524626,371.116,66.052,0.820
104.536236,372.943,66.137,0.813
104.547846,373.775,66.176,0.807
104.559456,373.692,66.172,0.798
104.571066,373.062,66.143,0.794
104.582676,372.162,66.101,0.790
104.594286,371.141,66.054,0.785
104.605896,370.277,66.013,0.776
104.617506,369.381,65.971,0.764
104.629116,368.982,65.953,0.753
104.640726,369.246,65.965,0.743
104.652336,370.057,66.003,0.731
104.663946,371.643,66.077,0.716
104.675556,372.564,66.120,0.702
104.687166,373.328,66.155,0.687
104.698776,372.220,66.104,0.678
104.710385,371.558,66.073,0.675
104.721995,183.674,53.876,0.670
104.733605,182.814,53.794,0.654
104.745215,182.584,53.773,0.646
104.756825,182.515,53.766,0.649
104.768435,182.620,53.776,0.657
104.780045,182.829,53.796,0.666
104.791655,186.315,54.123,0.689
104.803265,373.599,66.168,0.707
104.814875,373.970,66.185,0.719
104.826485,374.383,66.204,0.736
104.838095,375.043,66.235,0.755
104.849705,375.423,66.252,0.775
104.861315,376.653,66.309,0.799
104.872925,380.449,66.482,0.824
104.884535,386.741,66.766,0.840
104.896145,395.025,67.133,0.857
104.907755,403.022,67.480,0.874
104.919365,407.337,67.665,0.887
104.930975,409.945,67.775,0.897
104.942585,412.324,67.875,0.904
104.954195,413.485,67.924,0.907
104.965805,414.826,67.980,0.906
104.977415,415.740,68.018,0.906
104.989025,416.192,68.037,0.901
105.000635,416.212,68.038,0.890
105.012245,416.153,68.035,0.876
105.023855,415.974,68.028,0.862
105.035465,416.119,68.034,0.857
105.047075,415.873,68.024,0.846
105.058685,415.696,68.016,0.839
105.070295,415.761,68.019,0.819
105.081905,414.938,67.985,0.805
105.093515,257.871,59.750,0.806
105.105125,253.488,59.453,0.807
105.116735,251.730,59.332,0.813
105.128345,251.275,59.301,0.803
105.139955,250.608,59.255,0.797
105.151565,250.017,59.214,0.787
105.163175,249.833,59.202,0.788
105.174785,249.308,59.165,0.789
105.186395,248.990,59.143,0.774
105.198005,248.519,59.110,0.759
105.209615,248.006,59.074,0.735
105.221224,247.647,59.049,0.709
105.232834,247.542,59.042,0.690
105.244444,248.076,59.079,0.667
105.256054,248.302,59.095,0.643
105.267664,82.965,40.117,0.594
105.279274,823.998,79.862,0.713
105.290884,818.183,79.739,0.735
105.302494,248.303,59.095,0.773
105.314104,247.934,59.069,0.800
105.325714,247.444,59.035,0.820
105.337324,247.233,59.020,0.834
105.348934,247.206,59.019,0.849
105.360544,247.226,59.020,0.859
105.372154,247.296,59.025,0.841
105.383764,247.759,59.057,0.843
105.395374,248.306,59.095,0.836
105.406984,249.806,59.200,0.831
105.418594,251.714,59.331,0.835
105.430204,798.916,79.326,0.836
105.441814,797.448,79.295,0.834
105.453424,796.709,79.279,0.834
105.465034,790.101,79.134,0.830
105.476644,790.311,79.139,0.817
105.488254,786.309,79.051,0.802
105.499864,271.579,60.646,0.785
105.511474,274.197,60.813,0.749
105.523084,276.453,60.954,0.714
105.534694,279.322,61.133,0.676
105.546304,279.726,61.158,0.620
105.557914,375.867,66.273,0.568
105.569524,375.928,66.275,0.560
105.581134,376.423,66.298,0.582
105.592744,376.055,66.281,0.612
105.604354,778.635,78.881,0.616
105.615964,768.804,78.661,0.613
105.627574,767.503,78.632,0.611
105.639184,770.154,78.692,0.610
105.650794,769.573,78.679,0.609
105.662404,773.432,78.765,0.608
105.674014,375.491,66.255,0.584
105.685624,414.412,67.963,0.537
105.697234,374.746,66.221,0.519
105.708844,374.579,66.213,0.514
105.720454,374.264,66.199,0.514
105.732063,374.178,66.195,0.509
105.743673,373.732,66.174,0.507
105.755283,372.961,66.138,0.500
105.766893,209.938,56.189,0.488
105.778503,209.960,56.191,0.480
105.790113,210.025,56.197,0.475
105.801723,205.977,55.860,0.470
105.813333,377.980,66.370,0.459
105.824943,378.097,66.375,0.453
105.836553,377.717,66.358,0.441
105.848163,377.148,66.332,0.429
105.859773,377.431,66.345,0.418
105.871383,376.803,66.316,0.399
105.882993,375.685,66.264,0.386
105.894603,239.941,58.502,0.428
105.906213,226.901,57.535,0.500
105.917823,216.701,56.738,0.559
105.929433,217.111,56.771,0.607
105.941043,219.085,56.928,0.644
105.952653,219.866,56.989,0.676
105.964263,219.592,56.968,0.702
105.975873,220.282,57.022,0.750
105.987483,240.077,58.512,0.797
105.999093,241.225,58.595,0.823
106.010703,241.440,58.610,0.843
106.022313,241.191,58.592,0.863
106.033923,240.925,58.573,0.883
106.045533,240.606,58.550,0.896
106.057143,240.651,58.553,0.906
106.068753,240.267,58.526,0.909
106.080363,239.467,58.468,0.907
106.091973,238.248,58.379,0.908
106.103583,237.318,58.312,0.905
106.115193,236.365,58.242,0.899
106.126803,234.849,58.131,0.890
106.138413,232.362,57.946,0.880
106.150023,230.360,57.797,0.869
106.161633,229.073,57.700,0.857
106.173243,227.887,57.610,0.842
106.184853,226.515,57.505,0.816
106.196463,225.222,57.406,0.790
106.208073,224.163,57.325,0.761
106.219683,222.399,57.188,0.725
106.231293,221.650,57.129,0.709
106.242902,220.545,57.043,0.737
106.254512,554.205,72.995,0.736
106.266122,821.621,79.812,0.747
106.277732,817.068,79.715,0.764
106.289342,819.296,79.763,0.794
106.300952,825.796,79.899,0.815
106.312562,826.362,79.911,0.822
106.324172,827.214,79.929,0.824
106.335782,224.919,57.383,0.816
106.347392,225.858,57.455,0.823
106.359002,487.367,70.770,0.824
106.370612,485.135,70.691,0.829
106.382222,230.848,57.833,0.823
106.393832,232.240,57.937,0.805
106.405442,232.492,57.956,0.794
106.417052,232.905,57.987,0.782
106.428662,233.351,58.020,0.760
106.440272,233.709,58.047,0.726
106.451882,233.684,58.045,0.679
106.463492,234.483,58.104,0.608
106.475102,233.951,58.064,0.464
106.486712,490.592,70.884,0.441
106.498322,490.611,70.885,0.428
106.509932,688.589,76.754,0.406
106.521542,686.995,76.714,0.403
106.533152,460.710,69.796,0.406
106.544762,571.298,73.521,0.659
106.556372,569.747,73.474,0.673
106.567982,568.112,73.424,0.691
106.579592,563.692,73.289,0.713
106.591202,560.706,73.197,0.734
106.602812,229.256,57.714,0.760
106.614422,228.764,57.676,0.783
106.626032,114.103,45.634,0.803
106.637642,227.608,57.589,0.793
106.649252,226.655,57.516,0.810
106.660862,225.380,57.418,0.828
106.672472,224.030,57.314,0.835
106.684082,222.158,57.169,0.845
106.695692,220.640,57.050,0.847
106.707302,219.635,56.971,0.851
106.718912,218.855,56.910,0.848
106.730522,217.561,56.807,0.842
106.742132,216.936,56.757,0.837
106.753741,216.468,56.720,0.828
106.765351,216.094,56.690,0.823
106.776961,215.548,56.646,0.819
106.788571,215.009,56.603,0.815
106.800181,213.980,56.520,0.814
106.811791,213.199,56.456,0.820
106.823401,212.202,56.375,0.823
106.835011,211.281,56.300,0.825
106.846621,210.753,56.257,0.824
106.858231,210.563,56.241,0.822
106.869841,210.441,56.231,0.810
106.881451,210.389,56.227,0.801
106.893061,210.187,56.210,0.780
106.904671,210.015,56.196,0.757
106.916281,210.062,56.200,0.729
106.927891,210.585,56.243,0.701
106.939501,214.476,56.560,0.670
106.951111,216.206,56.699,0.651
106.962721,219.931,56.995,0.656
106.974331,225.030,57.391,0.690
106.985941,224.886,57.380,0.717
106.997551,225.184,57.403,0.748
107.009161,778.506,78.878,0.765
107.020771,459.387,69.746,0.782
107.032381,459.503,69.751,0.795
107.043991,459.819,69.763,0.805
107.055601,460.615,69.793,0.809
107.067211,93.014,42.096,0.801
107.078821,125.992,47.350,0.795
107.090431,114.810,45.741,0.782
107.102041,164.563,51.974,0.774
107.113651,164.603,51.978,0.765
107.125261,164.606,51.978,0.751
107.136871,164.577,51.975,0.733
107.148481,164.571,51.974,0.713
107.160091,599.278,74.349,0.738
107.171701,643.544,75.582,0.769
107.183311,648.261,75.709,0.800
107.194921,657.057,75.942,0.862
107.206531,659.310,76.001,0.880
107.218141,658.905,75.991,0.886
107.229751,658.525,75.981,0.893
107.241361,659.551,76.008,0.903
107.252971,660.534,76.034,0.906
107.264580,660.973,76.045,0.910
107.276190,660.218,76.025,0.916
107.287800,659.142,75.997,0.899
107.299410,659.117,75.996,0.894
107.311020,659.940,76.018,0.898
107.322630,660.701,76.038,0.900
107.334240,660.097,76.022,0.903
107.345850,659.477,76.006,0.896
107.357460,659.521,76.007,0.875
107.369070,659.933,76.018,0.845
107.380680,660.521,76.033,0.807
107.392290,660.820,76.041,0.778
107.403900,659.534,76.007,0.745
107.415510,658.360,75.976,0.704
107.427120,659.118,75.996,0.615
107.438730,659.675,76.011,0.538
107.450340,659.881,76.016,0.538
107.461950,329.376,63.987,0.523
107.473560,562.361,73.248,0.583
107.485170,565.166,73.334,0.611
107.496780,560.966,73.205,0.681
107.508390,558.235,73.120,0.728
107.520000,555.124,73.024,0.759
107.531610,554.111,72.992,0.776
107.543220,554.192,72.995,0.784
107.554830,555.670,73.041,0.807
107.566440,559.002,73.144,0.819
107.578050,562.370,73.248,0.829
107.589660,571.113,73.515,0.833
107.601270,581.786,73.836,0.832
107.612880,591.273,74.116,0.829
107.624490,600.183,74.375,0.840
107.636100,605.727,74.534,0.855
107.647710,614.303,74.777,0.865
107.659320,620.018,74.938,0.873
107.670930,622.387,75.004,0.868
107.682540,622.900,75.018,0.852
107.694150,623.186,75.026,0.838
107.705760,622.769,75.014,0.826
107.717370,622.915,75.018,0.801
107.728980,624.375,75.059,0.770
107.740590,627.455,75.144,0.705
107.752200,644.789,75.616,0.623
107.763810,159.890,51.475,0.601
107.775420,564.430,73.312,0.705
107.787029,591.704,74.128,0.793
107.798639,589.524,74.065,0.819
107.810249,581.322,73.822,0.847
107.821859,575.052,73.634,0.866
107.833469,570.084,73.484,0.886
107.845079,567.115,73.394,0.893
107.856689,563.998,73.298,0.904
107.868299,554.497,73.004,0.899
107.879909,529.821,72.216,0.881
107.891519,518.508,71.842,0.881
107.903129,508.060,71.490,0.877
107.914739,502.088,71.285,0.875
107.926349,497.141,71.114,0.869
107.937959,494.787,71.032,0.873
107.949569,494.076,71.007,0.871
107.961179,493.847,70.999,0.871
107.972789,493.818,70.998,0.871
107.984399,493.916,71.001,0.869
107.996009,494.061,71.006,0.864
108.007619,494.143,71.009,0.861
108.019229,494.178,71.010,0.859
108.030839,494.116,71.008,0.856
108.042449,494.139,71.009,0.853
108.054059,494.246,71.013,0.848
108.065669,494.256,71.013,0.840
108.077279,494.381,71.017,0.831
108.088889,494.584,71.025,0.820
108.100499,247.549,59.043,0.810
108.112109,247.499,59.039,0.800
108.123719,494.307,71.015,0.794
108.135329,494.485,71.021,0.797
108.146939,494.281,71.014,0.808
108.158549,494.649,71.027,0.829
108.170159,494.300,71.015,0.847
108.181769,493.797,70.997,0.868
108.193379,492.059,70.936,0.886
108.204989,492.546,70.953,0.897
108.216599,164.330,51.949,0.907
108.228209,164.317,51.948,0.911
108.239819,491.141,70.904,0.911
108.251429,491.699,70.923,0.908
108.263039,491.837,70.928,0.904
108.274649,164.383,51.955,0.897
108.286259,164.541,51.971,0.888
108.297868,164.606,51.978,0.881
108.309478,492.880,70.965,0.874
108.321088,498.276,71.153,0.877
108.332698,499.114,71.182,0.874
108.344308,248.897,59.137,0.866
108.355918,248.473,59.107,0.866
108.367528,247.693,59.053,0.864
108.379138,247.480,59.038,0.865
108.390748,243.404,58.750,0.873
108.402358,240.025,58.508,0.873
108.413968,238.489,58.397,0.864
108.425578,237.697,58.339,0.862
108.437188,237.397,58.318,0.861
108.448798,236.591,58.259,0.856
108.460408,235.850,58.204,0.849
108.472018,235.175,58.155,0.839
108.483628,233.300,58.016,0.823
108.495238,230.914,57.838,0.812
108.506848,229.506,57.732,0.804
108.518458,228.981,57.693,0.788
108.530068,228.796,57.679,0.773
108.541678,228.477,57.655,0.753
108.553288,249.281,59.163,0.733
108.564898,249.639,59.188,0.708
108.576508,247.934,59.069,0.663
108.588118,248.314,59.096,0.607
108.599728,250.856,59.272,0.514
108.611338,250.466,59.245,0.483
108.622948,500.440,71.228,0.482
108.634558,500.339,71.225,0.505
108.646168,459.229,69.741,0.559
108.657778,432.904,68.719,0.637
108.669388,211.471,56.316,0.690
108.680998,212.119,56.368,0.734
108.692608,215.519,56.644,0.786
108.704218,216.627,56.732,0.831
108.715828,217.915,56.835,0.872
108.727438,218.725,56.899,0.898
108.739048,219.580,56.967,0.913
108.750658,220.684,57.054,0.925
108.762268,221.607,57.126,0.930
108.773878,222.344,57.183,0.931
108.785488,223.507,57.274,0.928
108.797098,225.619,57.437,0.921
108.808707,1002.273,83.252,0.907
108.820317,235.174,58.155,0.895
108.831927,238.295,58.383,0.880
108.843537,240.735,58.559,0.854
108.855147,242.272,58.669,0.833
108.866757,243.483,58.756,0.812
108.878367,244.488,58.827,0.783
108.889977,245.444,58.895,0.742
108.901587,246.142,58.944,0.686
108.913197,246.617,58.977,0.598
108.924807,526.359,72.103,0.634
108.936417,794.065,79.221,0.641
108.948027,794.593,79.233,0.650
108.959637,791.392,79.163,0.665
108.971247,793.306,79.204,0.681
108.982857,794.949,79.240,0.697
108.994467,795.395,79.250,0.709
109.006077,122.865,46.915,0.727
109.017687,219.962,56.997,0.702
109.029297,219.445,56.956,0.719
109.040907,218.883,56.912,0.737
109.052517,628.840,75.182,0.747
109.064127,622.853,75.017,0.752
109.075737,620.218,74.943,0.766
109.087347,619.915,74.935,0.777
109.098957,205.873,55.851,0.780
109.110567,205.821,55.847,0.783
109.122177,205.643,55.832,0.786
109.133787,205.573,55.826,0.781
109.145397,205.351,55.807,0.774
109.157007,205.235,55.797,0.768
109.168617,205.535,55.823,0.755
109.180227,205.047,55.781,0.739
109.191837,204.739,55.755,0.724
109.203447,221.548,57.121,0.710
109.215057,703.278,77.119,0.686
109.226667,702.030,77.088,0.672
109.238277,700.751,77.057,0.665
109.249887,278.725,61.096,0.668
109.261497,278.984,61.112,0.674
109.273107,278.993,61.113,0.690
109.284717,278.728,61.096,0.707
109.296327,278.641,61.091,0.723
109.307937,279.401,61.138,0.732
109.319546,280.586,61.211,0.739
109.331156,457.007,69.657,0.745
109.342766,457.564,69.678,0.747
109.354376,456.680,69.644,0.744
109.365986,455.463,69.598,0.735
109.377596,455.132,69.585,0.723
109.389206,228.793,57.678,0.704
109.400816,456.716,69.646,0.684
109.412426,457.240,69.665,0.663
109.424036,457.090,69.660,0.640
109.435646,457.645,69.681,0.613
109.447256,374.336,66.202,0.581
109.458866,373.082,66.144,0.549
109.470476,371.959,66.092,0.515
109.482086,457.907,69.691,0.488
109.493696,373.438,66.160,0.493
109.505306,187.247,54.209,0.513
109.516916,225.616,57.436,0.542
109.528526,917.899,81.730,0.562
109.540136,452.891,69.500,0.576
109.551746,456.024,69.619,0.590
109.563356,455.931,69.616,0.609
109.574966,454.958,69.579,0.621
109.586576,187.950,54.274,0.646
109.598186,374.881,66.227,0.678
109.609796,374.297,66.200,0.699
109.621406,374.629,66.215,0.726
109.633016,375.113,66.238,0.754
109.644626,376.024,66.280,0.779
109.656236,377.132,66.331,0.802
109.667846,379.724,66.449,0.828
109.679456,382.831,66.590,0.850
109.691066,391.572,66.981,0.865
109.702676,398.825,67.299,0.880
109.714286,404.181,67.530,0.890
109.725896,407.146,67.657,0.896
109.737506,409.604,67.761,0.900
109.749116,412.178,67.869,0.901
109.760726,413.846,67.939,0.899
109.772336,415.297,68.000,0.895
109.783946,416.139,68.035,0.891
109.795556,416.326,68.043,0.882
109.807166,416.219,68.038,0.869
109.818776,416.339,68.043,0.856
109.830385,416.798,68.062,0.849
109.841995,416.345,68.043,0.843
109.853605,415.927,68.026,0.834
109.865215,416.226,68.038,0.821
109.876825,415.715,68.017,0.806
109.888435,253.847,59.477,0.798
109.900045,253.357,59.444,0.802
109.911655,251.776,59.336,0.806
109.923265,250.927,59.277,0.805
109.934875,250.462,59.245,0.800
109.946485,250.006,59.214,0.798
109.958095,249.700,59.192,0.795
109.969705,249.433,59.174,0.796
109.981315,249.009,59.144,0.790
109.992925,248.705,59.123,0.775
110.004535,248.324,59.097,0.756
110.016145,247.846,59.063,0.732
110.027755,247.623,59.048,0.706
110.039365,247.361,59.029,0.681
110.050975,247.629,59.048,0.653
110.062585,249.682,59.191,0.612
110.074195,249.066,59.148,0.646
110.085805,250.787,59.268,0.688
110.097415,251.678,59.329,0.732
110.109025,250.169,59.225,0.767
110.120635,248.647,59.119,0.794
110.132245,247.990,59.073,0.815
110.143855,247.714,59.054,0.830
110.155465,247.604,59.046,0.846
110.167075,247.530,59.041,0.848
110.178685,247.713,59.054,0.850
110.190295,248.117,59.082,0.850
110.201905,248.768,59.128,0.844
110.213515,250.073,59.218,0.847
110.225125,807.606,79.514,0.849
110.236735,806.922,79.499,0.854
110.248345,802.708,79.408,0.850
110.259955,799.640,79.342,0.844
110.271565,796.974,79.284,0.832
110.283175,270.199,60.558,0.815
110.294785,270.656,60.587,0.801
110.306395,273.134,60.745,0.772
110.318005,275.404,60.889,0.736
110.329615,277.816,61.040,0.681
110.341224,278.408,61.076,0.634
110.352834,278.626,61.090,0.577
110.364444,411.327,67.833,0.560
110.376054,730.350,77.773,0.576
110.387664,765.270,78.582,0.613
110.399274,770.280,78.695,0.625
110.410884,766.594,78.612,0.624
110.422494,768.150,78.647,0.622
110.434104,768.730,78.660,0.620
110.445714,768.241,78.649,0.620
110.457324,768.373,78.652,0.620
110.468934,839.301,80.180,0.604
110.480544,378.314,66.385,0.557
110.492154,377.466,66.346,0.520
110.503764,377.267,66.337,0.515
110.515374,377.002,66.325,0.508
110.526984,377.073,66.328,0.505
110.538594,376.226,66.289,0.501
110.550204,376.552,66.304,0.494
110.561814,377.458,66.346,0.478
110.573424,377.102,66.329,0.464
110.585034,378.194,66.379,0.460
110.596644,379.151,66.423,0.453
110.608254,379.381,66.434,0.449
110.619864,379.187,66.425,0.440
110.631474,379.373,66.433,0.432
110.643084,379.487,66.439,0.422
110.654694,379.611,66.444,0.411
110.666304,250.654,59.258,0.395
110.677914,250.459,59.245,0.378
110.689524,250.197,59.227,0.387
110.701134,226.962,57.539,0.468
110.712744,216.398,56.714,0.546
110.724354,216.816,56.748,0.599
110.735964,219.338,56.948,0.639
110.747574,220.229,57.018,0.675
110.759184,220.039,57.003,0.699
110.770794,235.542,58.182,0.742
110.782404,239.506,58.471,0.785
110.794014,240.614,58.551,0.818
110.805624,241.009,58.579,0.838
110.817234,241.082,58.584,0.857
110.828844,240.862,58.568,0.880
110.840454,240.708,58.557,0.894
110.852063,240.643,58.553,0.906
110.863673,240.514,58.543,0.911
110.875283,239.908,58.500,0.914
110.886893,238.881,58.425,0.916
110.898503,237.749,58.343,0.915
110.910113,236.520,58.253,0.913
110.921723,234.868,58.132,0.906
110.933333,233.442,58.027,0.897
110.944943,232.028,57.922,0.888
110.956553,230.791,57.829,0.875
110.968163,229.389,57.723,0.859
110.979773,227.863,57.608,0.833
110.991383,226.696,57.519,0.807
111.002993,224.981,57.388,0.774
111.014603,223.635,57.284,0.730
111.026213,222.487,57.195,0.700
111.037823,220.149,57.012,0.738
111.049433,221.541,57.121,0.748
111.061043,279.632,61.152,0.753
111.072653,795.590,79.254,0.772
111.084263,791.920,79.174,0.792
111.095873,799.916,79.348,0.813
111.107483,806.963,79.500,0.830
111.119093,81.170,39.738,0.833
111.130703,227.075,57.548,0.817
111.142313,227.615,57.589,0.819
111.153923,492.905,70.966,0.826
111.165533,491.739,70.925,0.825
111.177143,229.961,57.767,0.829
111.188753,232.067,57.924,0.815
111.200363,232.516,57.958,0.798
111.211973,232.754,57.976,0.788
111.223583,233.265,58.014,0.769
111.235193,233.736,58.048,0.740
111.246803,233.400,58.024,0.694
111.258413,233.322,58.018,0.644
111.270023,234.226,58.085,0.511
111.281633,234.363,58.095,0.443
111.293243,82.938,40.111,0.425
111.304853,735.050,77.884,0.406
111.316463,735.799,77.902,0.398
111.328073,736.629,77.921,0.400
111.339683,554.249,72.996,0.639
111.351293,549.455,72.846,0.684
111.362902,549.394,72.844,0.705
111.374512,549.091,72.835,0.721
111.386122,548.572,72.818,0.738
111.397732,548.896,72.828,0.757
111.409342,227.421,57.574,0.775
111.420952,226.952,57.539,0.795
111.432562,226.573,57.510,0.790
111.444172,225.929,57.460,0.797
111.455782,225.150,57.401,0.816
111.467392,223.798,57.296,0.829
111.479002,222.416,57.189,0.841
111.490612,220.981,57.077,0.848
111.502222,220.170,57.013,0.855
111.513832,219.433,56.955,0.854
111.525442,218.336,56.869,0.851
111.537052,217.351,56.790,0.846
111.548662,216.836,56.749,0.836
111.560272,216.549,56.726,0.829
111.571882,216.045,56.686,0.823
111.583492,215.346,56.630,0.820
111.595102,214.350,56.550,0.818
111.606712,213.393,56.472,0.821
111.618322,212.194,56.375,0.825
111.629932,211.408,56.310,0.827
111.641542,210.791,56.260,0.827
111.653152,210.543,56.239,0.828
111.664762,210.367,56.225,0.819
111.676372,210.377,56.226,0.809
111.687982,210.238,56.214,0.790
111.699592,210.052,56.199,0.769
111.711202,210.028,56.197,0.739
111.722812,210.313,56.220,0.715
111.734422,210.996,56.277,0.684
111.746032,215.108,56.611,0.653
111.757642,107.505,44.603,0.656
111.769252,221.166,57.092,0.675
111.780862,206.226,55.881,0.712
111.792472,225.244,57.408,0.743
111.804082,751.892,78.276,0.766
111.815692,750.546,78.245,0.783
111.827302,458.280,69.705,0.800
111.838912,458.978,69.731,0.809
111.850522,460.235,69.778,0.816
111.862132,460.975,69.806,0.815
111.873741,106.964,44.515,0.813
111.885351,170.828,52.621,0.808
111.896961,123.896,47.060,0.802
111.908571,123.901,47.060,0.794
111.920181,88.207,41.178,0.783
111.931791,86.474,40.834,0.772
111.943401,91.854,41.879,0.753
111.955011,84.806,40.497,0.749
111.966621,648.597,75.718,0.777
111.978231,647.139,75.679,0.783
111.989841,662.202,76.077,0.839
112.001451,661.470,76.058,0.873
112.013061,659.156,75.997,0.884
112.024671,658.915,75.991,0.891
112.036281,658.963,75.992,0.904
112.047891,658.755,75.987,0.915
112.059501,659.687,76.011,0.918
112.071111,659.677,76.011,0.933
112.082721,658.195,75.972,0.927
112.094331,657.514,75.954,0.916
112.105941,657.929,75.965,0.920
112.117551,657.477,75.953,0.924
112.129161,657.908,75.965,0.930
112.140771,658.066,75.969,0.935
112.152381,658.132,75.970,0.920
112.163991,658.208,75.972,0.895
112.175601,659.502,76.006,0.867
112.187211,660.605,76.035,0.844
112.198821,661.022,76.046,0.815
112.210431,661.898,76.069,0.786
112.222041,662.733,76.091,0.719
112.233651,664.587,76.139,0.533
112.245261,665.097,76.153,0.508
112.256871,665.565,76.165,0.512
112.268481,332.539,64.152,0.524
112.280091,574.002,73.603,0.589
112.291701,567.175,73.395,0.648
112.303311,558.922,73.142,0.732
112.314921,555.860,73.047,0.767
112.326531,553.745,72.981,0.788
112.338141,553.567,72.975,0.799
112.349751,554.580,73.007,0.817
112.361361,557.012,73.082,0.838
112.372971,560.192,73.181,0.844
112.384580,564.727,73.321,0.851
112.396190,573.073,73.575,0.841
112.407800,583.586,73.889,0.839
112.419410,593.412,74.178,0.846
112.431020,599.582,74.357,0.857
112.442630,609.045,74.629,0.867
112.454240,617.735,74.874,0.875
112.465850,620.532,74.952,0.874
112.477460,621.710,74.985,0.862
112.489070,621.666,74.984,0.848
112.500680,620.669,74.956,0.833
112.512290,619.453,74.922,0.810
112.523900,617.604,74.870,0.781
112.535510,613.976,74.768,0.730
112.547120,652.242,75.815,0.655
112.558730,555.378,73.032,0.594
112.570340,555.709,73.042,0.604
112.581950,565.373,73.340,0.747
112.593560,589.481,74.063,0.797
112.605170,578.608,73.741,0.818
112.616780,571.201,73.518,0.843
112.628390,568.299,73.430,0.862
112.640000,568.019,73.421,0.868
112.651610,565.218,73.336,0.880
112.663220,559.836,73.170,0.891
112.674830,530.793,72.248,0.877
112.686440,519.088,71.862,0.873
112.698050,511.251,71.598,0.878
112.709660,503.490,71.334,0.877
112.721270,498.787,71.171,0.876
112.732880,495.963,71.073,0.879
112.744490,493.841,70.999,0.879
112.756100,493.539,70.988,0.879
112.767710,493.725,70.994,0.877
112.779320,493.902,71.001,0.875
112.790930,493.949,71.002,0.874
112.802540,494.033,71.005,0.876
112.814150,494.004,71.004,0.878
112.825760,493.994,71.004,0.882
112.837370,494.094,71.007,0.888
112.848980,493.930,71.002,0.890
112.860590,493.881,71.000,0.887
112.872200,493.969,71.003,0.879
112.883810,494.141,71.009,0.870
112.895420,494.121,71.008,0.860
112.907029,494.021,71.005,0.851
112.918639,494.023,71.005,0.841
112.930249,493.952,71.002,0.835
112.941859,494.156,71.010,0.836
112.953469,493.994,71.004,0.844
112.965079,493.734,70.995,0.857
112.976689,493.686,70.993,0.872
112.988299,493.115,70.973,0.886
112.999909,493.073,70.972,0.897
113.011519,247.326,59.027,0.903
113.023129,247.431,59.034,0.911
113.034739,494.753,71.030,0.915
113.046349,494.247,71.013,0.912
113.057959,494.448,71.020,0.910
113.069569,494.384,71.018,0.907
113.081179,494.331,71.016,0.904
113.092789,494.253,71.013,0.903
113.104399,494.329,71.016,0.904
113.116009,493.277,70.979,0.900
113.127619,247.434,59.034,0.897
113.139229,247.633,59.048,0.893
113.150839,247.666,59.051,0.889
113.162449,247.852,59.064,0.888
113.174059,247.628,59.048,0.884
113.185669,246.984,59.003,0.887
113.197279,243.750,58.775,0.890
113.208889,239.651,58.481,0.888
113.220499,238.767,58.417,0.883
113.232109,237.911,58.355,0.882
113.243719,237.251,58.307,0.883
113.255329,236.361,58.242,0.875
113.266939,236.024,58.217,0.868
113.278549,235.571,58.184,0.849
113.290159,231.832,57.907,0.832
113.301769,229.364,57.722,0.818
113.313379,229.019,57.696,0.802
113.324989,228.571,57.662,0.786
113.336599,228.159,57.630,0.760
113.348209,227.931,57.613,0.744
113.359819,249.946,59.209,0.713
113.371429,249.456,59.175,0.688
113.383039,248.954,59.141,0.623
113.394649,491.202,70.906,0.538
113.406259,493.014,70.970,0.499
113.417868,492.500,70.951,0.481
113.429478,493.652,70.992,0.491
113.441088,491.606,70.920,0.514
113.452698,459.218,69.740,0.595
113.464308,210.663,56.249,0.645
113.475918,211.781,56.341,0.688
113.487528,213.782,56.504,0.750
113.499138,215.610,56.651,0.796
113.510748,217.634,56.813,0.843
113.522358,218.461,56.879,0.874
113.533968,219.236,56.940,0.895
113.545578,220.227,57.018,0.910
113.557188,221.164,57.091,0.918
113.568798,222.256,57.177,0.924
113.580408,223.464,57.270,0.923
113.592018,225.234,57.407,0.920
113.603628,1002.273,83.252,0.907
113.615238,233.610,58.039,0.897
113.626848,237.361,58.315,0.887
113.638458,240.574,58.548,0.865
113.650068,241.865,58.640,0.845
113.661678,243.027,58.723,0.822
113.673288,244.154,58.803,0.794
113.684898,245.066,58.868,0.760
113.696508,245.768,58.917,0.719
113.708118,246.659,58.980,0.653
113.719728,247.395,59.032,0.553
113.731338,483.099,70.618,0.643
113.742948,485.465,70.702,0.647
113.754558,482.629,70.601,0.664
113.766168,482.398,70.593,0.676
113.777778,481.721,70.568,0.689
113.789388,482.267,70.588,0.706
113.800998,218.951,56.917,0.718
113.812608,109.874,44.980,0.727
113.824218,217.976,56.840,0.702
113.835828,216.764,56.743,0.718
113.847438,215.922,56.676,0.727
113.859048,613.279,74.748,0.741
113.870658,613.590,74.757,0.753
113.882268,608.932,74.625,0.758
113.893878,606.914,74.568,0.767
113.905488,205.561,55.825,0.771
113.917098,205.954,55.858,0.775
113.928707,205.719,55.838,0.778
113.940317,205.561,55.825,0.771
113.951927,205.469,55.817,0.760
113.963537,205.387,55.810,0.748
113.975147,205.470,55.817,0.732
113.986757,205.716,55.838,0.713
113.998367,206.031,55.864,0.695
114.009977,206.651,55.916,0.666
114.021587,205.860,55.850,0.635
114.033197,206.065,55.867,0.623
114.044807,102.182,43.724,0.621
114.056417,223.595,57.281,0.625
114.068027,756.484,78.382,0.647
114.079637,753.672,78.317,0.669
114.091247,759.906,78.460,0.695
114.102857,758.615,78.430,0.709
114.114467,456.738,69.646,0.720
114.126077,456.379,69.633,0.731
114.137687,455.801,69.611,0.734
114.149297,455.349,69.594,0.738
114.160907,454.719,69.570,0.735
114.172517,453.361,69.518,0.726
114.184127,453.825,69.536,0.708
114.195737,453.939,69.540,0.691
114.207347,453.263,69.514,0.667
114.218957,374.881,66.227,0.641
114.230567,375.306,66.247,0.618
114.242177,133.038,48.292,0.576
114.253787,133.064,48.295,0.528
114.265397,154.644,50.897,0.473
114.277007,503.759,71.343,0.405
114.288617,321.818,63.585,0.331
114.300227,450.809,69.420,0.313
114.311837,450.877,69.423,0.302
114.323447,450.905,69.424,0.297
114.335057,451.276,69.438,0.287
114.346667,451.027,69.429,0.276
114.358277,452.105,69.470,0.263
114.369887,452.353,69.479,0.252
114.381497,454.062,69.545,0.226
114.393107,455.554,69.601,0.200
114.404717,455.422,69.596,0.168
114.416327,454.717,69.570,0.130
114.427937,455.614,69.604,0.104
114.439546,455.129,69.585,0.084
114.451156,452.654,69.491,0.069
114.462766,124.608,47.159,0.044
114.474376,90.529,41.627,0.030
114.485986,90.482,41.618,0.012
114.497596,,,0.000
114.509206,,,0.000
114.520816,,,0.000
114.532426,,,0.000
114.544036,,,0.000
114.555646,,,0.000
114.567256,,,0.000
114.578866,,,0.000
114.590476,,,0.000
114.602086,,,0.000
114.613696,,,0.000
114.625306,,,0.000
114.636916,,,0.000
114.648526,,,0.000
114.660136,,,0.000
114.671746,,,0.000
114.683356,,,0.000
114.694966,,,0.000
114.706576,,,0.000
114.718186,,,0.000
114.729796,,,0.000
114.741406,,,0.000
114.753016,,,0.000
114.764626,,,0.000
114.776236,,,0.000
114.787846,,,0.000
114.799456,,,0.000
114.811066,,,0.000
114.822676,,,0.000
114.834286,,,0.000
114.845896,,,0.000
114.857506,,,0.000
114.869116,,,0.000
114.880726,,,0.000
114.892336,,,0.000
114.903946,,,0.000
114.915556,,,0.000
114.927166,,,0.000
114.938776,,,0.000
114.950385,,,0.000
114.961995,,,0.000
114.973605,,,0.000
114.985215,,,0.000
114.996825,,,0.000
115.008435,,,0.000
115.020045,,,0.000
115.031655,,,0.000
115.043265,,,0.000
115.054875,,,0.000
115.066485,,,0.000
115.078095,,,0.000
115.089705,,,0.000
115.101315,,,0.000
115.112925,,,0.000
115.124535,,,0.000
115.136145,,,0.000
115.147755,,,0.000
115.159365,,,0.000
115.170975,,,0.000
115.182585,,,0.000
115.194195,,,0.000
115.205805,,,0.000
115.217415,,,0.000
115.229025,,,0.000
115.240635,,,0.000
115.252245,,,0.000
115.263855,,,0.000
115.275465,,,0.000
115.287075,,,0.000
115.298685,,,0.000
115.310295,,,0.000
115.321905,,,0.000
115.333515,,,0.000
115.345125,,,0.000
115.356735,,,0.000
115.368345,,,0.000
115.379955,,,0.000
115.391565,,,0.000
115.403175,,,0.000
115.414785,,,0.000
115.426395,,,0.000
115.438005,,,0.000
115.449615,,,0.000
115.461224,,,0.000
115.472834,,,0.000
115.484444,,,0.000
115.496054,,,0.000
115.507664,,,0.000
115.519274,,,0.000
115.530884,,,0.000
115.542494,,,0.000
115.554104,,,0.000
115.565714,,,0.000
115.577324,,,0.000
115.588934,,,0.000
115.600544,,,0.000
115.612154,,,0.000
115.623764,,,0.000
115.635374,,,0.000
115.646984,,,0.000
115.658594,,,0.000
115.670204,,,0.000
115.681814,,,0.000
115.693424,,,0.000
115.705034,,,0.000
115.716644,,,0.000
115.728254,,,0.000
115.739864,,,0.000
115.751474,,,0.000
115.763084,,,0.000
115.774694,,,0.000
115.786304,,,0.000
115.797914,,,0.000
115.809524,,,0.000
115.821134,,,0.000
115.832744,,,0.000
115.844354,,,0.000
115.855964,,,0.000
115.867574,,,0.000
115.879184,,,0.000
115.890794,,,0.000
115.902404,,,0.000
115.914014,,,0.000
115.925624,,,0.000
115.937234,,,0.000
115.948844,,,0.000
115.960454,,,0.000
115.972063,,,0.000
115.983673,,,0.000
115.995283,,,0.000
116.006893,,,0.000
116.018503,,,0.000
116.030113,,,0.000
116.041723,,,0.000
116.053333,,,0.000
116.064943,,,0.000
116.076553,,,0.000
116.088163,,,0.000
116.099773,,,0.000
116.111383,,,0.000
116.122993,,,0.000
116.134603,,,0.000
116.146213,,,0.000
116.157823,,,0.000
116.169433,,,0.000
116.181043,,,0.000
116.192653,,,0.000
116.204263,,,0.000
116.215873,,,0.000
116.227483,,,0.000
116.239093,,,0.000
116.250703,,,0.000
116.262313,,,0.000
116.273923,,,0.000
116.285533,,,0.000
116.297143,,,0.000
116.308753,,,0.000
116.320363,,,0.000
116.331973,,,0.000
116.343583,,,0.000
116.355193,,,0.000
116.366803,,,0.000
116.378413,,,0.000
116.390023,,,0.000
116.401633,,,0.000
116.413243,,,0.000
116.424853,,,0.000
116.436463,,,0.000
116.448073,,,0.000
116.459683,,,0.000
116.471293,,,0.000
116.482902,,,0.000
116.494512,,,0.000
116.506122,,,0.000
116.517732,,,0.000
116.529342,,,0.000
116.540952,,,0.000
116.552562,,,0.000
116.564172,,,0.000
116.575782,,,0.000
116.587392,,,0.000
116.599002,,,0.000
116.610612,,,0.000
116.622222,,,0.000
116.633832,,,0.000
116.645442,,,0.000
116.657052,,,0.000
116.668662,,,0.000
116.680272,,,0.000
116.691882,,,0.000
116.703492,,,0.000
116.715102,,,0.000
116.726712,,,0.000
116.738322,,,0.000
116.749932,,,0.000
116.761542,,,0.000
116.773152,,,0.000
116.784762,,,0.000
116.796372,,,0.000
116.807982,,,0.000
116.819592,,,0.000
116.831202,,,0.000
116.842812,,,0.000
116.854422,,,0.000
116.866032,,,0.000
116.877642,,,0.000
116.889252,,,0.000
116.900862,,,0.000
116.912472,,,0.000
116.924082,,,0.000
116.935692,,,0.000
116.947302,,,0.000
116.958912,,,0.000
116.970522,,,0.000
116.982132,,,0.000
116.993741,,,0.000
117.005351,,,0.000
117.016961,,,0.000
117.028571,,,0.000
117.040181,,,0.000
117.051791,,,0.000
117.063401,,,0.000
117.075011,,,0.000
117.086621,,,0.000
117.098231,,,0.000
117.109841,,,0.000
117.121451,,,0.000
117.133061,,,0.000
117.144671,,,0.000
117.156281,,,0.000
117.167891,,,0.000
117.179501,,,0.000
117.191111,,,0.000
117.202721,,,0.000
117.214331,,,0.000
117.225941,,,0.000
117.237551,,,0.000
117.249161,,,0.000
117.260771,,,0.000
117.272381,,,0.000
117.283991,,,0.000
117.295601,,,0.000
117.307211,,,0.000
117.318821,,,0.000
117.330431,,,0.000
117.342041,,,0.000
117.353651,,,0.000
117.365261,,,0.000
117.376871,,,0.000
117.388481,,,0.000
117.400091,,,0.000
117.411701,,,0.000
117.423311,,,0.000
117.434921,,,0.000
117.446531,,,0.000
117.458141,,,0.000
117.469751,,,0.000
117.481361,,,0.000
117.492971,,,0.000
117.504580,,,0.000
117.516190,,,0.000
117.527800,,,0.000
117.539410,,,0.000
117.551020,,,0.000
117.562630,,,0.000
117.574240,,,0.000
117.585850,,,0.000
117.597460,,,0.000
117.609070,,,0.000
117.620680,,,0.000
117.632290,,,0.000
117.643900,,,0.000
117.655510,,,0.000
117.667120,,,0.000
117.678730,,,0.000
117.690340,,,0.000
117.701950,,,0.000
117.713560,,,0.000
117.725170,,,0.000
117.736780,,,0.000
117.748390,,,0.000
117.760000,,,0.000
117.771610,,,0.000
117.783220,,,0.000
117.794830,,,0.000
117.806440,,,0.000
117.818050,,,0.000
117.829660,,,0.000
117.841270,,,0.000
117.852880,,,0.000
117.864490,,,0.000
117.876100,,,0.000
117.887710,,,0.000
117.899320,,,0.000
117.910930,,,0.000
117.922540,,,0.000
117.934150,,,0.000
117.945760,,,0.000
117.957370,,,0.000
117.968980,,,0.000
117.980590,,,0.000
117.992200,,,0.000
118.003810,,,0.000
118.015420,,,0.000
118.027029,,,0.000
118.038639,,,0.000
118.050249,,,0.000
118.061859,,,0.000
118.073469,,,0.000
118.085079,,,0.000
118.096689,,,0.000
118.108299,,,0.000
118.119909,,,0.000
118.131519,,,0.000
118.143129,,,0.000
118.154739,,,0.000
118.166349,,,0.000
118.177959,,,0.000
118.189569,,,0.000
118.201179,,,0.000
118.212789,,,0.000
118.224399,,,0.000
118.236009,,,0.000
118.247619,,,0.000
118.259229,,,0.000
118.270839,,,0.000
118.282449,,,0.000
118.294059,,,0.000
118.305669,,,0.000
118.317279,,,0.000
118.328889,,,0.000
118.340499,,,0.000
118.352109,,,0.000
118.363719,,,0.000
118.375329,,,0.000
118.386939,,,0.000
118.398549,,,0.000
118.410159,,,0.000
118.421769,,,0.000
118.433379,,,0.000
118.444989,,,0.000
118.456599,,,0.000
118.468209,,,0.000
118.479819,,,0.000
118.491429,,,0.000
118.503039,,,0.000
118.514649,,,0.000
118.526259,,,0.000
118.537868,,,0.000
118.549478,,,0.000
118.561088,,,0.000
118.572698,,,0.000
118.584308,,,0.000
118.595918,,,0.000
118.607528,,,0.000
118.619138,,,0.000
118.630748,,,0.000
118.642358,,,0.000
118.653968,,,0.000
118.665578,,,0.000
118.677188,,,0.000
118.688798,,,0.000
118.700408,,,0.000
118.712018,,,0.000
118.723628,,,0.000
118.735238,,,0.000
118.746848,,,0.000
118.758458,,,0.000
118.770068,,,0.000
118.781678,,,0.000
118.793288,,,0.000
118.804898,,,0.000
118.816508,,,0.000
118.828118,,,0.000
118.839728,,,0.000
118.851338,,,0.000
118.862948,,,0.000
118.874558,,,0.000
118.886168,,,0.000
118.897778,,,0.000
118.909388,,,0.000
118.920998,,,0.000
118.932608,,,0.000
118.944218,,,0.000
118.955828,,,0.000
118.967438,,,0.000
118.979048,,,0.000
118.990658,,,0.000
119.002268,,,0.000
119.013878,,,0.000
119.025488,,,0.000
119.037098,,,0.000
119.048707,,,0.000
119.060317,,,0.000
119.071927,,,0.000
119.083537,,,0.000
119.095147,,,0.000
119.106757,,,0.000
119.118367,,,0.000
119.129977,,,0.000
119.141587,,,0.000
119.153197,,,0.000
119.164807,,,0.000
119.176417,,,0.000
119.188027,,,0.000
119.199637,,,0.000
119.211247,,,0.000
119.222857,,,0.000
119.234467,,,0.000
119.246077,,,0.000
119.257687,,,0.000
119.269297,,,0.000
119.280907,,,0.000
119.292517,,,0.000
119.304127,,,0.000
119.315737,,,0.000
119.327347,,,0.000
119.338957,,,0.000
119.350567,,,0.000
119.362177,,,0.000
119.373787,,,0.000
119.385397,,,0.000
119.397007,,,0.000
119.408617,,,0.000
119.420227,,,0.000
119.431837,,,0.000
119.443447,,,0.000
119.455057,,,0.000
119.466667,,,0.000
119.478277,,,0.000
119.489887,,,0.000
119.501497,,,0.000
119.513107,,,0.000
