time_sec,f0_hz,midi,confidence
0.000000,,,0.000
0.011610,,,0.000
0.023220,,,0.000
0.034830,,,0.000
0.046440,,,0.000
0.058050,,,0.000
0.069660,,,0.000
0.081270,,,0.000
0.092880,,,0.000
0.104490,,,0.000
0.116100,,,0.000
0.127710,,,0.000
0.139320,,,0.000
0.150930,,,0.000
0.162540,,,0.000
0.174150,,,0.000
0.185760,,,0.000
0.197370,,,0.000
0.208980,,,0.000
0.220590,,,0.000
0.232200,,,0.000
0.243810,,,0.000
0.255420,,,0.000
0.267029,,,0.000
0.278639,,,0.000
0.290249,,,0.000
0.301859,,,0.000
0.313469,,,0.000
0.325079,,,0.000
0.336689,,,0.000
0.348299,,,0.000
0.359909,,,0.000
0.371519,,,0.000
0.383129,,,0.000
0.394739,,,0.000
0.406349,,,0.000
0.417959,,,0.000
0.429569,,,0.000
0.441179,,,0.000
0.452789,,,0.000
0.464399,,,0.000
0.476009,,,0.000
0.487619,,,0.000
0.499229,,,0.000
0.510839,,,0.000
0.522449,,,0.000
0.534059,,,0.000
0.545669,,,0.000
0.557279,,,0.000
0.568889,,,0.000
0.580499,,,0.000
0.592109,,,0.000
0.603719,,,0.000
0.615329,,,0.000
0.626939,,,0.000
0.638549,,,0.000
0.650159,,,0.000
0.661769,,,0.000
0.673379,,,0.000
0.684989,,,0.000
0.696599,,,0.000
0.708209,,,0.000
0.719819,,,0.000
0.731429,,,0.000
0.743039,,,0.000
0.754649,,,0.000
0.766259,,,0.000
0.777868,,,0.000
0.789478,,,0.000
0.801088,,,0.000
0.812698,,,0.000
0.824308,,,0.000
0.835918,,,0.000
0.847528,,,0.000
0.859138,,,0.000
0.870748,,,0.000
0.882358,,,0.000
0.893968,,,0.000
0.905578,,,0.000
0.917188,,,0.000
0.928798,,,0.000
0.940408,,,0.000
0.952018,,,0.000
0.963628,,,0.000
0.975238,,,0.000
0.986848,,,0.000
0.998458,,,0.000
1.010068,,,0.000
1.021678,,,0.000
1.033288,,,0.000
1.044898,,,0.000
1.056508,,,0.000
1.068118,,,0.000
1.079728,,,0.000
1.091338,,,0.000
1.102948,,,0.000
1.114558,,,0.000
1.126168,,,0.000
1.137778,,,0.000
1.149388,,,0.000
1.160998,,,0.000
1.172608,,,0.000
1.184218,,,0.000
1.195828,,,0.000
1.207438,,,0.000
1.219048,,,0.000
1.230658,,,0.000
1.242268,,,0.000
1.253878,,,0.000
1.265488,,,0.000
1.277098,,,0.000
1.288707,,,0.000
1.300317,,,0.000
1.311927,,,0.000
1.323537,,,0.000
1.335147,,,0.000
1.346757,,,0.000
1.358367,,,0.000
1.369977,,,0.000
1.381587,,,0.000
1.393197,,,0.000
1.404807,,,0.000
1.416417,,,0.000
1.428027,,,0.000
1.439637,,,0.000
1.451247,,,0.000
1.462857,,,0.000
1.474467,,,0.000
1.486077,,,0.000
1.497687,,,0.000
1.509297,,,0.000
1.520907,,,0.000
1.532517,,,0.000
1.544127,,,0.000
1.555737,,,0.000
1.567347,,,0.000
1.578957,,,0.000
1.590567,,,0.000
1.602177,,,0.000
1.613787,,,0.000
1.625397,,,0.000
1.637007,,,0.000
1.648617,,,0.000
1.660227,,,0.000
1.671837,,,0.000
1.683447,,,0.000
1.695057,,,0.000
1.706667,,,0.000
1.718277,,,0.000
1.729887,,,0.000
1.741497,,,0.000
1.753107,,,0.000
1.764717,,,0.000
1.776327,,,0.000
1.787937,,,0.000
1.799546,,,0.000
1.811156,,,0.000
1.822766,,,0.000
1.834376,,,0.000
1.845986,,,0.000
1.857596,,,0.000
1.869206,,,0.000
1.880816,,,0.000
1.892426,,,0.000
1.904036,,,0.000
1.915646,,,0.000
1.927256,,,0.000
1.938866,,,0.000
1.950476,,,0.000
1.962086,,,0.000
1.973696,,,0.000
1.985306,,,0.000
1.996916,,,0.000
2.008526,,,0.000
2.020136,,,0.000
2.031746,,,0.000
2.043356,,,0.000
2.054966,,,0.000
2.066576,,,0.000
2.078186,,,0.000
2.089796,,,0.000
2.101406,,,0.000
2.113016,,,0.000
2.124626,,,0.000
2.136236,,,0.000
2.147846,,,0.000
2.159456,,,0.000
2.171066,,,0.000
2.182676,,,0.000
2.194286,,,0.000
2.205896,,,0.000
2.217506,,,0.000
2.229116,,,0.000
2.240726,,,0.000
2.252336,,,0.000
2.263946,,,0.000
2.275556,,,0.000
2.287166,,,0.000
2.298776,,,0.000
2.310385,,,0.000
2.321995,,,0.000
2.333605,,,0.000
2.345215,,,0.000
2.356825,,,0.000
2.368435,,,0.000
2.380045,,,0.000
2.391655,,,0.000
2.403265,,,0.000
2.414875,,,0.000
2.426485,,,0.000
2.438095,,,0.000
2.449705,,,0.000
2.461315,,,0.000
2.472925,,,0.000
2.484535,,,0.000
2.496145,,,0.000
2.507755,,,0.000
2.519365,,,0.000
2.530975,,,0.000
2.542585,,,0.000
2.554195,,,0.000
2.565805,,,0.000
2.577415,,,0.000
2.589025,,,0.000
2.600635,,,0.000
2.612245,,,0.000
2.623855,,,0.000
2.635465,,,0.000
2.647075,,,0.000
2.658685,,,0.000
2.670295,,,0.000
2.681905,,,0.000
2.693515,,,0.000
2.705125,,,0.000
2.716735,329.715,64.005,0.102
2.728345,390.283,66.924,0.153
2.739955,390.383,66.929,0.154
2.751565,390.383,66.929,0.155
2.763175,389.643,66.896,0.157
2.774785,389.444,66.887,0.159
2.786395,385.071,66.691,0.327
2.798005,384.821,66.680,0.350
2.809615,374.707,66.219,0.390
2.821224,362.109,65.627,0.398
2.832834,360.372,65.544,0.424
2.844444,349.882,65.032,0.455
2.856054,335.362,64.299,0.478
2.867664,85.000,40.536,0.498
2.879274,248.657,59.120,0.512
2.890884,85.001,40.537,0.524
2.902494,236.364,58.242,0.535
2.914104,84.121,40.356,0.564
2.925714,84.122,40.357,0.560
2.937324,83.041,40.133,0.550
2.948934,115.599,45.859,0.555
2.960544,227.429,57.575,0.602
2.972154,230.794,57.829,0.639
2.983764,231.034,57.847,0.676
2.995374,231.011,57.845,0.702
3.006984,231.330,57.869,0.716
3.018594,231.384,57.873,0.734
3.030204,231.474,57.880,0.750
3.041814,231.916,57.913,0.761
3.053424,232.588,57.963,0.760
3.065034,232.557,57.961,0.757
3.076644,232.614,57.965,0.754
3.088254,232.906,57.987,0.746
3.099864,232.841,57.982,0.742
3.111474,232.692,57.971,0.740
3.123084,232.796,57.979,0.737
3.134694,232.648,57.968,0.732
3.146304,232.520,57.958,0.731
3.157914,232.689,57.971,0.728
3.169524,232.758,57.976,0.717
3.181134,233.026,57.996,0.704
3.192744,233.434,58.026,0.693
3.204354,236.112,58.224,0.692
3.215964,240.953,58.575,0.693
3.227574,247.513,59.040,0.700
3.239184,255.398,59.583,0.706
3.250794,259.892,59.885,0.708
3.262404,262.147,60.034,0.718
3.274014,262.800,60.078,0.733
3.285624,263.281,60.109,0.743
3.297234,263.656,60.134,0.745
3.308844,263.494,60.123,0.744
3.320454,263.146,60.100,0.742
3.332063,262.304,60.045,0.740
3.343673,261.149,59.968,0.739
3.355283,260.509,59.926,0.733
3.366893,260.173,59.904,0.728
3.378503,259.689,59.871,0.717
3.390113,259.192,59.838,0.699
3.401723,258.312,59.779,0.680
3.413333,258.433,59.787,0.671
3.424943,262.282,60.043,0.666
3.436553,268.690,60.461,0.671
3.448163,281.808,61.286,0.676
3.459773,148.359,50.179,0.679
3.471383,148.472,50.192,0.695
3.482993,148.020,50.140,0.712
3.494603,147.490,50.077,0.729
3.506213,293.785,62.007,0.735
3.517823,294.239,62.034,0.735
3.529433,293.909,62.014,0.734
3.541043,292.995,61.960,0.733
3.552653,292.535,61.933,0.731
3.564263,292.028,61.903,0.728
3.575873,292.028,61.903,0.725
3.587483,292.503,61.931,0.716
3.599093,292.323,61.921,0.702
3.610703,292.070,61.906,0.684
3.622313,292.421,61.927,0.658
3.633923,293.257,61.976,0.652
3.645533,293.579,61.995,0.655
3.657143,294.241,62.034,0.659
3.668753,294.201,62.032,0.668
3.680363,294.135,62.028,0.678
3.691973,294.524,62.051,0.699
3.703583,294.332,62.039,0.717
3.715193,294.459,62.047,0.730
3.726803,294.424,62.045,0.734
3.738413,293.942,62.016,0.732
3.750023,293.850,62.011,0.733
3.761633,293.378,61.983,0.731
3.773243,293.391,61.984,0.726
3.784853,293.233,61.975,0.723
3.796463,292.968,61.959,0.723
3.808073,292.954,61.958,0.725
3.819683,293.249,61.976,0.723
3.831293,293.400,61.984,0.722
3.842902,293.522,61.992,0.718
3.854512,293.489,61.990,0.714
3.866122,293.356,61.982,0.716
3.877732,293.452,61.987,0.712
3.889342,293.555,61.994,0.707
3.900952,293.443,61.987,0.701
3.912562,293.715,62.003,0.698
3.924172,293.582,61.995,0.694
3.935782,293.602,61.996,0.687
3.947392,293.869,62.012,0.683
3.959002,294.171,62.030,0.675
3.970612,294.510,62.050,0.671
3.982222,294.538,62.051,0.667
3.993832,294.726,62.062,0.660
4.005442,294.674,62.059,0.656
4.017052,294.564,62.053,0.650
4.028662,294.783,62.066,0.646
4.040272,295.482,62.107,0.641
4.051882,296.568,62.170,0.635
4.063492,297.247,62.210,0.619
4.075102,297.606,62.231,0.597
4.086712,298.281,62.270,0.576
4.098322,299.067,62.316,0.548
4.109932,300.502,62.398,0.514
4.121542,301.555,62.459,0.468
4.133152,300.158,62.379,0.397
4.144762,295.727,62.121,0.284
4.156372,292.737,61.945,0.228
4.167982,293.099,61.967,0.222
4.179592,292.675,61.942,0.226
4.191202,292.159,61.911,0.227
4.202812,291.892,61.895,0.226
4.214422,291.981,61.900,0.223
4.226032,292.495,61.931,0.219
4.237642,292.620,61.938,0.211
4.249252,292.916,61.956,0.197
4.260862,293.009,61.961,0.191
4.272472,292.949,61.958,0.190
4.284082,293.547,61.993,0.195
4.295692,294.474,62.048,0.211
4.307302,294.947,62.075,0.229
4.318912,294.686,62.060,0.249
4.330522,295.349,62.099,0.268
4.342132,295.422,62.103,0.282
4.353741,295.482,62.107,0.295
4.365351,295.337,62.098,0.302
4.376961,294.955,62.076,0.305
4.388571,294.850,62.070,0.306
4.400181,294.881,62.072,0.300
4.411791,294.843,62.069,0.291
4.423401,294.682,62.060,0.276
4.435011,294.573,62.053,0.261
4.446621,294.522,62.050,0.240
4.458231,294.093,62.025,0.212
4.469841,294.151,62.029,0.187
4.481451,295.216,62.091,0.164
4.493061,295.442,62.104,0.149
4.504671,296.090,62.142,0.125
4.516281,296.684,62.177,0.101
4.527891,296.701,62.178,0.080
4.539501,297.202,62.207,0.067
4.551111,297.921,62.249,0.060
4.562721,298.018,62.255,0.044
4.574331,,,0.000
4.585941,,,0.000
4.597551,,,0.000
4.609161,,,0.000
4.620771,,,0.000
4.632381,,,0.000
4.643991,,,0.000
4.655601,,,0.000
4.667211,,,0.000
4.678821,,,0.000
4.690431,,,0.000
4.702041,,,0.000
4.713651,,,0.000
4.725261,,,0.000
4.736871,,,0.000
4.748481,,,0.000
4.760091,,,0.000
4.771701,,,0.000
4.783311,,,0.000
4.794921,,,0.000
4.806531,,,0.000
4.818141,,,0.000
4.829751,,,0.000
4.841361,,,0.000
4.852971,,,0.000
4.864580,,,0.000
4.876190,,,0.000
4.887800,,,0.000
4.899410,,,0.000
4.911020,,,0.000
4.922630,,,0.000
4.934240,,,0.000
4.945850,,,0.000
4.957460,,,0.000
4.969070,,,0.000
4.980680,,,0.000
4.992290,,,0.000
5.003900,,,0.000
5.015510,,,0.000
5.027120,,,0.000
5.038730,,,0.000
5.050340,,,0.000
5.061950,,,0.000
5.073560,,,0.000
5.085170,,,0.000
5.096780,,,0.000
5.108390,,,0.000
5.120000,,,0.000
5.131610,,,0.000
5.143220,,,0.000
5.154830,,,0.000
5.166440,,,0.000
5.178050,,,0.000
5.189660,,,0.000
5.201270,,,0.000
5.212880,,,0.000
5.224490,,,0.000
5.236100,,,0.000
5.247710,,,0.000
5.259320,,,0.000
5.270930,,,0.000
5.282540,,,0.000
5.294150,,,0.000
5.305760,,,0.000
5.317370,,,0.000
5.328980,,,0.000
5.340590,,,0.000
5.352200,,,0.000
5.363810,,,0.000
5.375420,,,0.000
5.387029,,,0.000
5.398639,,,0.000
5.410249,,,0.000
5.421859,,,0.000
5.433469,,,0.000
5.445079,,,0.000
5.456689,,,0.000
5.468299,,,0.000
5.479909,,,0.000
5.491519,,,0.000
5.503129,,,0.000
5.514739,,,0.000
5.526349,,,0.000
5.537959,,,0.000
5.549569,,,0.000
5.561179,,,0.000
5.572789,,,0.000
5.584399,,,0.000
5.596009,,,0.000
5.607619,,,0.000
5.619229,,,0.000
5.630839,,,0.000
5.642449,,,0.000
5.654059,,,0.000
5.665669,,,0.000
5.677279,,,0.000
5.688889,,,0.000
5.700499,,,0.000
5.712109,,,0.000
5.723719,,,0.000
5.735329,,,0.000
5.746939,,,0.000
5.758549,,,0.000
5.770159,,,0.000
5.781769,,,0.000
5.793379,,,0.000
5.804989,,,0.000
5.816599,,,0.000
5.828209,,,0.000
5.839819,,,0.000
5.851429,,,0.000
5.863039,,,0.000
5.874649,,,0.000
5.886259,,,0.000
5.897868,,,0.000
5.909478,,,0.000
5.921088,,,0.000
5.932698,,,0.000
5.944308,,,0.000
5.955918,,,0.000
5.967528,,,0.000
5.979138,,,0.000
5.990748,,,0.000
6.002358,,,0.000
6.013968,,,0.000
6.025578,,,0.000
6.037188,,,0.000
6.048798,,,0.000
6.060408,,,0.000
6.072018,,,0.000
6.083628,,,0.000
6.095238,,,0.000
6.106848,,,0.000
6.118458,,,0.000
6.130068,,,0.000
6.141678,,,0.000
6.153288,,,0.000
6.164898,,,0.000
6.176508,,,0.000
6.188118,,,0.000
6.199728,,,0.000
6.211338,,,0.000
6.222948,,,0.000
6.234558,,,0.000
6.246168,373.600,66.168,0.284
6.257778,380.640,66.491,0.288
6.269388,380.608,66.490,0.289
6.280998,386.169,66.741,0.334
6.292608,393.875,67.083,0.334
6.304218,411.992,67.861,0.387
6.315828,408.353,67.708,0.392
6.327438,413.183,67.911,0.405
6.339048,416.535,68.051,0.379
6.350658,415.270,67.999,0.390
6.362268,404.378,67.538,0.425
6.373878,413.009,67.904,0.445
6.385488,226.861,57.532,0.499
6.397098,230.557,57.811,0.555
6.408707,231.831,57.907,0.606
6.420317,232.348,57.945,0.638
6.431927,232.668,57.969,0.664
6.443537,232.794,57.979,0.684
6.455147,233.110,58.002,0.697
6.466757,233.168,58.006,0.709
6.478367,233.319,58.018,0.718
6.489977,233.843,58.056,0.717
6.501587,233.816,58.054,0.712
6.513197,233.584,58.037,0.711
6.524807,233.442,58.027,0.708
6.536417,233.405,58.024,0.703
6.548027,233.410,58.024,0.703
6.559637,233.376,58.022,0.702
6.571247,233.640,58.041,0.696
6.582857,233.377,58.022,0.685
6.594467,233.350,58.020,0.668
6.606077,233.865,58.058,0.650
6.617687,236.138,58.226,0.643
6.629297,239.674,58.483,0.645
6.640907,246.826,58.992,0.648
6.652517,254.720,59.537,0.646
6.664127,257.636,59.734,0.655
6.675737,259.069,59.830,0.665
6.687347,259.700,59.872,0.679
6.698957,260.112,59.900,0.693
6.710567,260.914,59.953,0.696
6.722177,261.329,59.980,0.696
6.733787,261.637,60.001,0.694
6.745397,261.448,59.988,0.692
6.757007,261.681,60.004,0.688
6.768617,261.824,60.013,0.688
6.780227,262.094,60.031,0.686
6.791837,262.806,60.078,0.681
6.803447,262.864,60.082,0.667
6.815057,262.814,60.078,0.649
6.826667,263.553,60.127,0.630
6.838277,265.114,60.229,0.633
6.849887,271.253,60.626,0.644
6.861497,281.530,61.269,0.650
6.873107,287.313,61.621,0.666
6.884717,291.373,61.864,0.680
6.896327,291.967,61.900,0.694
6.907937,146.789,49.995,0.712
6.919546,292.265,61.917,0.724
6.931156,292.904,61.955,0.725
6.942766,293.381,61.983,0.723
6.954376,292.973,61.959,0.722
6.965986,293.023,61.962,0.716
6.977596,293.477,61.989,0.712
6.989206,293.156,61.970,0.713
7.000816,293.666,62.000,0.709
7.012426,294.282,62.036,0.705
7.024036,293.792,62.007,0.695
7.035646,293.995,62.019,0.677
7.047256,294.940,62.075,0.672
7.058866,294.756,62.064,0.674
7.070476,294.923,62.074,0.671
7.082086,294.687,62.060,0.671
7.093696,294.785,62.066,0.677
7.105306,294.994,62.078,0.680
7.116916,294.651,62.058,0.697
7.128526,294.092,62.025,0.712
7.140136,293.860,62.012,0.714
7.151746,293.547,61.993,0.715
7.163356,293.038,61.963,0.714
7.174966,293.054,61.964,0.711
7.186576,292.630,61.939,0.707
7.198186,292.447,61.928,0.698
7.209796,292.417,61.926,0.688
7.221406,292.305,61.920,0.681
7.233016,292.596,61.937,0.669
7.244626,293.031,61.963,0.650
7.256236,292.275,61.918,0.636
7.267846,292.487,61.930,0.615
7.279456,292.781,61.948,0.589
7.291066,292.159,61.911,0.573
7.302676,292.911,61.955,0.555
7.314286,97.812,42.967,0.537
7.325896,297.834,62.244,0.536
7.337506,299.480,62.339,0.535
7.349116,301.114,62.434,0.534
7.360726,99.668,43.292,0.534
7.372336,99.838,43.322,0.533
7.383946,99.833,43.321,0.534
7.395556,301.752,62.470,0.537
7.407166,300.175,62.380,0.537
7.418776,298.423,62.278,0.540
7.430385,296.154,62.146,0.540
7.441995,295.364,62.100,0.539
7.453605,294.849,62.070,0.543
7.465215,294.088,62.025,0.550
7.476825,293.477,61.989,0.558
7.488435,293.399,61.984,0.557
7.500045,294.054,62.023,0.555
7.511655,293.934,62.016,0.553
7.523265,294.116,62.027,0.551
7.534875,294.362,62.041,0.556
7.546485,294.875,62.071,0.557
7.558095,295.479,62.107,0.565
7.569705,295.585,62.113,0.571
7.581315,295.613,62.114,0.578
7.592925,294.772,62.065,0.589
7.604535,294.133,62.028,0.596
7.616145,293.550,61.993,0.602
7.627755,291.977,61.900,0.605
7.639365,290.016,61.784,0.605
7.650975,287.526,61.634,0.602
7.662585,282.284,61.316,0.613
7.674195,276.144,60.935,0.618
7.685805,269.986,60.545,0.626
7.697415,264.988,60.221,0.634
7.709025,262.187,60.037,0.645
7.720635,260.475,59.924,0.657
7.732245,260.315,59.913,0.668
7.743855,260.067,59.897,0.675
7.755465,259.951,59.889,0.675
7.767075,260.161,59.903,0.674
7.778685,260.215,59.906,0.672
7.790295,260.395,59.918,0.668
7.801905,260.309,59.913,0.661
7.813515,260.342,59.915,0.655
7.825125,260.367,59.916,0.649
7.836735,260.096,59.898,0.643
7.848345,260.235,59.908,0.637
7.859955,260.166,59.903,0.628
7.871565,260.369,59.917,0.619
7.883175,260.302,59.912,0.607
7.894785,260.521,59.927,0.597
7.906395,260.437,59.921,0.582
7.918005,260.464,59.923,0.564
7.929615,260.784,59.944,0.548
7.941224,260.398,59.919,0.523
7.952834,261.357,59.982,0.510
7.964444,260.768,59.943,0.485
7.976054,261.751,60.008,0.464
7.987664,262.018,60.026,0.446
7.999274,261.672,60.003,0.420
8.010884,262.792,60.077,0.408
8.022494,262.766,60.075,0.382
8.034104,264.516,60.190,0.360
8.045714,264.523,60.191,0.337
8.057324,265.367,60.246,0.305
8.068934,266.246,60.303,0.285
8.080544,266.429,60.315,0.240
8.092154,266.203,60.300,0.227
8.103764,263.514,60.125,0.241
8.115374,259.235,59.841,0.251
8.126984,258.325,59.780,0.281
8.138594,259.238,59.841,0.312
8.150204,258.964,59.823,0.330
8.161814,259.602,59.866,0.351
8.173424,259.832,59.881,0.363
8.185034,260.064,59.896,0.369
8.196644,260.579,59.931,0.371
8.208254,260.799,59.945,0.365
8.219864,260.876,59.950,0.357
8.231474,260.760,59.943,0.345
8.243084,260.953,59.955,0.335
8.254694,260.524,59.927,0.316
8.266304,260.687,59.938,0.299
8.277914,260.575,59.930,0.282
8.289524,260.265,59.910,0.253
8.301134,260.419,59.920,0.230
8.312744,260.187,59.905,0.200
8.324354,260.206,59.906,0.167
8.335964,260.685,59.938,0.143
8.347574,260.104,59.899,0.103
8.359184,260.509,59.926,0.078
8.370794,261.653,60.002,0.066
8.382404,261.091,59.965,0.050
8.394014,262.243,60.041,0.059
8.405624,262.655,60.068,0.058
8.417234,262.929,60.086,0.060
8.428844,263.842,60.146,0.058
8.440454,264.113,60.164,0.051
8.452063,265.475,60.253,0.055
8.463673,265.578,60.260,0.046
8.475283,266.279,60.305,0.054
8.486893,267.305,60.372,0.066
8.498503,267.271,60.370,0.065
8.510113,267.774,60.402,0.078
8.521723,268.644,60.458,0.087
8.533333,268.019,60.418,0.090
8.544943,267.789,60.403,0.090
8.556553,267.584,60.390,0.089
8.568163,267.164,60.363,0.085
8.579773,266.973,60.350,0.074
8.591383,267.237,60.367,0.070
8.602993,266.662,60.330,0.062
8.614603,265.942,60.283,0.051
8.626213,265.797,60.274,0.054
8.637823,265.392,60.247,0.060
8.649433,264.893,60.215,0.069
8.661043,263.734,60.139,0.081
8.672653,262.955,60.088,0.090
8.684263,262.373,60.049,0.101
8.695873,261.794,60.011,0.106
8.707483,261.343,59.981,0.107
8.719093,261.466,59.989,0.113
8.730703,260.877,59.950,0.106
8.742313,261.030,59.961,0.100
8.753923,261.205,59.972,0.095
8.765533,260.923,59.953,0.081
8.777143,261.190,59.971,0.073
8.788753,260.944,59.955,0.058
8.800363,261.149,59.968,0.044
8.811973,261.023,59.960,0.029
8.823583,260.772,59.943,0.009
8.835193,,,0.000
8.846803,,,0.000
8.858413,,,0.000
8.870023,,,0.000
8.881633,,,0.000
8.893243,,,0.000
8.904853,,,0.000
8.916463,,,0.000
8.928073,,,0.000
8.939683,,,0.000
8.951293,,,0.000
8.962902,,,0.000
8.974512,,,0.000
8.986122,,,0.000
8.997732,,,0.000
9.009342,,,0.000
9.020952,,,0.000
9.032562,,,0.000
9.044172,,,0.000
9.055782,,,0.000
9.067392,,,0.000
9.079002,,,0.000
9.090612,,,0.000
9.102222,,,0.000
9.113832,,,0.000
9.125442,,,0.000
9.137052,,,0.000
9.148662,,,0.000
9.160272,,,0.000
9.171882,,,0.000
9.183492,,,0.000
9.195102,,,0.000
9.206712,,,0.000
9.218322,,,0.000
9.229932,,,0.000
9.241542,,,0.000
9.253152,,,0.000
9.264762,,,0.000
9.276372,,,0.000
9.287982,,,0.000
9.299592,,,0.000
9.311202,,,0.000
9.322812,,,0.000
9.334422,,,0.000
9.346032,,,0.000
9.357642,,,0.000
9.369252,,,0.000
9.380862,,,0.000
9.392472,,,0.000
9.404082,,,0.000
9.415692,,,0.000
9.427302,,,0.000
9.438912,,,0.000
9.450522,,,0.000
9.462132,,,0.000
9.473741,,,0.000
9.485351,,,0.000
9.496961,,,0.000
9.508571,,,0.000
9.520181,,,0.000
9.531791,,,0.000
9.543401,,,0.000
9.555011,,,0.000
9.566621,,,0.000
9.578231,,,0.000
9.589841,,,0.000
9.601451,,,0.000
9.613061,,,0.000
9.624671,,,0.000
9.636281,,,0.000
9.647891,,,0.000
9.659501,,,0.000
9.671111,,,0.000
9.682721,,,0.000
9.694331,,,0.000
9.705941,,,0.000
9.717551,,,0.000
9.729161,,,0.000
9.740771,,,0.000
9.752381,,,0.000
9.763991,,,0.000
9.775601,,,0.000
9.787211,,,0.000
9.798821,,,0.000
9.810431,,,0.000
9.822041,,,0.000
9.833651,,,0.000
9.845261,,,0.000
9.856871,,,0.000
9.868481,,,0.000
9.880091,,,0.000
9.891701,,,0.000
9.903311,,,0.000
9.914921,,,0.000
9.926531,,,0.000
9.938141,,,0.000
9.949751,,,0.000
9.961361,,,0.000
9.972971,,,0.000
9.984580,,,0.000
9.996190,,,0.000
10.007800,,,0.000
10.019410,,,0.000
10.031020,,,0.000
10.042630,,,0.000
10.054240,,,0.000
10.065850,,,0.000
10.077460,,,0.000
10.089070,,,0.000
10.100680,,,0.000
10.112290,,,0.000
10.123900,,,0.000
10.135510,,,0.000
10.147120,,,0.000
10.158730,,,0.000
10.170340,,,0.000
10.181950,,,0.000
10.193560,,,0.000
10.205170,,,0.000
10.216780,,,0.000
10.228390,,,0.000
10.240000,,,0.000
10.251610,,,0.000
10.263220,,,0.000
10.274830,,,0.000
10.286440,,,0.000
10.298050,,,0.000
10.309660,,,0.000
10.321270,,,0.000
10.332880,,,0.000
10.344490,,,0.000
10.356100,,,0.000
10.367710,,,0.000
10.379320,,,0.000
10.390930,,,0.000
10.402540,,,0.000
10.414150,,,0.000
10.425760,,,0.000
10.437370,,,0.000
10.448980,,,0.000
10.460590,,,0.000
10.472200,,,0.000
10.483810,,,0.000
10.495420,,,0.000
10.507029,,,0.000
10.518639,,,0.000
10.530249,,,0.000
10.541859,,,0.000
10.553469,,,0.000
10.565079,,,0.000
10.576689,,,0.000
10.588299,,,0.000
10.599909,,,0.000
10.611519,,,0.000
10.623129,,,0.000
10.634739,,,0.000
10.646349,,,0.000
10.657959,,,0.000
10.669569,,,0.000
10.681179,,,0.000
10.692789,,,0.000
10.704399,,,0.000
10.716009,,,0.000
10.727619,,,0.000
10.739229,,,0.000
10.750839,,,0.000
10.762449,,,0.000
10.774059,,,0.000
10.785669,,,0.000
10.797279,,,0.000
10.808889,,,0.000
10.820499,,,0.000
10.832109,,,0.000
10.843719,,,0.000
10.855329,845.495,80.308,0.200
10.866939,832.672,80.043,0.265
10.878549,235.286,58.163,0.314
10.890159,873.563,80.873,0.342
10.901769,885.274,81.103,0.377
10.913379,917.929,81.731,0.410
10.924989,272.725,60.719,0.465
10.936599,448.773,69.342,0.547
10.948209,891.445,81.224,0.647
10.959819,857.869,80.559,0.764
10.971429,852.690,80.454,0.812
10.983039,839.910,80.193,0.839
10.994649,826.003,79.904,0.854
11.006259,824.725,79.877,0.865
11.017868,824.018,79.862,0.870
11.029478,136.218,48.701,0.873
11.041088,135.609,48.623,0.872
11.052698,127.505,47.557,0.854
11.064308,128.021,47.627,0.835
11.075918,128.898,47.745,0.814
11.087528,128.864,47.740,0.798
11.099138,128.588,47.703,0.782
11.110748,128.474,47.688,0.785
11.122358,128.480,47.688,0.817
11.133968,131.482,48.088,0.862
11.145578,132.079,48.167,0.870
11.157188,131.894,48.142,0.886
11.168798,131.718,48.119,0.892
11.180408,131.716,48.119,0.892
11.192018,131.710,48.118,0.892
11.203628,131.788,48.129,0.888
11.215238,131.734,48.122,0.871
11.226848,131.215,48.053,0.837
11.238458,131.911,48.145,0.860
11.250068,134.192,48.442,0.863
11.261678,134.280,48.453,0.874
11.273288,134.231,48.447,0.887
11.284898,134.167,48.438,0.893
11.296508,134.054,48.424,0.898
11.308118,133.924,48.407,0.897
11.319728,133.656,48.372,0.889
11.331338,133.409,48.340,0.853
11.342948,132.251,48.189,0.828
11.354558,130.440,47.951,0.808
11.366168,129.536,47.830,0.801
11.377778,129.369,47.808,0.802
11.389388,129.215,47.787,0.791
11.400998,129.139,47.777,0.786
11.412608,129.051,47.765,0.781
11.424218,129.154,47.779,0.782
11.435828,129.412,47.814,0.782
11.447438,126.449,47.413,0.787
11.459048,130.839,48.003,0.797
11.470658,131.068,48.034,0.810
11.482268,130.655,47.979,0.837
11.493878,130.576,47.969,0.853
11.505488,126.898,47.474,0.860
11.517098,126.959,47.482,0.859
11.528707,127.593,47.569,0.854
11.540317,127.765,47.592,0.848
11.551927,126.112,47.366,0.839
11.563537,125.750,47.317,0.859
11.575147,125.962,47.346,0.853
11.586757,126.483,47.417,0.867
11.598367,126.723,47.450,0.872
11.609977,126.941,47.480,0.892
11.621587,126.927,47.478,0.899
11.633197,127.005,47.489,0.900
11.644807,127.070,47.497,0.893
11.656417,126.986,47.486,0.871
11.668027,126.884,47.472,0.884
11.679637,126.743,47.453,0.881
11.691247,125.967,47.346,0.893
11.702857,125.071,47.223,0.888
11.714467,124.402,47.130,0.890
11.726077,124.091,47.087,0.891
11.737687,124.031,47.078,0.891
11.749297,123.292,46.975,0.884
11.760907,122.871,46.916,0.855
11.772517,121.559,46.730,0.829
11.784127,119.934,46.497,0.799
11.795737,116.713,46.026,0.815
11.807347,582.055,73.844,0.832
11.818957,122.597,46.877,0.870
11.830567,122.023,46.796,0.891
11.842177,121.209,46.680,0.913
11.853787,120.803,46.622,0.923
11.865397,120.760,46.616,0.920
11.877007,120.768,46.617,0.913
11.888617,120.307,46.551,0.890
11.900227,119.809,46.479,0.864
11.911837,119.052,46.369,0.807
11.923447,119.248,46.397,0.758
11.935057,111.880,45.293,0.650
11.946667,202.568,55.571,0.516
11.958277,125.392,47.267,0.594
11.969887,125.168,47.236,0.638
11.981497,149.490,50.311,0.669
11.993107,447.742,69.302,0.687
12.004717,445.391,69.211,0.706
12.016327,445.931,69.232,0.729
12.027937,127.335,47.533,0.780
12.039546,119.704,46.464,0.810
12.051156,119.076,46.373,0.821
12.062766,118.524,46.292,0.841
12.074376,118.049,46.223,0.852
12.085986,117.821,46.189,0.859
12.097596,116.657,46.017,0.873
12.109206,116.275,45.961,0.870
12.120816,115.009,45.771,0.850
12.132426,114.102,45.634,0.833
12.144036,113.289,45.510,0.818
12.155646,112.454,45.382,0.791
12.167256,111.813,45.283,0.780
12.178866,111.229,45.192,0.779
12.190476,110.533,45.084,0.764
12.202086,110.172,45.027,0.776
12.213696,109.068,44.853,0.787
12.225306,107.286,44.568,0.796
12.236916,106.449,44.432,0.799
12.248526,105.458,44.270,0.810
12.260136,105.220,44.231,0.804
12.271746,105.292,44.243,0.799
12.283356,104.735,44.151,0.788
12.294966,103.887,44.010,0.772
12.306576,440.433,69.017,0.761
12.318186,441.707,69.067,0.744
12.329796,441.385,69.054,0.731
12.341406,435.439,68.820,0.696
12.353016,432.910,68.719,0.677
12.364626,432.481,68.702,0.633
12.376236,436.458,68.860,0.606
12.387846,437.903,68.917,0.585
12.399456,672.646,76.348,0.548
12.411066,112.955,45.459,0.523
12.422676,80.626,39.622,0.504
12.434286,80.455,39.585,0.477
12.445896,80.613,39.619,0.450
12.457506,80.845,39.669,0.435
12.469116,80.783,39.655,0.395
12.480726,516.952,71.790,0.384
12.492336,112.078,45.324,0.376
12.503946,112.601,45.405,0.368
12.515556,80.174,39.524,0.354
12.527166,306.689,62.751,0.353
12.538776,295.016,62.079,0.348
12.550385,315.498,63.242,0.325
12.561995,322.471,63.620,0.315
12.573605,319.511,63.460,0.299
12.585215,312.434,63.073,0.280
12.596825,310.808,62.982,0.272
12.608435,161.349,51.632,0.264
12.620045,111.759,45.275,0.239
12.631655,317.230,63.336,0.225
12.643265,111.315,45.206,0.212
12.654875,106.038,44.365,0.194
12.666485,105.842,44.333,0.181
12.678095,106.107,44.376,0.177
12.689705,113.887,45.601,0.172
12.701315,80.694,39.636,0.156
12.712925,80.582,39.612,0.153
12.724535,80.689,39.635,0.146
12.736145,291.260,61.858,0.136
12.747755,287.951,61.660,0.126
12.759365,283.860,61.412,0.119
12.770975,291.892,61.895,0.107
12.782585,170.728,52.610,0.110
12.794195,279.003,61.113,0.106
12.805805,277.906,61.045,0.092
12.817415,277.163,60.999,0.086
12.829025,276.927,60.984,0.087
12.840635,84.952,40.527,0.086
12.852245,85.128,40.562,0.087
12.863855,85.541,40.646,0.088
12.875465,85.613,40.661,0.070
12.887075,317.676,63.361,0.068
12.898685,323.517,63.676,0.071
12.910295,322.279,63.610,0.087
12.921905,509.248,71.530,0.129
12.933515,501.245,71.256,0.155
12.945125,530.655,72.243,0.176
12.956735,148.897,50.242,0.210
12.968345,254.729,59.538,0.412
12.979955,284.269,61.437,0.540
12.991565,108.497,44.762,0.650
13.003175,118.990,46.360,0.711
13.014785,120.640,46.598,0.748
13.026395,121.348,46.700,0.786
13.038005,121.173,46.675,0.804
13.049615,120.989,46.648,0.822
13.061224,120.451,46.571,0.834
13.072834,120.558,46.587,0.833
13.084444,120.764,46.616,0.819
13.096054,120.294,46.549,0.802
13.107664,119.229,46.395,0.786
13.119274,117.993,46.214,0.755
13.130884,114.938,45.760,0.740
13.142494,111.367,45.214,0.737
13.154104,486.198,70.728,0.761
13.165714,97.310,42.878,0.773
13.177324,124.607,47.159,0.823
13.188934,124.418,47.132,0.853
13.200544,124.149,47.095,0.865
13.212154,123.742,47.038,0.873
13.223764,123.435,46.995,0.876
13.235374,122.996,46.933,0.872
13.246984,122.848,46.912,0.858
13.258594,122.591,46.876,0.855
13.270204,120.848,46.628,0.835
13.281814,119.824,46.481,0.798
13.293424,119.340,46.411,0.776
13.305034,111.582,45.247,0.759
13.316644,111.976,45.308,0.753
13.328254,111.806,45.282,0.763
13.339864,541.539,72.595,0.766
13.351474,401.019,67.394,0.766
13.363084,791.194,79.158,0.789
13.374694,782.170,78.960,0.835
13.386304,774.514,78.789,0.866
13.397914,765.745,78.592,0.883
13.409524,763.130,78.533,0.906
13.421134,113.430,45.532,0.916
13.432744,113.390,45.525,0.921
13.444354,113.130,45.486,0.924
13.455964,113.338,45.518,0.910
13.467574,113.576,45.554,0.888
13.479184,113.096,45.481,0.862
13.490794,113.048,45.473,0.840
13.502404,112.746,45.427,0.795
13.514014,112.132,45.332,0.748
13.525624,88.108,41.158,0.712
13.537234,88.090,41.154,0.684
13.548844,742.398,78.056,0.683
13.560454,730.287,77.772,0.703
13.572063,461.350,69.820,0.735
13.583673,114.295,45.663,0.756
13.595283,113.697,45.572,0.796
13.606893,112.808,45.436,0.828
13.618503,112.262,45.352,0.844
13.630113,111.998,45.312,0.857
13.641723,111.577,45.246,0.869
13.653333,111.447,45.226,0.863
13.664943,111.259,45.197,0.855
13.676553,111.008,45.158,0.851
13.688163,110.789,45.124,0.834
13.699773,110.605,45.095,0.813
13.711383,110.205,45.032,0.793
13.722993,110.192,45.030,0.781
13.734603,111.367,45.214,0.786
13.746213,110.907,45.142,0.802
13.757823,110.769,45.121,0.808
13.769433,110.376,45.059,0.816
13.781043,110.533,45.084,0.805
13.792653,110.852,45.134,0.804
13.804263,111.031,45.161,0.822
13.815873,109.531,44.926,0.834
13.827483,108.422,44.750,0.835
13.839093,107.715,44.637,0.839
13.850703,108.032,44.687,0.846
13.862313,107.803,44.651,0.847
13.873923,107.539,44.608,0.851
13.885533,107.307,44.571,0.850
13.897143,107.467,44.597,0.841
13.908753,104.746,44.153,0.825
13.920363,108.047,44.690,0.812
13.931973,108.401,44.747,0.802
13.943583,113.364,45.521,0.788
13.955193,113.201,45.497,0.788
13.966803,113.707,45.574,0.799
13.978413,112.751,45.428,0.804
13.990023,113.027,45.470,0.802
14.001633,113.186,45.494,0.799
14.013243,113.165,45.491,0.787
14.024853,113.086,45.479,0.774
14.036463,113.310,45.513,0.764
14.048073,113.585,45.555,0.740
14.059683,113.330,45.516,0.713
14.071293,115.157,45.793,0.685
14.082902,112.627,45.409,0.657
14.094512,109.886,44.982,0.737
14.106122,109.665,44.947,0.741
14.117732,205.929,55.856,0.746
14.129342,412.301,67.874,0.756
14.140952,412.172,67.869,0.773
14.152562,412.780,67.894,0.789
14.164172,412.162,67.869,0.794
14.175782,109.942,44.991,0.794
14.187392,110.019,45.003,0.738
14.199002,110.031,45.005,0.728
14.210612,109.881,44.981,0.716
14.222222,415.744,68.018,0.782
14.233832,418.781,68.144,0.778
14.245442,843.582,80.268,0.756
14.257052,841.146,80.218,0.753
14.268662,838.095,80.155,0.768
14.280272,834.272,80.076,0.784
14.291882,833.024,80.050,0.789
14.303492,833.544,80.061,0.793
14.315102,107.686,44.632,0.724
14.326712,106.437,44.430,0.706
14.338322,106.510,44.442,0.714
14.349932,106.773,44.485,0.709
14.361542,105.335,44.250,0.687
14.373152,104.468,44.107,0.658
14.384762,104.633,44.134,0.649
14.396372,104.616,44.131,0.645
14.407982,104.826,44.166,0.652
14.419592,104.946,44.186,0.660
14.431202,105.468,44.272,0.667
14.442812,105.772,44.322,0.670
14.454422,105.829,44.331,0.663
14.466032,103.980,44.026,0.651
14.477642,103.706,43.980,0.638
14.489252,103.651,43.971,0.621
14.500862,102.249,43.735,0.615
14.512472,104.379,44.092,0.638
14.524082,98.882,43.155,0.632
14.535692,84.586,40.452,0.621
14.547302,833.920,80.069,0.637
14.558912,809.686,79.558,0.673
14.570522,800.548,79.362,0.692
14.582132,788.214,79.093,0.708
14.593741,773.268,78.762,0.708
14.605351,754.023,78.325,0.686
14.616961,745.789,78.135,0.678
14.628571,738.923,77.975,0.676
14.640181,729.226,77.746,0.668
14.651791,721.430,77.560,0.632
14.663401,702.691,77.105,0.607
14.675011,685.740,76.682,0.575
14.686621,674.613,76.399,0.544
14.698231,670.969,76.305,0.523
14.709841,668.796,76.249,0.516
14.721451,663.031,76.099,0.501
14.733061,657.181,75.945,0.464
14.744671,656.816,75.936,0.447
14.756281,665.467,76.162,0.416
14.767891,668.102,76.231,0.387
14.779501,668.609,76.244,0.342
14.791111,158.581,51.333,0.312
14.802721,158.684,51.344,0.253
14.814331,158.541,51.328,0.238
14.825941,105.544,44.284,0.213
14.837551,271.125,60.617,0.199
14.849161,272.538,60.707,0.180
14.860771,273.753,60.784,0.160
14.872381,271.705,60.654,0.149
14.883991,272.287,60.691,0.142
14.895601,691.581,76.829,0.125
14.907211,100.201,43.385,0.117
14.918821,100.610,43.455,0.115
14.930431,100.763,43.482,0.102
14.942041,100.808,43.489,0.098
14.953651,101.468,43.602,0.088
14.965261,101.909,43.677,0.085
14.976871,101.489,43.606,0.077
14.988481,101.207,43.558,0.077
15.000091,154.147,50.842,0.061
15.011701,79.891,39.463,0.051
15.023311,79.891,39.463,0.043
15.034921,105.309,44.245,0.037
15.046531,105.551,44.285,0.034
15.058141,105.365,44.255,0.020
15.069751,269.680,60.525,0.019
15.081361,102.204,43.727,0.005
15.092971,102.995,43.861,0.004
15.104580,,,0.000
15.116190,,,0.000
15.127800,,,0.000
15.139410,,,0.000
15.151020,,,0.000
15.162630,,,0.000
15.174240,,,0.000
15.185850,,,0.000
15.197460,,,0.000
15.209070,,,0.000
15.220680,,,0.000
15.232290,,,0.000
15.243900,,,0.000
15.255510,,,0.000
15.267120,,,0.000
15.278730,,,0.000
15.290340,,,0.000
15.301950,,,0.000
15.313560,,,0.000
15.325170,,,0.000
15.336780,,,0.000
15.348390,,,0.000
15.360000,,,0.000
15.371610,,,0.000
15.383220,,,0.000
15.394830,,,0.000
15.406440,,,0.000
15.418050,,,0.000
15.429660,,,0.000
15.441270,,,0.000
15.452880,,,0.000
15.464490,,,0.000
15.476100,,,0.000
15.487710,,,0.000
15.499320,,,0.000
15.510930,,,0.000
15.522540,,,0.000
15.534150,,,0.000
15.545760,,,0.000
15.557370,,,0.000
15.568980,,,0.000
15.580590,,,0.000
15.592200,,,0.000
15.603810,,,0.000
15.615420,,,0.000
15.627029,,,0.000
15.638639,,,0.000
15.650249,,,0.000
15.661859,,,0.000
15.673469,,,0.000
15.685079,,,0.000
15.696689,,,0.000
15.708299,,,0.000
15.719909,,,0.000
15.731519,,,0.000
15.743129,,,0.000
15.754739,,,0.000
15.766349,,,0.000
15.777959,,,0.000
15.789569,,,0.000
15.801179,,,0.000
15.812789,,,0.000
15.824399,,,0.000
15.836009,,,0.000
15.847619,,,0.000
15.859229,,,0.000
15.870839,,,0.000
15.882449,,,0.000
15.894059,,,0.000
15.905669,,,0.000
15.917279,,,0.000
15.928889,,,0.000
15.940499,,,0.000
15.952109,,,0.000
15.963719,,,0.000
15.975329,,,0.000
15.986939,,,0.000
15.998549,,,0.000
16.010159,,,0.000
16.021769,,,0.000
16.033379,,,0.000
16.044989,,,0.000
16.056599,,,0.000
16.068209,,,0.000
16.079819,,,0.000
16.091429,,,0.000
16.103039,,,0.000
16.114649,,,0.000
16.126259,,,0.000
16.137868,,,0.000
16.149478,,,0.000
16.161088,,,0.000
16.172698,,,0.000
16.184308,,,0.000
16.195918,,,0.000
16.207528,,,0.000
16.219138,,,0.000
16.230748,,,0.000
16.242358,,,0.000
16.253968,,,0.000
16.265578,,,0.000
16.277188,,,0.000
16.288798,,,0.000
16.300408,,,0.000
16.312018,,,0.000
16.323628,,,0.000
16.335238,,,0.000
16.346848,795.534,79.253,0.004
16.358458,812.890,79.627,0.034
16.370068,818.380,79.743,0.061
16.381678,815.866,79.690,0.087
16.393288,815.616,79.685,0.091
16.404898,813.736,79.645,0.105
16.416508,811.453,79.596,0.113
16.428118,809.921,79.563,0.125
16.439728,804.743,79.452,0.133
16.451338,799.899,79.348,0.130
16.462948,796.465,79.273,0.119
16.474558,795.569,79.254,0.102
16.486168,795.151,79.245,0.101
16.497778,794.257,79.225,0.083
16.509388,794.990,79.241,0.064
16.520998,795.179,79.245,0.032
16.532608,,,0.000
16.544218,,,0.000
16.555828,,,0.000
16.567438,,,0.000
16.579048,558.835,73.139,0.011
16.590658,563.268,73.276,0.046
16.602268,558.589,73.131,0.098
16.613878,612.635,74.730,0.304
16.625488,608.002,74.599,0.449
16.637098,608.515,74.613,0.525
16.648707,628.997,75.187,0.573
16.660317,764.700,78.569,0.641
16.671927,783.374,78.986,0.704
16.683537,782.269,78.962,0.742
16.695147,782.262,78.962,0.772
16.706757,794.326,79.227,0.798
16.718367,797.622,79.298,0.815
16.729977,797.008,79.285,0.828
16.741587,230.875,57.835,0.838
16.753197,230.775,57.828,0.841
16.764807,231.193,57.859,0.837
16.776417,231.507,57.883,0.837
16.788027,232.665,57.969,0.836
16.799637,232.831,57.981,0.829
16.811247,234.087,58.074,0.823
16.822857,234.937,58.137,0.818
16.834467,235.072,58.147,0.811
16.846077,234.677,58.118,0.802
16.857687,234.188,58.082,0.788
16.869297,233.908,58.061,0.766
16.880907,233.364,58.021,0.739
16.892517,232.443,57.953,0.718
16.904127,231.088,57.851,0.713
16.915737,238.901,58.427,0.726
16.927347,251.571,59.322,0.738
16.938957,258.674,59.804,0.753
16.950567,261.009,59.959,0.776
16.962177,261.503,59.992,0.797
16.973787,261.568,59.996,0.814
16.985397,261.713,60.006,0.825
16.997007,261.994,60.024,0.828
17.008617,262.173,60.036,0.822
17.020227,262.019,60.026,0.820
17.031837,261.721,60.006,0.816
17.043447,261.377,59.984,0.812
17.055057,261.379,59.984,0.808
17.066667,261.554,59.995,0.805
17.078277,261.665,60.003,0.805
17.089887,262.127,60.033,0.805
17.101497,262.449,60.054,0.807
17.113107,262.704,60.071,0.810
17.124717,262.823,60.079,0.811
17.136327,263.074,60.096,0.811
17.147937,263.150,60.101,0.813
17.159546,263.280,60.109,0.813
17.171156,263.228,60.106,0.813
17.182766,262.908,60.085,0.813
17.194376,262.526,60.059,0.811
17.205986,262.073,60.030,0.811
17.217596,261.122,59.967,0.812
17.229206,260.213,59.906,0.808
17.240816,259.170,59.837,0.805
17.252426,258.983,59.824,0.804
17.264036,259.444,59.855,0.802
17.275646,260.262,59.910,0.805
17.287256,261.923,60.020,0.807
17.298866,266.599,60.326,0.809
17.310476,281.789,61.285,0.811
17.322086,284.503,61.451,0.813
17.333696,286.321,61.562,0.813
17.345306,287.938,61.659,0.812
17.356916,289.341,61.743,0.810
17.368526,290.779,61.829,0.810
17.380136,292.488,61.930,0.807
17.391746,293.301,61.979,0.799
17.403356,293.332,61.980,0.797
17.414966,293.462,61.988,0.793
17.426576,293.664,62.000,0.793
17.438186,293.454,61.988,0.798
17.449796,293.289,61.978,0.799
17.461406,293.075,61.965,0.799
17.473016,292.682,61.942,0.800
17.484626,292.347,61.922,0.800
17.496236,292.250,61.916,0.799
17.507846,292.026,61.903,0.801
17.519456,292.662,61.941,0.799
17.531066,293.003,61.961,0.798
17.542676,293.447,61.987,0.799
17.554286,294.391,62.043,0.793
17.565896,294.852,62.070,0.789
17.577506,295.014,62.079,0.790
17.589116,295.124,62.086,0.785
17.600726,294.911,62.073,0.781
17.612336,294.583,62.054,0.780
17.623946,294.092,62.025,0.773
17.635556,293.633,61.998,0.768
17.647166,293.269,61.977,0.767
17.658776,293.106,61.967,0.767
17.670385,292.877,61.954,0.769
17.681995,292.729,61.945,0.770
17.693605,292.744,61.946,0.775
17.705215,293.004,61.961,0.776
17.716825,293.372,61.983,0.778
17.728435,293.608,61.997,0.784
17.740045,293.776,62.007,0.786
17.751655,293.967,62.018,0.791
17.763265,294.207,62.032,0.790
17.774875,294.397,62.043,0.793
17.786485,294.313,62.038,0.792
17.798095,294.213,62.032,0.792
17.809705,294.098,62.026,0.795
17.821315,293.996,62.020,0.794
17.832925,293.942,62.016,0.797
17.844535,293.798,62.008,0.797
17.856145,293.778,62.007,0.799
17.867755,293.718,62.003,0.799
17.879365,293.378,61.983,0.797
17.890975,292.015,61.902,0.794
17.902585,290.660,61.822,0.788
17.914195,290.145,61.791,0.779
17.925805,290.240,61.797,0.771
17.937415,288.688,61.704,0.758
17.949025,287.072,61.607,0.743
17.960635,284.228,61.435,0.732
17.972245,286.511,61.573,0.720
17.983855,287.423,61.628,0.707
17.995465,98.376,43.066,0.693
18.007075,98.208,43.037,0.681
18.018685,147.868,50.122,0.667
18.030295,147.353,50.061,0.655
18.041905,147.322,50.058,0.644
18.053515,147.659,50.097,0.620
18.065125,97.975,42.996,0.602
18.076735,147.473,50.075,0.583
18.088345,117.488,46.140,0.556
18.099955,117.547,46.149,0.532
18.111565,117.590,46.155,0.484
18.123175,98.133,43.024,0.454
18.134785,97.718,42.950,0.432
18.146395,290.600,61.818,0.404
18.158005,282.683,61.340,0.396
18.169615,146.387,49.947,0.402
18.181224,300.609,62.405,0.412
18.192834,296.534,62.168,0.421
18.204444,294.593,62.055,0.427
18.216054,294.989,62.078,0.426
18.227664,293.538,61.993,0.425
18.239274,294.353,62.041,0.421
18.250884,294.722,62.062,0.409
18.262494,294.745,62.064,0.392
18.274104,295.352,62.099,0.369
18.285714,296.001,62.137,0.349
18.297324,296.647,62.175,0.331
18.308934,147.266,50.051,0.317
18.320544,147.404,50.067,0.299
18.332154,147.549,50.084,0.281
18.343764,147.557,50.085,0.267
18.355374,147.579,50.088,0.252
18.366984,147.729,50.105,0.239
18.378594,97.306,42.877,0.226
18.390204,97.460,42.905,0.213
18.401814,97.569,42.924,0.202
18.413424,147.455,50.073,0.201
18.425034,97.560,42.922,0.196
18.436644,97.445,42.902,0.193
18.448254,147.812,50.115,0.183
18.459864,147.794,50.113,0.182
18.471474,147.569,50.087,0.179
18.483084,147.638,50.095,0.183
18.494694,147.714,50.104,0.187
18.506304,147.838,50.118,0.187
18.517914,147.716,50.104,0.192
18.529524,147.185,50.042,0.193
18.541134,146.608,49.974,0.193
18.552744,146.209,49.926,0.189
18.564354,145.789,49.877,0.181
18.575964,145.745,49.871,0.170
18.587574,146.029,49.905,0.157
18.599184,146.351,49.943,0.146
18.610794,146.052,49.908,0.125
18.622404,146.255,49.932,0.105
18.634014,146.251,49.931,0.082
18.645624,145.881,49.887,0.059
18.657234,146.394,49.948,0.039
18.668844,146.178,49.923,0.022
18.680454,146.169,49.922,0.011
18.692063,,,0.000
18.703673,,,0.000
18.715283,,,0.000
18.726893,,,0.000
18.738503,,,0.000
18.750113,,,0.000
18.761723,,,0.000
18.773333,,,0.000
18.784943,,,0.000
18.796553,,,0.000
18.808163,,,0.000
18.819773,,,0.000
18.831383,,,0.000
18.842993,,,0.000
18.854603,,,0.000
18.866213,,,0.000
18.877823,,,0.000
18.889433,449.072,69.353,0.004
18.901043,448.664,69.338,0.010
18.912653,140.968,49.294,0.022
18.924263,141.163,49.318,0.035
18.935873,141.052,49.305,0.053
18.947483,141.168,49.319,0.070
18.959093,563.372,73.279,0.093
18.970703,562.588,73.255,0.105
18.982313,561.240,73.213,0.121
18.993923,283.121,61.367,0.139
19.005533,284.873,61.474,0.151
19.017143,559.902,73.172,0.158
19.028753,842.744,80.251,0.168
19.040363,342.619,64.669,0.168
19.051973,285.143,61.490,0.177
19.063583,91.189,41.753,0.195
19.075193,841.203,80.219,0.200
19.086803,828.843,79.963,0.190
19.098413,91.202,41.756,0.176
19.110023,151.187,50.506,0.162
19.121633,151.016,50.486,0.141
19.133243,150.669,50.447,0.128
19.144853,475.421,70.340,0.404
19.156463,468.790,70.097,0.467
19.168073,473.334,70.264,0.509
19.179683,460.729,69.797,0.582
19.191293,459.374,69.746,0.610
19.202902,453.420,69.520,0.636
19.214512,451.950,69.464,0.652
19.226122,447.258,69.283,0.680
19.237732,440.825,69.032,0.702
19.249342,440.255,69.010,0.724
19.260952,440.574,69.023,0.747
19.272562,435.007,68.802,0.784
19.284172,438.506,68.941,0.818
19.295782,442.362,69.093,0.826
19.307392,444.947,69.194,0.837
19.319002,447.459,69.291,0.843
19.330612,450.064,69.392,0.848
19.342222,88.747,41.283,0.851
19.353832,88.545,41.244,0.852
19.365442,88.617,41.258,0.838
19.377052,265.521,60.256,0.822
19.388662,265.686,60.267,0.824
19.400272,264.773,60.207,0.824
19.411882,264.071,60.161,0.822
19.423492,263.690,60.136,0.818
19.435102,263.292,60.110,0.806
19.446712,263.195,60.104,0.795
19.458322,263.551,60.127,0.796
19.469932,265.714,60.268,0.806
19.481542,268.893,60.474,0.805
19.493152,279.693,61.156,0.804
19.504762,287.231,61.616,0.812
19.516372,292.054,61.905,0.815
19.527982,293.078,61.965,0.830
19.539592,293.837,62.010,0.842
19.551202,294.545,62.052,0.844
19.562812,294.828,62.068,0.838
19.574422,294.850,62.070,0.839
19.586032,294.701,62.061,0.840
19.597642,294.570,62.053,0.837
19.609252,294.259,62.035,0.837
19.620862,293.972,62.018,0.834
19.632472,293.772,62.006,0.832
19.644082,293.735,62.004,0.829
19.655692,293.723,62.003,0.829
19.667302,293.697,62.002,0.828
19.678912,293.735,62.004,0.824
19.690522,293.733,62.004,0.823
19.702132,293.751,62.005,0.821
19.713741,293.937,62.016,0.823
19.725351,293.918,62.015,0.826
19.736961,293.897,62.014,0.832
19.748571,293.941,62.016,0.833
19.760181,293.904,62.014,0.835
19.771791,293.800,62.008,0.843
19.783401,293.667,62.000,0.843
19.795011,293.315,61.979,0.850
19.806621,293.001,61.961,0.850
19.818231,292.826,61.951,0.845
19.829841,292.723,61.944,0.841
19.841451,292.618,61.938,0.838
19.853061,292.340,61.922,0.831
19.864671,292.157,61.911,0.826
19.876281,292.052,61.905,0.824
19.887891,292.235,61.916,0.821
19.899501,292.965,61.959,0.820
19.911111,293.820,62.009,0.821
19.922721,294.544,62.052,0.822
19.934331,295.148,62.087,0.824
19.945941,295.412,62.103,0.830
19.957551,295.401,62.102,0.829
19.969161,295.409,62.103,0.830
19.980771,295.379,62.101,0.826
19.992381,295.156,62.088,0.826
20.003991,294.766,62.065,0.826
20.015601,294.449,62.046,0.822
20.027211,294.126,62.027,0.821
20.038821,293.891,62.013,0.824
20.050431,293.601,61.996,0.831
20.062041,293.222,61.974,0.838
20.073651,292.741,61.945,0.844
20.085261,292.068,61.906,0.844
20.096871,292.257,61.917,0.843
20.108481,293.598,61.996,0.846
20.120091,294.410,62.044,0.849
20.131701,294.448,62.046,0.847
20.143311,294.423,62.045,0.847
20.154921,294.302,62.038,0.842
20.166531,294.229,62.033,0.840
20.178141,294.114,62.026,0.840
20.189751,293.776,62.007,0.840
20.201361,293.475,61.989,0.840
20.212971,293.323,61.980,0.836
20.224580,293.229,61.974,0.835
20.236190,293.220,61.974,0.828
20.247800,293.113,61.967,0.822
20.259410,292.925,61.956,0.817
20.271020,292.380,61.924,0.813
20.282630,291.730,61.886,0.816
20.294240,290.491,61.812,0.806
20.305850,288.635,61.701,0.807
20.317460,285.796,61.530,0.808
20.329070,279.885,61.168,0.814
20.340680,268.757,60.466,0.815
20.352290,257.315,59.712,0.815
20.363900,245.822,58.921,0.815
20.375510,238.048,58.365,0.812
20.387120,236.582,58.258,0.817
20.398730,234.785,58.126,0.814
20.410340,234.472,58.103,0.810
20.421950,234.062,58.073,0.802
20.433560,233.891,58.060,0.804
20.445170,233.555,58.035,0.804
20.456780,233.900,58.061,0.805
20.468390,233.692,58.045,0.806
20.480000,233.631,58.041,0.805
20.491610,233.624,58.040,0.805
20.503220,233.819,58.055,0.806
20.514830,233.382,58.022,0.808
20.526440,232.933,57.989,0.804
20.538050,233.184,58.008,0.804
20.549660,233.111,58.002,0.803
20.561270,233.312,58.017,0.798
20.572880,233.842,58.056,0.801
20.584490,234.307,58.091,0.801
20.596100,234.458,58.102,0.800
20.607710,234.514,58.106,0.802
20.619320,234.595,58.112,0.806
20.630930,234.656,58.117,0.806
20.642540,234.628,58.114,0.805
20.654150,234.555,58.109,0.804
20.665760,234.602,58.113,0.803
20.677370,235.060,58.146,0.804
20.688980,235.985,58.214,0.806
20.700590,238.787,58.419,0.816
20.712200,242.824,58.709,0.819
20.723810,248.620,59.117,0.829
20.735420,253.591,59.460,0.840
20.747029,255.942,59.620,0.845
20.758639,258.015,59.759,0.853
20.770249,259.284,59.844,0.860
20.781859,260.224,59.907,0.859
20.793469,260.823,59.947,0.853
20.805079,261.138,59.968,0.858
20.816689,261.274,59.977,0.857
20.828299,261.251,59.975,0.854
20.839909,261.070,59.963,0.856
20.851519,260.843,59.948,0.852
20.863129,261.290,59.978,0.848
20.874739,261.151,59.969,0.857
20.886349,260.476,59.924,0.856
20.897959,260.486,59.924,0.839
20.909569,258.718,59.807,0.822
20.921179,257.532,59.727,0.806
20.932789,258.037,59.761,0.786
20.944399,258.798,59.812,0.765
20.956009,258.972,59.823,0.735
20.967619,245.486,58.898,0.686
20.979229,245.669,58.911,0.673
20.990839,259.244,59.842,0.696
21.002449,260.179,59.904,0.725
21.014059,261.488,59.991,0.743
21.025669,263.098,60.097,0.758
21.037279,263.396,60.117,0.779
21.048889,263.072,60.095,0.798
21.060499,262.362,60.049,0.813
21.072109,261.703,60.005,0.820
21.083719,260.986,59.958,0.822
21.095329,259.645,59.868,0.818
21.106939,258.358,59.782,0.814
21.118549,257.323,59.713,0.811
21.130159,257.148,59.701,0.806
21.141769,257.329,59.713,0.799
21.153379,258.347,59.782,0.791
21.164989,260.583,59.931,0.784
21.176599,262.450,60.054,0.785
21.188209,263.368,60.115,0.792
21.199819,264.013,60.157,0.801
21.211429,264.094,60.163,0.811
21.223039,263.849,60.147,0.815
21.234649,263.155,60.101,0.814
21.246259,262.275,60.043,0.809
21.257868,261.076,59.964,0.800
21.269478,259.729,59.874,0.788
21.281088,258.931,59.821,0.774
21.292698,258.012,59.759,0.759
21.304308,258.040,59.761,0.737
21.315918,259.678,59.871,0.720
21.327528,263.684,60.136,0.716
21.339138,264.743,60.205,0.718
21.350748,264.957,60.219,0.726
21.362358,264.803,60.209,0.729
21.373968,264.548,60.192,0.722
21.385578,263.940,60.152,0.711
21.397188,263.806,60.144,0.700
21.408798,263.353,60.114,0.684
21.420408,263.122,60.099,0.665
21.432018,262.729,60.073,0.659
21.443628,261.974,60.023,0.662
21.455238,262.294,60.044,0.669
21.466848,262.783,60.076,0.684
21.478458,262.678,60.070,0.693
21.490068,261.923,60.020,0.700
21.501678,261.564,59.996,0.709
21.513288,261.275,59.977,0.712
21.524898,261.527,59.994,0.707
21.536508,261.631,60.000,0.693
21.548118,261.542,59.994,0.675
21.559728,261.447,59.988,0.652
21.571338,261.574,59.997,0.631
21.582948,262.333,60.047,0.611
21.594558,263.343,60.113,0.586
21.606168,263.608,60.131,0.562
21.617778,262.046,60.028,0.532
21.629388,262.970,60.089,0.500
21.640998,263.594,60.130,0.471
21.652608,265.197,60.235,0.437
21.664218,268.300,60.436,0.400
21.675828,263.649,60.133,0.366
21.687438,262.520,60.059,0.338
21.699048,260.933,59.954,0.314
21.710658,260.250,59.909,0.309
21.722268,259.883,59.884,0.301
21.733878,260.171,59.903,0.302
21.745488,260.498,59.925,0.306
21.757098,261.731,60.007,0.307
21.768707,263.110,60.098,0.304
21.780317,262.569,60.062,0.302
21.791927,263.016,60.092,0.299
21.803537,262.280,60.043,0.286
21.815147,262.104,60.032,0.279
21.826757,262.473,60.056,0.270
21.838367,263.100,60.097,0.260
21.849977,261.494,59.991,0.253
21.861587,261.931,60.020,0.251
21.873197,262.295,60.044,0.247
21.884807,263.250,60.107,0.238
21.896417,263.881,60.149,0.230
21.908027,264.302,60.176,0.220
21.919637,264.474,60.187,0.203
21.931247,264.459,60.186,0.177
21.942857,265.022,60.223,0.143
21.954467,265.046,60.225,0.108
21.966077,265.251,60.238,0.077
21.977687,265.035,60.224,0.052
21.989297,264.618,60.197,0.041
22.000907,263.496,60.123,0.020
22.012517,263.549,60.127,0.010
22.024127,263.747,60.140,0.002
22.035737,133.506,48.353,0.001
22.047347,264.531,60.191,0.008
22.058957,265.046,60.225,0.008
22.070567,264.863,60.213,0.007
22.082177,,,0.000
22.093787,,,0.000
22.105397,,,0.000
22.117007,,,0.000
22.128617,,,0.000
22.140227,,,0.000
22.151837,,,0.000
22.163447,,,0.000
22.175057,,,0.000
22.186667,,,0.000
22.198277,,,0.000
22.209887,,,0.000
22.221497,,,0.000
22.233107,,,0.000
22.244717,,,0.000
22.256327,,,0.000
22.267937,,,0.000
22.279546,,,0.000
22.291156,,,0.000
22.302766,,,0.000
22.314376,,,0.000
22.325986,,,0.000
22.337596,,,0.000
22.349206,,,0.000
22.360816,,,0.000
22.372426,,,0.000
22.384036,,,0.000
22.395646,,,0.000
22.407256,,,0.000
22.418866,,,0.000
22.430476,,,0.000
22.442086,,,0.000
22.453696,,,0.000
22.465306,,,0.000
22.476916,,,0.000
22.488526,,,0.000
22.500136,,,0.000
22.511746,,,0.000
22.523356,,,0.000
22.534966,,,0.000
22.546576,,,0.000
22.558186,,,0.000
22.569796,,,0.000
22.581406,,,0.000
22.593016,,,0.000
22.604626,,,0.000
22.616236,,,0.000
22.627846,,,0.000
22.639456,,,0.000
22.651066,,,0.000
22.662676,,,0.000
22.674286,,,0.000
22.685896,,,0.000
22.697506,,,0.000
22.709116,,,0.000
22.720726,,,0.000
22.732336,,,0.000
22.743946,,,0.000
22.755556,,,0.000
22.767166,,,0.000
22.778776,,,0.000
22.790385,,,0.000
22.801995,,,0.000
22.813605,,,0.000
22.825215,,,0.000
22.836825,,,0.000
22.848435,,,0.000
22.860045,,,0.000
22.871655,,,0.000
22.883265,,,0.000
22.894875,,,0.000
22.906485,,,0.000
22.918095,,,0.000
22.929705,,,0.000
22.941315,,,0.000
22.952925,,,0.000
22.964535,,,0.000
22.976145,,,0.000
22.987755,,,0.000
22.999365,,,0.000
23.010975,,,0.000
23.022585,,,0.000
23.034195,,,0.000
23.045805,,,0.000
23.057415,,,0.000
23.069025,,,0.000
23.080635,,,0.000
23.092245,,,0.000
23.103855,,,0.000
23.115465,,,0.000
23.127075,,,0.000
23.138685,,,0.000
23.150295,,,0.000
23.161905,,,0.000
23.173515,,,0.000
23.185125,,,0.000
23.196735,,,0.000
23.208345,,,0.000
23.219955,,,0.000
23.231565,,,0.000
23.243175,141.043,49.304,0.017
23.254785,729.433,77.751,0.033
23.266395,174.247,52.964,0.045
23.278005,161.892,51.690,0.048
23.289615,175.346,53.072,0.046
23.301224,175.087,53.047,0.039
23.312834,149.312,50.290,0.023
23.324444,,,0.000
23.336054,,,0.000
23.347664,,,0.000
23.359274,,,0.000
23.370884,254.047,59.491,0.264
23.382494,241.561,58.619,0.555
23.394104,236.561,58.257,0.672
23.405714,236.362,58.242,0.742
23.417324,234.635,58.115,0.783
23.428934,234.179,58.081,0.809
23.440544,233.772,58.051,0.835
23.452154,233.252,58.013,0.856
23.463764,233.118,58.003,0.874
23.475374,232.701,57.972,0.883
23.486984,232.211,57.935,0.883
23.498594,232.162,57.932,0.881
23.510204,232.022,57.921,0.878
23.521814,232.531,57.959,0.879
23.533424,232.590,57.963,0.877
23.545034,232.873,57.985,0.871
23.556644,232.863,57.984,0.865
23.568254,232.929,57.989,0.859
23.579864,233.111,58.002,0.857
23.591474,233.115,58.002,0.851
23.603084,233.160,58.006,0.849
23.614694,233.075,57.999,0.846
23.626304,233.132,58.004,0.844
23.637914,233.227,58.011,0.845
23.649524,233.207,58.009,0.847
23.661134,233.153,58.005,0.848
23.672744,233.189,58.008,0.844
23.684354,233.217,58.010,0.842
23.695964,233.336,58.019,0.837
23.707574,233.378,58.022,0.833
23.719184,233.811,58.054,0.836
23.730794,234.300,58.090,0.838
23.742404,235.692,58.193,0.839
23.754014,238.980,58.433,0.843
23.765624,244.129,58.802,0.851
23.777234,253.876,59.479,0.854
23.788844,258.044,59.761,0.860
23.800454,259.432,59.854,0.868
23.812063,260.625,59.934,0.867
23.823673,261.534,59.994,0.864
23.835283,261.931,60.020,0.863
23.846893,262.169,60.036,0.859
23.858503,262.489,60.057,0.851
23.870113,262.431,60.053,0.852
23.881723,262.307,60.045,0.847
23.893333,262.134,60.034,0.830
23.904943,261.874,60.016,0.811
23.916553,261.027,59.960,0.797
23.928163,260.297,59.912,0.778
23.939773,259.937,59.888,0.759
23.951383,251.074,59.287,0.740
23.962993,250.867,59.273,0.718
23.974603,251.315,59.304,0.728
23.986213,261.828,60.013,0.755
23.997823,263.091,60.097,0.781
24.009433,263.977,60.155,0.801
24.021043,264.863,60.213,0.820
24.032653,264.876,60.214,0.836
24.044263,264.271,60.174,0.848
24.055873,263.749,60.140,0.855
24.067483,263.423,60.119,0.857
24.079093,262.825,60.079,0.857
24.090703,262.242,60.041,0.858
24.102313,261.755,60.009,0.855
24.113923,261.712,60.006,0.852
24.125533,262.316,60.046,0.849
24.137143,264.153,60.166,0.848
24.148753,267.740,60.400,0.850
24.160363,273.062,60.741,0.854
24.171973,279.590,61.150,0.854
24.183583,285.320,61.501,0.861
24.195193,288.873,61.715,0.864
24.206803,291.784,61.889,0.871
24.218413,293.523,61.992,0.874
24.230023,294.874,62.071,0.880
24.241633,295.563,62.112,0.878
24.253243,296.033,62.139,0.871
24.264853,295.965,62.135,0.867
24.276463,295.525,62.109,0.857
24.288073,294.921,62.074,0.850
24.299683,294.128,62.027,0.839
24.311293,293.378,61.983,0.831
24.322902,291.767,61.888,0.823
24.334512,286.892,61.596,0.830
24.346122,280.240,61.190,0.834
24.357732,273.559,60.772,0.838
24.369342,267.977,60.415,0.838
24.380952,261.869,60.016,0.837
24.392562,254.993,59.555,0.835
24.404172,248.078,59.079,0.833
24.415782,237.511,58.326,0.826
24.427392,224.488,57.350,0.805
24.439002,214.389,56.553,0.788
24.450612,207.100,55.954,0.771
24.462222,201.802,55.505,0.760
24.473832,198.246,55.197,0.754
24.485442,197.224,55.108,0.750
24.497052,196.927,55.082,0.752
24.508662,196.847,55.075,0.754
24.520272,196.603,55.053,0.760
24.531882,196.793,55.070,0.772
24.543492,196.865,55.076,0.778
24.555102,196.763,55.068,0.788
24.566712,196.841,55.074,0.792
24.578322,196.791,55.070,0.797
24.589932,196.789,55.070,0.801
24.601542,196.855,55.076,0.802
24.613152,196.852,55.075,0.805
24.624762,196.916,55.081,0.802
24.636372,196.909,55.080,0.802
24.647982,197.102,55.097,0.799
24.659592,196.903,55.080,0.792
24.671202,196.651,55.058,0.777
24.682812,196.399,55.035,0.756
24.694422,196.288,55.026,0.737
24.706032,98.466,43.082,0.708
24.717642,196.103,55.009,0.678
24.729252,195.316,54.940,0.635
24.740862,194.713,54.886,0.576
24.752472,97.763,42.958,0.519
24.764082,97.594,42.928,0.482
24.775692,97.820,42.968,0.466
24.787302,97.465,42.905,0.433
24.798912,97.421,42.898,0.404
24.810522,97.268,42.870,0.382
24.822132,96.978,42.819,0.423
24.833741,217.729,56.820,0.578
24.845351,218.717,56.899,0.645
24.856961,221.233,57.097,0.707
24.868571,229.547,57.735,0.742
24.880181,232.764,57.976,0.773
24.891791,233.320,58.018,0.795
24.903401,233.337,58.019,0.813
24.915011,232.933,57.989,0.830
24.926621,233.334,58.019,0.829
24.938231,233.584,58.037,0.830
24.949841,233.347,58.020,0.827
24.961451,232.628,57.966,0.820
24.973061,231.735,57.900,0.820
24.984671,231.123,57.854,0.819
24.996281,231.324,57.869,0.819
25.007891,231.801,57.905,0.820
25.019501,232.620,57.966,0.825
25.031111,233.512,58.032,0.832
25.042721,234.413,58.099,0.835
25.054331,234.840,58.130,0.849
25.065941,235.110,58.150,0.853
25.077551,235.030,58.144,0.860
25.089161,234.749,58.123,0.862
25.100771,234.223,58.085,0.861
25.112381,233.228,58.011,0.863
25.123991,232.483,57.955,0.860
25.135601,231.668,57.895,0.860
25.147211,231.283,57.866,0.856
25.158821,231.026,57.847,0.852
25.170431,231.093,57.852,0.847
25.182041,231.514,57.883,0.847
25.193651,232.458,57.954,0.845
25.205261,233.582,58.037,0.842
25.216871,234.150,58.079,0.842
25.228481,234.597,58.112,0.837
25.240091,234.711,58.121,0.831
25.251701,234.718,58.121,0.825
25.263311,234.588,58.111,0.820
25.274921,234.407,58.098,0.812
25.286531,233.965,58.065,0.806
25.298141,233.238,58.012,0.802
25.309751,232.766,57.977,0.800
25.321361,232.356,57.946,0.803
25.332971,232.199,57.934,0.807
25.344580,232.228,57.936,0.815
25.356190,232.196,57.934,0.821
25.367800,232.482,57.955,0.826
25.379410,232.622,57.966,0.832
25.391020,232.809,57.980,0.835
25.402630,232.953,57.990,0.835
25.414240,233.054,57.998,0.832
25.425850,233.169,58.006,0.830
25.437460,233.202,58.009,0.822
25.449070,233.331,58.019,0.814
25.460680,233.332,58.019,0.808
25.472290,233.554,58.035,0.799
25.483900,233.436,58.026,0.791
25.495510,233.530,58.033,0.779
25.507120,233.487,58.030,0.769
25.518730,233.411,58.024,0.758
25.530340,233.473,58.029,0.742
25.541950,233.346,58.020,0.722
25.553560,233.161,58.006,0.694
25.565170,232.825,57.981,0.665
25.576780,232.861,57.984,0.629
25.588390,233.400,58.024,0.594
25.600000,234.418,58.099,0.544
25.611610,235.361,58.168,0.471
25.623220,235.692,58.193,0.413
25.634830,235.788,58.200,0.389
25.646440,236.000,58.215,0.389
25.658050,236.130,58.225,0.389
25.669660,235.779,58.199,0.365
25.681270,235.456,58.175,0.338
25.692880,235.142,58.152,0.322
25.704490,234.584,58.111,0.313
25.716100,234.401,58.098,0.285
25.727710,233.795,58.053,0.246
25.739320,233.608,58.039,0.209
25.750930,233.509,58.032,0.177
25.762540,233.854,58.057,0.159
25.774150,233.960,58.065,0.161
25.785760,234.099,58.075,0.175
25.797370,234.101,58.076,0.194
25.808980,234.284,58.089,0.200
25.820590,234.481,58.104,0.195
25.832200,234.676,58.118,0.193
25.843810,234.645,58.116,0.190
25.855420,234.142,58.079,0.180
25.867029,233.959,58.065,0.157
25.878639,233.672,58.044,0.119
25.890249,233.775,58.051,0.069
25.901859,233.762,58.050,0.053
25.913469,233.752,58.050,0.063
25.925079,233.832,58.056,0.063
25.936689,233.974,58.066,0.052
25.948299,234.285,58.089,0.038
25.959909,234.325,58.092,0.022
25.971519,234.598,58.112,0.003
25.983129,,,0.000
25.994739,,,0.000
26.006349,,,0.000
26.017959,,,0.000
26.029569,,,0.000
26.041179,,,0.000
26.052789,,,0.000
26.064399,,,0.000
26.076009,,,0.000
26.087619,234.832,58.130,0.007
26.099229,234.541,58.108,0.021
26.110839,234.249,58.086,0.037
26.122449,234.251,58.087,0.048
26.134059,233.890,58.060,0.056
26.145669,233.631,58.041,0.058
26.157279,233.277,58.015,0.057
26.168889,232.937,57.989,0.054
26.180499,232.867,57.984,0.051
26.192109,232.834,57.982,0.043
26.203719,233.032,57.996,0.028
26.215329,233.135,58.004,0.010
26.226939,,,0.000
26.238549,,,0.000
26.250159,,,0.000
26.261769,,,0.000
26.273379,,,0.000
26.284989,,,0.000
26.296599,,,0.000
26.308209,,,0.000
26.319819,,,0.000
26.331429,,,0.000
26.343039,,,0.000
26.354649,,,0.000
26.366259,,,0.000
26.377868,,,0.000
26.389478,,,0.000
26.401088,,,0.000
26.412698,,,0.000
26.424308,,,0.000
26.435918,,,0.000
26.447528,,,0.000
26.459138,,,0.000
26.470748,,,0.000
26.482358,,,0.000
26.493968,,,0.000
26.505578,451.866,69.461,0.013
26.517188,452.987,69.504,0.041
26.528798,454.958,69.579,0.069
26.540408,140.402,49.225,0.087
26.552018,283.067,61.364,0.103
26.563628,456.391,69.633,0.121
26.575238,279.461,61.142,0.144
26.586848,1002.273,83.252,0.158
26.598458,1002.273,83.252,0.169
26.610068,1002.273,83.252,0.179
26.621678,1002.273,83.252,0.180
26.633288,1002.273,83.252,0.180
26.644898,1002.273,83.252,0.180
26.656508,1002.273,83.252,0.170
26.668118,1002.273,83.252,0.149
26.679728,79.891,39.463,0.125
26.691338,222.585,57.202,0.095
26.702948,123.733,47.037,0.053
26.714558,247.992,59.073,0.128
26.726168,221.200,57.094,0.395
26.737778,222.360,57.185,0.588
26.749388,225.554,57.432,0.669
26.760998,228.657,57.668,0.726
26.772608,229.906,57.762,0.763
26.784218,230.722,57.824,0.794
26.795828,231.862,57.909,0.819
26.807438,232.437,57.952,0.834
26.819048,232.670,57.969,0.845
26.830658,232.734,57.974,0.843
26.842268,233.043,57.997,0.834
26.853878,233.769,58.051,0.814
26.865488,233.996,58.068,0.791
26.877098,233.875,58.059,0.762
26.888707,230.148,57.781,0.738
26.900317,229.415,57.725,0.721
26.911927,229.248,57.713,0.706
26.923537,229.110,57.702,0.697
26.935147,79.891,39.463,0.696
26.946757,687.047,76.715,0.701
26.958367,229.332,57.719,0.719
26.969977,229.397,57.724,0.746
26.981587,229.158,57.706,0.761
26.993197,229.549,57.736,0.769
27.004807,230.759,57.827,0.773
27.016417,232.337,57.945,0.782
27.028027,232.603,57.964,0.794
27.039637,233.228,58.011,0.807
27.051247,233.788,58.052,0.815
27.062857,234.204,58.083,0.816
27.074467,234.358,58.095,0.813
27.086077,234.629,58.115,0.814
27.097687,234.834,58.130,0.815
27.109297,235.217,58.158,0.812
27.120907,235.296,58.164,0.808
27.132517,235.275,58.162,0.800
27.144127,235.335,58.167,0.784
27.155737,235.501,58.179,0.763
27.167347,235.658,58.190,0.741
27.178957,236.463,58.249,0.736
27.190567,245.232,58.880,0.762
27.202177,261.812,60.012,0.778
27.213787,263.068,60.095,0.797
27.225397,263.555,60.127,0.814
27.237007,263.911,60.151,0.830
27.248617,264.023,60.158,0.846
27.260227,264.018,60.158,0.861
27.271837,264.075,60.161,0.868
27.283447,263.888,60.149,0.862
27.295057,263.503,60.124,0.860
27.306667,263.157,60.101,0.855
27.318277,262.708,60.071,0.854
27.329887,262.485,60.057,0.852
27.341497,262.226,60.040,0.847
27.353107,262.024,60.026,0.849
27.364717,261.784,60.011,0.853
27.376327,261.733,60.007,0.856
27.387937,262.120,60.033,0.858
27.399546,263.308,60.111,0.861
27.411156,264.715,60.203,0.864
27.422766,266.069,60.292,0.867
27.434376,266.471,60.318,0.872
27.445986,266.283,60.305,0.868
27.457596,266.037,60.290,0.860
27.469206,265.325,60.243,0.858
27.480816,264.465,60.187,0.855
27.492426,263.697,60.137,0.849
27.504036,263.105,60.098,0.845
27.515646,263.095,60.097,0.844
27.527256,264.368,60.181,0.844
27.538866,266.675,60.331,0.851
27.550476,271.328,60.630,0.857
27.562086,278.056,61.054,0.863
27.573696,283.868,61.413,0.864
27.585306,289.691,61.764,0.870
27.596916,291.557,61.875,0.872
27.608526,292.549,61.934,0.874
27.620136,293.598,61.996,0.876
27.631746,294.091,62.025,0.876
27.643356,294.385,62.042,0.878
27.654966,294.565,62.053,0.872
27.666576,294.324,62.039,0.873
27.678186,294.063,62.023,0.871
27.689796,293.938,62.016,0.868
27.701406,294.013,62.021,0.869
27.713016,293.935,62.016,0.866
27.724626,292.847,61.952,0.865
27.736236,288.052,61.666,0.864
27.747846,283.829,61.410,0.865
27.759456,278.203,61.064,0.866
27.771066,272.038,60.676,0.864
27.782676,266.146,60.297,0.863
27.794286,257.824,59.747,0.859
27.805896,248.453,59.106,0.854
27.817506,237.259,58.308,0.843
27.829116,225.411,57.421,0.830
27.840726,217.340,56.789,0.817
27.852336,209.983,56.193,0.803
27.863946,205.760,55.842,0.795
27.875556,202.524,55.567,0.787
27.887166,200.722,55.412,0.784
27.898776,198.992,55.262,0.783
27.910385,198.600,55.228,0.786
27.921995,198.175,55.191,0.791
27.933605,197.757,55.155,0.797
27.945215,197.010,55.089,0.795
27.956825,98.334,43.059,0.791
27.968435,98.054,43.010,0.792
27.980045,196.230,55.020,0.796
27.991655,195.916,54.993,0.804
28.003265,196.212,55.019,0.811
28.014875,196.339,55.030,0.813
28.026485,197.079,55.095,0.822
28.038095,198.016,55.177,0.832
28.049705,199.835,55.336,0.841
28.061315,201.618,55.489,0.848
28.072925,202.540,55.568,0.852
28.084535,202.870,55.597,0.849
28.096145,203.163,55.622,0.844
28.107755,203.595,55.658,0.837
28.119365,203.111,55.617,0.820
28.130975,203.069,55.614,0.799
28.142585,203.245,55.629,0.775
28.154195,202.917,55.601,0.741
28.165805,202.688,55.581,0.691
28.177415,202.557,55.570,0.641
28.189025,98.191,43.034,0.566
28.200635,99.194,43.210,0.510
28.212245,99.821,43.319,0.493
28.223855,214.352,56.550,0.498
28.235465,211.080,56.283,0.505
28.247075,210.677,56.250,0.509
28.258685,208.003,56.029,0.595
28.270295,223.854,57.301,0.695
28.281905,227.570,57.586,0.754
28.293515,231.251,57.863,0.786
28.305125,232.899,57.986,0.821
28.316735,233.918,58.062,0.842
28.328345,234.068,58.073,0.860
28.339955,233.885,58.060,0.877
28.351565,233.844,58.057,0.884
28.363175,233.832,58.056,0.881
28.374785,233.305,58.017,0.881
28.386395,232.403,57.950,0.881
28.398005,231.073,57.850,0.877
28.409615,230.108,57.778,0.878
28.421224,229.978,57.768,0.878
28.432834,230.197,57.784,0.878
28.444444,231.017,57.846,0.881
28.456054,232.480,57.955,0.889
28.467664,234.372,58.096,0.895
28.479274,234.994,58.141,0.900
28.490884,235.664,58.191,0.905
28.502494,235.509,58.179,0.910
28.514104,235.307,58.164,0.910
28.525714,234.632,58.115,0.911
28.537324,233.355,58.020,0.912
28.548934,232.281,57.940,0.905
28.560544,231.435,57.877,0.898
28.572154,230.986,57.844,0.892
28.583764,231.035,57.847,0.884
28.595374,231.353,57.871,0.874
28.606984,231.838,57.907,0.873
28.618594,232.749,57.975,0.869
28.630204,233.538,58.034,0.860
28.641814,234.128,58.078,0.859
28.653424,234.498,58.105,0.856
28.665034,234.546,58.108,0.853
28.676644,234.506,58.105,0.851
28.688254,234.121,58.077,0.849
28.699864,233.712,58.047,0.845
28.711474,233.133,58.004,0.838
28.723084,232.590,57.963,0.837
28.734694,232.174,57.932,0.832
28.746304,232.043,57.923,0.827
28.757914,232.051,57.923,0.822
28.769524,232.320,57.943,0.819
28.781134,232.866,57.984,0.816
28.792744,233.070,57.999,0.813
28.804354,233.494,58.031,0.810
28.815964,233.754,58.050,0.806
28.827574,234.018,58.069,0.801
28.839184,234.147,58.079,0.796
28.850794,234.079,58.074,0.789
28.862404,234.054,58.072,0.781
28.874014,233.892,58.060,0.764
28.885624,233.770,58.051,0.744
28.897234,234.244,58.086,0.726
28.908844,234.512,58.106,0.706
28.920454,235.228,58.159,0.681
28.932063,235.476,58.177,0.650
28.943673,236.277,58.236,0.610
28.955283,238.641,58.408,0.554
28.966893,250.255,59.231,0.512
28.978503,238.508,58.398,0.503
28.990113,236.258,58.234,0.460
29.001723,255.815,59.611,0.375
29.013333,233.943,58.064,0.346
29.024943,233.606,58.039,0.275
29.036553,233.428,58.026,0.260
29.048163,233.427,58.026,0.264
29.059773,233.280,58.015,0.290
29.071383,235.639,58.189,0.522
29.082993,245.321,58.886,0.639
29.094603,249.677,59.191,0.686
29.106213,260.989,59.958,0.716
29.117823,264.307,60.177,0.740
29.129433,264.600,60.196,0.758
29.141043,264.483,60.188,0.773
29.152653,264.452,60.186,0.786
29.164263,264.977,60.220,0.785
29.175873,265.294,60.241,0.773
29.187483,264.647,60.199,0.769
29.199093,263.594,60.130,0.767
29.210703,263.162,60.101,0.765
29.222313,263.303,60.111,0.767
29.233923,264.728,60.204,0.768
29.245533,268.539,60.452,0.780
29.257143,278.340,61.072,0.793
29.268753,282.389,61.322,0.799
29.280363,286.528,61.574,0.809
29.291973,288.774,61.709,0.820
29.303583,289.738,61.767,0.833
29.315193,289.169,61.733,0.843
29.326803,287.815,61.652,0.850
29.338413,286.106,61.549,0.850
29.350023,283.688,61.402,0.849
29.361633,280.858,61.228,0.852
29.373243,277.349,61.010,0.851
29.384853,272.811,60.725,0.849
29.396463,268.524,60.451,0.841
29.408073,265.263,60.239,0.836
29.419683,263.512,60.124,0.837
29.431293,262.626,60.066,0.838
29.442902,262.150,60.035,0.838
29.454512,261.875,60.017,0.842
29.466122,261.775,60.010,0.841
29.477732,261.928,60.020,0.840
29.489342,261.915,60.019,0.845
29.500952,261.930,60.020,0.844
29.512562,261.935,60.020,0.839
29.524172,261.765,60.009,0.839
29.535782,261.722,60.006,0.839
29.547392,261.584,59.997,0.832
29.559002,261.449,59.988,0.828
29.570612,261.354,59.982,0.825
29.582222,261.383,59.984,0.818
29.593832,261.490,59.991,0.815
29.605442,261.650,60.002,0.814
29.617052,261.756,60.009,0.802
29.628662,261.920,60.019,0.791
29.640272,262.191,60.037,0.786
29.651882,262.490,60.057,0.775
29.663492,262.832,60.080,0.762
29.675102,262.946,60.087,0.750
29.686712,263.239,60.106,0.737
29.698322,263.268,60.108,0.722
29.709932,263.028,60.093,0.711
29.721542,263.034,60.093,0.696
29.733152,262.802,60.078,0.675
29.744762,262.573,60.063,0.662
29.756372,262.703,60.071,0.651
29.767982,262.704,60.071,0.634
29.779592,262.636,60.067,0.611
29.791202,262.701,60.071,0.588
29.802812,262.877,60.083,0.575
29.814422,262.872,60.082,0.565
29.826032,263.066,60.095,0.557
29.837642,263.285,60.109,0.550
29.849252,263.342,60.113,0.549
29.860862,262.970,60.089,0.539
29.872472,263.313,60.111,0.522
29.884082,263.621,60.132,0.526
29.895692,260.717,59.940,0.558
29.907302,246.058,58.938,0.571
29.918912,242.431,58.681,0.570
29.930522,239.899,58.499,0.565
29.942132,231.558,57.886,0.569
29.953741,214.210,56.538,0.608
29.965351,211.491,56.317,0.648
29.976961,211.869,56.348,0.690
29.988571,139.000,49.051,0.707
30.000181,138.544,48.994,0.721
30.011791,138.223,48.954,0.739
30.023401,138.005,48.927,0.758
30.035011,137.599,48.876,0.774
30.046621,137.324,48.841,0.780
30.058231,135.190,48.570,0.783
30.069841,130.800,47.998,0.777
30.081451,130.260,47.927,0.776
30.093061,562.637,73.256,0.781
30.104671,563.979,73.298,0.776
30.116281,566.560,73.377,0.767
30.127891,567.412,73.403,0.750
30.139501,117.849,46.193,0.732
30.151111,117.105,46.084,0.715
30.162721,116.898,46.053,0.693
30.174331,116.385,45.977,0.663
30.185941,116.118,45.937,0.614
30.197551,117.465,46.137,0.587
30.209161,125.531,47.286,0.561
30.220771,806.548,79.491,0.550
30.232381,805.427,79.467,0.548
30.243991,792.573,79.188,0.526
30.255601,206.367,55.892,0.519
30.267211,809.372,79.552,0.507
30.278821,277.606,61.026,0.487
30.290431,97.158,42.851,0.458
30.302041,278.717,61.096,0.417
30.313651,204.715,55.753,0.387
30.325261,139.535,49.117,0.345
30.336871,98.812,43.143,0.304
30.348481,204.013,55.694,0.319
30.360091,553.676,72.978,0.363
30.371701,557.352,73.093,0.420
30.383311,785.772,79.039,0.466
30.394921,785.021,79.023,0.513
30.406531,566.807,73.384,0.540
30.418141,564.080,73.301,0.568
30.429751,205.730,55.839,0.593
30.441361,205.938,55.856,0.616
30.452971,205.623,55.830,0.632
30.464580,205.822,55.847,0.640
30.476190,205.911,55.854,0.644
30.487800,205.827,55.847,0.649
30.499410,205.900,55.853,0.649
30.511020,207.240,55.966,0.656
30.522630,231.182,57.858,0.650
30.534240,233.012,57.995,0.630
30.545850,233.424,58.025,0.607
30.557460,280.131,61.183,0.609
30.569070,280.929,61.232,0.608
30.580680,279.956,61.172,0.595
30.592290,169.486,52.484,0.595
30.603900,173.772,52.916,0.578
30.615510,173.770,52.916,0.588
30.627120,269.999,60.545,0.690
30.638730,250.396,59.240,0.739
30.650340,241.304,58.600,0.758
30.661950,233.574,58.037,0.779
30.673560,232.770,57.977,0.785
30.685170,233.522,58.033,0.788
30.696780,234.059,58.072,0.791
30.708390,234.451,58.101,0.790
30.720000,234.002,58.068,0.759
30.731610,225.553,57.432,0.739
30.743220,216.488,56.721,0.762
30.754830,237.187,58.302,0.777
30.766440,237.578,58.331,0.798
30.778050,236.925,58.283,0.807
30.789660,237.220,58.305,0.813
30.801270,236.400,58.245,0.821
30.812880,236.076,58.221,0.849
30.824490,234.736,58.122,0.878
30.836100,234.722,58.121,0.872
30.847710,234.227,58.085,0.877
30.859320,234.450,58.101,0.883
30.870930,234.274,58.088,0.887
30.882540,233.848,58.057,0.891
30.894150,233.104,58.002,0.895
30.905760,232.796,57.979,0.888
30.917370,232.426,57.951,0.874
30.928980,232.298,57.942,0.883
30.940590,231.808,57.905,0.882
30.952200,231.758,57.901,0.876
30.963810,231.460,57.879,0.879
30.975420,231.180,57.858,0.877
30.987029,231.636,57.892,0.866
30.998639,232.036,57.922,0.852
31.010249,232.169,57.932,0.832
31.021859,231.461,57.879,0.802
31.033469,228.955,57.691,0.780
31.045079,223.502,57.273,0.809
31.056689,227.967,57.616,0.836
31.068299,231.234,57.862,0.859
31.079909,232.191,57.934,0.885
31.091519,232.259,57.939,0.904
31.103129,231.962,57.917,0.921
31.114739,231.697,57.897,0.935
31.126349,231.566,57.887,0.945
31.137959,231.582,57.888,0.935
31.149569,231.119,57.854,0.921
31.161179,230.371,57.797,0.907
31.172789,229.315,57.718,0.891
31.184399,228.076,57.624,0.875
31.196009,227.431,57.575,0.849
31.207619,227.404,57.573,0.819
31.219229,227.950,57.615,0.775
31.230839,225.369,57.417,0.757
31.242449,223.418,57.267,0.750
31.254059,217.228,56.781,0.737
31.265669,214.108,56.530,0.728
31.277279,232.153,57.931,0.720
31.288889,231.862,57.909,0.723
31.300499,231.528,57.884,0.723
31.312109,231.259,57.864,0.723
31.323719,231.453,57.879,0.711
31.335329,231.480,57.881,0.701
31.346939,230.963,57.842,0.706
31.358549,230.192,57.784,0.694
31.370159,230.376,57.798,0.686
31.381769,230.892,57.837,0.677
31.393379,231.417,57.876,0.675
31.404989,231.944,57.915,0.671
31.416599,231.281,57.866,0.662
31.428209,100.699,43.470,0.643
31.439819,153.160,50.730,0.615
31.451429,114.871,45.750,0.612
31.463039,114.859,45.748,0.608
31.474649,225.290,57.411,0.631
31.486259,231.477,57.880,0.695
31.497868,233.842,58.056,0.777
31.509478,235.198,58.156,0.840
31.521088,235.999,58.215,0.863
31.532698,236.760,58.271,0.875
31.544308,237.145,58.299,0.886
31.555918,236.918,58.283,0.898
31.567528,236.463,58.249,0.910
31.579138,236.270,58.235,0.913
31.590748,235.894,58.208,0.899
31.602358,235.142,58.152,0.874
31.613968,234.379,58.096,0.864
31.625578,233.638,58.041,0.855
31.637188,232.990,57.993,0.850
31.648798,232.528,57.959,0.839
31.660408,231.969,57.917,0.818
31.672018,231.109,57.853,0.807
31.683628,232.164,57.932,0.825
31.695238,232.966,57.991,0.832
31.706848,233.972,58.066,0.836
31.718458,234.214,58.084,0.846
31.730068,234.337,58.093,0.849
31.741678,234.161,58.080,0.853
31.753288,234.040,58.071,0.855
31.764898,233.655,58.042,0.862
31.776508,232.511,57.958,0.852
31.788118,231.944,57.915,0.852
31.799728,231.578,57.888,0.851
31.811338,231.213,57.861,0.852
31.822948,230.770,57.827,0.858
31.834558,230.386,57.799,0.861
31.846168,230.338,57.795,0.858
31.857778,230.400,57.800,0.847
31.869388,230.299,57.792,0.837
31.880998,229.694,57.746,0.824
31.892608,228.415,57.650,0.814
31.904218,228.056,57.623,0.831
31.915828,230.920,57.839,0.831
31.927438,231.210,57.860,0.833
31.939048,231.025,57.847,0.837
31.950658,230.432,57.802,0.845
31.962268,230.219,57.786,0.852
31.973878,230.236,57.787,0.858
31.985488,230.786,57.829,0.862
31.997098,227.867,57.608,0.852
32.008707,453.160,69.510,0.851
32.020317,217.901,56.834,0.854
32.031927,217.109,56.771,0.854
32.043537,216.763,56.743,0.841
32.055147,216.876,56.752,0.828
32.066757,216.933,56.757,0.818
32.078367,217.101,56.770,0.807
32.089977,217.773,56.824,0.805
32.101587,224.533,57.353,0.815
32.113197,232.272,57.940,0.818
32.124807,232.937,57.989,0.833
32.136417,233.283,58.015,0.856
32.148027,233.508,58.032,0.873
32.159637,233.599,58.038,0.884
32.171247,233.618,58.040,0.896
32.182857,233.215,58.010,0.900
32.194467,232.615,57.965,0.892
32.206077,232.343,57.945,0.878
32.217687,232.032,57.922,0.864
32.229297,231.631,57.892,0.843
32.240907,230.989,57.844,0.817
32.252517,229.448,57.728,0.790
32.264127,227.241,57.561,0.748
32.275737,223.011,57.235,0.678
32.287347,218.006,56.842,0.619
32.298957,198.209,55.194,0.605
32.310567,193.505,54.778,0.581
32.322177,229.768,57.752,0.572
32.333787,241.542,58.617,0.722
32.345397,247.833,59.062,0.819
32.357007,244.853,58.853,0.850
32.368617,243.923,58.787,0.875
32.380227,242.688,58.699,0.891
32.391837,242.141,58.660,0.901
32.403447,242.319,58.673,0.906
32.415057,242.446,58.682,0.907
32.426667,242.063,58.655,0.885
32.438277,361.474,65.597,0.837
32.449887,360.206,65.536,0.801
32.461497,358.553,65.456,0.750
32.473107,348.559,64.967,0.681
32.484717,521.607,71.946,0.599
32.496327,496.496,71.091,0.497
32.507937,232.526,57.959,0.365
32.519546,484.771,70.678,0.551
32.531156,481.382,70.556,0.638
32.542766,486.262,70.731,0.739
32.554376,240.249,58.524,0.808
32.565986,239.443,58.466,0.840
32.577596,238.823,58.421,0.862
32.589206,238.210,58.377,0.877
32.600816,237.614,58.333,0.891
32.612426,237.272,58.308,0.891
32.624036,237.283,58.309,0.891
32.635646,236.537,58.255,0.878
32.647256,235.628,58.188,0.859
32.658866,234.937,58.137,0.851
32.670476,234.259,58.087,0.843
32.682086,232.934,57.989,0.842
32.693696,231.475,57.880,0.831
32.705306,230.613,57.816,0.827
32.716916,229.850,57.758,0.825
32.728526,229.231,57.712,0.822
32.740136,230.377,57.798,0.832
32.751746,231.296,57.867,0.833
32.763356,232.284,57.941,0.837
32.774966,232.954,57.990,0.841
32.786576,232.855,57.983,0.853
32.798186,232.253,57.938,0.861
32.809796,231.588,57.889,0.863
32.821406,230.982,57.843,0.867
32.833016,230.370,57.797,0.859
32.844626,229.828,57.757,0.845
32.856236,229.176,57.707,0.832
32.867846,228.344,57.644,0.815
32.879456,227.608,57.589,0.793
32.891066,227.392,57.572,0.771
32.902676,227.508,57.581,0.749
32.914286,227.188,57.557,0.721
32.925896,218.525,56.884,0.695
32.937506,218.505,56.882,0.690
32.949116,200.581,55.400,0.676
32.960726,229.126,57.704,0.684
32.972336,238.642,58.408,0.760
32.983946,245.225,58.879,0.814
32.995556,242.554,58.690,0.838
33.007166,242.225,58.666,0.859
33.018776,241.778,58.634,0.865
33.030385,242.048,58.653,0.874
33.041995,242.436,58.681,0.879
33.053605,242.669,58.698,0.889
33.065215,122.877,46.917,0.877
33.076825,827.243,79.930,0.845
33.088435,827.194,79.929,0.821
33.100045,218.291,56.865,0.790
33.111655,217.927,56.836,0.768
33.123265,217.491,56.801,0.738
33.134875,218.043,56.845,0.717
33.146485,216.097,56.690,0.624
33.158095,231.320,57.869,0.404
33.169705,236.914,58.282,0.466
33.181315,234.857,58.131,0.545
33.192925,234.729,58.122,0.590
33.204535,234.821,58.129,0.637
33.216145,234.780,58.126,0.673
33.227755,234.473,58.103,0.703
33.239365,229.536,57.735,0.729
33.250975,229.390,57.724,0.749
33.262585,229.112,57.703,0.763
33.274195,228.487,57.655,0.774
33.285805,228.408,57.649,0.781
33.297415,229.116,57.703,0.791
33.309025,234.423,58.099,0.824
33.320635,239.280,58.454,0.847
33.332245,240.103,58.514,0.857
33.343855,239.518,58.472,0.859
33.355465,239.155,58.445,0.861
33.367075,239.031,58.436,0.859
33.378685,238.858,58.424,0.857
33.390295,239.093,58.441,0.849
33.401905,238.516,58.399,0.814
33.413515,236.342,58.240,0.768
33.425125,322.093,63.600,0.724
33.436735,323.457,63.673,0.686
33.448345,324.383,63.722,0.634
33.459955,620.605,74.954,0.574
33.471565,620.821,74.960,0.520
33.483175,123.187,46.960,0.454
33.494785,237.170,58.301,0.474
33.506395,237.277,58.309,0.512
33.518005,237.227,58.305,0.551
33.529615,237.135,58.298,0.577
33.541224,237.154,58.300,0.596
33.552834,237.160,58.300,0.610
33.564444,237.125,58.298,0.614
33.576054,237.147,58.299,0.616
33.587664,237.136,58.299,0.616
33.599274,237.060,58.293,0.617
33.610884,242.281,58.670,0.612
33.622494,231.863,57.909,0.684
33.634104,232.545,57.960,0.792
33.645714,236.145,58.226,0.837
33.657324,236.109,58.223,0.857
33.668934,235.800,58.201,0.874
33.680544,235.741,58.196,0.890
33.692154,235.447,58.175,0.904
33.703764,234.977,58.140,0.918
33.715374,234.631,58.115,0.921
33.726984,234.007,58.069,0.903
33.738594,232.954,57.990,0.892
33.750204,232.186,57.933,0.887
33.761814,231.206,57.860,0.884
33.773424,229.760,57.751,0.883
33.785034,228.547,57.660,0.874
33.796644,227.743,57.599,0.869
33.808254,229.201,57.709,0.876
33.819864,230.611,57.816,0.879
33.831474,231.288,57.866,0.874
33.843084,231.399,57.875,0.877
33.854694,230.668,57.820,0.882
33.866304,229.195,57.709,0.886
33.877914,227.905,57.611,0.890
33.889524,224.705,57.366,0.894
33.901134,221.208,57.095,0.883
33.912744,220.699,57.055,0.883
33.924354,220.240,57.019,0.882
33.935964,218.886,56.912,0.875
33.947574,217.844,56.830,0.866
33.959184,218.836,56.908,0.851
33.970794,221.687,57.132,0.832
33.982404,229.603,57.740,0.803
33.994014,233.098,58.001,0.779
34.005624,234.381,58.096,0.741
34.017234,232.607,57.965,0.719
34.028844,450.374,69.403,0.767
34.040454,446.764,69.264,0.797
34.052063,442.595,69.102,0.834
34.063673,436.324,68.855,0.874
34.075283,436.228,68.851,0.879
34.086893,217.440,56.797,0.882
34.098503,217.174,56.776,0.880
34.110113,217.563,56.807,0.878
34.121723,217.499,56.802,0.853
34.133333,216.320,56.708,0.827
34.144943,218.648,56.893,0.794
34.156553,228.113,57.627,0.718
34.168163,229.448,57.728,0.709
34.179773,239.626,58.479,0.710
34.191383,240.445,58.538,0.716
34.202993,241.466,58.612,0.726
34.214603,243.712,58.772,0.734
34.226213,244.079,58.798,0.728
34.237823,244.696,58.842,0.695
34.249433,246.526,58.971,0.689
34.261043,246.860,58.994,0.681
34.272653,247.399,59.032,0.671
34.284263,247.275,59.023,0.669
34.295873,226.707,57.520,0.656
34.307483,225.795,57.450,0.640
34.319093,114.931,45.759,0.624
34.330703,225.614,57.436,0.635
34.342313,225.369,57.417,0.642
34.353923,218.484,56.880,0.649
34.365533,218.380,56.872,0.654
34.377143,218.170,56.855,0.655
34.388753,218.425,56.876,0.655
34.400363,218.603,56.890,0.659
34.411973,212.477,56.398,0.658
34.423583,208.060,56.034,0.647
34.435193,225.399,57.420,0.632
34.446803,409.356,67.750,0.623
34.458413,208.130,56.040,0.617
34.470023,409.420,67.753,0.609
34.481633,218.700,56.897,0.610
34.493243,493.844,70.999,0.713
34.504853,492.784,70.961,0.776
34.516463,241.720,58.630,0.790
34.528073,238.992,58.434,0.808
34.539683,236.391,58.244,0.821
34.551293,232.747,57.975,0.843
34.562902,230.696,57.822,0.864
34.574512,230.755,57.826,0.880
34.586122,229.858,57.759,0.872
34.597732,229.303,57.717,0.856
34.609342,229.853,57.758,0.856
34.620952,230.126,57.779,0.845
34.632562,230.390,57.799,0.836
34.644172,231.309,57.868,0.816
34.655782,232.384,57.948,0.789
34.667392,232.643,57.967,0.757
34.679002,233.538,58.034,0.747
34.690612,238.120,58.370,0.752
34.702222,241.679,58.627,0.752
34.713832,241.437,58.610,0.771
34.725442,240.661,58.554,0.783
34.737052,239.761,58.489,0.792
34.748662,238.588,58.404,0.804
34.760272,236.931,58.284,0.813
34.771882,235.347,58.167,0.813
34.783492,234.734,58.122,0.806
34.795102,234.520,58.106,0.799
34.806712,234.505,58.105,0.794
34.818322,234.752,58.124,0.789
34.829932,235.125,58.151,0.774
34.841542,235.996,58.215,0.752
34.853152,236.968,58.286,0.724
34.864762,237.437,58.320,0.709
34.876372,236.425,58.247,0.717
34.887982,480.731,70.533,0.763
34.899592,233.712,58.047,0.773
34.911202,232.230,57.937,0.780
34.922812,232.128,57.929,0.786
34.934422,232.138,57.930,0.790
34.946032,232.164,57.932,0.789
34.957642,233.378,58.022,0.779
34.969252,233.592,58.038,0.759
34.980862,231.699,57.897,0.697
34.992472,231.622,57.891,0.648
35.004082,242.285,58.670,0.653
35.015692,244.579,58.834,0.730
35.027302,242.984,58.720,0.755
35.038912,242.842,58.710,0.760
35.050522,242.835,58.710,0.773
35.062132,242.762,58.704,0.786
35.073741,242.308,58.672,0.795
35.085351,242.253,58.668,0.811
35.096961,241.993,58.650,0.823
35.108571,240.552,58.546,0.815
35.120181,239.539,58.473,0.817
35.131791,238.349,58.387,0.827
35.143401,237.287,58.310,0.831
35.155011,236.130,58.225,0.834
35.166621,234.474,58.103,0.842
35.178231,232.722,57.973,0.841
35.189841,231.003,57.845,0.836
35.201451,230.390,57.799,0.829
35.213061,229.629,57.742,0.814
35.224671,228.872,57.684,0.805
35.236281,228.350,57.645,0.795
35.247891,228.788,57.678,0.787
35.259501,230.040,57.773,0.769
35.271111,230.962,57.842,0.752
35.282721,231.868,57.910,0.708
35.294331,229.030,57.696,0.681
35.305941,225.717,57.444,0.697
35.317551,231.981,57.918,0.759
35.329161,245.505,58.899,0.817
35.340771,242.546,58.689,0.838
35.352381,241.748,58.632,0.860
35.363991,241.324,58.602,0.866
35.375601,241.682,58.627,0.876
35.387211,242.763,58.705,0.886
35.398821,243.190,58.735,0.889
35.410431,104.284,44.076,0.874
35.422041,777.130,78.848,0.841
35.433651,781.054,78.935,0.815
35.445261,789.292,79.117,0.776
35.456871,104.997,44.194,0.761
35.468481,211.337,56.305,0.740
35.480091,212.436,56.394,0.687
35.491701,213.521,56.482,0.628
35.503311,232.127,57.929,0.570
35.514921,119.892,46.491,0.526
35.526531,119.901,46.492,0.499
35.538141,119.917,46.494,0.513
35.549751,241.863,58.640,0.520
35.561361,241.653,58.625,0.552
35.572971,241.916,58.644,0.619
35.584580,260.268,59.910,0.669
35.596190,258.243,59.775,0.706
35.607800,257.201,59.705,0.730
35.619410,255.963,59.621,0.754
35.631020,243.015,58.722,0.769
35.642630,242.154,58.661,0.778
35.654240,241.959,58.647,0.776
35.665850,241.852,58.639,0.765
35.677460,242.399,58.679,0.753
35.689070,241.005,58.579,0.739
35.700680,238.163,58.373,0.730
35.712290,235.852,58.205,0.722
35.723900,230.755,57.826,0.717
35.735510,231.563,57.887,0.737
35.747120,233.569,58.036,0.767
35.758730,235.371,58.169,0.793
35.770340,234.677,58.118,0.814
35.781950,233.996,58.068,0.823
35.793560,233.430,58.026,0.829
35.805170,233.227,58.011,0.828
35.816780,233.211,58.010,0.824
35.828390,233.139,58.004,0.816
35.840000,232.735,57.974,0.809
35.851610,231.475,57.880,0.806
35.863220,228.614,57.665,0.811
35.874830,225.610,57.436,0.818
35.886440,224.225,57.329,0.822
35.898050,223.968,57.309,0.821
35.909660,223.905,57.305,0.823
35.921270,223.769,57.294,0.820
35.932880,223.598,57.281,0.811
35.944490,223.306,57.258,0.798
35.956100,223.063,57.239,0.786
35.967710,231.188,57.859,0.794
35.979320,235.397,58.171,0.799
35.990930,237.009,58.289,0.818
36.002540,237.932,58.357,0.835
36.014150,237.781,58.346,0.842
36.025760,237.004,58.289,0.852
36.037370,236.118,58.224,0.859
36.048980,235.339,58.167,0.858
36.060590,234.560,58.109,0.851
36.072200,233.762,58.050,0.851
36.083810,233.231,58.011,0.851
36.095420,232.404,57.950,0.844
36.107029,231.944,57.915,0.836
36.118639,231.484,57.881,0.820
36.130249,231.460,57.879,0.802
36.141859,232.122,57.929,0.784
36.153469,233.395,58.023,0.762
36.165079,233.001,57.994,0.765
36.176689,230.450,57.803,0.799
36.188299,235.729,58.196,0.829
36.199909,237.405,58.318,0.849
36.211519,238.195,58.376,0.873
36.223129,238.387,58.390,0.892
36.234739,237.805,58.347,0.907
36.246349,237.452,58.322,0.916
36.257959,237.774,58.345,0.918
36.269569,237.325,58.312,0.906
36.281179,236.375,58.243,0.890
36.292789,235.265,58.161,0.879
36.304399,233.478,58.029,0.862
36.316009,231.585,57.888,0.843
36.327619,229.971,57.767,0.823
36.339229,228.750,57.675,0.805
36.350839,227.681,57.594,0.777
36.362449,224.875,57.379,0.745
36.374059,224.083,57.318,0.733
36.385669,231.134,57.855,0.760
36.397279,248.971,59.142,0.797
36.408889,252.931,59.415,0.831
36.420499,252.505,59.386,0.853
36.432109,249.766,59.197,0.864
36.443719,241.189,58.592,0.879
36.455329,240.022,58.508,0.882
36.466939,240.185,58.520,0.883
36.478549,238.407,58.391,0.880
36.490159,822.638,79.833,0.865
36.501769,233.880,58.059,0.835
36.513379,232.491,57.956,0.802
36.524989,829.202,79.971,0.777
36.536599,812.965,79.628,0.734
36.548209,805.552,79.470,0.717
36.559819,793.925,79.218,0.691
36.571429,228.664,57.669,0.616
36.583039,237.321,58.312,0.517
36.594649,238.428,58.393,0.520
36.606259,237.536,58.328,0.532
36.617868,237.775,58.345,0.563
36.629478,237.701,58.340,0.671
36.641088,237.554,58.329,0.715
36.652698,237.290,58.310,0.723
36.664308,237.002,58.289,0.725
36.675918,236.690,58.266,0.728
36.687528,235.997,58.215,0.735
36.699138,234.942,58.138,0.763
36.710748,236.936,58.284,0.789
36.722358,238.397,58.390,0.774
36.733968,238.129,58.371,0.749
36.745578,238.431,58.393,0.741
36.757188,238.628,58.407,0.735
36.768798,238.765,58.417,0.730
36.780408,238.998,58.434,0.726
36.792018,239.099,58.441,0.692
36.803628,238.679,58.411,0.624
36.815238,190.209,54.481,0.576
36.826848,238.331,58.386,0.588
36.838458,450.338,69.402,0.609
36.850068,282.789,61.347,0.634
36.861678,283.515,61.391,0.666
36.873288,261.797,60.011,0.680
36.884898,260.793,59.945,0.684
36.896508,261.342,59.981,0.686
36.908118,261.907,60.019,0.695
36.919728,262.088,60.031,0.705
36.931338,241.482,58.613,0.711
36.942948,240.449,58.539,0.711
36.954558,240.357,58.532,0.698
36.966168,225.065,57.394,0.687
36.977778,225.021,57.391,0.680
36.989388,224.848,57.377,0.677
37.000998,218.200,56.858,0.665
37.012608,218.312,56.867,0.652
37.024218,83.852,40.301,0.639
37.035828,237.023,58.290,0.650
37.047438,250.662,59.259,0.726
37.059048,250.019,59.214,0.799
37.070658,247.894,59.067,0.843
37.082268,246.130,58.943,0.860
37.093878,244.539,58.831,0.875
37.105488,243.864,58.783,0.887
37.117098,242.445,58.682,0.904
37.128707,241.148,58.589,0.914
37.140317,239.245,58.452,0.910
37.151927,237.023,58.290,0.894
37.163537,235.211,58.157,0.875
37.175147,233.970,58.066,0.863
37.186757,232.773,57.977,0.849
37.198367,231.698,57.897,0.833
37.209977,229.791,57.754,0.804
37.221587,226.476,57.502,0.778
37.233197,221.053,57.083,0.763
37.244807,221.156,57.091,0.777
37.256417,100.540,43.443,0.801
37.268027,253.092,59.426,0.830
37.279637,250.228,59.229,0.855
37.291247,246.747,58.986,0.867
37.302857,243.686,58.770,0.877
37.314467,240.788,58.563,0.888
37.326077,238.887,58.426,0.892
37.337687,151.979,50.596,0.885
37.349297,152.062,50.606,0.881
37.360907,152.102,50.610,0.874
37.372517,222.626,57.205,0.866
37.384127,221.844,57.144,0.864
37.395737,221.006,57.079,0.855
37.407347,219.761,56.981,0.835
37.418957,218.780,56.904,0.817
37.430567,219.273,56.943,0.801
37.442177,220.986,57.077,0.773
37.453787,228.783,57.678,0.779
37.465397,234.622,58.114,0.775
37.477007,236.905,58.282,0.775
37.488617,236.493,58.252,0.776
37.500227,236.352,58.241,0.782
37.511837,236.148,58.226,0.789
37.523447,236.003,58.216,0.796
37.535057,236.331,58.240,0.801
37.546667,234.866,58.132,0.777
37.558277,232.263,57.939,0.758
37.569887,231.484,57.881,0.738
37.581497,231.146,57.856,0.729
37.593107,232.404,57.950,0.726
37.604717,232.349,57.946,0.719
37.616327,232.102,57.927,0.708
37.627937,232.322,57.943,0.698
37.639546,233.077,58.000,0.678
37.651156,224.045,57.315,0.655
37.662766,123.216,46.964,0.644
37.674376,123.168,46.958,0.639
37.685986,123.182,46.959,0.628
37.697596,234.256,58.087,0.648
37.709206,261.259,59.976,0.679
37.720816,259.115,59.833,0.686
37.732426,259.100,59.832,0.691
37.744036,258.648,59.802,0.693
37.755646,258.316,59.780,0.696
37.767256,258.659,59.803,0.695
37.778866,258.585,59.798,0.692
37.790476,256.923,59.686,0.670
37.802086,231.042,57.848,0.623
37.813696,232.526,57.959,0.587
37.825306,231.255,57.864,0.545
37.836916,229.263,57.714,0.489
37.848526,1002.273,83.252,0.589
37.860136,1002.273,83.252,0.616
37.871746,220.260,57.020,0.646
37.883356,237.144,58.299,0.685
37.894966,253.802,59.474,0.718
37.906576,253.853,59.478,0.746
37.918186,253.438,59.450,0.772
37.929796,252.447,59.382,0.805
37.941406,252.050,59.355,0.821
37.953016,250.130,59.222,0.846
37.964626,247.548,59.042,0.866
37.976236,235.312,58.165,0.880
37.987846,234.963,58.139,0.896
37.999456,233.269,58.014,0.911
38.011066,232.365,57.947,0.921
38.022676,462.420,69.860,0.919
38.034286,229.906,57.762,0.909
38.045896,229.396,57.724,0.893
38.057506,229.010,57.695,0.875
38.069116,228.567,57.661,0.854
38.080726,228.010,57.619,0.825
38.092336,227.237,57.560,0.792
38.103946,227.457,57.577,0.770
38.115556,249.996,59.213,0.761
38.127166,248.424,59.104,0.766
38.138776,247.246,59.021,0.789
38.150385,246.565,58.974,0.810
38.161995,245.782,58.918,0.824
38.173605,243.973,58.791,0.836
38.185215,240.929,58.573,0.843
38.196825,237.818,58.348,0.840
38.208435,235.849,58.204,0.839
38.220045,233.817,58.055,0.845
38.231655,231.908,57.913,0.845
38.243265,230.798,57.829,0.842
38.254875,230.018,57.771,0.850
38.266485,229.255,57.713,0.854
38.278095,228.459,57.653,0.855
38.289705,228.208,57.634,0.855
38.301315,228.200,57.634,0.854
38.312925,228.340,57.644,0.849
38.324535,228.386,57.648,0.845
38.336145,228.385,57.648,0.840
38.347755,228.707,57.672,0.824
38.359365,229.826,57.756,0.809
38.370975,231.326,57.869,0.797
38.382585,232.413,57.950,0.787
38.394195,233.608,58.039,0.779
38.405805,235.144,58.153,0.775
38.417415,236.005,58.216,0.769
38.429025,236.468,58.250,0.768
38.440635,235.830,58.203,0.774
38.452245,233.232,58.011,0.771
38.463855,231.886,57.911,0.760
38.475465,229.752,57.751,0.750
38.487075,227.044,57.546,0.743
38.498685,226.155,57.478,0.737
38.510295,220.898,57.071,0.729
38.521905,226.893,57.534,0.730
38.533515,233.958,58.065,0.756
38.545125,235.310,58.165,0.797
38.556735,235.683,58.192,0.824
38.568345,235.419,58.173,0.838
38.579955,235.473,58.177,0.855
38.591565,235.570,58.184,0.870
38.603175,235.394,58.171,0.882
38.614785,235.256,58.161,0.885
38.626395,234.672,58.118,0.884
38.638005,233.954,58.065,0.875
38.649615,233.730,58.048,0.867
38.661224,233.576,58.037,0.866
38.672834,233.282,58.015,0.861
38.684444,232.977,57.992,0.851
38.696054,232.868,57.984,0.843
38.707664,232.864,57.984,0.834
38.719274,232.880,57.985,0.820
38.730884,232.659,57.969,0.802
38.742494,232.568,57.962,0.807
38.754104,232.762,57.976,0.818
38.765714,232.721,57.973,0.818
38.777324,232.788,57.978,0.823
38.788934,232.856,57.983,0.829
38.800544,233.001,57.994,0.839
38.812154,233.066,57.999,0.850
38.823764,233.163,58.006,0.860
38.835374,233.171,58.007,0.861
38.846984,233.194,58.008,0.856
38.858594,233.169,58.006,0.865
38.870204,233.020,57.995,0.861
38.881814,233.003,57.994,0.848
38.893424,232.920,57.988,0.835
38.905034,232.684,57.970,0.816
38.916644,232.360,57.946,0.793
38.928254,231.860,57.909,0.763
38.939864,231.091,57.852,0.728
38.951474,229.675,57.745,0.683
38.963084,232.590,57.963,0.724
38.974694,231.589,57.889,0.760
38.986304,230.312,57.793,0.771
38.997914,230.103,57.777,0.787
39.009524,230.174,57.783,0.801
39.021134,229.953,57.766,0.820
39.032744,229.799,57.754,0.844
39.044354,229.661,57.744,0.861
39.055964,228.987,57.693,0.866
39.067574,228.366,57.646,0.863
39.079184,228.171,57.631,0.866
39.090794,227.607,57.588,0.871
39.102404,227.340,57.568,0.870
39.114014,227.188,57.557,0.860
39.125624,226.880,57.533,0.841
39.137234,226.397,57.496,0.810
39.148844,226.714,57.520,0.766
39.160454,227.180,57.556,0.751
39.172063,228.840,57.682,0.753
39.183673,232.722,57.973,0.771
39.195283,233.233,58.011,0.796
39.206893,233.526,58.033,0.811
39.218503,233.967,58.066,0.829
39.230113,233.945,58.064,0.846
39.241723,233.830,58.055,0.857
39.253333,233.509,58.032,0.859
39.264943,233.367,58.021,0.860
39.276553,232.864,57.984,0.853
39.288163,232.300,57.942,0.848
39.299773,231.880,57.910,0.849
39.311383,231.561,57.887,0.845
39.322993,231.345,57.870,0.835
39.334603,231.352,57.871,0.824
39.346213,231.528,57.884,0.819
39.357823,231.703,57.897,0.807
39.369433,231.947,57.915,0.784
39.381043,232.461,57.954,0.761
39.392653,232.786,57.978,0.756
39.404263,233.302,58.016,0.755
39.415873,233.460,58.028,0.754
39.427483,233.534,58.034,0.750
39.439093,233.416,58.025,0.746
39.450703,233.156,58.005,0.749
39.462313,232.741,57.975,0.755
39.473923,232.420,57.951,0.748
39.485533,231.698,57.897,0.726
39.497143,230.989,57.844,0.692
39.508753,230.844,57.833,0.664
39.520363,223.188,57.249,0.658
39.531973,222.892,57.226,0.651
39.543583,232.132,57.929,0.634
39.555193,232.396,57.949,0.603
39.566803,232.606,57.965,0.594
39.578413,232.126,57.929,0.594
39.590023,232.296,57.942,0.583
39.601633,233.479,58.029,0.588
39.613243,237.156,58.300,0.656
39.624853,237.029,58.291,0.688
39.636463,478.028,70.435,0.745
39.648073,237.964,58.359,0.803
39.659683,237.790,58.346,0.827
39.671293,237.204,58.304,0.840
39.682902,236.723,58.268,0.852
39.694512,236.173,58.228,0.862
39.706122,235.542,58.182,0.861
39.717732,235.172,58.155,0.864
39.729342,234.248,58.086,0.857
39.740952,233.369,58.021,0.838
39.752562,232.379,57.948,0.824
39.764172,231.897,57.912,0.809
39.775782,231.337,57.870,0.792
39.787392,230.642,57.818,0.771
39.799002,230.201,57.785,0.751
39.810612,230.550,57.811,0.747
39.822222,231.399,57.875,0.757
39.833832,232.875,57.985,0.765
39.845442,233.705,58.046,0.772
39.857052,233.725,58.048,0.789
39.868662,233.574,58.036,0.810
39.880272,233.430,58.026,0.827
39.891882,233.453,58.028,0.831
39.903492,233.626,58.040,0.820
39.915102,233.663,58.043,0.797
39.926712,233.113,58.002,0.770
39.938322,232.765,57.976,0.751
39.949932,232.504,57.957,0.727
39.961542,232.104,57.927,0.684
39.973152,231.918,57.913,0.630
39.984762,236.984,58.287,0.609
39.996372,237.004,58.289,0.614
40.007982,237.007,58.289,0.612
40.019592,237.006,58.289,0.601
40.031202,237.035,58.291,0.603
40.042812,237.113,58.297,0.652
40.054422,236.961,58.286,0.675
40.066032,236.695,58.266,0.687
40.077642,235.483,58.177,0.705
40.089252,234.987,58.141,0.721
40.100862,234.612,58.113,0.730
40.112472,234.464,58.102,0.743
40.124082,234.209,58.083,0.751
40.135692,233.600,58.038,0.743
40.147302,233.071,57.999,0.745
40.158912,232.864,57.984,0.748
40.170522,233.091,58.001,0.747
40.182132,233.164,58.006,0.747
40.193741,233.220,58.010,0.754
40.205351,233.312,58.017,0.755
40.216961,233.489,58.030,0.758
40.228571,233.530,58.033,0.758
40.240181,233.695,58.045,0.759
40.251791,233.117,58.003,0.764
40.263401,233.923,58.062,0.768
40.275011,233.763,58.051,0.765
40.286621,233.395,58.023,0.765
40.298231,233.013,57.995,0.772
40.309841,232.792,57.978,0.780
40.321451,232.594,57.964,0.788
40.333061,232.301,57.942,0.799
40.344671,232.001,57.920,0.805
40.356281,231.773,57.903,0.810
40.367891,232.076,57.925,0.819
40.379501,232.699,57.972,0.823
40.391111,233.713,58.047,0.823
40.402721,234.878,58.133,0.822
40.414331,236.627,58.261,0.821
40.425941,238.731,58.415,0.815
40.437551,241.214,58.594,0.809
40.449161,244.197,58.807,0.805
40.460771,250.091,59.219,0.802
40.472381,256.719,59.672,0.801
40.483991,259.563,59.863,0.801
40.495601,260.876,59.950,0.803
40.507211,261.485,59.991,0.802
40.518821,261.651,60.002,0.800
40.530431,261.292,59.978,0.798
40.542041,260.642,59.935,0.796
40.553651,260.347,59.915,0.793
40.565261,260.226,59.907,0.789
40.576871,259.742,59.875,0.784
40.588481,259.539,59.861,0.770
40.600091,259.590,59.865,0.762
40.611701,260.049,59.895,0.759
40.623311,260.858,59.949,0.754
40.634921,261.502,59.992,0.744
40.646531,260.731,59.941,0.732
40.658141,257.946,59.755,0.716
40.669751,258.136,59.768,0.695
40.681361,257.859,59.749,0.687
40.692971,258.461,59.789,0.668
40.704580,259.147,59.835,0.639
40.716190,258.702,59.805,0.612
40.727800,257.759,59.742,0.591
40.739410,257.390,59.717,0.564
40.751020,258.402,59.785,0.534
40.762630,258.260,59.776,0.527
40.774240,608.465,74.612,0.520
40.785850,880.999,81.020,0.517
40.797460,256.306,59.644,0.517
40.809070,226.950,57.538,0.604
40.820680,226.326,57.491,0.694
40.832290,226.038,57.469,0.753
40.843900,228.585,57.663,0.797
40.855510,230.203,57.785,0.829
40.867120,230.574,57.813,0.855
40.878730,231.359,57.872,0.882
40.890340,231.756,57.901,0.904
40.901950,232.656,57.968,0.916
40.913560,233.307,58.017,0.918
40.925170,233.908,58.061,0.917
40.936780,233.317,58.017,0.916
40.948390,232.888,57.986,0.913
40.960000,232.481,57.955,0.910
40.971610,232.050,57.923,0.904
40.983220,231.967,57.917,0.897
40.994830,232.004,57.920,0.896
41.006440,231.910,57.913,0.896
41.018050,232.244,57.938,0.898
41.029660,232.492,57.956,0.897
41.041270,233.013,57.995,0.895
41.052880,233.173,58.007,0.890
41.064490,234.057,58.072,0.889
41.076100,235.335,58.167,0.892
41.087710,235.054,58.146,0.888
41.099320,235.230,58.159,0.887
41.110930,235.473,58.177,0.887
41.122540,235.676,58.192,0.883
41.134150,235.267,58.162,0.883
41.145760,234.967,58.139,0.886
41.157370,234.164,58.080,0.881
41.168980,233.090,58.001,0.873
41.180590,232.766,57.976,0.872
41.192200,232.428,57.951,0.866
41.203810,231.947,57.916,0.858
41.215420,231.791,57.904,0.860
41.227029,231.771,57.902,0.858
41.238639,231.968,57.917,0.853
41.250249,232.523,57.958,0.854
41.261859,232.842,57.982,0.845
41.273469,233.167,58.006,0.829
41.285079,233.640,58.041,0.811
41.296689,234.758,58.124,0.791
41.308299,236.893,58.281,0.792
41.319909,236.623,58.261,0.798
41.331519,233.039,57.997,0.804
41.343129,231.858,57.909,0.808
41.354739,232.204,57.935,0.822
41.366349,232.355,57.946,0.837
41.377959,232.320,57.943,0.851
41.389569,232.257,57.939,0.865
41.401179,232.036,57.922,0.865
41.412789,232.254,57.938,0.867
41.424399,233.215,58.010,0.870
41.436009,235.161,58.154,0.868
41.447619,236.586,58.258,0.867
41.459229,237.825,58.349,0.862
41.470839,238.859,58.424,0.852
41.482449,239.681,58.483,0.836
41.494059,240.473,58.540,0.814
41.505669,241.044,58.582,0.784
41.517279,248.427,59.104,0.772
41.528889,115.054,45.778,0.778
41.540499,115.573,45.856,0.784
41.552109,350.307,65.053,0.791
41.563719,352.895,65.181,0.807
41.575329,353.919,65.231,0.826
41.586939,354.014,65.236,0.843
41.598549,353.341,65.203,0.858
41.610159,352.701,65.171,0.861
41.621769,352.278,65.151,0.859
41.633379,351.132,65.094,0.859
41.644989,349.669,65.022,0.864
41.656599,348.941,64.986,0.866
41.668209,348.666,64.972,0.870
41.679819,348.641,64.971,0.873
41.691429,348.882,64.983,0.874
41.703039,349.279,65.003,0.872
41.714649,349.763,65.026,0.871
41.726259,349.833,65.030,0.870
41.737868,349.907,65.034,0.869
41.749478,349.827,65.030,0.860
41.761088,349.013,64.989,0.856
41.772698,347.142,64.896,0.855
41.784308,85.324,40.602,0.854
41.795918,83.404,40.208,0.853
41.807528,255.818,59.611,0.850
41.819138,247.650,59.050,0.841
41.830748,242.546,58.689,0.825
41.842358,241.387,58.606,0.815
41.853968,237.595,58.332,0.793
41.865578,116.620,46.012,0.762
41.877188,115.250,45.807,0.724
41.888798,114.540,45.700,0.677
41.900408,114.629,45.714,0.608
41.912018,115.716,45.877,0.525
41.923628,116.887,46.051,0.470
41.935238,116.754,46.032,0.503
41.946848,116.698,46.023,0.528
41.958458,116.698,46.023,0.533
41.970068,116.699,46.023,0.537
41.981678,119.841,46.483,0.605
41.993288,116.729,46.028,0.668
42.004898,116.729,46.028,0.713
42.016508,116.786,46.036,0.742
42.028118,117.659,46.165,0.752
42.039728,117.241,46.104,0.748
42.051338,234.310,58.091,0.745
42.062948,117.151,46.090,0.743
42.074558,117.155,46.091,0.724
42.086168,234.706,58.120,0.685
42.097778,235.970,58.213,0.623
42.109388,234.011,58.069,0.520
42.120998,116.513,45.996,0.293
42.132608,116.307,45.965,0.265
42.144218,116.247,45.956,0.256
42.155828,116.889,46.052,0.385
42.167438,116.122,45.938,0.434
42.179048,116.155,45.943,0.480
42.190658,119.656,46.457,0.503
42.202268,123.555,47.012,0.518
42.213878,264.765,60.206,0.574
42.225488,247.410,59.033,0.696
42.237098,253.171,59.431,0.762
42.248707,260.234,59.908,0.802
42.260317,263.107,60.098,0.831
42.271927,263.513,60.124,0.849
42.283537,263.635,60.132,0.863
42.295147,263.084,60.096,0.876
42.306757,262.454,60.055,0.885
42.318367,262.478,60.056,0.879
42.329977,262.543,60.061,0.870
42.341587,262.065,60.029,0.860
42.353197,261.427,59.987,0.852
42.364807,261.006,59.959,0.844
42.376417,260.448,59.922,0.833
42.388027,260.969,59.957,0.815
42.399637,261.954,60.022,0.794
42.411247,263.028,60.093,0.770
42.422857,268.109,60.424,0.747
42.434467,268.668,60.460,0.715
42.446077,261.751,60.008,0.670
42.457687,261.604,59.999,0.620
42.469297,253.358,59.444,0.597
42.480907,290.271,61.799,0.596
42.492517,290.207,61.795,0.596
42.504127,290.053,61.786,0.596
42.515737,136.021,48.676,0.589
42.527347,136.013,48.675,0.584
42.538957,129.084,47.770,0.578
42.550567,128.991,47.757,0.576
42.562177,491.753,70.925,0.568
42.573787,269.831,60.535,0.561
42.585397,269.786,60.532,0.557
42.597007,269.576,60.518,0.552
42.608617,269.396,60.507,0.556
42.620227,268.797,60.468,0.550
42.631837,258.595,59.798,0.555
42.643447,231.846,57.908,0.639
42.655057,236.974,58.287,0.737
42.666667,238.533,58.400,0.771
42.678277,238.590,58.404,0.796
42.689887,238.033,58.364,0.815
42.701497,237.254,58.307,0.833
42.713107,236.432,58.247,0.845
42.724717,235.680,58.192,0.856
42.736327,234.989,58.141,0.854
42.747937,233.385,58.023,0.834
42.759546,231.699,57.897,0.826
42.771156,229.913,57.763,0.817
42.782766,227.869,57.608,0.808
42.794376,226.734,57.522,0.801
42.805986,226.901,57.535,0.796
42.817596,228.000,57.618,0.788
42.829206,231.416,57.876,0.782
42.840816,235.830,58.203,0.790
42.852426,239.031,58.436,0.796
42.864036,239.979,58.505,0.806
42.875646,240.171,58.519,0.814
42.887256,239.395,58.463,0.817
42.898866,237.629,58.335,0.820
42.910476,235.599,58.186,0.822
42.922086,232.974,57.992,0.822
42.933696,230.638,57.818,0.813
42.945306,228.934,57.689,0.802
42.956916,227.709,57.596,0.788
42.968526,227.560,57.585,0.780
42.980136,229.001,57.694,0.773
42.991746,230.337,57.795,0.767
43.003356,231.506,57.883,0.765
43.014966,232.374,57.947,0.765
43.026576,233.311,58.017,0.768
43.038186,233.871,58.058,0.771
43.049796,234.174,58.081,0.771
43.061406,233.483,58.030,0.766
43.073016,233.259,58.013,0.767
43.084626,233.114,58.002,0.772
43.096236,233.241,58.012,0.784
43.107846,233.249,58.012,0.791
43.119456,233.017,57.995,0.796
43.131066,232.727,57.974,0.804
43.142676,232.774,57.977,0.816
43.154286,233.122,58.003,0.824
43.165896,232.956,57.991,0.829
43.177506,233.530,58.033,0.833
43.189116,234.324,58.092,0.833
43.200726,235.786,58.200,0.834
43.212336,238.386,58.390,0.839
43.223946,242.643,58.696,0.844
43.235556,247.224,59.020,0.844
43.247166,255.528,59.592,0.850
43.258776,266.273,60.305,0.846
43.270385,274.412,60.826,0.842
43.281995,283.355,61.381,0.837
43.293605,286.745,61.587,0.834
43.305215,310.828,62.983,0.828
43.316825,311.798,63.037,0.817
43.328435,311.692,63.031,0.812
43.340045,311.576,63.025,0.799
43.351655,311.466,63.019,0.804
43.363265,311.213,63.005,0.807
43.374875,311.053,62.996,0.812
43.386485,310.976,62.992,0.816
43.398095,310.637,62.973,0.819
43.409705,310.423,62.961,0.812
43.421315,310.581,62.970,0.797
43.432925,311.137,63.001,0.781
43.444535,312.404,63.071,0.756
43.456145,315.008,63.215,0.726
43.467755,315.999,63.269,0.682
43.479365,309.702,62.921,0.628
43.490975,275.840,60.916,0.554
43.502585,275.803,60.914,0.539
43.514195,242.031,58.652,0.561
43.525805,707.626,77.226,0.579
43.537415,275.862,60.917,0.595
43.549025,275.899,60.920,0.609
43.560635,109.163,44.868,0.616
43.572245,109.157,44.867,0.602
43.583855,287.891,61.656,0.600
43.595465,287.857,61.654,0.670
43.607075,299.438,62.337,0.728
43.618685,300.811,62.416,0.762
43.630295,302.614,62.520,0.791
43.641905,301.664,62.465,0.812
43.653515,300.227,62.383,0.831
43.665125,298.782,62.299,0.843
43.676735,297.917,62.249,0.852
43.688345,296.935,62.192,0.850
43.699955,294.665,62.059,0.841
43.711565,291.890,61.895,0.836
43.723175,288.953,61.720,0.827
43.734785,286.590,61.578,0.819
43.746395,285.173,61.492,0.807
43.758005,285.163,61.491,0.800
43.769615,286.777,61.589,0.794
43.781224,289.281,61.740,0.786
43.792834,293.013,61.962,0.787
43.804444,295.491,62.107,0.784
43.816054,297.519,62.226,0.787
43.827664,298.172,62.264,0.794
43.839274,296.741,62.180,0.812
43.850884,292.367,61.923,0.825
43.862494,96.385,42.712,0.838
43.874104,95.827,42.612,0.845
43.885714,95.223,42.503,0.856
43.897324,258.862,59.816,0.864
43.908934,249.726,59.194,0.865
43.920544,238.910,58.428,0.867
43.932154,235.798,58.201,0.868
43.943764,234.547,58.108,0.874
43.955374,234.017,58.069,0.881
43.966984,233.831,58.056,0.889
43.978594,233.854,58.057,0.886
43.990204,233.733,58.048,0.896
44.001814,233.196,58.008,0.910
44.013424,232.787,57.978,0.923
44.025034,232.298,57.942,0.934
44.036644,231.815,57.906,0.939
44.048254,231.599,57.889,0.943
44.059864,231.892,57.911,0.944
44.071474,232.675,57.970,0.944
44.083084,234.194,58.082,0.934
44.094694,236.826,58.276,0.924
44.106304,242.520,58.687,0.912
44.117914,246.543,58.972,0.892
44.129524,251.996,59.351,0.872
44.141134,278.444,61.079,0.845
44.152744,285.222,61.495,0.820
44.164354,310.231,62.950,0.805
44.175964,311.564,63.024,0.801
44.187574,312.155,63.057,0.790
44.199184,312.242,63.062,0.777
44.210794,311.998,63.048,0.778
44.222404,311.781,63.036,0.779
44.234014,311.477,63.019,0.783
44.245624,311.347,63.012,0.786
44.257234,311.178,63.003,0.788
44.268844,310.941,62.990,0.787
44.280454,310.702,62.976,0.775
44.292063,310.674,62.975,0.757
44.303673,310.970,62.991,0.735
44.315283,311.389,63.015,0.713
44.326893,311.547,63.023,0.686
44.338503,312.260,63.063,0.657
44.350113,279.573,61.149,0.625
44.361723,253.962,59.485,0.585
44.373333,261.901,60.018,0.594
44.384943,279.083,61.118,0.609
44.396553,279.236,61.128,0.624
44.408163,154.256,50.854,0.635
44.419773,154.223,50.850,0.640
44.431383,303.815,62.588,0.641
44.442993,302.974,62.540,0.672
44.454603,299.015,62.313,0.710
44.466213,299.374,62.333,0.742
44.477823,298.732,62.296,0.774
44.489433,298.152,62.263,0.799
44.501043,297.540,62.227,0.818
44.512653,296.898,62.190,0.834
44.524263,296.336,62.157,0.848
44.535873,295.671,62.118,0.857
44.547483,295.211,62.091,0.860
44.559093,294.306,62.038,0.866
44.570703,293.600,61.996,0.866
44.582313,293.014,61.962,0.867
44.593923,292.641,61.940,0.865
44.605533,292.366,61.923,0.857
44.617143,292.206,61.914,0.845
44.628753,292.115,61.908,0.833
44.640363,292.098,61.907,0.825
44.651973,292.379,61.924,0.809
44.663583,292.594,61.937,0.798
44.675193,292.748,61.946,0.783
44.686803,293.015,61.962,0.770
44.698413,292.189,61.913,0.767
44.710023,289.865,61.775,0.769
44.721633,285.166,61.492,0.773
44.733243,277.420,61.015,0.776
44.744853,268.801,60.468,0.777
44.756463,258.682,59.804,0.776
44.768073,249.038,59.146,0.773
44.779683,242.839,58.710,0.775
44.791293,239.797,58.492,0.781
44.802902,237.652,58.336,0.788
44.814512,236.224,58.232,0.788
44.826122,235.116,58.150,0.784
44.837732,234.615,58.113,0.779
44.849342,234.211,58.084,0.775
44.860952,233.996,58.068,0.773
44.872562,233.571,58.036,0.770
44.884172,233.050,57.998,0.771
44.895782,232.496,57.956,0.776
44.907392,232.006,57.920,0.779
44.919002,231.293,57.867,0.782
44.930612,230.884,57.836,0.786
44.942222,230.768,57.827,0.785
44.953832,230.710,57.823,0.784
44.965442,230.909,57.838,0.782
44.977052,231.127,57.854,0.774
44.988662,231.646,57.893,0.763
45.000272,231.957,57.916,0.754
45.011882,232.550,57.960,0.745
45.023492,232.733,57.974,0.734
45.035102,233.044,57.997,0.729
45.046712,233.291,58.016,0.716
45.058322,233.303,58.016,0.702
45.069932,116.758,46.032,0.689
45.081542,116.759,46.032,0.665
45.093152,116.732,46.028,0.635
45.104762,116.626,46.013,0.598
45.116372,116.499,45.994,0.553
45.127982,116.534,45.999,0.509
45.139592,116.483,45.991,0.493
45.151202,116.337,45.970,0.482
45.162812,116.814,46.040,0.479
45.174422,117.401,46.127,0.482
45.186032,117.197,46.097,0.481
45.197642,117.067,46.078,0.481
45.209252,116.822,46.042,0.478
45.220862,116.758,46.032,0.465
45.232472,116.687,46.022,0.447
45.244082,116.678,46.020,0.425
45.255692,116.505,45.995,0.402
45.267302,116.143,45.941,0.373
45.278912,116.202,45.950,0.359
45.290522,117.109,46.084,0.351
45.302132,117.997,46.215,0.351
45.313741,118.113,46.232,0.350
45.325351,118.118,46.233,0.349
45.336961,118.145,46.237,0.363
45.348571,591.398,74.120,0.393
45.360181,593.918,74.193,0.423
45.371791,594.619,74.214,0.438
45.383401,494.178,71.010,0.468
45.395011,493.687,70.993,0.489
45.406621,490.548,70.883,0.499
45.418231,490.570,70.883,0.519
45.429841,485.978,70.721,0.542
45.441451,470.917,70.176,0.556
45.453061,463.146,69.888,0.572
45.464671,460.515,69.789,0.581
45.476281,460.693,69.796,0.576
45.487891,460.700,69.796,0.569
45.499501,462.457,69.862,0.564
45.511111,462.565,69.866,0.550
45.522721,147.540,50.083,0.527
45.534331,145.702,49.866,0.505
45.545941,211.764,56.339,0.619
45.557551,203.184,55.623,0.723
45.569161,203.881,55.683,0.775
45.580771,205.256,55.799,0.805
45.592381,207.408,55.980,0.825
45.603991,215.211,56.619,0.842
45.615601,221.795,57.141,0.857
45.627211,223.031,57.237,0.872
45.638821,229.268,57.714,0.875
45.650431,231.765,57.902,0.866
45.662041,232.690,57.971,0.856
45.673651,232.994,57.993,0.851
45.685261,232.727,57.974,0.847
45.696871,231.311,57.868,0.837
45.708481,229.575,57.738,0.830
45.720091,227.474,57.578,0.816
45.731701,225.598,57.435,0.802
45.743311,228.784,57.678,0.809
45.754921,243.692,58.771,0.820
45.766531,247.048,59.007,0.817
45.778141,249.179,59.156,0.809
45.789751,271.332,60.631,0.831
45.801361,276.419,60.952,0.843
45.812971,88.185,41.173,0.858
45.824580,88.251,41.186,0.864
45.836190,88.229,41.182,0.855
45.847800,351.752,65.125,0.845
45.859410,351.377,65.106,0.845
45.871020,350.967,65.086,0.852
45.882630,350.890,65.082,0.842
45.894240,350.625,65.069,0.831
45.905850,350.193,65.048,0.814
45.917460,349.986,65.038,0.803
45.929070,349.883,65.032,0.790
45.940680,349.959,65.036,0.774
45.952290,350.251,65.051,0.754
45.963900,350.619,65.069,0.724
45.975510,351.335,65.104,0.686
45.987120,351.809,65.127,0.640
45.998730,351.819,65.128,0.590
46.010340,350.137,65.045,0.552
46.021950,350.032,65.040,0.544
46.033560,348.239,64.951,0.545
46.045170,298.565,62.286,0.558
46.056780,236.921,58.283,0.579
46.068390,99.357,43.238,0.595
46.080000,125.268,47.250,0.616
46.091610,85.780,40.694,0.628
46.103220,85.769,40.692,0.633
46.114830,85.774,40.693,0.636
46.126440,351.089,65.092,0.661
46.138050,309.748,62.923,0.710
46.149660,305.230,62.669,0.728
46.161270,303.962,62.597,0.742
46.172880,304.340,62.618,0.749
46.184490,304.129,62.606,0.756
46.196100,302.811,62.531,0.764
46.207710,301.602,62.462,0.777
46.219320,299.823,62.359,0.789
46.230930,297.703,62.236,0.793
46.242540,295.856,62.129,0.803
46.254150,294.828,62.068,0.814
46.265760,294.181,62.030,0.821
46.277370,293.975,62.018,0.832
46.288980,293.959,62.017,0.841
46.300590,294.068,62.024,0.846
46.312200,294.238,62.034,0.842
46.323810,294.414,62.044,0.834
46.335420,294.376,62.042,0.832
46.347029,294.266,62.035,0.825
46.358639,294.065,62.024,0.822
46.370249,293.667,62.000,0.816
46.381859,292.811,61.950,0.814
46.393469,290.920,61.837,0.823
46.405079,289.135,61.731,0.821
46.416689,287.582,61.638,0.817
46.428299,284.174,61.431,0.815
46.439909,280.168,61.185,0.819
46.451519,275.113,60.870,0.823
46.463129,266.393,60.313,0.829
46.474739,262.009,60.025,0.832
46.486349,259.938,59.888,0.826
46.497959,260.188,59.905,0.831
46.509569,260.551,59.929,0.839
46.521179,260.922,59.953,0.841
46.532789,261.119,59.966,0.841
46.544399,260.964,59.956,0.848
46.556009,260.851,59.949,0.840
46.567619,260.447,59.922,0.828
46.579229,259.696,59.872,0.816
46.590839,258.482,59.791,0.798
46.602449,256.509,59.658,0.776
46.614059,254.129,59.497,0.752
46.625669,252.197,59.365,0.725
46.637279,221.368,57.107,0.677
46.648889,240.928,58.573,0.667
46.660499,262.930,60.086,0.710
46.672109,264.864,60.213,0.736
46.683719,263.325,60.112,0.743
46.695329,262.619,60.066,0.756
46.706939,262.217,60.039,0.772
46.718549,262.217,60.039,0.784
46.730159,261.953,60.022,0.792
46.741769,262.055,60.028,0.800
46.753379,261.749,60.008,0.792
46.764989,261.632,60.000,0.787
46.776599,261.677,60.003,0.799
46.788209,261.690,60.004,0.805
46.799819,261.740,60.008,0.805
46.811429,261.663,60.002,0.803
46.823039,261.578,59.997,0.801
46.834649,261.525,59.993,0.802
46.846259,261.466,59.989,0.802
46.857868,261.512,59.992,0.797
46.869478,261.580,59.997,0.790
46.881088,261.698,60.005,0.785
46.892698,261.802,60.012,0.783
46.904308,261.878,60.017,0.784
46.915918,261.983,60.024,0.786
46.927528,262.202,60.038,0.780
46.939138,262.526,60.059,0.771
46.950748,262.835,60.080,0.762
46.962358,262.957,60.088,0.759
46.973968,262.916,60.085,0.755
46.985578,263.078,60.096,0.747
46.997188,263.409,60.118,0.735
47.008798,263.331,60.112,0.718
47.020408,262.822,60.079,0.705
47.032018,261.861,60.016,0.695
47.043628,260.594,59.932,0.685
47.055238,364.769,65.754,0.668
47.066848,365.418,65.785,0.645
47.078458,86.878,40.915,0.629
47.090068,87.059,40.951,0.609
47.101678,87.201,40.979,0.592
47.113288,87.248,40.988,0.582
47.124898,87.415,41.021,0.578
47.136508,87.658,41.070,0.572
47.148118,381.510,66.531,0.579
47.159728,383.298,66.612,0.594
47.171338,383.574,66.624,0.600
47.182948,383.806,66.635,0.608
47.194558,385.657,66.718,0.606
47.206168,386.267,66.745,0.604
47.217778,386.741,66.766,0.595
47.229388,387.042,66.780,0.587
47.240998,88.071,41.151,0.565
47.252608,260.636,59.934,0.534
47.264218,263.732,60.139,0.541
47.275828,202.764,55.588,0.621
47.287438,206.294,55.886,0.674
47.299048,219.655,56.973,0.718
47.310658,232.240,57.937,0.769
47.322268,233.909,58.061,0.798
47.333878,234.651,58.116,0.821
47.345488,234.784,58.126,0.840
47.357098,234.593,58.112,0.856
47.368707,234.454,58.102,0.860
47.380317,234.458,58.102,0.857
47.391927,234.427,58.100,0.850
47.403537,234.371,58.096,0.833
47.415147,233.782,58.052,0.822
47.426757,232.735,57.974,0.816
47.438367,232.074,57.925,0.817
47.449977,232.498,57.957,0.818
47.461587,234.958,58.139,0.818
47.473197,238.258,58.380,0.824
47.484807,243.110,58.729,0.831
47.496417,251.267,59.301,0.832
47.508027,257.845,59.748,0.838
47.519637,261.016,59.960,0.840
47.531247,270.438,60.574,0.837
47.542857,303.876,62.592,0.830
47.554467,348.278,64.953,0.824
47.566077,348.369,64.957,0.821
47.577687,348.036,64.941,0.816
47.589297,347.679,64.923,0.818
47.600907,347.928,64.935,0.812
47.612517,348.181,64.948,0.804
47.624127,348.180,64.948,0.797
47.635737,348.140,64.946,0.792
47.647347,348.097,64.944,0.779
47.658957,348.403,64.959,0.764
47.670567,349.217,64.999,0.747
47.682177,350.150,65.046,0.725
47.693787,350.885,65.082,0.698
47.705397,351.270,65.101,0.669
47.717007,351.160,65.095,0.629
47.728617,349.730,65.025,0.587
47.740227,348.871,64.982,0.589
47.751837,269.049,60.484,0.599
47.763447,345.473,64.813,0.622
47.775057,319.708,63.471,0.641
47.786667,117.921,46.204,0.657
47.798277,117.906,46.202,0.664
47.809887,846.295,80.324,0.673
47.821497,846.382,80.326,0.671
47.833107,272.426,60.700,0.677
47.844717,302.956,62.539,0.704
47.856327,303.210,62.554,0.722
47.867937,313.607,63.137,0.757
47.879546,311.949,63.046,0.804
47.891156,309.564,62.913,0.829
47.902766,307.072,62.773,0.842
47.914376,306.462,62.738,0.850
47.925986,305.840,62.703,0.853
47.937596,304.288,62.615,0.850
47.949206,302.485,62.512,0.850
47.960816,300.045,62.372,0.842
47.972426,297.712,62.237,0.816
47.984036,296.378,62.159,0.795
47.995646,295.313,62.097,0.781
48.007256,294.519,62.050,0.775
48.018866,293.882,62.013,0.775
48.030476,293.530,61.992,0.775
48.042086,293.377,61.983,0.774
48.053696,293.295,61.978,0.767
48.065306,293.039,61.963,0.766
48.076916,292.833,61.951,0.774
48.088526,292.546,61.934,0.791
48.100136,292.094,61.907,0.814
48.111746,291.261,61.858,0.824
48.123356,290.001,61.783,0.831
48.134966,288.342,61.683,0.839
48.146576,285.644,61.521,0.844
48.158186,281.978,61.297,0.848
48.169796,276.986,60.988,0.848
48.181406,272.451,60.702,0.842
48.193016,267.820,60.405,0.831
48.204626,264.590,60.195,0.831
48.216236,263.150,60.101,0.830
48.227846,262.502,60.058,0.822
48.239456,262.235,60.040,0.824
48.251066,262.129,60.033,0.828
48.262676,261.962,60.022,0.839
48.274286,261.883,60.017,0.841
48.285896,262.042,60.028,0.829
48.297506,262.171,60.036,0.812
48.309116,261.725,60.007,0.796
48.320726,261.107,59.966,0.782
48.332336,260.008,59.893,0.762
48.343946,258.444,59.788,0.726
48.355556,257.083,59.697,0.653
48.367166,258.536,59.794,0.634
48.378776,265.561,60.258,0.675
48.390385,270.300,60.565,0.745
48.401995,269.372,60.505,0.776
48.413605,268.312,60.437,0.792
48.425215,267.032,60.354,0.812
48.436825,266.063,60.291,0.837
48.448435,265.376,60.246,0.858
48.460045,264.975,60.220,0.865
48.471655,264.367,60.180,0.867
48.483265,263.311,60.111,0.855
48.494875,262.885,60.083,0.851
48.506485,262.709,60.072,0.854
48.518095,262.653,60.068,0.851
48.529705,262.736,60.073,0.842
48.541315,262.781,60.076,0.837
48.552925,262.564,60.062,0.845
48.564535,262.368,60.049,0.855
48.576145,262.246,60.041,0.857
48.587755,262.208,60.039,0.856
48.599365,262.251,60.041,0.851
48.610975,262.153,60.035,0.850
48.622585,262.076,60.030,0.848
48.634195,262.133,60.034,0.841
48.645805,262.414,60.052,0.824
48.657415,262.505,60.058,0.822
48.669025,262.394,60.051,0.817
48.680635,262.647,60.067,0.811
48.692245,262.804,60.078,0.807
48.703855,262.984,60.090,0.802
48.715465,263.020,60.092,0.792
48.727075,262.821,60.079,0.781
48.738685,262.603,60.065,0.770
48.750295,263.538,60.126,0.728
48.761905,263.637,60.133,0.695
48.773515,262.887,60.083,0.668
48.785125,262.269,60.043,0.641
48.796735,261.997,60.025,0.602
48.808345,261.409,59.986,0.571
48.819955,262.335,60.047,0.548
48.831565,263.281,60.109,0.517
48.843175,264.432,60.185,0.488
48.854785,263.962,60.154,0.491
48.866395,262.947,60.087,0.503
48.878005,263.934,60.152,0.512
48.889615,262.951,60.087,0.521
48.901224,263.087,60.096,0.535
48.912834,263.304,60.111,0.534
48.924444,263.268,60.108,0.534
48.936054,263.563,60.128,0.536
48.947664,263.671,60.135,0.526
48.959274,263.605,60.130,0.513
48.970884,263.589,60.129,0.494
48.982494,264.211,60.170,0.472
48.994104,263.702,60.137,0.481
49.005714,203.008,55.608,0.612
49.017324,217.965,56.839,0.689
49.028934,230.107,57.778,0.748
49.040544,231.850,57.908,0.784
49.052154,232.500,57.957,0.801
49.063764,233.070,57.999,0.822
49.075374,233.041,57.997,0.836
49.086984,232.769,57.977,0.843
49.098594,232.817,57.980,0.839
49.110204,233.065,57.999,0.834
49.121814,232.926,57.988,0.827
49.133424,232.948,57.990,0.809
49.145034,232.498,57.957,0.802
49.156644,231.793,57.904,0.783
49.168254,231.714,57.898,0.768
49.179864,244.087,58.799,0.772
49.191474,254.431,59.517,0.765
49.203084,272.229,60.688,0.767
49.214694,317.868,63.371,0.774
49.226304,342.478,64.662,0.782
49.237914,345.953,64.837,0.787
49.249524,347.668,64.922,0.795
49.261134,347.893,64.934,0.804
49.272744,347.853,64.932,0.803
49.284354,347.804,64.929,0.811
49.295964,348.229,64.950,0.808
49.307574,348.890,64.983,0.793
49.319184,349.319,65.004,0.793
49.330794,349.811,65.029,0.792
49.342404,350.110,65.044,0.783
49.354014,350.635,65.070,0.769
49.365624,351.563,65.115,0.751
49.377234,353.127,65.192,0.727
49.388844,354.321,65.251,0.693
49.400454,354.841,65.276,0.658
49.412063,354.914,65.280,0.612
49.423673,352.607,65.167,0.540
49.435283,352.858,65.179,0.504
49.446893,346.641,64.871,0.506
49.458503,116.645,46.016,0.528
49.470113,116.697,46.023,0.542
49.481723,116.697,46.023,0.565
49.493333,100.677,43.467,0.585
49.504943,100.674,43.466,0.600
49.516553,116.735,46.029,0.616
49.528163,116.707,46.025,0.627
49.539773,88.575,41.250,0.629
49.551383,319.854,63.479,0.661
49.562993,318.858,63.425,0.709
49.574603,318.123,63.385,0.755
49.586213,314.470,63.185,0.779
49.597823,311.341,63.012,0.800
49.609433,309.661,62.918,0.812
49.621043,308.208,62.837,0.819
49.632653,306.786,62.757,0.828
49.644263,304.468,62.625,0.835
49.655873,301.072,62.431,0.839
49.667483,298.768,62.298,0.836
49.679093,297.034,62.198,0.842
49.690703,295.691,62.119,0.851
49.702313,294.894,62.072,0.862
49.713923,294.395,62.043,0.873
49.725533,294.182,62.030,0.880
49.737143,294.032,62.022,0.881
49.748753,293.744,62.005,0.882
49.760363,293.502,61.990,0.882
49.771973,293.227,61.974,0.882
49.783583,292.954,61.958,0.878
49.795193,292.593,61.937,0.873
49.806803,291.874,61.894,0.871
49.818413,290.658,61.822,0.871
49.830023,289.915,61.778,0.861
49.841633,289.037,61.725,0.848
49.853243,287.727,61.646,0.838
49.864853,284.851,61.472,0.827
49.876463,280.166,61.185,0.814
49.888073,273.756,60.785,0.806
49.899683,265.376,60.246,0.795
49.911293,262.072,60.030,0.782
49.922902,260.736,59.941,0.779
49.934512,260.194,59.905,0.775
49.946122,259.760,59.876,0.764
49.957732,259.563,59.863,0.746
49.969342,259.574,59.864,0.725
49.980952,259.088,59.831,0.700
49.992562,258.994,59.825,0.665
50.004172,266.914,60.346,0.622
50.015782,98.437,43.077,0.605
50.027392,290.794,61.830,0.602
50.039002,290.819,61.831,0.592
50.050612,290.677,61.823,0.588
50.062222,290.529,61.814,0.585
50.073832,290.543,61.815,0.582
50.085442,290.499,61.812,0.578
50.097052,290.218,61.796,0.581
50.108662,289.870,61.775,0.593
50.120272,282.584,61.334,0.602
50.131882,280.478,61.205,0.641
50.143492,278.325,61.071,0.670
50.155102,276.304,60.945,0.689
50.166712,274.508,60.832,0.698
50.178322,273.637,60.777,0.708
50.189932,272.124,60.681,0.721
50.201542,269.219,60.495,0.735
50.213152,266.481,60.318,0.752
50.224762,263.977,60.155,0.761
50.236372,262.721,60.072,0.773
50.247982,262.108,60.032,0.787
50.259592,261.855,60.015,0.804
50.271202,261.662,60.002,0.819
50.282812,261.676,60.003,0.832
50.294422,261.637,60.001,0.839
50.306032,261.687,60.004,0.844
50.317642,261.846,60.015,0.850
50.329252,261.818,60.013,0.853
50.340862,261.670,60.003,0.850
50.352472,261.671,60.003,0.847
50.364082,261.665,60.003,0.840
50.375692,261.606,59.999,0.829
50.387302,261.632,60.000,0.814
50.398912,261.543,59.995,0.797
50.410522,261.438,59.988,0.774
50.422132,261.694,60.005,0.747
50.433741,262.272,60.043,0.723
50.445351,262.963,60.088,0.689
50.456961,263.829,60.145,0.654
50.468571,264.787,60.208,0.615
50.480181,267.925,60.412,0.589
50.491791,268.974,60.480,0.559
50.503401,267.805,60.404,0.523
50.515011,267.812,60.405,0.469
50.526621,267.008,60.353,0.426
50.538231,264.673,60.201,0.416
50.549841,264.821,60.210,0.417
50.561451,264.629,60.198,0.436
50.573061,264.507,60.190,0.459
50.584671,264.821,60.210,0.490
50.596281,264.948,60.218,0.517
50.607891,408.039,67.694,0.544
50.619501,407.187,67.658,0.550
50.631111,407.675,67.679,0.550
50.642721,407.947,67.691,0.544
50.654331,408.736,67.724,0.533
50.665941,408.620,67.719,0.519
50.677551,130.808,47.999,0.495
50.689161,130.626,47.975,0.463
50.700771,261.050,59.962,0.512
50.712381,208.817,56.097,0.615
50.723991,210.185,56.210,0.678
50.735601,223.848,57.300,0.745
50.747211,230.797,57.829,0.782
50.758821,232.701,57.972,0.806
50.770431,233.791,58.053,0.827
50.782041,234.084,58.074,0.847
50.793651,234.154,58.079,0.853
50.805261,234.325,58.092,0.847
50.816871,234.506,58.105,0.849
50.828481,234.654,58.116,0.837
50.840091,234.934,58.137,0.826
50.851701,235.079,58.148,0.826
50.863311,235.388,58.170,0.827
50.874921,238.013,58.362,0.824
50.886531,242.615,58.694,0.826
50.898141,248.658,59.120,0.830
50.909751,253.188,59.432,0.822
50.921361,258.469,59.790,0.826
50.932971,275.677,60.906,0.831
50.944580,292.575,61.936,0.828
50.956190,303.049,62.545,0.821
50.967800,346.313,64.855,0.814
50.979410,347.324,64.905,0.811
50.991020,347.501,64.914,0.811
51.002630,347.822,64.930,0.812
51.014240,348.214,64.950,0.803
51.025850,348.617,64.970,0.794
51.037460,349.167,64.997,0.789
51.049070,349.548,65.016,0.783
51.060680,349.892,65.033,0.776
51.072290,350.305,65.053,0.760
51.083900,350.802,65.078,0.743
51.095510,351.269,65.101,0.722
51.107120,351.575,65.116,0.694
51.118730,351.322,65.103,0.665
51.130340,350.727,65.074,0.615
51.141950,350.383,65.057,0.554
51.153560,116.923,46.057,0.489
51.165170,116.707,46.025,0.505
51.176780,232.287,57.941,0.529
51.188390,116.707,46.025,0.556
51.200000,116.759,46.032,0.581
51.211610,116.754,46.032,0.597
51.223220,458.912,69.729,0.618
51.234830,80.160,39.522,0.632
51.246440,80.163,39.522,0.635
51.258050,352.771,65.175,0.637
51.269660,302.776,62.529,0.677
51.281270,303.433,62.567,0.726
51.292880,303.845,62.590,0.768
51.304490,302.139,62.492,0.813
51.316100,299.863,62.362,0.835
51.327710,298.542,62.285,0.848
51.339320,297.419,62.220,0.860
51.350930,296.305,62.155,0.871
51.362540,295.431,62.104,0.877
51.374150,294.353,62.040,0.876
51.385760,293.458,61.988,0.871
51.397370,292.882,61.954,0.856
51.408980,292.829,61.951,0.849
51.420590,293.035,61.963,0.849
51.432200,293.246,61.975,0.851
51.443810,293.477,61.989,0.853
51.455420,293.586,61.995,0.852
51.467029,293.786,62.007,0.850
51.478639,293.923,62.015,0.846
51.490249,293.899,62.014,0.845
51.501859,293.716,62.003,0.845
51.513469,293.050,61.964,0.845
51.525079,291.955,61.899,0.841
51.536689,290.195,61.794,0.835
51.548299,287.956,61.660,0.826
51.559909,283.865,61.412,0.820
51.571519,279.488,61.143,0.815
51.583129,274.652,60.841,0.810
51.594739,268.078,60.422,0.803
51.606349,128.936,47.750,0.789
51.617959,128.920,47.748,0.773
51.629569,258.928,59.821,0.751
51.641179,259.354,59.849,0.734
51.652789,259.274,59.844,0.714
51.664399,259.174,59.837,0.694
51.676009,258.646,59.802,0.669
51.687619,275.731,60.909,0.633
51.699229,290.067,61.787,0.603
51.710839,289.801,61.771,0.599
51.722449,98.075,43.013,0.600
51.734059,298.007,62.254,0.598
51.745669,297.697,62.236,0.596
51.757279,202.331,55.551,0.594
51.768889,297.607,62.231,0.599
51.780499,202.287,55.547,0.603
51.792109,202.287,55.547,0.605
51.803719,293.558,61.994,0.610
51.815329,286.585,61.577,0.640
51.826939,286.837,61.593,0.708
51.838549,282.172,61.309,0.761
51.850159,280.133,61.183,0.772
51.861769,277.151,60.998,0.787
51.873379,275.637,60.903,0.803
51.884989,273.208,60.750,0.820
51.896599,270.337,60.567,0.834
51.908209,266.900,60.346,0.844
51.919819,263.042,60.093,0.843
51.931429,261.474,59.990,0.837
51.943039,261.309,59.979,0.848
51.954649,261.168,59.970,0.858
51.966259,261.475,59.990,0.863
51.977868,261.966,60.023,0.865
51.989478,262.220,60.039,0.862
52.001088,262.320,60.046,0.858
52.012698,262.357,60.048,0.848
52.024308,262.099,60.031,0.839
52.035918,261.082,59.964,0.828
52.047528,256.891,59.684,0.815
52.059138,246.594,58.976,0.808
52.070748,240.754,58.561,0.801
52.082358,238.268,58.381,0.806
52.093968,237.090,58.295,0.811
52.105578,236.306,58.238,0.821
52.117188,235.495,58.178,0.827
52.128798,234.688,58.119,0.838
52.140408,233.492,58.030,0.846
52.152018,232.775,57.977,0.852
52.163628,232.535,57.959,0.861
52.175238,232.428,57.951,0.867
52.186848,232.325,57.944,0.867
52.198458,232.382,57.948,0.870
52.210068,232.404,57.950,0.872
52.221678,232.541,57.960,0.865
52.233288,232.691,57.971,0.859
52.244898,232.639,57.967,0.852
52.256508,232.688,57.971,0.842
52.268118,233.503,58.031,0.832
52.279728,233.785,58.052,0.829
52.291338,233.682,58.045,0.826
52.302948,233.545,58.034,0.824
52.314558,233.313,58.017,0.828
52.326168,233.247,58.012,0.835
52.337778,233.347,58.020,0.838
52.349388,233.190,58.008,0.840
52.360998,232.974,57.992,0.845
52.372608,232.754,57.976,0.846
52.384218,232.632,57.967,0.844
52.395828,232.502,57.957,0.846
52.407438,232.488,57.956,0.848
52.419048,232.523,57.958,0.844
52.430658,232.517,57.958,0.843
52.442268,232.628,57.966,0.844
52.453878,232.800,57.979,0.842
52.465488,232.966,57.991,0.841
52.477098,233.226,58.011,0.843
52.488707,233.566,58.036,0.843
52.500317,233.630,58.041,0.841
52.511927,233.325,58.018,0.839
52.523537,232.806,57.980,0.828
52.535147,232.380,57.948,0.815
52.546757,232.032,57.922,0.801
52.558367,236.650,58.263,0.783
52.569977,236.772,58.272,0.757
52.581587,225.106,57.397,0.726
52.593197,224.993,57.389,0.692
52.604807,99.325,43.233,0.655
52.616417,99.338,43.235,0.651
52.628027,119.798,46.477,0.646
52.639637,259.397,59.852,0.638
52.651247,130.469,47.954,0.635
52.662857,130.470,47.955,0.631
52.674467,117.916,46.203,0.620
52.686077,232.171,57.932,0.643
52.697687,237.359,58.315,0.693
52.709297,241.398,58.607,0.739
52.720907,240.155,58.518,0.781
52.732517,240.149,58.517,0.808
52.744127,238.339,58.386,0.833
52.755737,238.066,58.366,0.855
52.767347,237.505,58.325,0.874
52.778957,237.007,58.289,0.883
52.790567,236.301,58.237,0.889
52.802177,235.465,58.176,0.890
52.813787,234.706,58.120,0.885
52.825397,233.797,58.053,0.883
52.837007,232.804,57.979,0.872
52.848617,231.685,57.896,0.855
52.860227,230.550,57.811,0.838
52.871837,229.251,57.713,0.821
52.883447,229.001,57.694,0.804
52.895057,234.125,58.077,0.808
52.906667,259.204,59.839,0.820
52.918277,261.169,59.970,0.824
52.929887,261.649,60.002,0.841
52.941497,261.846,60.015,0.864
52.953107,262.030,60.027,0.883
52.964717,262.073,60.030,0.902
52.976327,262.199,60.038,0.915
52.987937,262.129,60.033,0.917
52.999546,261.789,60.011,0.916
53.011156,261.599,59.998,0.917
53.022766,261.482,59.990,0.916
53.034376,261.240,59.974,0.911
53.045986,261.163,59.969,0.906
53.057596,261.387,59.984,0.899
53.069206,262.006,60.025,0.891
53.080816,263.074,60.096,0.884
53.092426,264.989,60.221,0.877
53.104036,268.117,60.424,0.871
53.115646,273.235,60.752,0.870
53.127256,280.068,61.179,0.871
53.138866,287.371,61.625,0.871
53.150476,290.924,61.838,0.871
53.162086,293.108,61.967,0.861
53.173696,294.387,62.043,0.847
53.185306,294.833,62.069,0.832
53.196916,294.696,62.061,0.815
53.208526,294.011,62.020,0.788
53.220136,292.907,61.955,0.755
53.231746,290.558,61.816,0.707
53.243356,287.451,61.630,0.636
53.254966,259.486,59.858,0.585
53.266576,259.486,59.858,0.592
53.278186,266.051,60.290,0.595
53.289796,126.753,47.454,0.600
53.301406,99.345,43.236,0.607
53.313016,99.352,43.237,0.608
53.324626,99.348,43.237,0.608
53.336236,275.620,60.902,0.616
53.347846,301.676,62.466,0.693
53.359456,300.874,62.420,0.746
53.371066,298.954,62.309,0.796
53.382676,296.334,62.157,0.835
53.394286,295.299,62.096,0.858
53.405896,294.830,62.069,0.879
53.417506,294.558,62.053,0.894
53.429116,294.219,62.033,0.906
53.440726,293.809,62.008,0.908
53.452336,293.334,61.981,0.905
53.463946,293.067,61.965,0.900
53.475556,293.011,61.961,0.889
53.487166,293.041,61.963,0.884
53.498776,292.924,61.956,0.872
53.510385,292.587,61.936,0.858
53.521995,292.309,61.920,0.839
53.533605,291.929,61.897,0.821
53.545215,291.364,61.864,0.798
53.556825,290.140,61.791,0.762
53.568435,287.360,61.624,0.722
53.580045,281.373,61.260,0.661
53.591655,275.504,60.895,0.590
53.603265,269.656,60.523,0.537
53.614875,269.853,60.536,0.492
53.626485,290.210,61.795,0.396
53.638095,290.009,61.783,0.366
53.649705,289.987,61.782,0.353
53.661315,289.921,61.778,0.356
53.672925,290.147,61.791,0.358
53.684535,290.066,61.787,0.358
53.696145,289.930,61.778,0.348
53.707755,289.902,61.777,0.335
53.719365,289.651,61.762,0.326
53.730975,289.600,61.759,0.321
53.742585,290.149,61.791,0.300
53.754195,290.206,61.795,0.300
53.765805,290.158,61.792,0.309
53.777415,290.602,61.818,0.305
53.789025,290.281,61.799,0.314
53.800635,290.008,61.783,0.318
53.812245,289.514,61.754,0.317
53.823855,289.471,61.751,0.310
53.835465,289.356,61.744,0.311
53.847075,288.997,61.723,0.308
53.858685,289.154,61.732,0.293
53.870295,288.827,61.712,0.293
53.881905,289.250,61.738,0.281
53.893515,287.243,61.617,0.321
53.905125,147.898,50.125,0.425
53.916735,799.840,79.346,0.519
53.928345,845.299,80.304,0.642
53.939955,834.643,80.084,0.688
53.951565,845.762,80.313,0.720
53.963175,352.316,65.152,0.741
53.974785,353.859,65.228,0.764
53.986395,354.783,65.273,0.778
53.998005,355.472,65.307,0.785
54.009615,355.398,65.303,0.789
54.021224,355.472,65.307,0.778
54.032834,355.262,65.297,0.777
54.044444,355.839,65.325,0.781
54.056054,356.904,65.376,0.789
54.067664,358.130,65.436,0.794
54.079274,362.701,65.655,0.806
54.090884,366.792,65.849,0.815
54.102494,371.635,66.077,0.819
54.114104,375.803,66.270,0.826
54.125714,380.897,66.503,0.838
54.137324,385.958,66.731,0.852
54.148934,389.291,66.880,0.865
54.160544,390.723,66.944,0.874
54.172154,391.849,66.994,0.878
54.183764,392.108,67.005,0.882
54.195374,392.018,67.001,0.884
54.206984,391.869,66.994,0.881
54.218594,391.579,66.982,0.869
54.230204,391.312,66.970,0.850
54.241814,390.772,66.946,0.826
54.253424,390.692,66.942,0.797
54.265034,390.693,66.942,0.766
54.276644,390.653,66.941,0.737
54.288254,389.870,66.906,0.709
54.299864,388.203,66.832,0.681
54.311474,385.886,66.728,0.657
54.323084,382.385,66.570,0.637
54.334694,379.754,66.451,0.616
54.346304,379.307,66.430,0.612
54.357914,379.909,66.458,0.606
54.369524,380.307,66.476,0.592
54.381134,354.665,65.267,0.639
54.392744,351.955,65.135,0.695
54.404354,351.202,65.098,0.740
54.415964,350.815,65.078,0.779
54.427574,350.611,65.068,0.815
54.439184,350.466,65.061,0.843
54.450794,350.381,65.057,0.862
54.462404,350.395,65.058,0.871
54.474014,350.407,65.058,0.871
54.485624,350.472,65.062,0.864
54.497234,350.653,65.071,0.857
54.508844,350.682,65.072,0.848
54.520454,350.884,65.082,0.834
54.532063,350.868,65.081,0.817
54.543673,350.621,65.069,0.799
54.555283,349.824,65.030,0.782
54.566893,348.973,64.987,0.771
54.578503,346.151,64.847,0.779
54.590113,678.404,76.496,0.795
54.601723,664.679,76.142,0.802
54.613333,653.138,75.839,0.797
54.624943,640.261,75.494,0.785
54.636553,630.600,75.231,0.788
54.648163,625.797,75.098,0.792
54.659773,621.133,74.969,0.802
54.671383,608.902,74.624,0.806
54.682993,295.455,62.105,0.814
54.694603,293.265,61.976,0.831
54.706213,293.142,61.969,0.845
54.717823,293.319,61.980,0.860
54.729433,293.368,61.982,0.864
54.741043,293.380,61.983,0.868
54.752653,293.377,61.983,0.869
54.764263,293.162,61.970,0.864
54.775873,293.189,61.972,0.850
54.787483,292.945,61.958,0.828
54.799093,292.559,61.935,0.811
54.810703,292.340,61.922,0.794
54.822313,291.977,61.900,0.785
54.833923,291.798,61.890,0.776
54.845533,292.221,61.915,0.768
54.857143,292.508,61.932,0.763
54.868753,292.717,61.944,0.763
54.880363,292.902,61.955,0.766
54.891973,293.120,61.968,0.769
54.903583,293.164,61.970,0.776
54.915193,293.354,61.982,0.781
54.926803,293.363,61.982,0.788
54.938413,293.419,61.985,0.797
54.950023,293.400,61.984,0.803
54.961633,293.320,61.980,0.808
54.973243,293.399,61.984,0.810
54.984853,293.401,61.984,0.809
54.996463,293.365,61.982,0.804
55.008073,293.364,61.982,0.799
55.019683,293.295,61.978,0.796
55.031293,293.298,61.978,0.789
55.042902,293.410,61.985,0.779
55.054512,293.419,61.986,0.764
55.066122,293.379,61.983,0.748
55.077732,293.442,61.987,0.735
55.089342,293.581,61.995,0.724
55.100952,293.730,62.004,0.714
55.112562,293.784,62.007,0.698
55.124172,293.810,62.009,0.688
55.135782,293.788,62.007,0.687
55.147392,293.801,62.008,0.689
55.159002,293.740,62.004,0.696
55.170612,293.587,61.995,0.696
55.182222,293.377,61.983,0.690
55.193832,293.107,61.967,0.683
55.205442,293.255,61.976,0.683
55.217052,293.687,62.001,0.695
55.228662,295.303,62.096,0.712
55.240272,302.685,62.524,0.724
55.251882,308.803,62.870,0.723
55.263492,309.980,62.936,0.725
55.275102,310.423,62.961,0.727
55.286712,310.545,62.968,0.730
55.298322,310.656,62.974,0.730
55.309932,310.876,62.986,0.725
55.321542,310.978,62.992,0.701
55.333152,311.145,63.001,0.677
55.344762,311.333,63.011,0.669
55.356372,311.910,63.044,0.669
55.367982,313.679,63.141,0.694
55.379592,315.691,63.252,0.728
55.391202,319.894,63.481,0.753
55.402812,328.847,63.959,0.768
55.414422,335.106,64.285,0.783
55.426032,340.122,64.543,0.802
55.437642,343.259,64.702,0.822
55.449252,344.698,64.774,0.836
55.460862,345.870,64.833,0.834
55.472472,347.198,64.899,0.821
55.484082,348.281,64.953,0.807
55.495692,348.004,64.939,0.799
55.507302,346.854,64.882,0.800
55.518912,345.919,64.835,0.794
55.530522,345.483,64.813,0.781
55.542132,345.607,64.820,0.774
55.553741,345.952,64.837,0.774
55.565351,346.562,64.867,0.773
55.576961,347.284,64.903,0.770
55.588571,348.376,64.958,0.769
55.600181,350.006,65.039,0.776
55.611791,351.067,65.091,0.791
55.623401,351.585,65.116,0.792
55.635011,352.004,65.137,0.777
55.646621,352.116,65.143,0.770
55.658231,352.229,65.148,0.773
55.669841,352.182,65.146,0.776
55.681451,351.729,65.124,0.768
55.693061,351.021,65.089,0.742
55.704671,350.234,65.050,0.699
55.716281,349.130,64.995,0.672
55.727891,348.474,64.963,0.673
55.739501,347.593,64.919,0.663
55.751111,346.751,64.877,0.655
55.762721,346.916,64.885,0.676
55.774331,347.854,64.932,0.710
55.785941,348.812,64.979,0.731
55.797551,349.374,65.007,0.737
55.809161,349.632,65.020,0.742
55.820771,349.996,65.038,0.741
55.832381,350.317,65.054,0.739
55.843991,350.381,65.057,0.741
55.855601,350.183,65.047,0.736
55.867211,349.967,65.037,0.711
55.878821,349.526,65.015,0.690
55.890431,348.762,64.977,0.678
55.902041,349.781,65.027,0.667
55.913651,350.093,65.043,0.665
55.925261,350.006,65.039,0.665
55.936871,350.686,65.072,0.656
55.948481,350.458,65.061,0.630
55.960091,350.899,65.083,0.621
55.971701,352.298,65.152,0.606
55.983311,116.629,46.013,0.587
55.994921,354.320,65.251,0.579
56.006531,114.916,45.757,0.576
56.018141,114.921,45.758,0.578
56.029751,114.955,45.763,0.575
56.041361,355.805,65.323,0.568
56.052971,115.396,45.829,0.560
56.064580,177.726,53.306,0.551
56.076190,177.712,53.304,0.543
56.087800,118.554,46.296,0.554
56.099410,97.153,42.850,0.584
56.111020,274.743,60.847,0.659
56.122630,268.693,60.461,0.716
56.134240,268.791,60.468,0.764
56.145850,268.959,60.479,0.785
56.157460,269.104,60.488,0.790
56.169070,268.651,60.459,0.794
56.180680,268.297,60.436,0.798
56.192290,268.317,60.437,0.795
56.203900,267.616,60.392,0.779
56.215510,267.924,60.412,0.753
56.227120,268.147,60.426,0.717
56.238730,269.338,60.503,0.690
56.250340,278.682,61.093,0.701
56.261950,286.982,61.601,0.719
56.273560,289.264,61.739,0.730
56.285170,289.754,61.768,0.740
56.296780,290.089,61.788,0.746
56.308390,290.701,61.824,0.751
56.320000,291.481,61.871,0.758
56.331610,291.031,61.844,0.768
56.343220,291.597,61.878,0.762
56.354830,291.018,61.843,0.767
56.366440,288.916,61.718,0.760
56.378050,284.213,61.434,0.771
56.389660,277.577,61.025,0.779
56.401270,274.111,60.807,0.784
56.412880,271.319,60.630,0.771
56.424490,269.515,60.514,0.768
56.436100,268.254,60.433,0.773
56.447710,266.571,60.324,0.759
56.459320,265.776,60.273,0.756
56.470930,264.534,60.191,0.743
56.482540,263.525,60.125,0.740
56.494150,262.046,60.028,0.753
56.505760,259.842,59.882,0.771
56.517370,256.690,59.670,0.787
56.528980,248.916,59.138,0.786
56.540590,245.258,58.882,0.796
56.552200,241.713,58.629,0.810
56.563810,237.563,58.330,0.820
56.575420,234.964,58.139,0.826
56.587029,233.793,58.053,0.823
56.598639,233.654,58.042,0.817
56.610249,233.510,58.032,0.806
56.621859,233.682,58.045,0.810
56.633469,233.593,58.038,0.807
56.645079,233.551,58.035,0.799
56.656689,233.475,58.029,0.789
56.668299,233.224,58.011,0.775
56.679909,233.037,57.997,0.765
56.691519,232.691,57.971,0.756
56.703129,232.490,57.956,0.746
56.714739,232.341,57.945,0.729
56.726349,232.493,57.956,0.717
56.737959,232.631,57.966,0.704
56.749569,232.933,57.989,0.691
56.761179,233.147,58.005,0.679
56.772789,233.254,58.013,0.672
56.784399,233.387,58.023,0.669
56.796009,233.603,58.039,0.673
56.807619,233.777,58.052,0.680
56.819229,233.518,58.032,0.680
56.830839,233.399,58.024,0.677
56.842449,233.143,58.005,0.668
56.854059,233.021,57.996,0.659
56.865669,232.781,57.978,0.650
56.877279,232.759,57.976,0.640
56.888889,232.141,57.930,0.620
56.900499,231.733,57.900,0.591
56.912109,231.118,57.854,0.561
56.923719,229.937,57.765,0.532
56.935329,228.989,57.693,0.546
56.946939,229.496,57.732,0.545
56.958549,113.259,45.506,0.663
56.970159,139.657,49.133,0.724
56.981769,135.370,48.593,0.754
56.993379,134.925,48.536,0.782
57.004989,134.461,48.476,0.800
57.016599,133.239,48.318,0.819
57.028209,132.702,48.248,0.822
57.039819,132.361,48.204,0.828
57.051429,131.921,48.146,0.821
57.063039,130.618,47.974,0.817
57.074649,129.607,47.840,0.812
57.086259,127.764,47.592,0.813
57.097868,126.648,47.440,0.811
57.109478,126.589,47.432,0.804
57.121088,125.747,47.316,0.817
57.132698,124.382,47.127,0.822
57.144308,123.429,46.994,0.808
57.155918,122.583,46.875,0.790
57.167528,123.301,46.976,0.797
57.179138,124.235,47.107,0.802
57.190748,123.853,47.053,0.799
57.202358,123.162,46.957,0.802
57.213968,123.312,46.978,0.791
57.225578,123.111,46.949,0.788
57.237188,122.107,46.808,0.796
57.248798,120.871,46.632,0.801
57.260408,118.768,46.328,0.783
57.272018,116.877,46.050,0.753
57.283628,115.771,45.885,0.740
57.295238,113.340,45.518,0.714
57.306848,111.022,45.160,0.694
57.318458,109.533,44.926,0.669
57.330068,108.738,44.800,0.630
57.341678,108.387,44.744,0.588
57.353288,108.489,44.760,0.563
57.364898,118.484,46.286,0.522
57.376508,118.678,46.315,0.483
57.388118,118.647,46.310,0.435
57.399728,119.637,46.454,0.398
57.411338,119.802,46.478,0.377
57.422948,118.841,46.338,0.369
57.434558,118.477,46.285,0.360
57.446168,118.496,46.288,0.353
57.457778,119.280,46.402,0.339
57.469388,118.509,46.290,0.336
57.480998,118.615,46.305,0.319
57.492608,118.666,46.313,0.296
57.504218,118.719,46.321,0.285
57.515828,121.590,46.734,0.274
57.527438,120.960,46.644,0.260
57.539048,121.138,46.670,0.238
57.550658,120.483,46.576,0.229
57.562268,119.805,46.478,0.222
57.573878,120.177,46.532,0.224
57.585488,119.575,46.445,0.229
57.597098,118.608,46.304,0.220
57.608707,118.478,46.285,0.210
57.620317,118.279,46.256,0.203
57.631927,118.981,46.359,0.199
57.643537,119.832,46.482,0.194
57.655147,120.211,46.537,0.187
57.666757,120.887,46.634,0.172
57.678367,120.144,46.527,0.161
57.689977,119.359,46.414,0.154
57.701587,119.235,46.396,0.160
57.713197,118.843,46.339,0.161
57.724807,118.216,46.247,0.164
57.736417,118.195,46.244,0.172
57.748027,118.070,46.226,0.179
57.759637,118.093,46.229,0.179
57.771247,118.102,46.230,0.168
57.782857,118.668,46.313,0.225
57.794467,236.354,58.241,0.488
57.806077,137.260,48.833,0.578
57.817687,132.111,48.171,0.643
57.829297,130.283,47.930,0.699
57.840907,130.200,47.919,0.733
57.852517,129.584,47.837,0.761
57.864127,128.424,47.681,0.781
57.875737,127.926,47.614,0.805
57.887347,126.972,47.484,0.812
57.898957,126.347,47.399,0.821
57.910567,125.878,47.334,0.820
57.922177,125.278,47.252,0.817
57.933787,124.595,47.157,0.817
57.945397,124.084,47.086,0.814
57.957007,123.634,47.023,0.814
57.968617,122.682,46.889,0.805
57.980227,121.534,46.726,0.801
57.991837,120.428,46.568,0.790
58.003447,119.843,46.484,0.785
58.015057,119.829,46.482,0.773
58.026667,119.416,46.422,0.755
58.038277,119.778,46.474,0.737
58.049887,118.540,46.294,0.713
58.061497,117.705,46.172,0.688
58.073107,112.750,45.428,0.655
58.084717,109.816,44.971,0.622
58.096327,109.141,44.864,0.581
58.107937,108.610,44.780,0.538
58.119546,118.819,46.335,0.514
58.131156,118.746,46.325,0.492
58.142766,132.682,48.246,0.464
58.154376,134.680,48.504,0.430
58.165986,134.745,48.513,0.409
58.177596,121.928,46.782,0.394
58.189206,122.319,46.838,0.377
58.200816,122.772,46.902,0.359
58.212426,122.225,46.824,0.333
58.224036,122.934,46.925,0.310
58.235646,122.661,46.886,0.289
58.247256,122.718,46.894,0.275
58.258866,118.579,46.300,0.240
58.270476,119.257,46.399,0.223
58.282086,119.121,46.379,0.205
58.293696,118.900,46.347,0.181
58.305306,119.263,46.400,0.172
58.316916,120.060,46.515,0.169
58.328526,131.023,48.028,0.171
58.340136,128.391,47.676,0.164
58.351746,124.197,47.102,0.158
58.363356,124.091,47.087,0.149
58.374966,123.342,46.982,0.143
58.386576,122.821,46.909,0.140
58.398186,122.208,46.822,0.137
58.409796,122.456,46.857,0.123
58.421406,122.273,46.831,0.106
58.433016,122.594,46.877,0.097
58.444626,122.008,46.794,0.094
58.456236,122.461,46.858,0.102
58.467846,119.643,46.455,0.351
58.479456,143.940,49.656,0.423
58.491066,127.839,47.602,0.576
58.502676,128.402,47.678,0.632
58.514286,128.773,47.728,0.678
58.525896,128.717,47.720,0.707
58.537506,128.362,47.673,0.736
58.549116,128.140,47.643,0.757
58.560726,127.982,47.621,0.768
58.572336,127.739,47.588,0.779
58.583946,125.796,47.323,0.772
58.595556,123.833,47.051,0.770
58.607166,121.043,46.656,0.759
58.618776,119.606,46.449,0.750
58.630385,117.560,46.151,0.732
58.641995,117.107,46.084,0.718
58.653605,115.559,45.854,0.704
58.665215,115.453,45.838,0.682
58.676825,108.874,44.822,0.660
58.688435,108.995,44.841,0.627
58.700045,108.101,44.698,0.600
58.711655,108.420,44.750,0.577
58.723265,107.234,44.559,0.599
58.734875,113.658,45.566,0.601
58.746485,121.848,46.771,0.596
58.758095,125.998,47.351,0.587
58.769705,158.049,51.274,0.635
58.781315,130.842,48.004,0.676
58.792925,126.146,47.371,0.706
58.804535,126.215,47.381,0.715
58.816145,125.808,47.325,0.714
58.827755,125.130,47.231,0.719
58.839365,124.873,47.195,0.727
58.850975,123.882,47.058,0.747
58.862585,122.586,46.875,0.750
58.874195,121.767,46.759,0.760
58.885805,121.722,46.753,0.762
58.897415,121.571,46.732,0.775
58.909025,121.285,46.691,0.780
58.920635,121.214,46.681,0.778
58.932245,121.187,46.677,0.773
58.943855,121.030,46.654,0.760
58.955465,119.830,46.482,0.743
58.967075,119.128,46.380,0.733
58.978685,122.748,46.898,0.727
58.990295,122.926,46.923,0.729
59.001905,122.748,46.898,0.723
59.013515,120.667,46.602,0.724
59.025125,120.533,46.583,0.738
59.036735,120.442,46.570,0.749
59.048345,120.017,46.509,0.754
59.059955,118.610,46.305,0.744
59.071565,117.058,46.077,0.737
59.083175,115.448,45.837,0.711
59.094785,116.176,45.946,0.699
59.106395,115.558,45.853,0.713
59.118005,115.523,45.848,0.712
59.129615,114.282,45.661,0.721
59.141224,113.828,45.592,0.727
59.152834,113.490,45.541,0.729
59.164444,113.046,45.473,0.737
59.176054,113.031,45.471,0.738
59.187664,113.052,45.474,0.734
59.199274,112.065,45.322,0.708
59.210884,111.823,45.285,0.686
59.222494,111.652,45.258,0.651
59.234104,111.254,45.196,0.618
59.245714,112.635,45.410,0.627
59.257324,112.479,45.386,0.608
59.268934,112.435,45.379,0.627
59.280544,112.087,45.325,0.651
59.292154,111.665,45.260,0.679
59.303764,111.545,45.241,0.691
59.315374,110.968,45.152,0.697
59.326984,110.950,45.149,0.703
59.338594,108.961,44.836,0.686
59.350204,108.170,44.710,0.677
59.361814,106.181,44.388,0.663
59.373424,106.193,44.390,0.642
59.385034,103.347,43.920,0.608
59.396644,103.642,43.969,0.585
59.408254,102.506,43.778,0.561
59.419864,102.469,43.772,0.540
59.431474,103.625,43.966,0.522
59.443084,118.852,46.340,0.498
59.454694,119.533,46.439,0.469
59.466304,119.741,46.469,0.469
59.477914,1002.273,83.252,0.474
59.489524,1002.273,83.252,0.479
59.501134,132.389,48.207,0.513
59.512744,134.452,48.475,0.604
59.524354,123.088,46.946,0.646
59.535964,123.083,46.946,0.665
59.547574,120.758,46.615,0.691
59.559184,120.400,46.564,0.708
59.570794,120.117,46.523,0.716
59.582404,119.579,46.445,0.729
59.594014,118.354,46.267,0.733
59.605624,116.514,45.996,0.718
59.617234,115.433,45.835,0.708
59.628844,114.751,45.732,0.705
59.640454,114.342,45.670,0.694
59.652063,113.518,45.545,0.688
59.663673,111.692,45.264,0.689
59.675283,111.113,45.174,0.677
59.686893,110.842,45.132,0.675
59.698503,110.335,45.053,0.666
59.710113,110.030,45.005,0.659
59.721723,110.031,45.005,0.649
59.733333,109.330,44.894,0.639
59.744943,106.971,44.517,0.620
59.756553,106.629,44.461,0.601
59.768163,106.488,44.438,0.589
59.779773,106.634,44.462,0.565
59.791383,105.632,44.298,0.547
59.802993,105.664,44.304,0.554
59.814603,113.545,45.549,0.584
59.826213,115.047,45.777,0.617
59.837823,116.720,46.027,0.649
59.849433,119.766,46.473,0.692
59.861043,122.502,46.864,0.722
59.872653,127.612,47.571,0.760
59.884263,130.841,48.004,0.782
59.895873,137.270,48.834,0.802
59.907483,144.356,49.706,0.821
59.919093,165.923,52.116,0.842
59.930703,179.005,53.430,0.856
59.942313,178.384,53.370,0.869
59.953923,178.413,53.373,0.879
59.965533,185.156,54.015,0.877
59.977143,184.887,53.990,0.879
59.988753,233.354,58.020,0.881
60.000363,233.689,58.045,0.880
60.011973,233.857,58.057,0.872
60.023583,233.796,58.053,0.867
60.035193,233.608,58.039,0.858
60.046803,233.636,58.041,0.847
60.058413,233.293,58.016,0.849
60.070023,232.835,57.982,0.848
60.081633,232.469,57.954,0.843
60.093243,232.366,57.947,0.840
60.104853,232.426,57.951,0.840
60.116463,232.507,57.957,0.834
60.128073,232.583,57.963,0.824
60.139683,232.700,57.972,0.824
60.151293,232.719,57.973,0.822
60.162902,232.865,57.984,0.820
60.174512,232.961,57.991,0.824
60.186122,233.149,58.005,0.825
60.197732,233.706,58.046,0.824
60.209342,234.186,58.082,0.832
60.220952,234.477,58.103,0.844
60.232562,234.503,58.105,0.844
60.244172,234.482,58.104,0.841
60.255782,234.490,58.104,0.843
60.267392,234.438,58.100,0.845
60.279002,234.255,58.087,0.852
60.290612,233.655,58.043,0.862
60.302222,232.650,57.968,0.865
60.313832,230.867,57.835,0.869
60.325442,229.035,57.697,0.879
60.337052,226.997,57.542,0.883
60.348662,224.082,57.318,0.883
60.360272,217.445,56.798,0.874
60.371882,214.415,56.555,0.859
60.383492,210.534,56.239,0.840
60.395102,201.641,55.491,0.826
60.406712,195.805,54.983,0.806
60.418322,190.877,54.542,0.783
60.429932,174.368,52.976,0.769
60.441542,174.235,52.962,0.755
60.453152,174.342,52.973,0.760
60.464762,174.512,52.990,0.768
60.476372,174.506,52.989,0.775
60.487982,174.568,52.995,0.778
60.499592,175.147,53.053,0.783
60.511202,175.595,53.097,0.786
60.522812,175.699,53.107,0.788
60.534422,175.693,53.107,0.794
60.546032,175.511,53.089,0.798
60.557642,175.261,53.064,0.801
60.569252,174.900,53.028,0.803
60.580862,174.441,52.983,0.804
60.592472,174.129,52.952,0.805
60.604082,173.895,52.929,0.807
60.615692,173.789,52.918,0.807
60.627302,173.733,52.912,0.805
60.638912,173.738,52.913,0.805
60.650522,173.787,52.918,0.807
60.662132,173.934,52.932,0.809
60.673741,174.069,52.946,0.810
60.685351,174.254,52.964,0.810
60.696961,174.541,52.993,0.813
60.708571,174.757,53.014,0.816
60.720181,174.897,53.028,0.816
60.731791,175.225,53.060,0.819
60.743401,175.691,53.106,0.820
60.755011,176.444,53.180,0.825
60.766621,177.087,53.243,0.830
60.778231,177.471,53.281,0.838
60.789841,178.056,53.338,0.836
60.801451,178.690,53.399,0.835
60.813061,179.225,53.451,0.844
60.824671,257.415,59.719,0.851
60.836281,261.399,59.985,0.865
60.847891,264.507,60.190,0.868
60.859501,268.147,60.426,0.870
60.871111,269.480,60.512,0.868
60.882721,269.339,60.503,0.871
60.894331,269.193,60.494,0.875
60.905941,270.210,60.559,0.873
60.917551,271.636,60.650,0.868
60.929161,273.491,60.768,0.862
60.940771,274.310,60.820,0.859
60.952381,275.368,60.886,0.862
60.963991,278.975,61.112,0.865
60.975601,285.633,61.520,0.870
60.987211,288.931,61.719,0.871
60.998821,291.745,61.886,0.868
61.010431,292.908,61.955,0.862
61.022041,293.939,62.016,0.852
61.033651,294.578,62.054,0.858
61.045261,294.851,62.070,0.861
61.056871,294.629,62.057,0.866
61.068481,294.259,62.035,0.866
61.080091,293.733,62.004,0.871
61.091701,293.067,61.965,0.879
61.103311,292.635,61.939,0.881
61.114921,292.507,61.932,0.875
61.126531,291.973,61.900,0.856
61.138141,291.265,61.858,0.832
61.149751,290.451,61.810,0.803
61.161361,289.598,61.759,0.767
61.172971,288.442,61.689,0.716
61.184580,283.943,61.417,0.606
61.196190,277.119,60.996,0.487
61.207800,287.133,61.611,0.460
61.219410,97.563,42.923,0.441
61.231020,279.577,61.149,0.545
61.242630,316.265,63.284,0.656
61.254240,315.471,63.240,0.711
61.265850,314.910,63.209,0.759
61.277460,313.857,63.151,0.804
61.289070,312.174,63.058,0.828
61.300680,311.321,63.011,0.842
61.312290,310.776,62.980,0.857
61.323900,309.353,62.901,0.870
61.335510,306.891,62.763,0.877
61.347120,304.827,62.646,0.882
61.358730,299.997,62.369,0.881
61.370340,292.186,61.913,0.876
61.381950,289.860,61.774,0.875
61.393560,290.441,61.809,0.880
61.405170,291.038,61.844,0.880
61.416780,292.382,61.924,0.873
61.428390,293.082,61.966,0.862
61.440000,293.400,61.984,0.848
61.451610,293.605,61.996,0.839
61.463220,293.382,61.983,0.830
61.474830,292.667,61.941,0.825
61.486440,290.905,61.837,0.820
61.498050,289.491,61.752,0.822
61.509660,260.990,59.958,0.824
61.521270,261.099,59.965,0.832
61.532880,261.538,59.994,0.849
61.544490,261.418,59.986,0.858
61.556100,261.338,59.981,0.868
61.567710,261.510,59.992,0.877
61.579320,261.660,60.002,0.882
61.590930,261.722,60.006,0.885
61.602540,261.765,60.009,0.888
61.614150,261.693,60.004,0.885
61.625760,261.617,59.999,0.882
61.637370,261.715,60.006,0.879
61.648980,261.770,60.010,0.873
61.660590,261.721,60.006,0.866
61.672200,261.733,60.007,0.860
61.683810,261.768,60.009,0.856
61.695420,261.843,60.014,0.857
61.707029,261.947,60.021,0.857
61.718639,262.075,60.030,0.856
61.730249,262.107,60.032,0.859
61.741859,262.157,60.035,0.865
61.753469,262.229,60.040,0.872
61.765079,262.206,60.038,0.879
61.776689,262.210,60.039,0.883
61.788299,262.189,60.037,0.884
61.799909,262.122,60.033,0.888
61.811519,262.074,60.030,0.883
61.823129,262.082,60.030,0.874
61.834739,262.097,60.031,0.865
61.846349,261.938,60.021,0.859
61.857959,261.614,59.999,0.848
61.869569,260.899,59.952,0.834
61.881179,259.076,59.830,0.817
61.892789,252.559,59.389,0.808
61.904399,238.394,58.390,0.817
61.916009,235.207,58.157,0.831
61.927619,234.047,58.072,0.841
61.939229,233.603,58.039,0.843
61.950839,233.315,58.017,0.844
61.962449,233.135,58.004,0.851
61.974059,233.197,58.009,0.862
61.985669,233.245,58.012,0.863
61.997279,233.393,58.023,0.862
62.008889,233.543,58.034,0.858
62.020499,233.663,58.043,0.849
62.032109,233.718,58.047,0.842
62.043719,233.746,58.049,0.843
62.055329,233.510,58.032,0.836
62.066939,233.180,58.007,0.823
62.078549,232.859,57.983,0.809
62.090159,233.869,58.058,0.808
62.101769,271.048,60.613,0.837
62.113379,274.486,60.831,0.862
62.124989,274.850,60.854,0.868
62.136599,274.283,60.818,0.873
62.148209,273.482,60.767,0.883
62.159819,272.739,60.720,0.900
62.171429,271.975,60.672,0.923
62.183039,270.874,60.601,0.936
62.194649,268.963,60.479,0.934
62.206259,266.533,60.322,0.932
62.217868,264.613,60.197,0.941
62.229478,262.778,60.076,0.950
62.241088,261.642,60.001,0.958
62.252698,260.820,59.947,0.961
62.264308,260.408,59.919,0.960
62.275918,260.003,59.892,0.960
62.287528,259.820,59.880,0.960
62.299138,259.811,59.880,0.961
62.310748,259.885,59.884,0.959
62.322358,259.980,59.891,0.954
62.333968,260.057,59.896,0.946
62.345578,260.148,59.902,0.937
62.357188,260.095,59.898,0.926
62.368798,260.071,59.897,0.909
62.380408,260.111,59.900,0.893
62.392018,260.035,59.894,0.876
62.403628,259.826,59.881,0.856
62.415238,259.359,59.849,0.834
62.426848,257.568,59.729,0.812
62.438458,253.111,59.427,0.787
62.450068,250.004,59.213,0.760
62.461678,249.080,59.149,0.742
62.473288,248.604,59.116,0.714
62.484898,248.478,59.107,0.672
62.496508,249.690,59.192,0.635
62.508118,253.145,59.430,0.614
62.519728,262.360,60.049,0.573
62.531338,263.163,60.101,0.540
62.542948,263.149,60.100,0.527
62.554558,263.191,60.103,0.531
62.566168,263.089,60.097,0.538
62.577778,262.877,60.083,0.540
62.589388,262.715,60.072,0.547
62.600998,262.741,60.074,0.547
62.612608,262.326,60.046,0.540
62.624218,262.043,60.028,0.533
62.635828,261.813,60.012,0.525
62.647438,260.770,59.943,0.513
62.659048,261.585,59.997,0.497
62.670658,261.116,59.966,0.485
62.682268,261.430,59.987,0.504
62.693878,173.762,52.915,0.621
62.705488,175.094,53.048,0.706
62.717098,178.139,53.346,0.765
62.728707,183.177,53.829,0.811
62.740317,190.064,54.468,0.845
62.751927,197.151,55.102,0.868
62.763537,204.712,55.753,0.891
62.775147,221.778,57.139,0.906
62.786757,226.021,57.467,0.911
62.798367,228.368,57.646,0.911
62.809977,230.320,57.794,0.911
62.821587,231.080,57.851,0.906
62.833197,231.338,57.870,0.902
62.844807,231.683,57.896,0.902
62.856417,232.212,57.935,0.897
62.868027,232.622,57.966,0.893
62.879637,232.562,57.961,0.892
62.891247,232.432,57.952,0.880
62.902857,232.275,57.940,0.870
62.914467,232.387,57.948,0.864
62.926077,232.600,57.964,0.850
62.937687,232.760,57.976,0.837
62.949297,232.680,57.970,0.835
62.960907,233.210,58.009,0.831
62.972517,233.139,58.004,0.828
62.984127,232.968,57.992,0.841
62.995737,232.862,57.984,0.851
63.007347,232.957,57.991,0.857
63.018957,233.044,57.997,0.862
63.030567,232.912,57.987,0.858
63.042177,232.868,57.984,0.844
63.053787,232.780,57.978,0.834
63.065397,232.822,57.981,0.819
63.077007,232.860,57.983,0.800
63.088617,232.894,57.986,0.769
63.100227,232.583,57.963,0.733
63.111837,232.109,57.928,0.702
63.123447,232.182,57.933,0.690
63.135057,232.187,57.933,0.681
63.146667,232.197,57.934,0.662
63.158277,232.257,57.939,0.651
63.169887,232.253,57.938,0.649
63.181497,232.358,57.946,0.676
63.193107,237.463,58.322,0.740
63.204717,243.607,58.765,0.799
63.216327,242.913,58.715,0.844
63.227937,241.150,58.589,0.876
63.239546,237.630,58.335,0.897
63.251156,236.130,58.225,0.916
63.262766,235.537,58.181,0.930
63.274376,235.067,58.147,0.938
63.285986,233.975,58.066,0.941
63.297596,232.713,57.973,0.938
63.309206,231.995,57.919,0.928
63.320816,232.048,57.923,0.915
63.332426,232.377,57.948,0.897
63.344036,232.783,57.978,0.873
63.355646,233.024,57.996,0.849
63.367256,233.445,58.027,0.822
63.378866,233.583,58.037,0.782
63.390476,235.178,58.155,0.760
63.402086,235.891,58.207,0.778
63.413696,236.804,58.274,0.819
63.425306,235.552,58.183,0.853
63.436916,234.521,58.107,0.867
63.448526,233.304,58.016,0.877
63.460136,232.522,57.958,0.888
63.471746,232.127,57.929,0.896
63.483356,231.831,57.907,0.896
63.494966,231.100,57.852,0.886
63.506576,230.401,57.800,0.862
63.518186,230.119,57.779,0.843
63.529796,230.000,57.770,0.844
63.541406,230.297,57.792,0.846
63.553016,230.797,57.829,0.850
63.564626,231.678,57.895,0.851
63.576236,232.626,57.966,0.850
63.587846,233.794,58.053,0.848
63.599456,234.580,58.111,0.862
63.611066,234.751,58.124,0.875
63.622676,234.793,58.127,0.882
63.634286,234.599,58.112,0.885
63.645896,234.362,58.095,0.887
63.657506,234.010,58.069,0.891
63.669116,233.531,58.033,0.896
63.680726,232.825,57.981,0.901
63.692336,232.205,57.935,0.890
63.703946,231.641,57.893,0.867
63.715556,231.021,57.846,0.843
63.727166,230.426,57.802,0.823
63.738776,229.634,57.742,0.798
63.750385,228.280,57.640,0.768
63.761995,225.009,57.390,0.732
63.773605,233.363,58.021,0.671
63.785215,233.591,58.038,0.646
63.796825,233.683,58.045,0.651
63.808435,233.688,58.045,0.660
63.820045,233.580,58.037,0.664
63.831655,193.760,54.801,0.675
63.843265,175.150,53.053,0.690
63.854875,175.203,53.058,0.701
63.866485,175.169,53.055,0.716
63.878095,175.077,53.046,0.737
63.889705,174.570,52.996,0.758
63.901315,174.395,52.978,0.774
63.912925,174.191,52.958,0.789
63.924535,174.094,52.948,0.795
63.936145,173.931,52.932,0.796
63.947755,173.753,52.914,0.800
63.959365,173.688,52.908,0.801
63.970975,173.728,52.912,0.801
63.982585,173.837,52.923,0.799
63.994195,173.914,52.930,0.798
64.005805,173.994,52.938,0.800
64.017415,174.068,52.946,0.804
64.029025,174.159,52.955,0.806
64.040635,174.336,52.972,0.808
64.052245,174.508,52.989,0.809
64.063855,174.582,52.997,0.809
64.075465,174.585,52.997,0.812
64.087075,174.716,53.010,0.814
64.098685,174.932,53.031,0.813
64.110295,175.032,53.041,0.813
64.121905,175.123,53.050,0.814
64.133515,175.186,53.057,0.814
64.145125,175.209,53.059,0.815
64.156735,175.239,53.062,0.817
64.168345,175.293,53.067,0.817
64.179955,175.510,53.089,0.818
64.191565,175.580,53.096,0.808
64.203175,175.747,53.112,0.800
64.214785,176.102,53.147,0.798
64.226395,176.983,53.233,0.802
64.238005,177.310,53.265,0.805
64.249615,230.012,57.770,0.805
64.261224,228.838,57.682,0.802
64.272834,228.699,57.671,0.800
64.284444,229.819,57.756,0.809
64.296054,247.465,59.037,0.818
64.307664,247.136,59.014,0.821
64.319274,264.834,60.211,0.818
64.330884,265.210,60.236,0.812
64.342494,265.081,60.227,0.805
64.354104,264.924,60.217,0.807
64.365714,265.655,60.265,0.811
64.377324,265.952,60.284,0.814
64.388934,266.094,60.293,0.821
64.400544,265.983,60.286,0.826
64.412154,286.197,61.554,0.831
64.423764,286.141,61.551,0.840
64.435374,286.757,61.588,0.852
64.446984,286.319,61.561,0.857
64.458594,292.264,61.917,0.860
64.470204,294.858,62.070,0.874
64.481814,295.409,62.103,0.880
64.493424,294.980,62.077,0.888
64.505034,294.659,62.059,0.894
64.516644,294.473,62.048,0.895
64.528254,294.422,62.045,0.894
64.539864,294.272,62.036,0.896
64.551474,294.033,62.022,0.898
64.563084,293.710,62.003,0.891
64.574694,293.584,61.995,0.887
64.586304,293.514,61.991,0.884
64.597914,293.476,61.989,0.882
64.609524,293.370,61.983,0.883
64.621134,293.441,61.987,0.884
64.632744,293.798,62.008,0.884
64.644354,294.096,62.025,0.881
64.655964,294.390,62.043,0.879
64.667574,294.667,62.059,0.878
64.679184,294.929,62.074,0.874
64.690794,295.141,62.087,0.873
64.702404,295.190,62.090,0.871
64.714014,294.947,62.075,0.871
64.725624,294.498,62.049,0.874
64.737234,294.064,62.024,0.874
64.748844,293.693,62.002,0.879
64.760454,293.553,61.993,0.879
64.772063,293.648,61.999,0.879
64.783673,293.637,61.998,0.880
64.795283,293.722,62.003,0.879
64.806893,293.767,62.006,0.879
64.818503,293.791,62.007,0.873
64.830113,293.425,61.986,0.872
64.841723,292.813,61.950,0.865
64.853333,292.105,61.908,0.858
64.864943,290.976,61.841,0.846
64.876553,289.635,61.761,0.833
64.888163,287.985,61.662,0.822
64.899773,286.471,61.571,0.818
64.911383,284.482,61.450,0.821
64.922993,262.477,60.056,0.819
64.934603,261.691,60.004,0.820
64.946213,261.459,59.989,0.829
64.957823,261.303,59.979,0.844
64.969433,261.355,59.982,0.854
64.981043,261.387,59.984,0.864
64.992653,261.298,59.978,0.867
65.004263,261.270,59.976,0.871
65.015873,261.336,59.981,0.877
65.027483,261.464,59.989,0.883
65.039093,261.554,59.995,0.886
65.050703,261.703,60.005,0.885
65.062313,261.803,60.012,0.883
65.073923,262.051,60.028,0.878
65.085533,262.300,60.045,0.871
65.097143,262.649,60.068,0.866
65.108753,262.850,60.081,0.860
65.120363,262.916,60.085,0.856
65.131973,262.850,60.081,0.859
65.143583,262.690,60.070,0.865
65.155193,262.514,60.059,0.873
65.166803,262.365,60.049,0.878
65.178413,262.167,60.036,0.883
65.190023,262.043,60.028,0.885
65.201633,262.058,60.029,0.886
65.213243,262.106,60.032,0.884
65.224853,262.255,60.042,0.877
65.236463,262.314,60.045,0.868
65.248073,262.286,60.044,0.859
65.259683,262.149,60.035,0.851
65.271293,261.903,60.018,0.842
65.282902,261.573,59.997,0.832
65.294512,261.207,59.972,0.821
65.306122,260.894,59.952,0.810
65.317732,260.190,59.905,0.800
65.329342,259.151,59.836,0.786
65.340952,256.895,59.684,0.775
65.352562,254.927,59.551,0.774
65.364172,233.468,58.029,0.774
65.375782,234.030,58.070,0.779
65.387392,234.096,58.075,0.790
65.399002,233.000,57.994,0.792
65.410612,232.797,57.979,0.794
65.422222,233.531,58.033,0.800
65.433832,234.788,58.126,0.808
65.445442,234.945,58.138,0.811
65.457052,235.079,58.148,0.816
65.468662,234.548,58.109,0.815
65.480272,233.714,58.047,0.803
65.491882,232.963,57.991,0.797
65.503492,231.004,57.845,0.788
65.515102,223.449,57.269,0.785
65.526712,247.858,59.064,0.799
65.538322,275.194,60.875,0.816
65.549932,278.158,61.061,0.840
65.561542,278.827,61.102,0.871
65.573152,278.641,61.091,0.896
65.584762,278.026,61.053,0.912
65.596372,277.323,61.009,0.927
65.607982,276.618,60.965,0.938
65.619592,275.921,60.921,0.942
65.631202,274.162,60.810,0.943
65.642812,270.594,60.584,0.943
65.654422,266.123,60.295,0.940
65.666032,262.526,60.059,0.943
65.677642,261.086,59.964,0.948
65.689252,260.561,59.929,0.955
65.700862,260.280,59.911,0.962
65.712472,260.182,59.904,0.966
65.724082,521.611,71.946,0.970
65.735692,521.794,71.952,0.971
65.747302,521.667,71.948,0.967
65.758912,260.237,59.908,0.961
65.770522,260.209,59.906,0.952
65.782132,260.204,59.906,0.937
65.793741,260.061,59.896,0.921
65.805351,259.861,59.883,0.901
65.816961,259.828,59.881,0.879
65.828571,259.657,59.869,0.856
65.840181,259.600,59.865,0.838
65.851791,258.460,59.789,0.826
65.863401,254.245,59.505,0.813
65.875011,106.516,44.443,0.812
65.886621,107.026,44.525,0.808
65.898231,107.300,44.570,0.812
65.909841,107.298,44.569,0.819
65.921451,107.419,44.589,0.822
65.933061,218.769,56.903,0.815
65.944671,219.088,56.928,0.801
65.956281,220.479,57.038,0.795
65.967891,224.873,57.379,0.790
65.979501,228.728,57.674,0.783
65.991111,235.156,58.153,0.788
66.002721,234.837,58.130,0.796
66.014331,234.647,58.116,0.810
66.025941,234.550,58.109,0.822
66.037551,234.507,58.106,0.829
66.049161,234.484,58.104,0.838
66.060771,234.291,58.090,0.848
66.072381,234.014,58.069,0.856
66.083991,233.577,58.037,0.858
66.095601,233.348,58.020,0.859
66.107211,233.191,58.008,0.858
66.118821,232.964,57.991,0.857
66.130431,232.825,57.981,0.862
66.142041,232.825,57.981,0.865
66.153651,232.891,57.986,0.866
66.165261,232.923,57.988,0.868
66.176871,232.949,57.990,0.869
66.188481,233.085,58.000,0.870
66.200091,233.129,58.004,0.867
66.211701,233.189,58.008,0.871
66.223311,233.204,58.009,0.874
66.234921,233.159,58.006,0.877
66.246531,233.184,58.008,0.878
66.258141,233.283,58.015,0.882
66.269751,233.567,58.036,0.883
66.281361,233.802,58.053,0.878
66.292971,234.093,58.075,0.873
66.304580,234.395,58.097,0.864
66.316190,234.608,58.113,0.852
66.327800,234.961,58.139,0.842
66.339410,235.479,58.177,0.832
66.351020,236.841,58.277,0.821
66.362630,238.769,58.417,0.802
66.374240,256.784,59.677,0.800
66.385850,277.480,61.019,0.811
66.397460,307.813,62.815,0.830
66.409070,310.553,62.968,0.847
66.420680,311.360,63.013,0.863
66.432290,311.040,62.995,0.871
66.443900,310.846,62.984,0.876
66.455510,311.136,63.000,0.881
66.467120,311.721,63.033,0.883
66.478730,312.771,63.091,0.885
66.490340,314.038,63.161,0.881
66.501950,316.790,63.312,0.879
66.513560,324.407,63.724,0.880
66.525170,333.434,64.199,0.888
66.536780,339.702,64.521,0.892
66.548390,343.173,64.697,0.897
66.560000,345.321,64.805,0.903
66.571610,347.474,64.913,0.910
66.583220,348.817,64.980,0.919
66.594830,349.686,65.023,0.921
66.606440,349.622,65.019,0.918
66.618050,349.274,65.002,0.914
66.629660,349.118,64.995,0.912
66.641270,349.122,64.995,0.913
66.652880,349.462,65.012,0.910
66.664490,349.631,65.020,0.902
66.676100,349.744,65.026,0.886
66.687710,349.863,65.031,0.867
66.699320,350.097,65.043,0.847
66.710930,350.218,65.049,0.824
66.722540,350.144,65.045,0.794
66.734150,349.600,65.018,0.753
66.745760,348.625,64.970,0.704
66.757370,345.270,64.803,0.639
66.768980,236.556,58.256,0.571
66.780590,233.874,58.059,0.543
66.792200,306.240,62.726,0.684
66.803810,316.244,63.282,0.750
66.815420,329.895,64.014,0.787
66.827029,345.237,64.801,0.832
66.838639,350.734,65.075,0.870
66.850249,351.886,65.131,0.895
66.861859,351.863,65.130,0.908
66.873469,351.840,65.129,0.915
66.885079,352.132,65.143,0.908
66.896689,352.421,65.158,0.900
66.908299,351.870,65.130,0.896
66.919909,350.523,65.064,0.883
66.931519,348.499,64.964,0.866
66.943129,347.346,64.906,0.855
66.954739,347.230,64.901,0.855
66.966349,347.479,64.913,0.864
66.977959,347.624,64.920,0.875
66.989569,347.155,64.897,0.883
67.001179,346.285,64.853,0.888
67.012789,344.871,64.783,0.891
67.024399,342.909,64.684,0.892
67.036009,339.624,64.517,0.889
67.047619,334.741,64.267,0.888
67.059229,328.650,63.949,0.884
67.070839,322.493,63.621,0.882
67.082449,302.164,62.494,0.882
67.094059,298.335,62.273,0.881
67.105669,296.793,62.183,0.884
67.117279,295.420,62.103,0.884
67.128889,294.731,62.063,0.888
67.140499,294.303,62.038,0.890
67.152109,294.157,62.029,0.892
67.163719,294.106,62.026,0.892
67.175329,294.146,62.028,0.890
67.186939,294.145,62.028,0.891
67.198549,294.181,62.030,0.891
67.210159,294.202,62.032,0.892
67.221769,294.059,62.023,0.891
67.233379,293.928,62.016,0.889
67.244989,293.766,62.006,0.890
67.256599,293.653,61.999,0.889
67.268209,293.566,61.994,0.889
67.279819,293.638,61.998,0.890
67.291429,293.663,62.000,0.889
67.303039,293.706,62.002,0.890
67.314649,293.779,62.007,0.892
67.326259,293.844,62.011,0.896
67.337868,293.904,62.014,0.898
67.349478,293.996,62.020,0.900
67.361088,294.040,62.022,0.904
67.372698,294.049,62.023,0.902
67.384308,294.028,62.021,0.902
67.395918,294.070,62.024,0.901
67.407528,294.118,62.027,0.899
67.419138,294.141,62.028,0.897
67.430748,294.100,62.026,0.894
67.442358,294.105,62.026,0.894
67.453968,294.121,62.027,0.891
67.465578,294.185,62.031,0.890
67.477188,294.281,62.036,0.887
67.488798,294.501,62.049,0.883
67.500408,294.786,62.066,0.879
67.512018,294.996,62.078,0.866
67.523628,295.147,62.087,0.853
67.535238,295.314,62.097,0.833
67.546848,295.635,62.116,0.810
67.558458,296.281,62.154,0.783
67.570068,296.771,62.182,0.746
67.581678,296.755,62.181,0.708
67.593288,294.719,62.062,0.654
67.604898,291.370,61.864,0.626
67.616508,290.699,61.824,0.612
67.628118,116.872,46.049,0.603
67.639728,100.720,43.474,0.608
67.651338,100.717,43.474,0.619
67.662948,292.987,61.960,0.640
67.674558,276.730,60.972,0.720
67.686168,290.587,61.818,0.770
67.697778,290.257,61.798,0.809
67.709388,284.133,61.429,0.840
67.720998,282.235,61.313,0.852
67.732608,279.746,61.159,0.863
67.744218,278.958,61.111,0.872
67.755828,276.336,60.947,0.880
67.767438,271.857,60.664,0.876
67.779048,267.779,60.402,0.868
67.790658,265.006,60.222,0.861
67.802268,263.235,60.106,0.851
67.813878,262.530,60.060,0.854
67.825488,262.003,60.025,0.857
67.837098,261.479,59.990,0.861
67.848707,261.273,59.977,0.866
67.860317,261.211,59.973,0.869
67.871927,261.030,59.961,0.872
67.883537,260.912,59.953,0.862
67.895147,260.860,59.949,0.857
67.906757,260.267,59.910,0.855
67.918367,259.302,59.846,0.853
67.929977,257.201,59.705,0.854
67.941587,237.800,58.347,0.851
67.953197,234.629,58.115,0.845
67.964807,233.708,58.046,0.844
67.976417,233.312,58.017,0.854
67.988027,232.874,57.985,0.854
67.999637,232.488,57.956,0.853
68.011247,232.422,57.951,0.853
68.022857,232.477,57.955,0.850
68.034467,232.547,57.960,0.849
68.046077,232.706,57.972,0.855
68.057687,232.810,57.980,0.856
68.069297,232.914,57.988,0.853
68.080907,232.875,57.985,0.852
68.092517,232.828,57.981,0.841
68.104127,232.840,57.982,0.827
68.115737,232.845,57.982,0.821
68.127347,232.817,57.980,0.816
68.138957,232.940,57.989,0.804
68.150567,233.448,58.027,0.795
68.162177,233.419,58.025,0.793
68.173787,232.979,57.992,0.793
68.185397,232.050,57.923,0.803
68.197007,230.840,57.833,0.812
68.208617,229.744,57.750,0.815
68.220227,229.075,57.700,0.815
68.231837,228.722,57.673,0.820
68.243447,228.698,57.671,0.829
68.255057,229.151,57.706,0.835
68.266667,229.728,57.749,0.839
68.278277,230.953,57.841,0.842
68.289887,232.976,57.992,0.845
68.301497,234.203,58.083,0.846
68.313107,234.569,58.110,0.846
68.324717,234.525,58.107,0.845
68.336327,234.462,58.102,0.843
68.347937,234.401,58.098,0.843
68.359546,233.678,58.044,0.847
68.371156,232.343,57.945,0.852
68.382766,231.290,57.866,0.859
68.394376,230.820,57.831,0.866
68.405986,230.785,57.829,0.870
68.417596,231.203,57.860,0.871
68.429206,232.684,57.970,0.872
68.440816,234.099,58.075,0.873
68.452426,234.715,58.121,0.871
68.464036,235.035,58.144,0.865
68.475646,235.323,58.166,0.858
68.487256,235.277,58.162,0.852
68.498866,235.186,58.156,0.847
68.510476,235.116,58.150,0.847
68.522086,236.144,58.226,0.846
68.533696,239.248,58.452,0.842
68.545306,265.174,60.233,0.839
68.556916,264.511,60.190,0.842
68.568526,263.452,60.120,0.845
68.580136,262.644,60.067,0.846
68.591746,262.149,60.035,0.847
68.603356,261.706,60.005,0.847
68.614966,261.281,59.977,0.841
68.626576,260.664,59.936,0.831
68.638186,260.145,59.902,0.815
68.649796,259.762,59.876,0.795
68.661406,259.814,59.880,0.768
68.673016,260.638,59.935,0.735
68.684626,261.631,60.000,0.696
68.696236,262.366,60.049,0.637
68.707846,262.103,60.032,0.590
68.719456,232.510,57.957,0.569
68.731066,128.958,47.753,0.587
68.742676,232.413,57.950,0.609
68.754286,236.664,58.264,0.687
68.765896,236.056,58.220,0.737
68.777506,234.747,58.123,0.763
68.789116,234.000,58.068,0.782
68.800726,233.851,58.057,0.789
68.812336,233.732,58.048,0.789
68.823946,233.735,58.048,0.788
68.835556,233.556,58.035,0.784
68.847166,233.006,57.994,0.756
68.858776,232.573,57.962,0.720
68.870385,232.359,57.946,0.685
68.881995,232.314,57.943,0.638
68.893605,232.345,57.945,0.608
68.905215,232.338,57.945,0.591
68.916825,232.330,57.944,0.588
68.928435,232.391,57.949,0.590
68.940045,275.523,60.896,0.667
68.951655,275.745,60.910,0.720
68.963265,275.957,60.923,0.753
68.974875,275.089,60.869,0.788
68.986485,273.749,60.784,0.820
68.998095,272.580,60.710,0.849
69.009705,271.311,60.629,0.867
69.021315,269.964,60.543,0.882
69.032925,268.018,60.418,0.889
69.044535,264.897,60.215,0.894
69.056145,263.098,60.097,0.899
69.067755,261.720,60.006,0.899
69.079365,260.829,59.947,0.894
69.090975,260.034,59.894,0.887
69.102585,259.377,59.851,0.884
69.114195,259.402,59.852,0.870
69.125805,259.725,59.874,0.850
69.137415,259.849,59.882,0.828
69.149025,259.506,59.859,0.810
69.160635,258.667,59.803,0.804
69.172245,257.020,59.693,0.813
69.183855,235.575,58.184,0.824
69.195465,235.603,58.186,0.832
69.207075,235.359,58.168,0.836
69.218685,235.329,58.166,0.837
69.230295,235.619,58.187,0.836
69.241905,235.958,58.212,0.828
69.253515,235.787,58.200,0.811
69.265125,234.701,58.120,0.778
69.276735,233.225,58.011,0.726
69.288345,230.814,57.831,0.651
69.299955,265.693,60.267,0.626
69.311565,265.675,60.266,0.620
69.323175,259.246,59.842,0.618
69.334785,259.251,59.842,0.615
69.346395,259.310,59.846,0.610
69.358005,460.769,69.798,0.602
69.369615,258.851,59.815,0.597
69.381224,272.568,60.709,0.629
69.392834,273.806,60.788,0.676
69.404444,275.848,60.916,0.729
69.416054,273.793,60.787,0.774
69.427664,271.931,60.669,0.786
69.439274,270.567,60.582,0.798
69.450884,269.397,60.507,0.812
69.462494,267.752,60.401,0.827
69.474104,265.089,60.228,0.837
69.485714,263.920,60.151,0.841
69.497324,263.753,60.140,0.838
69.508934,263.894,60.149,0.829
69.520544,267.711,60.398,0.834
69.532154,272.956,60.734,0.841
69.543764,766.011,78.598,0.847
69.555374,284.933,61.477,0.847
69.566984,290.507,61.813,0.852
69.578594,293.007,61.961,0.854
69.590204,293.939,62.016,0.854
69.601814,294.492,62.049,0.854
69.613424,294.542,62.052,0.857
69.625034,294.096,62.025,0.857
69.636644,293.712,62.003,0.857
69.648254,293.542,61.993,0.860
69.659864,293.432,61.986,0.857
69.671474,293.433,61.986,0.858
69.683084,293.508,61.991,0.860
69.694694,293.649,61.999,0.864
69.706304,293.794,62.008,0.868
69.717914,293.950,62.017,0.870
69.729524,294.044,62.022,0.871
69.741134,293.959,62.017,0.868
69.752744,293.693,62.002,0.868
69.764354,293.194,61.972,0.865
69.775964,292.325,61.921,0.863
69.787574,290.044,61.785,0.858
69.799184,282.960,61.357,0.852
69.810794,278.614,61.089,0.847
69.822404,273.357,60.759,0.841
69.834014,265.614,60.262,0.841
69.845624,261.286,59.978,0.841
69.857234,260.355,59.916,0.840
69.868844,260.074,59.897,0.842
69.880454,260.424,59.920,0.846
69.892063,261.305,59.979,0.850
69.903673,261.829,60.013,0.856
69.915283,262.188,60.037,0.862
69.926893,262.396,60.051,0.865
69.938503,262.349,60.048,0.866
69.950113,262.194,60.038,0.866
69.961723,262.240,60.041,0.866
69.973333,262.544,60.061,0.869
69.984943,262.956,60.088,0.868
69.996553,263.581,60.129,0.863
70.008163,264.720,60.204,0.858
70.019773,266.219,60.301,0.859
70.031383,267.786,60.403,0.859
70.042993,269.838,60.535,0.862
70.054603,272.584,60.710,0.864
70.066213,274.574,60.836,0.862
70.077823,275.065,60.867,0.861
70.089433,275.059,60.867,0.863
70.101043,274.977,60.862,0.865
70.112653,274.634,60.840,0.862
70.124263,272.595,60.711,0.866
70.135873,266.500,60.320,0.865
70.147483,263.777,60.142,0.865
70.159093,262.585,60.063,0.865
70.170703,261.894,60.018,0.866
70.182313,261.164,59.969,0.863
70.193923,260.600,59.932,0.861
70.205533,260.350,59.915,0.858
70.217143,259.616,59.866,0.853
70.228753,258.150,59.769,0.850
70.240363,254.686,59.535,0.842
70.251973,243.655,58.768,0.836
70.263583,239.363,58.460,0.831
70.275193,235.176,58.155,0.827
70.286803,232.730,57.974,0.828
70.298413,231.640,57.893,0.827
70.310023,231.414,57.876,0.822
70.321633,231.753,57.901,0.820
70.333243,232.334,57.944,0.823
70.344853,232.608,57.965,0.825
70.356463,232.831,57.981,0.828
70.368073,233.064,57.999,0.833
70.379683,233.343,58.019,0.833
70.391293,233.752,58.050,0.831
70.402902,234.267,58.088,0.834
70.414512,235.076,58.148,0.836
70.426122,236.418,58.246,0.834
70.437732,238.593,58.405,0.832
70.449342,241.904,58.643,0.831
70.460952,246.416,58.963,0.831
70.472562,251.270,59.301,0.836
70.484172,256.701,59.671,0.839
70.495782,261.210,59.972,0.838
70.507392,263.688,60.136,0.833
70.519002,264.414,60.184,0.832
70.530612,264.388,60.182,0.833
70.542222,264.109,60.164,0.833
70.553832,263.495,60.123,0.827
70.565442,262.305,60.045,0.820
70.577052,261.133,59.967,0.817
70.588662,260.520,59.927,0.815
70.600272,260.325,59.914,0.818
70.611882,260.742,59.941,0.819
70.623492,262.061,60.029,0.819
70.635102,263.114,60.098,0.818
70.646712,263.855,60.147,0.816
70.658322,264.290,60.175,0.815
70.669932,264.351,60.179,0.813
70.681542,263.925,60.151,0.809
70.693152,262.932,60.086,0.804
70.704762,261.348,59.982,0.801
70.716372,259.934,59.888,0.799
70.727982,259.338,59.848,0.801
70.739592,259.102,59.832,0.803
70.751202,259.366,59.850,0.807
70.762812,260.160,59.903,0.813
70.774422,261.115,59.966,0.819
70.786032,261.870,60.016,0.822
70.797642,262.196,60.038,0.823
70.809252,262.152,60.035,0.821
70.820862,261.702,60.005,0.820
70.832472,260.918,59.953,0.821
70.844082,259.921,59.887,0.821
70.855692,259.309,59.846,0.821
70.867302,259.197,59.839,0.820
70.878912,259.398,59.852,0.819
70.890522,260.115,59.900,0.819
70.902132,261.380,59.984,0.820
70.913741,262.595,60.064,0.821
70.925351,263.255,60.107,0.820
70.936961,263.517,60.125,0.817
70.948571,263.498,60.123,0.810
70.960181,262.881,60.083,0.809
70.971791,261.905,60.018,0.812
70.983401,260.904,59.952,0.812
70.995011,259.964,59.890,0.809
71.006621,259.493,59.858,0.807
71.018231,259.515,59.860,0.806
71.029841,260.079,59.897,0.807
71.041451,261.208,59.972,0.808
71.053061,262.573,60.063,0.803
71.064671,263.955,60.153,0.794
71.076281,264.592,60.195,0.792
71.087891,264.608,60.196,0.796
71.099501,264.249,60.173,0.797
71.111111,263.284,60.109,0.796
71.122721,261.544,59.995,0.799
71.134331,259.874,59.884,0.809
71.145941,259.425,59.854,0.819
71.157551,259.416,59.853,0.826
71.169161,259.697,59.872,0.830
71.180771,260.550,59.929,0.831
71.192381,261.615,59.999,0.831
71.203991,262.394,60.051,0.830
71.215601,262.690,60.070,0.827
71.227211,262.902,60.084,0.818
71.238821,262.839,60.080,0.807
71.250431,262.581,60.063,0.800
71.262041,262.144,60.034,0.794
71.273651,261.915,60.019,0.785
71.285261,261.885,60.017,0.781
71.296871,262.112,60.032,0.778
71.308481,262.742,60.074,0.774
71.320091,263.339,60.113,0.766
71.331701,263.844,60.146,0.759
71.343311,264.132,60.165,0.749
71.354921,264.037,60.159,0.740
71.366531,263.635,60.132,0.729
71.378141,263.184,60.103,0.712
71.389751,262.874,60.082,0.689
71.401361,262.499,60.058,0.662
71.412971,261.933,60.020,0.637
71.424580,261.254,59.975,0.609
71.436190,260.714,59.940,0.574
71.447800,260.319,59.913,0.522
71.459410,260.453,59.922,0.457
71.471020,261.118,59.966,0.413
71.482630,261.906,60.019,0.388
71.494240,262.862,60.082,0.382
71.505850,263.368,60.115,0.396
71.517460,264.292,60.176,0.420
71.529070,264.159,60.167,0.431
71.540680,264.146,60.166,0.437
71.552290,264.657,60.199,0.450
71.563900,264.310,60.177,0.459
71.575510,264.681,60.201,0.465
71.587120,264.697,60.202,0.468
71.598730,265.370,60.246,0.473
71.610340,265.312,60.242,0.476
71.621950,265.708,60.268,0.479
71.633560,265.396,60.248,0.489
71.645170,266.113,60.294,0.492
71.656780,268.709,60.462,0.489
71.668390,269.379,60.506,0.490
71.680000,265.245,60.238,0.488
71.691610,131.201,48.051,0.483
71.703220,131.134,48.042,0.471
71.714830,785.110,79.025,0.460
71.726440,791.049,79.155,0.449
71.738050,131.037,48.030,0.435
71.749660,789.249,79.116,0.433
71.761270,793.544,79.210,0.425
71.772880,266.570,60.324,0.420
71.784490,265.640,60.264,0.416
71.796100,266.205,60.300,0.413
71.807710,266.100,60.294,0.403
71.819320,265.184,60.234,0.380
71.830930,264.611,60.196,0.366
71.842540,264.181,60.168,0.358
71.854150,264.064,60.161,0.352
71.865760,263.779,60.142,0.342
71.877370,263.605,60.131,0.331
71.888980,262.819,60.079,0.327
71.900590,265.101,60.228,0.376
71.912200,266.343,60.309,0.433
71.923810,265.677,60.266,0.477
71.935420,277.122,60.996,0.532
71.947029,275.845,60.916,0.542
71.958639,827.104,79.927,0.573
71.970249,922.922,81.824,0.607
71.981859,940.769,82.156,0.638
71.993469,946.967,82.270,0.661
72.005079,468.647,70.092,0.683
72.016689,471.899,70.212,0.695
72.028299,479.983,70.506,0.705
72.039909,486.657,70.745,0.731
72.051519,484.145,70.655,0.744
72.063129,481.841,70.573,0.756
72.074739,140.280,49.210,0.769
72.086349,140.442,49.230,0.778
72.097959,140.467,49.233,0.784
72.109569,140.323,49.215,0.794
72.121179,140.179,49.197,0.802
72.132789,278.955,61.110,0.802
72.144399,279.148,61.122,0.805
72.156009,279.360,61.135,0.798
72.167619,279.182,61.124,0.784
72.179229,278.435,61.078,0.774
72.190839,277.756,61.036,0.762
72.202449,277.866,61.043,0.747
72.214059,280.246,61.190,0.728
72.225669,284.385,61.444,0.709
72.237279,305.852,62.704,0.686
72.248889,308.246,62.839,0.682
72.260499,308.520,62.854,0.684
72.272109,309.056,62.884,0.683
72.283719,309.799,62.926,0.677
72.295329,310.385,62.959,0.678
72.306939,311.082,62.997,0.674
72.318549,311.223,63.005,0.676
72.330159,311.414,63.016,0.677
72.341769,311.627,63.028,0.677
72.353379,311.633,63.028,0.673
72.364989,311.584,63.025,0.667
72.376599,311.234,63.006,0.666
72.388209,310.277,62.953,0.658
72.399819,308.532,62.855,0.654
72.411429,308.926,62.877,0.670
72.423039,314.895,63.208,0.681
72.434649,318.299,63.395,0.705
72.446259,318.790,63.421,0.739
72.457868,318.404,63.400,0.764
72.469478,317.629,63.358,0.786
72.481088,316.656,63.305,0.807
72.492698,315.698,63.253,0.821
72.504308,314.890,63.208,0.824
72.515918,313.409,63.127,0.828
72.527528,312.020,63.050,0.827
72.539138,310.968,62.991,0.824
72.550748,310.404,62.960,0.821
72.562358,310.122,62.944,0.817
72.573968,309.972,62.936,0.813
72.585578,310.081,62.942,0.812
72.597188,310.244,62.951,0.815
72.608798,310.417,62.960,0.818
72.620408,310.335,62.956,0.820
72.632018,310.022,62.938,0.819
72.643628,309.540,62.911,0.816
72.655238,308.673,62.863,0.816
72.666848,307.637,62.805,0.812
72.678458,306.141,62.720,0.810
72.690068,304.385,62.621,0.806
72.701678,301.340,62.447,0.800
72.713288,297.959,62.251,0.798
72.724898,295.426,62.104,0.792
72.736508,294.219,62.033,0.791
72.748118,293.778,62.007,0.787
72.759728,293.890,62.013,0.786
72.771338,294.188,62.031,0.785
72.782948,294.326,62.039,0.784
72.794558,294.522,62.050,0.788
72.806168,294.439,62.046,0.784
72.817778,294.384,62.042,0.783
72.829388,294.368,62.041,0.780
72.840998,294.316,62.038,0.774
72.852608,294.164,62.029,0.773
72.864218,294.021,62.021,0.768
72.875828,294.028,62.021,0.765
72.887438,293.833,62.010,0.762
72.899048,293.831,62.010,0.760
72.910658,293.887,62.013,0.762
72.922268,293.909,62.014,0.763
72.933878,293.970,62.018,0.765
72.945488,293.976,62.018,0.764
72.957098,294.071,62.024,0.760
72.968707,294.147,62.028,0.761
72.980317,294.186,62.031,0.758
72.991927,294.252,62.035,0.759
73.003537,294.348,62.040,0.756
73.015147,294.392,62.043,0.754
73.026757,294.445,62.046,0.753
73.038367,294.436,62.045,0.746
73.049977,294.467,62.047,0.747
73.061587,294.563,62.053,0.743
73.073197,294.750,62.064,0.741
73.084807,295.310,62.097,0.737
73.096417,297.147,62.204,0.737
73.108027,307.395,62.791,0.738
73.119637,311.019,62.994,0.736
73.131247,312.580,63.081,0.742
73.142857,313.480,63.130,0.740
73.154467,313.472,63.130,0.745
73.166077,313.155,63.112,0.745
73.177687,312.671,63.086,0.747
73.189297,311.985,63.048,0.750
73.200907,310.845,62.984,0.748
73.212517,309.836,62.928,0.750
73.224127,309.195,62.892,0.751
73.235737,308.726,62.866,0.755
73.247347,308.832,62.872,0.753
73.258957,309.298,62.898,0.752
73.270567,310.237,62.950,0.754
73.282177,310.847,62.984,0.757
73.293787,311.139,63.001,0.758
73.305397,311.320,63.011,0.757
73.317007,311.313,63.010,0.757
73.328617,310.892,62.987,0.763
73.340227,309.531,62.911,0.766
73.351837,297.679,62.235,0.768
73.363447,296.112,62.144,0.770
73.375057,295.174,62.089,0.765
73.386667,294.713,62.062,0.771
73.398277,294.481,62.048,0.777
73.409887,294.309,62.038,0.779
73.421497,294.163,62.029,0.775
73.433107,294.177,62.030,0.771
73.444717,294.192,62.031,0.770
73.456327,294.152,62.029,0.765
73.467937,294.097,62.025,0.762
73.479546,293.845,62.011,0.752
73.491156,293.427,61.986,0.738
73.502766,293.300,61.978,0.727
73.514376,292.818,61.950,0.709
73.525986,291.920,61.897,0.690
73.537596,292.408,61.926,0.667
73.549206,292.178,61.912,0.643
73.560816,293.010,61.961,0.614
73.572426,291.435,61.868,0.584
73.584036,294.228,62.033,0.552
73.595646,302.241,62.498,0.522
73.607256,302.044,62.487,0.510
73.618866,302.013,62.485,0.510
73.630476,301.896,62.479,0.511
73.642086,302.042,62.487,0.511
73.653696,301.911,62.479,0.506
73.665306,301.667,62.465,0.503
73.676916,319.083,63.437,0.500
73.688526,290.469,61.811,0.494
73.700136,304.346,62.619,0.484
73.711746,305.488,62.683,0.472
73.723356,306.105,62.718,0.459
73.734966,338.948,64.483,0.550
73.746576,327.823,63.905,0.605
73.758186,327.979,63.913,0.644
73.769796,328.246,63.927,0.667
73.781406,328.004,63.915,0.690
73.793016,326.379,63.829,0.713
73.804626,325.184,63.765,0.730
73.816236,323.731,63.688,0.744
73.827846,322.003,63.595,0.742
73.839456,319.102,63.438,0.738
73.851066,316.500,63.296,0.736
73.862676,314.426,63.183,0.738
73.874286,313.009,63.104,0.738
73.885896,311.917,63.044,0.735
73.897506,311.439,63.017,0.733
73.909116,311.562,63.024,0.733
73.920726,312.171,63.058,0.733
73.932336,313.375,63.125,0.731
73.943946,315.260,63.228,0.728
73.955556,318.229,63.391,0.726
73.967166,322.306,63.611,0.722
73.978776,328.708,63.952,0.722
73.990385,335.206,64.291,0.722
74.001995,341.025,64.588,0.721
74.013605,344.462,64.762,0.720
74.025215,346.774,64.878,0.720
74.036825,348.135,64.946,0.720
74.048435,348.869,64.982,0.720
74.060045,349.000,64.989,0.719
74.071655,348.853,64.981,0.711
74.083265,348.298,64.954,0.707
74.094875,347.914,64.935,0.700
74.106485,348.110,64.944,0.693
74.118095,348.699,64.974,0.686
74.129705,349.541,65.016,0.680
74.141315,349.937,65.035,0.671
74.152925,350.271,65.052,0.662
74.164535,349.962,65.036,0.659
74.176145,349.650,65.021,0.653
74.187755,349.121,64.995,0.651
74.199365,348.729,64.975,0.657
74.210975,348.554,64.967,0.658
74.222585,348.534,64.966,0.660
74.234195,348.658,64.972,0.664
74.245805,349.032,64.990,0.666
74.257415,349.265,65.002,0.671
74.269025,349.351,65.006,0.675
74.280635,349.403,65.009,0.676
74.292245,349.354,65.006,0.674
74.303855,349.233,65.000,0.672
74.315465,349.172,64.997,0.670
74.327075,349.399,65.008,0.665
74.338685,349.433,65.010,0.665
74.350295,349.559,65.016,0.662
74.361905,349.710,65.024,0.660
74.373515,349.840,65.030,0.660
74.385125,350.017,65.039,0.657
74.396735,349.829,65.030,0.659
74.408345,349.787,65.028,0.656
74.419955,349.606,65.019,0.658
74.431565,349.526,65.015,0.658
74.443175,349.466,65.012,0.657
74.454785,349.363,65.007,0.657
74.466395,349.501,65.014,0.657
74.478005,349.560,65.016,0.658
74.489615,349.800,65.028,0.659
74.501224,349.907,65.034,0.663
74.512834,349.877,65.032,0.664
74.524444,349.722,65.024,0.666
74.536054,349.691,65.023,0.667
74.547664,349.684,65.023,0.668
74.559274,349.703,65.024,0.670
74.570884,349.558,65.016,0.671
74.582494,349.363,65.007,0.671
74.594104,349.337,65.005,0.669
74.605714,349.393,65.008,0.669
74.617324,349.648,65.021,0.665
74.628934,349.725,65.025,0.664
74.640544,349.844,65.030,0.658
74.652154,349.921,65.034,0.654
74.663764,349.836,65.030,0.648
74.675374,349.863,65.031,0.643
74.686984,349.739,65.025,0.641
74.698594,349.793,65.028,0.636
74.710204,349.594,65.018,0.635
74.721814,349.486,65.013,0.631
74.733424,349.346,65.006,0.632
74.745034,349.535,65.015,0.627
74.756644,349.703,65.023,0.624
74.768254,349.781,65.027,0.621
74.779864,349.974,65.037,0.611
74.791474,350.021,65.039,0.604
74.803084,350.110,65.044,0.595
74.814694,350.020,65.039,0.589
74.826304,349.878,65.032,0.583
74.837914,349.720,65.024,0.582
74.849524,349.479,65.012,0.586
74.861134,349.320,65.005,0.587
74.872744,349.258,65.001,0.593
74.884354,349.233,65.000,0.599
74.895964,349.238,65.000,0.605
74.907574,349.128,64.995,0.611
74.919184,349.162,64.997,0.616
74.930794,349.077,64.993,0.622
74.942404,349.027,64.990,0.624
74.954014,348.975,64.987,0.629
74.965624,349.111,64.994,0.632
74.977234,349.257,65.001,0.633
74.988844,349.455,65.011,0.634
75.000454,349.540,65.015,0.635
75.012063,349.589,65.018,0.635
75.023673,349.523,65.015,0.634
75.035283,349.436,65.010,0.634
75.046893,349.348,65.006,0.634
75.058503,349.216,64.999,0.637
75.070113,349.164,64.997,0.639
75.081723,349.039,64.991,0.643
75.093333,349.059,64.992,0.647
75.104943,349.194,64.998,0.651
75.116553,349.326,65.005,0.654
75.128163,349.416,65.009,0.656
75.139773,349.498,65.013,0.658
75.151383,349.491,65.013,0.660
75.162993,349.347,65.006,0.660
75.174603,349.308,65.004,0.659
75.186213,349.410,65.009,0.658
75.197823,349.523,65.015,0.658
75.209433,349.560,65.016,0.659
75.221043,349.523,65.015,0.661
75.232653,349.369,65.007,0.661
75.244263,349.327,65.005,0.660
75.255873,349.330,65.005,0.659
75.267483,349.433,65.010,0.658
75.279093,349.500,65.013,0.654
75.290703,349.542,65.016,0.651
75.302313,349.559,65.016,0.649
75.313923,349.597,65.018,0.644
75.325533,349.715,65.024,0.641
75.337143,349.802,65.028,0.641
75.348753,349.774,65.027,0.642
75.360363,349.652,65.021,0.643
75.371973,349.364,65.007,0.645
75.383583,349.368,65.007,0.647
75.395193,349.413,65.009,0.647
75.406803,349.680,65.022,0.647
75.418413,349.739,65.025,0.648
75.430023,349.735,65.025,0.650
75.441633,349.656,65.021,0.651
75.453243,349.670,65.022,0.653
75.464853,349.667,65.022,0.655
75.476463,349.661,65.021,0.656
75.488073,349.615,65.019,0.658
75.499683,349.555,65.016,0.659
75.511293,349.590,65.018,0.660
75.522902,349.521,65.014,0.661
75.534512,349.613,65.019,0.661
75.546122,349.719,65.024,0.663
75.557732,349.770,65.027,0.665
75.569342,349.728,65.025,0.667
75.580952,349.631,65.020,0.669
75.592562,349.493,65.013,0.671
75.604172,349.455,65.011,0.671
75.615782,349.449,65.011,0.671
75.627392,349.539,65.015,0.672
75.639002,349.557,65.016,0.671
75.650612,349.450,65.011,0.670
75.662222,349.406,65.009,0.668
75.673832,349.291,65.003,0.666
75.685442,349.273,65.002,0.664
75.697052,349.460,65.011,0.662
75.708662,349.475,65.012,0.661
75.720272,349.433,65.010,0.658
75.731882,349.361,65.007,0.657
75.743492,349.266,65.002,0.657
75.755102,349.237,65.000,0.657
75.766712,349.117,64.994,0.657
75.778322,349.029,64.990,0.656
75.789932,348.936,64.986,0.656
75.801542,348.881,64.983,0.656
75.813152,348.814,64.979,0.656
75.824762,348.761,64.977,0.655
75.836372,348.775,64.978,0.654
75.847982,348.854,64.981,0.654
75.859592,348.997,64.989,0.655
75.871202,349.210,64.999,0.657
75.882812,349.422,65.010,0.660
75.894422,349.441,65.011,0.664
75.906032,349.454,65.011,0.666
75.917642,349.442,65.011,0.668
75.929252,349.553,65.016,0.670
75.940862,349.648,65.021,0.671
75.952472,349.822,65.029,0.672
75.964082,349.896,65.033,0.672
75.975692,349.888,65.033,0.671
75.987302,349.976,65.037,0.668
75.998912,350.196,65.048,0.666
76.010522,350.233,65.050,0.666
76.022132,350.149,65.046,0.666
76.033741,350.052,65.041,0.667
76.045351,349.958,65.036,0.666
76.056961,349.829,65.030,0.667
76.068571,349.856,65.031,0.667
76.080181,349.805,65.029,0.668
76.091791,349.659,65.021,0.669
76.103401,349.465,65.012,0.668
76.115011,349.395,65.008,0.667
76.126621,349.355,65.006,0.665
76.138231,349.336,65.005,0.665
76.149841,349.455,65.011,0.665
76.161451,349.450,65.011,0.665
76.173061,349.489,65.013,0.663
76.184671,349.501,65.014,0.662
76.196281,349.657,65.021,0.663
76.207891,349.800,65.028,0.665
76.219501,349.803,65.028,0.668
76.231111,349.819,65.029,0.671
76.242721,349.642,65.020,0.673
76.254331,349.432,65.010,0.673
76.265941,349.424,65.010,0.675
76.277551,349.407,65.009,0.677
76.289161,349.416,65.009,0.677
76.300771,349.401,65.009,0.677
76.312381,349.485,65.013,0.675
76.323991,349.485,65.013,0.673
76.335601,349.609,65.019,0.671
76.347211,349.660,65.021,0.673
76.358821,349.610,65.019,0.673
76.370431,349.664,65.022,0.672
76.382041,349.611,65.019,0.672
76.393651,349.573,65.017,0.671
76.405261,349.547,65.016,0.671
76.416871,349.593,65.018,0.673
76.428481,349.699,65.023,0.677
76.440091,349.594,65.018,0.680
76.451701,349.622,65.020,0.683
76.463311,349.470,65.012,0.686
76.474921,349.358,65.006,0.689
76.486531,349.293,65.003,0.692
76.498141,349.346,65.006,0.694
76.509751,349.355,65.006,0.693
76.521361,349.335,65.005,0.692
76.532971,349.238,65.000,0.690
76.544580,349.150,64.996,0.689
76.556190,349.132,64.995,0.687
76.567800,349.199,64.999,0.685
76.579410,349.161,64.997,0.685
76.591020,349.239,65.001,0.685
76.602630,349.285,65.003,0.685
76.614240,349.415,65.009,0.684
76.625850,349.631,65.020,0.683
76.637460,349.938,65.035,0.681
76.649070,350.124,65.044,0.681
76.660680,350.131,65.045,0.678
76.672290,349.989,65.038,0.676
76.683900,349.814,65.029,0.672
76.695510,349.672,65.022,0.668
76.707120,349.641,65.020,0.665
76.718730,349.425,65.010,0.662
76.730340,349.072,64.992,0.663
76.741950,348.620,64.970,0.664
76.753560,348.115,64.945,0.667
76.765170,347.747,64.926,0.671
76.776780,347.376,64.908,0.673
76.788390,347.033,64.891,0.676
76.800000,346.788,64.879,0.680
76.811610,347.028,64.891,0.685
76.823220,347.632,64.921,0.686
76.834830,348.947,64.986,0.686
76.846440,350.940,65.085,0.686
76.858050,353.316,65.201,0.686
76.869660,354.749,65.272,0.686
76.881270,355.507,65.309,0.687
76.892880,355.693,65.318,0.687
76.904490,355.384,65.302,0.687
76.916100,354.709,65.270,0.685
76.927710,353.458,65.208,0.682
76.939320,351.573,65.116,0.674
76.950930,349.340,65.006,0.664
76.962540,347.386,64.908,0.658
76.974150,346.256,64.852,0.650
76.985760,346.003,64.839,0.642
76.997370,346.842,64.881,0.633
77.008980,349.094,64.993,0.632
77.020590,352.212,65.147,0.638
77.032200,354.866,65.277,0.652
77.043810,356.522,65.358,0.664
77.055420,356.781,65.370,0.674
77.067029,356.881,65.375,0.679
77.078639,356.625,65.363,0.686
77.090249,355.780,65.322,0.693
77.101859,354.427,65.256,0.696
77.113469,352.148,65.144,0.696
77.125079,349.159,64.997,0.692
77.136689,346.531,64.866,0.688
77.148299,344.735,64.776,0.681
77.159909,343.728,64.725,0.674
77.171519,343.527,64.715,0.668
77.183129,344.774,64.778,0.660
77.194739,347.275,64.903,0.656
77.206349,349.869,65.032,0.652
77.217959,352.128,65.143,0.650
77.229569,353.469,65.209,0.651
77.241179,353.911,65.231,0.656
77.252789,353.952,65.233,0.659
77.264399,353.575,65.214,0.659
77.276009,352.499,65.161,0.653
77.287619,350.599,65.068,0.649
77.299229,348.754,64.976,0.645
77.310839,346.955,64.887,0.640
77.322449,345.839,64.831,0.637
77.334059,345.636,64.821,0.634
77.345669,346.531,64.866,0.631
77.357279,348.047,64.941,0.630
77.368889,349.550,65.016,0.634
77.380499,351.386,65.107,0.637
77.392109,353.001,65.186,0.644
77.403719,354.369,65.253,0.651
77.415329,355.135,65.290,0.655
77.426939,355.219,65.294,0.659
77.438549,354.564,65.263,0.665
77.450159,353.360,65.204,0.668
77.461769,351.848,65.129,0.670
77.473379,350.567,65.066,0.661
77.484989,348.541,64.966,0.653
77.496599,346.389,64.859,0.646
77.508209,344.906,64.784,0.638
77.519819,344.416,64.760,0.627
77.531429,345.002,64.789,0.613
77.543039,346.027,64.841,0.596
77.554649,347.276,64.903,0.578
77.566259,349.278,65.002,0.579
77.577868,351.389,65.107,0.573
77.589478,353.697,65.220,0.562
77.601088,355.148,65.291,0.555
77.612698,354.969,65.282,0.552
77.624308,354.063,65.238,0.549
77.635918,352.937,65.183,0.548
77.647528,352.013,65.138,0.546
77.659138,350.631,65.069,0.536
77.670748,349.595,65.018,0.524
77.682358,348.510,64.964,0.510
77.693968,347.750,64.927,0.488
77.705578,347.639,64.921,0.459
77.717188,348.505,64.964,0.432
77.728798,349.790,65.028,0.406
77.740408,351.606,65.117,0.388
77.752018,353.536,65.212,0.387
77.763628,354.600,65.264,0.393
77.775238,355.360,65.301,0.383
77.786848,356.358,65.350,0.367
77.798458,356.197,65.342,0.350
77.810068,354.887,65.278,0.339
77.821678,353.544,65.213,0.334
77.833288,351.916,65.133,0.328
77.844898,350.593,65.068,0.311
77.856508,349.754,65.026,0.287
77.868118,350.188,65.048,0.294
77.879728,350.877,65.082,0.300
77.891338,352.053,65.139,0.295
77.902948,352.930,65.183,0.298
77.914558,353.582,65.215,0.303
77.926168,354.164,65.243,0.305
77.937778,354.961,65.282,0.286
77.949388,355.052,65.286,0.257
77.960998,354.144,65.242,0.243
77.972608,352.767,65.175,0.264
77.984218,351.597,65.117,0.306
77.995828,351.034,65.089,0.331
78.007438,350.656,65.071,0.338
78.019048,350.929,65.084,0.339
78.030658,350.800,65.078,0.342
78.042268,350.718,65.074,0.345
78.053878,350.733,65.074,0.340
78.065488,350.864,65.081,0.323
78.077098,350.881,65.082,0.291
78.088707,350.822,65.079,0.251
78.100317,350.711,65.073,0.224
78.111927,350.739,65.075,0.210
78.123537,350.691,65.072,0.197
78.135147,350.531,65.064,0.196
78.146757,350.722,65.074,0.201
78.158367,351.545,65.114,0.209
78.169977,351.850,65.129,0.212
78.181587,352.264,65.150,0.202
78.193197,352.371,65.155,0.193
78.204807,352.702,65.171,0.193
78.216417,353.309,65.201,0.199
78.228027,354.021,65.236,0.210
78.239637,353.943,65.232,0.215
78.251247,353.743,65.222,0.201
78.262857,353.517,65.211,0.175
78.274467,353.350,65.203,0.162
78.286077,353.485,65.210,0.152
78.297687,353.013,65.187,0.140
78.309297,352.348,65.154,0.129
78.320907,351.408,65.108,0.108
78.332517,351.491,65.112,0.073
78.344127,350.989,65.087,0.075
78.355737,350.487,65.062,0.079
78.367347,349.775,65.027,0.095
78.378957,348.541,64.966,0.105
78.390567,347.932,64.936,0.121
78.402177,348.600,64.969,0.149
78.413787,348.788,64.978,0.159
78.425397,348.900,64.984,0.170
78.437007,349.164,64.997,0.174
78.448617,349.569,65.017,0.180
78.460227,349.881,65.032,0.179
78.471837,350.022,65.039,0.175
78.483447,350.179,65.047,0.160
78.495057,349.602,65.019,0.124
78.506667,348.580,64.968,0.094
78.518277,347.738,64.926,0.066
78.529887,346.819,64.880,0.035
78.541497,345.842,64.831,0.001
78.553107,,,0.000
78.564717,,,0.000
78.576327,,,0.000
78.587937,,,0.000
78.599546,,,0.000
78.611156,,,0.000
78.622766,,,0.000
78.634376,,,0.000
78.645986,349.950,65.036,0.010
78.657596,348.927,64.985,0.015
78.669206,347.861,64.932,0.010
78.680816,347.485,64.913,0.011
78.692426,347.895,64.934,0.011
78.704036,,,0.000
78.715646,,,0.000
78.727256,,,0.000
78.738866,,,0.000
78.750476,,,0.000
78.762086,348.692,64.973,0.007
78.773696,348.256,64.952,0.000
78.785306,,,0.000
78.796916,,,0.000
78.808526,,,0.000
78.820136,,,0.000
78.831746,,,0.000
78.843356,,,0.000
78.854966,,,0.000
78.866576,727.206,77.698,0.072
78.878186,724.654,77.637,0.194
78.889796,459.835,69.763,0.300
78.901406,142.569,49.490,0.515
78.913016,119.573,46.445,0.556
78.924626,109.536,44.927,0.590
78.936236,108.961,44.836,0.619
78.947846,107.904,44.667,0.640
78.959456,106.369,44.419,0.652
78.971066,105.932,44.348,0.659
78.982676,105.629,44.298,0.663
78.994286,103.812,43.998,0.629
79.005896,103.171,43.890,0.648
79.017506,102.021,43.696,0.644
79.029116,101.920,43.679,0.629
79.040726,101.703,43.642,0.618
79.052336,94.861,42.437,0.625
79.063946,109.966,44.995,0.643
79.075556,109.705,44.953,0.654
79.087166,109.316,44.892,0.669
79.098776,106.177,44.388,0.656
79.110385,106.070,44.370,0.667
79.121995,106.132,44.380,0.680
79.133605,106.248,44.399,0.690
79.145215,106.292,44.406,0.689
79.156825,106.363,44.418,0.685
79.168435,106.377,44.420,0.684
79.180045,106.302,44.408,0.683
79.191655,106.330,44.413,0.681
79.203265,106.055,44.368,0.673
79.214875,105.306,44.245,0.675
79.226485,104.302,44.079,0.675
79.238095,103.450,43.937,0.679
79.249705,102.999,43.862,0.676
79.261315,102.857,43.838,0.673
79.272925,102.674,43.807,0.673
79.284535,102.619,43.797,0.675
79.296145,102.534,43.783,0.672
79.307755,102.313,43.746,0.659
79.319365,102.440,43.767,0.641
79.330975,102.380,43.757,0.619
79.342585,102.568,43.789,0.600
79.354195,101.599,43.625,0.585
79.365805,101.332,43.579,0.567
79.377415,101.311,43.575,0.534
79.389025,107.051,44.530,0.509
79.400635,408.996,67.735,0.493
79.412245,787.789,79.084,0.492
79.423855,610.536,74.671,0.494
79.435465,793.249,79.203,0.492
79.447075,797.879,79.304,0.479
79.458685,188.661,54.339,0.474
79.470295,141.584,49.370,0.527
79.481905,113.040,45.472,0.567
79.493515,114.832,45.744,0.590
79.505125,114.323,45.667,0.613
79.516735,114.016,45.621,0.632
79.528345,114.757,45.733,0.659
79.539955,114.667,45.719,0.673
79.551565,110.328,45.052,0.682
79.563175,109.961,44.994,0.677
79.574785,109.339,44.896,0.669
79.586395,108.905,44.827,0.662
79.598005,109.212,44.876,0.655
79.609615,106.111,44.377,0.648
79.621224,106.050,44.367,0.628
79.632834,106.128,44.380,0.616
79.644444,105.947,44.350,0.601
79.656054,106.091,44.374,0.587
79.667664,101.843,43.666,0.570
79.679274,101.935,43.682,0.555
79.690884,102.353,43.753,0.530
79.702494,103.404,43.930,0.493
79.714104,100.869,43.500,0.456
79.725714,100.368,43.413,0.423
79.737324,100.562,43.447,0.397
79.748934,100.645,43.461,0.369
79.760544,100.615,43.456,0.349
79.772154,101.280,43.570,0.336
79.783764,106.629,44.461,0.315
79.795374,106.620,44.460,0.312
79.806984,106.543,44.447,0.309
79.818594,106.786,44.487,0.300
79.830204,107.826,44.654,0.262
79.841814,113.726,45.577,0.218
79.853424,105.459,44.270,0.159
79.865034,104.195,44.061,0.073
79.876644,104.168,44.057,0.022
79.888254,,,0.000
79.899864,,,0.000
79.911474,,,0.000
79.923084,,,0.000
79.934694,,,0.000
79.946304,,,0.000
79.957914,,,0.000
79.969524,,,0.000
79.981134,,,0.000
79.992744,,,0.000
80.004354,,,0.000
80.015964,,,0.000
80.027574,,,0.000
80.039184,,,0.000
80.050794,,,0.000
80.062404,106.543,44.447,0.022
80.074014,416.618,68.055,0.112
80.085624,433.856,68.757,0.198
80.097234,440.524,69.021,0.451
80.108844,438.304,68.933,0.597
80.120454,436.368,68.857,0.655
80.132063,436.501,68.862,0.693
80.143673,436.092,68.846,0.723
80.155283,435.503,68.822,0.748
80.166893,434.589,68.786,0.766
80.178503,433.560,68.745,0.781
80.190113,432.352,68.696,0.785
80.201723,431.320,68.655,0.778
80.213333,430.112,68.607,0.772
80.224943,429.138,68.567,0.766
80.236553,428.294,68.533,0.757
80.248163,428.865,68.556,0.749
80.259773,430.984,68.642,0.744
80.271383,435.618,68.827,0.740
80.282993,440.194,69.008,0.734
80.294603,445.316,69.208,0.737
80.306213,454.451,69.559,0.738
80.317823,458.087,69.697,0.747
80.329433,461.437,69.824,0.752
80.341043,463.437,69.898,0.758
80.352653,466.037,69.995,0.761
80.364263,466.902,70.027,0.765
80.375873,466.946,70.029,0.770
80.387483,466.980,70.030,0.769
80.399093,466.456,70.011,0.767
80.410703,466.297,70.005,0.763
80.422313,466.557,70.015,0.760
80.433923,467.080,70.034,0.759
80.445533,467.338,70.044,0.757
80.457143,467.448,70.048,0.758
80.468753,466.724,70.021,0.758
80.480363,464.689,69.945,0.757
80.491973,462.836,69.876,0.755
80.503583,460.856,69.802,0.752
80.515193,457.796,69.686,0.758
80.526803,454.581,69.564,0.755
80.538413,450.680,69.415,0.752
80.550023,446.615,69.258,0.751
80.561633,444.005,69.157,0.752
80.573243,442.468,69.097,0.751
80.584853,441.870,69.073,0.754
80.596463,441.876,69.074,0.757
80.608073,441.387,69.054,0.752
80.619683,440.976,69.038,0.750
80.631293,440.540,69.021,0.751
80.642902,439.817,68.993,0.746
80.654512,439.363,68.975,0.741
80.666122,439.082,68.964,0.741
80.677732,438.920,68.957,0.740
80.689342,438.827,68.954,0.734
80.700952,438.336,68.934,0.730
80.712562,437.591,68.905,0.729
80.724172,435.488,68.822,0.725
80.735782,432.807,68.715,0.720
80.747392,428.900,68.558,0.714
80.759002,422.447,68.295,0.705
80.770612,415.355,68.002,0.696
80.782222,404.107,67.527,0.692
80.793832,390.097,66.916,0.690
80.805442,375.105,66.238,0.685
80.817052,361.385,65.592,0.679
80.828662,355.035,65.286,0.679
80.840272,350.403,65.058,0.676
80.851882,348.423,64.960,0.674
80.863492,348.819,64.980,0.678
80.875102,349.885,65.033,0.676
80.886712,349.948,65.036,0.675
80.898322,351.378,65.106,0.677
80.909932,351.396,65.107,0.678
80.921542,351.600,65.117,0.677
80.933152,351.847,65.129,0.679
80.944762,351.575,65.116,0.685
80.956372,352.028,65.138,0.693
80.967982,351.356,65.105,0.700
80.979592,351.424,65.109,0.705
80.991202,351.209,65.098,0.708
81.002812,350.909,65.083,0.713
81.014422,351.023,65.089,0.718
81.026032,351.040,65.090,0.725
81.037642,350.588,65.067,0.729
81.049252,350.412,65.059,0.731
81.060862,350.321,65.054,0.734
81.072472,350.002,65.038,0.738
81.084082,350.029,65.040,0.741
81.095692,349.817,65.029,0.744
81.107302,349.745,65.026,0.747
81.118912,349.865,65.032,0.747
81.130522,349.890,65.033,0.745
81.142132,350.093,65.043,0.744
81.153741,350.095,65.043,0.741
81.165351,349.949,65.036,0.736
81.176961,349.917,65.034,0.732
81.188571,349.677,65.022,0.729
81.200181,349.434,65.010,0.726
81.211791,349.362,65.007,0.724
81.223401,349.033,64.990,0.723
81.235011,348.923,64.985,0.720
81.246621,348.910,64.984,0.717
81.258231,348.991,64.988,0.717
81.269841,349.218,64.999,0.716
81.281451,349.414,65.009,0.712
81.293061,349.521,65.015,0.710
81.304671,349.562,65.017,0.707
81.316281,349.671,65.022,0.704
81.327891,349.680,65.022,0.702
81.339501,349.799,65.028,0.701
81.351111,349.737,65.025,0.700
81.362721,349.730,65.025,0.701
81.374331,349.978,65.037,0.703
81.385941,350.240,65.050,0.706
81.397551,350.327,65.054,0.708
81.409161,350.471,65.062,0.710
81.420771,350.408,65.058,0.710
81.432381,350.443,65.060,0.710
81.443991,350.462,65.061,0.709
81.455601,350.403,65.058,0.707
81.467211,350.404,65.058,0.705
81.478821,350.402,65.058,0.701
81.490431,350.390,65.058,0.695
81.502041,350.274,65.052,0.690
81.513651,349.953,65.036,0.687
81.525261,349.743,65.025,0.681
81.536871,349.661,65.021,0.674
81.548481,349.386,65.008,0.664
81.560091,349.215,64.999,0.655
81.571701,349.390,65.008,0.646
81.583311,349.410,65.009,0.642
81.594921,349.806,65.029,0.638
81.606531,349.942,65.035,0.634
81.618141,350.021,65.039,0.633
81.629751,349.920,65.034,0.636
81.641361,349.911,65.034,0.642
81.652971,350.055,65.041,0.647
81.664580,350.177,65.047,0.653
81.676190,350.368,65.056,0.659
81.687800,350.409,65.058,0.665
81.699410,350.592,65.067,0.668
81.711020,350.542,65.065,0.673
81.722630,350.406,65.058,0.677
81.734240,350.258,65.051,0.678
81.745850,350.042,65.040,0.678
81.757460,349.746,65.026,0.679
81.769070,349.593,65.018,0.677
81.780680,349.464,65.012,0.674
81.792290,349.442,65.011,0.674
81.803900,349.330,65.005,0.672
81.815510,349.170,64.997,0.670
81.827120,348.993,64.988,0.670
81.838730,348.881,64.983,0.669
81.850340,348.990,64.988,0.667
81.861950,349.028,64.990,0.665
81.873560,349.005,64.989,0.662
81.885170,348.958,64.987,0.658
81.896780,349.026,64.990,0.654
81.908390,349.084,64.993,0.650
81.920000,349.358,65.006,0.648
81.931610,349.589,65.018,0.646
81.943220,349.682,65.022,0.646
81.954830,349.739,65.025,0.650
81.966440,349.727,65.025,0.654
81.978050,349.746,65.026,0.660
81.989660,349.664,65.022,0.665
82.001270,349.619,65.019,0.671
82.012880,349.742,65.025,0.677
82.024490,349.966,65.037,0.684
82.036100,350.245,65.050,0.690
82.047710,350.314,65.054,0.694
82.059320,350.417,65.059,0.696
82.070930,350.452,65.061,0.695
82.082540,350.354,65.056,0.694
82.094150,350.261,65.051,0.692
82.105760,350.097,65.043,0.688
82.117370,350.175,65.047,0.683
82.128980,349.974,65.037,0.677
82.140590,349.896,65.033,0.672
82.152200,349.772,65.027,0.668
82.163810,349.477,65.012,0.664
82.175420,349.312,65.004,0.659
82.187029,349.146,64.996,0.653
82.198639,348.970,64.987,0.648
82.210249,348.831,64.980,0.640
82.221859,348.809,64.979,0.632
82.233469,348.841,64.981,0.623
82.245079,348.954,64.986,0.613
82.256689,349.297,65.003,0.608
82.268299,349.591,65.018,0.605
82.279909,349.671,65.022,0.602
82.291519,349.971,65.037,0.602
82.303129,350.231,65.050,0.604
82.314739,350.405,65.058,0.606
82.326349,350.818,65.079,0.607
82.337959,350.999,65.088,0.611
82.349569,350.967,65.086,0.614
82.361179,350.792,65.077,0.617
82.372789,350.497,65.063,0.621
82.384399,350.092,65.043,0.624
82.396009,349.684,65.023,0.625
82.407619,349.367,65.007,0.625
82.419229,349.193,64.998,0.628
82.430839,349.029,64.990,0.629
82.442449,348.985,64.988,0.628
82.454059,349.182,64.998,0.628
82.465669,349.155,64.996,0.627
82.477279,349.212,64.999,0.628
82.488889,349.304,65.004,0.628
82.500499,349.268,65.002,0.630
82.512109,349.165,64.997,0.633
82.523719,349.105,64.994,0.636
82.535329,348.997,64.989,0.638
82.546939,348.890,64.983,0.642
82.558549,348.901,64.984,0.646
82.570159,348.914,64.984,0.650
82.581769,349.175,64.997,0.654
82.593379,349.355,65.006,0.659
82.604989,349.641,65.020,0.662
82.616599,349.722,65.024,0.665
82.628209,349.728,65.025,0.667
82.639819,349.678,65.022,0.669
82.651429,349.755,65.026,0.671
82.663039,349.781,65.027,0.672
82.674649,349.768,65.027,0.673
82.686259,349.913,65.034,0.673
82.697868,350.002,65.038,0.673
82.709478,350.001,65.038,0.674
82.721088,349.856,65.031,0.674
82.732698,349.795,65.028,0.673
82.744308,349.618,65.019,0.671
82.755918,349.604,65.019,0.668
82.767528,349.611,65.019,0.664
82.779138,349.486,65.013,0.661
82.790748,349.495,65.013,0.657
82.802358,349.487,65.013,0.652
82.813968,349.498,65.013,0.648
82.825578,349.424,65.010,0.645
82.837188,349.269,65.002,0.642
82.848798,349.110,64.994,0.640
82.860408,349.119,64.995,0.639
82.872018,349.119,64.995,0.637
82.883628,349.055,64.991,0.635
82.895238,348.959,64.987,0.634
82.906848,349.176,64.997,0.632
82.918458,349.202,64.999,0.630
82.930068,349.278,65.002,0.627
82.941678,349.381,65.008,0.624
82.953288,349.112,64.994,0.619
82.964898,349.067,64.992,0.614
82.976508,349.031,64.990,0.610
82.988118,349.210,64.999,0.607
82.999728,349.060,64.992,0.604
83.011338,349.150,64.996,0.601
83.022948,349.087,64.993,0.600
83.034558,349.002,64.989,0.600
83.046168,348.999,64.989,0.599
83.057778,349.071,64.992,0.599
83.069388,349.180,64.998,0.598
83.080998,348.915,64.984,0.595
83.092608,348.943,64.986,0.590
83.104218,348.891,64.983,0.586
83.115828,349.042,64.991,0.580
83.127438,349.061,64.992,0.573
83.139048,349.099,64.994,0.567
83.150658,349.294,65.003,0.562
83.162268,349.220,65.000,0.556
83.173878,349.348,65.006,0.555
83.185488,349.410,65.009,0.553
83.197098,349.402,65.009,0.553
83.208707,349.392,65.008,0.553
83.220317,349.326,65.005,0.554
83.231927,349.400,65.009,0.554
83.243537,349.187,64.998,0.554
83.255147,349.312,65.004,0.555
83.266757,349.247,65.001,0.554
83.278367,349.249,65.001,0.555
83.289977,349.236,65.000,0.552
83.301587,349.211,64.999,0.549
83.313197,349.100,64.994,0.544
83.324807,349.097,64.993,0.536
83.336417,349.154,64.996,0.528
83.348027,349.283,65.003,0.516
83.359637,349.355,65.006,0.503
83.371247,349.389,65.008,0.489
83.382857,349.407,65.009,0.476
83.394467,349.498,65.013,0.464
83.406077,349.802,65.028,0.457
83.417687,349.671,65.022,0.453
83.429297,349.816,65.029,0.449
83.440907,349.621,65.019,0.449
83.452517,349.622,65.020,0.447
83.464127,349.622,65.020,0.446
83.475737,349.615,65.019,0.445
83.487347,349.711,65.024,0.441
83.498957,349.538,65.015,0.436
83.510567,349.415,65.009,0.432
83.522177,349.168,64.997,0.428
83.533787,349.301,65.004,0.424
83.545397,349.378,65.007,0.419
83.557007,349.244,65.001,0.413
83.568617,349.275,65.002,0.406
83.580227,349.250,65.001,0.400
83.591837,349.418,65.009,0.395
83.603447,349.481,65.013,0.387
83.615057,349.570,65.017,0.379
83.626667,349.494,65.013,0.372
83.638277,349.497,65.013,0.364
83.649887,349.416,65.009,0.354
83.661497,349.246,65.001,0.343
83.673107,349.138,64.996,0.332
83.684717,349.154,64.996,0.318
83.696327,349.243,65.001,0.305
83.707937,349.653,65.021,0.292
83.719546,350.021,65.039,0.277
83.731156,350.151,65.046,0.263
83.742766,350.468,65.061,0.250
83.754376,350.468,65.061,0.238
83.765986,350.451,65.061,0.226
83.777596,350.824,65.079,0.212
83.789206,350.898,65.083,0.196
83.800816,351.334,65.104,0.180
83.812426,351.641,65.119,0.162
83.824036,352.158,65.145,0.144
83.835646,352.386,65.156,0.125
83.847256,351.595,65.117,0.105
83.858866,350.254,65.051,0.082
83.870476,350.033,65.040,0.060
83.882086,349.831,65.030,0.046
83.893696,350.321,65.054,0.032
83.905306,350.267,65.051,0.027
83.916916,349.049,64.991,0.026
83.928526,349.607,65.019,0.029
83.940136,343.969,64.737,0.034
83.951746,174.707,53.009,0.044
83.963356,174.345,52.973,0.053
83.974966,372.118,66.099,0.063
83.986576,343.642,64.721,0.078
83.998186,88.024,41.142,0.088
84.009796,87.673,41.073,0.101
84.021406,87.898,41.117,0.113
84.033016,173.402,52.879,0.123
84.044626,412.454,67.881,0.132
84.056236,81.109,39.725,0.140
84.067846,81.093,39.722,0.150
84.079456,536.551,72.435,0.155
84.091066,542.801,72.635,0.165
84.102676,538.346,72.492,0.167
84.114286,537.964,72.480,0.168
84.125896,538.646,72.502,0.166
84.137506,530.646,72.243,0.161
84.149116,719.704,77.519,0.155
84.160726,529.232,72.197,0.143
84.172336,83.646,40.258,0.129
84.183946,118.184,46.242,0.106
84.195556,117.819,46.189,0.083
84.207166,83.252,40.177,0.056
84.218776,172.579,52.797,0.027
84.230385,,,0.000
84.241995,,,0.000
84.253605,,,0.000
84.265215,,,0.000
84.276825,,,0.000
84.288435,,,0.000
84.300045,119.783,46.475,0.070
84.311655,743.693,78.086,0.160
84.323265,738.922,77.975,0.218
84.334875,734.249,77.865,0.286
84.346485,738.579,77.967,0.335
84.358095,737.057,77.931,0.379
84.369705,739.026,77.977,0.406
84.381315,737.612,77.944,0.436
84.392925,737.632,77.945,0.457
84.404535,740.087,78.002,0.472
84.416145,413.625,67.930,0.549
84.427755,413.958,67.944,0.636
84.439365,415.478,68.007,0.671
84.450975,417.506,68.092,0.696
84.462585,418.611,68.137,0.718
84.474195,419.348,68.168,0.734
84.485805,419.637,68.180,0.748
84.497415,419.366,68.168,0.759
84.509025,420.458,68.213,0.760
84.520635,421.817,68.269,0.746
84.532245,422.118,68.282,0.741
84.543855,422.231,68.286,0.737
84.555465,422.503,68.298,0.733
84.567075,423.118,68.323,0.730
84.578685,424.150,68.365,0.727
84.590295,424.849,68.393,0.726
84.601905,425.441,68.417,0.726
84.613515,425.854,68.434,0.727
84.625125,426.740,68.470,0.728
84.636735,427.934,68.519,0.726
84.648345,429.743,68.592,0.723
84.659955,431.240,68.652,0.722
84.671565,432.515,68.703,0.720
84.683175,434.980,68.801,0.718
84.694785,438.477,68.940,0.715
84.706395,444.152,69.163,0.722
84.718005,449.680,69.377,0.726
84.729615,454.612,69.566,0.734
84.741224,458.345,69.707,0.741
84.752834,461.276,69.818,0.748
84.764444,463.265,69.892,0.757
84.776054,465.067,69.959,0.764
84.787664,466.354,70.007,0.769
84.799274,466.921,70.028,0.772
84.810884,466.493,70.012,0.772
84.822494,466.445,70.010,0.773
84.834104,465.951,69.992,0.776
84.845714,466.055,69.996,0.777
84.857324,466.314,70.006,0.777
84.868934,465.938,69.992,0.776
84.880544,465.968,69.993,0.775
84.892154,465.864,69.989,0.774
84.903764,465.616,69.980,0.776
84.915374,465.540,69.977,0.772
84.926984,466.236,70.003,0.765
84.938594,466.097,69.998,0.765
84.950204,465.695,69.983,0.762
84.961814,465.737,69.984,0.760
84.973424,465.499,69.975,0.760
84.985034,465.799,69.986,0.756
84.996644,466.166,70.000,0.751
85.008254,465.833,69.988,0.750
85.019864,465.692,69.982,0.749
85.031474,466.064,69.996,0.743
85.043084,466.175,70.000,0.740
85.054694,466.098,69.998,0.735
85.066304,466.513,70.013,0.727
85.077914,466.489,70.012,0.724
85.089524,466.189,70.001,0.722
85.101134,466.350,70.007,0.720
85.112744,466.454,70.011,0.718
85.124354,466.675,70.019,0.718
85.135964,466.865,70.026,0.718
85.147574,466.319,70.006,0.720
85.159184,466.537,70.014,0.722
85.170794,466.311,70.005,0.723
85.182404,466.746,70.022,0.721
85.194014,466.265,70.004,0.721
85.205624,466.044,69.996,0.717
85.217234,466.101,69.998,0.715
85.228844,466.108,69.998,0.711
85.240454,466.119,69.998,0.707
85.252063,465.690,69.982,0.704
85.263673,465.674,69.982,0.699
85.275283,465.634,69.980,0.698
85.286893,465.833,69.988,0.695
85.298503,465.718,69.983,0.696
85.310113,465.794,69.986,0.694
85.321723,465.888,69.990,0.694
85.333333,466.621,70.017,0.692
85.344943,466.313,70.006,0.690
85.356553,466.143,69.999,0.689
85.368163,465.677,69.982,0.688
85.379773,466.039,69.995,0.686
85.391383,465.219,69.965,0.685
85.402993,465.626,69.980,0.683
85.414603,465.131,69.962,0.683
85.426213,465.053,69.959,0.682
85.437823,464.879,69.952,0.683
85.449433,465.061,69.959,0.683
85.461043,465.216,69.965,0.682
85.472653,465.383,69.971,0.683
85.484263,465.841,69.988,0.682
85.495873,466.054,69.996,0.684
85.507483,466.242,70.003,0.683
85.519093,466.503,70.013,0.683
85.530703,466.897,70.027,0.684
85.542313,466.883,70.027,0.684
85.553923,467.018,70.032,0.684
85.565533,466.919,70.028,0.686
85.577143,466.918,70.028,0.689
85.588753,466.842,70.025,0.689
85.600363,466.077,69.997,0.691
85.611973,465.932,69.991,0.693
85.623583,465.637,69.980,0.696
85.635193,465.539,69.977,0.700
85.646803,465.868,69.989,0.706
85.658413,465.731,69.984,0.708
85.670023,465.753,69.985,0.713
85.681633,466.008,69.994,0.718
85.693243,466.445,70.010,0.724
85.704853,466.405,70.009,0.730
85.716463,466.367,70.008,0.733
85.728073,466.538,70.014,0.737
85.739683,466.235,70.003,0.740
85.751293,465.964,69.993,0.742
85.762902,465.852,69.988,0.743
85.774512,465.587,69.979,0.743
85.786122,465.288,69.967,0.743
85.797732,464.933,69.954,0.743
85.809342,465.116,69.961,0.744
85.820952,465.009,69.957,0.744
85.832562,464.982,69.956,0.743
85.844172,465.291,69.968,0.743
85.855782,465.363,69.970,0.742
85.867392,465.754,69.985,0.742
85.879002,466.235,70.003,0.741
85.890612,466.487,70.012,0.741
85.902222,466.469,70.011,0.741
85.913832,466.448,70.011,0.742
85.925442,466.402,70.009,0.743
85.937052,466.435,70.010,0.744
85.948662,466.471,70.011,0.746
85.960272,466.419,70.009,0.747
85.971882,466.180,70.001,0.747
85.983492,466.121,69.998,0.747
85.995102,466.117,69.998,0.745
86.006712,465.873,69.989,0.746
86.018322,466.007,69.994,0.744
86.029932,465.809,69.987,0.743
86.041542,465.730,69.984,0.744
86.053152,465.248,69.966,0.744
86.064762,465.091,69.960,0.744
86.076372,465.221,69.965,0.744
86.087982,464.953,69.955,0.744
86.099592,464.857,69.951,0.742
86.111202,464.477,69.937,0.741
86.122812,464.669,69.944,0.739
86.134422,464.647,69.944,0.737
86.146032,464.451,69.936,0.735
86.157642,464.944,69.955,0.734
86.169252,465.159,69.963,0.733
86.180862,465.665,69.981,0.731
86.192472,466.282,70.004,0.726
86.204082,467.024,70.032,0.723
86.215692,467.445,70.048,0.720
86.227302,467.691,70.057,0.717
86.238912,468.134,70.073,0.716
86.250522,468.174,70.074,0.713
86.262132,468.115,70.072,0.713
86.273741,468.053,70.070,0.714
86.285351,468.166,70.074,0.715
86.296961,467.971,70.067,0.718
86.308571,467.768,70.059,0.720
86.320181,467.655,70.055,0.724
86.331791,467.251,70.040,0.727
86.343401,467.088,70.034,0.733
86.355011,466.872,70.026,0.738
86.366621,466.774,70.023,0.741
86.378231,466.673,70.019,0.749
86.389841,466.377,70.008,0.753
86.401451,466.322,70.006,0.758
86.413061,466.278,70.004,0.760
86.424671,466.444,70.010,0.761
86.436281,466.301,70.005,0.761
86.447891,466.255,70.003,0.759
86.459501,466.506,70.013,0.759
86.471111,466.519,70.013,0.755
86.482721,466.687,70.019,0.754
86.494331,466.622,70.017,0.753
86.505941,466.599,70.016,0.751
86.517551,466.499,70.012,0.753
86.529161,466.099,69.998,0.753
86.540771,466.008,69.994,0.754
86.552381,465.800,69.986,0.753
86.563991,465.713,69.983,0.753
86.575601,465.898,69.990,0.754
86.587211,465.977,69.993,0.753
86.598821,466.297,70.005,0.754
86.610431,466.538,70.014,0.753
86.622041,466.875,70.026,0.754
86.633651,466.664,70.019,0.757
86.645261,466.739,70.021,0.759
86.656871,466.746,70.022,0.763
86.668481,466.559,70.015,0.763
86.680091,466.455,70.011,0.768
86.691701,466.338,70.006,0.776
86.703311,232.828,57.981,0.778
86.714921,232.621,57.966,0.793
86.726531,232.427,57.951,0.807
86.738141,231.896,57.912,0.823
86.749751,231.526,57.884,0.843
86.761361,230.968,57.842,0.874
86.772971,230.781,57.828,0.889
86.784580,230.923,57.839,0.900
86.796190,231.081,57.851,0.910
86.807800,231.103,57.852,0.909
86.819410,231.283,57.866,0.911
86.831020,231.422,57.876,0.915
86.842630,231.397,57.874,0.914
86.854240,231.774,57.903,0.900
86.865850,232.027,57.921,0.893
86.877460,232.139,57.930,0.887
86.889070,232.588,57.963,0.885
86.900680,232.824,57.981,0.887
86.912290,233.719,58.047,0.892
86.923900,235.769,58.198,0.890
86.935510,236.930,58.284,0.889
86.947120,237.490,58.324,0.895
86.958730,237.147,58.299,0.902
86.970340,236.025,58.217,0.903
86.981950,92.988,42.091,0.901
86.993560,93.511,42.188,0.901
87.005170,116.208,45.950,0.897
87.016780,116.209,45.951,0.897
87.028390,116.020,45.922,0.902
87.040000,116.114,45.936,0.903
87.051610,116.070,45.930,0.900
87.063220,116.188,45.948,0.906
87.074830,116.171,45.945,0.907
87.086440,116.203,45.950,0.906
87.098050,116.204,45.950,0.896
87.109660,116.314,45.966,0.882
87.121270,116.399,45.979,0.862
87.132880,116.544,46.000,0.834
87.144490,116.492,45.993,0.810
87.156100,116.749,46.031,0.771
87.167710,116.631,46.013,0.744
87.179320,116.728,46.028,0.718
87.190930,116.779,46.035,0.721
87.202540,116.694,46.023,0.734
87.214150,118.696,46.317,0.742
87.225760,159.873,51.473,0.761
87.237370,116.684,46.021,0.767
87.248980,159.838,51.469,0.770
87.260590,159.792,51.464,0.782
87.272200,159.740,51.459,0.800
87.283810,157.415,51.205,0.819
87.295420,314.453,63.184,0.843
87.307029,311.035,62.995,0.863
87.318639,310.223,62.950,0.863
87.330249,309.720,62.922,0.877
87.341859,306.430,62.737,0.898
87.353469,305.450,62.681,0.901
87.365079,303.732,62.584,0.907
87.376689,300.197,62.381,0.922
87.388299,297.312,62.214,0.925
87.399909,295.921,62.133,0.922
87.411519,147.753,50.108,0.927
87.423129,147.471,50.075,0.933
87.434739,147.355,50.062,0.931
87.446349,147.256,50.050,0.937
87.457959,147.259,50.050,0.937
87.469569,147.110,50.033,0.924
87.481179,146.919,50.010,0.914
87.492789,146.857,50.003,0.910
87.504399,146.807,49.997,0.914
87.516009,293.559,61.994,0.913
87.527619,293.242,61.975,0.917
87.539229,292.266,61.917,0.924
87.550839,292.088,61.907,0.925
87.562449,116.971,46.064,0.921
87.574059,117.139,46.089,0.923
87.585669,116.911,46.055,0.925
87.597279,116.875,46.050,0.924
87.608889,116.745,46.030,0.916
87.620499,116.629,46.013,0.911
87.632109,130.842,48.004,0.900
87.643719,130.867,48.007,0.900
87.655329,130.989,48.023,0.904
87.666939,131.133,48.042,0.908
87.678549,131.126,48.041,0.913
87.690159,131.132,48.042,0.915
87.701769,131.032,48.029,0.919
87.713379,130.891,48.010,0.909
87.724989,130.641,47.977,0.898
87.736599,258.070,59.763,0.884
87.748209,257.801,59.745,0.870
87.759819,256.184,59.636,0.854
87.771429,471.000,70.179,0.831
87.783039,238.877,58.425,0.802
87.794649,468.995,70.105,0.772
87.806259,470.208,70.150,0.779
87.817868,484.176,70.656,0.810
87.829478,495.756,71.066,0.836
87.841088,264.076,60.161,0.861
87.852698,132.761,48.256,0.875
87.864308,132.446,48.215,0.891
87.875918,132.180,48.180,0.910
87.887528,132.050,48.163,0.920
87.899138,131.868,48.139,0.926
87.910748,131.537,48.096,0.930
87.922358,131.366,48.073,0.931
87.933968,131.091,48.037,0.934
87.945578,130.879,48.009,0.939
87.957188,130.781,47.996,0.938
87.968798,130.775,47.995,0.934
87.980408,130.848,48.005,0.934
87.992018,130.898,48.011,0.931
88.003628,131.051,48.032,0.924
88.015238,156.463,51.100,0.919
88.026848,156.417,51.095,0.912
88.038458,156.265,51.078,0.910
88.050068,156.096,51.059,0.906
88.061678,155.862,51.033,0.906
88.073288,155.727,51.018,0.909
88.084898,155.550,50.999,0.909
88.096508,131.604,48.104,0.907
88.108118,131.580,48.101,0.905
88.119728,131.693,48.116,0.902
88.131338,131.724,48.120,0.894
88.142948,131.901,48.143,0.893
88.154558,132.116,48.172,0.884
88.166168,132.427,48.212,0.869
88.177778,235.761,58.198,0.860
88.189388,235.446,58.175,0.856
88.200998,234.789,58.126,0.848
88.212608,467.975,70.067,0.838
88.224218,469.351,70.118,0.826
88.235828,468.483,70.086,0.812
88.247438,468.434,70.084,0.806
88.259048,233.280,58.015,0.802
88.270658,233.332,58.019,0.802
88.282268,233.342,58.019,0.796
88.293878,233.562,58.036,0.793
88.305488,233.478,58.029,0.790
88.317098,233.573,58.036,0.792
88.328707,233.543,58.034,0.791
88.340317,233.420,58.025,0.791
88.351927,233.510,58.032,0.791
88.363537,233.510,58.032,0.788
88.375147,233.474,58.029,0.791
88.386757,233.289,58.015,0.798
88.398367,233.264,58.013,0.804
88.409977,155.416,50.984,0.807
88.421587,233.305,58.017,0.815
88.433197,233.174,58.007,0.829
88.444807,233.043,57.997,0.834
88.456417,233.150,58.005,0.852
88.468027,232.639,57.967,0.866
88.479637,232.864,57.984,0.887
88.491247,233.177,58.007,0.902
88.502857,233.290,58.015,0.910
88.514467,233.221,58.010,0.916
88.526077,233.224,58.011,0.919
88.537687,233.267,58.014,0.927
88.549297,233.262,58.013,0.930
88.560907,233.466,58.029,0.925
88.572517,233.351,58.020,0.918
88.584127,233.443,58.027,0.914
88.595737,233.566,58.036,0.910
88.607347,233.834,58.056,0.906
88.618957,233.815,58.054,0.904
88.630567,234.499,58.105,0.903
88.642177,234.857,58.131,0.889
88.653787,235.003,58.142,0.888
88.665397,235.209,58.157,0.882
88.677007,117.129,46.087,0.888
88.688617,117.043,46.074,0.895
88.700227,117.176,46.094,0.901
88.711837,117.243,46.104,0.905
88.723447,117.312,46.114,0.903
88.735057,117.277,46.109,0.908
88.746667,117.167,46.093,0.912
88.758277,116.891,46.052,0.915
88.769887,350.620,65.069,0.909
88.781497,116.564,46.003,0.908
88.793107,116.463,45.988,0.905
88.804717,116.376,45.976,0.896
88.816327,116.317,45.967,0.890
88.827937,116.320,45.967,0.887
88.839546,116.323,45.968,0.878
88.851156,116.405,45.980,0.867
88.862766,116.484,45.992,0.853
88.874376,116.657,46.017,0.837
88.885986,116.700,46.024,0.824
88.897596,116.762,46.033,0.823
88.909206,116.773,46.034,0.819
88.920816,116.862,46.048,0.814
88.932426,116.893,46.052,0.817
88.944036,462.026,69.846,0.823
88.955646,461.754,69.835,0.826
88.967256,462.165,69.851,0.830
88.978866,155.953,51.043,0.837
88.990476,156.014,51.050,0.844
89.002086,156.065,51.056,0.846
89.013696,155.922,51.040,0.859
89.025306,155.866,51.034,0.872
89.036916,155.840,51.031,0.871
89.048526,155.909,51.038,0.871
89.060136,155.830,51.030,0.877
89.071746,310.745,62.979,0.883
89.083356,309.317,62.899,0.890
89.094966,305.400,62.678,0.911
89.106576,301.872,62.477,0.914
89.118186,299.223,62.325,0.917
89.129796,297.850,62.245,0.929
89.141406,296.485,62.165,0.935
89.153016,295.473,62.106,0.938
89.164626,294.685,62.060,0.944
89.176236,293.865,62.012,0.946
89.187846,293.920,62.015,0.943
89.199456,293.824,62.009,0.942
89.211066,294.105,62.026,0.940
89.222676,294.068,62.024,0.935
89.234286,294.093,62.025,0.938
89.245896,294.391,62.043,0.937
89.257506,294.196,62.031,0.928
89.269116,294.305,62.038,0.920
89.280726,293.928,62.016,0.914
89.292336,293.359,61.982,0.904
89.303946,292.264,61.917,0.898
89.315556,469.656,70.129,0.890
89.327166,465.230,69.965,0.883
89.338776,131.844,48.136,0.870
89.350385,131.552,48.098,0.863
89.361995,131.146,48.044,0.855
89.373605,130.935,48.016,0.838
89.385215,261.762,60.009,0.835
89.396825,262.000,60.025,0.829
89.408435,262.258,60.042,0.826
89.420045,262.824,60.079,0.816
89.431655,262.757,60.075,0.819
89.443265,262.927,60.086,0.816
89.454875,262.851,60.081,0.821
89.466485,262.689,60.070,0.818
89.478095,84.744,40.484,0.811
89.489705,567.641,73.410,0.800
89.501315,569.516,73.467,0.793
89.512925,83.663,40.262,0.789
89.524535,572.551,73.559,0.836
89.536145,280.020,61.176,0.852
89.547755,275.889,60.919,0.864
89.559365,271.822,60.662,0.880
89.570975,269.868,60.537,0.889
89.582585,268.286,60.435,0.900
89.594195,266.742,60.335,0.916
89.605805,265.355,60.245,0.929
89.617415,263.663,60.134,0.915
89.629025,262.618,60.066,0.918
89.640635,261.771,60.010,0.925
89.652245,261.356,59.982,0.931
89.663855,260.942,59.955,0.942
89.675465,260.597,59.932,0.949
89.687075,260.379,59.917,0.949
89.698685,260.320,59.913,0.947
89.710295,260.555,59.929,0.949
89.721905,260.724,59.940,0.947
89.733515,260.858,59.949,0.941
89.745125,260.844,59.948,0.932
89.756735,260.941,59.955,0.921
89.768345,261.285,59.977,0.907
89.779955,261.810,60.012,0.891
89.791565,262.221,60.039,0.874
89.803175,196.229,55.020,0.856
89.814785,196.347,55.031,0.837
89.826395,196.382,55.034,0.813
89.838005,196.446,55.040,0.794
89.849615,196.388,55.034,0.773
89.861224,196.341,55.030,0.753
89.872834,196.137,55.012,0.742
89.884444,195.886,54.990,0.737
89.896054,195.617,54.966,0.733
89.907664,195.703,54.974,0.728
89.919274,195.723,54.976,0.723
89.930884,195.592,54.964,0.719
89.942494,195.616,54.966,0.718
89.954104,587.031,73.991,0.717
89.965714,586.837,73.985,0.719
89.977324,587.305,73.999,0.718
89.988934,587.564,74.007,0.717
90.000544,587.694,74.011,0.717
90.012154,587.729,74.012,0.715
90.023764,587.601,74.008,0.715
90.035374,587.411,74.002,0.716
90.046984,586.893,73.987,0.715
90.058594,586.519,73.976,0.715
90.070204,586.027,73.962,0.717
90.081814,585.510,73.946,0.721
90.093424,586.016,73.961,0.723
90.105034,586.032,73.962,0.726
90.116644,195.821,54.984,0.736
90.128254,195.991,54.999,0.750
90.139864,117.225,46.101,0.768
90.151474,117.218,46.100,0.788
90.163084,116.982,46.065,0.805
90.174694,116.785,46.036,0.813
90.186304,117.027,46.072,0.831
90.197914,116.878,46.050,0.853
90.209524,116.997,46.068,0.869
90.221134,116.791,46.037,0.881
90.232744,116.778,46.035,0.884
90.244354,116.784,46.036,0.886
90.255964,233.309,58.017,0.888
90.267574,233.041,57.997,0.887
90.279184,233.065,57.999,0.878
90.290794,232.766,57.977,0.866
90.302404,232.804,57.979,0.851
90.314014,233.128,58.003,0.831
90.325624,116.691,46.022,0.821
90.337234,233.909,58.061,0.805
90.348844,234.798,58.127,0.795
90.360454,235.783,58.199,0.787
90.372063,236.746,58.270,0.787
90.383673,292.076,61.906,0.783
90.395283,294.277,62.036,0.789
90.406893,116.780,46.035,0.815
90.418503,116.786,46.036,0.834
90.430113,116.878,46.050,0.852
90.441723,116.927,46.057,0.860
90.453333,116.881,46.050,0.871
90.464943,116.764,46.033,0.886
90.476553,116.737,46.029,0.894
90.488163,116.747,46.031,0.894
90.499773,116.732,46.028,0.884
90.511383,116.633,46.014,0.870
90.522993,116.428,45.983,0.854
90.534603,116.462,45.988,0.836
90.546213,116.727,46.028,0.818
90.557823,306.439,62.737,0.792
90.569433,304.145,62.607,0.768
90.581043,303.360,62.562,0.751
90.592653,305.268,62.671,0.750
90.604263,308.605,62.859,0.757
90.615873,615.272,74.805,0.765
90.627483,618.159,74.886,0.778
90.639093,615.171,74.802,0.789
90.650703,311.643,63.029,0.799
90.662313,311.820,63.039,0.801
90.673923,311.654,63.029,0.815
90.685533,311.717,63.033,0.813
90.697143,311.658,63.030,0.849
90.708753,311.641,63.029,0.875
90.720363,311.936,63.045,0.891
90.731973,312.630,63.083,0.917
90.743583,312.258,63.063,0.943
90.755193,311.127,63.000,0.956
90.766803,310.210,62.949,0.961
90.778413,308.740,62.867,0.969
90.790023,307.077,62.773,0.965
90.801633,305.522,62.685,0.966
90.813243,302.841,62.533,0.970
90.824853,298.933,62.308,0.960
90.836463,296.766,62.182,0.953
90.848073,295.649,62.117,0.952
90.859683,294.667,62.059,0.954
90.871293,293.827,62.010,0.952
90.882902,293.212,61.973,0.949
90.894512,292.707,61.943,0.939
90.906122,292.365,61.923,0.925
90.917732,292.057,61.905,0.920
90.929342,291.641,61.880,0.914
90.940952,291.396,61.866,0.917
90.952562,291.265,61.858,0.920
90.964172,291.233,61.856,0.917
90.975782,291.120,61.849,0.909
90.987392,290.880,61.835,0.908
90.999002,290.280,61.799,0.911
91.010612,289.632,61.761,0.910
91.022222,287.013,61.603,0.902
91.033832,275.088,60.869,0.892
91.045442,265.211,60.236,0.873
91.057052,263.431,60.119,0.861
91.068662,263.139,60.100,0.859
91.080272,262.137,60.034,0.848
91.091882,261.277,59.977,0.837
91.103492,261.385,59.984,0.827
91.115102,589.329,74.059,0.801
91.126712,83.687,40.267,0.775
91.138322,294.162,62.029,0.767
91.149932,294.632,62.057,0.772
91.161542,294.514,62.050,0.775
91.173152,294.393,62.043,0.773
91.184762,294.391,62.043,0.774
91.196372,294.142,62.028,0.766
91.207982,293.928,62.016,0.758
91.219592,293.853,62.011,0.750
91.231202,554.064,72.991,0.747
91.242812,554.280,72.997,0.759
91.254422,276.046,60.929,0.766
91.266032,275.216,60.877,0.782
91.277642,269.743,60.529,0.809
91.289252,268.320,60.437,0.820
91.300862,266.170,60.298,0.835
91.312472,265.345,60.244,0.858
91.324082,263.892,60.149,0.876
91.335692,262.679,60.070,0.895
91.347302,262.212,60.039,0.911
91.358912,261.500,59.992,0.931
91.370522,260.834,59.948,0.942
91.382132,260.767,59.943,0.956
91.393741,260.643,59.935,0.961
91.405351,260.557,59.929,0.959
91.416961,260.604,59.932,0.954
91.428571,260.830,59.947,0.943
91.440181,260.929,59.954,0.933
91.451791,261.150,59.969,0.915
91.463401,261.186,59.971,0.891
91.475011,261.128,59.967,0.860
91.486621,261.491,59.991,0.836
91.498231,261.622,60.000,0.820
91.509841,261.499,59.992,0.802
91.521451,261.055,59.962,0.787
91.533061,260.694,59.938,0.771
91.544671,261.703,60.005,0.748
91.556281,261.384,59.984,0.740
91.567891,261.575,59.997,0.744
91.579501,261.444,59.988,0.748
91.591111,261.274,59.977,0.746
91.602721,525.972,72.090,0.744
91.614331,526.345,72.102,0.747
91.625941,527.666,72.145,0.745
91.637551,527.618,72.144,0.741
91.649161,527.690,72.146,0.737
91.660771,528.270,72.165,0.736
91.672381,528.377,72.169,0.731
91.683991,526.741,72.115,0.727
91.695601,528.389,72.169,0.729
91.707211,528.186,72.163,0.725
91.718821,528.130,72.161,0.716
91.730431,528.261,72.165,0.714
91.742041,528.841,72.184,0.715
91.753651,528.199,72.163,0.710
91.765261,527.842,72.151,0.707
91.776871,528.809,72.183,0.712
91.788481,528.223,72.164,0.711
91.800091,527.365,72.136,0.711
91.811701,527.610,72.144,0.715
91.823311,527.295,72.133,0.716
91.834921,526.763,72.116,0.717
91.846531,262.166,60.036,0.727
91.858141,104.463,44.106,0.752
91.869751,104.582,44.126,0.774
91.881361,251.799,59.337,0.823
91.892971,246.865,58.995,0.840
91.904580,237.891,58.354,0.853
91.916190,234.075,58.074,0.871
91.927800,232.553,57.961,0.883
91.939410,231.949,57.916,0.891
91.951020,231.678,57.895,0.895
91.962630,231.644,57.893,0.895
91.974240,230.999,57.845,0.873
91.985850,230.553,57.811,0.861
91.997460,230.888,57.836,0.852
92.009070,231.658,57.894,0.839
92.020680,232.754,57.976,0.835
92.032290,234.310,58.091,0.823
92.043900,257.485,59.724,0.803
92.055510,259.612,59.866,0.816
92.067120,260.850,59.949,0.829
92.078730,262.204,60.038,0.829
92.090340,266.192,60.300,0.833
92.101950,266.483,60.318,0.832
92.113560,265.724,60.269,0.827
92.125170,305.851,62.704,0.838
92.136780,305.701,62.695,0.848
92.148390,351.010,65.088,0.836
92.160000,351.234,65.099,0.831
92.171610,350.981,65.087,0.841
92.183220,350.951,65.085,0.840
92.194830,351.072,65.091,0.839
92.206440,351.135,65.094,0.835
92.218050,175.205,53.058,0.826
92.229660,174.874,53.026,0.812
92.241270,174.261,52.965,0.794
92.252880,174.023,52.941,0.770
92.264490,173.955,52.935,0.747
92.276100,173.651,52.904,0.724
92.287710,173.262,52.865,0.704
92.299320,173.760,52.915,0.693
92.310930,87.096,40.958,0.687
92.322540,262.069,60.029,0.715
92.334150,261.783,60.010,0.737
92.345760,87.093,40.958,0.751
92.357370,177.846,53.317,0.764
92.368980,130.505,47.959,0.772
92.380590,87.125,40.964,0.779
92.392200,87.138,40.966,0.785
92.403810,298.101,62.260,0.800
92.415420,299.661,62.350,0.804
92.427029,305.583,62.689,0.839
92.438639,311.180,63.003,0.867
92.450249,313.327,63.122,0.888
92.461859,312.599,63.082,0.913
92.473469,312.453,63.074,0.916
92.485079,311.642,63.029,0.919
92.496689,310.936,62.989,0.919
92.508299,309.656,62.918,0.919
92.519909,307.274,62.784,0.906
92.531519,303.580,62.575,0.894
92.543129,299.091,62.317,0.884
92.554739,296.326,62.156,0.867
92.566349,295.125,62.086,0.876
92.577959,294.292,62.037,0.881
92.589569,293.709,62.003,0.883
92.601179,293.301,61.979,0.886
92.612789,292.903,61.955,0.890
92.624399,292.883,61.954,0.895
92.636009,292.826,61.950,0.896
92.647619,292.253,61.917,0.903
92.659229,291.664,61.882,0.905
92.670839,290.743,61.827,0.907
92.682449,290.299,61.800,0.904
92.694059,289.218,61.736,0.902
92.705669,287.602,61.639,0.901
92.717279,284.993,61.481,0.893
92.728889,282.768,61.345,0.883
92.740499,280.022,61.176,0.864
92.752109,274.664,60.842,0.847
92.763719,268.098,60.423,0.825
92.775329,265.192,60.234,0.811
92.786939,264.041,60.159,0.790
92.798549,262.558,60.062,0.759
92.810159,262.404,60.051,0.732
92.821769,262.867,60.082,0.716
92.833379,263.417,60.118,0.701
92.844989,271.907,60.667,0.689
92.856599,272.588,60.711,0.687
92.868209,98.426,43.075,0.687
92.879819,98.423,43.075,0.697
92.891429,86.498,40.839,0.702
92.903039,265.555,60.258,0.708
92.914649,86.485,40.836,0.710
92.926259,282.594,61.335,0.711
92.937868,86.466,40.832,0.708
92.949478,281.969,61.296,0.723
92.961088,281.688,61.279,0.762
92.972698,282.596,61.335,0.791
92.984308,280.982,61.236,0.833
92.995918,275.560,60.898,0.863
93.007528,273.364,60.760,0.888
93.019138,272.034,60.675,0.898
93.030748,270.745,60.593,0.905
93.042358,269.551,60.517,0.909
93.053968,267.354,60.375,0.903
93.065578,265.676,60.266,0.897
93.077188,264.375,60.181,0.881
93.088798,263.482,60.122,0.865
93.100408,262.660,60.068,0.844
93.112018,262.485,60.057,0.833
93.123628,262.375,60.050,0.829
93.135238,262.521,60.059,0.817
93.146848,262.539,60.060,0.807
93.158458,262.412,60.052,0.794
93.170068,261.804,60.012,0.788
93.181678,261.204,59.972,0.771
93.193288,258.820,59.813,0.763
93.204898,243.981,58.791,0.772
93.216508,234.697,58.120,0.793
93.228118,233.878,58.059,0.801
93.239728,233.334,58.019,0.801
93.251338,232.947,57.990,0.805
93.262948,232.597,57.964,0.802
93.274558,232.613,57.965,0.807
93.286168,232.477,57.955,0.798
93.297778,232.429,57.951,0.788
93.309388,232.473,57.955,0.754
93.320998,232.405,57.950,0.731
93.332608,232.561,57.961,0.720
93.344218,232.698,57.971,0.707
93.355828,232.788,57.978,0.688
93.367438,232.845,57.982,0.658
93.379048,232.420,57.951,0.647
93.390658,232.143,57.930,0.632
93.402268,232.125,57.929,0.637
93.413878,232.189,57.934,0.667
93.425488,232.318,57.943,0.683
93.437098,232.390,57.949,0.690
93.448707,232.404,57.950,0.709
93.460317,232.301,57.942,0.733
93.471927,232.371,57.947,0.749
93.483537,232.290,57.941,0.766
93.495147,231.952,57.916,0.788
93.506757,231.693,57.897,0.801
93.518367,231.514,57.883,0.805
93.529977,231.482,57.881,0.809
93.541587,231.449,57.878,0.807
93.553197,231.463,57.879,0.801
93.564807,231.532,57.885,0.797
93.576417,231.774,57.903,0.789
93.588027,232.199,57.934,0.767
93.599637,232.684,57.970,0.743
93.611247,232.880,57.985,0.733
93.622857,232.960,57.991,0.727
93.634467,232.942,57.990,0.719
93.646077,232.886,57.985,0.713
93.657687,232.541,57.960,0.712
93.669297,232.266,57.939,0.703
93.680907,232.265,57.939,0.696
93.692517,232.162,57.932,0.692
93.704127,232.169,57.932,0.688
93.715737,232.157,57.931,0.680
93.727347,232.119,57.928,0.683
93.738957,232.225,57.936,0.687
93.750567,116.657,46.017,0.675
93.762177,116.677,46.020,0.670
93.773787,232.176,57.933,0.673
93.785397,232.213,57.935,0.670
93.797007,232.168,57.932,0.662
93.808617,232.185,57.933,0.660
93.820227,232.183,57.933,0.670
93.831837,232.113,57.928,0.679
93.843447,232.135,57.930,0.689
93.855057,232.272,57.940,0.718
93.866667,232.517,57.958,0.745
93.878277,232.801,57.979,0.761
93.889887,232.956,57.991,0.778
93.901497,233.043,57.997,0.795
93.913107,233.048,57.997,0.806
93.924717,233.063,57.999,0.815
93.936327,232.953,57.990,0.819
93.947937,232.829,57.981,0.806
93.959546,232.774,57.977,0.785
93.971156,232.744,57.975,0.767
93.982766,232.566,57.962,0.746
93.994376,232.322,57.943,0.713
94.005986,232.087,57.926,0.672
94.017596,231.604,57.890,0.644
94.029206,263.460,60.121,0.690
94.040816,263.788,60.142,0.753
94.052426,263.859,60.147,0.787
94.064036,263.853,60.147,0.812
94.075646,263.879,60.148,0.823
94.087256,263.867,60.148,0.837
94.098866,263.609,60.131,0.853
94.110476,263.323,60.112,0.863
94.122086,262.569,60.062,0.860
94.133696,261.772,60.010,0.848
94.145306,261.382,59.984,0.843
94.156916,260.922,59.953,0.847
94.168526,260.805,59.946,0.859
94.180136,260.668,59.937,0.867
94.191746,260.747,59.942,0.871
94.203356,260.998,59.958,0.873
94.214966,261.419,59.986,0.875
94.226576,261.880,60.017,0.876
94.238186,262.656,60.068,0.879
94.249796,264.024,60.158,0.878
94.261406,266.046,60.290,0.879
94.273016,267.665,60.395,0.866
94.284626,270.927,60.605,0.855
94.296236,277.021,60.990,0.842
94.307846,281.038,61.239,0.827
94.319456,283.181,61.371,0.811
94.331066,284.997,61.481,0.785
94.342676,285.347,61.503,0.752
94.354286,289.320,61.742,0.688
94.365896,289.265,61.739,0.673
94.377506,282.994,61.359,0.648
94.389116,282.200,61.311,0.616
94.400726,128.940,47.750,0.611
94.412336,128.927,47.749,0.621
94.423946,88.571,41.249,0.637
94.435556,88.578,41.250,0.650
94.447166,88.567,41.248,0.661
94.458776,88.564,41.248,0.673
94.470385,303.416,62.566,0.697
94.481995,310.076,62.941,0.724
94.493605,303.125,62.549,0.762
94.505215,303.679,62.581,0.841
94.516825,303.268,62.557,0.879
94.528435,302.626,62.520,0.890
94.540045,302.268,62.500,0.896
94.551655,301.972,62.483,0.900
94.563265,300.596,62.404,0.905
94.574875,299.553,62.344,0.910
94.586485,298.572,62.287,0.907
94.598095,296.481,62.165,0.875
94.609705,295.415,62.103,0.842
94.621315,294.753,62.064,0.831
94.632925,294.381,62.042,0.824
94.644535,294.058,62.023,0.819
94.656145,293.768,62.006,0.804
94.667755,293.622,61.997,0.788
94.679365,293.636,61.998,0.771
94.690975,293.493,61.990,0.755
94.702585,293.365,61.982,0.746
94.714195,293.366,61.982,0.730
94.725805,293.341,61.981,0.713
94.737415,293.571,61.994,0.696
94.749025,293.404,61.985,0.675
94.760635,293.197,61.972,0.643
94.772245,292.991,61.960,0.613
94.783855,293.230,61.974,0.579
94.795465,293.118,61.968,0.532
94.807075,293.755,62.005,0.491
94.818685,293.581,61.995,0.474
94.830295,293.636,61.998,0.451
94.841905,294.197,62.031,0.428
94.853515,294.167,62.030,0.395
94.865125,294.160,62.029,0.374
94.876735,293.840,62.010,0.357
94.888345,293.739,62.004,0.348
94.899955,293.761,62.006,0.346
94.911565,293.103,61.967,0.341
94.923175,293.138,61.969,0.337
94.934785,292.394,61.925,0.341
94.946395,292.360,61.923,0.351
94.958005,97.836,42.971,0.357
94.969615,97.927,42.987,0.358
94.981224,98.018,43.003,0.364
94.992834,98.158,43.028,0.360
95.004444,98.116,43.021,0.355
95.016054,98.305,43.054,0.370
95.027664,292.803,61.949,0.394
95.039274,297.489,62.224,0.453
95.050884,758.544,78.429,0.526
95.062494,482.383,70.592,0.649
95.074104,810.619,79.578,0.706
95.085714,796.307,79.270,0.753
95.097324,791.034,79.155,0.781
95.108934,177.951,53.328,0.801
95.120544,177.082,53.243,0.830
95.132154,176.733,53.209,0.859
95.143764,176.170,53.154,0.888
95.155374,351.091,65.092,0.891
95.166984,351.425,65.109,0.886
95.178594,351.758,65.125,0.881
95.190204,352.893,65.181,0.886
95.201814,353.879,65.229,0.885
95.213424,356.320,65.348,0.881
95.225034,360.464,65.548,0.872
95.236644,369.534,65.978,0.849
95.248254,376.614,66.307,0.846
95.259864,380.589,66.489,0.856
95.271474,383.289,66.611,0.864
95.283084,385.957,66.731,0.862
95.294694,387.390,66.795,0.859
95.306304,388.531,66.846,0.856
95.317914,389.580,66.893,0.850
95.329524,390.044,66.914,0.849
95.341134,390.128,66.917,0.839
95.352744,390.308,66.925,0.826
95.364354,390.635,66.940,0.806
95.375964,390.898,66.951,0.782
95.387574,390.959,66.954,0.774
95.399184,390.463,66.932,0.760
95.410794,389.040,66.869,0.750
95.422404,386.456,66.754,0.728
95.434014,383.254,66.610,0.708
95.445624,380.306,66.476,0.693
95.457234,379.197,66.425,0.674
95.468844,379.064,66.419,0.662
95.480454,378.293,66.384,0.646
95.492063,374.652,66.217,0.635
95.503673,373.129,66.146,0.598
95.515283,371.375,66.064,0.576
95.526893,368.765,65.942,0.593
95.538503,357.570,65.409,0.674
95.550113,352.510,65.162,0.736
95.561723,350.364,65.056,0.795
95.573333,349.710,65.024,0.837
95.584943,349.207,64.999,0.857
95.596553,348.784,64.978,0.870
95.608163,348.530,64.965,0.884
95.619773,348.308,64.954,0.895
95.631383,348.018,64.940,0.898
95.642993,348.104,64.944,0.897
95.654603,348.300,64.954,0.888
95.666213,348.446,64.961,0.872
95.677823,348.363,64.957,0.867
95.689433,348.252,64.952,0.870
95.701043,347.839,64.931,0.859
95.712653,346.953,64.887,0.856
95.724263,345.960,64.837,0.849
95.735873,343.854,64.732,0.846
95.747483,339.905,64.532,0.837
95.759093,336.812,64.373,0.835
95.770703,653.330,75.844,0.829
95.782313,638.990,75.459,0.819
95.793923,630.434,75.226,0.821
95.805533,303.447,62.567,0.813
95.817143,299.657,62.350,0.809
95.828753,98.483,43.085,0.794
95.840363,98.388,43.069,0.786
95.851973,98.363,43.064,0.774
95.863583,294.843,62.069,0.760
95.875193,294.485,62.048,0.759
95.886803,294.143,62.028,0.761
95.898413,293.789,62.007,0.764
95.910023,293.464,61.988,0.772
95.921633,293.285,61.978,0.780
95.933243,293.290,61.978,0.792
95.944853,293.207,61.973,0.800
95.956463,292.997,61.961,0.807
95.968073,293.336,61.981,0.812
95.979683,97.780,42.961,0.813
95.991293,97.851,42.974,0.813
96.002902,97.877,42.978,0.808
96.014512,97.925,42.987,0.811
96.026122,97.961,42.993,0.809
96.037732,98.022,43.004,0.810
96.049342,98.045,43.008,0.811
96.060952,98.099,43.018,0.810
96.072562,98.114,43.020,0.812
96.084172,98.121,43.022,0.812
96.095782,294.457,62.047,0.813
96.107392,294.234,62.034,0.809
96.119002,294.144,62.028,0.807
96.130612,294.012,62.020,0.804
96.142222,293.846,62.011,0.793
96.153832,293.654,61.999,0.784
96.165442,293.495,61.990,0.773
96.177052,293.466,61.988,0.765
96.188662,293.474,61.989,0.753
96.200272,293.476,61.989,0.735
96.211882,293.454,61.988,0.712
96.223492,293.611,61.997,0.688
96.235102,293.810,62.009,0.669
96.246712,293.971,62.018,0.646
96.258322,294.250,62.034,0.617
96.269932,294.392,62.043,0.587
96.281542,294.564,62.053,0.568
96.293152,294.591,62.055,0.566
96.304762,294.765,62.065,0.580
96.316372,294.869,62.071,0.598
96.327982,294.877,62.071,0.619
96.339592,295.263,62.094,0.638
96.351202,296.595,62.172,0.651
96.362812,306.807,62.758,0.683
96.374422,310.993,62.993,0.727
96.386032,311.939,63.045,0.766
96.397642,312.117,63.055,0.781
96.409252,312.264,63.063,0.799
96.420862,312.408,63.071,0.808
96.432472,312.231,63.061,0.815
96.444082,311.761,63.035,0.829
96.455692,311.624,63.028,0.837
96.467302,311.038,62.995,0.827
96.478912,310.491,62.965,0.818
96.490522,310.636,62.973,0.819
96.502132,311.052,62.996,0.808
96.513741,311.970,63.047,0.808
96.525351,314.616,63.193,0.814
96.536961,320.454,63.511,0.810
96.548571,330.481,64.045,0.800
96.560181,337.623,64.415,0.801
96.571791,343.469,64.712,0.805
96.583401,347.506,64.914,0.803
96.595011,348.742,64.976,0.801
96.606621,349.870,65.032,0.797
96.618231,350.474,65.062,0.797
96.629841,350.241,65.050,0.799
96.641451,349.479,65.012,0.802
96.653061,348.373,64.958,0.800
96.664671,347.535,64.916,0.794
96.676281,347.318,64.905,0.798
96.687891,347.761,64.927,0.812
96.699501,348.523,64.965,0.821
96.711111,349.503,65.014,0.819
96.722721,349.950,65.036,0.815
96.734331,350.085,65.042,0.813
96.745941,350.345,65.055,0.817
96.757551,350.463,65.061,0.820
96.769161,350.412,65.059,0.821
96.780771,349.933,65.035,0.817
96.792381,349.309,65.004,0.808
96.803991,348.835,64.980,0.801
96.815601,348.764,64.977,0.793
96.827211,349.097,64.994,0.785
96.838821,349.316,65.004,0.786
96.850431,349.789,65.028,0.793
96.862041,350.391,65.058,0.789
96.873651,351.352,65.105,0.781
96.885261,352.132,65.143,0.783
96.896871,352.204,65.147,0.787
96.908481,351.771,65.126,0.795
96.920091,351.485,65.112,0.804
96.931701,351.371,65.106,0.803
96.943311,351.354,65.105,0.795
96.954921,351.316,65.103,0.793
96.966531,351.140,65.095,0.794
96.978141,351.111,65.093,0.790
96.989751,351.590,65.117,0.789
97.001361,352.207,65.147,0.786
97.012971,352.906,65.181,0.771
97.024580,353.422,65.207,0.753
97.036190,353.387,65.205,0.735
97.047800,353.650,65.218,0.716
97.059410,354.166,65.243,0.701
97.071020,352.555,65.164,0.688
97.082630,351.569,65.116,0.665
97.094240,350.946,65.085,0.645
97.105850,351.561,65.115,0.654
97.117460,352.776,65.175,0.665
97.129070,354.503,65.260,0.667
97.140680,175.961,53.133,0.667
97.152290,87.851,41.108,0.668
97.163900,169.533,52.489,0.669
97.175510,172.395,52.779,0.662
97.187120,94.634,42.395,0.654
97.198730,94.642,42.397,0.643
97.210340,94.637,42.396,0.632
97.221950,94.650,42.398,0.625
97.233560,265.347,60.245,0.634
97.245170,265.897,60.280,0.641
97.256780,265.818,60.275,0.650
97.268390,265.950,60.284,0.677
97.280000,266.331,60.309,0.710
97.291610,266.311,60.307,0.724
97.303220,266.104,60.294,0.739
97.314830,265.732,60.270,0.759
97.326440,265.584,60.260,0.787
97.338050,266.434,60.315,0.812
97.349660,267.591,60.390,0.819
97.361270,269.125,60.489,0.822
97.372880,271.899,60.667,0.823
97.384490,835.883,80.110,0.833
97.396100,850.342,80.406,0.841
97.407710,285.337,61.502,0.841
97.419320,289.732,61.767,0.832
97.430930,292.062,61.905,0.820
97.442540,292.303,61.920,0.824
97.454150,292.069,61.906,0.823
97.465760,290.631,61.820,0.823
97.477370,288.415,61.688,0.818
97.488980,285.014,61.482,0.811
97.500590,278.888,61.106,0.814
97.512200,274.850,60.854,0.813
97.523810,270.181,60.557,0.812
97.535420,265.135,60.231,0.807
97.547029,263.325,60.112,0.805
97.558639,262.749,60.074,0.801
97.570249,262.491,60.057,0.797
97.581859,262.616,60.065,0.799
97.593469,262.312,60.045,0.790
97.605079,262.063,60.029,0.787
97.616689,261.118,59.966,0.781
97.628299,259.219,59.840,0.776
97.639909,256.739,59.674,0.775
97.651519,383.004,66.598,0.763
97.663129,245.627,58.908,0.753
97.674739,240.087,58.513,0.748
97.686349,235.027,58.144,0.743
97.697959,233.140,58.004,0.742
97.709569,232.741,57.975,0.745
97.721179,232.702,57.972,0.750
97.732789,233.200,58.009,0.752
97.744399,233.483,58.030,0.762
97.756009,233.773,58.051,0.765
97.767619,233.974,58.066,0.758
97.779229,233.973,58.066,0.750
97.790839,233.875,58.059,0.742
97.802449,233.613,58.039,0.730
97.814059,233.468,58.029,0.714
97.825669,233.291,58.016,0.695
97.837279,232.993,57.993,0.683
97.848889,232.759,57.976,0.672
97.860499,232.694,57.971,0.666
97.872109,232.578,57.963,0.678
97.883719,232.564,57.961,0.710
97.895329,232.737,57.974,0.725
97.906939,233.231,58.011,0.731
97.918549,233.710,58.047,0.736
97.930159,234.314,58.091,0.739
97.941769,234.627,58.114,0.738
97.953379,234.702,58.120,0.742
97.964989,234.728,58.122,0.740
97.976599,234.743,58.123,0.729
97.988209,234.591,58.112,0.724
97.999819,234.343,58.093,0.723
98.011429,234.094,58.075,0.722
98.023039,234.045,58.071,0.723
98.034649,234.086,58.074,0.733
98.046259,234.167,58.080,0.738
98.057868,234.122,58.077,0.741
98.069478,233.884,58.059,0.738
98.081088,233.481,58.030,0.738
98.092698,232.870,57.984,0.739
98.104308,232.474,57.955,0.744
98.115918,232.271,57.940,0.747
98.127528,232.216,57.936,0.748
98.139138,232.368,57.947,0.750
98.150748,232.687,57.971,0.745
98.162358,233.283,58.015,0.740
98.173968,233.980,58.067,0.743
98.185578,234.632,58.115,0.752
98.197188,235.170,58.154,0.759
98.208798,235.626,58.188,0.764
98.220408,236.159,58.227,0.763
98.232018,236.781,58.273,0.754
98.243628,237.250,58.307,0.753
98.255238,237.620,58.334,0.750
98.266848,238.376,58.389,0.743
98.278458,239.793,58.491,0.728
98.290068,241.302,58.600,0.712
98.301678,260.614,59.933,0.698
98.313288,262.525,60.059,0.691
98.324898,263.225,60.106,0.699
98.336508,263.518,60.125,0.701
98.348118,263.466,60.121,0.705
98.359728,263.500,60.124,0.701
98.371338,263.318,60.112,0.700
98.382948,262.839,60.080,0.700
98.394558,262.367,60.049,0.697
98.406168,261.857,60.015,0.701
98.417778,261.490,59.991,0.699
98.429388,261.229,59.974,0.701
98.440998,261.195,59.971,0.708
98.452608,261.236,59.974,0.718
98.464218,261.403,59.985,0.729
98.475828,261.628,60.000,0.737
98.487438,261.766,60.009,0.743
98.499048,261.758,60.009,0.746
98.510658,261.767,60.009,0.752
98.522268,261.773,60.010,0.758
98.533878,261.666,60.003,0.761
98.545488,261.653,60.002,0.762
98.557098,261.549,59.995,0.761
98.568707,261.368,59.983,0.760
98.580317,261.325,59.980,0.761
98.591927,261.407,59.986,0.760
98.603537,261.383,59.984,0.758
98.615147,261.479,59.990,0.751
98.626757,261.531,59.994,0.744
98.638367,261.645,60.001,0.737
98.649977,261.854,60.015,0.732
98.661587,262.024,60.026,0.725
98.673197,262.172,60.036,0.720
98.684807,262.281,60.043,0.716
98.696417,262.291,60.044,0.713
98.708027,262.340,60.047,0.716
98.719637,262.204,60.038,0.721
98.731247,262.032,60.027,0.723
98.742857,261.878,60.017,0.726
98.754467,261.820,60.013,0.732
98.766077,261.644,60.001,0.740
98.777687,261.606,59.999,0.750
98.789297,261.516,59.993,0.760
98.800907,261.486,59.991,0.767
98.812517,261.559,59.996,0.775
98.824127,261.741,60.008,0.784
98.835737,261.860,60.016,0.793
98.847347,261.924,60.020,0.800
98.858957,261.976,60.023,0.805
98.870567,262.014,60.026,0.807
98.882177,262.085,60.030,0.808
98.893787,262.073,60.030,0.811
98.905397,262.065,60.029,0.812
98.917007,262.008,60.025,0.810
98.928617,262.011,60.025,0.805
98.940227,262.047,60.028,0.799
98.951837,262.055,60.028,0.792
98.963447,262.004,60.025,0.785
98.975057,262.035,60.027,0.779
98.986667,262.036,60.027,0.773
98.998277,261.985,60.024,0.769
99.009887,261.797,60.011,0.766
99.021497,261.601,59.998,0.766
99.033107,261.536,59.994,0.767
99.044717,261.495,59.991,0.768
99.056327,261.476,59.990,0.770
99.067937,261.556,59.995,0.770
99.079546,261.656,60.002,0.768
99.091156,261.838,60.014,0.764
99.102766,262.113,60.032,0.761
99.114376,262.291,60.044,0.755
99.125986,262.242,60.041,0.745
99.137596,262.280,60.043,0.737
99.149206,262.268,60.042,0.728
99.160816,262.266,60.042,0.716
99.172426,262.196,60.038,0.707
99.184036,262.114,60.032,0.693
99.195646,262.043,60.028,0.678
99.207256,262.139,60.034,0.665
99.218866,262.296,60.044,0.657
99.230476,262.422,60.053,0.652
99.242086,262.483,60.057,0.645
99.253696,262.451,60.055,0.642
99.265306,262.499,60.058,0.641
99.276916,262.438,60.054,0.642
99.288526,262.333,60.047,0.643
99.300136,262.159,60.035,0.644
99.311746,262.086,60.030,0.646
99.323356,261.960,60.022,0.643
99.334966,261.884,60.017,0.641
99.346576,261.849,60.015,0.634
99.358186,261.824,60.013,0.625
99.369796,261.769,60.009,0.619
99.381406,261.713,60.006,0.620
99.393016,261.796,60.011,0.621
99.404626,261.800,60.012,0.624
99.416236,261.744,60.008,0.627
99.427846,261.806,60.012,0.631
99.439456,261.835,60.014,0.633
99.451066,262.050,60.028,0.634
99.462676,262.091,60.031,0.632
99.474286,262.056,60.028,0.628
99.485896,262.012,60.026,0.623
99.497506,262.131,60.033,0.614
99.509116,262.420,60.053,0.607
99.520726,263.154,60.101,0.632
99.532336,263.938,60.152,0.645
99.543946,280.126,61.183,0.661
99.555556,597.061,74.285,0.678
99.567166,593.535,74.182,0.695
99.578776,292.280,61.918,0.699
99.590385,292.720,61.944,0.705
99.601995,293.253,61.976,0.721
99.613605,293.913,62.015,0.712
99.625215,294.327,62.039,0.709
99.636825,294.310,62.038,0.701
99.648435,294.215,62.032,0.695
99.660045,294.151,62.029,0.687
99.671655,294.324,62.039,0.698
99.683265,294.463,62.047,0.706
99.694875,294.555,62.052,0.695
99.706485,294.572,62.053,0.698
99.718095,294.611,62.056,0.708
99.729705,294.532,62.051,0.717
99.741315,293.942,62.016,0.734
99.752925,293.487,61.990,0.753
99.764535,292.659,61.941,0.767
99.776145,292.060,61.905,0.782
99.787755,291.860,61.893,0.793
99.799365,291.690,61.883,0.797
99.810975,291.949,61.899,0.798
99.822585,292.433,61.927,0.799
99.834195,293.183,61.972,0.798
99.845805,294.005,62.020,0.791
99.857415,294.631,62.057,0.775
99.869025,295.011,62.079,0.754
99.880635,295.057,62.082,0.745
99.892245,294.793,62.066,0.747
99.903855,294.536,62.051,0.754
99.915465,294.310,62.038,0.764
99.927075,294.185,62.031,0.774
99.938685,294.008,62.020,0.779
99.950295,293.932,62.016,0.788
99.961905,293.940,62.016,0.797
99.973515,294.071,62.024,0.802
99.985125,294.193,62.031,0.804
99.996735,294.280,62.036,0.806
100.008345,294.320,62.039,0.802
100.019955,294.336,62.040,0.795
100.031565,294.258,62.035,0.790
100.043175,294.077,62.024,0.786
100.054785,294.127,62.027,0.778
100.066395,294.141,62.028,0.767
100.078005,294.132,62.028,0.752
100.089615,294.204,62.032,0.732
100.101224,294.279,62.036,0.711
100.112834,294.364,62.041,0.688
100.124444,294.381,62.042,0.666
100.136054,294.374,62.042,0.647
100.147664,294.275,62.036,0.641
100.159274,294.077,62.024,0.650
100.170884,293.875,62.012,0.664
100.182494,293.711,62.003,0.682
100.194104,293.589,61.996,0.695
100.205714,293.493,61.990,0.705
100.217324,293.448,61.987,0.711
100.228934,293.485,61.989,0.714
100.240544,293.578,61.995,0.711
100.252154,293.747,62.005,0.703
100.263764,293.907,62.014,0.691
100.275374,294.050,62.023,0.672
100.286984,294.150,62.029,0.654
100.298594,294.227,62.033,0.639
100.310204,294.331,62.039,0.626
100.321814,294.358,62.041,0.618
100.333424,294.371,62.042,0.610
100.345034,294.367,62.041,0.603
100.356644,294.419,62.044,0.601
100.368254,294.455,62.047,0.601
100.379864,294.410,62.044,0.601
100.391474,294.337,62.040,0.597
100.403084,294.281,62.036,0.591
100.414694,294.379,62.042,0.586
100.426304,294.562,62.053,0.595
100.437914,294.693,62.061,0.611
100.449524,294.821,62.068,0.633
100.461134,295.057,62.082,0.655
100.472744,295.484,62.107,0.668
100.484354,295.958,62.135,0.673
100.495964,296.269,62.153,0.673
100.507574,296.492,62.166,0.669
100.519184,296.601,62.172,0.662
100.530794,296.649,62.175,0.650
100.542404,296.638,62.174,0.623
100.554014,296.529,62.168,0.584
100.565624,296.264,62.153,0.543
100.577234,295.526,62.109,0.524
100.588844,295.318,62.097,0.519
100.600454,295.108,62.085,0.522
100.612063,294.281,62.036,0.522
100.623673,291.857,61.893,0.593
100.635283,833.090,80.052,0.641
100.646893,839.215,80.178,0.667
100.658503,845.524,80.308,0.676
100.670113,852.915,80.459,0.686
100.681723,858.518,80.572,0.700
100.693333,866.217,80.727,0.720
100.704943,869.576,80.794,0.735
100.716553,117.666,46.166,0.734
100.728163,234.023,58.070,0.735
100.739773,234.094,58.075,0.738
100.751383,233.706,58.046,0.754
100.762993,233.217,58.010,0.767
100.774603,232.870,57.984,0.774
100.786213,232.486,57.956,0.782
100.797823,232.478,57.955,0.789
100.809433,232.606,57.965,0.792
100.821043,232.874,57.985,0.793
100.832653,233.259,58.013,0.796
100.844263,233.647,58.042,0.795
100.855873,233.991,58.067,0.787
100.867483,234.354,58.094,0.775
100.879093,234.645,58.116,0.753
100.890703,117.466,46.137,0.732
100.902313,235.543,58.182,0.723
100.913923,248.186,59.087,0.746
100.925533,261.396,59.985,0.770
100.937143,265.212,60.236,0.792
100.948753,265.017,60.223,0.812
100.960363,264.562,60.193,0.834
100.971973,264.150,60.166,0.853
100.983583,263.834,60.146,0.868
100.995193,263.673,60.135,0.877
101.006803,262.994,60.090,0.876
101.018413,262.279,60.043,0.872
101.030023,261.542,59.994,0.868
101.041633,261.136,59.968,0.866
101.053243,260.943,59.955,0.863
101.064853,260.742,59.941,0.860
101.076463,260.605,59.932,0.858
101.088073,260.750,59.942,0.856
101.099683,260.873,59.950,0.858
101.111293,261.051,59.962,0.860
101.122902,261.253,59.975,0.862
101.134512,261.387,59.984,0.863
101.146122,261.595,59.998,0.866
101.157732,261.544,59.995,0.867
101.169342,261.618,60.000,0.869
101.180952,261.968,60.023,0.872
101.192562,262.304,60.045,0.872
101.204172,262.560,60.062,0.872
101.215782,262.681,60.070,0.870
101.227392,262.636,60.067,0.867
101.239002,262.558,60.062,0.863
101.250612,262.555,60.061,0.863
101.262222,262.590,60.064,0.860
101.273832,262.701,60.071,0.857
101.285442,262.822,60.079,0.856
101.297052,263.171,60.102,0.857
101.308662,263.947,60.153,0.860
101.320272,271.218,60.623,0.863
101.331882,277.971,61.049,0.866
101.343492,282.637,61.337,0.868
101.355102,287.842,61.653,0.869
101.366712,290.990,61.842,0.875
101.378322,293.345,61.981,0.877
101.389932,294.742,62.063,0.879
101.401542,295.025,62.080,0.881
101.413152,294.855,62.070,0.882
101.424762,294.556,62.052,0.883
101.436372,293.670,62.000,0.887
101.447982,293.252,61.976,0.889
101.459592,293.278,61.977,0.891
101.471202,293.185,61.972,0.892
101.482812,293.598,61.996,0.891
101.494422,293.625,61.998,0.891
101.506032,293.527,61.992,0.893
101.517642,293.822,62.009,0.895
101.529252,293.819,62.009,0.896
101.540862,293.819,62.009,0.896
101.552472,294.322,62.039,0.894
101.564082,294.723,62.062,0.889
101.575692,294.663,62.059,0.886
101.587302,294.716,62.062,0.882
101.598912,294.778,62.066,0.877
101.610522,294.739,62.063,0.870
101.622132,294.680,62.060,0.861
101.633741,294.518,62.050,0.853
101.645351,294.264,62.035,0.846
101.656961,294.072,62.024,0.848
101.668571,293.987,62.019,0.845
101.680181,293.853,62.011,0.843
101.691791,293.668,62.000,0.843
101.703401,293.587,61.995,0.842
101.715011,293.805,62.008,0.843
101.726621,293.819,62.009,0.845
101.738231,293.795,62.008,0.843
101.749841,293.794,62.008,0.837
101.761451,293.659,62.000,0.834
101.773061,293.741,62.004,0.829
101.784671,293.820,62.009,0.821
101.796281,293.638,61.998,0.814
101.807891,293.142,61.969,0.801
101.819501,292.778,61.948,0.787
101.831111,292.239,61.916,0.777
101.842721,291.958,61.899,0.765
101.854331,292.390,61.925,0.747
101.865941,292.578,61.936,0.727
101.877551,292.273,61.918,0.705
101.889161,292.490,61.931,0.679
101.900771,293.152,61.970,0.655
101.912381,293.063,61.965,0.630
101.923991,293.675,62.001,0.599
101.935601,294.331,62.039,0.572
101.947211,294.988,62.078,0.552
101.958821,294.713,62.062,0.540
101.970431,294.756,62.064,0.530
101.982041,295.192,62.090,0.518
101.993651,294.540,62.052,0.515
102.005261,293.139,61.969,0.504
102.016871,292.744,61.946,0.491
102.028481,292.493,61.931,0.476
102.040091,292.278,61.918,0.448
102.051701,292.646,61.940,0.419
102.063311,292.012,61.902,0.394
102.074921,291.859,61.893,0.374
102.086531,293.579,61.995,0.354
102.098141,293.509,61.991,0.355
102.109751,293.470,61.988,0.370
102.121361,292.753,61.946,0.379
102.132971,292.914,61.956,0.393
102.144580,293.365,61.982,0.401
102.156190,292.751,61.946,0.405
102.167800,293.310,61.979,0.404
102.179410,293.604,61.996,0.394
102.191020,293.265,61.976,0.382
102.202630,293.748,62.005,0.362
102.214240,293.947,62.017,0.339
102.225850,293.557,61.994,0.317
102.237460,293.581,61.995,0.297
102.249070,293.111,61.967,0.280
102.260680,292.709,61.944,0.270
102.272290,292.612,61.938,0.263
102.283900,292.211,61.914,0.254
102.295510,292.670,61.941,0.232
102.307120,292.658,61.941,0.219
102.318730,293.271,61.977,0.204
102.330340,293.349,61.981,0.177
102.341950,292.619,61.938,0.166
102.353560,292.674,61.941,0.141
102.365170,292.802,61.949,0.112
102.376780,291.938,61.898,0.103
102.388390,291.531,61.874,0.087
102.400000,291.116,61.849,0.069
102.411610,290.978,61.841,0.053
102.423220,291.068,61.846,0.037
102.434830,291.653,61.881,0.019
102.446440,292.276,61.918,0.013
102.458050,296.350,62.158,0.017
102.469660,294.096,62.025,0.023
102.481270,287.166,61.613,0.042
102.492880,286.626,61.580,0.061
102.504490,287.294,61.620,0.078
102.516100,287.972,61.661,0.108
102.527710,292.085,61.907,0.123
102.539320,306.643,62.749,0.139
102.550930,290.091,61.788,0.152
102.562540,290.266,61.798,0.159
102.574150,290.780,61.829,0.162
102.585760,291.646,61.881,0.160
102.597370,290.246,61.797,0.155
102.608980,290.037,61.785,0.144
102.620590,289.152,61.732,0.130
102.632200,287.075,61.607,0.115
102.643810,286.957,61.600,0.095
102.655420,286.883,61.596,0.073
102.667029,287.301,61.621,0.056
102.678639,287.447,61.630,0.043
102.690249,287.677,61.643,0.032
102.701859,283.555,61.394,0.022
102.713469,283.883,61.413,0.016
102.725079,288.282,61.680,0.003
102.736689,288.006,61.663,0.001
102.748299,287.762,61.648,0.054
102.759909,273.920,60.795,0.250
102.771519,273.529,60.770,0.251
102.783129,272.333,60.694,0.291
102.794739,271.499,60.641,0.293
102.806349,268.666,60.460,0.347
102.817959,512.120,71.628,0.384
102.829569,497.929,71.141,0.470
102.841179,491.178,70.905,0.521
102.852789,488.070,70.795,0.554
102.864399,478.212,70.442,0.598
102.876009,232.184,57.933,0.645
102.887619,233.546,58.034,0.679
102.899229,233.110,58.002,0.700
102.910839,231.922,57.914,0.720
102.922449,231.589,57.889,0.729
102.934059,230.221,57.786,0.735
102.945669,231.034,57.847,0.742
102.957279,231.947,57.916,0.746
102.968889,231.727,57.899,0.741
102.980499,231.283,57.866,0.737
102.992109,231.813,57.906,0.740
103.003719,232.750,57.975,0.741
103.015329,233.699,58.046,0.743
103.026939,233.612,58.039,0.739
103.038549,234.016,58.069,0.733
103.050159,234.564,58.110,0.731
103.061769,234.839,58.130,0.736
103.073379,234.948,58.138,0.744
103.084989,234.477,58.103,0.744
103.096599,233.555,58.035,0.744
103.108209,233.307,58.017,0.746
103.119819,233.981,58.067,0.754
103.131429,234.073,58.073,0.762
103.143039,233.789,58.052,0.763
103.154649,233.452,58.027,0.763
103.166259,233.059,57.998,0.757
103.177868,232.997,57.994,0.754
103.189478,232.858,57.983,0.754
103.201088,232.617,57.965,0.747
103.212698,232.515,57.958,0.739
103.224308,232.421,57.951,0.734
103.235918,232.492,57.956,0.729
103.247528,232.896,57.986,0.723
103.259138,236.210,58.231,0.720
103.270748,237.778,58.345,0.716
103.282358,243.352,58.746,0.705
103.293968,249.898,59.206,0.704
103.305578,256.686,59.670,0.707
103.317188,262.382,60.050,0.708
103.328798,263.276,60.109,0.707
103.340408,264.343,60.179,0.704
103.352018,265.028,60.224,0.699
103.363628,264.175,60.168,0.702
103.375238,263.264,60.108,0.708
103.386848,262.332,60.047,0.711
103.398458,261.471,59.990,0.710
103.410068,260.907,59.952,0.708
103.421678,260.936,59.954,0.705
103.433288,260.882,59.951,0.706
103.444898,261.010,59.959,0.706
103.456508,262.085,60.030,0.704
103.468118,264.164,60.167,0.705
103.479728,267.628,60.393,0.706
103.491338,274.916,60.858,0.709
103.502948,280.241,61.190,0.714
103.514558,284.958,61.479,0.722
103.526168,288.060,61.666,0.727
103.537778,290.877,61.835,0.736
103.549388,292.590,61.936,0.742
103.560998,293.825,62.009,0.745
103.572608,294.019,62.021,0.748
103.584218,293.657,62.000,0.754
103.595828,293.569,61.994,0.757
103.607438,293.421,61.986,0.761
103.619048,293.213,61.973,0.764
103.630658,293.239,61.975,0.768
103.642268,293.590,61.996,0.771
103.653878,293.940,62.016,0.772
103.665488,294.299,62.037,0.777
103.677098,295.081,62.083,0.775
103.688707,295.890,62.131,0.772
103.700317,296.064,62.141,0.768
103.711927,295.793,62.125,0.764
103.723537,295.767,62.123,0.757
103.735147,295.278,62.095,0.752
103.746757,294.809,62.067,0.746
103.758367,294.485,62.048,0.738
103.769977,294.161,62.029,0.739
103.781587,293.974,62.018,0.739
103.793197,293.857,62.011,0.743
103.804807,293.765,62.006,0.741
103.816417,294.059,62.023,0.740
103.828027,294.286,62.037,0.741
103.839637,294.662,62.059,0.741
103.851247,294.798,62.067,0.738
103.862857,294.850,62.070,0.733
103.874467,294.538,62.051,0.727
103.886077,294.392,62.043,0.724
103.897687,294.032,62.022,0.727
103.909297,293.711,62.003,0.727
103.920907,293.959,62.017,0.721
103.932517,294.694,62.061,0.723
103.944127,294.277,62.036,0.727
103.955737,294.182,62.030,0.730
103.967347,294.307,62.038,0.737
103.978957,294.594,62.055,0.738
103.990567,294.689,62.060,0.741
104.002177,294.336,62.039,0.744
104.013787,293.953,62.017,0.751
104.025397,293.641,61.999,0.756
104.037007,293.485,61.989,0.758
104.048617,293.538,61.993,0.763
104.060227,293.129,61.968,0.762
104.071837,292.907,61.955,0.767
104.083447,292.789,61.948,0.768
104.095057,292.417,61.926,0.770
104.106667,292.025,61.903,0.769
104.118277,292.379,61.924,0.766
104.129887,293.196,61.972,0.764
104.141497,294.006,62.020,0.761
104.153107,294.711,62.062,0.760
104.164717,295.215,62.091,0.753
104.176327,295.786,62.125,0.747
104.187937,296.336,62.157,0.743
104.199546,296.035,62.139,0.740
104.211156,295.705,62.120,0.738
104.222766,295.398,62.102,0.740
104.234376,295.045,62.081,0.738
104.245986,294.641,62.057,0.739
104.257596,293.598,61.996,0.741
104.269206,292.454,61.928,0.753
104.280816,289.983,61.782,0.760
104.292426,287.705,61.645,0.763
104.304036,283.681,61.401,0.774
104.315646,278.148,61.060,0.780
104.327256,273.308,60.756,0.783
104.338866,268.325,60.438,0.786
104.350476,264.978,60.220,0.788
104.362086,263.086,60.096,0.783
104.373696,262.534,60.060,0.780
104.385306,262.341,60.047,0.776
104.396916,262.243,60.041,0.761
104.408526,262.357,60.048,0.741
104.420136,262.490,60.057,0.724
104.431746,262.587,60.064,0.698
104.443356,262.546,60.061,0.666
104.454966,262.053,60.028,0.624
104.466576,261.168,59.970,0.568
104.478186,260.121,59.900,0.505
104.489796,247.858,59.064,0.465
104.501406,268.323,60.438,0.492
104.513016,267.659,60.395,0.522
104.524626,266.540,60.322,0.551
104.536236,266.037,60.289,0.572
104.547846,265.903,60.281,0.595
104.559456,282.828,61.349,0.606
104.571066,265.664,60.265,0.609
104.582676,265.787,60.273,0.603
104.594286,265.458,60.252,0.586
104.605896,146.849,50.002,0.564
104.617506,250.367,59.239,0.560
104.629116,233.143,58.005,0.594
104.640726,233.845,58.057,0.613
104.652336,233.155,58.005,0.637
104.663946,232.966,57.991,0.666
104.675556,234.638,58.115,0.692
104.687166,235.108,58.150,0.710
104.698776,235.035,58.144,0.726
104.710385,235.140,58.152,0.738
104.721995,235.257,58.161,0.734
104.733605,235.386,58.170,0.734
104.745215,234.885,58.133,0.736
104.756825,234.686,58.119,0.735
104.768435,234.630,58.115,0.733
104.780045,235.859,58.205,0.736
104.791655,237.681,58.338,0.737
104.803265,240.135,58.516,0.737
104.814875,244.577,58.833,0.741
104.826485,248.101,59.081,0.748
104.838095,252.802,59.406,0.751
104.849705,257.419,59.719,0.753
104.861315,260.407,59.919,0.755
104.872925,262.126,60.033,0.757
104.884535,263.012,60.092,0.757
104.896145,263.289,60.110,0.757
104.907755,262.824,60.079,0.760
104.919365,262.261,60.042,0.757
104.930975,261.455,59.989,0.753
104.942585,260.774,59.944,0.744
104.954195,260.275,59.910,0.729
104.965805,259.985,59.891,0.709
104.977415,264.430,60.185,0.693
104.989025,265.030,60.224,0.673
105.000635,256.862,59.682,0.644
105.012245,256.901,59.685,0.611
105.023855,256.777,59.676,0.564
105.035465,256.768,59.676,0.524
105.047075,119.847,46.484,0.508
105.058685,272.258,60.690,0.552
105.070295,271.675,60.653,0.614
105.081905,271.242,60.625,0.654
105.093515,268.908,60.475,0.682
105.105125,267.528,60.386,0.704
105.116735,267.157,60.362,0.720
105.128345,266.772,60.337,0.734
105.139955,266.343,60.309,0.744
105.151565,265.785,60.273,0.744
105.163175,265.276,60.240,0.731
105.174785,263.991,60.156,0.714
105.186395,262.730,60.073,0.695
105.198005,261.569,59.996,0.677
105.209615,261.004,59.959,0.662
105.221224,260.824,59.947,0.647
105.232834,261.998,60.025,0.632
105.244444,263.139,60.100,0.617
105.256054,265.063,60.226,0.604
105.267664,266.347,60.310,0.596
105.279274,266.675,60.331,0.595
105.290884,267.355,60.375,0.592
105.302494,264.046,60.159,0.589
105.314104,263.112,60.098,0.586
105.325714,262.104,60.032,0.580
105.337324,261.396,59.985,0.574
105.348934,260.294,59.912,0.567
105.360544,257.804,59.745,0.555
105.372154,257.736,59.741,0.539
105.383764,258.432,59.787,0.520
105.395374,258.767,59.810,0.493
105.406984,261.072,59.963,0.459
105.418594,262.782,60.076,0.427
105.430204,263.299,60.110,0.398
105.441814,263.593,60.130,0.369
105.453424,264.411,60.183,0.337
105.465034,264.476,60.188,0.307
105.476644,263.503,60.124,0.278
105.488254,262.473,60.056,0.248
105.499864,259.157,59.836,0.232
105.511474,257.106,59.698,0.218
105.523084,256.493,59.657,0.186
105.534694,256.905,59.685,0.154
105.546304,258.055,59.762,0.148
105.557914,258.767,59.810,0.151
105.569524,259.013,59.826,0.161
105.581134,259.408,59.853,0.165
105.592744,260.401,59.919,0.140
105.604354,262.050,60.028,0.123
105.615964,262.603,60.065,0.117
105.627574,263.576,60.129,0.098
105.639184,264.084,60.162,0.075
105.650794,264.512,60.190,0.067
105.662404,264.705,60.203,0.059
105.674014,268.219,60.431,0.041
105.685624,267.937,60.413,0.061
105.697234,265.568,60.259,0.071
105.708844,271.512,60.642,0.084
105.720454,266.129,60.295,0.103
105.732063,266.542,60.322,0.116
105.743673,271.859,60.664,0.120
105.755283,271.726,60.656,0.118
105.766893,272.322,60.694,0.118
105.778503,272.282,60.691,0.112
105.790113,272.070,60.678,0.109
105.801723,271.957,60.670,0.103
105.813333,272.371,60.697,0.094
105.824943,271.853,60.664,0.086
105.836553,271.972,60.671,0.078
105.848163,111.616,45.252,0.060
105.859773,111.553,45.243,0.042
105.871383,265.614,60.262,0.028
105.882993,320.490,63.513,0.124
105.894603,318.646,63.413,0.364
105.906213,319.140,63.440,0.459
105.917823,319.366,63.453,0.513
105.929433,319.282,63.448,0.549
105.941043,318.582,63.410,0.577
105.952653,318.073,63.382,0.596
105.964263,317.377,63.344,0.613
105.975873,316.847,63.315,0.630
105.987483,316.418,63.292,0.632
105.999093,315.849,63.261,0.626
106.010703,315.078,63.218,0.621
106.022313,314.740,63.200,0.614
106.033923,314.770,63.202,0.605
106.045533,315.612,63.248,0.603
106.057143,317.279,63.339,0.599
106.068753,320.213,63.498,0.589
106.080363,324.020,63.703,0.585
106.091973,328.670,63.950,0.593
106.103583,334.136,64.235,0.594
106.115193,338.804,64.475,0.600
106.126803,342.099,64.643,0.603
106.138413,345.045,64.791,0.601
106.150023,347.282,64.903,0.606
106.161633,348.625,64.970,0.608
106.173243,349.286,65.003,0.609
106.184853,349.456,65.011,0.607
106.196463,349.149,64.996,0.606
106.208073,348.760,64.977,0.608
106.219683,348.490,64.963,0.614
106.231293,348.453,64.962,0.622
106.242902,348.710,64.974,0.627
106.254512,348.956,64.986,0.634
106.266122,349.171,64.997,0.642
106.277732,349.236,65.000,0.646
106.289342,349.360,65.007,0.654
106.300952,349.558,65.016,0.659
106.312562,349.723,65.024,0.663
106.324172,349.695,65.023,0.669
106.335782,349.720,65.024,0.672
106.347392,349.863,65.031,0.674
106.359002,350.125,65.044,0.677
106.370612,350.133,65.045,0.678
106.382222,350.176,65.047,0.680
106.393832,350.083,65.042,0.681
106.405442,349.649,65.021,0.682
106.417052,349.041,64.991,0.683
106.428662,348.029,64.940,0.683
106.440272,346.062,64.842,0.683
106.451882,343.673,64.722,0.670
106.463492,341.418,64.608,0.659
106.475102,336.391,64.352,0.646
106.486712,334.029,64.230,0.632
106.498322,325.667,63.791,0.620
106.509932,316.058,63.272,0.604
106.521542,301.077,62.432,0.590
106.533152,277.229,61.003,0.583
106.544762,272.692,60.717,0.597
106.556372,268.139,60.426,0.609
106.567982,87.566,41.051,0.614
106.579592,87.400,41.018,0.620
106.591202,87.244,40.987,0.623
106.602812,87.128,40.964,0.625
106.614422,87.171,40.973,0.630
106.626032,87.134,40.966,0.631
106.637642,87.024,40.944,0.629
106.649252,86.859,40.911,0.627
106.660862,86.742,40.888,0.631
106.672472,86.772,40.894,0.633
106.684082,86.794,40.898,0.636
106.695692,262.598,60.064,0.636
106.707302,262.464,60.055,0.634
106.718912,262.554,60.061,0.633
106.730522,262.775,60.076,0.631
106.742132,262.810,60.078,0.631
106.753741,262.623,60.066,0.628
106.765351,262.764,60.075,0.625
106.776961,262.814,60.078,0.626
106.788571,262.727,60.073,0.624
106.800181,263.135,60.100,0.624
106.811791,262.937,60.087,0.624
106.823401,263.040,60.093,0.625
106.835011,263.507,60.124,0.628
106.846621,263.035,60.093,0.629
106.858231,263.291,60.110,0.634
106.869841,262.572,60.062,0.632
106.881451,262.477,60.056,0.632
106.893061,262.343,60.047,0.631
106.904671,262.242,60.041,0.629
106.916281,261.993,60.024,0.628
106.927891,261.796,60.011,0.622
106.939501,261.987,60.024,0.619
106.951111,261.980,60.023,0.611
106.962721,262.170,60.036,0.606
106.974331,262.335,60.047,0.603
106.985941,262.349,60.048,0.598
106.997551,262.473,60.056,0.595
107.009161,262.703,60.071,0.590
107.020771,262.769,60.075,0.588
107.032381,262.698,60.071,0.584
107.043991,262.605,60.065,0.582
107.055601,262.186,60.037,0.579
107.067211,261.658,60.002,0.577
107.078821,261.102,59.965,0.576
107.090431,260.576,59.930,0.573
107.102041,260.172,59.904,0.571
107.113651,259.931,59.888,0.566
107.125261,259.820,59.880,0.561
107.136871,259.801,59.879,0.556
107.148481,260.008,59.893,0.552
107.160091,260.227,59.907,0.547
107.171701,260.544,59.928,0.541
107.183311,260.854,59.949,0.536
107.194921,262.014,60.026,0.532
107.206531,87.547,41.047,0.527
107.218141,87.570,41.052,0.523
107.229751,87.609,41.060,0.517
107.241361,87.535,41.045,0.521
107.252971,87.597,41.057,0.531
107.264580,262.458,60.055,0.556
107.276190,88.568,41.248,0.568
107.287800,88.575,41.250,0.575
107.299410,250.476,59.246,0.573
107.311020,250.432,59.243,0.589
107.322630,250.260,59.231,0.626
107.334240,237.135,58.298,0.647
107.345850,236.938,58.284,0.673
107.357460,235.412,58.172,0.687
107.369070,232.773,57.977,0.705
107.380680,232.949,57.990,0.726
107.392290,233.024,57.996,0.743
107.403900,233.052,57.998,0.752
107.415510,233.115,58.002,0.759
107.427120,233.175,58.007,0.761
107.438730,233.143,58.005,0.758
107.450340,233.066,57.999,0.754
107.461950,232.888,57.986,0.741
107.473560,232.230,57.937,0.726
107.485170,230.726,57.824,0.713
107.496780,233.950,58.064,0.702
107.508390,234.099,58.075,0.678
107.520000,234.238,58.086,0.658
107.531610,234.273,58.088,0.633
107.543220,177.866,53.319,0.610
107.554830,234.341,58.093,0.611
107.566440,234.293,58.090,0.618
107.578050,234.320,58.092,0.639
107.589660,241.874,58.641,0.660
107.601270,237.234,58.306,0.678
107.612880,236.769,58.272,0.700
107.624490,235.376,58.170,0.718
107.636100,234.676,58.118,0.733
107.647710,234.210,58.084,0.747
107.659320,234.068,58.073,0.753
107.670930,234.018,58.069,0.756
107.682540,233.846,58.057,0.757
107.694150,233.845,58.057,0.758
107.705760,233.806,58.054,0.757
107.717370,233.897,58.060,0.755
107.728980,234.445,58.101,0.744
107.740590,234.751,58.124,0.727
107.752200,234.865,58.132,0.711
107.763810,234.673,58.118,0.691
107.775420,235.989,58.215,0.691
107.787029,248.208,59.089,0.711
107.798639,259.727,59.874,0.731
107.810249,263.050,60.094,0.754
107.821859,263.859,60.147,0.779
107.833469,264.122,60.164,0.800
107.845079,264.106,60.163,0.819
107.856689,263.869,60.148,0.832
107.868299,263.963,60.154,0.835
107.879909,263.493,60.123,0.832
107.891519,262.724,60.073,0.830
107.903129,261.992,60.024,0.826
107.914739,261.402,59.985,0.824
107.926349,261.165,59.970,0.821
107.937959,261.280,59.977,0.819
107.949569,261.555,59.995,0.819
107.961179,261.755,60.009,0.821
107.972789,261.833,60.014,0.825
107.984399,261.923,60.020,0.828
107.996009,262.068,60.029,0.830
108.007619,262.127,60.033,0.832
108.019229,262.185,60.037,0.835
108.030839,262.210,60.039,0.837
108.042449,262.198,60.038,0.838
108.054059,262.225,60.040,0.839
108.065669,262.146,60.034,0.840
108.077279,262.208,60.039,0.839
108.088889,262.158,60.035,0.838
108.100499,261.978,60.023,0.836
108.112109,261.764,60.009,0.833
108.123719,261.850,60.015,0.829
108.135329,261.951,60.022,0.826
108.146939,262.453,60.055,0.826
108.158549,263.565,60.128,0.823
108.170159,265.661,60.265,0.818
108.181769,268.867,60.473,0.813
108.193379,275.415,60.889,0.809
108.204989,281.078,61.242,0.804
108.216599,286.077,61.547,0.804
108.228209,289.624,61.760,0.803
108.239819,292.285,61.918,0.798
108.251429,293.561,61.994,0.795
108.263039,294.335,62.039,0.796
108.274649,294.443,62.046,0.798
108.286259,294.554,62.052,0.799
108.297868,294.395,62.043,0.804
108.309478,294.403,62.043,0.807
108.321088,294.338,62.040,0.811
108.332698,294.390,62.043,0.812
108.344308,294.528,62.051,0.813
108.355918,294.561,62.053,0.815
108.367528,294.518,62.050,0.818
108.379138,294.516,62.050,0.823
108.390748,294.274,62.036,0.830
108.402358,294.219,62.033,0.835
108.413968,294.235,62.034,0.835
108.425578,294.309,62.038,0.839
108.437188,294.357,62.041,0.841
108.448798,294.371,62.042,0.842
108.460408,294.283,62.036,0.844
108.472018,294.283,62.036,0.842
108.483628,294.238,62.034,0.837
108.495238,294.263,62.035,0.830
108.506848,294.188,62.031,0.828
108.518458,294.084,62.025,0.825
108.530068,294.004,62.020,0.822
108.541678,293.826,62.009,0.821
108.553288,293.761,62.006,0.816
108.564898,293.744,62.005,0.813
108.576508,293.605,61.996,0.813
108.588118,293.520,61.991,0.812
108.599728,293.507,61.991,0.810
108.611338,293.612,61.997,0.808
108.622948,293.604,61.996,0.808
108.634558,293.564,61.994,0.805
108.646168,293.676,62.001,0.803
108.657778,293.847,62.011,0.800
108.669388,293.954,62.017,0.794
108.680998,294.048,62.023,0.789
108.692608,293.913,62.015,0.784
108.704218,293.529,61.992,0.776
108.715828,293.498,61.990,0.764
108.727438,293.132,61.969,0.751
108.739048,293.172,61.971,0.733
108.750658,292.805,61.949,0.712
108.762268,292.610,61.938,0.691
108.773878,292.536,61.933,0.664
108.785488,291.985,61.901,0.633
108.797098,292.205,61.914,0.606
108.808707,292.340,61.922,0.568
108.820317,292.847,61.952,0.534
108.831927,292.284,61.918,0.505
108.843537,292.263,61.917,0.482
108.855147,292.676,61.942,0.467
108.866757,292.480,61.930,0.447
108.878367,292.599,61.937,0.432
108.889977,292.227,61.915,0.408
108.901587,291.720,61.885,0.386
108.913197,291.919,61.897,0.364
108.924807,292.221,61.915,0.342
108.936417,291.408,61.866,0.314
108.948027,292.854,61.952,0.266
108.959637,292.007,61.902,0.249
108.971247,291.665,61.882,0.237
108.982857,290.564,61.816,0.239
108.994467,290.171,61.793,0.247
109.006077,289.843,61.773,0.255
109.017687,289.080,61.728,0.260
109.029297,289.295,61.740,0.264
109.040907,289.017,61.724,0.271
109.052517,288.978,61.721,0.273
109.064127,288.739,61.707,0.275
109.075737,288.836,61.713,0.266
109.087347,288.294,61.680,0.261
109.098957,288.422,61.688,0.254
109.110567,288.266,61.679,0.248
109.122177,287.847,61.654,0.247
109.133787,287.168,61.613,0.234
109.145397,287.793,61.650,0.222
109.157007,289.465,61.751,0.207
109.168617,289.611,61.759,0.200
109.180227,291.123,61.849,0.193
109.191837,289.948,61.779,0.179
109.203447,296.586,62.171,0.168
109.215057,298.302,62.271,0.158
109.226667,297.689,62.236,0.158
109.238277,297.876,62.247,0.162
109.249887,298.809,62.301,0.170
109.261497,298.790,62.300,0.176
109.273107,298.732,62.296,0.178
109.284717,298.814,62.301,0.178
109.296327,298.770,62.298,0.174
109.307937,298.682,62.293,0.164
109.319546,298.407,62.277,0.158
109.331156,283.382,61.383,0.150
109.342766,286.422,61.568,0.133
109.354376,289.794,61.770,0.120
109.365986,288.941,61.719,0.098
109.377596,289.631,61.761,0.089
109.389206,285.838,61.532,0.174
109.400816,277.939,61.047,0.176
109.412426,275.157,60.873,0.176
109.424036,282.587,61.334,0.331
109.435646,126.191,47.377,0.361
109.447256,135.267,48.580,0.426
109.458866,306.550,62.743,0.485
109.470476,85.305,40.598,0.518
109.482086,205.358,55.808,0.560
109.493696,203.819,55.677,0.593
109.505306,257.157,59.702,0.627
109.516916,84.954,40.527,0.650
109.528526,263.907,60.150,0.676
109.540136,264.931,60.217,0.694
109.551746,265.133,60.231,0.704
109.563356,265.852,60.277,0.716
109.574966,266.428,60.315,0.720
109.586576,266.794,60.339,0.719
109.598186,267.384,60.377,0.715
109.609796,268.148,60.426,0.711
109.621406,269.134,60.490,0.703
109.633016,271.537,60.644,0.697
109.644626,274.840,60.853,0.694
109.656236,281.924,61.294,0.691
109.667846,287.881,61.656,0.687
109.679456,290.356,61.804,0.689
109.691066,292.025,61.903,0.691
109.702676,292.780,61.948,0.690
109.714286,293.448,61.987,0.687
109.725896,293.553,61.993,0.676
109.737506,293.407,61.985,0.660
109.749116,292.715,61.944,0.639
109.760726,291.877,61.894,0.615
109.772336,291.101,61.848,0.587
109.783946,290.241,61.797,0.549
109.795556,288.148,61.672,0.516
109.807166,292.733,61.945,0.487
109.818776,293.128,61.968,0.481
109.830385,293.451,61.987,0.491
109.841995,262.421,60.053,0.517
109.853605,147.048,50.025,0.550
109.865215,146.831,50.000,0.582
109.876825,1002.273,83.252,0.609
109.888435,1002.273,83.252,0.624
109.900045,88.866,41.306,0.629
109.911655,1002.273,83.252,0.627
109.923265,290.999,61.842,0.643
109.934875,291.382,61.865,0.671
109.946485,292.826,61.950,0.689
109.958095,294.717,62.062,0.701
109.969705,294.998,62.078,0.710
109.981315,294.374,62.042,0.720
109.992925,294.827,62.068,0.729
110.004535,294.947,62.075,0.740
110.016145,294.984,62.078,0.738
110.027755,294.863,62.071,0.723
110.039365,294.546,62.052,0.709
110.050975,294.030,62.022,0.691
110.062585,293.338,61.981,0.668
110.074195,292.487,61.930,0.639
110.085805,273.240,60.752,0.619
110.097415,271.741,60.657,0.606
110.109025,272.432,60.701,0.623
110.120635,289.445,61.749,0.659
110.132245,291.721,61.885,0.715
110.143855,293.259,61.976,0.748
110.155465,292.646,61.940,0.770
110.167075,292.177,61.912,0.784
110.178685,292.500,61.931,0.794
110.190295,292.722,61.944,0.805
110.201905,292.944,61.957,0.808
110.213515,293.102,61.967,0.809
110.225125,292.953,61.958,0.796
110.236735,293.179,61.971,0.787
110.248345,293.577,61.995,0.785
110.259955,293.894,62.013,0.785
110.271565,294.056,62.023,0.787
110.283175,294.137,62.028,0.783
110.294785,294.173,62.030,0.783
110.306395,294.102,62.026,0.774
110.318005,294.091,62.025,0.759
110.329615,293.974,62.018,0.747
110.341224,293.961,62.017,0.740
110.352834,294.003,62.020,0.735
110.364444,294.118,62.027,0.722
110.376054,294.090,62.025,0.718
110.387664,294.261,62.035,0.715
110.399274,294.382,62.042,0.724
110.410884,294.419,62.044,0.740
110.422494,294.485,62.048,0.750
110.434104,294.054,62.023,0.752
110.445714,293.574,61.995,0.753
110.457324,293.489,61.990,0.761
110.468934,293.568,61.994,0.765
110.480544,293.649,61.999,0.767
110.492154,293.692,62.002,0.767
110.503764,293.672,62.000,0.765
110.515374,293.806,62.008,0.763
110.526984,294.252,62.035,0.760
110.538594,294.150,62.029,0.762
110.550204,293.978,62.018,0.757
110.561814,293.829,62.010,0.756
110.573424,293.701,62.002,0.753
110.585034,293.721,62.003,0.749
110.596644,293.720,62.003,0.747
110.608254,293.643,61.999,0.740
110.619864,293.510,61.991,0.734
110.631474,293.541,61.993,0.722
110.643084,293.667,62.000,0.715
110.654694,293.942,62.016,0.706
110.666304,294.191,62.031,0.699
110.677914,294.493,62.049,0.698
110.689524,294.949,62.076,0.697
110.701134,295.322,62.097,0.698
110.712744,295.323,62.098,0.702
110.724354,294.678,62.060,0.698
110.735964,294.118,62.027,0.693
110.747574,293.943,62.016,0.679
110.759184,293.995,62.019,0.673
110.770794,293.784,62.007,0.671
110.782404,294.604,62.055,0.684
110.794014,296.662,62.176,0.711
110.805624,297.199,62.207,0.742
110.817234,296.864,62.188,0.761
110.828844,296.451,62.163,0.777
110.840454,295.889,62.131,0.790
110.852063,295.567,62.112,0.801
110.863673,295.388,62.101,0.807
110.875283,294.975,62.077,0.807
110.886893,294.362,62.041,0.804
110.898503,293.909,62.014,0.794
110.910113,293.731,62.004,0.794
110.921723,293.636,61.998,0.792
110.933333,293.556,61.994,0.792
110.944943,293.521,61.991,0.793
110.956553,293.538,61.993,0.792
110.968163,293.532,61.992,0.794
110.979773,293.676,62.001,0.792
110.991383,293.870,62.012,0.791
111.002993,294.074,62.024,0.788
111.014603,294.238,62.034,0.785
111.026213,294.383,62.042,0.786
111.037823,294.378,62.042,0.781
111.049433,294.381,62.042,0.768
111.061043,294.435,62.045,0.750
111.072653,294.514,62.050,0.728
111.084263,294.385,62.042,0.703
111.095873,293.982,62.019,0.669
111.107483,293.352,61.982,0.631
111.119093,290.960,61.840,0.559
111.130703,290.458,61.810,0.442
111.142313,292.448,61.928,0.395
111.153923,293.885,62.013,0.319
111.165533,293.770,62.006,0.301
111.177143,293.892,62.013,0.303
111.188753,294.027,62.021,0.302
111.200363,294.070,62.024,0.306
111.211973,293.507,61.991,0.460
111.223583,292.885,61.954,0.559
111.235193,294.159,62.029,0.631
111.246803,294.888,62.072,0.670
111.258413,295.144,62.087,0.701
111.270023,295.058,62.082,0.720
111.281633,294.997,62.078,0.735
111.293243,294.669,62.059,0.750
111.304853,294.654,62.058,0.760
111.316463,294.698,62.061,0.762
111.328073,294.460,62.047,0.760
111.339683,294.325,62.039,0.760
111.351293,294.139,62.028,0.758
111.362902,294.231,62.033,0.760
111.374512,294.234,62.034,0.764
111.386122,294.423,62.045,0.764
111.397732,294.294,62.037,0.761
111.409342,293.784,62.007,0.756
111.420952,293.233,61.975,0.750
111.432562,292.514,61.932,0.746
111.444172,292.213,61.914,0.742
111.455782,292.189,61.913,0.744
111.467392,292.588,61.936,0.743
111.479002,292.801,61.949,0.743
111.490612,293.073,61.965,0.750
111.502222,293.343,61.981,0.755
111.513832,293.605,61.996,0.763
111.525442,293.808,62.008,0.765
111.537052,294.008,62.020,0.768
111.548662,294.151,62.029,0.767
111.560272,294.301,62.037,0.767
111.571882,294.381,62.042,0.770
111.583492,294.379,62.042,0.764
111.595102,294.347,62.040,0.762
111.606712,294.192,62.031,0.755
111.618322,294.132,62.028,0.750
111.629932,294.046,62.022,0.745
111.641542,294.047,62.023,0.736
111.653152,294.120,62.027,0.731
111.664762,294.546,62.052,0.726
111.676372,300.552,62.401,0.729
111.687982,303.535,62.572,0.733
111.699592,310.775,62.980,0.734
111.711202,311.474,63.019,0.744
111.722812,311.977,63.047,0.747
111.734422,312.274,63.064,0.750
111.746032,312.391,63.070,0.755
111.757642,312.454,63.074,0.751
111.769252,312.031,63.050,0.743
111.780862,311.477,63.019,0.731
111.792472,310.850,62.985,0.722
111.804082,310.508,62.966,0.703
111.815692,310.253,62.951,0.689
111.827302,307.052,62.772,0.682
111.838912,314.049,63.162,0.665
111.850522,302.890,62.535,0.659
111.862132,293.980,62.019,0.646
111.873741,293.911,62.015,0.631
111.885351,293.850,62.011,0.614
111.896961,293.861,62.012,0.609
111.908571,302.629,62.521,0.628
111.920181,311.062,62.996,0.659
111.931791,311.218,63.005,0.688
111.943401,311.738,63.034,0.709
111.955011,311.604,63.027,0.726
111.966621,312.023,63.050,0.742
111.978231,312.019,63.050,0.762
111.989841,312.066,63.052,0.774
112.001451,311.970,63.047,0.777
112.013061,312.034,63.050,0.772
112.024671,311.792,63.037,0.766
112.036281,311.191,63.004,0.765
112.047891,310.884,62.986,0.763
112.059501,310.465,62.963,0.761
112.071111,310.210,62.949,0.755
112.082721,310.072,62.941,0.751
112.094331,309.996,62.937,0.752
112.105941,310.139,62.945,0.750
112.117551,310.250,62.951,0.748
112.129161,310.557,62.968,0.742
112.140771,310.735,62.978,0.740
112.152381,310.866,62.985,0.741
112.163991,311.028,62.995,0.741
112.175601,311.114,62.999,0.738
112.187211,311.159,63.002,0.733
112.198821,311.130,63.000,0.730
112.210431,310.995,62.993,0.732
112.222041,310.817,62.983,0.732
112.233651,310.741,62.978,0.732
112.245261,310.698,62.976,0.728
112.256871,310.580,62.970,0.725
112.268481,310.620,62.972,0.728
112.280091,310.683,62.975,0.728
112.291701,310.723,62.978,0.727
112.303311,310.784,62.981,0.723
112.314921,310.851,62.985,0.721
112.326531,310.771,62.980,0.723
112.338141,310.856,62.985,0.724
112.349751,310.942,62.990,0.726
112.361361,310.976,62.992,0.726
112.372971,311.044,62.995,0.727
112.384580,311.116,62.999,0.731
112.396190,311.149,63.001,0.733
112.407800,311.172,63.002,0.734
112.419410,311.206,63.004,0.734
112.431020,311.169,63.002,0.733
112.442630,311.128,63.000,0.732
112.454240,311.100,62.998,0.733
112.465850,311.109,62.999,0.730
112.477460,311.075,62.997,0.728
112.489070,311.092,62.998,0.726
112.500680,311.087,62.998,0.723
112.512290,311.006,62.993,0.721
112.523900,310.982,62.992,0.718
112.535510,310.868,62.986,0.717
112.547120,310.732,62.978,0.713
112.558730,310.643,62.973,0.711
112.570340,310.638,62.973,0.710
112.581950,310.651,62.974,0.708
112.593560,310.731,62.978,0.708
112.605170,310.887,62.987,0.707
112.616780,310.991,62.992,0.705
112.628390,311.089,62.998,0.705
112.640000,311.199,63.004,0.702
112.651610,311.204,63.004,0.700
112.663220,311.167,63.002,0.697
112.674830,311.089,62.998,0.694
112.686440,311.005,62.993,0.694
112.698050,310.955,62.990,0.692
112.709660,310.918,62.988,0.692
112.721270,310.879,62.986,0.692
112.732880,310.860,62.985,0.691
112.744490,310.817,62.983,0.692
112.756100,310.856,62.985,0.692
112.767710,310.898,62.987,0.695
112.779320,310.965,62.991,0.696
112.790930,311.041,62.995,0.696
112.802540,311.063,62.996,0.697
112.814150,311.121,63.000,0.699
112.825760,311.175,63.003,0.700
112.837370,311.203,63.004,0.703
112.848980,311.141,63.001,0.705
112.860590,311.084,62.998,0.706
112.872200,311.055,62.996,0.709
112.883810,310.980,62.992,0.709
112.895420,310.954,62.990,0.711
112.907029,310.957,62.991,0.710
112.918639,310.929,62.989,0.709
112.930249,310.915,62.988,0.707
112.941859,310.899,62.987,0.703
112.953469,310.855,62.985,0.700
112.965079,310.794,62.981,0.695
112.976689,310.760,62.980,0.693
112.988299,310.730,62.978,0.688
112.999909,310.698,62.976,0.683
113.011519,310.677,62.975,0.680
113.023129,310.693,62.976,0.677
113.034739,310.711,62.977,0.674
113.046349,310.754,62.979,0.674
113.057959,310.811,62.982,0.671
113.069569,310.866,62.985,0.670
113.081179,310.898,62.987,0.671
113.092789,310.950,62.990,0.671
113.104399,311.006,62.993,0.674
113.116009,311.141,63.001,0.675
113.127619,311.297,63.009,0.677
113.139229,311.392,63.015,0.679
113.150839,311.512,63.021,0.679
113.162449,311.620,63.027,0.679
113.174059,311.686,63.031,0.680
113.185669,311.708,63.032,0.681
113.197279,311.783,63.036,0.682
113.208889,311.727,63.033,0.683
113.220499,311.653,63.029,0.681
113.232109,311.577,63.025,0.680
113.243719,311.605,63.027,0.680
113.255329,311.782,63.036,0.680
113.266939,312.148,63.057,0.679
113.278549,312.604,63.082,0.680
113.290159,313.528,63.133,0.680
113.301769,315.661,63.250,0.680
113.313379,319.850,63.479,0.687
113.324989,1002.273,83.252,0.691
113.336599,347.789,64.928,0.695
113.348209,349.532,65.015,0.701
113.359819,349.964,65.036,0.702
113.371429,349.929,65.035,0.705
113.383039,349.465,65.012,0.711
113.394649,348.568,64.967,0.718
113.406259,346.785,64.878,0.724
113.417868,345.846,64.831,0.725
113.429478,345.415,64.810,0.728
113.441088,345.519,64.815,0.730
113.452698,345.546,64.816,0.730
113.464308,346.019,64.840,0.729
113.475918,347.046,64.891,0.727
113.487528,351.534,65.114,0.723
113.499138,353.808,65.226,0.718
113.510748,353.591,65.215,0.719
113.522358,353.506,65.211,0.721
113.533968,353.169,65.194,0.723
113.545578,350.306,65.053,0.732
113.557188,346.923,64.885,0.740
113.568798,346.383,64.858,0.745
113.580408,346.130,64.846,0.749
113.592018,346.377,64.858,0.754
113.603628,347.011,64.890,0.756
113.615238,348.491,64.963,0.754
113.626848,349.834,65.030,0.754
113.638458,351.168,65.096,0.753
113.650068,351.775,65.126,0.751
113.661678,351.629,65.119,0.753
113.673288,351.548,65.115,0.757
113.684898,350.716,65.074,0.760
113.696508,349.480,65.012,0.760
113.708118,347.790,64.929,0.763
113.719728,346.737,64.876,0.763
113.731338,346.322,64.855,0.764
113.742948,346.210,64.850,0.766
113.754558,346.526,64.865,0.762
113.766168,347.208,64.900,0.755
113.777778,348.703,64.974,0.748
113.789388,350.320,65.054,0.747
113.800998,351.248,65.100,0.746
113.812608,351.434,65.109,0.748
113.824218,351.231,65.099,0.749
113.835828,350.792,65.077,0.750
113.847438,349.887,65.033,0.751
113.859048,348.997,64.989,0.751
113.870658,348.033,64.941,0.755
113.882268,347.263,64.902,0.759
113.893878,347.197,64.899,0.761
113.905488,347.533,64.916,0.761
113.917098,348.453,64.962,0.758
113.928707,349.416,65.009,0.753
113.940317,350.080,65.042,0.754
113.951927,350.307,65.053,0.762
113.963537,350.352,65.056,0.764
113.975147,350.194,65.048,0.762
113.986757,349.502,65.014,0.759
113.998367,348.303,64.954,0.758
114.009977,347.146,64.896,0.762
114.021587,346.578,64.868,0.767
114.033197,346.417,64.860,0.768
114.044807,346.722,64.875,0.768
114.056417,347.817,64.930,0.769
114.068027,349.400,65.009,0.770
114.079637,350.592,65.067,0.780
114.091247,175.881,53.125,0.791
114.102857,175.897,53.127,0.799
114.114467,175.843,53.121,0.805
114.126077,175.723,53.110,0.808
114.137687,175.219,53.060,0.813
114.149297,174.884,53.027,0.828
114.160907,174.498,52.989,0.835
114.172517,174.264,52.965,0.844
114.184127,115.854,45.898,0.851
114.195737,115.767,45.885,0.863
114.207347,116.058,45.928,0.881
114.218957,116.370,45.975,0.894
114.230567,116.422,45.982,0.905
114.242177,116.370,45.975,0.908
114.253787,116.389,45.977,0.913
114.265397,116.319,45.967,0.911
114.277007,116.268,45.959,0.906
114.288617,116.191,45.948,0.898
114.300227,116.120,45.937,0.884
114.311837,116.149,45.942,0.874
114.323447,116.358,45.973,0.871
114.335057,349.302,65.004,0.861
114.346667,349.503,65.014,0.851
114.358277,349.878,65.032,0.847
114.369887,349.685,65.023,0.853
114.381497,349.713,65.024,0.865
114.393107,348.568,64.967,0.880
114.404717,348.070,64.943,0.897
114.416327,349.662,65.021,0.908
114.427937,175.315,53.069,0.925
114.439546,175.431,53.081,0.936
114.451156,175.366,53.074,0.945
114.462766,349.922,65.034,0.944
114.474376,349.761,65.026,0.942
114.485986,349.839,65.030,0.933
114.497596,349.805,65.029,0.920
114.509206,116.351,45.972,0.903
114.520816,116.172,45.945,0.881
114.532426,116.246,45.956,0.862
114.544036,116.478,45.991,0.844
114.555646,116.526,45.998,0.838
114.567256,116.566,46.004,0.831
114.578866,116.593,46.008,0.831
114.590476,468.766,70.096,0.831
114.602086,470.155,70.148,0.833
114.613696,472.213,70.223,0.837
114.625306,478.712,70.460,0.846
114.636916,1002.273,83.252,0.849
114.648526,1002.273,83.252,0.851
114.660136,513.540,71.676,0.854
114.671746,517.264,71.801,0.852
114.683356,519.188,71.865,0.853
114.694966,104.805,44.163,0.864
114.706576,104.888,44.176,0.868
114.718186,104.838,44.168,0.897
114.729796,316.802,63.313,0.939
114.741406,316.729,63.309,0.945
114.753016,315.644,63.250,0.954
114.764626,312.829,63.094,0.970
114.776236,304.873,62.648,0.977
114.787846,298.630,62.290,0.977
114.799456,295.974,62.136,0.978
114.811066,293.872,62.012,0.972
114.822676,146.947,50.014,0.953
114.834286,146.920,50.010,0.958
114.845896,147.002,50.020,0.957
114.857506,146.872,50.005,0.944
114.869116,146.879,50.005,0.943
114.880726,146.895,50.007,0.944
114.892336,146.945,50.013,0.951
114.903946,146.984,50.018,0.951
114.915556,146.963,50.015,0.950
114.927166,146.824,49.999,0.952
114.938776,146.673,49.981,0.957
114.950385,146.466,49.957,0.959
114.961995,146.298,49.937,0.961
114.973605,146.162,49.921,0.966
114.985215,145.981,49.899,0.960
114.996825,145.850,49.884,0.958
115.008435,283.475,61.389,0.957
115.020045,272.708,60.718,0.949
115.031655,267.350,60.375,0.940
115.043265,264.041,60.159,0.936
115.054875,262.755,60.075,0.929
115.066485,261.765,60.009,0.918
115.078095,261.500,59.992,0.914
115.089705,261.294,59.978,0.912
115.101315,261.004,59.959,0.903
115.112925,261.336,59.981,0.907
115.124535,262.003,60.025,0.908
115.136145,262.195,60.038,0.906
115.147755,262.638,60.067,0.902
115.159365,263.052,60.094,0.900
115.170975,264.460,60.187,0.894
115.182585,97.488,42.909,0.882
115.194195,116.872,46.049,0.869
115.205805,116.877,46.050,0.848
115.217415,116.863,46.048,0.823
115.229025,146.453,49.955,0.807
115.240635,582.234,73.849,0.821
115.252245,581.024,73.813,0.832
115.263855,577.575,73.710,0.842
115.275465,265.961,60.285,0.863
115.287075,264.825,60.210,0.873
115.298685,264.211,60.170,0.891
115.310295,263.698,60.137,0.912
115.321905,263.401,60.117,0.925
115.333515,262.841,60.080,0.925
115.345125,261.977,60.023,0.927
115.356735,261.729,60.007,0.934
115.368345,130.659,47.980,0.936
115.379955,130.553,47.966,0.941
115.391565,130.474,47.955,0.937
115.403175,130.418,47.948,0.927
115.414785,130.408,47.946,0.919
115.426395,130.466,47.954,0.913
115.438005,130.531,47.963,0.904
115.449615,130.518,47.961,0.895
115.461224,130.586,47.970,0.885
115.472834,130.619,47.974,0.873
115.484444,130.675,47.982,0.869
115.496054,130.684,47.983,0.870
115.507664,130.634,47.976,0.865
115.519274,130.637,47.977,0.863
115.530884,195.826,54.985,0.858
115.542494,195.674,54.971,0.846
115.554104,195.499,54.956,0.833
115.565714,195.497,54.956,0.821
115.577324,195.435,54.950,0.807
115.588934,195.316,54.940,0.788
115.600544,195.362,54.944,0.779
115.612154,195.192,54.929,0.766
115.623764,195.287,54.937,0.755
115.635374,195.417,54.949,0.746
115.646984,584.939,73.929,0.733
115.658594,586.022,73.961,0.720
115.670204,293.702,62.002,0.709
115.681814,293.819,62.009,0.701
115.693424,293.912,62.015,0.693
115.705034,293.998,62.020,0.686
115.716644,294.035,62.022,0.682
115.728254,294.018,62.021,0.685
115.739864,294.001,62.020,0.690
115.751474,293.945,62.017,0.695
115.763084,293.897,62.014,0.698
115.774694,293.858,62.011,0.700
115.786304,293.773,62.006,0.700
115.797914,293.730,62.004,0.699
115.809524,293.733,62.004,0.699
115.821134,293.748,62.005,0.696
115.832744,293.738,62.004,0.693
115.844354,195.707,54.974,0.699
115.855964,195.763,54.979,0.706
115.867574,195.827,54.985,0.720
115.879184,117.519,46.145,0.761
115.890794,117.549,46.149,0.777
115.902404,117.525,46.146,0.795
115.914014,117.565,46.151,0.814
115.925624,234.364,58.095,0.830
115.937234,234.487,58.104,0.849
115.948844,234.657,58.117,0.872
115.960454,234.618,58.114,0.888
115.972063,234.455,58.102,0.895
115.983673,234.408,58.098,0.901
115.995283,117.319,46.115,0.899
116.006893,117.308,46.114,0.894
116.018503,117.283,46.110,0.889
116.030113,117.297,46.112,0.883
116.041723,117.294,46.112,0.871
116.053333,117.356,46.121,0.850
116.064943,117.377,46.124,0.825
116.076553,117.394,46.126,0.808
116.088163,117.430,46.132,0.805
116.099773,117.539,46.148,0.816
116.111383,117.631,46.161,0.839
116.122993,117.504,46.142,0.848
116.134603,354.509,65.260,0.856
116.146213,352.758,65.174,0.879
116.157823,352.509,65.162,0.896
116.169433,352.392,65.156,0.907
116.181043,351.881,65.131,0.913
116.192653,351.473,65.111,0.910
116.204263,351.152,65.095,0.901
116.215873,351.011,65.088,0.893
116.227483,350.804,65.078,0.883
116.239093,350.903,65.083,0.864
116.250703,116.703,46.024,0.844
116.262313,116.658,46.017,0.826
116.273923,117.198,46.097,0.812
116.285533,117.577,46.153,0.804
116.297143,117.671,46.167,0.796
116.308753,294.038,62.022,0.797
116.320363,293.914,62.015,0.802
116.331973,293.709,62.003,0.810
116.343583,293.524,61.992,0.819
116.355193,293.378,61.983,0.829
116.366803,586.064,73.963,0.837
116.378413,585.784,73.954,0.845
116.390023,585.660,73.951,0.849
116.401633,293.291,61.978,0.847
116.413243,293.492,61.990,0.860
116.424853,294.344,62.040,0.878
116.436463,295.094,62.084,0.881
116.448073,300.284,62.386,0.893
116.459683,301.140,62.435,0.907
116.471293,301.075,62.431,0.924
116.482902,300.958,62.425,0.938
116.494512,300.435,62.395,0.950
116.506122,299.276,62.328,0.958
116.517732,297.950,62.251,0.961
116.529342,296.759,62.181,0.965
116.540952,295.420,62.103,0.960
116.552562,294.788,62.066,0.957
116.564172,294.137,62.028,0.953
116.575782,293.647,61.999,0.947
116.587392,293.268,61.977,0.947
116.599002,292.996,61.961,0.943
116.610612,292.881,61.954,0.942
116.622222,292.770,61.947,0.948
116.633832,292.749,61.946,0.952
116.645442,292.578,61.936,0.958
116.657052,292.481,61.930,0.960
116.668662,292.054,61.905,0.968
116.680272,291.683,61.883,0.960
116.691882,291.151,61.851,0.953
116.703492,290.127,61.790,0.947
116.715102,289.449,61.750,0.934
116.726712,288.465,61.691,0.922
116.738322,286.972,61.601,0.903
116.749932,281.204,61.249,0.882
116.761542,131.260,48.059,0.849
116.773152,130.772,47.995,0.843
116.784762,130.462,47.954,0.832
116.796372,130.370,47.941,0.807
116.807982,130.243,47.924,0.803
116.819592,130.242,47.924,0.807
116.831202,292.630,61.939,0.811
116.842812,293.028,61.962,0.813
116.854422,293.689,62.001,0.818
116.866032,294.241,62.034,0.824
116.877642,590.643,74.097,0.834
116.889252,591.055,74.109,0.847
116.900862,591.579,74.125,0.854
116.912472,591.454,74.121,0.858
116.924082,590.756,74.101,0.863
116.935692,589.700,74.070,0.866
116.947302,294.268,62.036,0.873
116.958912,293.762,62.006,0.884
116.970522,585.763,73.954,0.892
116.982132,584.377,73.913,0.912
116.993741,583.606,73.890,0.926
117.005351,194.398,54.858,0.932
117.016961,194.467,54.864,0.941
117.028571,194.623,54.878,0.954
117.040181,194.568,54.873,0.958
117.051791,194.701,54.885,0.959
117.063401,194.898,54.903,0.959
117.075011,130.395,47.945,0.947
117.086621,130.231,47.923,0.942
117.098231,130.079,47.903,0.945
117.109841,129.873,47.875,0.945
117.121451,129.758,47.860,0.942
117.133061,129.819,47.868,0.945
117.144671,129.810,47.867,0.946
117.156281,129.839,47.871,0.947
117.167891,129.854,47.873,0.946
117.179501,129.922,47.882,0.940
117.191111,129.963,47.887,0.930
117.202721,130.029,47.896,0.918
117.214331,130.083,47.903,0.900
117.225941,130.135,47.910,0.880
117.237551,130.178,47.916,0.859
117.249161,130.156,47.913,0.835
117.260771,97.845,42.973,0.816
117.272381,97.858,42.975,0.797
117.283991,293.636,61.998,0.783
117.295601,293.758,62.006,0.768
117.307211,293.845,62.011,0.756
117.318821,293.882,62.013,0.742
117.330431,293.936,62.016,0.734
117.342041,293.975,62.018,0.731
117.353651,294.031,62.022,0.727
117.365261,294.040,62.022,0.726
117.376871,293.944,62.016,0.726
117.388481,293.852,62.011,0.728
117.400091,293.787,62.007,0.727
117.411701,293.723,62.003,0.727
117.423311,293.637,61.998,0.725
117.434921,293.635,61.998,0.724
117.446531,293.726,62.004,0.729
117.458141,293.811,62.009,0.735
117.469751,293.909,62.014,0.741
117.481361,294.005,62.020,0.745
117.492971,294.066,62.024,0.750
117.504580,294.086,62.025,0.752
117.516190,294.071,62.024,0.754
117.527800,294.002,62.020,0.752
117.539410,293.968,62.018,0.750
117.551020,293.919,62.015,0.758
117.562630,117.487,46.140,0.776
117.574240,117.441,46.133,0.786
117.585850,117.414,46.129,0.791
117.597460,234.725,58.122,0.806
117.609070,234.888,58.134,0.819
117.620680,235.140,58.152,0.851
117.632290,234.582,58.111,0.867
117.643900,234.373,58.096,0.886
117.655510,234.222,58.084,0.906
117.667120,234.133,58.078,0.919
117.678730,234.091,58.075,0.929
117.690340,233.950,58.064,0.932
117.701950,233.912,58.062,0.931
117.713560,233.860,58.058,0.922
117.725170,233.997,58.068,0.917
117.736780,234.103,58.076,0.904
117.748390,117.309,46.114,0.882
117.760000,117.343,46.119,0.865
117.771610,235.187,58.156,0.867
117.783220,117.515,46.144,0.865
117.794830,293.504,61.991,0.865
117.806440,293.534,61.992,0.862
117.818050,293.643,61.999,0.859
117.829660,294.199,62.031,0.860
117.841270,294.246,62.034,0.865
117.852880,117.724,46.175,0.880
117.864490,354.901,65.279,0.881
117.876100,353.988,65.234,0.890
117.887710,353.714,65.221,0.892
117.899320,353.405,65.206,0.896
117.910930,117.270,46.108,0.896
117.922540,117.237,46.103,0.894
117.934150,117.175,46.094,0.890
117.945760,116.939,46.059,0.875
117.957370,116.968,46.063,0.859
117.968980,301.010,62.428,0.844
117.980590,605.892,74.539,0.841
117.992200,609.869,74.652,0.837
118.003810,613.220,74.747,0.839
118.015420,616.723,74.845,0.841
118.027029,621.184,74.970,0.847
118.038639,623.783,75.042,0.850
118.050249,625.936,75.102,0.851
118.061859,627.382,75.142,0.854
118.073469,627.810,75.154,0.853
118.085079,627.306,75.140,0.855
118.096689,626.603,75.121,0.855
118.108299,626.235,75.110,0.858
118.119909,309.993,62.937,0.868
118.131519,310.061,62.941,0.884
118.143129,309.621,62.916,0.903
118.154739,309.213,62.893,0.925
118.166349,308.343,62.844,0.948
118.177959,308.783,62.869,0.969
118.189569,308.710,62.865,0.978
118.201179,308.105,62.831,0.984
118.212789,306.498,62.740,0.984
118.224399,304.717,62.640,0.980
118.236009,302.852,62.533,0.976
118.247619,300.091,62.375,0.967
118.259229,297.414,62.220,0.955
118.270839,295.461,62.106,0.936
118.282449,294.766,62.065,0.924
118.294059,294.218,62.033,0.920
118.305669,293.653,61.999,0.917
118.317279,293.301,61.979,0.916
118.328889,293.053,61.964,0.917
118.340499,292.840,61.951,0.914
118.352109,292.487,61.930,0.917
118.363719,291.605,61.878,0.913
118.375329,290.921,61.838,0.926
118.386939,290.477,61.811,0.928
118.398549,290.399,61.806,0.932
118.410159,290.284,61.800,0.938
118.421769,289.671,61.763,0.934
118.433379,288.816,61.712,0.930
118.444989,288.280,61.680,0.923
118.456599,130.341,47.937,0.927
118.468209,130.451,47.952,0.920
118.479819,130.740,47.990,0.915
118.491429,131.036,48.029,0.907
118.503039,131.175,48.048,0.894
118.514649,131.022,48.028,0.888
118.526259,130.840,48.004,0.883
118.537868,588.125,74.023,0.877
118.549478,584.739,73.923,0.865
118.561088,580.307,73.792,0.853
118.572698,575.420,73.645,0.845
118.584308,550.835,72.889,0.843
118.595918,529.739,72.213,0.837
118.607528,525.527,72.075,0.832
118.619138,522.871,71.987,0.835
118.630748,519.695,71.882,0.837
118.642358,259.577,59.864,0.835
118.653968,259.272,59.844,0.830
118.665578,259.131,59.834,0.825
118.677188,517.761,71.817,0.829
118.688798,259.598,59.865,0.830
118.700408,260.174,59.904,0.832
118.712018,262.098,60.031,0.847
118.723628,263.613,60.131,0.855
118.735238,264.300,60.176,0.856
118.746848,264.314,60.177,0.872
118.758458,263.621,60.132,0.891
118.770068,263.089,60.097,0.908
118.781678,262.520,60.059,0.921
118.793288,261.755,60.009,0.935
118.804898,260.916,59.953,0.943
118.816508,260.475,59.924,0.953
118.828118,260.315,59.913,0.962
118.839728,260.194,59.905,0.964
118.851338,260.227,59.907,0.964
118.862948,260.453,59.922,0.960
118.874558,260.766,59.943,0.956
118.886168,261.057,59.962,0.944
118.897778,261.378,59.984,0.932
118.909388,261.641,60.001,0.920
118.920998,261.768,60.009,0.910
118.932608,261.753,60.008,0.904
118.944218,261.643,60.001,0.892
118.955828,261.406,59.985,0.875
118.967438,261.378,59.984,0.866
118.979048,261.193,59.971,0.864
118.990658,260.905,59.952,0.852
119.002268,260.347,59.915,0.842
119.013878,259.981,59.891,0.824
119.025488,259.836,59.881,0.805
119.037098,260.444,59.922,0.793
119.048707,523.339,72.003,0.793
119.060317,525.188,72.064,0.789
119.071927,527.197,72.130,0.789
119.083537,528.578,72.175,0.799
119.095147,529.766,72.214,0.795
119.106757,530.462,72.237,0.804
119.118367,530.411,72.235,0.811
119.129977,529.241,72.197,0.811
119.141587,527.770,72.149,0.809
119.153197,526.037,72.092,0.801
119.164807,524.506,72.041,0.792
119.176417,523.543,72.010,0.777
119.188027,523.336,72.003,0.780
119.199637,523.966,72.024,0.783
119.211247,525.716,72.081,0.780
119.222857,527.554,72.142,0.783
119.234467,528.352,72.168,0.785
119.246077,529.024,72.190,0.782
119.257687,529.052,72.191,0.781
119.269297,528.391,72.169,0.782
119.280907,526.689,72.113,0.796
119.292517,524.354,72.036,0.805
119.304127,517.935,71.823,0.824
119.315737,513.672,71.680,0.838
119.327347,115.661,45.869,0.864
119.338957,115.593,45.859,0.886
119.350567,231.593,57.889,0.896
119.362177,231.074,57.850,0.907
119.373787,230.760,57.827,0.908
119.385397,230.633,57.817,0.904
119.397007,230.248,57.788,0.893
119.408617,229.425,57.726,0.882
119.420227,229.000,57.694,0.859
119.431837,228.251,57.637,0.837
119.443447,227.441,57.576,0.823
119.455057,116.491,45.993,0.802
119.466667,259.223,59.840,0.786
119.478277,259.559,59.863,0.783
119.489887,259.051,59.829,0.795
119.501497,258.572,59.797,0.796
119.513107,259.216,59.840,0.795
119.524717,260.630,59.934,0.800
119.536327,262.527,60.060,0.803
119.547937,350.574,65.067,0.815
119.559546,351.525,65.113,0.821
119.571156,352.332,65.153,0.822
119.582766,352.374,65.155,0.820
119.594376,352.147,65.144,0.823
119.605986,351.912,65.133,0.827
119.617596,352.048,65.139,0.823
119.629206,351.787,65.126,0.820
119.640816,351.306,65.103,0.806
119.652426,350.767,65.076,0.791
119.664036,349.975,65.037,0.775
119.675646,349.375,65.007,0.753
119.687256,349.100,64.994,0.727
119.698866,348.927,64.985,0.694
119.710476,348.711,64.974,0.674
119.722086,349.827,65.030,0.660
119.733696,345.702,64.824,0.683
119.745306,344.771,64.778,0.696
119.756916,87.439,41.026,0.719
119.768526,87.431,41.025,0.740
119.780136,87.437,41.026,0.758
119.791746,458.581,69.716,0.771
119.803356,319.786,63.475,0.780
119.814966,319.859,63.479,0.792
119.826576,319.869,63.480,0.811
119.838186,319.321,63.450,0.825
119.849796,318.446,63.403,0.849
119.861406,311.847,63.040,0.869
119.873016,311.636,63.028,0.886
119.884626,308.111,62.831,0.908
119.896236,307.238,62.782,0.923
119.907846,305.034,62.658,0.931
119.919456,302.380,62.506,0.942
119.931066,300.425,62.394,0.947
119.942676,298.887,62.305,0.940
119.954286,297.129,62.203,0.937
119.965896,295.762,62.123,0.933
119.977506,294.680,62.060,0.922
119.989116,293.786,62.007,0.915
120.000726,293.161,61.970,0.913
120.012336,292.416,61.926,0.896
120.023946,292.303,61.920,0.895
120.035556,291.960,61.899,0.898
120.047166,291.997,61.901,0.896
120.058776,292.246,61.916,0.894
120.070385,292.282,61.918,0.890
120.081995,292.189,61.913,0.888
120.093605,292.200,61.913,0.885
120.105215,292.015,61.902,0.882
120.116825,291.309,61.861,0.879
120.128435,290.651,61.821,0.871
120.140045,289.465,61.751,0.859
120.151655,288.628,61.700,0.845
120.163265,286.367,61.564,0.835
120.174875,279.328,61.133,0.819
120.186485,272.237,60.688,0.798
120.198095,267.162,60.363,0.776
120.209705,264.734,60.204,0.738
120.221315,264.523,60.191,0.714
120.232925,130.316,47.934,0.705
120.244535,264.946,60.218,0.706
120.256145,265.729,60.269,0.707
120.267755,282.923,61.355,0.709
120.279365,283.047,61.362,0.713
120.290975,297.762,62.240,0.717
120.302585,297.684,62.235,0.719
120.314195,283.457,61.387,0.720
120.325805,147.034,50.024,0.717
120.337415,300.201,62.381,0.718
120.349025,300.992,62.427,0.717
120.360635,149.063,50.261,0.717
120.372245,291.045,61.845,0.731
120.383855,281.811,61.287,0.760
120.395465,270.623,60.585,0.789
120.407075,270.100,60.552,0.832
120.418685,268.742,60.465,0.860
120.430295,267.817,60.405,0.882
120.441905,266.039,60.290,0.895
120.453515,265.474,60.253,0.901
120.465125,264.329,60.178,0.903
120.476735,263.528,60.125,0.901
120.488345,263.132,60.099,0.895
120.499955,262.514,60.059,0.877
120.511565,262.438,60.054,0.858
120.523175,262.164,60.036,0.840
120.534785,261.982,60.024,0.830
120.546395,261.978,60.023,0.831
120.558005,261.892,60.018,0.837
120.569615,261.209,59.972,0.839
120.581224,260.896,59.952,0.831
120.592834,260.391,59.918,0.834
120.604444,258.475,59.790,0.850
120.616054,255.681,59.602,0.856
120.627664,251.022,59.284,0.852
120.639274,237.184,58.302,0.854
120.650884,234.004,58.068,0.852
120.662494,232.955,57.991,0.845
120.674104,232.670,57.969,0.851
120.685714,232.401,57.949,0.851
120.697324,232.059,57.924,0.847
120.708934,231.885,57.911,0.845
120.720544,231.920,57.913,0.847
120.732154,232.048,57.923,0.840
120.743764,232.302,57.942,0.831
120.755374,232.392,57.949,0.825
120.766984,232.479,57.955,0.816
120.778594,232.776,57.977,0.799
120.790204,232.997,57.994,0.775
120.801814,232.919,57.988,0.756
120.813424,232.953,57.990,0.741
120.825034,233.015,57.995,0.733
120.836644,232.963,57.991,0.737
120.848254,232.887,57.986,0.747
120.859864,232.804,57.979,0.762
120.871474,232.905,57.987,0.775
120.883084,233.007,57.994,0.782
120.894694,232.925,57.988,0.792
120.906304,232.891,57.986,0.803
120.917914,232.813,57.980,0.815
120.929524,232.640,57.967,0.822
120.941134,232.723,57.973,0.837
120.952744,232.921,57.988,0.853
120.964354,233.013,57.995,0.863
120.975964,233.059,57.998,0.875
120.987574,233.088,58.000,0.882
120.999184,233.131,58.004,0.882
121.010794,233.208,58.009,0.878
121.022404,233.242,58.012,0.877
121.034014,233.138,58.004,0.867
121.045624,233.048,57.997,0.855
121.057234,233.028,57.996,0.848
121.068844,232.936,57.989,0.831
121.080454,232.785,57.978,0.812
121.092063,232.596,57.964,0.797
121.103673,232.868,57.984,0.789
121.115283,232.914,57.988,0.776
121.126893,232.395,57.949,0.775
121.138503,236.288,58.237,0.766
121.150113,233.118,58.003,0.759
121.161723,236.220,58.232,0.765
121.173333,151.128,50.499,0.771
121.184943,151.102,50.496,0.779
121.196553,959.116,82.490,0.783
121.208163,958.661,82.482,0.782
121.219773,130.438,47.950,0.781
121.231383,172.284,52.767,0.778
121.242993,236.879,58.280,0.772
121.254603,236.796,58.274,0.760
121.266213,236.249,58.234,0.760
121.277823,236.947,58.285,0.759
121.289433,236.359,58.242,0.769
121.301043,236.066,58.220,0.784
121.312653,235.866,58.206,0.796
121.324263,234.675,58.118,0.807
121.335873,234.060,58.073,0.812
121.347483,233.714,58.047,0.818
121.359093,233.521,58.033,0.819
121.370703,233.156,58.005,0.821
121.382313,232.386,57.948,0.816
121.393923,231.941,57.915,0.810
121.405533,231.273,57.865,0.796
121.417143,231.029,57.847,0.780
121.428753,231.118,57.853,0.777
121.440363,229.641,57.743,0.777
121.451973,231.272,57.865,0.787
121.463583,256.450,59.654,0.830
121.475193,495.047,71.041,0.852
121.486803,262.036,60.027,0.866
121.498413,262.615,60.065,0.892
121.510023,262.845,60.081,0.918
121.521633,262.450,60.054,0.929
121.533243,262.245,60.041,0.937
121.544853,262.231,60.040,0.943
121.556463,261.953,60.022,0.935
121.568073,261.471,59.990,0.935
121.579683,261.156,59.969,0.938
121.591293,260.896,59.952,0.929
121.602902,260.850,59.949,0.915
121.614512,261.082,59.964,0.914
121.626122,261.739,60.008,0.915
121.637732,262.486,60.057,0.915
121.649342,263.130,60.099,0.924
121.660952,263.697,60.137,0.915
121.672562,266.161,60.298,0.927
121.684172,269.056,60.485,0.933
121.695782,271.087,60.615,0.942
121.707392,275.709,60.908,0.954
121.719002,278.919,61.108,0.958
121.730612,281.159,61.247,0.952
121.742222,283.612,61.397,0.938
121.753832,284.270,61.437,0.933
121.765442,286.562,61.576,0.908
121.777052,287.223,61.616,0.890
121.788662,287.796,61.651,0.865
121.800272,288.906,61.717,0.814
121.811882,291.845,61.892,0.768
121.823492,146.599,49.972,0.749
121.835102,146.827,49.999,0.751
121.846712,146.906,50.009,0.755
121.858322,146.938,50.012,0.766
121.869932,146.904,50.008,0.772
121.881542,147.003,50.020,0.775
121.893152,293.119,61.968,0.781
121.904762,293.720,62.003,0.799
121.916372,294.101,62.026,0.830
121.927982,301.153,62.436,0.893
121.939592,300.548,62.401,0.939
121.951202,298.996,62.311,0.960
121.962812,297.750,62.239,0.978
121.974422,296.966,62.194,0.991
121.986032,296.343,62.157,0.999
121.997642,295.864,62.129,1.000
122.009252,295.526,62.109,0.999
122.020862,294.357,62.041,0.984
122.032472,293.757,62.005,0.963
122.044082,293.503,61.990,0.957
122.055692,293.256,61.976,0.945
122.067302,293.306,61.979,0.935
122.078912,293.383,61.983,0.924
122.090522,293.429,61.986,0.922
122.102132,293.413,61.985,0.917
122.113741,293.407,61.985,0.902
122.125351,293.153,61.970,0.884
122.136961,292.966,61.959,0.851
122.148571,292.908,61.955,0.820
122.160181,292.901,61.955,0.796
122.171791,293.365,61.982,0.779
122.183401,293.538,61.992,0.759
122.195011,221.776,57.139,0.739
122.206621,220.847,57.067,0.736
122.218231,147.168,50.040,0.737
122.229841,146.942,50.013,0.739
122.241451,146.693,49.984,0.738
122.253061,146.486,49.959,0.733
122.264671,146.417,49.951,0.726
122.276281,146.222,49.928,0.709
122.287891,146.196,49.925,0.690
122.299501,146.343,49.942,0.680
122.311111,146.652,49.979,0.667
122.322721,147.024,50.023,0.658
122.334331,147.307,50.056,0.651
122.345941,147.441,50.072,0.644
122.357551,148.023,50.140,0.643
122.369161,147.938,50.130,0.635
122.380771,148.378,50.181,0.629
122.392381,148.749,50.225,0.616
122.403991,229.411,57.725,0.613
122.415601,229.673,57.745,0.612
122.427211,229.847,57.758,0.620
122.438821,229.827,57.757,0.631
122.450431,459.742,69.760,0.644
122.462041,456.930,69.654,0.661
122.473651,454.062,69.545,0.687
122.485261,454.391,69.557,0.715
122.496871,457.140,69.662,0.762
122.508481,91.722,41.854,0.803
122.520091,508.504,71.505,0.830
122.531701,511.993,71.623,0.856
122.543311,512.841,71.652,0.892
122.554921,508.664,71.511,0.911
122.566531,511.408,71.604,0.935
122.578141,512.901,71.654,0.950
122.589751,509.812,71.550,0.953
122.601361,116.672,46.019,0.953
122.612971,116.593,46.008,0.959
122.624580,116.662,46.018,0.965
122.636190,116.536,45.999,0.956
122.647800,116.338,45.970,0.955
122.659410,116.252,45.957,0.949
122.671020,116.205,45.950,0.946
122.682630,154.059,50.832,0.947
122.694240,154.230,50.851,0.944
122.705850,375.729,66.266,0.940
122.717460,381.482,66.529,0.937
122.729070,384.251,66.655,0.934
122.740680,386.559,66.758,0.926
122.752290,155.803,51.027,0.917
122.763900,390.576,66.937,0.910
122.775510,392.143,67.007,0.907
122.787120,393.497,67.066,0.902
122.798730,156.206,51.071,0.888
122.810340,92.290,41.961,0.867
122.821950,92.296,41.962,0.853
122.833560,92.393,41.980,0.843
122.845170,92.400,41.982,0.828
122.856780,156.097,51.059,0.805
122.868390,93.300,42.149,0.783
122.880000,93.329,42.155,0.780
122.891610,93.290,42.148,0.777
122.903220,93.247,42.140,0.774
122.914830,93.218,42.134,0.768
122.926440,93.220,42.135,0.772
122.938050,462.708,69.871,0.776
122.949660,93.217,42.134,0.778
122.961270,116.901,46.053,0.783
122.972880,117.082,46.080,0.787
122.984490,117.282,46.110,0.798
122.996100,117.447,46.134,0.813
123.007710,117.288,46.111,0.846
123.019320,116.882,46.051,0.877
123.030930,116.734,46.029,0.895
123.042540,350.105,65.043,0.917
123.054150,348.779,64.978,0.933
123.065760,116.054,45.928,0.943
123.077370,115.911,45.906,0.948
123.088980,115.748,45.882,0.951
123.100590,115.565,45.854,0.944
123.112200,115.517,45.847,0.933
123.123810,345.489,64.814,0.930
123.135420,344.875,64.783,0.925
123.147029,343.771,64.727,0.917
123.158639,340.919,64.583,0.928
123.170249,337.980,64.433,0.939
123.181859,335.486,64.305,0.938
123.193469,332.665,64.159,0.945
123.205079,328.014,63.915,0.948
123.216689,320.038,63.489,0.949
123.228299,314.734,63.200,0.943
123.239909,310.947,62.990,0.939
123.251519,304.571,62.631,0.916
123.263129,296.779,62.183,0.896
123.274739,293.972,62.018,0.900
123.286349,291.546,61.875,0.895
123.297959,290.359,61.804,0.889
123.309569,289.388,61.746,0.868
123.321179,289.068,61.727,0.853
123.332789,289.070,61.727,0.839
123.344399,289.105,61.729,0.830
123.356009,289.487,61.752,0.821
123.367619,290.119,61.790,0.801
123.379229,291.295,61.860,0.784
123.390839,293.359,61.982,0.787
123.402449,293.740,62.004,0.809
123.414059,293.611,61.997,0.827
123.425669,293.724,62.003,0.846
123.437279,293.948,62.017,0.859
123.448889,293.922,62.015,0.868
123.460499,293.898,62.014,0.870
123.472109,293.736,62.004,0.868
123.483719,293.718,62.003,0.863
123.495329,293.762,62.006,0.860
123.506939,293.959,62.017,0.856
123.518549,294.013,62.021,0.842
123.530159,294.033,62.022,0.833
123.541769,294.263,62.035,0.827
123.553379,294.365,62.041,0.821
123.564989,294.596,62.055,0.813
123.576599,294.837,62.069,0.800
123.588209,295.074,62.083,0.780
123.599819,294.952,62.076,0.766
123.611429,294.961,62.076,0.763
123.623039,294.903,62.073,0.753
123.634649,294.730,62.063,0.740
123.646259,294.642,62.057,0.729
123.657868,294.642,62.058,0.724
123.669478,294.613,62.056,0.733
123.681088,294.527,62.051,0.742
123.692698,294.402,62.043,0.745
123.704308,294.324,62.039,0.745
123.715918,294.362,62.041,0.743
123.727528,294.366,62.041,0.740
123.739138,294.202,62.032,0.734
123.750748,294.023,62.021,0.725
123.762358,293.966,62.018,0.713
123.773968,293.853,62.011,0.708
123.785578,293.895,62.014,0.699
123.797188,146.532,49.965,0.696
123.808798,309.777,62.925,0.717
123.820408,310.364,62.957,0.759
123.832018,310.792,62.981,0.786
123.843628,311.056,62.996,0.808
123.855238,311.157,63.002,0.827
123.866848,311.224,63.005,0.842
123.878458,311.265,63.008,0.861
123.890068,311.255,63.007,0.876
123.901678,311.430,63.017,0.882
123.913288,311.617,63.027,0.876
123.924898,311.849,63.040,0.875
123.936508,312.443,63.073,0.868
123.948118,314.446,63.184,0.877
123.959728,316.613,63.303,0.886
123.971338,317.725,63.363,0.882
123.982948,343.238,64.700,0.879
123.994558,345.747,64.827,0.872
124.006168,347.809,64.929,0.871
124.017778,348.394,64.959,0.868
124.029388,348.106,64.944,0.874
124.040998,349.105,64.994,0.859
124.052608,349.429,65.010,0.839
124.064218,348.888,64.983,0.839
124.075828,348.105,64.944,0.850
124.087438,347.533,64.916,0.867
124.099048,347.142,64.896,0.880
124.110658,347.427,64.910,0.894
124.122268,348.364,64.957,0.900
124.133878,349.135,64.995,0.905
124.145488,349.954,65.036,0.906
124.157098,350.716,65.074,0.903
124.168707,351.149,65.095,0.895
124.180317,350.986,65.087,0.884
124.191927,350.721,65.074,0.873
124.203537,350.397,65.058,0.854
124.215147,349.811,65.029,0.838
124.226757,349.195,64.998,0.824
124.238367,348.483,64.963,0.817
124.249977,347.789,64.928,0.809
124.261587,347.522,64.915,0.801
124.273197,347.681,64.923,0.795
124.284807,347.811,64.930,0.791
124.296417,347.823,64.930,0.800
124.308027,347.753,64.927,0.822
124.319637,347.858,64.932,0.846
124.331247,347.943,64.936,0.860
124.342857,348.080,64.943,0.871
124.354467,348.308,64.954,0.880
124.366077,348.643,64.971,0.887
124.377687,348.903,64.984,0.891
124.389297,349.065,64.992,0.887
124.400907,349.445,65.011,0.874
124.412517,349.908,65.034,0.852
124.424127,350.374,65.057,0.830
124.435737,350.864,65.081,0.807
124.447347,351.173,65.096,0.780
124.458957,352.908,65.181,0.747
124.470567,354.324,65.251,0.712
124.482177,353.742,65.222,0.694
124.493787,353.413,65.206,0.683
124.505397,352.704,65.171,0.682
124.517007,350.773,65.076,0.685
124.528617,350.277,65.052,0.692
124.540227,351.173,65.096,0.696
124.551837,350.735,65.075,0.695
124.563447,350.416,65.059,0.693
124.575057,350.830,65.079,0.694
124.586667,350.727,65.074,0.699
124.598277,86.838,40.907,0.702
124.609887,688.914,76.762,0.707
124.621497,86.861,40.911,0.713
124.633107,230.061,57.774,0.720
124.644717,230.065,57.774,0.726
124.656327,224.748,57.370,0.731
124.667937,224.765,57.371,0.731
124.679546,143.840,49.643,0.745
124.691156,140.765,49.269,0.779
124.702766,276.173,60.937,0.822
124.714376,275.733,60.909,0.834
124.725986,275.045,60.866,0.854
124.737596,272.613,60.712,0.866
124.749206,269.943,60.542,0.878
124.760816,269.511,60.514,0.887
124.772426,269.453,60.510,0.894
124.784036,269.730,60.528,0.897
124.795646,273.242,60.752,0.893
124.807256,279.564,61.148,0.905
124.818866,284.328,61.441,0.915
124.830476,286.877,61.595,0.921
124.842086,288.885,61.716,0.927
124.853696,289.593,61.758,0.928
124.865306,290.857,61.834,0.928
124.876916,291.848,61.893,0.923
124.888526,292.586,61.936,0.918
124.900136,292.033,61.904,0.908
124.911746,291.819,61.891,0.887
124.923356,291.436,61.868,0.875
124.934966,288.819,61.712,0.865
124.946576,116.083,45.932,0.867
124.958186,476.259,70.371,0.865
124.969796,471.382,70.193,0.863
124.981406,469.989,70.141,0.865
124.993016,260.919,59.953,0.869
125.004626,261.403,59.985,0.874
125.016236,261.340,59.981,0.873
125.027846,260.208,59.906,0.873
125.039456,258.951,59.822,0.870
125.051066,258.180,59.770,0.866
125.062676,256.169,59.635,0.866
125.074286,239.044,58.437,0.861
125.085896,236.820,58.275,0.848
125.097506,237.002,58.289,0.845
125.109116,235.939,58.211,0.846
125.120726,234.848,58.131,0.847
125.132336,233.879,58.059,0.855
125.143946,233.188,58.008,0.863
125.155556,232.865,57.984,0.866
125.167166,232.649,57.968,0.869
125.178776,232.385,57.948,0.879
125.190385,232.198,57.934,0.884
125.201995,232.188,57.933,0.885
125.213605,116.076,45.931,0.881
125.225215,116.091,45.933,0.872
125.236825,116.114,45.936,0.866
125.248435,116.066,45.929,0.859
125.260045,116.078,45.931,0.857
125.271655,116.080,45.931,0.847
125.283265,116.139,45.940,0.840
125.294875,232.546,57.960,0.839
125.306485,232.598,57.964,0.836
125.318095,232.484,57.956,0.837
125.329705,232.462,57.954,0.833
125.341315,232.617,57.965,0.830
125.352925,232.777,57.977,0.824
125.364535,232.745,57.975,0.820
125.376145,232.701,57.972,0.818
125.387755,232.769,57.977,0.812
125.399365,232.920,57.988,0.806
125.410975,232.966,57.991,0.797
125.422585,233.094,58.001,0.794
125.434195,233.136,58.004,0.788
125.445805,233.187,58.008,0.783
125.457415,233.170,58.007,0.785
125.469025,233.247,58.012,0.782
125.480635,233.394,58.023,0.778
125.492245,233.369,58.021,0.779
125.503855,233.245,58.012,0.777
125.515465,233.137,58.004,0.774
125.527075,232.897,57.986,0.770
125.538685,232.900,57.987,0.768
125.550295,232.837,57.982,0.758
125.561905,233.006,57.994,0.758
125.573515,233.052,57.998,0.754
125.585125,233.697,58.046,0.747
125.596735,234.390,58.097,0.740
125.608345,235.236,58.159,0.733
125.619955,235.846,58.204,0.739
125.631565,236.106,58.223,0.741
125.643175,236.320,58.239,0.744
125.654785,236.480,58.251,0.732
125.666395,236.605,58.260,0.724
125.678005,236.564,58.257,0.719
125.689615,236.505,58.252,0.722
125.701224,236.489,58.251,0.727
125.712834,236.616,58.261,0.722
125.724444,237.383,58.317,0.719
125.736054,238.171,58.374,0.706
125.747664,238.820,58.421,0.711
125.759274,239.962,58.504,0.710
125.770884,492.508,70.952,0.717
125.782494,502.582,71.302,0.717
125.794104,511.846,71.618,0.715
125.805714,517.021,71.793,0.712
125.817324,522.735,71.983,0.699
125.828934,523.443,72.006,0.703
125.840544,524.530,72.042,0.703
125.852154,525.258,72.066,0.710
125.863764,526.702,72.114,0.701
125.875374,526.314,72.101,0.705
125.886984,525.858,72.086,0.699
125.898594,525.398,72.071,0.695
125.910204,524.834,72.052,0.695
125.921814,524.527,72.042,0.689
125.933424,524.624,72.045,0.676
125.945034,524.524,72.042,0.661
125.956644,523.991,72.024,0.647
125.968254,523.805,72.018,0.628
125.979864,523.694,72.015,0.621
125.991474,523.761,72.017,0.613
126.003084,523.606,72.012,0.613
126.014694,523.739,72.016,0.618
126.026304,523.304,72.002,0.630
126.037914,522.849,71.987,0.646
126.049524,522.861,71.987,0.652
126.061134,522.731,71.983,0.666
126.072744,522.583,71.978,0.670
126.084354,521.854,71.954,0.676
126.095964,521.444,71.940,0.679
126.107574,521.346,71.937,0.676
126.119184,521.887,71.955,0.675
126.130794,522.316,71.969,0.668
126.142404,522.231,71.966,0.665
126.154014,522.534,71.976,0.655
126.165624,522.776,71.984,0.654
126.177234,523.067,71.994,0.649
126.188844,523.321,72.002,0.644
126.200454,523.254,72.000,0.647
126.212063,523.176,71.998,0.644
126.223673,523.305,72.002,0.645
126.235283,523.109,71.995,0.652
126.246893,522.875,71.988,0.656
126.258503,523.012,71.992,0.657
126.270113,523.017,71.992,0.663
126.281723,522.831,71.986,0.661
126.293333,522.878,71.988,0.659
126.304943,522.883,71.988,0.660
126.316553,522.631,71.979,0.653
126.328163,522.807,71.985,0.648
126.339773,522.925,71.989,0.643
126.351383,522.671,71.981,0.636
126.362993,522.715,71.982,0.630
126.374603,522.897,71.988,0.629
126.386213,523.081,71.994,0.627
126.397823,523.219,71.999,0.624
126.409433,523.358,72.004,0.627
126.421043,523.204,71.998,0.626
126.432653,523.255,72.000,0.626
126.444263,523.380,72.004,0.631
126.455873,523.467,72.007,0.631
126.467483,523.389,72.005,0.634
126.479093,523.308,72.002,0.638
126.490703,523.274,72.001,0.640
126.502313,523.424,72.006,0.646
126.513923,523.297,72.002,0.651
126.525533,523.226,71.999,0.657
126.537143,522.945,71.990,0.663
126.548753,522.634,71.980,0.665
126.560363,522.766,71.984,0.666
126.571973,522.671,71.981,0.667
126.583583,522.692,71.981,0.666
126.595193,522.900,71.988,0.662
126.606803,522.890,71.988,0.659
126.618413,522.933,71.989,0.658
126.630023,523.357,72.004,0.654
126.641633,523.468,72.007,0.656
126.653243,523.376,72.004,0.658
126.664853,523.358,72.004,0.659
126.676463,523.210,71.999,0.664
126.688073,523.128,71.996,0.669
126.699683,523.269,72.001,0.670
126.711293,523.225,71.999,0.673
126.722902,523.320,72.002,0.675
126.734512,523.394,72.005,0.674
126.746122,523.414,72.005,0.676
126.757732,523.174,71.997,0.677
126.769342,523.227,71.999,0.675
126.780952,523.035,71.993,0.674
126.792562,522.964,71.990,0.673
126.804172,523.059,71.994,0.668
126.815782,522.858,71.987,0.663
126.827392,522.902,71.988,0.661
126.839002,522.736,71.983,0.657
126.850612,522.868,71.987,0.656
126.862222,523.106,71.995,0.658
126.873832,523.107,71.995,0.659
126.885442,522.986,71.991,0.664
126.897052,522.861,71.987,0.666
126.908662,522.806,71.985,0.669
126.920272,522.706,71.982,0.672
126.931882,522.586,71.978,0.672
126.943492,522.590,71.978,0.670
126.955102,522.772,71.984,0.665
126.966712,522.845,71.987,0.660
126.978322,523.574,72.011,0.650
126.989932,524.319,72.035,0.638
127.001542,525.850,72.086,0.630
127.013152,528.871,72.185,0.621
127.024762,534.967,72.383,0.612
127.036372,547.286,72.777,0.612
127.047982,556.398,73.063,0.612
127.059592,570.577,73.499,0.615
127.071202,579.181,73.758,0.621
127.082812,581.584,73.830,0.630
127.094422,582.567,73.859,0.634
127.106032,581.883,73.839,0.636
127.117642,581.192,73.818,0.633
127.129252,579.445,73.766,0.626
127.140862,574.643,73.622,0.619
127.152472,558.877,73.140,0.610
127.164082,545.991,72.736,0.604
127.175692,534.251,72.360,0.599
127.187302,528.879,72.185,0.593
127.198912,526.303,72.101,0.589
127.210522,525.071,72.060,0.595
127.222132,524.457,72.040,0.603
127.233741,523.112,71.995,0.617
127.245351,521.656,71.947,0.624
127.256961,518.644,71.847,0.629
127.268571,512.126,71.628,0.643
127.280181,501.975,71.281,0.655
127.291791,489.450,70.844,0.668
127.303401,479.111,70.474,0.679
127.315011,470.981,70.178,0.683
127.326621,465.617,69.980,0.679
127.338231,463.130,69.887,0.677
127.349841,462.423,69.861,0.674
127.361451,462.351,69.858,0.667
127.373061,463.838,69.913,0.663
127.384671,465.729,69.984,0.654
127.396281,467.169,70.037,0.646
127.407891,468.031,70.069,0.645
127.419501,468.073,70.071,0.649
127.431111,467.726,70.058,0.654
127.442721,467.504,70.050,0.657
127.454331,466.961,70.030,0.657
127.465941,466.510,70.013,0.652
127.477551,466.545,70.014,0.649
127.489161,466.201,70.001,0.644
127.500771,466.574,70.015,0.639
127.512381,467.763,70.059,0.631
127.523991,468.832,70.099,0.627
127.535601,469.407,70.120,0.627
127.547211,469.691,70.130,0.623
127.558821,469.414,70.120,0.625
127.570431,468.484,70.086,0.631
127.582041,467.433,70.047,0.636
127.593651,466.662,70.018,0.647
127.605261,466.369,70.008,0.654
127.616871,465.946,69.992,0.651
127.628481,466.558,70.015,0.644
127.640091,468.421,70.084,0.646
127.651701,470.133,70.147,0.651
127.663311,472.095,70.219,0.649
127.674921,473.700,70.278,0.645
127.686531,474.821,70.319,0.640
127.698141,474.338,70.301,0.639
127.709751,473.483,70.270,0.643
127.721361,471.645,70.202,0.647
127.732971,469.653,70.129,0.644
127.744580,467.589,70.053,0.633
127.756190,465.763,69.985,0.628
127.767800,464.792,69.949,0.629
127.779410,464.754,69.948,0.621
127.791020,465.734,69.984,0.615
127.802630,467.177,70.038,0.613
127.814240,468.905,70.102,0.621
127.825850,470.019,70.143,0.641
127.837460,470.620,70.165,0.661
127.849070,470.464,70.159,0.677
127.860680,470.107,70.146,0.688
127.872290,469.483,70.123,0.693
127.883900,468.525,70.087,0.699
127.895510,467.189,70.038,0.701
127.907120,465.592,69.979,0.697
127.918730,463.755,69.910,0.685
127.930340,462.960,69.881,0.673
127.941950,463.406,69.897,0.665
127.953560,465.220,69.965,0.668
127.965170,468.277,70.078,0.675
127.976780,469.842,70.136,0.671
127.988390,471.339,70.191,0.672
128.000000,471.691,70.204,0.680
128.011610,471.086,70.182,0.688
128.023220,470.363,70.155,0.688
128.034830,468.792,70.097,0.683
128.046440,466.223,70.002,0.670
128.058050,463.339,69.895,0.655
128.069660,461.975,69.844,0.651
128.081270,460.956,69.805,0.646
128.092880,460.241,69.779,0.635
128.104490,460.595,69.792,0.627
128.116100,462.584,69.867,0.636
128.127710,466.008,69.994,0.647
128.139320,468.844,70.099,0.654
128.150930,470.899,70.175,0.659
128.162540,471.802,70.208,0.664
128.174150,471.803,70.208,0.666
128.185760,471.161,70.185,0.669
128.197370,470.359,70.155,0.670
128.208980,469.046,70.107,0.663
128.220590,467.027,70.032,0.659
128.232200,464.649,69.944,0.658
128.243810,462.758,69.873,0.658
128.255420,461.937,69.842,0.663
128.267029,462.065,69.847,0.673
128.278639,462.762,69.873,0.679
128.290249,464.177,69.926,0.677
128.301859,466.287,70.005,0.676
128.313469,468.076,70.071,0.671
128.325079,470.038,70.143,0.669
128.336689,471.252,70.188,0.666
128.348299,472.107,70.219,0.656
128.359909,472.113,70.220,0.637
128.371519,470.883,70.174,0.620
128.383129,469.382,70.119,0.611
128.394739,467.541,70.051,0.607
128.406349,465.624,69.980,0.600
128.417959,463.636,69.906,0.592
128.429569,462.876,69.877,0.596
128.441179,463.602,69.905,0.608
128.452789,465.632,69.980,0.616
128.464399,467.593,70.053,0.616
128.476009,469.261,70.115,0.621
128.487619,470.281,70.152,0.626
128.499229,470.742,70.169,0.630
128.510839,470.795,70.171,0.629
128.522449,470.744,70.169,0.619
128.534059,470.450,70.158,0.599
128.545669,469.338,70.117,0.579
128.557279,467.831,70.062,0.568
128.568889,465.651,69.981,0.555
128.580499,463.418,69.898,0.534
128.592109,462.019,69.845,0.512
128.603719,462.726,69.872,0.499
128.615329,463.800,69.912,0.493
128.626939,465.371,69.971,0.496
128.638549,468.623,70.091,0.505
128.650159,470.019,70.143,0.508
128.661769,471.268,70.189,0.506
128.673379,472.827,70.246,0.503
128.684989,472.795,70.245,0.496
128.696599,471.696,70.204,0.485
128.708209,470.791,70.171,0.479
128.719819,469.595,70.127,0.478
128.731429,468.070,70.071,0.478
128.743039,466.636,70.018,0.476
128.754649,465.200,69.964,0.473
128.766259,464.704,69.946,0.470
128.777868,462.572,69.866,0.465
128.789478,462.174,69.851,0.461
128.801088,461.059,69.809,0.456
128.812698,460.941,69.805,0.441
128.824308,461.285,69.818,0.423
128.835918,461.167,69.813,0.412
128.847528,461.840,69.839,0.402
128.859138,462.267,69.855,0.404
128.870748,462.921,69.879,0.403
128.882358,461.735,69.835,0.404
128.893968,462.526,69.864,0.400
128.905578,462.713,69.871,0.401
128.917188,462.308,69.856,0.396
128.928798,462.635,69.868,0.388
128.940408,462.338,69.857,0.376
128.952018,462.123,69.849,0.351
128.963628,462.937,69.880,0.327
128.975238,464.529,69.939,0.311
128.986848,466.071,69.997,0.280
128.998458,461.489,69.826,0.240
129.010068,464.290,69.930,0.216
129.021678,465.694,69.983,0.195
129.033288,465.334,69.969,0.206
129.044898,465.045,69.958,0.212
129.056508,464.942,69.955,0.211
129.068118,465.062,69.959,0.194
129.079728,465.628,69.980,0.186
129.091338,466.251,70.003,0.175
129.102948,466.869,70.026,0.160
129.114558,467.495,70.049,0.151
129.126168,468.432,70.084,0.109
129.137778,468.923,70.102,0.069
129.149388,468.579,70.089,0.045
129.160998,468.587,70.090,0.032
129.172608,468.537,70.088,0.038
129.184218,467.171,70.037,0.047
129.195828,465.734,69.984,0.047
129.207438,465.012,69.957,0.045
129.219048,465.932,69.991,0.036
129.230658,466.536,70.014,0.045
129.242268,466.589,70.016,0.053
129.253878,466.112,69.998,0.059
129.265488,466.043,69.996,0.055
129.277098,466.253,70.003,0.038
129.288707,467.082,70.034,0.028
129.300317,467.593,70.053,0.006
129.311927,,,0.000
129.323537,,,0.000
129.335147,,,0.000
129.346757,,,0.000
129.358367,,,0.000
129.369977,,,0.000
129.381587,,,0.000
129.393197,469.958,70.140,0.022
129.404807,469.637,70.128,0.034
129.416417,470.138,70.147,0.018
129.428027,471.043,70.180,0.007
129.439637,470.733,70.169,0.016
129.451247,470.677,70.167,0.016
129.462857,470.142,70.147,0.016
129.474467,469.695,70.131,0.011
129.486077,,,0.000
129.497687,,,0.000
129.509297,,,0.000
129.520907,,,0.000
129.532517,,,0.000
129.544127,,,0.000
129.555737,,,0.000
129.567347,,,0.000
129.578957,,,0.000
129.590567,,,0.000
129.602177,,,0.000
129.613787,,,0.000
129.625397,,,0.000
129.637007,,,0.000
129.648617,,,0.000
129.660227,,,0.000
129.671837,,,0.000
129.683447,,,0.000
129.695057,,,0.000
129.706667,,,0.000
129.718277,,,0.000
129.729887,,,0.000
129.741497,,,0.000
129.753107,,,0.000
129.764717,841.299,80.221,0.169
129.776327,798.280,79.313,0.311
129.787937,786.202,79.049,0.454
129.799546,768.539,78.655,0.526
129.811156,766.199,78.603,0.601
129.822766,765.049,78.577,0.628
129.834376,745.948,78.139,0.643
129.845986,743.084,78.072,0.649
129.857596,744.073,78.095,0.652
129.869206,742.587,78.061,0.652
129.880816,736.496,77.918,0.639
129.892426,746.933,78.162,0.623
129.904036,106.035,44.364,0.591
129.915646,107.484,44.599,0.568
129.927256,108.477,44.759,0.553
129.938866,108.706,44.795,0.557
129.950476,109.202,44.874,0.561
129.962086,109.806,44.969,0.558
129.973696,110.042,45.007,0.562
129.985306,110.109,45.017,0.558
129.996916,110.923,45.145,0.530
130.008526,110.681,45.107,0.530
130.020136,113.907,45.604,0.546
130.031746,116.627,46.013,0.581
130.043356,407.156,67.657,0.618
130.054966,407.587,67.675,0.651
130.066576,338.660,64.468,0.678
130.078186,758.985,78.439,0.705
130.089796,871.232,80.827,0.722
130.101406,1002.273,83.252,0.736
130.113016,1002.273,83.252,0.746
130.124626,873.237,80.866,0.743
130.136236,145.070,49.791,0.735
130.147846,145.123,49.797,0.720
130.159456,144.989,49.781,0.703
130.171066,99.856,43.325,0.686
130.182676,134.452,48.475,0.691
130.194286,133.968,48.413,0.692
130.205896,611.739,74.705,0.690
130.217506,617.139,74.857,0.692
130.229116,630.410,75.225,0.708
130.240726,629.362,75.197,0.716
130.252336,633.996,75.324,0.733
130.263946,123.478,47.001,0.756
130.275556,122.274,46.831,0.756
130.287166,121.381,46.705,0.754
130.298776,120.483,46.576,0.755
130.310385,119.802,46.478,0.756
130.321995,622.306,75.001,0.749
130.333605,621.165,74.970,0.746
130.345215,612.160,74.717,0.738
130.356825,112.205,45.344,0.706
130.368435,110.813,45.127,0.686
130.380045,109.543,44.928,0.668
130.391655,133.881,48.401,0.647
130.403265,134.285,48.454,0.626
130.414875,134.139,48.435,0.605
130.426485,96.728,42.774,0.590
130.438095,132.184,48.180,0.555
130.449705,97.494,42.911,0.538
130.461315,254.673,59.534,0.525
130.472925,96.948,42.813,0.516
130.484535,94.043,42.287,0.500
130.496145,93.323,42.154,0.515
130.507755,93.076,42.108,0.549
130.519365,90.922,41.702,0.565
130.530975,758.155,78.420,0.580
130.542585,760.350,78.470,0.582
130.554195,767.207,78.625,0.587
130.565805,788.290,79.095,0.595
130.577415,777.761,78.862,0.595
130.589025,777.182,78.849,0.589
130.600635,796.760,79.280,0.562
130.612245,806.170,79.483,0.542
130.623855,808.558,79.534,0.518
130.635465,801.021,79.372,0.502
130.647075,791.887,79.173,0.479
130.658685,674.242,76.389,0.443
130.670295,755.960,78.370,0.415
130.681905,657.807,75.962,0.371
130.693515,650.292,75.763,0.353
130.705125,667.167,76.207,0.335
130.716735,680.145,76.540,0.328
130.728345,676.144,76.438,0.325
130.739955,677.858,76.482,0.325
130.751565,243.657,58.768,0.328
130.763175,126.801,47.461,0.324
130.774785,243.669,58.769,0.321
130.786395,81.997,39.914,0.317
130.798005,81.761,39.864,0.318
130.809615,82.129,39.942,0.306
130.821224,108.947,44.833,0.315
130.832834,109.302,44.890,0.303
130.844444,109.411,44.907,0.301
130.856054,667.155,76.206,0.289
130.867664,88.012,41.139,0.292
130.879274,668.399,76.238,0.288
130.890884,126.173,47.375,0.284
130.902494,660.629,76.036,0.285
130.914104,650.062,75.757,0.277
130.925714,650.159,75.759,0.275
130.937324,663.270,76.105,0.272
130.948934,129.934,47.883,0.273
130.960544,130.992,48.024,0.264
130.972154,130.902,48.012,0.259
130.983764,132.396,48.208,0.256
130.995374,87.129,40.965,0.260
131.006984,130.898,48.011,0.260
131.018594,129.899,47.879,0.260
131.030204,130.429,47.949,0.252
131.041814,130.318,47.934,0.254
131.053424,652.005,75.809,0.249
131.065034,655.565,75.903,0.245
131.076644,127.944,47.616,0.241
131.088254,129.447,47.818,0.224
131.099864,128.367,47.673,0.210
131.111474,127.873,47.606,0.209
131.123084,127.497,47.556,0.209
131.134694,128.106,47.638,0.197
131.146304,104.415,44.098,0.187
131.157914,129.216,47.787,0.186
131.169524,129.466,47.821,0.181
131.181134,128.428,47.681,0.185
131.192744,133.194,48.312,0.180
131.204354,133.683,48.376,0.172
131.215964,133.388,48.337,0.170
131.227574,132.618,48.237,0.173
131.239184,129.971,47.888,0.171
131.250794,656.585,75.930,0.161
131.262404,131.298,48.064,0.157
131.274014,670.600,76.295,0.148
131.285624,658.777,75.987,0.134
131.297234,655.011,75.888,0.130
131.308844,220.607,57.048,0.126
131.320454,670.132,76.283,0.107
131.332063,667.358,76.211,0.100
131.343673,659.187,75.998,0.104
131.355283,647.230,75.681,0.094
131.366893,208.319,56.056,0.094
131.378503,639.664,75.478,0.090
131.390113,628.614,75.176,0.084
131.401723,645.245,75.628,0.078
131.413333,649.802,75.750,0.072
131.424943,634.876,75.348,0.077
131.436553,642.957,75.567,0.067
131.448163,129.486,47.823,0.063
131.459773,130.534,47.963,0.054
131.471383,131.107,48.039,0.053
131.482993,131.490,48.089,0.050
131.494603,131.043,48.030,0.047
131.506213,106.634,44.462,0.049
131.517823,256.781,59.676,0.040
131.529433,256.169,59.635,0.042
131.541043,263.158,60.101,0.046
131.552653,263.134,60.100,0.041
131.564263,128.123,47.640,0.039
131.575873,153.515,50.771,0.052
131.587483,126.875,47.471,0.046
131.599093,88.937,41.320,0.038
131.610703,88.936,41.320,0.035
131.622313,88.858,41.305,0.030
131.633923,208.265,56.051,0.020
131.645533,205.863,55.850,0.019
131.657143,205.660,55.833,0.004
131.668753,,,0.000
131.680363,,,0.000
131.691973,,,0.000
131.703583,,,0.000
131.715193,,,0.000
131.726803,,,0.000
131.738413,,,0.000
131.750023,,,0.000
131.761633,,,0.000
131.773243,,,0.000
131.784853,,,0.000
131.796463,,,0.000
131.808073,,,0.000
131.819683,,,0.000
131.831293,,,0.000
131.842902,,,0.000
131.854512,,,0.000
131.866122,,,0.000
131.877732,,,0.000
131.889342,,,0.000
131.900952,,,0.000
131.912562,,,0.000
131.924172,,,0.000
131.935782,,,0.000
131.947392,,,0.000
131.959002,,,0.000
131.970612,,,0.000
131.982222,,,0.000
131.993832,,,0.000
132.005442,,,0.000
132.017052,,,0.000
132.028662,,,0.000
132.040272,,,0.000
132.051882,,,0.000
132.063492,,,0.000
132.075102,,,0.000
132.086712,,,0.000
132.098322,,,0.000
132.109932,,,0.000
132.121542,,,0.000
132.133152,,,0.000
132.144762,,,0.000
132.156372,,,0.000
