time_sec,f0_hz,midi,confidence
0.000000,,,0.000
0.011610,,,0.000
0.023220,,,0.000
0.034830,,,0.000
0.046440,,,0.000
0.058050,,,0.000
0.069660,,,0.000
0.081270,,,0.000
0.092880,,,0.000
0.104490,,,0.000
0.116100,,,0.000
0.127710,,,0.000
0.139320,,,0.000
0.150930,,,0.000
0.162540,,,0.000
0.174150,,,0.000
0.185760,,,0.000
0.197370,,,0.000
0.208980,,,0.000
0.220590,,,0.000
0.232200,,,0.000
0.243810,,,0.000
0.255420,,,0.000
0.267029,,,0.000
0.278639,,,0.000
0.290249,,,0.000
0.301859,,,0.000
0.313469,,,0.000
0.325079,,,0.000
0.336689,,,0.000
0.348299,,,0.000
0.359909,,,0.000
0.371519,,,0.000
0.383129,,,0.000
0.394739,,,0.000
0.406349,,,0.000
0.417959,,,0.000
0.429569,,,0.000
0.441179,,,0.000
0.452789,,,0.000
0.464399,,,0.000
0.476009,,,0.000
0.487619,,,0.000
0.499229,,,0.000
0.510839,,,0.000
0.522449,,,0.000
0.534059,,,0.000
0.545669,,,0.000
0.557279,,,0.000
0.568889,,,0.000
0.580499,,,0.000
0.592109,,,0.000
0.603719,,,0.000
0.615329,,,0.000
0.626939,,,0.000
0.638549,,,0.000
0.650159,,,0.000
0.661769,,,0.000
0.673379,,,0.000
0.684989,,,0.000
0.696599,,,0.000
0.708209,,,0.000
0.719819,,,0.000
0.731429,,,0.000
0.743039,,,0.000
0.754649,,,0.000
0.766259,,,0.000
0.777868,,,0.000
0.789478,,,0.000
0.801088,,,0.000
0.812698,,,0.000
0.824308,,,0.000
0.835918,,,0.000
0.847528,,,0.000
0.859138,,,0.000
0.870748,,,0.000
0.882358,,,0.000
0.893968,,,0.000
0.905578,,,0.000
0.917188,,,0.000
0.928798,,,0.000
0.940408,,,0.000
0.952018,,,0.000
0.963628,,,0.000
0.975238,,,0.000
0.986848,,,0.000
0.998458,,,0.000
1.010068,,,0.000
1.021678,,,0.000
1.033288,,,0.000
1.044898,,,0.000
1.056508,,,0.000
1.068118,,,0.000
1.079728,,,0.000
1.091338,,,0.000
1.102948,,,0.000
1.114558,,,0.000
1.126168,,,0.000
1.137778,,,0.000
1.149388,,,0.000
1.160998,,,0.000
1.172608,,,0.000
1.184218,,,0.000
1.195828,,,0.000
1.207438,,,0.000
1.219048,,,0.000
1.230658,,,0.000
1.242268,,,0.000
1.253878,,,0.000
1.265488,,,0.000
1.277098,,,0.000
1.288707,,,0.000
1.300317,,,0.000
1.311927,,,0.000
1.323537,,,0.000
1.335147,,,0.000
1.346757,,,0.000
1.358367,,,0.000
1.369977,,,0.000
1.381587,,,0.000
1.393197,,,0.000
1.404807,,,0.000
1.416417,,,0.000
1.428027,,,0.000
1.439637,,,0.000
1.451247,,,0.000
1.462857,,,0.000
1.474467,,,0.000
1.486077,,,0.000
1.497687,,,0.000
1.509297,,,0.000
1.520907,,,0.000
1.532517,,,0.000
1.544127,,,0.000
1.555737,,,0.000
1.567347,,,0.000
1.578957,,,0.000
1.590567,,,0.000
1.602177,,,0.000
1.613787,,,0.000
1.625397,,,0.000
1.637007,,,0.000
1.648617,,,0.000
1.660227,,,0.000
1.671837,,,0.000
1.683447,,,0.000
1.695057,,,0.000
1.706667,,,0.000
1.718277,,,0.000
1.729887,,,0.000
1.741497,,,0.000
1.753107,,,0.000
1.764717,,,0.000
1.776327,,,0.000
1.787937,,,0.000
1.799546,,,0.000
1.811156,,,0.000
1.822766,,,0.000
1.834376,,,0.000
1.845986,,,0.000
1.857596,,,0.000
1.869206,,,0.000
1.880816,,,0.000
1.892426,,,0.000
1.904036,,,0.000
1.915646,,,0.000
1.927256,,,0.000
1.938866,,,0.000
1.950476,,,0.000
1.962086,,,0.000
1.973696,,,0.000
1.985306,,,0.000
1.996916,,,0.000
2.008526,,,0.000
2.020136,,,0.000
2.031746,,,0.000
2.043356,,,0.000
2.054966,,,0.000
2.066576,,,0.000
2.078186,,,0.000
2.089796,,,0.000
2.101406,,,0.000
2.113016,,,0.000
2.124626,,,0.000
2.136236,,,0.000
2.147846,,,0.000
2.159456,,,0.000
2.171066,,,0.000
2.182676,,,0.000
2.194286,,,0.000
2.205896,,,0.000
2.217506,,,0.000
2.229116,,,0.000
2.240726,,,0.000
2.252336,,,0.000
2.263946,,,0.000
2.275556,,,0.000
2.287166,,,0.000
2.298776,,,0.000
2.310385,,,0.000
2.321995,,,0.000
2.333605,,,0.000
2.345215,,,0.000
2.356825,,,0.000
2.368435,,,0.000
2.380045,,,0.000
2.391655,,,0.000
2.403265,,,0.000
2.414875,,,0.000
2.426485,,,0.000
2.438095,,,0.000
2.449705,,,0.000
2.461315,,,0.000
2.472925,,,0.000
2.484535,,,0.000
2.496145,,,0.000
2.507755,,,0.000
2.519365,,,0.000
2.530975,,,0.000
2.542585,,,0.000
2.554195,,,0.000
2.565805,,,0.000
2.577415,,,0.000
2.589025,,,0.000
2.600635,,,0.000
2.612245,,,0.000
2.623855,,,0.000
2.635465,,,0.000
2.647075,,,0.000
2.658685,,,0.000
2.670295,,,0.000
2.681905,,,0.000
2.693515,,,0.000
2.705125,,,0.000
2.716735,,,0.000
2.728345,,,0.000
2.739955,,,0.000
2.751565,,,0.000
2.763175,,,0.000
2.774785,,,0.000
2.786395,,,0.000
2.798005,,,0.000
2.809615,,,0.000
2.821224,,,0.000
2.832834,,,0.000
2.844444,,,0.000
2.856054,,,0.000
2.867664,,,0.000
2.879274,,,0.000
2.890884,,,0.000
2.902494,,,0.000
2.914104,,,0.000
2.925714,,,0.000
2.937324,,,0.000
2.948934,,,0.000
2.960544,,,0.000
2.972154,,,0.000
2.983764,,,0.000
2.995374,,,0.000
3.006984,,,0.000
3.018594,,,0.000
3.030204,,,0.000
3.041814,,,0.000
3.053424,,,0.000
3.065034,,,0.000
3.076644,,,0.000
3.088254,,,0.000
3.099864,,,0.000
3.111474,,,0.000
3.123084,,,0.000
3.134694,,,0.000
3.146304,,,0.000
3.157914,,,0.000
3.169524,,,0.000
3.181134,,,0.000
3.192744,,,0.000
3.204354,,,0.000
3.215964,,,0.000
3.227574,,,0.000
3.239184,,,0.000
3.250794,,,0.000
3.262404,,,0.000
3.274014,,,0.000
3.285624,,,0.000
3.297234,,,0.000
3.308844,,,0.000
3.320454,,,0.000
3.332063,,,0.000
3.343673,,,0.000
3.355283,,,0.000
3.366893,,,0.000
3.378503,,,0.000
3.390113,,,0.000
3.401723,,,0.000
3.413333,,,0.000
3.424943,,,0.000
3.436553,,,0.000
3.448163,,,0.000
3.459773,,,0.000
3.471383,,,0.000
3.482993,,,0.000
3.494603,,,0.000
3.506213,,,0.000
3.517823,,,0.000
3.529433,,,0.000
3.541043,,,0.000
3.552653,,,0.000
3.564263,,,0.000
3.575873,,,0.000
3.587483,,,0.000
3.599093,,,0.000
3.610703,,,0.000
3.622313,,,0.000
3.633923,,,0.000
3.645533,,,0.000
3.657143,,,0.000
3.668753,,,0.000
3.680363,,,0.000
3.691973,,,0.000
3.703583,,,0.000
3.715193,,,0.000
3.726803,,,0.000
3.738413,,,0.000
3.750023,,,0.000
3.761633,,,0.000
3.773243,,,0.000
3.784853,,,0.000
3.796463,,,0.000
3.808073,,,0.000
3.819683,,,0.000
3.831293,,,0.000
3.842902,,,0.000
3.854512,,,0.000
3.866122,,,0.000
3.877732,,,0.000
3.889342,,,0.000
3.900952,,,0.000
3.912562,,,0.000
3.924172,,,0.000
3.935782,,,0.000
3.947392,,,0.000
3.959002,,,0.000
3.970612,,,0.000
3.982222,,,0.000
3.993832,,,0.000
4.005442,,,0.000
4.017052,,,0.000
4.028662,,,0.000
4.040272,,,0.000
4.051882,,,0.000
4.063492,,,0.000
4.075102,,,0.000
4.086712,,,0.000
4.098322,,,0.000
4.109932,,,0.000
4.121542,,,0.000
4.133152,,,0.000
4.144762,,,0.000
4.156372,,,0.000
4.167982,,,0.000
4.179592,,,0.000
4.191202,,,0.000
4.202812,,,0.000
4.214422,,,0.000
4.226032,,,0.000
4.237642,,,0.000
4.249252,,,0.000
4.260862,,,0.000
4.272472,,,0.000
4.284082,,,0.000
4.295692,,,0.000
4.307302,,,0.000
4.318912,,,0.000
4.330522,,,0.000
4.342132,,,0.000
4.353741,,,0.000
4.365351,,,0.000
4.376961,,,0.000
4.388571,,,0.000
4.400181,,,0.000
4.411791,,,0.000
4.423401,,,0.000
4.435011,,,0.000
4.446621,,,0.000
4.458231,,,0.000
4.469841,,,0.000
4.481451,,,0.000
4.493061,,,0.000
4.504671,,,0.000
4.516281,,,0.000
4.527891,,,0.000
4.539501,,,0.000
4.551111,,,0.000
4.562721,,,0.000
4.574331,,,0.000
4.585941,,,0.000
4.597551,,,0.000
4.609161,,,0.000
4.620771,,,0.000
4.632381,,,0.000
4.643991,,,0.000
4.655601,,,0.000
4.667211,,,0.000
4.678821,,,0.000
4.690431,,,0.000
4.702041,,,0.000
4.713651,,,0.000
4.725261,,,0.000
4.736871,,,0.000
4.748481,,,0.000
4.760091,,,0.000
4.771701,,,0.000
4.783311,,,0.000
4.794921,,,0.000
4.806531,,,0.000
4.818141,,,0.000
4.829751,,,0.000
4.841361,,,0.000
4.852971,,,0.000
4.864580,,,0.000
4.876190,,,0.000
4.887800,,,0.000
4.899410,,,0.000
4.911020,,,0.000
4.922630,,,0.000
4.934240,,,0.000
4.945850,,,0.000
4.957460,,,0.000
4.969070,,,0.000
4.980680,,,0.000
4.992290,,,0.000
5.003900,,,0.000
5.015510,,,0.000
5.027120,,,0.000
5.038730,,,0.000
5.050340,,,0.000
5.061950,,,0.000
5.073560,,,0.000
5.085170,,,0.000
5.096780,,,0.000
5.108390,,,0.000
5.120000,,,0.000
5.131610,,,0.000
5.143220,,,0.000
5.154830,,,0.000
5.166440,,,0.000
5.178050,,,0.000
5.189660,,,0.000
5.201270,,,0.000
5.212880,,,0.000
5.224490,,,0.000
5.236100,,,0.000
5.247710,,,0.000
5.259320,,,0.000
5.270930,,,0.000
5.282540,,,0.000
5.294150,,,0.000
5.305760,,,0.000
5.317370,,,0.000
5.328980,,,0.000
5.340590,,,0.000
5.352200,,,0.000
5.363810,,,0.000
5.375420,,,0.000
5.387029,,,0.000
5.398639,,,0.000
5.410249,,,0.000
5.421859,,,0.000
5.433469,,,0.000
5.445079,,,0.000
5.456689,,,0.000
5.468299,,,0.000
5.479909,,,0.000
5.491519,,,0.000
5.503129,,,0.000
5.514739,,,0.000
5.526349,,,0.000
5.537959,,,0.000
5.549569,,,0.000
5.561179,,,0.000
5.572789,,,0.000
5.584399,,,0.000
5.596009,,,0.000
5.607619,,,0.000
5.619229,,,0.000
5.630839,,,0.000
5.642449,,,0.000
5.654059,,,0.000
5.665669,,,0.000
5.677279,,,0.000
5.688889,,,0.000
5.700499,,,0.000
5.712109,,,0.000
5.723719,,,0.000
5.735329,,,0.000
5.746939,,,0.000
5.758549,,,0.000
5.770159,,,0.000
5.781769,,,0.000
5.793379,,,0.000
5.804989,,,0.000
5.816599,,,0.000
5.828209,,,0.000
5.839819,,,0.000
5.851429,,,0.000
5.863039,,,0.000
5.874649,,,0.000
5.886259,,,0.000
5.897868,,,0.000
5.909478,,,0.000
5.921088,,,0.000
5.932698,,,0.000
5.944308,,,0.000
5.955918,,,0.000
5.967528,,,0.000
5.979138,,,0.000
5.990748,,,0.000
6.002358,,,0.000
6.013968,,,0.000
6.025578,,,0.000
6.037188,,,0.000
6.048798,,,0.000
6.060408,,,0.000
6.072018,,,0.000
6.083628,,,0.000
6.095238,,,0.000
6.106848,,,0.000
6.118458,,,0.000
6.130068,,,0.000
6.141678,,,0.000
6.153288,,,0.000
6.164898,,,0.000
6.176508,,,0.000
6.188118,,,0.000
6.199728,,,0.000
6.211338,,,0.000
6.222948,,,0.000
6.234558,,,0.000
6.246168,,,0.000
6.257778,,,0.000
6.269388,,,0.000
6.280998,,,0.000
6.292608,,,0.000
6.304218,,,0.000
6.315828,,,0.000
6.327438,,,0.000
6.339048,,,0.000
6.350658,,,0.000
6.362268,,,0.000
6.373878,,,0.000
6.385488,,,0.000
6.397098,,,0.000
6.408707,,,0.000
6.420317,,,0.000
6.431927,,,0.000
6.443537,,,0.000
6.455147,,,0.000
6.466757,,,0.000
6.478367,,,0.000
6.489977,,,0.000
6.501587,,,0.000
6.513197,,,0.000
6.524807,,,0.000
6.536417,,,0.000
6.548027,,,0.000
6.559637,,,0.000
6.571247,,,0.000
6.582857,,,0.000
6.594467,,,0.000
6.606077,,,0.000
6.617687,,,0.000
6.629297,,,0.000
6.640907,,,0.000
6.652517,,,0.000
6.664127,,,0.000
6.675737,,,0.000
6.687347,,,0.000
6.698957,,,0.000
6.710567,,,0.000
6.722177,,,0.000
6.733787,,,0.000
6.745397,,,0.000
6.757007,,,0.000
6.768617,,,0.000
6.780227,,,0.000
6.791837,,,0.000
6.803447,,,0.000
6.815057,,,0.000
6.826667,,,0.000
6.838277,,,0.000
6.849887,,,0.000
6.861497,,,0.000
6.873107,,,0.000
6.884717,,,0.000
6.896327,,,0.000
6.907937,,,0.000
6.919546,,,0.000
6.931156,,,0.000
6.942766,,,0.000
6.954376,,,0.000
6.965986,,,0.000
6.977596,,,0.000
6.989206,,,0.000
7.000816,,,0.000
7.012426,,,0.000
7.024036,,,0.000
7.035646,,,0.000
7.047256,,,0.000
7.058866,,,0.000
7.070476,,,0.000
7.082086,,,0.000
7.093696,,,0.000
7.105306,,,0.000
7.116916,,,0.000
7.128526,,,0.000
7.140136,,,0.000
7.151746,,,0.000
7.163356,,,0.000
7.174966,,,0.000
7.186576,,,0.000
7.198186,,,0.000
7.209796,,,0.000
7.221406,,,0.000
7.233016,,,0.000
7.244626,,,0.000
7.256236,,,0.000
7.267846,,,0.000
7.279456,,,0.000
7.291066,,,0.000
7.302676,,,0.000
7.314286,,,0.000
7.325896,316.518,63.297,0.268
7.337506,215.757,56.663,0.484
7.349116,205.610,55.829,0.574
7.360726,196.615,55.054,0.629
7.372336,196.387,55.034,0.664
7.383946,194.101,54.832,0.697
7.395556,193.274,54.758,0.722
7.407166,192.447,54.684,0.746
7.418776,192.717,54.708,0.758
7.430385,192.638,54.701,0.767
7.441995,203.781,55.674,0.773
7.453605,203.850,55.680,0.781
7.465215,279.814,61.164,0.808
7.476825,279.361,61.136,0.823
7.488435,314.618,63.193,0.840
7.500045,318.439,63.402,0.863
7.511655,320.805,63.530,0.889
7.523265,321.593,63.573,0.906
7.534875,323.162,63.657,0.921
7.546485,324.348,63.720,0.933
7.558095,326.273,63.823,0.939
7.569705,328.079,63.919,0.946
7.581315,329.330,63.984,0.950
7.592925,661.975,76.071,0.950
7.604535,660.264,76.026,0.944
7.616145,327.292,63.877,0.939
7.627755,324.651,63.737,0.932
7.639365,321.337,63.559,0.922
7.650975,317.908,63.373,0.913
7.662585,314.478,63.185,0.901
7.674195,310.265,62.952,0.891
7.685805,301.650,62.464,0.881
7.697415,293.579,61.995,0.878
7.709025,288.203,61.675,0.876
7.720635,286.011,61.543,0.878
7.732245,284.002,61.421,0.882
7.743855,282.210,61.311,0.881
7.755465,279.228,61.127,0.888
7.767075,821.194,79.803,0.894
7.778685,811.570,79.599,0.895
7.790295,808.011,79.522,0.892
7.801905,807.387,79.509,0.887
7.813515,807.581,79.513,0.884
7.825125,807.785,79.518,0.879
7.836735,808.067,79.524,0.872
7.848345,805.812,79.475,0.858
7.859955,92.632,42.025,0.841
7.871565,169.285,52.463,0.820
7.883175,169.136,52.448,0.806
7.894785,169.212,52.456,0.789
7.906395,133.954,48.411,0.761
7.918005,93.797,42.241,0.735
7.929615,93.601,42.205,0.713
7.941224,623.476,75.034,0.687
7.952834,317.655,63.359,0.659
7.964444,316.205,63.280,0.638
7.976054,314.929,63.210,0.614
7.987664,312.695,63.087,0.586
7.999274,203.800,55.676,0.563
8.010884,203.174,55.623,0.534
8.022494,785.923,79.043,0.503
8.034104,282.212,61.311,0.485
8.045714,280.971,61.235,0.470
8.057324,279.448,61.141,0.459
8.068934,812.056,79.609,0.447
8.080544,813.090,79.631,0.439
8.092154,818.525,79.746,0.419
8.103764,813.943,79.649,0.409
8.115374,810.884,79.584,0.395
8.126984,809.677,79.558,0.377
8.138594,805.093,79.460,0.356
8.150204,810.179,79.569,0.322
8.161814,813.567,79.641,0.299
8.173424,813.829,79.647,0.282
8.185034,817.197,79.718,0.271
8.196644,817.513,79.725,0.257
8.208254,834.436,80.080,0.234
8.219864,804.685,79.451,0.235
8.231474,210.531,56.238,0.238
8.243084,210.048,56.199,0.227
8.254694,209.853,56.182,0.220
8.266304,209.865,56.183,0.213
8.277914,209.808,56.179,0.207
8.289524,209.955,56.191,0.206
8.301134,209.750,56.174,0.203
8.312744,209.320,56.138,0.189
8.324354,284.282,61.438,0.170
8.335964,282.209,61.311,0.182
8.347574,821.622,79.812,0.209
8.359184,821.097,79.801,0.231
8.370794,822.700,79.834,0.237
8.382404,820.336,79.785,0.237
8.394014,819.538,79.768,0.232
8.405624,817.411,79.723,0.223
8.417234,815.076,79.673,0.206
8.428844,810.542,79.577,0.180
8.440454,805.275,79.464,0.134
8.452063,789.621,79.124,0.062
8.463673,773.079,78.757,0.008
8.475283,,,0.000
8.486893,,,0.000
8.498503,,,0.000
8.510113,,,0.000
8.521723,,,0.000
8.533333,,,0.000
8.544943,,,0.000
8.556553,,,0.000
8.568163,,,0.000
8.579773,,,0.000
8.591383,,,0.000
8.602993,,,0.000
8.614603,,,0.000
8.626213,,,0.000
8.637823,,,0.000
8.649433,,,0.000
8.661043,,,0.000
8.672653,,,0.000
8.684263,,,0.000
8.695873,,,0.000
8.707483,,,0.000
8.719093,,,0.000
8.730703,,,0.000
8.742313,,,0.000
8.753923,,,0.000
8.765533,,,0.000
8.777143,,,0.000
8.788753,,,0.000
8.800363,,,0.000
8.811973,,,0.000
8.823583,,,0.000
8.835193,,,0.000
8.846803,,,0.000
8.858413,,,0.000
8.870023,,,0.000
8.881633,,,0.000
8.893243,,,0.000
8.904853,,,0.000
8.916463,328.973,63.966,0.104
8.928073,151.600,50.553,0.277
8.939683,316.104,63.275,0.430
8.951293,947.405,82.278,0.492
8.962902,939.078,82.125,0.544
8.974512,933.310,82.018,0.582
8.986122,943.939,82.214,0.627
8.997732,938.591,82.116,0.663
9.009342,931.066,81.977,0.699
9.020952,928.390,81.927,0.717
9.032562,926.702,81.895,0.743
9.044172,932.242,81.998,0.759
9.055782,933.966,82.030,0.764
9.067392,930.540,81.967,0.775
9.079002,930.840,81.972,0.776
9.090612,928.885,81.936,0.776
9.102222,930.001,81.957,0.770
9.113832,925.559,81.874,0.766
9.125442,928.355,81.926,0.748
9.137052,920.038,81.770,0.735
9.148662,913.963,81.656,0.720
9.160272,172.740,52.813,0.693
9.171882,172.743,52.813,0.665
9.183492,199.256,55.285,0.632
9.195102,198.159,55.190,0.589
9.206712,197.168,55.103,0.592
9.218322,150.113,50.383,0.605
9.229932,202.716,55.583,0.613
9.241542,1002.273,83.252,0.651
9.253152,1002.273,83.252,0.678
9.264762,1002.273,83.252,0.750
9.276372,167.938,52.325,0.795
9.287982,220.555,57.044,0.824
9.299592,241.782,58.634,0.840
9.311202,242.198,58.664,0.847
9.322812,282.310,61.317,0.864
9.334422,283.808,61.409,0.875
9.346032,285.224,61.495,0.886
9.357642,285.628,61.520,0.887
9.369252,284.738,61.466,0.886
9.380862,284.979,61.480,0.886
9.392472,285.641,61.520,0.888
9.404082,286.626,61.580,0.894
9.415692,287.416,61.628,0.888
9.427302,288.448,61.690,0.887
9.438912,289.789,61.770,0.882
9.450522,291.351,61.863,0.873
9.462132,293.280,61.977,0.863
9.473741,294.915,62.074,0.855
9.485351,295.568,62.112,0.846
9.496961,295.262,62.094,0.837
9.508571,294.534,62.051,0.826
9.520181,293.382,61.983,0.810
9.531791,293.200,61.973,0.814
9.543401,291.298,61.860,0.812
9.555011,290.733,61.826,0.812
9.566621,244.880,58.855,0.813
9.578231,245.199,58.877,0.811
9.589841,228.999,57.694,0.806
9.601451,228.941,57.690,0.806
9.613061,229.077,57.700,0.818
9.624671,332.275,64.138,0.827
9.636281,332.861,64.169,0.838
9.647891,331.449,64.095,0.859
9.659501,329.600,63.999,0.871
9.671111,328.122,63.921,0.873
9.682721,327.199,63.872,0.879
9.694331,327.124,63.868,0.886
9.705941,219.787,56.983,0.885
9.717551,218.520,56.883,0.876
9.729161,217.733,56.821,0.869
9.740771,295.277,62.095,0.857
9.752381,293.730,62.004,0.858
9.763991,292.571,61.935,0.875
9.775601,291.734,61.886,0.891
9.787211,290.743,61.827,0.901
9.798821,290.039,61.785,0.905
9.810431,857.909,80.560,0.906
9.822041,857.827,80.558,0.900
9.833651,855.247,80.506,0.891
9.845261,852.075,80.442,0.874
9.856871,839.068,80.175,0.850
9.868481,817.534,79.725,0.812
9.880091,762.055,78.509,0.804
9.891701,745.565,78.130,0.804
9.903311,563.853,73.294,0.810
9.914921,558.205,73.119,0.821
9.926531,106.917,44.508,0.855
9.938141,450.246,69.399,0.875
9.949751,447.548,69.294,0.890
9.961361,109.426,44.909,0.905
9.972971,109.834,44.974,0.909
9.984580,220.052,57.004,0.910
9.996190,219.756,56.981,0.913
10.007800,219.584,56.967,0.913
10.019410,219.673,56.974,0.895
10.031020,219.880,56.991,0.881
10.042630,220.029,57.002,0.865
10.054240,219.879,56.991,0.845
10.065850,219.147,56.933,0.819
10.077460,217.163,56.775,0.802
10.089070,205.733,55.839,0.791
10.100680,180.979,53.620,0.800
10.112290,181.079,53.629,0.815
10.123900,181.213,53.642,0.832
10.135510,182.281,53.744,0.844
10.147120,182.770,53.790,0.854
10.158730,183.257,53.836,0.865
10.170340,184.932,53.994,0.874
10.181950,185.994,54.093,0.878
10.193560,186.557,54.145,0.881
10.205170,187.386,54.222,0.881
10.216780,189.598,54.425,0.884
10.228390,95.511,42.555,0.883
10.240000,96.229,42.684,0.886
10.251610,218.110,56.851,0.888
10.263220,218.144,56.853,0.887
10.274830,218.075,56.848,0.883
10.286440,217.907,56.835,0.877
10.298050,217.138,56.773,0.879
10.309660,216.234,56.701,0.872
10.321270,216.437,56.717,0.873
10.332880,216.636,56.733,0.866
10.344490,216.987,56.761,0.858
10.356100,218.304,56.866,0.856
10.367710,220.661,57.052,0.852
10.379320,223.986,57.311,0.845
10.390930,226.714,57.520,0.824
10.402540,228.387,57.648,0.806
10.414150,228.997,57.694,0.783
10.425760,228.703,57.672,0.766
10.437370,229.987,57.769,0.765
10.448980,230.690,57.821,0.751
10.460590,159.783,51.463,0.740
10.472200,180.747,53.598,0.741
10.483810,186.843,54.172,0.763
10.495420,171.907,52.729,0.780
10.507029,153.185,50.733,0.790
10.518639,153.214,50.737,0.799
10.530249,231.965,57.917,0.812
10.541859,266.413,60.314,0.825
10.553469,282.709,61.342,0.840
10.565079,283.499,61.390,0.852
10.576689,283.285,61.377,0.859
10.588299,282.362,61.321,0.871
10.599909,281.503,61.268,0.885
10.611519,279.876,61.167,0.896
10.623129,279.872,61.167,0.900
10.634739,280.552,61.209,0.904
10.646349,281.806,61.286,0.907
10.657959,282.689,61.341,0.912
10.669569,286.783,61.589,0.915
10.681179,292.131,61.909,0.918
10.692789,294.133,62.028,0.919
10.704399,294.935,62.075,0.919
10.716009,295.114,62.085,0.916
10.727619,295.001,62.079,0.910
10.739229,295.040,62.081,0.905
10.750839,295.350,62.099,0.897
10.762449,295.255,62.093,0.885
10.774059,294.856,62.070,0.860
10.785669,294.352,62.040,0.835
10.797279,294.564,62.053,0.805
10.808889,296.434,62.163,0.782
10.820499,296.920,62.191,0.785
10.832109,296.881,62.189,0.787
10.843719,329.995,64.019,0.791
10.855329,460.182,69.776,0.815
10.866939,458.796,69.724,0.839
10.878549,458.226,69.703,0.856
10.890159,457.945,69.692,0.870
10.901769,457.586,69.678,0.875
10.913379,458.560,69.715,0.866
10.924989,458.972,69.731,0.853
10.936599,457.420,69.672,0.836
10.948209,224.347,57.339,0.807
10.959819,223.202,57.250,0.771
10.971429,84.000,40.331,0.727
10.983039,96.587,42.749,0.674
10.994649,83.509,40.230,0.612
11.006259,83.464,40.221,0.548
11.017868,97.128,42.846,0.488
11.029478,293.487,61.989,0.437
11.041088,293.321,61.980,0.391
11.052698,293.777,62.007,0.382
11.064308,294.132,62.028,0.372
11.075918,293.886,62.013,0.352
11.087528,294.127,62.027,0.331
11.099138,147.018,50.022,0.304
11.110748,299.160,62.321,0.286
11.122358,301.197,62.438,0.267
11.133968,302.015,62.485,0.249
11.145578,305.197,62.667,0.222
11.157188,565.614,73.348,0.214
11.168798,567.807,73.415,0.215
11.180408,572.468,73.556,0.226
11.192018,569.752,73.474,0.230
11.203628,571.002,73.512,0.233
11.215238,570.549,73.498,0.228
11.226848,571.370,73.523,0.222
11.238458,572.104,73.545,0.224
11.250068,575.338,73.643,0.207
11.261678,574.727,73.624,0.195
11.273288,568.507,73.436,0.170
11.284898,148.627,50.210,0.150
11.296508,149.329,50.292,0.123
11.308118,149.162,50.273,0.105
11.319728,149.629,50.327,0.090
11.331338,149.791,50.345,0.059
11.342948,299.176,62.322,0.040
11.354558,299.484,62.340,0.037
11.366168,298.444,62.279,0.042
11.377778,297.634,62.232,0.039
11.389388,297.424,62.220,0.035
11.400998,297.582,62.229,0.030
11.412608,297.611,62.231,0.020
11.424218,561.765,73.230,0.030
11.435828,198.206,55.194,0.138
11.447438,196.921,55.081,0.235
11.459048,282.244,61.313,0.306
11.470658,843.229,80.261,0.357
11.482268,843.067,80.258,0.412
11.493878,838.401,80.162,0.438
11.505488,822.107,79.822,0.485
11.517098,1002.273,83.252,0.525
11.528707,827.242,79.930,0.553
11.540317,841.624,80.228,0.584
11.551927,124.383,47.127,0.602
11.563537,840.681,80.209,0.624
11.575147,836.524,80.123,0.647
11.586757,828.624,79.959,0.679
11.598367,832.722,80.044,0.708
11.609977,846.105,80.320,0.738
11.621587,181.074,53.629,0.765
11.633197,181.328,53.653,0.774
11.644807,181.691,53.688,0.770
11.656417,181.743,53.693,0.762
11.668027,182.793,53.793,0.751
11.679637,182.467,53.762,0.732
11.691247,179.913,53.518,0.702
11.702857,196.309,55.027,0.648
11.714467,681.571,76.576,0.707
11.726077,658.902,75.991,0.764
11.737687,658.595,75.983,0.854
11.749297,657.821,75.962,0.869
11.760907,661.275,76.053,0.899
11.772517,660.681,76.037,0.921
11.784127,659.622,76.010,0.930
11.795737,658.110,75.970,0.939
11.807347,650.830,75.777,0.936
11.818957,648.304,75.710,0.930
11.830567,634.520,75.338,0.905
11.842177,626.024,75.105,0.916
11.853787,618.478,74.895,0.910
11.865397,607.681,74.590,0.895
11.877007,604.160,74.489,0.889
11.888617,129.769,47.861,0.887
11.900227,590.615,74.097,0.888
11.911837,290.227,61.796,0.887
11.923447,292.220,61.915,0.887
11.935057,293.012,61.961,0.876
11.946667,293.811,62.009,0.870
11.958277,294.068,62.024,0.877
11.969887,294.027,62.021,0.886
11.981497,294.359,62.041,0.882
11.993107,294.660,62.059,0.870
12.004717,294.396,62.043,0.866
12.016327,293.533,61.992,0.865
12.027937,279.786,61.162,0.868
12.039546,253.122,59.428,0.870
12.051156,255.345,59.579,0.873
12.062766,289.614,61.760,0.879
12.074376,292.150,61.910,0.892
12.085986,292.466,61.929,0.898
12.097596,292.720,61.944,0.900
12.109206,293.005,61.961,0.896
12.120816,293.307,61.979,0.892
12.132426,293.319,61.980,0.887
12.144036,293.141,61.969,0.882
12.155646,292.851,61.952,0.879
12.167256,292.407,61.926,0.868
12.178866,292.348,61.922,0.861
12.190476,292.699,61.943,0.861
12.202086,293.023,61.962,0.871
12.213696,293.337,61.981,0.880
12.225306,293.511,61.991,0.883
12.236916,293.755,62.005,0.879
12.248526,294.037,62.022,0.872
12.260136,294.054,62.023,0.873
12.271746,293.996,62.020,0.881
12.283356,293.682,62.001,0.886
12.294966,293.349,61.981,0.881
12.306576,292.853,61.952,0.865
12.318186,292.407,61.926,0.854
12.329796,290.622,61.820,0.860
12.341406,288.400,61.687,0.874
12.353016,281.177,61.248,0.884
12.364626,279.221,61.127,0.882
12.376236,277.403,61.014,0.874
12.387846,275.358,60.886,0.859
12.399456,275.742,60.910,0.853
12.411066,276.473,60.956,0.846
12.422676,275.882,60.919,0.825
12.434286,270.647,60.587,0.786
12.445896,257.574,59.730,0.739
12.457506,161.814,51.682,0.691
12.469116,168.412,52.374,0.636
12.480726,149.121,50.268,0.680
12.492336,146.022,49.904,0.712
12.503946,194.175,54.838,0.771
12.515556,192.905,54.725,0.807
12.527166,189.163,54.385,0.827
12.538776,188.298,54.306,0.848
12.550385,185.815,54.076,0.861
12.561995,185.750,54.070,0.875
12.573605,185.414,54.039,0.880
12.585215,185.377,54.036,0.885
12.596825,185.591,54.056,0.876
12.608435,186.225,54.114,0.871
12.620045,186.607,54.150,0.870
12.631655,186.691,54.158,0.865
12.643265,186.581,54.148,0.861
12.654875,186.540,54.144,0.855
12.666485,186.666,54.155,0.842
12.678095,186.071,54.100,0.829
12.689705,185.519,54.049,0.817
12.701315,183.654,53.874,0.802
12.712925,183.068,53.819,0.785
12.724535,182.531,53.768,0.768
12.736145,183.176,53.829,0.757
12.747755,183.724,53.880,0.743
12.759365,184.433,53.947,0.738
12.770975,185.103,54.010,0.724
12.782585,185.970,54.091,0.707
12.794195,186.803,54.168,0.681
12.805805,187.125,54.198,0.651
12.817415,187.906,54.270,0.612
12.829025,188.332,54.309,0.557
12.840635,186.376,54.129,0.481
12.852245,443.023,69.119,0.337
12.863855,286.350,61.563,0.412
12.875465,458.570,69.716,0.544
12.887075,1002.273,83.252,0.630
12.898685,1002.273,83.252,0.680
12.910295,786.798,79.062,0.719
12.921905,213.926,56.515,0.741
12.933515,242.185,58.663,0.761
12.945125,666.674,76.194,0.785
12.956735,963.780,82.574,0.807
12.968345,964.892,82.594,0.825
12.979955,237.437,58.320,0.834
12.991565,271.191,60.622,0.850
13.003175,272.112,60.680,0.861
13.014785,280.725,61.220,0.878
13.026395,282.652,61.338,0.889
13.038005,280.855,61.228,0.898
13.049615,279.591,61.150,0.904
13.061224,277.778,61.037,0.909
13.072834,277.984,61.050,0.912
13.084444,279.674,61.155,0.912
13.096054,281.005,61.237,0.916
13.107664,281.872,61.290,0.917
13.119274,285.235,61.496,0.920
13.130884,289.926,61.778,0.921
13.142494,293.479,61.989,0.923
13.154104,295.084,62.083,0.922
13.165714,295.706,62.120,0.924
13.177324,296.141,62.145,0.926
13.188934,295.831,62.127,0.922
13.200544,294.472,62.048,0.917
13.212154,293.576,61.995,0.909
13.223764,293.367,61.982,0.905
13.235374,291.485,61.871,0.898
13.246984,289.686,61.764,0.894
13.258594,287.678,61.643,0.889
13.270204,286.451,61.569,0.873
13.281814,960.286,82.512,0.855
13.293424,973.724,82.752,0.835
13.305034,979.387,82.853,0.814
13.316644,1002.273,83.252,0.785
13.328254,1002.273,83.252,0.747
13.339864,124.361,47.124,0.706
13.351474,442.716,69.107,0.679
13.363084,451.708,69.455,0.690
13.374694,448.715,69.340,0.721
13.386304,442.361,69.093,0.750
13.397914,443.037,69.119,0.761
13.409524,445.781,69.226,0.769
13.421134,445.619,69.220,0.768
13.432744,414.535,67.968,0.759
13.444354,289.363,61.745,0.749
13.455964,290.041,61.785,0.740
13.467574,289.844,61.773,0.736
13.479184,298.648,62.291,0.727
13.490794,300.977,62.426,0.733
13.502404,301.116,62.434,0.740
13.514014,301.428,62.452,0.757
13.525624,99.280,43.225,0.773
13.537234,123.103,46.948,0.772
13.548844,286.918,61.598,0.777
13.560454,298.122,62.261,0.801
13.572063,300.047,62.372,0.816
13.583673,296.829,62.186,0.831
13.595283,295.608,62.114,0.843
13.606893,291.251,61.857,0.851
13.618503,290.542,61.815,0.857
13.630113,265.323,60.243,0.868
13.641723,262.988,60.090,0.875
13.653333,243.615,58.765,0.869
13.664943,243.599,58.764,0.860
13.676553,240.953,58.575,0.846
13.688163,239.687,58.484,0.836
13.699773,239.558,58.474,0.828
13.711383,238.500,58.398,0.817
13.722993,233.232,58.011,0.802
13.734603,232.540,57.960,0.777
13.746213,224.916,57.383,0.757
13.757823,224.893,57.381,0.749
13.769433,82.897,40.103,0.746
13.781043,82.904,40.104,0.732
13.792653,82.893,40.102,0.712
13.804263,268.742,60.465,0.696
13.815873,158.704,51.346,0.683
13.827483,250.913,59.276,0.681
13.839093,111.291,45.202,0.678
13.850703,183.678,53.876,0.672
13.862313,183.748,53.883,0.679
13.873923,208.137,56.040,0.732
13.885533,225.465,57.425,0.780
13.897143,225.307,57.413,0.810
13.908753,225.632,57.438,0.832
13.920363,225.555,57.432,0.847
13.931973,222.917,57.228,0.858
13.943583,220.829,57.065,0.868
13.955193,220.861,57.068,0.873
13.966803,220.830,57.065,0.870
13.978413,218.377,56.872,0.863
13.990023,216.037,56.685,0.857
14.001633,215.448,56.638,0.856
14.013243,215.857,56.671,0.857
14.024853,217.393,56.794,0.864
14.036463,218.780,56.904,0.871
14.048073,222.463,57.193,0.878
14.059683,222.877,57.225,0.885
14.071293,223.025,57.236,0.890
14.082902,223.156,57.247,0.894
14.094512,223.163,57.247,0.892
14.106122,222.310,57.181,0.890
14.117732,221.021,57.080,0.887
14.129342,220.022,57.002,0.881
14.140952,215.003,56.602,0.884
14.152562,213.547,56.485,0.884
14.164172,110.622,45.098,0.885
14.175782,110.663,45.104,0.883
14.187392,110.767,45.120,0.882
14.199002,110.769,45.121,0.872
14.210612,110.756,45.119,0.856
14.222222,871.522,80.832,0.839
14.233832,883.119,81.061,0.808
14.245442,886.985,81.137,0.768
14.257052,116.344,45.971,0.714
14.268662,116.114,45.936,0.676
14.280272,217.232,56.781,0.654
14.291882,332.083,64.128,0.693
14.303492,175.665,53.104,0.729
14.315102,175.549,53.092,0.767
14.326712,175.121,53.050,0.796
14.338322,323.153,63.657,0.817
14.349932,321.650,63.576,0.839
14.361542,281.536,61.270,0.852
14.373152,281.415,61.262,0.852
14.384762,255.506,59.590,0.839
14.396372,255.678,59.602,0.824
14.407982,255.676,59.602,0.801
14.419592,235.079,58.148,0.797
14.431202,205.367,55.808,0.821
14.442812,202.168,55.537,0.837
14.454422,203.247,55.629,0.835
14.466032,204.187,55.709,0.837
14.477642,203.923,55.686,0.847
14.489252,204.313,55.719,0.863
14.500862,204.180,55.708,0.871
14.512472,204.244,55.714,0.882
14.524082,204.341,55.722,0.875
14.535692,569.569,73.468,0.856
14.547302,687.797,76.734,0.846
14.558912,680.504,76.549,0.842
14.570522,680.262,76.543,0.838
14.582132,286.522,61.574,0.829
14.593741,286.665,61.582,0.826
14.605351,286.097,61.548,0.791
14.616961,286.087,61.547,0.766
14.628571,294.848,62.070,0.789
14.640181,294.859,62.070,0.807
14.651791,294.839,62.069,0.824
14.663401,294.488,62.048,0.833
14.675011,294.291,62.037,0.843
14.686621,294.226,62.033,0.861
14.698231,294.510,62.050,0.877
14.709841,294.629,62.057,0.887
14.721451,294.263,62.035,0.886
14.733061,293.604,61.996,0.889
14.744671,292.227,61.915,0.891
14.756281,291.036,61.844,0.896
14.767891,290.343,61.803,0.900
14.779501,291.386,61.865,0.905
14.791111,292.330,61.921,0.907
14.802721,292.467,61.929,0.913
14.814331,292.058,61.905,0.916
14.825941,292.279,61.918,0.911
14.837551,292.922,61.956,0.909
14.849161,293.364,61.982,0.901
14.860771,293.823,62.009,0.898
14.872381,293.563,61.994,0.889
14.883991,293.337,61.981,0.889
14.895601,293.789,62.007,0.884
14.907211,294.946,62.075,0.881
14.918821,295.261,62.094,0.888
14.930431,294.980,62.077,0.893
14.942041,295.050,62.081,0.902
14.953651,98.119,43.021,0.905
14.965261,98.050,43.009,0.909
14.976871,98.455,43.080,0.908
14.988481,99.319,43.232,0.904
15.000091,412.876,67.898,0.902
15.011701,412.542,67.884,0.897
15.023311,410.774,67.810,0.894
15.034921,407.783,67.684,0.892
15.046531,408.184,67.701,0.890
15.058141,410.554,67.801,0.886
15.069751,411.227,67.829,0.882
15.081361,410.749,67.809,0.878
15.092971,411.265,67.831,0.876
15.104580,417.732,68.101,0.876
15.116190,430.101,68.606,0.874
15.127800,436.697,68.870,0.874
15.139410,439.052,68.963,0.870
15.151020,440.641,69.025,0.868
15.162630,441.578,69.062,0.869
15.174240,441.644,69.065,0.871
15.185850,441.423,69.056,0.873
15.197460,441.161,69.046,0.871
15.209070,440.854,69.034,0.869
15.220680,440.541,69.021,0.863
15.232290,440.625,69.025,0.864
15.243900,440.925,69.036,0.865
15.255510,441.262,69.050,0.866
15.267120,441.370,69.054,0.866
15.278730,441.409,69.055,0.867
15.290340,441.435,69.056,0.870
15.301950,441.440,69.057,0.872
15.313560,441.236,69.049,0.881
15.325170,440.275,69.011,0.880
15.336780,438.646,68.947,0.874
15.348390,438.117,68.926,0.858
15.360000,437.531,68.903,0.840
15.371610,436.463,68.860,0.817
15.383220,434.519,68.783,0.797
15.394830,426.395,68.456,0.815
15.406440,407.944,67.690,0.834
15.418050,399.358,67.322,0.856
15.429660,396.844,67.213,0.874
15.441270,394.551,67.113,0.893
15.452880,393.918,67.085,0.898
15.464490,394.056,67.091,0.901
15.476100,394.635,67.116,0.902
15.487710,394.890,67.127,0.884
15.499320,392.628,67.028,0.858
15.510930,391.485,66.977,0.823
15.522540,380.968,66.506,0.785
15.534150,393.398,67.062,0.744
15.545760,393.562,67.069,0.771
15.557370,393.607,67.071,0.804
15.568980,394.641,67.116,0.821
15.580590,396.109,67.181,0.840
15.592200,395.806,67.167,0.858
15.603810,395.237,67.143,0.872
15.615420,394.801,67.123,0.877
15.627029,394.580,67.114,0.885
15.638639,394.185,67.096,0.884
15.650249,393.522,67.067,0.881
15.661859,391.968,66.999,0.885
15.673469,389.957,66.910,0.886
15.685079,387.975,66.822,0.880
15.696689,385.649,66.717,0.879
15.708299,382.145,66.559,0.886
15.719909,379.438,66.436,0.890
15.731519,375.346,66.249,0.894
15.743129,348.532,64.965,0.897
15.754739,339.569,64.514,0.898
15.766349,337.256,64.396,0.899
15.777959,338.843,64.477,0.903
15.789569,339.864,64.529,0.902
15.801179,339.786,64.525,0.901
15.812789,340.539,64.564,0.902
15.824399,346.681,64.873,0.899
15.836009,361.541,65.600,0.895
15.847619,365.896,65.807,0.893
15.859229,367.471,65.882,0.889
15.870839,369.286,65.967,0.886
15.882449,370.100,66.005,0.885
15.894059,370.199,66.010,0.883
15.905669,369.657,65.984,0.876
15.917279,369.096,65.958,0.870
15.928889,368.674,65.938,0.870
15.940499,368.548,65.932,0.861
15.952109,368.279,65.920,0.852
15.963719,367.395,65.878,0.839
15.975329,365.338,65.781,0.844
15.986939,347.364,64.907,0.856
15.998549,335.686,64.315,0.861
16.010159,332.355,64.143,0.870
16.021769,331.601,64.103,0.881
16.033379,331.774,64.112,0.893
16.044989,332.466,64.148,0.901
16.056599,332.947,64.173,0.910
16.068209,332.161,64.133,0.906
16.079819,332.507,64.151,0.890
16.091429,332.929,64.173,0.878
16.103039,332.918,64.172,0.864
16.114649,333.270,64.190,0.834
16.126259,335.014,64.281,0.812
16.137868,333.875,64.222,0.794
16.149478,334.147,64.236,0.794
16.161088,334.994,64.280,0.836
16.172698,334.046,64.230,0.864
16.184308,334.312,64.244,0.867
16.195918,334.417,64.250,0.862
16.207528,334.523,64.255,0.859
16.219138,334.214,64.239,0.849
16.230748,334.344,64.246,0.839
16.242358,333.964,64.226,0.814
16.253968,333.638,64.209,0.720
16.265578,135.187,48.569,0.541
16.277188,334.969,64.278,0.432
16.288798,334.210,64.239,0.537
16.300408,255.194,59.569,0.692
16.312018,285.084,61.487,0.755
16.323628,324.081,63.706,0.812
16.335238,328.112,63.920,0.856
16.346848,329.516,63.994,0.881
16.358458,329.559,63.996,0.894
16.370068,328.788,63.956,0.911
16.381678,327.414,63.883,0.927
16.393288,326.646,63.843,0.933
16.404898,327.141,63.869,0.938
16.416508,327.659,63.896,0.936
16.428118,327.975,63.913,0.931
16.439728,328.752,63.954,0.930
16.451338,329.695,64.004,0.933
16.462948,330.815,64.062,0.932
16.474558,331.577,64.102,0.925
16.486168,331.737,64.110,0.917
16.497778,331.608,64.104,0.901
16.509388,331.080,64.076,0.882
16.520998,329.875,64.013,0.860
16.532608,327.910,63.910,0.836
16.544218,325.420,63.778,0.807
16.555828,322.104,63.600,0.772
16.567438,317.592,63.356,0.720
16.579048,320.654,63.522,0.642
16.590658,240.556,58.546,0.613
16.602268,336.915,64.379,0.678
16.613878,188.105,54.288,0.730
16.625488,188.105,54.288,0.769
16.637098,375.461,66.254,0.801
16.648707,458.075,69.697,0.827
16.660317,457.802,69.687,0.848
16.671927,455.761,69.609,0.869
16.683537,456.166,69.625,0.872
16.695147,456.627,69.642,0.860
16.706757,454.979,69.580,0.841
16.718367,455.609,69.604,0.819
16.729977,454.124,69.547,0.790
16.741587,369.801,65.991,0.759
16.753197,398.540,67.287,0.793
16.764807,301.276,62.443,0.777
16.776417,244.237,58.809,0.799
16.788027,240.505,58.543,0.822
16.799637,240.078,58.512,0.832
16.811247,240.153,58.517,0.838
16.822857,239.961,58.504,0.846
16.834467,111.472,45.230,0.851
16.846077,224.992,57.388,0.814
16.857687,232.129,57.929,0.806
16.869297,239.586,58.476,0.785
16.880907,186.989,54.185,0.763
16.892517,961.450,82.533,0.752
16.904127,186.865,54.174,0.744
16.915737,257.006,59.692,0.761
16.927347,268.544,60.452,0.819
16.938957,277.837,61.041,0.837
16.950567,269.641,60.522,0.843
16.962177,269.524,60.515,0.852
16.973787,269.969,60.543,0.858
16.985397,270.877,60.602,0.867
16.997007,271.203,60.622,0.881
17.008617,271.801,60.661,0.872
17.020227,270.544,60.580,0.833
17.031837,269.552,60.517,0.811
17.043447,270.227,60.560,0.800
17.055057,273.814,60.788,0.794
17.066667,283.479,61.389,0.817
17.078277,288.787,61.710,0.834
17.089887,290.157,61.792,0.839
17.101497,290.506,61.813,0.846
17.113107,290.513,61.813,0.846
17.124717,290.589,61.818,0.842
17.136327,290.673,61.823,0.838
17.147937,292.786,61.948,0.839
17.159546,291.817,61.891,0.819
17.171156,291.645,61.881,0.791
17.182766,266.600,60.326,0.765
17.194376,266.415,60.314,0.760
17.205986,180.631,53.586,0.764
17.217596,266.664,60.330,0.808
17.229206,282.306,61.317,0.833
17.240816,287.374,61.625,0.848
17.252426,289.518,61.754,0.867
17.264036,290.952,61.839,0.877
17.275646,291.403,61.866,0.874
17.287256,291.808,61.890,0.872
17.298866,292.092,61.907,0.872
17.310476,293.729,62.004,0.856
17.322086,294.382,62.042,0.848
17.333696,202.213,55.540,0.830
17.345306,202.168,55.537,0.796
17.356916,209.213,56.130,0.781
17.368526,208.909,56.104,0.822
17.380136,194.124,54.834,0.860
17.391746,196.696,55.062,0.898
17.403356,198.915,55.256,0.922
17.414966,400.494,67.371,0.934
17.426576,402.263,67.448,0.940
17.438186,402.402,67.454,0.947
17.449796,401.845,67.430,0.952
17.461406,203.728,55.670,0.953
17.473016,870.945,80.821,0.946
17.484626,886.899,81.135,0.935
17.496236,908.804,81.558,0.926
17.507846,149.380,50.298,0.925
17.519456,89.718,41.472,0.920
17.531066,221.778,57.139,0.911
17.542676,222.249,57.176,0.897
17.554286,447.773,69.303,0.869
17.565896,448.445,69.329,0.845
17.577506,448.955,69.349,0.808
17.589116,448.810,69.343,0.750
17.600726,446.915,69.270,0.649
17.612336,447.981,69.311,0.517
17.623946,99.624,43.285,0.429
17.635556,99.641,43.288,0.407
17.647166,410.576,67.802,0.538
17.658776,838.355,80.161,0.678
17.670385,841.261,80.221,0.721
17.681995,366.409,65.831,0.765
17.693605,412.907,67.900,0.808
17.705215,415.800,68.021,0.840
17.716825,435.717,68.831,0.859
17.728435,441.313,69.052,0.881
17.740045,442.334,69.092,0.896
17.751655,441.089,69.043,0.899
17.763265,439.963,68.999,0.905
17.774875,438.779,68.952,0.903
17.786485,438.735,68.950,0.895
17.798095,438.243,68.931,0.891
17.809705,433.744,68.752,0.895
17.821315,412.745,67.893,0.894
17.832925,394.898,67.128,0.895
17.844535,390.279,66.924,0.899
17.856145,389.941,66.909,0.910
17.867755,389.765,66.901,0.918
17.879365,390.427,66.931,0.922
17.890975,391.267,66.968,0.921
17.902585,391.982,66.999,0.916
17.914195,392.597,67.027,0.910
17.925805,392.997,67.044,0.901
17.937415,392.582,67.026,0.886
17.949025,391.555,66.981,0.859
17.960635,391.461,66.976,0.839
17.972245,389.075,66.871,0.836
17.983855,392.389,67.017,0.839
17.995465,397.223,67.229,0.839
18.007075,397.322,67.234,0.852
18.018685,395.808,67.168,0.854
18.030295,395.890,67.171,0.848
18.041905,395.763,67.166,0.847
18.053515,395.679,67.162,0.844
18.065125,396.626,67.203,0.827
18.076735,395.751,67.165,0.804
18.088345,391.895,66.996,0.784
18.099955,388.311,66.836,0.743
18.111565,193.456,54.774,0.710
18.123175,94.644,42.397,0.705
18.134785,82.261,39.969,0.691
18.146395,356.010,65.333,0.710
18.158005,356.292,65.347,0.759
18.169615,344.864,64.782,0.809
18.181224,336.973,64.382,0.834
18.192834,334.638,64.261,0.846
18.204444,333.139,64.183,0.865
18.216054,333.480,64.201,0.884
18.227664,335.869,64.325,0.901
18.239274,337.677,64.418,0.906
18.250884,337.939,64.431,0.904
18.262494,344.884,64.783,0.897
18.274104,1002.273,83.252,0.894
18.285714,368.772,65.943,0.897
18.297324,370.916,66.043,0.895
18.308934,371.683,66.079,0.895
18.320544,371.947,66.091,0.893
18.332154,371.448,66.068,0.893
18.343764,370.126,66.006,0.896
18.355374,369.565,65.980,0.896
18.366984,369.045,65.955,0.902
18.378594,368.758,65.942,0.906
18.390204,368.901,65.949,0.897
18.401814,369.079,65.957,0.879
18.413424,369.548,65.979,0.861
18.425034,370.096,66.005,0.843
18.436644,370.428,66.020,0.828
18.448254,369.193,65.962,0.827
18.459864,326.667,63.844,0.817
18.471474,330.830,64.063,0.806
18.483084,331.313,64.088,0.809
18.494694,331.211,64.083,0.819
18.506304,331.360,64.091,0.831
18.517914,331.347,64.090,0.842
18.529524,331.039,64.074,0.845
18.541134,330.531,64.047,0.836
18.552744,330.305,64.036,0.829
18.564354,330.381,64.040,0.826
18.575964,330.425,64.042,0.833
18.587574,330.361,64.038,0.843
18.599184,330.247,64.033,0.862
18.610794,329.392,63.988,0.880
18.622404,328.538,63.943,0.893
18.634014,327.975,63.913,0.891
18.645624,327.688,63.898,0.883
18.657234,327.486,63.887,0.874
18.668844,327.357,63.880,0.861
18.680454,326.913,63.857,0.843
18.692063,325.784,63.797,0.805
18.703673,324.191,63.712,0.745
18.715283,320.610,63.520,0.638
18.726893,288.736,61.707,0.647
18.738503,235.021,58.143,0.700
18.750113,282.969,61.358,0.726
18.761723,342.967,64.687,0.778
18.773333,337.574,64.412,0.825
18.784943,334.839,64.272,0.857
18.796553,330.818,64.062,0.886
18.808163,329.924,64.016,0.901
18.819773,329.223,63.979,0.899
18.831383,329.105,63.973,0.896
18.842993,329.039,63.969,0.898
18.854603,328.948,63.964,0.894
18.866213,328.098,63.919,0.882
18.877823,327.638,63.895,0.869
18.889433,328.499,63.941,0.849
18.901043,328.958,63.965,0.841
18.912653,329.433,63.990,0.843
18.924263,330.553,64.049,0.844
18.935873,331.700,64.108,0.842
18.947483,332.440,64.147,0.837
18.959093,332.829,64.167,0.835
18.970703,332.954,64.174,0.836
18.982313,333.112,64.182,0.836
18.993923,332.865,64.169,0.838
19.005533,332.264,64.138,0.839
19.017143,331.277,64.086,0.836
19.028753,330.455,64.043,0.836
19.040363,329.834,64.011,0.834
19.051973,330.508,64.046,0.835
19.063583,332.685,64.160,0.839
19.075193,332.919,64.172,0.846
19.086803,331.986,64.123,0.852
19.098413,331.084,64.076,0.859
19.110023,330.947,64.069,0.865
19.121633,331.440,64.095,0.869
19.133243,332.144,64.132,0.874
19.144853,332.089,64.129,0.876
19.156463,331.417,64.094,0.878
19.168073,330.241,64.032,0.878
19.179683,374.923,66.229,0.877
19.191293,372.710,66.127,0.877
19.202902,369.958,65.998,0.868
19.214512,368.709,65.940,0.864
19.226122,368.894,65.948,0.863
19.237732,370.039,66.002,0.859
19.249342,371.796,66.084,0.856
19.260952,371.975,66.092,0.855
19.272562,370.395,66.019,0.855
19.284172,369.485,65.976,0.854
19.295782,370.007,66.001,0.864
19.307392,370.154,66.007,0.868
19.319002,370.421,66.020,0.866
19.330612,373.397,66.158,0.878
19.342222,375.018,66.233,0.880
19.353832,376.327,66.294,0.876
19.365442,377.356,66.341,0.877
19.377052,376.989,66.324,0.875
19.388662,376.431,66.299,0.873
19.400272,375.629,66.262,0.873
19.411882,374.529,66.211,0.881
19.423492,371.675,66.078,0.880
19.435102,365.813,65.803,0.884
19.446712,344.478,64.763,0.893
19.458322,337.852,64.427,0.897
19.469932,334.722,64.266,0.903
19.481542,332.222,64.136,0.911
19.493152,330.408,64.041,0.917
19.504762,328.733,63.953,0.917
19.516372,327.533,63.890,0.915
19.527982,327.691,63.898,0.914
19.539592,328.015,63.915,0.912
19.551202,327.953,63.912,0.908
19.562812,327.681,63.897,0.905
19.574422,293.578,61.995,0.900
19.586032,293.703,62.002,0.896
19.597642,293.751,62.005,0.892
19.609252,293.644,61.999,0.891
19.620862,293.582,61.995,0.888
19.632472,293.863,62.012,0.885
19.644082,294.133,62.028,0.887
19.655692,294.292,62.037,0.886
19.667302,294.281,62.036,0.887
19.678912,294.120,62.027,0.886
19.690522,293.878,62.013,0.886
19.702132,293.642,61.999,0.889
19.713741,293.546,61.993,0.888
19.725351,293.421,61.986,0.889
19.736961,293.355,61.982,0.888
19.748571,293.381,61.983,0.886
19.760181,293.232,61.974,0.884
19.771791,293.400,61.984,0.874
19.783401,293.405,61.985,0.865
19.795011,293.188,61.972,0.857
19.806621,292.424,61.927,0.856
19.818231,290.899,61.836,0.853
19.829841,267.533,60.387,0.856
19.841451,265.129,60.230,0.858
19.853061,246.019,58.935,0.857
19.864671,245.764,58.917,0.866
19.876281,245.503,58.899,0.867
19.887891,244.950,58.860,0.859
19.899501,244.340,58.817,0.845
19.911111,243.922,58.787,0.832
19.922721,197.417,55.125,0.812
19.934331,196.601,55.053,0.792
19.945941,196.568,55.050,0.800
19.957551,223.171,57.248,0.805
19.969161,260.425,59.920,0.825
19.980771,272.464,60.703,0.850
19.992381,280.011,61.176,0.871
20.003991,285.782,61.529,0.885
20.015601,290.345,61.803,0.898
20.027211,292.334,61.921,0.908
20.038821,292.842,61.951,0.904
20.050431,293.072,61.965,0.902
20.062041,293.994,62.019,0.894
20.073651,294.750,62.064,0.887
20.085261,294.876,62.071,0.878
20.096871,294.459,62.047,0.872
20.108481,293.801,62.008,0.867
20.120091,293.527,61.992,0.857
20.131701,293.612,61.997,0.850
20.143311,293.963,62.018,0.841
20.154921,294.358,62.041,0.838
20.166531,294.898,62.073,0.834
20.178141,295.726,62.121,0.837
20.189751,297.510,62.225,0.837
20.201361,319.652,63.468,0.841
20.212971,324.975,63.754,0.851
20.224580,327.054,63.864,0.860
20.236190,327.702,63.899,0.867
20.247800,328.058,63.917,0.875
20.259410,328.365,63.934,0.883
20.271020,328.751,63.954,0.889
20.282630,329.252,63.980,0.894
20.294240,329.456,63.991,0.896
20.305850,329.424,63.989,0.898
20.317460,329.522,63.994,0.898
20.329070,329.574,63.997,0.889
20.340680,329.695,64.004,0.879
20.352290,330.043,64.022,0.871
20.363900,330.639,64.053,0.859
20.375510,331.755,64.111,0.849
20.387120,333.615,64.208,0.841
20.398730,167.113,52.240,0.843
20.410340,366.597,65.840,0.853
20.421950,369.579,65.981,0.877
20.433560,370.308,66.015,0.892
20.445170,370.395,66.019,0.901
20.456780,370.061,66.003,0.909
20.468390,369.769,65.989,0.916
20.480000,369.989,66.000,0.917
20.491610,370.203,66.010,0.903
20.503220,369.569,65.980,0.884
20.514830,368.828,65.945,0.859
20.526440,368.159,65.914,0.828
20.538050,367.567,65.886,0.793
20.549660,367.151,65.866,0.747
20.561270,368.022,65.907,0.667
20.572880,308.427,62.849,0.581
20.584490,366.718,65.846,0.637
20.596100,386.244,66.744,0.744
20.607710,385.716,66.720,0.799
20.619320,383.244,66.609,0.840
20.630930,381.581,66.534,0.873
20.642540,379.576,66.443,0.896
20.654150,377.531,66.349,0.914
20.665760,374.424,66.206,0.925
20.677370,370.930,66.044,0.933
20.688980,361.766,65.611,0.929
20.700590,354.372,65.253,0.925
20.712200,348.014,64.940,0.921
20.723810,341.988,64.637,0.914
20.735420,339.018,64.486,0.899
20.747029,336.128,64.338,0.882
20.758639,332.807,64.166,0.869
20.770249,330.991,64.071,0.850
20.781859,336.872,64.376,0.827
20.793469,339.926,64.533,0.802
20.805079,345.492,64.814,0.769
20.816689,343.837,64.731,0.729
20.828299,85.718,40.682,0.722
20.839909,88.881,41.309,0.723
20.851519,85.738,40.686,0.722
20.863129,111.858,45.290,0.718
20.874739,121.185,46.676,0.715
20.886349,121.193,46.678,0.702
20.897959,282.644,61.338,0.702
20.909569,290.710,61.825,0.724
20.921179,290.904,61.836,0.729
20.932789,290.967,61.840,0.731
20.944399,290.865,61.834,0.734
20.956009,292.432,61.927,0.743
20.967619,293.083,61.966,0.757
20.979229,293.494,61.990,0.771
20.990839,293.684,62.001,0.780
21.002449,294.007,62.020,0.773
21.014059,294.296,62.037,0.779
21.025669,294.237,62.034,0.786
21.037279,294.207,62.032,0.790
21.048889,294.214,62.032,0.797
21.060499,294.182,62.030,0.818
21.072109,293.711,62.003,0.829
21.083719,293.361,61.982,0.835
21.095329,293.290,61.978,0.840
21.106939,293.354,61.982,0.846
21.118549,293.489,61.990,0.851
21.130159,293.561,61.994,0.855
21.141769,293.464,61.988,0.860
21.153379,293.412,61.985,0.850
21.164989,293.300,61.978,0.849
21.176599,293.065,61.965,0.847
21.188209,292.722,61.944,0.850
21.199819,292.323,61.921,0.855
21.211429,292.428,61.927,0.859
21.223039,293.006,61.961,0.865
21.234649,293.678,62.001,0.865
21.246259,294.507,62.050,0.868
21.257868,295.218,62.091,0.869
21.269478,295.781,62.124,0.871
21.281088,296.052,62.140,0.875
21.292698,296.075,62.142,0.874
21.304308,295.463,62.106,0.873
21.315918,294.377,62.042,0.870
21.327528,293.286,61.978,0.870
21.339138,291.898,61.896,0.873
21.350748,290.360,61.804,0.879
21.362358,288.557,61.696,0.883
21.373968,286.001,61.542,0.883
21.385578,282.978,61.358,0.890
21.397188,278.311,61.070,0.896
21.408798,276.803,60.976,0.909
21.420408,274.646,60.841,0.915
21.432018,265.824,60.276,0.909
21.443628,259.263,59.843,0.900
21.455238,252.345,59.375,0.888
21.466848,247.708,59.054,0.879
21.478458,243.794,58.778,0.864
21.490068,1002.273,83.252,0.849
21.501678,949.308,82.312,0.813
21.513288,933.629,82.024,0.778
21.524898,929.715,81.951,0.762
21.536508,927.984,81.919,0.744
21.548118,928.017,81.920,0.733
21.559728,925.036,81.864,0.710
21.571338,459.521,69.752,0.677
21.582948,460.135,69.775,0.622
21.594558,463.196,69.889,0.579
21.606168,463.974,69.918,0.540
21.617778,462.967,69.881,0.476
21.629388,470.084,70.145,0.442
21.640998,471.817,70.209,0.393
21.652608,473.989,70.288,0.317
21.664218,305.268,62.671,0.227
21.675828,463.340,69.895,0.114
21.687438,466.664,70.019,0.026
21.699048,,,0.000
21.710658,,,0.000
21.722268,,,0.000
21.733878,,,0.000
21.745488,,,0.000
21.757098,,,0.000
21.768707,,,0.000
21.780317,,,0.000
21.791927,,,0.000
21.803537,,,0.000
21.815147,,,0.000
21.826757,,,0.000
21.838367,,,0.000
21.849977,,,0.000
21.861587,,,0.000
21.873197,,,0.000
21.884807,,,0.000
21.896417,,,0.000
21.908027,,,0.000
21.919637,,,0.000
21.931247,,,0.000
21.942857,,,0.000
21.954467,,,0.000
21.966077,,,0.000
21.977687,,,0.000
21.989297,,,0.000
22.000907,,,0.000
22.012517,,,0.000
22.024127,,,0.000
22.035737,,,0.000
22.047347,,,0.000
22.058957,,,0.000
22.070567,,,0.000
22.082177,,,0.000
22.093787,,,0.000
22.105397,,,0.000
22.117007,,,0.000
22.128617,,,0.000
22.140227,,,0.000
22.151837,,,0.000
22.163447,,,0.000
22.175057,,,0.000
22.186667,,,0.000
22.198277,,,0.000
22.209887,,,0.000
22.221497,,,0.000
22.233107,,,0.000
22.244717,,,0.000
22.256327,,,0.000
22.267937,,,0.000
22.279546,,,0.000
22.291156,,,0.000
22.302766,,,0.000
22.314376,,,0.000
22.325986,,,0.000
22.337596,,,0.000
22.349206,,,0.000
22.360816,727.600,77.708,0.149
22.372426,394.373,67.105,0.233
22.384036,410.246,67.788,0.367
22.395646,637.275,75.413,0.444
22.407256,641.506,75.528,0.480
22.418866,641.566,75.529,0.494
22.430476,642.858,75.564,0.504
22.442086,644.890,75.619,0.522
22.453696,646.742,75.668,0.539
22.465306,133.245,48.319,0.550
22.476916,134.519,48.484,0.551
22.488526,138.617,49.003,0.541
22.500136,142.353,49.464,0.538
22.511746,141.854,49.403,0.541
22.523356,144.375,49.708,0.555
22.534966,144.877,49.768,0.559
22.546576,144.723,49.749,0.565
22.558186,144.839,49.763,0.575
22.569796,144.874,49.768,0.569
22.581406,144.961,49.778,0.558
22.593016,888.604,81.168,0.546
22.604626,887.506,81.147,0.554
22.616236,158.460,51.319,0.549
22.627846,158.507,51.325,0.546
22.639456,158.353,51.308,0.532
22.651066,159.773,51.462,0.498
22.662676,159.804,51.466,0.477
22.674286,159.658,51.450,0.473
22.685896,159.659,51.450,0.467
22.697506,158.723,51.348,0.424
22.709116,173.796,52.919,0.454
22.720726,155.501,50.993,0.418
22.732336,194.306,54.850,0.436
22.743946,196.387,55.034,0.494
22.755556,196.665,55.059,0.531
22.767166,82.610,40.043,0.559
22.778776,82.582,40.037,0.575
22.790385,82.589,40.038,0.587
22.801995,82.624,40.046,0.580
22.813605,82.580,40.036,0.595
22.825215,81.936,39.901,0.596
22.836825,160.076,51.495,0.585
22.848435,159.884,51.474,0.577
22.860045,159.185,51.398,0.567
22.871655,152.996,50.712,0.564
22.883265,151.635,50.557,0.568
22.894875,147.659,50.097,0.568
22.906485,145.939,49.894,0.561
22.918095,145.795,49.877,0.558
22.929705,145.702,49.866,0.556
22.941315,145.623,49.857,0.553
22.952925,145.537,49.847,0.556
22.964535,145.544,49.847,0.559
22.976145,145.785,49.876,0.555
22.987755,146.360,49.944,0.556
22.999365,147.051,50.026,0.565
23.010975,148.403,50.184,0.574
23.022585,156.953,51.154,0.583
23.034195,158.540,51.328,0.592
23.045805,160.119,51.500,0.593
23.057415,160.273,51.516,0.586
23.069025,160.675,51.560,0.575
23.080635,170.648,52.602,0.559
23.092245,171.454,52.684,0.534
23.103855,171.676,52.706,0.498
23.115465,171.954,52.734,0.453
23.127075,174.705,53.009,0.373
23.138685,174.381,52.977,0.245
23.150295,220.446,57.035,0.327
23.161905,142.448,49.475,0.346
23.173515,142.377,49.467,0.355
23.185125,191.827,54.628,0.487
23.196735,191.819,54.627,0.525
23.208345,191.682,54.615,0.534
23.219955,191.305,54.580,0.559
23.231565,174.712,53.010,0.582
23.243175,175.339,53.072,0.595
23.254785,170.942,52.632,0.614
23.266395,83.150,40.156,0.635
23.278005,166.490,52.175,0.629
23.289615,166.598,52.186,0.639
23.301224,166.547,52.181,0.660
23.312834,166.535,52.180,0.672
23.324444,165.475,52.069,0.687
23.336054,165.161,52.036,0.693
23.347664,164.717,51.990,0.697
23.359274,164.068,51.921,0.697
23.370884,163.738,51.887,0.695
23.382494,163.771,51.890,0.692
23.394104,164.132,51.928,0.683
23.405714,163.938,51.908,0.676
23.417324,164.079,51.923,0.659
23.428934,164.652,51.983,0.646
23.440544,165.229,52.044,0.633
23.452154,184.161,53.922,0.617
23.463764,185.063,54.006,0.614
23.475374,184.514,53.955,0.628
23.486984,93.504,42.187,0.649
23.498594,92.144,41.934,0.664
23.510204,195.259,54.935,0.685
23.521814,203.590,55.658,0.698
23.533424,94.199,42.315,0.715
23.545034,94.225,42.320,0.731
23.556644,94.242,42.323,0.736
23.568254,94.276,42.330,0.738
23.579864,81.281,39.762,0.740
23.591474,79.891,39.463,0.740
23.603084,410.009,67.778,0.735
23.614694,455.631,69.604,0.728
23.626304,88.191,41.174,0.718
23.637914,84.527,40.440,0.699
23.649524,410.277,67.789,0.684
23.661134,118.030,46.220,0.659
23.672744,82.670,40.055,0.636
23.684354,149.234,50.281,0.608
23.695964,149.356,50.295,0.578
23.707574,148.948,50.248,0.561
23.719184,147.191,50.042,0.540
23.730794,146.772,49.993,0.550
23.742404,146.899,50.008,0.567
23.754014,147.028,50.023,0.578
23.765624,147.106,50.032,0.563
23.777234,147.031,50.023,0.550
23.788844,147.014,50.021,0.546
23.800454,147.179,50.041,0.536
23.812063,147.138,50.036,0.528
23.823673,148.078,50.146,0.528
23.835283,149.915,50.360,0.530
23.846893,152.602,50.667,0.535
23.858503,149.427,50.303,0.542
23.870113,148.438,50.188,0.558
23.881723,155.337,50.975,0.572
23.893333,155.249,50.965,0.593
23.904943,145.029,49.786,0.619
23.916553,144.764,49.754,0.659
23.928163,143.869,49.647,0.687
23.939773,144.815,49.760,0.709
23.951383,160.682,51.560,0.724
23.962993,145.467,49.838,0.742
23.974603,145.582,49.852,0.755
23.986213,159.959,51.482,0.771
23.997823,848.783,80.375,0.782
24.009433,857.661,80.555,0.791
24.021043,175.054,53.044,0.798
24.032653,873.985,80.881,0.808
24.044263,456.750,69.647,0.815
24.055873,184.088,53.915,0.822
24.067483,174.315,52.970,0.831
24.079093,172.804,52.820,0.834
24.090703,173.621,52.901,0.834
24.102313,307.157,62.778,0.827
24.113923,304.660,62.636,0.814
24.125533,301.341,62.447,0.793
24.137143,300.724,62.411,0.773
24.148753,286.605,61.579,0.742
24.160363,287.823,61.652,0.697
24.171973,247.144,59.014,0.641
24.183583,247.829,59.062,0.555
24.195193,185.021,54.002,0.445
24.206803,337.986,64.434,0.531
24.218413,240.857,58.568,0.706
24.230023,242.814,58.708,0.763
24.241633,250.369,59.239,0.790
24.253243,257.722,59.740,0.813
24.264853,262.582,60.063,0.830
24.276463,263.102,60.097,0.842
24.288073,263.130,60.099,0.855
24.299683,294.434,62.045,0.863
24.311293,294.570,62.053,0.855
24.322902,294.477,62.048,0.853
24.334512,294.521,62.050,0.856
24.346122,294.660,62.059,0.858
24.357732,294.752,62.064,0.859
24.369342,294.729,62.063,0.865
24.380952,294.711,62.062,0.867
24.392562,294.507,62.050,0.870
24.404172,294.396,62.043,0.868
24.415782,294.336,62.040,0.863
24.427392,293.293,61.978,0.853
24.439002,291.586,61.877,0.839
24.450612,290.185,61.794,0.821
24.462222,289.386,61.746,0.797
24.473832,288.388,61.686,0.770
24.485442,285.385,61.505,0.743
24.497052,283.165,61.370,0.712
24.508662,253.323,59.442,0.671
24.520272,253.782,59.473,0.683
24.531882,284.076,61.425,0.764
24.543492,294.619,62.056,0.818
24.555102,294.984,62.078,0.844
24.566712,294.973,62.077,0.864
24.578322,295.083,62.083,0.875
24.589932,294.791,62.066,0.880
24.601542,294.543,62.052,0.884
24.613152,294.521,62.050,0.885
24.624762,294.751,62.064,0.872
24.636372,294.537,62.051,0.853
24.647982,294.889,62.072,0.847
24.659592,295.350,62.099,0.840
24.671202,296.647,62.175,0.838
24.682812,306.069,62.716,0.852
24.694422,320.514,63.515,0.869
24.706032,365.212,65.775,0.875
24.717642,369.003,65.954,0.879
24.729252,377.512,66.348,0.885
24.740862,384.857,66.682,0.889
24.752472,386.991,66.778,0.892
24.764082,389.413,66.886,0.896
24.775692,392.237,67.011,0.894
24.787302,395.641,67.160,0.894
24.798912,398.614,67.290,0.898
24.810522,408.964,67.734,0.906
24.822132,713.098,77.359,0.908
24.833741,428.984,68.561,0.906
24.845351,431.816,68.675,0.906
24.856961,434.164,68.769,0.903
24.868571,436.495,68.862,0.895
24.880181,439.081,68.964,0.885
24.891791,439.969,68.999,0.878
24.903401,440.177,69.007,0.867
24.915011,440.069,69.003,0.865
24.926621,439.984,68.999,0.859
24.938231,439.787,68.992,0.843
24.949841,439.694,68.988,0.824
24.961451,439.524,68.981,0.809
24.973061,439.488,68.980,0.797
24.984671,439.514,68.981,0.803
24.996281,439.850,68.994,0.840
25.007891,441.085,69.043,0.846
25.019501,441.606,69.063,0.852
25.031111,441.282,69.050,0.866
25.042721,440.606,69.024,0.881
25.054331,440.161,69.006,0.894
25.065941,439.893,68.996,0.904
25.077551,439.885,68.995,0.904
25.089161,439.579,68.983,0.883
25.100771,438.525,68.942,0.876
25.112381,437.614,68.906,0.867
25.123991,436.944,68.879,0.869
25.135601,436.604,68.866,0.869
25.147211,435.616,68.827,0.864
25.158821,194.660,54.881,0.866
25.170431,194.784,54.892,0.868
25.182041,391.262,66.968,0.873
25.193651,391.117,66.961,0.878
25.205261,391.363,66.972,0.890
25.216871,391.769,66.990,0.893
25.228481,392.352,67.016,0.895
25.240091,392.737,67.033,0.900
25.251701,392.970,67.043,0.900
25.263311,392.898,67.040,0.900
25.274921,392.724,67.032,0.900
25.286531,392.588,67.026,0.900
25.298141,392.464,67.021,0.897
25.309751,392.287,67.013,0.894
25.321361,392.293,67.013,0.895
25.332971,392.436,67.019,0.894
25.344580,392.733,67.033,0.895
25.356190,393.145,67.051,0.894
25.367800,393.352,67.060,0.894
25.379410,393.233,67.055,0.894
25.391020,392.953,67.042,0.895
25.402630,392.468,67.021,0.896
25.414240,391.880,66.995,0.890
25.425850,391.211,66.965,0.887
25.437460,389.982,66.911,0.884
25.449070,388.768,66.857,0.878
25.460680,387.338,66.793,0.873
25.472290,385.257,66.700,0.871
25.483900,382.443,66.573,0.873
25.495510,379.669,66.447,0.875
25.507120,376.979,66.324,0.883
25.518730,374.681,66.218,0.892
25.530340,373.134,66.146,0.898
25.541950,372.429,66.114,0.905
25.553560,371.847,66.086,0.909
25.565170,371.052,66.049,0.910
25.576780,370.360,66.017,0.906
25.588390,369.670,65.985,0.903
25.600000,369.264,65.966,0.899
25.611610,368.539,65.932,0.897
25.623220,366.778,65.849,0.894
25.634830,720.196,77.531,0.891
25.646440,332.167,64.133,0.889
25.658050,333.052,64.179,0.889
25.669660,332.151,64.132,0.887
25.681270,330.928,64.068,0.880
25.692880,329.904,64.014,0.875
25.704490,329.599,63.999,0.867
25.716100,329.624,64.000,0.860
25.727710,329.778,64.008,0.855
25.739320,330.053,64.022,0.854
25.750930,330.161,64.028,0.855
25.762540,330.469,64.044,0.862
25.774150,330.373,64.039,0.865
25.785760,330.185,64.029,0.855
25.797370,330.028,64.021,0.842
25.808980,329.849,64.012,0.826
25.820590,329.750,64.006,0.806
25.832200,329.575,63.997,0.775
25.843810,329.205,63.978,0.727
25.855420,325.665,63.791,0.671
25.867029,324.290,63.717,0.647
25.878639,324.326,63.719,0.655
25.890249,324.379,63.722,0.654
25.901859,324.903,63.750,0.699
25.913469,341.122,64.593,0.754
25.925079,348.993,64.988,0.783
25.936689,349.165,64.997,0.797
25.948299,349.139,64.996,0.790
25.959909,346.821,64.880,0.779
25.971519,347.382,64.908,0.771
25.983129,347.569,64.918,0.767
25.994739,350.919,65.084,0.739
26.006349,355.553,65.311,0.674
26.017959,335.437,64.302,0.647
26.029569,454.287,69.553,0.695
26.041179,453.696,69.531,0.733
26.052789,376.401,66.297,0.754
26.064399,284.010,61.421,0.783
26.076009,321.664,63.577,0.804
26.087619,323.362,63.668,0.832
26.099229,327.081,63.866,0.867
26.110839,329.942,64.017,0.887
26.122449,331.111,64.078,0.889
26.134059,331.206,64.083,0.892
26.145669,329.776,64.008,0.897
26.157279,329.576,63.997,0.901
26.168889,330.061,64.023,0.907
26.180499,330.597,64.051,0.907
26.192109,330.497,64.046,0.896
26.203719,330.032,64.021,0.886
26.215329,331.075,64.076,0.884
26.226939,332.663,64.159,0.888
26.238549,333.792,64.217,0.893
26.250159,333.925,64.224,0.896
26.261769,333.067,64.180,0.897
26.273379,331.417,64.094,0.899
26.284989,329.752,64.007,0.903
26.296599,328.488,63.940,0.905
26.308209,327.941,63.911,0.908
26.319819,327.494,63.888,0.905
26.331429,327.477,63.887,0.904
26.343039,327.985,63.914,0.900
26.354649,328.801,63.957,0.890
26.366259,329.850,64.012,0.875
26.377868,330.427,64.042,0.865
26.389478,330.236,64.032,0.853
26.401088,328.980,63.966,0.834
26.412698,327.607,63.894,0.818
26.424308,324.978,63.754,0.786
26.435918,135.763,48.643,0.746
26.447528,276.369,60.949,0.724
26.459138,275.741,60.910,0.712
26.470748,273.974,60.798,0.685
26.482358,334.081,64.232,0.671
26.493968,229.473,57.730,0.704
26.505578,482.652,70.602,0.733
26.517188,481.928,70.576,0.765
26.528798,479.351,70.483,0.793
26.540408,470.652,70.166,0.829
26.552018,463.453,69.899,0.849
26.563628,460.080,69.773,0.863
26.575238,459.281,69.742,0.865
26.586848,456.502,69.637,0.852
26.598458,452.602,69.489,0.835
26.610068,446.197,69.242,0.817
26.621678,441.119,69.044,0.795
26.633288,359.766,65.515,0.745
26.644898,346.811,64.880,0.688
26.656508,244.771,58.847,0.709
26.668118,246.034,58.936,0.790
26.679728,247.834,59.062,0.815
26.691338,248.660,59.120,0.829
26.702948,247.131,59.013,0.843
26.714558,246.968,59.002,0.852
26.726168,246.433,58.964,0.861
26.737778,246.720,58.984,0.873
26.749388,248.009,59.075,0.864
26.760998,275.432,60.890,0.827
26.772608,241.761,58.633,0.811
26.784218,127.278,47.526,0.800
26.795828,278.613,61.089,0.789
26.807438,278.737,61.097,0.785
26.819048,278.287,61.069,0.775
26.830658,278.773,61.099,0.764
26.842268,297.431,62.221,0.755
26.853878,298.209,62.266,0.756
26.865488,298.292,62.271,0.748
26.877098,298.143,62.262,0.741
26.888707,297.844,62.245,0.725
26.900317,297.606,62.231,0.706
26.911927,297.816,62.243,0.693
26.923537,298.054,62.257,0.662
26.935147,298.816,62.301,0.637
26.946757,242.097,58.657,0.599
26.958367,248.110,59.082,0.626
26.969977,288.813,61.712,0.746
26.981587,290.331,61.802,0.809
26.993197,291.412,61.867,0.834
27.004807,293.400,61.984,0.859
27.016417,296.009,62.138,0.882
27.028027,295.732,62.121,0.899
27.039637,295.420,62.103,0.913
27.051247,295.426,62.104,0.918
27.062857,296.449,62.163,0.908
27.074467,296.569,62.170,0.899
27.086077,296.219,62.150,0.901
27.097687,295.445,62.105,0.894
27.109297,294.255,62.035,0.880
27.120907,293.734,62.004,0.866
27.132517,293.832,62.010,0.857
27.144127,294.137,62.028,0.861
27.155737,293.729,62.004,0.864
27.167347,293.514,61.991,0.860
27.178957,293.893,62.013,0.853
27.190567,294.030,62.022,0.850
27.202177,294.090,62.025,0.854
27.213787,293.916,62.015,0.857
27.225397,293.710,62.003,0.855
27.237007,293.404,61.985,0.853
27.248617,293.453,61.988,0.846
27.260227,293.399,61.984,0.843
27.271837,293.491,61.990,0.850
27.283447,293.635,61.998,0.857
27.295057,293.779,62.007,0.865
27.306667,293.813,62.009,0.868
27.318277,293.864,62.012,0.875
27.329887,293.873,62.012,0.881
27.341497,293.865,62.012,0.884
27.353107,293.910,62.014,0.890
27.364717,294.011,62.020,0.890
27.376327,294.085,62.025,0.894
27.387937,294.052,62.023,0.893
27.399546,294.000,62.020,0.881
27.411156,293.969,62.018,0.863
27.422766,293.966,62.018,0.844
27.434376,293.950,62.017,0.827
27.445986,294.241,62.034,0.804
27.457596,294.899,62.073,0.777
27.469206,291.408,61.866,0.739
27.480816,297.721,62.237,0.700
27.492426,298.075,62.258,0.709
27.504036,98.448,43.079,0.716
27.515646,98.434,43.077,0.721
27.527256,512.238,71.632,0.721
27.538866,511.890,71.620,0.715
27.550476,511.601,71.610,0.712
27.562086,511.459,71.605,0.705
27.573696,294.386,62.042,0.699
27.585306,283.090,61.365,0.713
27.596916,294.161,62.029,0.764
27.608526,294.607,62.055,0.804
27.620136,294.081,62.025,0.823
27.631746,294.398,62.043,0.834
27.643356,295.230,62.092,0.836
27.654966,295.391,62.101,0.844
27.666576,294.428,62.045,0.856
27.678186,294.369,62.041,0.855
27.689796,294.060,62.023,0.829
27.701406,293.756,62.005,0.793
27.713016,293.880,62.013,0.772
27.724626,292.700,61.943,0.760
27.736236,291.600,61.878,0.779
27.747846,289.397,61.747,0.796
27.759456,317.009,63.324,0.809
27.771066,323.246,63.662,0.832
27.782676,325.284,63.770,0.845
27.794286,326.733,63.847,0.861
27.805896,328.426,63.937,0.874
27.817506,329.090,63.972,0.891
27.829116,329.452,63.991,0.897
27.840726,329.247,63.980,0.893
27.852336,330.181,64.029,0.886
27.863946,329.666,64.002,0.878
27.875556,329.449,63.991,0.880
27.887166,329.174,63.976,0.879
27.898776,328.819,63.958,0.875
27.910385,329.093,63.972,0.864
27.921995,329.631,64.000,0.856
27.933605,330.263,64.033,0.857
27.945215,330.548,64.048,0.859
27.956825,330.660,64.054,0.864
27.968435,330.247,64.032,0.868
27.980045,329.615,63.999,0.867
27.991655,328.512,63.941,0.865
28.003265,327.478,63.887,0.859
28.014875,326.437,63.832,0.848
28.026485,324.209,63.713,0.856
28.038095,321.677,63.577,0.865
28.049705,324.160,63.710,0.873
28.061315,328.615,63.947,0.887
28.072925,330.397,64.040,0.901
28.084535,332.172,64.133,0.905
28.096145,332.091,64.129,0.915
28.107755,331.221,64.083,0.927
28.119365,330.462,64.044,0.930
28.130975,330.030,64.021,0.927
28.142585,330.251,64.033,0.924
28.154195,331.075,64.076,0.911
28.165805,332.629,64.157,0.904
28.177415,334.879,64.274,0.906
28.189025,338.678,64.469,0.904
28.200635,539.296,72.523,0.902
28.212245,547.460,72.783,0.897
28.223855,364.597,65.746,0.894
28.235465,366.579,65.839,0.894
28.247075,367.589,65.887,0.899
28.258685,368.739,65.941,0.898
28.270295,369.260,65.966,0.894
28.281905,369.431,65.974,0.893
28.293515,369.435,65.974,0.892
28.305125,369.560,65.980,0.892
28.316735,369.823,65.992,0.893
28.328345,370.059,66.003,0.884
28.339955,370.515,66.024,0.867
28.351565,370.773,66.036,0.851
28.363175,370.294,66.014,0.836
28.374785,369.788,65.990,0.817
28.386395,369.171,65.961,0.793
28.398005,368.147,65.913,0.767
28.409615,365.706,65.798,0.730
28.421224,123.184,46.960,0.717
28.432834,123.167,46.957,0.717
28.444444,123.185,46.960,0.715
28.456054,123.215,46.964,0.714
28.467664,123.216,46.964,0.712
28.479274,123.245,46.968,0.697
28.490884,283.508,61.391,0.726
28.502494,307.357,62.789,0.775
28.514104,310.710,62.977,0.818
28.525714,308.093,62.830,0.831
28.537324,305.884,62.706,0.849
28.548934,302.450,62.510,0.875
28.560544,295.934,62.133,0.911
28.572154,295.596,62.113,0.922
28.583764,874.621,80.894,0.927
28.595374,882.681,81.053,0.932
28.606984,888.531,81.167,0.936
28.618594,888.593,81.168,0.941
28.630204,887.841,81.154,0.936
28.641814,891.404,81.223,0.928
28.653424,903.243,81.451,0.900
28.665034,902.099,81.429,0.895
28.676644,896.763,81.327,0.889
28.688254,893.275,81.259,0.866
28.699864,896.600,81.324,0.847
28.711474,900.166,81.392,0.836
28.723084,897.088,81.333,0.836
28.734694,893.877,81.271,0.832
28.746304,888.748,81.171,0.837
28.757914,886.449,81.126,0.836
28.769524,878.829,80.977,0.831
28.781134,812.203,79.612,0.829
28.792744,755.744,78.365,0.814
28.804354,747.916,78.184,0.808
28.815964,379.465,66.438,0.808
28.827574,102.890,43.843,0.817
28.839184,103.085,43.876,0.821
28.850794,208.569,56.076,0.823
28.862404,209.298,56.137,0.823
28.874014,210.058,56.199,0.822
28.885624,210.690,56.251,0.818
28.897234,208.829,56.098,0.809
28.908844,212.706,56.416,0.807
28.920454,222.148,57.168,0.794
28.932063,222.220,57.174,0.778
28.943673,202.795,55.590,0.766
28.955283,230.770,57.827,0.799
28.966893,223.624,57.283,0.827
28.978503,223.115,57.243,0.842
28.990113,222.810,57.220,0.844
29.001723,223.105,57.243,0.839
29.013333,223.008,57.235,0.844
29.024943,223.666,57.286,0.857
29.036553,222.977,57.233,0.870
29.048163,221.108,57.087,0.864
29.059773,220.525,57.041,0.857
29.071383,220.562,57.044,0.851
29.082993,220.370,57.029,0.851
29.094603,220.317,57.025,0.853
29.106213,220.413,57.032,0.857
29.117823,109.605,44.938,0.857
29.129433,268.548,60.452,0.866
29.141043,276.310,60.945,0.868
29.152653,280.909,61.231,0.867
29.164263,282.163,61.308,0.870
29.175873,281.916,61.293,0.895
29.187483,282.190,61.310,0.909
29.199093,283.233,61.374,0.916
29.210703,284.795,61.469,0.921
29.222313,286.287,61.559,0.906
29.233923,286.181,61.553,0.892
29.245533,285.899,61.536,0.881
29.257143,287.057,61.606,0.882
29.268753,291.269,61.858,0.876
29.280363,293.973,62.018,0.872
29.291973,295.208,62.091,0.865
29.303583,295.724,62.121,0.859
29.315193,295.337,62.098,0.866
29.326803,295.218,62.091,0.874
29.338413,295.234,62.092,0.882
29.350023,294.959,62.076,0.881
29.361633,294.458,62.047,0.870
29.373243,294.252,62.035,0.863
29.384853,294.081,62.025,0.855
29.396463,294.327,62.039,0.862
29.408073,294.598,62.055,0.874
29.419683,294.442,62.046,0.885
29.431293,294.135,62.028,0.895
29.442902,293.823,62.009,0.899
29.454512,293.583,61.995,0.904
29.466122,293.123,61.968,0.909
29.477732,292.252,61.916,0.909
29.489342,291.529,61.874,0.895
29.500952,290.595,61.818,0.879
29.512562,289.991,61.782,0.861
29.524172,289.289,61.740,0.841
29.535782,287.886,61.656,0.825
29.547392,286.264,61.558,0.803
29.559002,285.570,61.516,0.786
29.570612,294.184,62.031,0.792
29.582222,297.294,62.213,0.809
29.593832,297.404,62.219,0.815
29.605442,297.221,62.208,0.813
29.617052,296.398,62.160,0.817
29.628662,296.319,62.156,0.823
29.640272,296.114,62.144,0.833
29.651882,296.817,62.185,0.832
29.663492,296.304,62.155,0.828
29.675102,294.224,62.033,0.825
29.686712,294.394,62.043,0.831
29.698322,294.746,62.064,0.849
29.709932,295.515,62.109,0.857
29.721542,295.721,62.121,0.874
29.733152,295.087,62.084,0.876
29.744762,294.822,62.068,0.881
29.756372,294.712,62.062,0.889
29.767982,294.517,62.050,0.895
29.779592,294.272,62.036,0.897
29.791202,294.030,62.022,0.895
29.802812,293.572,61.995,0.892
29.814422,293.084,61.966,0.881
29.826032,293.176,61.971,0.876
29.837642,293.265,61.976,0.869
29.849252,293.243,61.975,0.857
29.860862,293.395,61.984,0.847
29.872472,293.173,61.971,0.839
29.884082,292.516,61.932,0.835
29.895692,292.035,61.904,0.833
29.907302,291.700,61.884,0.826
29.918912,290.776,61.829,0.825
29.930522,288.648,61.702,0.820
29.942132,286.712,61.585,0.805
29.953741,284.460,61.449,0.784
29.965351,282.885,61.353,0.760
29.976961,283.436,61.386,0.734
29.988571,342.294,64.653,0.714
30.000181,284.427,61.447,0.718
30.011791,452.023,69.467,0.716
30.023401,449.751,69.379,0.725
30.035011,452.845,69.498,0.752
30.046621,455.375,69.595,0.773
30.058231,457.651,69.681,0.792
30.069841,457.122,69.661,0.806
30.081451,457.674,69.682,0.808
30.093061,457.822,69.687,0.801
30.104671,458.867,69.727,0.786
30.116281,461.317,69.819,0.765
30.127891,460.981,69.806,0.756
30.139501,911.461,81.608,0.798
30.151111,920.137,81.772,0.834
30.162721,919.449,81.759,0.854
30.174331,925.627,81.875,0.859
30.185941,927.852,81.917,0.866
30.197551,926.862,81.898,0.882
30.209161,919.292,81.756,0.895
30.220771,901.315,81.414,0.901
30.232381,198.838,55.249,0.888
30.243991,198.217,55.195,0.868
30.255601,393.262,67.056,0.853
30.267211,393.208,67.053,0.852
30.278821,393.318,67.058,0.852
30.290431,394.044,67.090,0.843
30.302041,395.060,67.135,0.841
30.313651,395.925,67.173,0.833
30.325261,396.437,67.195,0.822
30.336871,397.621,67.247,0.816
30.348481,412.951,67.902,0.812
30.360091,424.357,68.373,0.812
30.371701,149.988,50.368,0.811
30.383311,444.384,69.172,0.812
30.394921,446.001,69.235,0.812
30.406531,446.032,69.236,0.819
30.418141,445.392,69.211,0.832
30.429751,444.361,69.171,0.840
30.441361,443.058,69.120,0.844
30.452971,441.968,69.077,0.847
30.464580,441.286,69.051,0.852
30.476190,440.844,69.033,0.856
30.487800,440.517,69.020,0.853
30.499410,440.371,69.015,0.844
30.511020,440.135,69.005,0.839
30.522630,440.039,69.002,0.838
30.534240,440.003,69.000,0.836
30.545850,440.158,69.006,0.837
30.557460,440.071,69.003,0.837
30.569070,440.519,69.020,0.836
30.580680,441.302,69.051,0.839
30.592290,441.337,69.053,0.841
30.603900,441.012,69.040,0.834
30.615510,440.399,69.016,0.822
30.627120,436.883,68.877,0.822
30.638730,435.987,68.841,0.821
30.650340,444.168,69.163,0.823
30.661950,201.957,55.519,0.818
30.673560,302.752,62.528,0.817
30.685170,298.793,62.300,0.823
30.696780,295.155,62.088,0.831
30.708390,578.852,73.748,0.841
30.720000,280.731,61.220,0.838
30.731610,137.543,48.869,0.838
30.743220,276.612,60.964,0.830
30.754830,276.148,60.935,0.830
30.766440,275.699,60.907,0.827
30.778050,275.534,60.897,0.825
30.789660,275.760,60.911,0.826
30.801270,276.223,60.940,0.824
30.812880,276.668,60.968,0.822
30.824490,277.090,60.994,0.821
30.836100,277.173,60.999,0.825
30.847710,276.960,60.986,0.827
30.859320,276.604,60.964,0.831
30.870930,276.355,60.948,0.834
30.882540,276.203,60.939,0.839
30.894150,276.199,60.938,0.849
30.905760,276.230,60.940,0.852
30.917370,276.240,60.941,0.849
30.928980,276.369,60.949,0.835
30.940590,276.709,60.970,0.821
30.952200,277.131,60.997,0.806
30.963810,277.514,61.021,0.791
30.975420,277.968,61.049,0.766
30.987029,278.048,61.054,0.717
30.998639,275.885,60.919,0.669
31.010249,221.267,57.099,0.620
31.021859,221.733,57.136,0.609
31.033469,228.746,57.675,0.596
31.045079,209.884,56.185,0.568
31.056689,206.656,55.917,0.517
31.068299,280.586,61.211,0.593
31.079909,272.267,60.690,0.687
31.091519,274.546,60.835,0.762
31.103129,277.660,61.030,0.809
31.114739,278.584,61.087,0.836
31.126349,278.722,61.096,0.858
31.137959,278.859,61.104,0.876
31.149569,279.297,61.132,0.891
31.161179,279.405,61.138,0.896
31.172789,280.086,61.180,0.896
31.184399,280.101,61.181,0.886
31.196009,279.581,61.149,0.876
31.207619,279.430,61.140,0.869
31.219229,279.402,61.138,0.864
31.230839,279.320,61.133,0.858
31.242449,278.762,61.098,0.854
31.254059,278.377,61.074,0.847
31.265669,277.993,61.051,0.843
31.277279,277.479,61.019,0.844
31.288889,276.731,60.972,0.846
31.300499,276.130,60.934,0.850
31.312109,275.791,60.913,0.852
31.323719,275.686,60.906,0.853
31.335329,275.886,60.919,0.856
31.346939,276.469,60.955,0.861
31.358549,277.218,61.002,0.860
31.370159,277.898,61.045,0.855
31.381769,278.430,61.078,0.854
31.393379,278.748,61.097,0.852
31.404989,278.615,61.089,0.851
31.416599,278.317,61.071,0.851
31.428209,277.606,61.026,0.850
31.439819,276.780,60.975,0.847
31.451429,276.505,60.958,0.851
31.463039,276.300,60.945,0.855
31.474649,276.387,60.950,0.854
31.486259,276.648,60.967,0.850
31.497868,277.049,60.992,0.847
31.509478,277.675,61.031,0.844
31.521088,279.388,61.137,0.841
31.532698,284.324,61.440,0.839
31.544308,289.845,61.773,0.838
31.555918,291.737,61.886,0.838
31.567528,292.898,61.955,0.840
31.579138,293.378,61.983,0.842
31.590748,293.755,62.005,0.844
31.602358,293.979,62.018,0.846
31.613968,293.946,62.017,0.847
31.625578,294.083,62.025,0.848
31.637188,294.052,62.023,0.849
31.648798,293.768,62.006,0.850
31.660408,293.433,61.986,0.847
31.672018,293.135,61.969,0.845
31.683628,292.866,61.953,0.843
31.695238,292.807,61.949,0.839
31.706848,292.876,61.953,0.838
31.718458,293.045,61.963,0.834
31.730068,293.259,61.976,0.829
31.741678,293.480,61.989,0.827
31.753288,293.773,62.006,0.822
31.764898,293.899,62.014,0.828
31.776508,293.987,62.019,0.826
31.788118,294.100,62.026,0.827
31.799728,294.196,62.031,0.825
31.811338,294.284,62.036,0.822
31.822948,294.374,62.042,0.824
31.834558,294.192,62.031,0.821
31.846168,293.855,62.011,0.828
31.857778,293.141,61.969,0.826
31.869388,291.610,61.878,0.829
31.880998,287.974,61.661,0.833
31.892608,283.997,61.420,0.836
31.904218,280.076,61.180,0.842
31.915828,276.403,60.951,0.845
31.927438,272.966,60.735,0.849
31.939048,269.231,60.496,0.852
31.950658,266.032,60.289,0.850
31.962268,262.137,60.034,0.850
31.973878,257.739,59.741,0.846
31.985488,253.894,59.481,0.837
31.997098,250.397,59.241,0.831
32.008707,247.051,59.008,0.824
32.020317,244.078,58.798,0.816
32.031927,241.120,58.587,0.807
32.043537,238.623,58.407,0.801
32.055147,236.169,58.228,0.794
32.066757,233.758,58.050,0.800
32.078367,232.943,57.990,0.802
32.089977,231.779,57.903,0.795
32.101587,231.185,57.859,0.794
32.113197,232.384,57.948,0.802
32.124807,232.639,57.967,0.801
32.136417,234.075,58.074,0.807
32.148027,206.519,55.905,0.805
32.159637,206.720,55.922,0.800
32.171247,207.372,55.977,0.793
32.182857,207.335,55.974,0.791
32.194467,207.334,55.973,0.782
32.206077,207.188,55.961,0.757
32.217687,87.491,41.037,0.736
32.229297,775.252,78.806,0.698
32.240907,206.746,55.924,0.663
32.252517,283.885,61.414,0.607
32.264127,284.008,61.421,0.578
32.275737,285.905,61.536,0.548
32.287347,79.891,39.463,0.492
32.298957,286.828,61.592,0.445
32.310567,287.394,61.626,0.414
32.322177,288.113,61.670,0.373
32.333787,289.577,61.757,0.361
32.345397,289.791,61.770,0.350
32.357007,286.628,61.580,0.347
32.368617,286.266,61.558,0.343
32.380227,285.624,61.519,0.338
32.391837,705.318,77.169,0.336
32.403447,707.533,77.224,0.332
32.415057,712.364,77.341,0.333
32.426667,282.155,61.308,0.330
32.438277,283.330,61.380,0.319
32.449887,282.917,61.354,0.310
32.461497,284.393,61.445,0.307
32.473107,284.507,61.452,0.303
32.484717,283.935,61.417,0.294
32.496327,283.825,61.410,0.286
32.507937,282.171,61.309,0.283
32.519546,280.735,61.220,0.282
32.531156,279.290,61.131,0.279
32.542766,276.238,60.941,0.273
32.554376,274.005,60.800,0.264
32.565986,599.460,74.354,0.271
32.577596,607.331,74.580,0.292
32.589206,604.970,74.512,0.299
32.600816,413.085,67.907,0.295
32.612426,411.260,67.831,0.283
32.624036,411.317,67.833,0.278
32.635646,608.008,74.599,0.272
32.647256,609.076,74.629,0.268
32.658866,202.087,55.530,0.248
32.670476,238.773,58.418,0.213
32.682086,236.413,58.246,0.197
32.693696,281.813,61.287,0.199
32.705306,281.325,61.257,0.201
32.716916,280.403,61.200,0.203
32.728526,280.454,61.203,0.202
32.740136,281.106,61.243,0.196
32.751746,281.122,61.244,0.192
32.763356,281.341,61.258,0.186
32.774966,282.178,61.309,0.171
32.786576,281.367,61.259,0.153
32.798186,281.519,61.269,0.148
32.809796,282.432,61.325,0.146
32.821406,282.304,61.317,0.141
32.833016,281.243,61.252,0.138
32.844626,281.354,61.259,0.134
32.856236,280.882,61.230,0.121
32.867846,280.705,61.219,0.115
32.879456,281.382,61.260,0.108
32.891066,239.782,58.491,0.095
32.902676,281.316,61.256,0.074
32.914286,239.804,58.492,0.063
32.925896,239.274,58.454,0.049
32.937506,238.651,58.409,0.031
32.949116,238.734,58.415,0.026
32.960726,238.254,58.380,0.018
32.972336,238.777,58.418,0.016
32.983946,207.641,55.999,0.011
32.995556,741.568,78.037,0.014
33.007166,729.600,77.755,0.006
33.018776,727.458,77.704,0.009
33.030385,,,0.000
33.041995,,,0.000
33.053605,,,0.000
33.065215,,,0.000
33.076825,,,0.000
33.088435,,,0.000
33.100045,,,0.000
33.111655,,,0.000
33.123265,,,0.000
33.134875,,,0.000
33.146485,,,0.000
33.158095,,,0.000
33.169705,,,0.000
33.181315,,,0.000
33.192925,,,0.000
33.204535,,,0.000
33.216145,,,0.000
33.227755,,,0.000
33.239365,,,0.000
33.250975,,,0.000
33.262585,,,0.000
33.274195,,,0.000
33.285805,,,0.000
33.297415,,,0.000
33.309025,,,0.000
33.320635,,,0.000
33.332245,,,0.000
33.343855,,,0.000
33.355465,,,0.000
33.367075,,,0.000
33.378685,,,0.000
33.390295,,,0.000
33.401905,,,0.000
33.413515,,,0.000
33.425125,,,0.000
33.436735,,,0.000
33.448345,,,0.000
33.459955,,,0.000
33.471565,,,0.000
33.483175,,,0.000
33.494785,,,0.000
33.506395,,,0.000
33.518005,,,0.000
33.529615,739.356,77.985,0.063
33.541224,141.518,49.362,0.121
33.552834,141.580,49.369,0.184
33.564444,445.270,69.206,0.270
33.576054,451.205,69.435,0.327
33.587664,451.575,69.450,0.395
33.599274,455.953,69.617,0.446
33.610884,205.591,55.827,0.501
33.622494,205.441,55.815,0.551
33.634104,368.843,65.946,0.612
33.645714,203.915,55.686,0.658
33.657324,204.327,55.721,0.690
33.668934,280.942,61.233,0.723
33.680544,279.928,61.171,0.747
33.692154,279.787,61.162,0.760
33.703764,141.634,49.376,0.783
33.715374,280.173,61.186,0.796
33.726984,468.358,70.081,0.808
33.738594,470.823,70.172,0.811
33.750204,469.602,70.127,0.817
33.761814,468.630,70.091,0.821
33.773424,469.687,70.130,0.825
33.785034,469.588,70.127,0.834
33.796644,470.605,70.164,0.837
33.808254,471.169,70.185,0.840
33.819864,468.574,70.089,0.842
33.831474,469.207,70.113,0.846
33.843084,83.185,40.163,0.846
33.854694,473.359,70.265,0.842
33.866304,237.091,58.295,0.834
33.877914,83.334,40.194,0.817
33.889524,83.477,40.223,0.792
33.901134,280.590,61.212,0.766
33.912744,280.460,61.203,0.729
33.924354,277.245,61.004,0.687
33.935964,237.564,58.330,0.625
33.947574,235.980,58.214,0.542
33.959184,461.519,69.827,0.563
33.970794,279.498,61.144,0.662
33.982404,288.608,61.699,0.754
33.994014,291.129,61.850,0.797
34.005624,290.784,61.829,0.820
34.017234,288.871,61.715,0.834
34.028844,288.388,61.686,0.843
34.040454,289.819,61.772,0.856
34.052063,290.929,61.838,0.859
34.063673,291.138,61.850,0.849
34.075283,96.794,42.786,0.815
34.086893,96.553,42.743,0.779
34.098503,104.996,44.194,0.751
34.110113,239.736,58.487,0.758
34.121723,239.804,58.492,0.757
34.133333,173.741,52.913,0.757
34.144943,309.582,62.914,0.787
34.156553,302.489,62.513,0.817
34.168163,300.618,62.405,0.832
34.179773,299.227,62.325,0.850
34.191383,299.014,62.313,0.850
34.202993,299.634,62.348,0.840
34.214603,299.695,62.352,0.834
34.226213,297.994,62.253,0.818
34.237823,293.079,61.965,0.776
34.249433,288.029,61.665,0.733
34.261043,287.640,61.641,0.720
34.272653,279.511,61.145,0.714
34.284263,277.796,61.038,0.765
34.295873,282.652,61.338,0.781
34.307483,289.130,61.731,0.808
34.319093,292.342,61.922,0.833
34.330703,293.933,62.016,0.855
34.342313,294.110,62.026,0.873
34.353923,293.971,62.018,0.880
34.365533,293.945,62.016,0.879
34.377143,294.235,62.034,0.872
34.388753,294.014,62.021,0.874
34.400363,293.653,61.999,0.862
34.411973,293.041,61.963,0.847
34.423583,291.161,61.852,0.859
34.435193,291.112,61.849,0.864
34.446803,291.738,61.886,0.873
34.458413,292.174,61.912,0.885
34.470023,292.580,61.936,0.895
34.481633,292.952,61.958,0.900
34.493243,293.191,61.972,0.903
34.504853,293.238,61.975,0.903
34.516463,294.225,62.033,0.880
34.528073,294.191,62.031,0.854
34.539683,294.379,62.042,0.824
34.551293,294.409,62.044,0.783
34.562902,294.172,62.030,0.725
34.574512,122.043,46.799,0.730
34.586122,121.603,46.736,0.745
34.597732,271.448,60.638,0.782
34.609342,277.152,60.998,0.814
34.620952,283.709,61.403,0.845
34.632562,147.831,50.117,0.869
34.644172,290.779,61.829,0.889
34.655782,291.833,61.892,0.902
34.667392,291.700,61.884,0.901
34.679002,292.450,61.928,0.911
34.690612,293.430,61.986,0.908
34.702222,293.775,62.007,0.905
34.713832,294.057,62.023,0.901
34.725442,294.296,62.037,0.898
34.737052,294.498,62.049,0.901
34.748662,294.644,62.058,0.905
34.760272,294.691,62.060,0.908
34.771882,294.437,62.045,0.904
34.783492,294.189,62.031,0.905
34.795102,294.041,62.022,0.905
34.806712,293.942,62.016,0.904
34.818322,293.829,62.010,0.904
34.829932,293.766,62.006,0.898
34.841542,293.791,62.007,0.894
34.853152,293.773,62.006,0.889
34.864762,293.656,62.000,0.888
34.876372,293.909,62.014,0.888
34.887982,294.764,62.065,0.886
34.899592,295.981,62.136,0.882
34.911202,297.939,62.250,0.875
34.922812,298.800,62.300,0.864
34.934422,299.873,62.362,0.846
34.946032,300.988,62.426,0.823
34.957642,301.922,62.480,0.790
34.969252,302.932,62.538,0.753
34.980862,303.900,62.593,0.715
34.992472,302.875,62.535,0.671
35.004082,296.243,62.151,0.593
35.015692,292.991,61.960,0.574
35.027302,294.576,62.054,0.623
35.038912,299.712,62.353,0.711
35.050522,301.271,62.443,0.767
35.062132,300.072,62.374,0.789
35.073741,298.089,62.259,0.804
35.085351,296.687,62.177,0.821
35.096961,295.956,62.135,0.836
35.108571,296.254,62.152,0.845
35.120181,295.316,62.097,0.844
35.131791,294.292,62.037,0.827
35.143401,292.647,61.940,0.806
35.155011,292.710,61.944,0.802
35.166621,293.080,61.966,0.804
35.178231,294.694,62.061,0.809
35.189841,295.327,62.098,0.803
35.201451,295.678,62.118,0.802
35.213061,295.496,62.108,0.805
35.224671,294.925,62.074,0.813
35.236281,294.532,62.051,0.822
35.247891,294.493,62.049,0.828
35.259501,294.273,62.036,0.836
35.271111,293.814,62.009,0.834
35.282721,293.918,62.015,0.843
35.294331,294.013,62.020,0.841
35.305941,294.492,62.049,0.846
35.317551,294.946,62.075,0.842
35.329161,296.231,62.151,0.852
35.340771,298.153,62.263,0.859
35.352381,301.854,62.476,0.861
35.363991,308.606,62.859,0.867
35.375601,319.481,63.459,0.871
35.387211,324.182,63.712,0.881
35.398821,326.543,63.837,0.891
35.410431,326.956,63.859,0.902
35.422041,328.450,63.938,0.898
35.433651,328.478,63.940,0.888
35.445261,328.202,63.925,0.875
35.456871,327.522,63.889,0.861
35.468481,326.660,63.843,0.848
35.480091,325.580,63.786,0.830
35.491701,324.198,63.712,0.816
35.503311,301.774,62.472,0.801
35.514921,292.429,61.927,0.788
35.526531,292.067,61.906,0.792
35.538141,292.315,61.920,0.809
35.549751,292.435,61.927,0.822
35.561361,292.712,61.944,0.832
35.572971,293.175,61.971,0.845
35.584580,294.231,62.033,0.851
35.596190,295.275,62.095,0.854
35.607800,298.632,62.290,0.859
35.619410,299.937,62.366,0.852
35.631020,301.301,62.444,0.857
35.642630,150.714,50.452,0.870
35.654240,152.000,50.599,0.873
35.665850,328.649,63.949,0.870
35.677460,329.366,63.986,0.863
35.689070,329.465,63.991,0.858
35.700680,329.679,64.003,0.846
35.712290,329.655,64.001,0.846
35.723900,330.398,64.040,0.825
35.735510,330.644,64.053,0.784
35.747120,330.487,64.045,0.743
35.758730,329.834,64.011,0.699
35.770340,327.590,63.893,0.647
35.781950,290.184,61.794,0.599
35.793560,282.586,61.334,0.587
35.805170,333.717,64.213,0.643
35.816780,335.154,64.288,0.693
35.828390,334.045,64.230,0.733
35.840000,334.484,64.253,0.777
35.851610,334.128,64.235,0.801
35.863220,333.115,64.182,0.817
35.874830,332.401,64.145,0.839
35.886440,333.905,64.223,0.860
35.898050,335.865,64.325,0.870
35.909660,339.179,64.494,0.878
35.921270,343.769,64.727,0.886
35.932880,347.513,64.915,0.884
35.944490,351.776,65.126,0.889
35.956100,357.005,65.381,0.894
35.967710,362.816,65.661,0.892
35.979320,367.005,65.860,0.889
35.990930,368.919,65.950,0.886
36.002540,370.204,66.010,0.885
36.014150,370.869,66.041,0.883
36.025760,370.601,66.028,0.884
36.037370,369.687,65.986,0.877
36.048980,369.071,65.957,0.862
36.060590,368.564,65.933,0.844
36.072200,368.585,65.934,0.833
36.083810,368.095,65.911,0.834
36.095420,368.767,65.942,0.840
36.107029,368.261,65.919,0.844
36.118639,368.150,65.913,0.839
36.130249,368.342,65.923,0.827
36.141859,368.388,65.925,0.826
36.153469,368.422,65.926,0.824
36.165079,367.189,65.868,0.820
36.176689,218.707,56.898,0.806
36.188299,183.932,53.900,0.778
36.199909,465.548,69.977,0.757
36.211519,466.916,70.028,0.750
36.223129,472.955,70.250,0.775
36.234739,471.483,70.196,0.798
36.246349,468.837,70.099,0.814
36.257959,467.790,70.060,0.819
36.269569,467.008,70.031,0.822
36.281179,464.914,69.954,0.828
36.292789,461.759,69.836,0.825
36.304399,462.171,69.851,0.828
36.316009,461.356,69.821,0.822
36.327619,461.223,69.816,0.814
36.339229,461.844,69.839,0.805
36.350839,462.624,69.868,0.792
36.362449,463.136,69.887,0.772
36.374059,464.044,69.921,0.750
36.385669,469.740,70.132,0.781
36.397279,474.132,70.293,0.801
36.408889,477.932,70.432,0.827
36.420499,476.606,70.384,0.837
36.432109,475.279,70.335,0.841
36.443719,476.574,70.382,0.852
36.455329,477.224,70.406,0.863
36.466939,147.502,50.079,0.873
36.478549,147.695,50.101,0.863
36.490159,147.434,50.071,0.841
36.501769,293.141,61.969,0.816
36.513379,293.879,62.013,0.811
36.524989,293.985,62.019,0.820
36.536599,293.318,61.980,0.823
36.548209,292.739,61.945,0.823
36.559819,290.056,61.786,0.835
36.571429,299.161,62.321,0.851
36.583039,318.497,63.405,0.870
36.594649,324.401,63.723,0.878
36.606259,327.931,63.911,0.884
36.617868,329.911,64.015,0.887
36.629478,330.821,64.063,0.889
36.641088,331.208,64.083,0.892
36.652698,330.968,64.070,0.889
36.664308,330.899,64.067,0.881
36.675918,330.322,64.036,0.870
36.687528,329.253,63.980,0.858
36.699138,327.499,63.888,0.847
36.710748,323.143,63.656,0.852
36.722358,318.250,63.392,0.856
36.733968,312.768,63.091,0.857
36.745578,304.733,62.641,0.851
36.757188,299.060,62.315,0.848
36.768798,295.619,62.115,0.854
36.780408,295.002,62.079,0.865
36.792018,294.705,62.061,0.873
36.803628,293.883,62.013,0.864
36.815238,294.060,62.023,0.862
36.826848,292.877,61.954,0.865
36.838458,709.931,77.282,0.871
36.850068,317.892,63.372,0.877
36.861678,319.469,63.458,0.879
36.873288,321.282,63.556,0.880
36.884898,323.121,63.655,0.881
36.896508,324.788,63.744,0.884
36.908118,327.210,63.873,0.881
36.919728,328.517,63.942,0.873
36.931338,329.180,63.976,0.861
36.942948,329.127,63.974,0.848
36.954558,328.758,63.954,0.834
36.966168,328.594,63.946,0.822
36.977778,328.501,63.941,0.800
36.989388,329.166,63.976,0.793
37.000998,330.145,64.027,0.782
37.012608,332.003,64.124,0.788
37.024218,348.716,64.975,0.801
37.035828,349.899,65.033,0.806
37.047438,349.548,65.016,0.832
37.059048,348.346,64.956,0.853
37.070658,346.625,64.870,0.865
37.082268,343.325,64.705,0.871
37.093878,335.094,64.285,0.880
37.105488,333.621,64.208,0.884
37.117098,334.424,64.250,0.888
37.128707,335.282,64.294,0.900
37.140317,336.088,64.336,0.897
37.151927,789.740,79.126,0.892
37.163537,786.264,79.050,0.895
37.175147,365.251,65.777,0.898
37.186757,367.414,65.879,0.900
37.198367,368.871,65.947,0.902
37.209977,369.812,65.991,0.906
37.221587,370.497,66.023,0.905
37.233197,371.088,66.051,0.900
37.244807,371.780,66.083,0.896
37.256417,373.134,66.146,0.892
37.268027,376.146,66.285,0.887
37.279637,378.363,66.387,0.873
37.291247,380.191,66.471,0.853
37.302857,382.477,66.574,0.831
37.314467,383.894,66.638,0.830
37.326077,383.893,66.638,0.833
37.337687,385.079,66.692,0.841
37.349297,386.144,66.740,0.841
37.360907,387.285,66.791,0.848
37.372517,388.110,66.828,0.863
37.384127,388.363,66.839,0.880
37.395737,388.557,66.847,0.889
37.407347,389.523,66.890,0.882
37.418957,390.299,66.925,0.878
37.430567,390.475,66.933,0.866
37.442177,389.950,66.909,0.859
37.453787,389.466,66.888,0.844
37.465397,388.882,66.862,0.825
37.477007,388.711,66.854,0.802
37.488617,386.309,66.747,0.803
37.500227,375.911,66.275,0.801
37.511837,375.241,66.244,0.797
37.523447,374.551,66.212,0.808
37.535057,373.848,66.179,0.819
37.546667,373.197,66.149,0.832
37.558277,372.426,66.113,0.849
37.569887,371.372,66.064,0.865
37.581497,370.602,66.028,0.865
37.593107,369.902,65.996,0.869
37.604717,369.454,65.975,0.873
37.616327,368.680,65.938,0.869
37.627937,368.263,65.919,0.859
37.639546,368.245,65.918,0.846
37.651156,368.504,65.930,0.829
37.662766,368.957,65.951,0.811
37.674376,369.059,65.956,0.788
37.685986,369.278,65.966,0.762
37.697596,368.381,65.924,0.738
37.709206,367.919,65.903,0.718
37.720816,186.713,54.160,0.716
37.732426,186.776,54.166,0.716
37.744036,183.833,53.891,0.718
37.755646,123.233,46.967,0.714
37.767256,458.808,69.725,0.716
37.778866,371.079,66.051,0.715
37.790476,370.981,66.046,0.717
37.802086,295.374,62.100,0.736
37.813696,300.222,62.382,0.757
37.825306,296.938,62.192,0.781
37.836916,296.357,62.158,0.794
37.848526,296.575,62.171,0.810
37.860136,296.119,62.144,0.822
37.871746,296.332,62.157,0.835
37.883356,296.798,62.184,0.842
37.894966,297.896,62.248,0.850
37.906576,300.850,62.418,0.853
37.918186,305.563,62.688,0.851
37.929796,312.203,63.060,0.853
37.941406,317.042,63.326,0.849
37.953016,322.319,63.612,0.846
37.964626,326.430,63.831,0.841
37.976236,328.306,63.930,0.838
37.987846,329.960,64.017,0.826
37.999456,330.649,64.054,0.819
38.011066,330.930,64.068,0.812
38.022676,330.616,64.052,0.802
38.034286,330.046,64.022,0.795
38.045896,329.054,63.970,0.796
38.057506,328.263,63.928,0.788
38.069116,327.124,63.868,0.800
38.080726,322.934,63.645,0.822
38.092336,327.008,63.862,0.831
38.103946,330.629,64.053,0.843
38.115556,330.970,64.070,0.860
38.127166,331.273,64.086,0.876
38.138776,331.543,64.100,0.882
38.150385,331.520,64.099,0.888
38.161995,331.433,64.095,0.888
38.173605,331.415,64.094,0.882
38.185215,330.278,64.034,0.883
38.196825,329.411,63.989,0.879
38.208435,328.435,63.937,0.876
38.220045,328.170,63.923,0.874
38.231655,328.664,63.949,0.877
38.243265,329.673,64.002,0.882
38.254875,331.079,64.076,0.888
38.266485,332.340,64.142,0.890
38.278095,333.082,64.180,0.891
38.289705,333.142,64.184,0.896
38.301315,332.946,64.173,0.896
38.312925,331.994,64.124,0.895
38.324535,330.243,64.032,0.891
38.336145,328.112,63.920,0.889
38.347755,326.628,63.842,0.886
38.359365,326.299,63.824,0.887
38.370975,326.350,63.827,0.887
38.382585,326.428,63.831,0.876
38.394195,327.213,63.873,0.859
38.405805,328.463,63.939,0.840
38.417415,329.699,64.004,0.824
38.429025,331.487,64.097,0.826
38.440635,332.795,64.166,0.818
38.452245,333.449,64.200,0.797
38.463855,332.948,64.174,0.767
38.475465,332.794,64.166,0.748
38.487075,332.913,64.172,0.745
38.498685,333.606,64.208,0.760
38.510295,332.538,64.152,0.788
38.521905,332.314,64.141,0.775
38.533515,371.391,66.065,0.771
38.545125,372.071,66.097,0.779
38.556735,372.547,66.119,0.795
38.568345,373.511,66.164,0.807
38.579955,450.006,69.389,0.817
38.591565,440.137,69.005,0.821
38.603175,439.358,68.975,0.812
38.614785,436.909,68.878,0.811
38.626395,432.948,68.720,0.812
38.638005,432.883,68.718,0.813
38.649615,433.228,68.731,0.816
38.661224,868.635,80.775,0.819
38.672834,860.162,80.605,0.828
38.684444,851.898,80.438,0.825
38.696054,840.717,80.209,0.820
38.707664,839.442,80.183,0.808
38.719274,370.357,66.017,0.793
38.730884,367.316,65.874,0.778
38.742494,364.501,65.741,0.754
38.754104,248.229,59.090,0.737
38.765714,278.361,61.073,0.698
38.777324,278.895,61.107,0.670
38.788934,278.619,61.090,0.655
38.800544,277.442,61.016,0.693
38.812154,271.775,60.659,0.706
38.823764,272.038,60.676,0.716
38.835374,152.347,50.638,0.748
38.846984,308.183,62.835,0.795
38.858594,313.672,63.141,0.829
38.870204,314.637,63.194,0.838
38.881814,314.549,63.189,0.844
38.893424,640.381,75.497,0.848
38.905034,637.886,75.430,0.847
38.916644,636.735,75.398,0.843
38.928254,641.389,75.524,0.828
38.939864,649.047,75.730,0.789
38.951474,409.856,67.771,0.736
38.963084,406.119,67.613,0.728
38.974694,203.325,55.635,0.718
38.986304,176.538,53.190,0.695
38.997914,175.555,53.093,0.710
39.009524,290.695,61.824,0.758
39.021134,318.136,63.386,0.796
39.032744,324.330,63.720,0.827
39.044354,328.091,63.919,0.846
39.055964,330.310,64.036,0.863
39.067574,330.334,64.037,0.868
39.079184,329.837,64.011,0.872
39.090794,328.905,63.962,0.880
39.102404,328.007,63.915,0.877
39.114014,326.340,63.826,0.875
39.125624,322.980,63.647,0.873
39.137234,321.128,63.548,0.861
39.148844,318.214,63.390,0.852
39.160454,315.733,63.254,0.861
39.172063,313.488,63.131,0.862
39.183673,308.517,62.854,0.858
39.195283,294.656,62.058,0.857
39.206893,292.979,61.960,0.849
39.218503,292.788,61.948,0.842
39.230113,293.200,61.973,0.851
39.241723,293.446,61.987,0.846
39.253333,293.468,61.988,0.828
39.264943,293.672,62.000,0.819
39.276553,294.419,62.044,0.814
39.288163,295.920,62.132,0.809
39.299773,332.119,64.130,0.815
39.311383,330.898,64.067,0.819
39.322993,330.247,64.032,0.825
39.334603,329.774,64.008,0.838
39.346213,329.546,63.996,0.849
39.357823,329.305,63.983,0.857
39.369433,329.650,64.001,0.861
39.381043,329.864,64.012,0.857
39.392653,329.709,64.004,0.845
39.404263,329.251,63.980,0.837
39.415873,328.960,63.965,0.830
39.427483,329.099,63.972,0.823
39.439093,329.978,64.018,0.824
39.450703,331.446,64.095,0.838
39.462313,331.843,64.116,0.844
39.473923,331.233,64.084,0.853
39.485533,330.567,64.049,0.866
39.497143,329.966,64.018,0.877
39.508753,329.732,64.005,0.886
39.520363,330.041,64.022,0.893
39.531973,330.560,64.049,0.895
39.543583,331.377,64.092,0.889
39.555193,333.871,64.221,0.886
39.566803,337.529,64.410,0.885
39.578413,342.034,64.640,0.883
39.590023,346.277,64.853,0.866
39.601633,352.032,65.138,0.848
39.613243,357.141,65.388,0.833
39.624853,360.584,65.554,0.817
39.636463,364.958,65.763,0.800
39.648073,364.576,65.745,0.782
39.659683,345.189,64.799,0.760
39.671293,333.103,64.182,0.736
39.682902,332.467,64.148,0.743
39.694512,332.448,64.147,0.742
39.706122,325.649,63.790,0.730
39.717732,325.550,63.784,0.725
39.729342,100.654,43.463,0.715
39.740952,229.421,57.726,0.704
39.752562,354.908,65.279,0.696
39.764172,282.011,61.299,0.704
39.775782,282.358,61.320,0.724
39.787392,289.260,61.738,0.747
39.799002,289.466,61.751,0.757
39.810612,290.628,61.820,0.761
39.822222,291.611,61.879,0.761
39.833832,291.708,61.884,0.764
39.845442,291.109,61.849,0.771
39.857052,292.087,61.907,0.770
39.868662,292.056,61.905,0.754
39.880272,287.601,61.639,0.722
39.891882,256.872,59.683,0.741
39.903492,253.713,59.468,0.754
39.915102,253.047,59.423,0.772
39.926712,324.276,63.717,0.798
39.938322,325.230,63.767,0.816
39.949932,325.975,63.807,0.841
39.961542,327.029,63.863,0.867
39.973152,328.301,63.930,0.883
39.984762,331.097,64.077,0.887
39.996372,335.020,64.281,0.896
40.007982,339.599,64.516,0.906
40.019592,699.676,77.030,0.914
40.031202,708.314,77.243,0.918
40.042812,718.079,77.480,0.911
40.054422,730.406,77.774,0.897
40.066032,367.956,65.904,0.884
40.077642,370.704,66.033,0.867
40.089252,373.512,66.164,0.843
40.100862,375.558,66.258,0.812
40.112472,377.661,66.355,0.758
40.124082,379.333,66.432,0.687
40.135692,379.604,66.444,0.614
40.147302,367.469,65.881,0.524
40.158912,364.910,65.760,0.501
40.170522,364.555,65.744,0.483
40.182132,725.422,77.656,0.463
40.193741,361.141,65.581,0.565
40.205351,288.039,61.665,0.700
40.216961,295.918,62.132,0.773
40.228571,300.120,62.376,0.790
40.240181,297.885,62.247,0.818
40.251791,296.151,62.146,0.846
40.263401,294.954,62.076,0.868
40.275011,293.859,62.011,0.890
40.286621,293.216,61.974,0.902
40.298231,292.507,61.932,0.905
40.309841,292.071,61.906,0.908
40.321451,292.257,61.917,0.920
40.333061,292.186,61.913,0.922
40.344671,292.328,61.921,0.917
40.356281,292.561,61.935,0.909
40.367891,293.308,61.979,0.896
40.379501,295.532,62.110,0.896
40.391111,298.669,62.293,0.891
40.402721,218.679,56.896,0.878
40.414331,218.072,56.848,0.870
40.425941,328.071,63.918,0.867
40.437551,330.367,64.039,0.872
40.449161,332.191,64.134,0.881
40.460771,334.445,64.251,0.892
40.472381,337.876,64.428,0.892
40.483991,340.913,64.583,0.891
40.495601,344.773,64.778,0.895
40.507211,350.204,65.048,0.901
40.518821,356.343,65.349,0.907
40.530431,362.190,65.631,0.912
40.542041,366.161,65.820,0.916
40.553651,368.093,65.911,0.918
40.565261,369.210,65.963,0.917
40.576871,741.280,78.030,0.907
40.588481,741.793,78.042,0.892
40.600091,370.378,66.018,0.872
40.611701,369.474,65.976,0.848
40.623311,368.045,65.909,0.821
40.634921,244.596,58.835,0.788
40.646531,241.767,58.633,0.747
40.658141,237.801,58.347,0.697
40.669751,283.438,61.386,0.721
40.681361,285.843,61.533,0.755
40.692971,301.818,62.474,0.779
40.704580,301.040,62.429,0.807
40.716190,299.629,62.348,0.826
40.727800,298.237,62.267,0.837
40.739410,296.203,62.149,0.849
40.751020,293.449,61.987,0.865
40.762630,291.272,61.858,0.868
40.774240,289.210,61.735,0.866
40.785850,285.215,61.495,0.869
40.797460,276.693,60.969,0.864
40.809070,272.736,60.720,0.861
40.820680,269.685,60.525,0.864
40.832290,266.650,60.329,0.866
40.843900,262.848,60.081,0.861
40.855510,257.834,59.747,0.861
40.867120,254.001,59.488,0.866
40.878730,251.483,59.315,0.865
40.890340,249.923,59.208,0.866
40.901950,248.710,59.124,0.869
40.913560,247.784,59.059,0.869
40.925170,247.270,59.023,0.868
40.936780,246.907,58.998,0.869
40.948390,246.555,58.973,0.868
40.960000,246.228,58.950,0.866
40.971610,246.017,58.935,0.866
40.983220,245.956,58.931,0.865
40.994830,246.010,58.935,0.866
41.006440,246.370,58.960,0.866
41.018050,246.773,58.988,0.867
41.029660,247.028,59.006,0.868
41.041270,247.210,59.019,0.870
41.052880,247.343,59.028,0.871
41.064490,247.385,59.031,0.866
41.076100,247.420,59.034,0.859
41.087710,247.552,59.043,0.853
41.099320,247.613,59.047,0.848
41.110930,247.552,59.043,0.838
41.122540,247.458,59.036,0.825
41.134150,247.855,59.064,0.809
41.145760,248.610,59.117,0.788
41.157370,248.433,59.104,0.777
41.168980,248.346,59.098,0.767
41.180590,247.921,59.069,0.753
41.192200,247.420,59.033,0.730
41.203810,247.499,59.039,0.713
41.215420,247.564,59.044,0.697
41.227029,247.501,59.039,0.674
41.238639,247.415,59.033,0.664
41.250249,247.393,59.032,0.666
41.261859,247.349,59.029,0.683
41.273469,304.214,62.611,0.712
41.285079,306.415,62.736,0.737
41.296689,306.398,62.735,0.771
41.308299,304.717,62.640,0.792
41.319909,302.845,62.533,0.805
41.331519,292.140,61.910,0.822
41.343129,290.395,61.806,0.838
41.354739,289.875,61.775,0.850
41.366349,289.701,61.765,0.852
41.377959,289.820,61.772,0.858
41.389569,289.837,61.773,0.860
41.401179,289.956,61.780,0.867
41.412789,290.093,61.788,0.881
41.424399,290.303,61.801,0.891
41.436009,290.685,61.823,0.886
41.447619,291.663,61.882,0.881
41.459229,293.369,61.983,0.881
41.470839,294.091,62.025,0.880
41.482449,293.875,62.012,0.881
41.494059,293.621,61.997,0.879
41.505669,293.931,62.016,0.861
41.517279,294.285,62.037,0.838
41.528889,293.976,62.018,0.832
41.540499,293.153,61.970,0.826
41.552109,291.543,61.874,0.815
41.563719,291.122,61.849,0.799
41.575329,290.272,61.799,0.776
41.586939,245.282,58.883,0.761
41.598549,273.768,60.785,0.780
41.610159,289.752,61.768,0.795
41.621769,293.061,61.964,0.809
41.633379,293.465,61.988,0.821
41.644989,294.091,62.025,0.825
41.656599,293.546,61.993,0.835
41.668209,293.429,61.986,0.841
41.679819,293.572,61.995,0.844
41.691429,293.805,62.008,0.844
41.703039,293.506,61.991,0.842
41.714649,293.109,61.967,0.828
41.726259,292.344,61.922,0.828
41.737868,292.031,61.903,0.833
41.749478,292.113,61.908,0.834
41.761088,292.054,61.905,0.838
41.772698,291.714,61.885,0.838
41.784308,291.472,61.870,0.835
41.795918,292.308,61.920,0.829
41.807528,292.772,61.947,0.838
41.819138,294.082,62.025,0.836
41.830748,294.279,62.036,0.833
41.842358,294.497,62.049,0.830
41.853968,294.633,62.057,0.828
41.865578,294.844,62.069,0.824
41.877188,294.932,62.075,0.817
41.888798,295.051,62.082,0.820
41.900408,296.034,62.139,0.823
41.912018,154.333,50.863,0.825
41.923628,155.602,51.004,0.829
41.935238,389.133,66.873,0.837
41.946848,392.485,67.022,0.846
41.958458,394.400,67.106,0.851
41.970068,395.154,67.139,0.867
41.981678,395.843,67.169,0.886
41.993288,397.335,67.234,0.889
42.004898,399.354,67.322,0.895
42.016508,401.343,67.408,0.901
42.028118,403.930,67.519,0.905
42.039728,408.064,67.696,0.911
42.051338,413.047,67.906,0.921
42.062948,422.852,68.312,0.925
42.074558,433.050,68.724,0.928
42.086168,437.066,68.884,0.937
42.097778,439.260,68.971,0.944
42.109388,440.228,69.009,0.948
42.120998,440.807,69.032,0.950
42.132608,440.968,69.038,0.949
42.144218,440.712,69.028,0.952
42.155828,439.786,68.992,0.953
42.167438,438.170,68.928,0.948
42.179048,436.652,68.868,0.941
42.190658,434.939,68.800,0.930
42.202268,434.335,68.776,0.926
42.213878,434.854,68.796,0.921
42.225488,435.721,68.831,0.916
42.237098,757.423,78.403,0.907
42.248707,168.464,52.379,0.901
42.260317,167.911,52.322,0.895
42.271927,341.009,64.588,0.895
42.283537,338.136,64.441,0.898
42.295147,334.520,64.255,0.895
42.306757,332.067,64.128,0.896
42.318367,330.455,64.043,0.894
42.329977,329.495,63.993,0.893
42.341587,329.052,63.970,0.890
42.353197,329.222,63.979,0.892
42.364807,329.492,63.993,0.892
42.376417,329.820,64.010,0.892
42.388027,330.102,64.025,0.893
42.399637,330.324,64.037,0.893
42.411247,330.466,64.044,0.886
42.422857,330.572,64.050,0.879
42.434467,330.419,64.042,0.872
42.446077,330.118,64.026,0.865
42.457687,329.683,64.003,0.860
42.469297,329.194,63.977,0.852
42.480907,328.807,63.957,0.841
42.492517,328.854,63.959,0.832
42.504127,329.286,63.982,0.850
42.515737,330.148,64.027,0.866
42.527347,331.195,64.082,0.875
42.538957,332.165,64.133,0.880
42.550567,332.608,64.156,0.885
42.562177,332.245,64.137,0.892
42.573787,331.594,64.103,0.900
42.585397,330.799,64.061,0.906
42.597007,329.674,64.002,0.902
42.608617,328.445,63.938,0.899
42.620227,327.535,63.890,0.897
42.631837,327.493,63.888,0.900
42.643447,328.085,63.919,0.901
42.655057,329.040,63.969,0.899
42.666667,330.243,64.032,0.896
42.678277,331.606,64.104,0.895
42.689887,332.140,64.131,0.892
42.701497,332.061,64.127,0.893
42.713107,331.495,64.098,0.894
42.724717,329.865,64.012,0.890
42.736327,327.021,63.863,0.888
42.747937,325.151,63.763,0.887
42.759546,324.291,63.717,0.887
42.771156,324.118,63.708,0.887
42.782766,325.294,63.771,0.890
42.794376,327.878,63.908,0.891
42.805986,331.031,64.074,0.891
42.817596,333.313,64.192,0.893
42.829206,334.265,64.242,0.891
42.840816,334.473,64.253,0.890
42.852426,333.982,64.227,0.891
42.864036,332.537,64.152,0.891
42.875646,330.180,64.029,0.887
42.887256,328.425,63.937,0.888
42.898866,328.221,63.926,0.888
42.910476,328.390,63.935,0.888
42.922086,329.523,63.994,0.892
42.933696,330.618,64.052,0.891
42.945306,331.811,64.114,0.888
42.956916,332.435,64.147,0.884
42.968526,333.131,64.183,0.876
42.980136,333.799,64.218,0.856
42.991746,333.417,64.198,0.840
43.003356,331.665,64.107,0.826
43.014966,329.300,63.983,0.799
43.026576,219.194,56.936,0.771
43.038186,218.072,56.848,0.749
43.049796,222.299,57.180,0.743
43.061406,223.481,57.272,0.772
43.073016,221.667,57.131,0.810
43.084626,110.651,45.102,0.832
43.096236,260.750,59.942,0.842
43.107846,330.042,64.022,0.854
43.119456,329.633,64.000,0.870
43.131066,329.734,64.006,0.877
43.142676,329.980,64.018,0.878
43.154286,380.563,66.488,0.871
43.165896,381.929,66.550,0.867
43.177506,378.941,66.414,0.872
43.189116,377.883,66.365,0.874
43.200726,376.378,66.296,0.873
43.212336,375.786,66.269,0.870
43.223946,374.305,66.201,0.871
43.235556,371.875,66.088,0.874
43.247166,371.357,66.064,0.873
43.258776,371.595,66.075,0.867
43.270385,372.845,66.133,0.857
43.281995,375.090,66.237,0.852
43.293605,379.580,66.443,0.853
43.305215,384.897,66.684,0.856
43.316825,389.154,66.874,0.856
43.328435,391.481,66.977,0.859
43.340045,392.525,67.023,0.863
43.351655,392.743,67.033,0.870
43.363265,392.523,67.023,0.869
43.374875,392.029,67.001,0.872
43.386485,391.574,66.981,0.873
43.398095,391.223,66.966,0.875
43.409705,391.231,66.966,0.878
43.421315,391.406,66.974,0.876
43.432925,391.918,66.997,0.877
43.444535,392.518,67.023,0.875
43.456145,392.907,67.040,0.877
43.467755,393.224,67.054,0.877
43.479365,393.156,67.051,0.879
43.490975,393.076,67.048,0.881
43.502585,392.860,67.038,0.882
43.514195,392.545,67.024,0.885
43.525805,392.224,67.010,0.886
43.537415,391.939,66.998,0.889
43.549025,391.686,66.986,0.889
43.560635,391.508,66.978,0.889
43.572245,391.509,66.979,0.886
43.583855,391.583,66.982,0.883
43.595465,391.761,66.990,0.879
43.607075,391.948,66.998,0.875
43.618685,392.140,67.006,0.874
43.630295,392.280,67.013,0.870
43.641905,392.367,67.016,0.869
43.653515,392.359,67.016,0.865
43.665125,392.223,67.010,0.865
43.676735,392.041,67.002,0.863
43.688345,391.885,66.995,0.865
43.699955,391.839,66.993,0.863
43.711565,391.839,66.993,0.861
43.723175,391.781,66.991,0.860
43.734785,391.491,66.978,0.862
43.746395,391.008,66.956,0.870
43.758005,391.273,66.968,0.870
43.769615,389.958,66.910,0.877
43.781224,387.674,66.808,0.879
43.792834,384.715,66.675,0.879
43.804444,380.772,66.497,0.880
43.816054,376.834,66.317,0.880
43.827664,374.460,66.208,0.877
43.839274,372.357,66.110,0.869
43.850884,371.363,66.064,0.865
43.862494,370.500,66.024,0.857
43.874104,369.910,65.996,0.850
43.885714,369.686,65.986,0.848
43.897324,369.700,65.986,0.846
43.908934,369.883,65.995,0.846
43.920544,370.032,66.002,0.844
43.932154,370.118,66.006,0.843
43.943764,369.954,65.998,0.847
43.955374,369.826,65.992,0.849
43.966984,369.632,65.983,0.852
43.978594,369.472,65.976,0.857
43.990204,369.275,65.966,0.859
44.001814,369.231,65.964,0.861
44.013424,369.333,65.969,0.863
44.025034,369.385,65.971,0.866
44.036644,369.490,65.976,0.866
44.048254,369.513,65.977,0.865
44.059864,369.293,65.967,0.866
44.071474,368.943,65.951,0.864
44.083084,368.330,65.922,0.863
44.094694,367.263,65.872,0.863
44.106304,365.670,65.796,0.865
44.117914,362.963,65.668,0.870
44.129524,359.872,65.520,0.875
44.141134,357.230,65.392,0.878
44.152744,354.916,65.280,0.882
44.164354,352.427,65.158,0.890
44.175964,350.177,65.047,0.896
44.187574,348.042,64.941,0.902
44.199184,345.907,64.835,0.911
44.210794,345.274,64.803,0.908
44.222404,344.494,64.764,0.900
44.234014,344.154,64.747,0.902
44.245624,343.933,64.735,0.901
44.257234,344.488,64.763,0.891
44.268844,346.605,64.869,0.880
44.280454,351.507,65.113,0.867
44.292063,356.769,65.370,0.851
44.303673,355.663,65.316,0.853
44.315283,480.010,70.507,0.872
44.326893,472.120,70.220,0.876
44.338503,470.733,70.169,0.878
44.350113,469.659,70.129,0.882
44.361723,467.337,70.044,0.889
44.373333,462.996,69.882,0.904
44.384943,456.313,69.630,0.926
44.396553,449.608,69.374,0.947
44.408163,442.434,69.095,0.956
44.419773,437.138,68.887,0.959
44.431383,436.348,68.856,0.968
44.442993,435.359,68.816,0.982
44.454603,434.643,68.788,0.995
44.466213,434.611,68.787,1.000
44.477823,435.514,68.823,0.997
44.489433,437.009,68.882,0.990
44.501043,438.319,68.934,0.988
44.512653,438.578,68.944,0.992
44.524263,438.039,68.923,0.992
44.535873,437.921,68.918,0.976
44.547483,437.704,68.909,0.956
44.559093,437.028,68.883,0.939
44.570703,435.957,68.840,0.923
44.582313,217.372,56.792,0.902
44.593923,216.308,56.707,0.870
44.605533,215.745,56.662,0.827
44.617143,217.987,56.841,0.789
44.628753,288.278,61.679,0.800
44.640363,289.678,61.763,0.808
44.651973,116.849,46.046,0.825
44.663583,176.818,53.217,0.844
44.675193,351.959,65.135,0.871
44.686803,351.066,65.091,0.890
44.698413,349.046,64.991,0.903
44.710023,347.589,64.919,0.903
44.721633,346.584,64.868,0.905
44.733243,345.029,64.791,0.913
44.744853,344.151,64.746,0.913
44.756463,344.753,64.777,0.914
44.768073,346.220,64.850,0.908
44.779683,349.191,64.998,0.906
44.791293,356.139,65.339,0.911
44.802902,361.544,65.600,0.916
44.814512,364.434,65.738,0.920
44.826122,366.570,65.839,0.922
44.837732,367.882,65.901,0.925
44.849342,369.082,65.957,0.925
44.860952,369.467,65.975,0.927
44.872562,369.564,65.980,0.930
44.884172,369.651,65.984,0.930
44.895782,370.037,66.002,0.933
44.907392,370.543,66.026,0.935
44.919002,370.337,66.016,0.935
44.930612,369.600,65.982,0.932
44.942222,369.269,65.966,0.924
44.953832,368.655,65.937,0.924
44.965442,367.877,65.901,0.925
44.977052,365.964,65.810,0.925
44.988662,363.231,65.681,0.914
45.000272,357.057,65.384,0.894
45.011882,353.330,65.202,0.873
45.023492,85.440,40.626,0.852
45.035102,85.418,40.621,0.840
45.046712,85.309,40.599,0.803
45.058322,85.069,40.550,0.747
45.069932,124.081,47.085,0.651
45.081542,123.401,46.990,0.587
45.093152,368.205,65.916,0.577
45.104762,368.430,65.927,0.571
45.116372,368.878,65.948,0.567
45.127982,369.362,65.970,0.561
45.139592,369.722,65.987,0.555
45.151202,123.509,47.005,0.550
45.162812,123.517,47.006,0.534
45.174422,123.516,47.006,0.512
45.186032,123.482,47.002,0.491
45.197642,123.424,46.993,0.483
45.209252,278.798,61.101,0.701
45.220862,279.418,61.139,0.753
45.232472,278.958,61.111,0.784
45.244082,457.490,69.675,0.803
45.255692,455.404,69.596,0.830
45.267302,454.566,69.564,0.844
45.278912,452.631,69.490,0.869
45.290522,451.726,69.455,0.894
45.302132,450.170,69.396,0.900
45.313741,448.314,69.324,0.917
45.325351,446.354,69.248,0.938
45.336961,444.657,69.182,0.957
45.348571,444.277,69.167,0.969
45.360181,443.477,69.136,0.979
45.371791,884.667,81.092,0.984
45.383401,881.565,81.031,0.988
45.395011,878.306,80.967,0.990
45.406621,876.292,80.927,0.991
45.418231,877.261,80.946,0.983
45.429841,879.510,80.990,0.973
45.441451,879.269,80.986,0.962
45.453061,438.925,68.958,0.953
45.464671,438.182,68.928,0.946
45.476281,438.029,68.922,0.931
45.487891,438.676,68.948,0.906
45.499501,439.411,68.977,0.872
45.511111,438.856,68.955,0.848
45.522721,218.388,56.873,0.834
45.534331,217.666,56.815,0.828
45.545941,216.078,56.689,0.820
45.557551,296.244,62.151,0.815
45.569161,298.545,62.285,0.823
45.580771,338.274,64.448,0.841
45.592381,338.607,64.465,0.855
45.603991,337.534,64.410,0.869
45.615601,335.512,64.306,0.876
45.627211,334.669,64.263,0.884
45.638821,334.560,64.257,0.893
45.650431,335.205,64.290,0.897
45.662041,335.867,64.325,0.896
45.673651,336.634,64.364,0.899
45.685261,340.519,64.563,0.901
45.696871,345.627,64.821,0.901
45.708481,352.725,65.172,0.901
45.720091,359.739,65.513,0.899
45.731701,364.201,65.727,0.895
45.743311,366.958,65.857,0.887
45.754921,368.416,65.926,0.880
45.766531,369.820,65.992,0.871
45.778141,370.338,66.016,0.866
45.789751,369.904,65.996,0.860
45.801361,368.642,65.937,0.848
45.812971,367.177,65.868,0.836
45.824580,365.566,65.792,0.831
45.836190,363.150,65.677,0.835
45.847800,358.729,65.465,0.836
45.859410,351.495,65.112,0.835
45.871020,346.162,64.847,0.837
45.882630,341.588,64.617,0.843
45.894240,337.401,64.404,0.853
45.905850,334.774,64.268,0.860
45.917460,333.476,64.201,0.861
45.929070,332.755,64.163,0.864
45.940680,332.831,64.167,0.873
45.952290,333.507,64.203,0.879
45.963900,333.217,64.187,0.878
45.975510,333.424,64.198,0.883
45.987120,683.117,76.616,0.881
45.998730,690.102,76.792,0.881
46.010340,367.099,65.864,0.884
46.021950,367.298,65.873,0.886
46.033560,367.626,65.889,0.886
46.045170,368.075,65.910,0.890
46.056780,368.648,65.937,0.898
46.068390,369.007,65.954,0.894
46.080000,368.774,65.943,0.891
46.091610,368.427,65.927,0.884
46.103220,367.979,65.905,0.874
46.114830,367.779,65.896,0.863
46.126440,367.977,65.905,0.857
46.138050,369.090,65.958,0.854
46.149660,372.558,66.120,0.847
46.161270,376.902,66.320,0.845
46.172880,378.270,66.383,0.848
46.184490,377.152,66.332,0.852
46.196100,376.612,66.307,0.856
46.207710,378.840,66.409,0.862
46.219320,381.579,66.534,0.863
46.230930,817.270,79.720,0.861
46.242540,834.065,80.072,0.861
46.254150,331.532,64.100,0.864
46.265760,332.894,64.171,0.866
46.277370,331.293,64.087,0.863
46.288980,330.458,64.044,0.852
46.300590,331.592,64.103,0.848
46.312200,335.566,64.309,0.851
46.323810,339.069,64.489,0.841
46.335420,338.747,64.472,0.832
46.347029,335.545,64.308,0.822
46.358639,152.798,50.689,0.812
46.370249,294.131,62.027,0.819
46.381859,293.848,62.011,0.833
46.393469,292.697,61.943,0.828
46.405079,291.528,61.874,0.817
46.416689,291.316,61.861,0.823
46.428299,291.386,61.865,0.827
46.439909,291.942,61.898,0.832
46.451519,292.631,61.939,0.834
46.463129,292.985,61.960,0.832
46.474739,293.435,61.986,0.827
46.486349,294.586,62.054,0.833
46.497959,294.899,62.073,0.837
46.509569,294.882,62.072,0.838
46.521179,294.792,62.066,0.838
46.532789,294.797,62.067,0.839
46.544399,294.742,62.063,0.850
46.556009,294.575,62.054,0.856
46.567619,294.307,62.038,0.869
46.579229,293.917,62.015,0.874
46.590839,293.751,62.005,0.880
46.602449,293.451,61.987,0.885
46.614059,293.421,61.986,0.877
46.625669,293.264,61.976,0.865
46.637279,292.985,61.960,0.843
46.648889,292.698,61.943,0.820
46.660499,292.436,61.927,0.785
46.672109,292.046,61.904,0.753
46.683719,290.712,61.825,0.717
46.695329,290.024,61.784,0.662
46.706939,116.652,46.017,0.658
46.718549,147.137,50.036,0.665
46.730159,146.984,50.018,0.678
46.741769,146.916,50.010,0.692
46.753379,146.868,50.004,0.704
46.764989,213.577,56.487,0.720
46.776599,445.322,69.208,0.749
46.788209,449.059,69.353,0.788
46.799819,448.015,69.313,0.819
46.811429,446.793,69.265,0.841
46.823039,445.902,69.231,0.856
46.834649,444.345,69.170,0.871
46.846259,443.390,69.133,0.884
46.857868,442.436,69.096,0.896
46.869478,441.582,69.062,0.900
46.881088,440.389,69.015,0.895
46.892698,439.547,68.982,0.894
46.904308,439.080,68.964,0.898
46.915918,439.174,68.967,0.905
46.927528,439.329,68.974,0.910
46.939138,439.376,68.975,0.913
46.950748,439.386,68.976,0.914
46.962358,439.516,68.981,0.915
46.973968,439.734,68.990,0.921
46.985578,439.985,68.999,0.921
46.997188,440.074,69.003,0.922
47.008798,439.664,68.987,0.917
47.020408,439.474,68.979,0.903
47.032018,439.628,68.985,0.889
47.043628,439.812,68.993,0.875
47.055238,439.521,68.981,0.866
47.066848,439.560,68.983,0.857
47.078458,438.611,68.945,0.852
47.090068,352.566,65.165,0.845
47.101678,351.915,65.133,0.843
47.113288,349.492,65.013,0.857
47.124898,346.307,64.855,0.869
47.136508,343.235,64.700,0.882
47.148118,340.995,64.587,0.889
47.159728,339.182,64.495,0.891
47.171338,338.380,64.454,0.893
47.182948,338.935,64.482,0.892
47.194558,341.137,64.594,0.892
47.206168,345.755,64.827,0.898
47.217778,351.290,65.102,0.898
47.229388,358.024,65.431,0.895
47.240998,363.037,65.671,0.891
47.252608,366.013,65.813,0.891
47.264218,368.171,65.914,0.887
47.275828,369.489,65.976,0.885
47.287438,370.549,66.026,0.886
47.299048,370.937,66.044,0.886
47.310658,370.912,66.043,0.889
47.322268,370.377,66.018,0.889
47.333878,370.130,66.006,0.883
47.345488,370.337,66.016,0.880
47.357098,370.182,66.009,0.894
47.368707,370.578,66.027,0.900
47.380317,369.039,65.955,0.896
47.391927,368.025,65.908,0.882
47.403537,1002.273,83.252,0.863
47.415147,1002.273,83.252,0.845
47.426757,1002.273,83.252,0.836
47.438367,1002.273,83.252,0.815
47.449977,1002.273,83.252,0.754
47.461587,1002.273,83.252,0.683
47.473197,366.441,65.833,0.604
47.484807,362.678,65.654,0.588
47.496417,361.297,65.588,0.620
47.508027,360.615,65.555,0.642
47.519637,360.433,65.547,0.657
47.531247,361.000,65.574,0.662
47.542857,361.833,65.614,0.662
47.554467,361.944,65.619,0.660
47.566077,362.933,65.666,0.653
47.577687,363.821,65.709,0.637
47.589297,365.454,65.786,0.605
47.600907,367.051,65.862,0.570
47.612517,368.400,65.925,0.532
47.624127,367.755,65.895,0.527
47.635737,366.861,65.853,0.564
47.647347,367.195,65.869,0.596
47.658957,366.810,65.850,0.618
47.670567,367.229,65.870,0.640
47.682177,367.549,65.885,0.678
47.693787,439.783,68.991,0.720
47.705397,442.327,69.091,0.764
47.717007,442.741,69.108,0.805
47.728617,442.502,69.098,0.845
47.740227,441.849,69.073,0.874
47.751837,441.426,69.056,0.892
47.763447,440.458,69.018,0.914
47.775057,439.816,68.993,0.923
47.786667,439.535,68.982,0.926
47.798277,438.946,68.958,0.926
47.809887,438.316,68.934,0.921
47.821497,437.433,68.899,0.908
47.833107,436.801,68.874,0.899
47.844717,436.405,68.858,0.896
47.856327,438.078,68.924,0.883
47.867937,439.463,68.979,0.880
47.879546,440.314,69.012,0.881
47.891156,440.911,69.036,0.881
47.902766,440.891,69.035,0.882
47.914376,441.261,69.050,0.882
47.925986,441.993,69.078,0.885
47.937596,442.520,69.099,0.881
47.949206,442.375,69.093,0.877
47.960816,441.380,69.054,0.874
47.972426,438.064,68.924,0.873
47.984036,416.925,68.067,0.875
47.995646,413.270,67.915,0.874
48.007256,346.544,64.866,0.877
48.018866,343.478,64.713,0.875
48.030476,340.879,64.581,0.878
48.042086,336.936,64.380,0.880
48.053696,335.454,64.303,0.882
48.065306,335.923,64.328,0.883
48.076916,336.047,64.334,0.882
48.088526,335.608,64.311,0.882
48.100136,335.051,64.283,0.882
48.111746,334.993,64.280,0.879
48.123356,740.177,78.004,0.873
48.134966,367.613,65.888,0.866
48.146576,367.981,65.906,0.861
48.158186,367.810,65.897,0.852
48.169796,368.183,65.915,0.837
48.181406,368.865,65.947,0.829
48.193016,369.773,65.990,0.818
48.204626,369.776,65.990,0.813
48.216236,369.244,65.965,0.811
48.227846,368.575,65.933,0.803
48.239456,367.607,65.888,0.797
48.251066,367.093,65.864,0.797
48.262676,367.638,65.889,0.798
48.274286,367.706,65.893,0.796
48.285896,367.583,65.887,0.792
48.297506,349.471,65.012,0.793
48.309116,349.837,65.030,0.803
48.320726,350.163,65.046,0.823
48.332336,349.691,65.023,0.852
48.343946,348.635,64.971,0.868
48.355556,347.658,64.922,0.874
48.367166,346.942,64.886,0.886
48.378776,346.519,64.865,0.899
48.390385,347.528,64.916,0.909
48.401995,348.235,64.951,0.916
48.413605,349.869,65.032,0.918
48.425215,353.357,65.203,0.913
48.436825,358.450,65.451,0.913
48.448435,361.668,65.606,0.919
48.460045,364.431,65.738,0.922
48.471655,366.427,65.832,0.921
48.483265,367.988,65.906,0.919
48.494875,369.180,65.962,0.922
48.506485,370.045,66.002,0.926
48.518095,370.629,66.030,0.926
48.529705,370.918,66.043,0.914
48.541315,371.015,66.048,0.901
48.552925,370.953,66.045,0.885
48.564535,370.982,66.046,0.869
48.576145,370.251,66.012,0.860
48.587755,366.237,65.823,0.852
48.599365,358.852,65.471,0.850
48.610975,353.371,65.204,0.849
48.622585,350.871,65.081,0.851
48.634195,350.767,65.076,0.849
48.645805,350.805,65.078,0.848
48.657415,350.217,65.049,0.845
48.669025,347.617,64.920,0.828
48.680635,341.366,64.606,0.795
48.692245,334.627,64.261,0.736
48.703855,327.009,63.862,0.645
48.715465,242.549,58.689,0.580
48.727075,243.647,58.767,0.585
48.738685,236.698,58.267,0.613
48.750295,297.855,62.245,0.698
48.761905,296.650,62.175,0.739
48.773515,295.903,62.131,0.772
48.785125,294.883,62.072,0.798
48.796735,293.977,62.018,0.811
48.808345,293.874,62.012,0.823
48.819955,293.824,62.009,0.834
48.831565,293.699,62.002,0.840
48.843175,292.921,61.956,0.825
48.854785,292.515,61.932,0.816
48.866395,292.350,61.922,0.806
48.878005,293.333,61.980,0.795
48.889615,147.133,50.035,0.799
48.901224,296.640,62.175,0.813
48.912834,296.029,62.139,0.828
48.924444,295.277,62.095,0.837
48.936054,294.888,62.072,0.847
48.947664,294.628,62.057,0.863
48.959274,294.132,62.028,0.875
48.970884,293.395,61.984,0.885
48.982494,292.713,61.944,0.886
48.994104,291.888,61.895,0.886
49.005714,291.472,61.870,0.880
49.017324,291.894,61.895,0.884
49.028934,292.422,61.927,0.884
49.040544,293.612,61.997,0.882
49.052154,295.950,62.134,0.881
49.063764,298.664,62.292,0.883
49.075374,299.164,62.321,0.888
49.086984,299.339,62.331,0.891
49.098594,298.519,62.284,0.895
49.110204,297.604,62.231,0.890
49.121814,294.737,62.063,0.893
49.133424,291.945,61.898,0.888
49.145034,290.719,61.825,0.885
49.156644,290.103,61.789,0.881
49.168254,289.828,61.772,0.879
49.179864,289.712,61.765,0.880
49.191474,290.153,61.792,0.880
49.203084,290.374,61.805,0.882
49.214694,291.002,61.842,0.882
49.226304,291.102,61.848,0.882
49.237914,290.046,61.785,0.886
49.249524,561.093,73.209,0.887
49.261134,559.899,73.172,0.885
49.272744,558.674,73.134,0.878
49.284354,254.787,59.541,0.873
49.295964,252.521,59.387,0.872
49.307574,251.096,59.289,0.866
49.319184,250.010,59.214,0.868
49.330794,248.951,59.140,0.867
49.342404,248.193,59.088,0.867
49.354014,247.619,59.047,0.870
49.365624,247.261,59.022,0.876
49.377234,247.257,59.022,0.885
49.388844,247.321,59.027,0.885
49.400454,247.310,59.026,0.886
49.412063,247.263,59.023,0.884
49.423673,247.399,59.032,0.880
49.435283,247.549,59.043,0.872
49.446893,247.445,59.035,0.873
49.458503,247.622,59.048,0.875
49.470113,247.214,59.019,0.867
49.481723,245.568,58.903,0.877
49.493333,244.839,58.852,0.871
49.504943,1002.273,83.252,0.872
49.516553,1002.273,83.252,0.869
49.528163,1002.273,83.252,0.865
49.539773,1002.273,83.252,0.855
49.551383,1002.273,83.252,0.832
49.562993,972.185,82.725,0.813
49.574603,1002.273,83.252,0.768
49.586213,1002.273,83.252,0.743
49.597823,965.168,82.599,0.697
49.609433,974.103,82.759,0.658
49.621043,958.506,82.479,0.622
49.632653,123.910,47.062,0.566
49.644263,123.955,47.068,0.528
49.655873,149.042,50.259,0.508
49.667483,149.323,50.291,0.491
49.679093,123.824,47.049,0.485
49.690703,149.570,50.320,0.479
49.702313,123.423,46.993,0.474
49.713923,82.716,40.065,0.471
49.725533,123.514,47.006,0.465
49.737143,123.497,47.004,0.460
49.748753,123.659,47.026,0.456
49.760363,144.114,49.677,0.447
49.771973,144.016,49.665,0.443
49.783583,286.462,61.570,0.439
49.795193,284.803,61.470,0.429
49.806803,285.953,61.539,0.422
49.818413,248.706,59.123,0.418
49.830023,248.846,59.133,0.413
49.841633,248.824,59.131,0.406
49.853243,248.854,59.134,0.403
49.864853,248.362,59.099,0.389
49.876463,248.369,59.100,0.379
49.888073,248.618,59.117,0.378
49.899683,248.574,59.114,0.375
49.911293,248.234,59.090,0.376
49.922902,248.054,59.078,0.380
49.934512,247.981,59.073,0.381
49.946122,247.659,59.050,0.380
49.957732,247.380,59.031,0.377
49.969342,247.408,59.033,0.377
49.980952,247.347,59.028,0.377
49.992562,247.266,59.023,0.370
50.004172,247.362,59.029,0.363
50.015782,247.263,59.023,0.351
50.027392,247.285,59.024,0.343
50.039002,247.079,59.010,0.339
50.050612,247.099,59.011,0.333
50.062222,246.854,58.994,0.332
50.073832,246.615,58.977,0.327
50.085442,245.968,58.932,0.323
50.097052,245.487,58.898,0.319
50.108662,245.114,58.871,0.315
50.120272,245.869,58.925,0.306
50.131882,372.483,66.116,0.298
50.143492,372.791,66.130,0.293
50.155102,372.742,66.128,0.275
50.166712,247.067,59.009,0.258
50.178322,246.825,58.992,0.249
50.189932,247.390,59.031,0.231
50.201542,1002.273,83.252,0.215
50.213152,1002.273,83.252,0.212
50.224762,372.200,66.103,0.204
50.236372,371.545,66.072,0.199
50.247982,185.097,54.009,0.204
50.259592,185.188,54.018,0.198
50.271202,373.010,66.141,0.194
50.282812,373.321,66.155,0.192
50.294422,373.000,66.140,0.189
50.306032,249.218,59.159,0.180
50.317642,248.598,59.116,0.170
50.329252,248.803,59.130,0.157
50.340862,248.576,59.114,0.142
50.352472,248.593,59.115,0.137
50.364082,146.904,50.008,0.131
50.375692,442.295,69.090,0.126
50.387302,442.080,69.082,0.115
50.398912,97.058,42.833,0.111
50.410522,442.292,69.090,0.108
50.422132,147.933,50.129,0.099
50.433741,148.099,50.149,0.095
50.445351,247.617,59.047,0.091
50.456961,247.610,59.047,0.076
50.468571,247.322,59.027,0.070
50.480181,247.333,59.027,0.065
50.491791,247.732,59.055,0.058
50.503401,247.331,59.027,0.049
50.515011,246.955,59.001,0.043
50.526621,246.542,58.972,0.035
50.538231,246.684,58.982,0.030
50.549841,246.805,58.990,0.030
50.561451,123.620,47.021,0.031
50.573061,123.575,47.015,0.032
50.584671,123.747,47.039,0.036
50.596281,123.852,47.053,0.034
50.607891,123.969,47.070,0.030
50.619501,370.466,66.022,0.024
50.631111,370.522,66.025,0.026
50.642721,248.191,59.087,0.024
50.654331,124.378,47.127,0.021
50.665941,248.597,59.116,0.013
50.677551,248.644,59.119,0.005
50.689161,,,0.000
50.700771,,,0.000
50.712381,,,0.000
50.723991,,,0.000
50.735601,,,0.000
50.747211,,,0.000
50.758821,,,0.000
50.770431,,,0.000
50.782041,,,0.000
50.793651,,,0.000
50.805261,,,0.000
50.816871,,,0.000
50.828481,,,0.000
50.840091,,,0.000
50.851701,,,0.000
50.863311,,,0.000
50.874921,,,0.000
50.886531,,,0.000
50.898141,,,0.000
50.909751,,,0.000
50.921361,,,0.000
50.932971,,,0.000
50.944580,,,0.000
50.956190,,,0.000
50.967800,,,0.000
50.979410,,,0.000
50.991020,,,0.000
51.002630,,,0.000
51.014240,,,0.000
51.025850,,,0.000
51.037460,,,0.000
51.049070,,,0.000
51.060680,,,0.000
51.072290,,,0.000
51.083900,,,0.000
51.095510,,,0.000
51.107120,,,0.000
51.118730,,,0.000
51.130340,,,0.000
51.141950,,,0.000
51.153560,,,0.000
51.165170,,,0.000
51.176780,,,0.000
51.188390,,,0.000
51.200000,,,0.000
51.211610,,,0.000
51.223220,,,0.000
51.234830,,,0.000
51.246440,,,0.000
51.258050,,,0.000
51.269660,,,0.000
51.281270,,,0.000
51.292880,,,0.000
51.304490,,,0.000
51.316100,,,0.000
51.327710,,,0.000
51.339320,,,0.000
51.350930,,,0.000
51.362540,,,0.000
51.374150,,,0.000
51.385760,,,0.000
51.397370,,,0.000
51.408980,,,0.000
51.420590,,,0.000
51.432200,,,0.000
51.443810,,,0.000
51.455420,,,0.000
51.467029,,,0.000
51.478639,,,0.000
51.490249,,,0.000
51.501859,,,0.000
51.513469,,,0.000
51.525079,,,0.000
51.536689,,,0.000
51.548299,,,0.000
51.559909,,,0.000
51.571519,,,0.000
51.583129,,,0.000
51.594739,,,0.000
51.606349,,,0.000
51.617959,,,0.000
51.629569,,,0.000
51.641179,,,0.000
51.652789,,,0.000
51.664399,,,0.000
51.676009,,,0.000
51.687619,,,0.000
51.699229,,,0.000
51.710839,,,0.000
51.722449,,,0.000
51.734059,,,0.000
51.745669,,,0.000
51.757279,,,0.000
51.768889,,,0.000
51.780499,,,0.000
51.792109,,,0.000
51.803719,,,0.000
51.815329,,,0.000
51.826939,,,0.000
51.838549,,,0.000
51.850159,,,0.000
51.861769,,,0.000
51.873379,,,0.000
51.884989,,,0.000
51.896599,,,0.000
51.908209,,,0.000
51.919819,,,0.000
51.931429,,,0.000
51.943039,,,0.000
51.954649,,,0.000
51.966259,,,0.000
51.977868,,,0.000
51.989478,,,0.000
52.001088,,,0.000
52.012698,,,0.000
52.024308,,,0.000
52.035918,,,0.000
52.047528,,,0.000
52.059138,,,0.000
52.070748,,,0.000
52.082358,,,0.000
52.093968,,,0.000
52.105578,,,0.000
52.117188,,,0.000
52.128798,,,0.000
52.140408,,,0.000
52.152018,,,0.000
52.163628,,,0.000
52.175238,,,0.000
52.186848,,,0.000
52.198458,,,0.000
52.210068,,,0.000
52.221678,,,0.000
52.233288,,,0.000
52.244898,,,0.000
52.256508,,,0.000
52.268118,,,0.000
52.279728,,,0.000
52.291338,,,0.000
52.302948,,,0.000
52.314558,,,0.000
52.326168,,,0.000
52.337778,,,0.000
52.349388,,,0.000
52.360998,,,0.000
52.372608,,,0.000
52.384218,,,0.000
52.395828,,,0.000
52.407438,,,0.000
52.419048,,,0.000
52.430658,,,0.000
52.442268,,,0.000
52.453878,,,0.000
52.465488,,,0.000
52.477098,,,0.000
52.488707,,,0.000
52.500317,,,0.000
52.511927,,,0.000
52.523537,,,0.000
52.535147,,,0.000
52.546757,,,0.000
52.558367,,,0.000
52.569977,,,0.000
52.581587,,,0.000
52.593197,,,0.000
52.604807,,,0.000
52.616417,,,0.000
52.628027,,,0.000
52.639637,,,0.000
52.651247,,,0.000
52.662857,,,0.000
52.674467,,,0.000
52.686077,,,0.000
52.697687,,,0.000
52.709297,,,0.000
52.720907,,,0.000
52.732517,,,0.000
52.744127,,,0.000
52.755737,,,0.000
52.767347,,,0.000
52.778957,,,0.000
52.790567,,,0.000
52.802177,,,0.000
52.813787,,,0.000
52.825397,,,0.000
52.837007,,,0.000
52.848617,,,0.000
52.860227,,,0.000
52.871837,,,0.000
52.883447,,,0.000
52.895057,,,0.000
52.906667,,,0.000
52.918277,,,0.000
52.929887,,,0.000
52.941497,,,0.000
52.953107,,,0.000
52.964717,,,0.000
52.976327,,,0.000
52.987937,,,0.000
52.999546,,,0.000
53.011156,,,0.000
53.022766,,,0.000
53.034376,,,0.000
53.045986,,,0.000
53.057596,,,0.000
53.069206,,,0.000
53.080816,,,0.000
53.092426,,,0.000
53.104036,,,0.000
53.115646,,,0.000
53.127256,,,0.000
53.138866,,,0.000
53.150476,,,0.000
53.162086,,,0.000
53.173696,,,0.000
53.185306,,,0.000
53.196916,,,0.000
53.208526,,,0.000
53.220136,,,0.000
53.231746,,,0.000
53.243356,,,0.000
53.254966,,,0.000
53.266576,,,0.000
53.278186,,,0.000
53.289796,,,0.000
53.301406,293.740,62.004,0.409
53.313016,239.104,58.442,0.603
53.324626,248.179,59.087,0.706
53.336236,251.887,59.343,0.756
53.347846,254.936,59.552,0.793
53.359456,259.278,59.844,0.830
53.371066,263.105,60.098,0.854
53.382676,266.165,60.298,0.867
53.394286,271.508,60.642,0.874
53.405896,279.640,61.153,0.880
53.417506,285.581,61.517,0.880
53.429116,288.461,61.690,0.878
53.440726,290.510,61.813,0.876
53.452336,292.192,61.913,0.864
53.463946,293.724,62.003,0.853
53.475556,294.526,62.051,0.849
53.487166,294.752,62.064,0.846
53.498776,294.516,62.050,0.835
53.510385,292.516,61.932,0.822
53.521995,293.682,62.001,0.808
53.533605,294.559,62.053,0.790
53.545215,295.222,62.092,0.777
53.556825,297.002,62.196,0.764
53.568435,284.194,61.432,0.754
53.580045,283.940,61.417,0.743
53.591655,276.014,60.927,0.730
53.603265,123.166,46.957,0.717
53.614875,224.919,57.383,0.726
53.626485,288.498,61.693,0.743
53.638095,290.609,61.819,0.753
53.649705,300.200,62.381,0.771
53.661315,300.303,62.387,0.786
53.672925,299.619,62.348,0.801
53.684535,298.525,62.284,0.814
53.696145,297.765,62.240,0.825
53.707755,296.893,62.189,0.833
53.719365,296.261,62.152,0.838
53.730975,295.627,62.115,0.846
53.742585,294.700,62.061,0.849
53.754195,294.161,62.029,0.855
53.765805,293.695,62.002,0.858
53.777415,293.424,61.986,0.856
53.789025,293.086,61.966,0.858
53.800635,292.843,61.951,0.866
53.812245,292.852,61.952,0.872
53.823855,293.307,61.979,0.870
53.835465,294.131,62.027,0.867
53.847075,294.446,62.046,0.861
53.858685,294.517,62.050,0.854
53.870295,294.853,62.070,0.844
53.881905,295.533,62.110,0.827
53.893515,296.749,62.181,0.800
53.905125,296.788,62.183,0.785
53.916735,295.552,62.111,0.788
53.928345,293.725,62.004,0.800
53.939955,291.921,61.897,0.804
53.951565,291.910,61.896,0.801
53.963175,291.401,61.866,0.808
53.974785,290.758,61.828,0.821
53.986395,291.973,61.900,0.825
53.998005,292.688,61.942,0.817
54.009615,292.445,61.928,0.801
54.021224,291.971,61.900,0.777
54.032834,292.714,61.944,0.755
54.044444,293.626,61.998,0.748
54.056054,294.283,62.036,0.748
54.067664,123.195,46.961,0.744
54.079274,448.189,69.319,0.755
54.090884,445.701,69.223,0.771
54.102494,447.592,69.296,0.791
54.114104,447.858,69.306,0.814
54.125714,446.051,69.236,0.842
54.137324,444.254,69.167,0.867
54.148934,442.515,69.099,0.886
54.160544,441.162,69.046,0.898
54.172154,440.078,69.003,0.907
54.183764,438.666,68.947,0.912
54.195374,437.729,68.910,0.916
54.206984,436.458,68.860,0.916
54.218594,435.151,68.808,0.902
54.230204,434.115,68.767,0.886
54.241814,433.838,68.756,0.867
54.253424,433.649,68.748,0.847
54.265034,433.942,68.760,0.823
54.276644,436.370,68.857,0.796
54.288254,437.127,68.887,0.765
54.299864,439.546,68.982,0.727
54.311474,367.615,65.888,0.723
54.323084,367.919,65.903,0.716
54.334694,85.138,40.564,0.710
54.346304,760.171,78.466,0.707
54.357914,712.400,77.342,0.706
54.369524,282.435,61.325,0.722
54.381134,282.657,61.339,0.739
54.392744,313.338,63.123,0.756
54.404354,326.258,63.822,0.768
54.415964,329.486,63.993,0.789
54.427574,331.284,64.087,0.815
54.439184,333.363,64.195,0.839
54.450794,333.662,64.211,0.860
54.462404,333.292,64.191,0.871
54.474014,332.875,64.170,0.880
54.485624,332.777,64.165,0.888
54.497234,332.488,64.150,0.896
54.508844,332.632,64.157,0.899
54.520454,333.232,64.188,0.892
54.532063,335.641,64.313,0.892
54.543673,721.990,77.574,0.891
54.555283,737.879,77.951,0.897
54.566893,746.485,78.151,0.900
54.578503,749.629,78.224,0.908
54.590113,749.555,78.222,0.913
54.601723,373.815,66.178,0.916
54.613333,373.241,66.151,0.923
54.624943,373.287,66.153,0.921
54.636553,371.264,66.059,0.921
54.648163,369.039,65.955,0.919
54.659773,368.333,65.922,0.918
54.671383,368.500,65.930,0.913
54.682993,370.344,66.016,0.911
54.694603,373.214,66.150,0.912
54.706213,374.922,66.229,0.915
54.717823,374.998,66.233,0.919
54.729433,374.423,66.206,0.924
54.741043,373.758,66.175,0.922
54.752653,372.408,66.113,0.922
54.764263,741.568,78.037,0.923
54.775873,368.561,65.933,0.926
54.787483,367.501,65.883,0.920
54.799093,367.384,65.877,0.916
54.810703,369.070,65.957,0.918
54.822313,371.613,66.076,0.914
54.833923,372.717,66.127,0.919
54.845533,373.125,66.146,0.923
54.857143,373.587,66.167,0.917
54.868753,373.985,66.186,0.903
54.880363,373.427,66.160,0.899
54.891973,372.268,66.106,0.891
54.903583,370.470,66.022,0.883
54.915193,369.160,65.961,0.874
54.926803,368.406,65.926,0.850
54.938413,367.656,65.890,0.818
54.950023,367.980,65.905,0.800
54.961633,367.959,65.904,0.799
54.973243,368.154,65.914,0.788
54.984853,368.491,65.929,0.779
54.996463,368.924,65.950,0.783
55.008073,452.206,69.474,0.792
55.019683,451.361,69.441,0.818
55.031293,450.222,69.398,0.847
55.042902,449.219,69.359,0.870
55.054512,448.347,69.325,0.887
55.066122,446.798,69.265,0.901
55.077732,445.256,69.206,0.911
55.089342,443.628,69.142,0.913
55.100952,442.115,69.083,0.912
55.112562,441.128,69.044,0.907
55.124172,440.045,69.002,0.900
55.135782,439.016,68.961,0.893
55.147392,438.503,68.941,0.884
55.159002,438.863,68.955,0.880
55.170612,439.154,68.967,0.878
55.182222,439.756,68.990,0.880
55.193832,440.056,69.002,0.881
55.205442,439.784,68.991,0.890
55.217052,439.519,68.981,0.893
55.228662,438.846,68.955,0.898
55.240272,437.690,68.909,0.904
55.251882,436.343,68.856,0.904
55.263492,435.510,68.822,0.892
55.275102,434.691,68.790,0.886
55.286712,435.208,68.810,0.882
55.298322,434.833,68.795,0.876
55.309932,437.370,68.896,0.883
55.321542,441.722,69.068,0.880
55.333152,363.117,65.675,0.875
55.344762,361.355,65.591,0.878
55.356372,358.595,65.458,0.894
55.367982,352.668,65.170,0.901
55.379592,347.152,64.897,0.909
55.391202,346.298,64.854,0.915
55.402812,344.686,64.773,0.912
55.414422,346.520,64.865,0.921
55.426032,354.272,65.248,0.931
55.437642,359.051,65.480,0.935
55.449252,362.124,65.628,0.936
55.460862,364.558,65.744,0.938
55.472472,366.512,65.836,0.937
55.484082,367.800,65.897,0.936
55.495692,368.793,65.944,0.934
55.507302,369.646,65.984,0.929
55.518912,370.486,66.023,0.916
55.530522,370.485,66.023,0.898
55.542132,370.109,66.005,0.880
55.553741,369.714,65.987,0.857
55.565351,369.347,65.970,0.833
55.576961,369.060,65.956,0.808
55.588571,368.270,65.919,0.787
55.600181,310.067,62.941,0.762
55.611791,342.793,64.678,0.784
55.623401,345.309,64.805,0.814
55.635011,348.430,64.960,0.836
55.646621,347.632,64.921,0.846
55.658231,344.887,64.783,0.857
55.669841,340.865,64.580,0.868
55.681451,337.620,64.415,0.875
55.693061,336.418,64.353,0.880
55.704671,336.011,64.332,0.873
55.716281,337.533,64.410,0.873
55.727891,338.968,64.484,0.877
55.739501,337.523,64.410,0.887
55.751111,897.364,81.338,0.894
55.762721,360.765,65.563,0.902
55.774331,364.275,65.730,0.912
55.785941,365.568,65.792,0.917
55.797551,367.105,65.864,0.914
55.809161,368.241,65.918,0.902
55.820771,369.415,65.973,0.885
55.832381,369.756,65.989,0.867
55.843991,370.201,66.010,0.843
55.855601,369.612,65.982,0.806
55.867211,370.257,66.012,0.742
55.878821,371.905,66.089,0.694
55.890431,357.839,65.422,0.692
55.902041,358.459,65.452,0.748
55.913651,356.465,65.355,0.782
55.925261,354.389,65.254,0.808
55.936871,352.905,65.181,0.833
55.948481,347.214,64.900,0.857
55.960091,344.564,64.767,0.874
55.971701,342.048,64.640,0.884
55.983311,339.499,64.511,0.893
55.994921,336.546,64.360,0.896
56.006531,333.750,64.215,0.900
56.018141,332.005,64.124,0.901
56.029751,329.804,64.009,0.904
56.041361,327.663,63.897,0.902
56.052971,325.826,63.799,0.900
56.064580,646.115,75.651,0.898
56.076190,637.895,75.430,0.897
56.087800,627.268,75.139,0.895
56.099410,617.496,74.867,0.895
56.111020,608.871,74.624,0.896
56.122630,598.440,74.324,0.896
56.134240,590.570,74.095,0.899
56.145850,587.766,74.013,0.905
56.157460,586.681,73.981,0.906
56.169070,587.112,73.994,0.907
56.180680,588.087,74.022,0.906
56.192290,589.648,74.068,0.905
56.203900,591.633,74.126,0.905
56.215510,593.635,74.185,0.903
56.227120,595.896,74.251,0.900
56.238730,597.934,74.310,0.896
56.250340,598.597,74.329,0.896
56.261950,596.625,74.272,0.899
56.273560,296.273,62.153,0.899
56.285170,294.769,62.065,0.897
56.296780,293.196,61.972,0.897
56.308390,292.432,61.927,0.904
56.320000,292.430,61.927,0.906
56.331610,292.854,61.952,0.908
56.343220,293.309,61.979,0.906
56.354830,295.170,62.089,0.904
56.366440,297.830,62.244,0.907
56.378050,299.266,62.327,0.915
56.389660,299.833,62.360,0.915
56.401270,299.794,62.358,0.911
56.412880,298.983,62.311,0.905
56.424490,298.036,62.256,0.897
56.436100,297.288,62.212,0.891
56.447710,296.541,62.169,0.878
56.459320,294.217,62.033,0.863
56.470930,291.439,61.868,0.847
56.482540,292.331,61.921,0.831
56.494150,578.989,73.752,0.819
56.505760,292.256,61.917,0.823
56.517370,428.919,68.558,0.838
56.528980,436.147,68.848,0.860
56.540590,439.279,68.972,0.875
56.552200,440.162,69.006,0.889
56.563810,441.937,69.076,0.902
56.575420,915.629,81.687,0.915
56.587029,440.980,69.039,0.921
56.598639,440.600,69.024,0.924
56.610249,441.079,69.042,0.929
56.621859,440.010,69.000,0.927
56.633469,438.279,68.932,0.928
56.645079,436.470,68.861,0.931
56.656689,435.589,68.826,0.914
56.668299,435.350,68.816,0.898
56.679909,434.631,68.787,0.885
56.691519,435.369,68.817,0.872
56.703129,429.894,68.598,0.847
56.714739,418.734,68.142,0.819
56.726349,814.091,79.652,0.788
56.737959,193.185,54.750,0.730
56.749569,193.269,54.757,0.733
56.761179,193.321,54.762,0.732
56.772789,193.369,54.766,0.724
56.784399,193.353,54.765,0.717
56.796009,193.359,54.765,0.713
56.807619,193.394,54.768,0.706
56.819229,305.010,62.656,0.727
56.830839,345.813,64.830,0.735
56.842449,343.593,64.718,0.761
56.854059,337.851,64.427,0.786
56.865669,334.530,64.256,0.805
56.877279,330.834,64.063,0.826
56.888889,329.243,63.980,0.851
56.900499,329.120,63.973,0.869
56.912109,329.771,64.008,0.879
56.923719,330.433,64.042,0.891
56.935329,330.579,64.050,0.897
56.946939,332.016,64.125,0.902
56.958549,334.774,64.268,0.909
56.970159,750.755,78.250,0.919
56.981769,745.915,78.138,0.927
56.993379,747.518,78.175,0.932
57.004989,749.389,78.219,0.938
57.016599,374.127,66.192,0.935
57.028209,374.355,66.203,0.933
57.039819,374.340,66.202,0.931
57.051429,747.309,78.170,0.929
57.063039,743.946,78.092,0.925
57.074649,369.696,65.986,0.918
57.086259,369.201,65.963,0.917
57.097868,369.826,65.992,0.918
57.109478,371.575,66.074,0.926
57.121088,373.130,66.146,0.933
57.132698,374.159,66.194,0.937
57.144308,374.475,66.208,0.940
57.155918,374.341,66.202,0.941
57.167528,373.290,66.153,0.939
57.179138,371.347,66.063,0.940
57.190748,369.590,65.981,0.942
57.202358,369.175,65.962,0.944
57.213968,369.335,65.969,0.941
57.225578,369.860,65.994,0.943
57.237188,370.885,66.042,0.943
57.248798,372.005,66.094,0.942
57.260408,372.958,66.138,0.942
57.272018,373.684,66.172,0.938
57.283628,374.144,66.193,0.929
57.295238,373.656,66.170,0.919
57.306848,372.070,66.097,0.916
57.318458,370.753,66.035,0.900
57.330068,369.498,65.977,0.880
57.341678,368.236,65.918,0.862
57.353288,366.532,65.837,0.848
57.364898,364.270,65.730,0.831
57.376508,362.002,65.622,0.807
57.388118,241.816,58.637,0.777
57.399728,248.670,59.121,0.754
57.411338,251.153,59.293,0.762
57.422948,372.113,66.099,0.795
57.434558,374.485,66.209,0.815
57.446168,375.801,66.270,0.818
57.457778,443.236,69.127,0.826
57.469388,445.603,69.219,0.841
57.480998,446.672,69.261,0.865
57.492608,447.698,69.300,0.887
57.504218,445.586,69.218,0.894
57.515828,443.735,69.146,0.889
57.527438,442.977,69.117,0.888
57.539048,443.132,69.123,0.894
57.550658,443.470,69.136,0.898
57.562268,444.010,69.157,0.901
57.573878,444.092,69.160,0.901
57.585488,444.117,69.161,0.890
57.597098,445.164,69.202,0.893
57.608707,445.713,69.223,0.892
57.620317,446.713,69.262,0.881
57.631927,446.984,69.273,0.866
57.643537,446.825,69.266,0.847
57.655147,445.618,69.220,0.824
57.666757,444.722,69.185,0.794
57.678367,442.729,69.107,0.764
57.689977,437.286,68.893,0.726
57.701587,150.928,50.476,0.699
57.713197,148.356,50.179,0.705
57.724807,79.891,39.463,0.714
57.736417,305.184,62.666,0.727
57.748027,348.122,64.945,0.763
57.759637,346.575,64.868,0.809
57.771247,348.950,64.986,0.840
57.782857,349.825,65.030,0.868
57.794467,350.615,65.069,0.883
57.806077,350.346,65.055,0.892
57.817687,349.451,65.011,0.900
57.829297,348.366,64.957,0.912
57.840907,347.721,64.925,0.919
57.852517,346.490,64.864,0.919
57.864127,344.813,64.780,0.915
57.875737,344.768,64.777,0.909
57.887347,344.974,64.788,0.905
57.898957,346.605,64.869,0.908
57.910567,353.504,65.211,0.909
57.922177,362.999,65.670,0.903
57.933787,367.727,65.894,0.893
57.945397,370.258,66.012,0.885
57.957007,370.344,66.016,0.884
57.968617,369.139,65.960,0.882
57.980227,367.479,65.882,0.886
57.991837,365.960,65.810,0.886
58.003447,365.982,65.811,0.885
58.015057,366.184,65.821,0.884
58.026667,366.804,65.850,0.885
58.038277,367.967,65.905,0.878
58.049887,370.305,66.015,0.866
58.061497,372.312,66.108,0.850
58.073107,373.995,66.186,0.835
58.084717,375.043,66.235,0.828
58.096327,375.164,66.240,0.827
58.107937,374.173,66.194,0.830
58.119546,368.718,65.940,0.832
58.131156,363.780,65.707,0.837
58.142766,362.970,65.668,0.848
58.154376,363.837,65.709,0.855
58.165986,365.394,65.783,0.857
58.177596,367.809,65.897,0.851
58.189206,373.197,66.149,0.843
58.200816,414.037,67.947,0.852
58.212426,421.996,68.277,0.863
58.224036,425.155,68.406,0.877
58.235646,427.085,68.484,0.881
58.247256,429.517,68.583,0.894
58.258866,431.281,68.653,0.911
58.270476,433.025,68.723,0.927
58.282086,434.304,68.774,0.943
58.293696,436.702,68.870,0.951
58.305306,438.537,68.942,0.952
58.316916,440.463,69.018,0.948
58.328526,441.894,69.074,0.949
58.340136,442.202,69.086,0.954
58.351746,441.205,69.047,0.956
58.363356,440.011,69.000,0.959
58.374966,438.988,68.960,0.955
58.386576,438.290,68.933,0.946
58.398186,437.807,68.913,0.939
58.409796,436.598,68.866,0.938
58.421406,433.610,68.747,0.941
58.433016,429.612,68.586,0.933
58.444626,424.902,68.396,0.924
58.456236,417.981,68.111,0.914
58.467846,406.040,67.609,0.907
58.479456,397.406,67.237,0.912
58.491066,390.909,66.952,0.921
58.502676,382.583,66.579,0.926
58.514286,375.964,66.277,0.922
58.525896,373.651,66.170,0.917
58.537506,372.277,66.106,0.908
58.549116,370.554,66.026,0.892
58.560726,369.652,65.984,0.878
58.572336,369.363,65.970,0.856
58.583946,369.467,65.975,0.825
58.595556,370.003,66.000,0.782
58.607166,369.450,65.974,0.759
58.618776,369.884,65.995,0.726
58.630385,364.051,65.720,0.724
58.641995,366.215,65.822,0.753
58.653605,370.657,66.031,0.772
58.665215,371.443,66.068,0.772
58.676825,371.604,66.075,0.775
58.688435,371.724,66.081,0.779
58.700045,372.072,66.097,0.763
58.711655,372.048,66.096,0.775
58.723265,372.754,66.129,0.778
58.734875,373.404,66.159,0.773
58.746485,368.703,65.939,0.767
58.758095,366.743,65.847,0.764
58.769705,365.637,65.795,0.759
58.781315,369.294,65.967,0.777
58.792925,367.079,65.863,0.796
58.804535,370.752,66.035,0.819
58.816145,434.136,68.768,0.825
58.827755,435.520,68.823,0.827
58.839365,436.105,68.846,0.833
58.850975,437.464,68.900,0.849
58.862585,438.575,68.944,0.875
58.874195,439.400,68.976,0.897
58.885805,439.688,68.988,0.913
58.897415,439.248,68.970,0.921
58.909025,439.486,68.980,0.930
58.920635,441.406,69.055,0.937
58.932245,444.075,69.160,0.941
58.943855,447.558,69.295,0.946
58.955465,452.596,69.489,0.946
58.967075,459.243,69.741,0.939
58.978685,469.394,70.120,0.936
58.990295,479.624,70.493,0.935
59.001905,485.560,70.706,0.936
59.013515,488.762,70.820,0.939
59.025125,490.676,70.887,0.941
59.036735,492.363,70.947,0.940
59.048345,493.292,70.979,0.937
59.059955,493.508,70.987,0.934
59.071565,493.034,70.970,0.925
59.083175,492.544,70.953,0.914
59.094785,492.550,70.953,0.903
59.106395,493.340,70.981,0.893
59.118005,494.707,71.029,0.889
59.129615,496.155,71.079,0.893
59.141224,496.725,71.099,0.884
59.152834,497.163,71.115,0.872
59.164444,498.004,71.144,0.858
59.176054,499.183,71.185,0.843
59.187664,500.401,71.227,0.828
59.199274,500.521,71.231,0.813
59.210884,495.816,71.068,0.785
59.222494,461.686,69.833,0.728
59.234104,461.841,69.839,0.719
59.245714,467.437,70.047,0.758
59.257324,471.927,70.213,0.779
59.268934,465.253,69.966,0.799
59.280544,458.595,69.717,0.826
59.292154,453.463,69.522,0.837
59.303764,452.973,69.503,0.843
59.315374,452.539,69.486,0.844
59.326984,452.180,69.473,0.838
59.338594,449.419,69.367,0.819
59.350204,444.224,69.165,0.805
59.361814,439.627,68.985,0.785
59.373424,213.697,56.497,0.746
59.385034,459.060,69.734,0.716
59.396644,459.180,69.739,0.700
59.408254,459.281,69.742,0.694
59.419864,459.028,69.733,0.689
59.431474,457.952,69.692,0.716
59.443084,449.049,69.352,0.744
59.454694,448.479,69.330,0.780
59.466304,446.833,69.267,0.810
59.477914,446.656,69.260,0.836
59.489524,445.371,69.210,0.874
59.501134,443.631,69.142,0.904
59.512744,442.524,69.099,0.928
59.524354,442.534,69.099,0.947
59.535964,442.543,69.100,0.960
59.547574,442.066,69.081,0.970
59.559184,441.419,69.056,0.980
59.570794,881.036,81.020,0.986
59.582404,879.517,80.991,0.983
59.594014,439.452,68.978,0.978
59.605624,437.696,68.909,0.974
59.617234,434.084,68.766,0.965
59.628844,858.467,80.571,0.957
59.640454,844.644,80.290,0.950
59.652063,827.155,79.928,0.943
59.663673,811.230,79.591,0.934
59.675283,796.712,79.279,0.929
59.686893,782.498,78.967,0.926
59.698503,770.108,78.691,0.923
59.710113,760.558,78.475,0.924
59.721723,375.020,66.234,0.921
59.733333,372.206,66.103,0.917
59.744943,369.824,65.992,0.910
59.756553,368.832,65.946,0.906
59.768163,368.329,65.922,0.903
59.779773,368.380,65.924,0.894
59.791383,368.662,65.938,0.877
59.802993,369.136,65.960,0.862
59.814603,369.410,65.973,0.848
59.826213,369.518,65.978,0.838
59.837823,369.880,65.995,0.831
59.849433,370.795,66.037,0.833
59.861043,371.422,66.067,0.835
59.872653,371.593,66.075,0.846
59.884263,371.118,66.053,0.858
59.895873,369.991,66.000,0.869
59.907483,369.441,65.974,0.869
59.919093,368.760,65.942,0.865
59.930703,367.686,65.892,0.864
59.942313,366.879,65.854,0.860
59.953923,366.707,65.845,0.857
59.965533,367.338,65.875,0.848
59.977143,368.362,65.923,0.839
59.988753,369.588,65.981,0.831
60.000363,370.105,66.005,0.845
60.011973,371.300,66.061,0.864
60.023583,372.468,66.115,0.865
60.035193,373.152,66.147,0.866
60.046803,373.877,66.181,0.872
60.058413,374.012,66.187,0.879
60.070023,374.188,66.195,0.892
60.081633,374.252,66.198,0.902
60.093243,374.161,66.194,0.905
60.104853,373.132,66.146,0.900
60.116463,371.611,66.075,0.905
60.128073,369.675,65.985,0.908
60.139683,366.898,65.854,0.909
60.151293,363.618,65.699,0.913
60.162902,360.127,65.532,0.918
60.174512,355.891,65.327,0.919
60.186122,695.801,76.934,0.925
60.197732,690.925,76.812,0.930
60.209342,685.812,76.684,0.934
60.220952,338.738,64.472,0.938
60.232562,336.514,64.358,0.941
60.244172,334.620,64.260,0.938
60.255782,333.236,64.188,0.931
60.267392,331.998,64.124,0.927
60.279002,330.846,64.064,0.921
60.290612,330.149,64.027,0.915
60.302222,329.695,64.004,0.908
60.313832,329.467,63.992,0.899
60.325442,329.285,63.982,0.886
60.337052,329.280,63.982,0.880
60.348662,329.323,63.984,0.877
60.360272,329.509,63.994,0.873
60.371882,329.739,64.006,0.871
60.383492,329.850,64.012,0.875
60.395102,329.847,64.012,0.885
60.406712,329.589,63.998,0.895
60.418322,329.067,63.971,0.903
60.429932,329.014,63.968,0.896
60.441542,328.787,63.956,0.885
60.453152,328.678,63.950,0.887
60.464762,329.021,63.968,0.890
60.476372,329.121,63.973,0.889
60.487982,329.384,63.987,0.891
60.499592,329.624,64.000,0.887
60.511202,330.042,64.022,0.882
60.522812,329.626,64.000,0.895
60.534422,329.470,63.992,0.907
60.546032,329.292,63.982,0.895
60.557642,328.529,63.942,0.878
60.569252,327.985,63.914,0.862
60.580862,327.589,63.893,0.835
60.592472,327.801,63.904,0.812
60.604082,328.301,63.930,0.792
60.615692,328.506,63.941,0.772
60.627302,327.447,63.885,0.763
60.638912,327.899,63.909,0.792
60.650522,329.581,63.998,0.817
60.662132,330.714,64.057,0.836
60.673741,349.089,64.993,0.859
60.685351,350.540,65.065,0.865
60.696961,351.480,65.111,0.873
60.708571,350.639,65.070,0.880
60.720181,349.241,65.001,0.883
60.731791,349.586,65.018,0.884
60.743401,349.279,65.002,0.887
60.755011,965.489,82.605,0.889
60.766621,1002.273,83.252,0.886
60.778231,331.304,64.088,0.889
60.789841,330.867,64.065,0.890
60.801451,330.180,64.029,0.888
60.813061,329.268,63.981,0.886
60.824671,329.465,63.991,0.881
60.836281,329.396,63.988,0.878
60.847891,328.929,63.963,0.877
60.859501,328.956,63.965,0.858
60.871111,328.777,63.955,0.845
60.882721,327.616,63.894,0.835
60.894331,325.693,63.792,0.827
60.905941,322.702,63.632,0.823
60.917551,218.251,56.862,0.836
60.929161,276.239,60.941,0.835
60.940771,278.458,61.079,0.828
60.952381,284.192,61.432,0.852
60.963991,288.241,61.677,0.870
60.975601,290.589,61.818,0.884
60.987211,292.123,61.909,0.894
60.998821,292.745,61.946,0.899
61.010431,294.223,62.033,0.896
61.022041,293.834,62.010,0.905
61.033651,293.208,61.973,0.908
61.045261,292.670,61.941,0.907
61.056871,292.341,61.922,0.907
61.068481,292.443,61.928,0.903
61.080091,292.851,61.952,0.896
61.091701,293.404,61.985,0.890
61.103311,294.334,62.039,0.878
61.114921,296.445,62.163,0.863
61.126531,297.317,62.214,0.847
61.138141,298.360,62.275,0.827
61.149751,299.451,62.338,0.797
61.161361,300.885,62.420,0.768
61.172971,302.237,62.498,0.735
61.184580,303.217,62.554,0.698
61.196190,304.753,62.642,0.666
61.207800,246.227,58.950,0.662
61.219410,246.587,58.975,0.666
61.231020,247.102,59.011,0.684
61.242630,292.509,61.932,0.745
61.254240,294.990,62.078,0.783
61.265850,299.512,62.341,0.803
61.277460,300.725,62.411,0.825
61.289070,299.798,62.358,0.846
61.300680,298.972,62.310,0.858
61.312290,297.953,62.251,0.871
61.323900,297.271,62.211,0.880
61.335510,297.632,62.232,0.879
61.347120,291.349,61.863,0.880
61.358730,289.192,61.734,0.883
61.370340,287.996,61.663,0.884
61.381950,287.286,61.620,0.882
61.393560,286.824,61.592,0.877
61.405170,287.239,61.617,0.874
61.416780,289.026,61.724,0.875
61.428390,292.035,61.904,0.874
61.440000,293.496,61.990,0.868
61.451610,293.949,62.017,0.864
61.463220,293.815,62.009,0.864
61.474830,292.701,61.943,0.865
61.486440,291.348,61.863,0.867
61.498050,290.889,61.836,0.866
61.509660,290.894,61.836,0.863
61.521270,291.347,61.863,0.860
61.532880,292.271,61.918,0.860
61.544490,293.279,61.977,0.860
61.556100,294.067,62.024,0.856
61.567710,294.541,62.052,0.853
61.579320,294.521,62.050,0.851
61.590930,293.747,62.005,0.850
61.602540,292.583,61.936,0.851
61.614150,291.688,61.883,0.850
61.625760,291.027,61.844,0.853
61.637370,290.342,61.803,0.856
61.648980,289.371,61.745,0.860
61.660590,288.292,61.680,0.860
61.672200,286.990,61.602,0.861
61.683810,285.389,61.505,0.863
61.695420,283.961,61.418,0.858
61.707029,282.565,61.333,0.856
61.718639,281.000,61.237,0.855
61.730249,278.433,61.078,0.859
61.741859,264.277,60.175,0.868
61.753469,258.295,59.778,0.877
61.765079,255.158,59.567,0.881
61.776689,252.252,59.368,0.881
61.788299,250.004,59.213,0.886
61.799909,807.232,79.506,0.899
61.811519,831.447,80.017,0.897
61.823129,844.032,80.278,0.887
61.834739,182.537,53.768,0.871
61.846349,233.185,58.008,0.850
61.857959,229.952,57.766,0.827
61.869569,227.399,57.573,0.807
61.881179,226.542,57.507,0.780
61.892789,226.731,57.522,0.711
61.904399,188.255,54.302,0.663
61.916009,213.617,56.490,0.635
61.927619,214.266,56.543,0.603
61.939229,144.228,49.690,0.569
61.950839,142.608,49.495,0.538
61.962449,281.664,61.278,0.491
61.974059,281.254,61.252,0.457
61.985669,281.418,61.263,0.414
61.997279,282.883,61.352,0.380
62.008889,282.696,61.341,0.345
62.020499,287.439,61.629,0.325
62.032109,292.781,61.948,0.307
62.043719,293.192,61.972,0.293
62.055329,291.709,61.884,0.292
62.066939,290.917,61.837,0.289
62.078549,290.333,61.802,0.291
62.090159,291.118,61.849,0.294
62.101769,290.818,61.831,0.292
62.113379,288.904,61.717,0.287
62.124989,289.085,61.728,0.280
62.136599,290.325,61.802,0.277
62.148209,292.388,61.925,0.270
62.159819,291.308,61.861,0.266
62.171429,291.115,61.849,0.257
62.183039,290.045,61.785,0.252
62.194649,286.803,61.591,0.254
62.206259,286.585,61.578,0.263
62.217868,286.836,61.593,0.271
62.229478,97.061,42.834,0.272
62.241088,96.894,42.804,0.271
62.252698,287.670,61.643,0.269
62.264308,287.333,61.623,0.273
62.275918,286.548,61.575,0.269
62.287528,285.596,61.518,0.261
62.299138,284.464,61.449,0.253
62.310748,283.228,61.374,0.246
62.322358,282.238,61.313,0.240
62.333968,281.418,61.263,0.247
62.345578,280.356,61.197,0.253
62.357188,278.248,61.066,0.253
62.368798,251.443,59.313,0.261
62.380408,250.473,59.246,0.262
62.392018,249.409,59.172,0.253
62.403628,248.573,59.114,0.245
62.415238,248.147,59.084,0.240
62.426848,247.026,59.006,0.225
62.438458,246.470,58.967,0.210
62.450068,245.288,58.884,0.196
62.461678,742.981,78.070,0.168
62.473288,280.053,61.178,0.148
62.484898,280.330,61.195,0.135
62.496508,278.755,61.098,0.125
62.508118,278.446,61.079,0.120
62.519728,277.505,61.020,0.110
62.531338,277.856,61.042,0.104
62.542948,280.091,61.181,0.096
62.554558,108.089,44.697,0.081
62.566168,97.129,42.846,0.069
62.577778,285.142,61.490,0.066
62.589388,123.904,47.061,0.091
62.600998,108.019,44.685,0.188
62.612608,232.375,57.947,0.277
62.624218,744.354,78.102,0.357
62.635828,746.484,78.151,0.403
62.647438,765.773,78.593,0.441
62.659048,761.890,78.505,0.458
62.670658,763.651,78.545,0.470
62.682268,762.292,78.514,0.474
62.693878,760.076,78.464,0.469
62.705488,760.384,78.471,0.455
62.717098,768.763,78.660,0.424
62.728707,767.468,78.631,0.386
62.740317,755.792,78.366,0.321
62.751927,756.269,78.377,0.268
62.763537,173.300,52.869,0.222
62.775147,169.365,52.472,0.306
62.786757,147.074,50.029,0.415
62.798367,149.852,50.352,0.521
62.809977,149.495,50.311,0.602
62.821587,149.776,50.344,0.671
62.833197,150.011,50.371,0.717
62.844807,152.459,50.651,0.755
62.856417,158.286,51.300,0.782
62.868027,159.179,51.398,0.803
62.879637,159.886,51.474,0.828
62.891247,159.849,51.470,0.840
62.902857,160.082,51.496,0.850
62.914467,160.086,51.496,0.858
62.926077,167.128,52.241,0.860
62.937687,167.867,52.318,0.864
62.949297,167.941,52.325,0.872
62.960907,329.489,63.993,0.874
62.972517,328.373,63.934,0.869
62.984127,326.529,63.836,0.872
62.995737,326.255,63.822,0.875
63.007347,326.211,63.820,0.872
63.018957,325.573,63.786,0.861
63.030567,325.003,63.755,0.842
63.042177,324.382,63.722,0.819
63.053787,324.256,63.716,0.810
63.065397,326.293,63.824,0.818
63.077007,330.917,64.068,0.816
63.088617,332.643,64.158,0.813
63.100227,332.887,64.170,0.818
63.111837,332.659,64.158,0.834
63.123447,332.517,64.151,0.835
63.135057,332.487,64.150,0.834
63.146667,332.261,64.138,0.828
63.158277,331.891,64.118,0.804
63.169887,330.994,64.072,0.780
63.181497,330.772,64.060,0.771
63.193107,279.597,61.150,0.752
63.204717,281.071,61.241,0.730
63.216327,282.078,61.303,0.757
63.227937,80.186,39.527,0.787
63.239546,332.408,64.145,0.809
63.251156,333.002,64.176,0.836
63.262766,332.493,64.150,0.859
63.274376,331.034,64.074,0.865
63.285986,329.888,64.014,0.868
63.297596,329.249,63.980,0.877
63.309206,329.587,63.998,0.880
63.320816,329.508,63.994,0.882
63.332426,329.647,64.001,0.889
63.344036,330.143,64.027,0.887
63.355646,330.476,64.044,0.876
63.367256,331.149,64.080,0.878
63.378866,331.661,64.106,0.873
63.390476,332.043,64.126,0.861
63.402086,332.435,64.147,0.846
63.413696,333.070,64.180,0.823
63.425306,334.463,64.252,0.785
63.436916,334.986,64.279,0.741
63.448526,130.710,47.986,0.709
63.460136,236.871,58.279,0.610
63.471746,231.953,57.916,0.540
63.483356,229.739,57.750,0.497
63.494966,333.614,64.208,0.538
63.506576,315.034,63.216,0.656
63.518186,316.660,63.305,0.747
63.529796,324.144,63.710,0.796
63.541406,327.174,63.871,0.829
63.553016,327.331,63.879,0.847
63.564626,327.269,63.876,0.857
63.576236,326.910,63.857,0.870
63.587846,326.977,63.860,0.880
63.599456,327.812,63.904,0.881
63.611066,328.990,63.966,0.874
63.622676,328.543,63.943,0.868
63.634286,328.454,63.938,0.864
63.645896,328.654,63.949,0.865
63.657506,329.084,63.971,0.873
63.669116,329.474,63.992,0.877
63.680726,329.672,64.002,0.879
63.692336,329.297,63.983,0.890
63.703946,329.118,63.973,0.896
63.715556,329.078,63.971,0.895
63.727166,328.725,63.953,0.897
63.738776,163.880,51.902,0.901
63.750385,163.774,51.890,0.905
63.761995,163.444,51.855,0.908
63.773605,163.187,51.828,0.910
63.785215,163.118,51.821,0.902
63.796825,163.053,51.814,0.898
63.808435,163.166,51.826,0.898
63.820045,163.227,51.832,0.894
63.831655,163.447,51.856,0.888
63.843265,163.854,51.899,0.880
63.854875,164.790,51.997,0.875
63.866485,165.860,52.110,0.870
63.878095,166.239,52.149,0.868
63.889705,166.398,52.166,0.869
63.901315,166.324,52.158,0.865
63.912925,331.172,64.081,0.866
63.924535,329.164,63.976,0.865
63.936145,327.860,63.907,0.867
63.947755,327.484,63.887,0.868
63.959365,327.472,63.886,0.869
63.970975,328.085,63.919,0.869
63.982585,329.526,63.995,0.867
63.994195,330.880,64.066,0.868
64.005805,332.007,64.124,0.869
64.017415,332.503,64.150,0.876
64.029025,332.497,64.150,0.878
64.040635,332.647,64.158,0.866
64.052245,332.647,64.158,0.850
64.063855,332.296,64.140,0.832
64.075465,331.420,64.094,0.815
64.087075,330.383,64.040,0.802
64.098685,329.407,63.988,0.791
64.110295,328.150,63.922,0.761
64.121905,272.563,60.709,0.736
64.133515,273.367,60.760,0.757
64.145125,297.872,62.246,0.782
64.156735,296.531,62.168,0.805
64.168345,296.091,62.142,0.824
64.179955,296.146,62.146,0.842
64.191565,295.897,62.131,0.854
64.203175,295.608,62.114,0.863
64.214785,295.252,62.093,0.868
64.226395,294.768,62.065,0.871
64.238005,294.375,62.042,0.873
64.249615,294.307,62.038,0.877
64.261224,294.254,62.035,0.878
64.272834,294.451,62.046,0.865
64.284444,294.059,62.023,0.850
64.296054,293.882,62.013,0.841
64.307664,293.780,62.007,0.851
64.319274,293.858,62.011,0.863
64.330884,294.159,62.029,0.874
64.342494,473.653,70.276,0.882
64.354104,471.775,70.207,0.884
64.365714,471.495,70.197,0.897
64.377324,475.061,70.327,0.923
64.388934,475.100,70.329,0.931
64.400544,476.164,70.367,0.927
64.412154,477.281,70.408,0.918
64.423764,478.110,70.438,0.904
64.435374,476.986,70.397,0.884
64.446984,478.056,70.436,0.866
64.458594,479.106,70.474,0.839
64.470204,903.308,81.453,0.772
64.481814,165.974,52.121,0.719
64.493424,84.077,40.347,0.654
64.505034,111.982,45.309,0.585
64.516644,167.025,52.231,0.504
64.528254,334.327,64.245,0.462
64.539864,333.743,64.215,0.453
64.551474,332.055,64.127,0.456
64.563084,332.457,64.148,0.454
64.574694,332.398,64.145,0.456
64.586304,166.438,52.170,0.460
64.597914,166.558,52.182,0.466
64.609524,166.602,52.187,0.479
64.621134,166.576,52.184,0.485
64.632744,166.650,52.192,0.487
64.644354,166.726,52.200,0.480
64.655964,333.117,64.182,0.467
64.667574,333.272,64.190,0.450
64.679184,333.204,64.187,0.430
64.690794,333.308,64.192,0.406
64.702404,333.461,64.200,0.378
64.714014,334.430,64.250,0.357
64.725624,330.416,64.041,0.335
64.737234,166.809,52.208,0.319
64.748844,166.618,52.188,0.324
64.760454,166.650,52.192,0.326
64.772063,333.250,64.189,0.330
64.783673,333.089,64.181,0.330
64.795283,148.552,50.202,0.323
64.806893,148.235,50.165,0.317
64.818503,148.251,50.167,0.309
64.830113,147.769,50.110,0.310
64.841723,147.193,50.042,0.315
64.853333,146.792,49.995,0.317
64.864943,146.846,50.002,0.323
64.876553,146.815,49.998,0.328
64.888163,146.821,49.999,0.321
64.899773,146.738,49.989,0.311
64.911383,146.802,49.996,0.311
64.922993,754.176,78.329,0.308
64.934603,750.625,78.247,0.305
64.946213,748.169,78.190,0.313
64.957823,97.887,42.980,0.309
64.969433,97.885,42.980,0.301
64.981043,141.111,49.312,0.297
64.992653,141.240,49.328,0.301
65.004263,140.778,49.271,0.315
65.015873,118.599,46.303,0.356
65.027483,455.538,69.601,0.454
65.039093,760.668,78.477,0.533
65.050703,777.757,78.862,0.605
65.062313,762.237,78.513,0.644
65.073923,766.898,78.618,0.668
65.085533,761.603,78.498,0.693
65.097143,760.930,78.483,0.714
65.108753,762.823,78.526,0.729
65.120363,271.749,60.657,0.745
65.131973,270.456,60.575,0.756
65.143583,118.479,46.286,0.754
65.155193,86.252,40.789,0.752
65.166803,86.273,40.794,0.757
65.178413,86.336,40.806,0.760
65.190023,86.372,40.814,0.766
65.201633,242.185,58.663,0.774
65.213243,242.689,58.699,0.783
65.224853,99.840,43.322,0.792
65.236463,99.750,43.307,0.807
65.248073,214.879,56.592,0.836
65.259683,216.489,56.721,0.867
65.271293,217.474,56.800,0.872
65.282902,462.467,69.862,0.867
65.294512,460.171,69.776,0.859
65.306122,453.924,69.539,0.845
65.317732,450.656,69.414,0.828
65.329342,453.398,69.519,0.821
65.340952,463.353,69.895,0.807
65.352562,460.138,69.775,0.770
65.364172,769.740,78.682,0.774
65.375782,771.509,78.722,0.798
65.387392,386.656,66.763,0.827
65.399002,332.271,64.138,0.851
65.410612,331.739,64.111,0.871
65.422222,330.843,64.064,0.881
65.433832,329.945,64.017,0.882
65.445442,330.159,64.028,0.878
65.457052,330.298,64.035,0.871
65.468662,329.755,64.007,0.863
65.480272,328.544,63.943,0.861
65.491882,327.421,63.884,0.864
65.503492,329.634,64.000,0.869
65.515102,169.546,52.490,0.862
65.526712,169.084,52.443,0.858
65.538322,338.746,64.472,0.863
65.549932,338.533,64.462,0.864
65.561542,338.561,64.463,0.863
65.573152,336.733,64.369,0.852
65.584762,335.891,64.326,0.831
65.596372,333.712,64.213,0.804
65.607982,164.603,51.978,0.791
65.619592,165.136,52.034,0.774
65.631202,131.292,48.063,0.754
65.642812,280.032,61.177,0.759
65.654422,288.537,61.695,0.784
65.666032,322.179,63.604,0.796
65.677642,323.059,63.652,0.820
65.689252,326.001,63.808,0.839
65.700862,327.264,63.875,0.853
65.712472,327.504,63.888,0.863
65.724082,327.528,63.889,0.873
65.735692,327.794,63.903,0.880
65.747302,328.377,63.934,0.881
65.758912,328.787,63.956,0.884
65.770522,329.245,63.980,0.885
65.782132,329.031,63.969,0.881
65.793741,328.963,63.965,0.869
65.805351,328.993,63.967,0.870
65.816961,329.143,63.975,0.880
65.828571,329.363,63.986,0.886
65.840181,329.193,63.977,0.886
65.851791,329.086,63.972,0.886
65.863401,329.012,63.968,0.885
65.875011,329.207,63.978,0.892
65.886621,329.269,63.981,0.903
65.898231,329.527,63.995,0.904
65.909841,329.655,64.001,0.897
65.921451,329.746,64.006,0.892
65.933061,329.798,64.009,0.890
65.944671,329.557,63.996,0.880
65.956281,329.469,63.992,0.863
65.967891,329.810,64.010,0.844
65.979501,329.912,64.015,0.830
65.991111,330.207,64.030,0.818
66.002721,329.988,64.019,0.805
66.014331,329.494,63.993,0.783
66.025941,328.553,63.943,0.761
66.037551,328.175,63.924,0.756
66.049161,328.596,63.946,0.752
66.060771,328.773,63.955,0.743
66.072381,330.786,64.061,0.748
66.083991,331.727,64.110,0.737
66.095601,276.328,60.947,0.772
66.107211,273.969,60.798,0.810
66.118821,310.716,62.977,0.831
66.130431,324.068,63.706,0.851
66.142041,329.959,64.017,0.865
66.153651,332.149,64.132,0.881
66.165261,332.909,64.171,0.900
66.176871,333.225,64.188,0.920
66.188481,333.053,64.179,0.921
66.200091,332.214,64.135,0.917
66.211701,331.904,64.119,0.918
66.223311,331.426,64.094,0.918
66.234921,330.429,64.042,0.921
66.246531,329.538,63.995,0.920
66.258141,328.826,63.958,0.906
66.269751,328.366,63.934,0.888
66.281361,328.750,63.954,0.884
66.292971,330.298,64.035,0.890
66.304580,332.237,64.137,0.894
66.316190,333.452,64.200,0.900
66.327800,333.876,64.222,0.906
66.339410,333.438,64.199,0.908
66.351020,663.540,76.112,0.919
66.362630,660.766,76.040,0.930
66.374240,658.254,75.974,0.932
66.385850,656.005,75.914,0.933
66.397460,654.409,75.872,0.933
66.409070,653.472,75.847,0.928
66.420680,654.848,75.884,0.919
66.432290,656.443,75.926,0.912
66.443900,330.027,64.021,0.902
66.455510,330.282,64.034,0.892
66.467120,329.809,64.010,0.885
66.478730,328.663,63.949,0.872
66.490340,326.116,63.815,0.855
66.501950,324.335,63.720,0.840
66.513560,322.845,63.640,0.834
66.525170,321.852,63.587,0.832
66.536780,320.756,63.528,0.827
66.548390,319.237,63.445,0.813
66.560000,317.403,63.346,0.804
66.571610,133.522,48.355,0.803
66.583220,303.147,62.550,0.810
66.594830,304.849,62.647,0.828
66.606440,305.436,62.680,0.845
66.618050,305.241,62.669,0.856
66.629660,305.091,62.661,0.868
66.641270,304.399,62.622,0.881
66.652880,303.819,62.589,0.886
66.664490,303.021,62.543,0.886
66.676100,301.791,62.473,0.886
66.687710,298.624,62.290,0.883
66.699320,293.322,61.980,0.878
66.710930,288.871,61.715,0.869
66.722540,285.477,61.510,0.861
66.734150,282.669,61.339,0.857
66.745760,280.544,61.209,0.855
66.757370,277.768,61.037,0.857
66.768980,263.501,60.124,0.856
66.780590,252.938,59.415,0.858
66.792200,247.992,59.073,0.858
66.803810,247.271,59.023,0.861
66.815420,246.891,58.996,0.862
66.827029,246.757,58.987,0.864
66.838639,246.227,58.950,0.867
66.850249,245.897,58.927,0.870
66.861859,246.003,58.934,0.863
66.873469,246.179,58.946,0.849
66.885079,245.951,58.930,0.834
66.896689,245.004,58.864,0.818
66.908299,244.677,58.841,0.797
66.919909,244.360,58.818,0.768
66.931519,227.757,57.600,0.730
66.943129,133.400,48.339,0.671
66.954739,724.831,77.642,0.636
66.966349,719.909,77.524,0.621
66.977959,712.474,77.344,0.611
66.989569,713.568,77.371,0.596
67.001179,708.398,77.245,0.584
67.012789,215.515,56.643,0.571
67.024399,214.616,56.571,0.544
67.036009,214.790,56.585,0.521
67.047619,638.845,75.456,0.507
67.059229,637.985,75.432,0.492
67.070839,638.046,75.434,0.469
67.082449,637.303,75.414,0.454
67.094059,328.637,63.948,0.440
67.105669,636.113,75.381,0.419
67.117279,639.418,75.471,0.408
67.128889,637.024,75.406,0.395
67.140499,162.261,51.730,0.390
67.152109,162.226,51.726,0.383
67.163719,708.388,77.244,0.373
67.175329,706.816,77.206,0.361
67.186939,212.484,56.398,0.359
67.198549,212.510,56.400,0.363
67.210159,625.708,75.096,0.371
67.221769,623.506,75.035,0.378
67.233379,621.650,74.983,0.370
67.244989,619.177,74.914,0.359
67.256599,164.201,51.936,0.357
67.268209,164.345,51.951,0.355
67.279819,164.407,51.957,0.353
67.291429,82.026,39.920,0.353
67.303039,82.223,39.961,0.343
67.314649,82.224,39.962,0.332
67.326259,82.265,39.970,0.319
67.337868,82.287,39.975,0.308
67.349478,614.108,74.772,0.300
67.361088,613.376,74.751,0.300
67.372698,616.487,74.839,0.293
67.384308,247.144,59.014,0.286
67.395918,247.054,59.008,0.279
67.407528,247.030,59.006,0.277
67.419138,247.007,59.005,0.270
67.430748,246.950,59.001,0.258
67.442358,82.250,39.967,0.245
67.453968,123.542,47.010,0.230
67.465578,721.961,77.573,0.217
67.477188,82.258,39.969,0.212
67.488798,82.297,39.977,0.211
67.500408,82.304,39.978,0.209
67.512018,82.279,39.973,0.215
67.523628,356.591,65.361,0.230
67.535238,360.041,65.528,0.268
67.546848,82.745,40.071,0.312
67.558458,327.499,63.888,0.353
67.570068,756.303,78.378,0.415
67.581678,749.923,78.231,0.449
67.593288,456.696,69.645,0.489
67.604898,457.105,69.660,0.519
67.616508,456.777,69.648,0.548
67.628118,362.759,65.658,0.578
67.639728,738.692,77.970,0.603
67.651338,365.213,65.775,0.629
67.662948,364.853,65.758,0.645
67.674558,364.582,65.745,0.656
67.686168,364.405,65.736,0.672
67.697778,364.911,65.760,0.675
67.709388,365.835,65.804,0.668
67.720998,367.397,65.878,0.654
67.732608,157.117,51.172,0.636
67.744218,156.601,51.115,0.609
67.755828,472.993,70.252,0.687
67.767438,469.746,70.133,0.734
67.779048,472.495,70.234,0.756
67.790658,144.760,49.754,0.779
67.802268,144.881,49.768,0.799
67.813878,144.938,49.775,0.818
67.825488,145.097,49.794,0.839
67.837098,145.411,49.832,0.857
67.848707,291.773,61.888,0.856
67.860317,292.952,61.958,0.858
67.871927,293.777,62.007,0.860
67.883537,294.580,62.054,0.865
67.895147,295.126,62.086,0.870
67.906757,295.309,62.097,0.874
67.918367,295.368,62.100,0.874
67.929977,295.343,62.099,0.878
67.941587,295.352,62.099,0.882
67.953197,295.125,62.086,0.880
67.964807,294.469,62.047,0.879
67.976417,293.377,61.983,0.876
67.988027,292.267,61.917,0.876
67.999637,291.270,61.858,0.878
68.011247,290.820,61.832,0.879
68.022857,291.024,61.844,0.875
68.034467,291.256,61.857,0.872
68.046077,291.815,61.891,0.871
68.057687,293.011,61.961,0.874
68.069297,294.266,62.035,0.876
68.080907,295.166,62.088,0.880
68.092517,295.758,62.123,0.877
68.104127,295.660,62.117,0.876
68.115737,295.091,62.084,0.876
68.127347,293.781,62.007,0.872
68.138957,290.070,61.787,0.870
68.150567,283.592,61.396,0.867
68.162177,279.955,61.172,0.865
68.173787,277.519,61.021,0.861
68.185397,276.958,60.986,0.861
68.197007,276.411,60.952,0.859
68.208617,276.054,60.929,0.858
68.220227,276.002,60.926,0.859
68.231837,276.131,60.934,0.859
68.243447,276.287,60.944,0.858
68.255057,276.378,60.950,0.856
68.266667,276.338,60.947,0.852
68.278277,276.312,60.946,0.854
68.289887,276.268,60.943,0.855
68.301497,276.459,60.955,0.857
68.313107,276.653,60.967,0.858
68.324717,276.769,60.974,0.860
68.336327,276.859,60.980,0.864
68.347937,276.921,60.984,0.866
68.359546,276.886,60.981,0.864
68.371156,276.758,60.973,0.853
68.382766,276.725,60.971,0.843
68.394376,276.624,60.965,0.836
68.405986,277.165,60.999,0.836
68.417596,429.450,68.580,0.839
68.429206,438.633,68.946,0.837
68.440816,446.765,69.264,0.840
68.452426,450.141,69.394,0.846
68.464036,450.075,69.392,0.859
68.475646,449.120,69.355,0.871
68.487256,448.912,69.347,0.878
68.498866,448.296,69.323,0.881
68.510476,447.241,69.283,0.881
68.522086,445.521,69.216,0.881
68.533696,444.644,69.182,0.880
68.545306,445.422,69.212,0.879
68.556916,447.894,69.308,0.877
68.568526,453.024,69.505,0.877
68.580136,460.055,69.772,0.875
68.591746,468.414,70.083,0.873
68.603356,477.609,70.420,0.873
68.614966,485.591,70.707,0.873
68.626576,489.523,70.846,0.875
68.638186,491.844,70.928,0.875
68.649796,493.376,70.982,0.874
68.661406,493.898,71.001,0.871
68.673016,493.286,70.979,0.869
68.684626,492.636,70.956,0.865
68.696236,491.959,70.932,0.861
68.707846,491.705,70.923,0.856
68.719456,491.962,70.933,0.849
68.731066,492.397,70.948,0.845
68.742676,492.820,70.963,0.843
68.754286,493.382,70.982,0.839
68.765896,493.536,70.988,0.837
68.777506,493.731,70.995,0.837
68.789116,493.682,70.993,0.839
68.800726,493.605,70.990,0.841
68.812336,493.505,70.987,0.845
68.823946,493.627,70.991,0.848
68.835556,493.604,70.990,0.849
68.847166,493.522,70.987,0.851
68.858776,493.544,70.988,0.853
68.870385,493.392,70.983,0.854
68.881995,493.121,70.973,0.852
68.893605,492.817,70.963,0.850
68.905215,492.607,70.955,0.848
68.916825,492.331,70.945,0.844
68.928435,492.295,70.944,0.839
68.940045,492.384,70.947,0.836
68.951655,492.480,70.951,0.833
68.963265,492.712,70.959,0.828
68.974875,492.999,70.969,0.826
68.986485,493.075,70.972,0.824
68.998095,493.285,70.979,0.820
69.009705,493.437,70.984,0.816
69.021315,493.697,70.993,0.815
69.032925,493.810,70.997,0.815
69.044535,493.984,71.004,0.818
69.056145,494.163,71.010,0.820
69.067755,494.334,71.016,0.825
69.079365,494.530,71.023,0.830
69.090975,494.688,71.028,0.838
69.102585,494.682,71.028,0.844
69.114195,494.511,71.022,0.851
69.125805,494.266,71.013,0.857
69.137415,493.522,70.987,0.859
69.149025,492.037,70.935,0.860
69.160635,490.039,70.865,0.859
69.172245,487.165,70.763,0.860
69.183855,483.065,70.617,0.859
69.195465,478.140,70.439,0.861
69.207075,470.827,70.172,0.867
69.218685,463.909,69.916,0.869
69.230295,456.204,69.626,0.871
69.241905,451.250,69.437,0.874
69.253515,447.288,69.284,0.877
69.265125,444.014,69.157,0.877
69.276735,442.171,69.085,0.878
69.288345,441.160,69.046,0.878
69.299955,440.605,69.024,0.875
69.311565,440.595,69.023,0.875
69.323175,440.789,69.031,0.876
69.334785,440.796,69.031,0.879
69.346395,440.792,69.031,0.883
69.358005,440.576,69.023,0.888
69.369615,439.930,68.997,0.893
69.381224,439.197,68.968,0.894
69.392834,438.706,68.949,0.894
69.404444,438.354,68.935,0.894
69.416054,438.375,68.936,0.893
69.427664,438.988,68.960,0.893
69.439274,439.787,68.992,0.891
69.450884,441.122,69.044,0.886
69.462494,442.638,69.104,0.878
69.474104,444.134,69.162,0.871
69.485714,445.559,69.217,0.869
69.497324,446.045,69.236,0.867
69.508934,445.918,69.231,0.867
69.520544,445.045,69.197,0.863
69.532154,443.998,69.157,0.858
69.543764,442.863,69.112,0.850
69.555374,441.673,69.066,0.843
69.566984,440.855,69.034,0.837
69.578594,440.275,69.011,0.828
69.590204,440.636,69.025,0.821
69.601814,442.409,69.095,0.812
69.613424,443.975,69.156,0.811
69.625034,443.661,69.143,0.822
69.636644,440.508,69.020,0.846
69.648254,435.930,68.839,0.861
69.659864,429.778,68.593,0.879
69.671474,845.822,80.314,0.883
69.683084,840.224,80.199,0.885
69.694694,833.887,80.068,0.889
69.706304,829.840,79.984,0.889
69.717914,830.384,79.995,0.886
69.729524,831.781,80.024,0.878
69.741134,334.861,64.273,0.875
69.752744,335.413,64.301,0.869
69.764354,337.291,64.398,0.878
69.775964,341.307,64.603,0.882
69.787574,348.522,64.965,0.886
69.799184,354.160,65.243,0.891
69.810794,358.760,65.466,0.899
69.822404,361.689,65.607,0.901
69.834014,363.941,65.714,0.904
69.845624,365.966,65.810,0.906
69.857234,367.536,65.885,0.905
69.868844,368.532,65.931,0.905
69.880454,369.289,65.967,0.903
69.892063,369.717,65.987,0.903
69.903673,370.070,66.004,0.898
69.915283,370.277,66.013,0.896
69.926893,370.390,66.019,0.895
69.938503,370.335,66.016,0.893
69.950113,370.227,66.011,0.891
69.961723,370.165,66.008,0.889
69.973333,370.311,66.015,0.889
69.984943,370.525,66.025,0.887
69.996553,370.367,66.017,0.884
70.008163,370.163,66.008,0.885
70.019773,370.014,66.001,0.883
70.031383,370.057,66.003,0.881
70.042993,370.373,66.018,0.884
70.054603,370.557,66.026,0.883
70.066213,370.520,66.025,0.881
70.077823,370.453,66.021,0.881
70.089433,369.881,65.995,0.883
70.101043,368.820,65.945,0.882
70.112653,367.336,65.875,0.882
70.124263,364.767,65.754,0.884
70.135873,358.128,65.436,0.881
70.147483,345.489,64.814,0.881
70.159093,337.619,64.415,0.884
70.170703,333.442,64.199,0.885
70.182313,330.805,64.062,0.885
70.193923,329.469,63.992,0.885
70.205533,328.748,63.954,0.885
70.217143,328.581,63.945,0.884
70.228753,328.668,63.950,0.885
70.240363,328.968,63.965,0.885
70.251973,329.370,63.986,0.883
70.263583,329.659,64.002,0.881
70.275193,329.721,64.005,0.880
70.286803,329.664,64.002,0.881
70.298413,329.529,63.995,0.881
70.310023,329.478,63.992,0.882
70.321633,329.435,63.990,0.882
70.333243,329.467,63.992,0.883
70.344853,329.411,63.989,0.882
70.356463,329.473,63.992,0.882
70.368073,329.513,63.994,0.881
70.379683,329.626,64.000,0.881
70.391293,329.704,64.004,0.880
70.402902,329.738,64.006,0.881
70.414512,329.722,64.005,0.885
70.426122,329.678,64.003,0.889
70.437732,329.602,63.999,0.892
70.449342,329.468,63.992,0.897
70.460952,329.414,63.989,0.901
70.472562,329.132,63.974,0.901
70.484172,328.897,63.962,0.902
70.495782,328.608,63.946,0.901
70.507392,328.113,63.920,0.896
70.519002,327.290,63.877,0.890
70.530612,326.018,63.809,0.883
70.542222,323.987,63.701,0.877
70.553832,320.932,63.537,0.874
70.565442,922.518,81.817,0.875
70.577052,906.880,81.521,0.877
70.588662,892.029,81.235,0.878
70.600272,296.310,62.155,0.881
70.611882,294.584,62.054,0.887
70.623492,293.559,61.994,0.890
70.635102,292.961,61.958,0.894
70.646712,292.861,61.953,0.897
70.658322,293.174,61.971,0.895
70.669932,293.644,61.999,0.894
70.681542,293.962,62.018,0.894
70.693152,294.211,62.032,0.897
70.704762,294.407,62.044,0.896
70.716372,294.511,62.050,0.895
70.727982,294.301,62.037,0.893
70.739592,294.085,62.025,0.889
70.751202,293.902,62.014,0.891
70.762812,293.784,62.007,0.888
70.774422,293.445,61.987,0.887
70.786032,292.879,61.954,0.887
70.797642,292.518,61.932,0.888
70.809252,291.876,61.894,0.887
70.820862,291.186,61.853,0.884
70.832472,290.259,61.798,0.881
70.844082,289.091,61.728,0.878
70.855692,287.757,61.648,0.877
70.867302,286.260,61.558,0.878
70.878912,284.468,61.449,0.873
70.890522,282.723,61.343,0.871
70.902132,281.279,61.254,0.872
70.913741,280.257,61.191,0.872
70.925351,279.384,61.137,0.874
70.936961,278.598,61.088,0.871
70.948571,277.873,61.043,0.872
70.960181,277.496,61.020,0.871
70.971791,277.364,61.011,0.871
70.983401,277.211,61.002,0.868
70.995011,277.139,60.997,0.867
71.006621,277.149,60.998,0.870
71.018231,277.140,60.997,0.870
71.029841,277.210,61.002,0.873
71.041451,277.089,60.994,0.873
71.053061,276.904,60.983,0.874
71.064671,276.676,60.968,0.874
71.076281,276.599,60.964,0.876
71.087891,276.485,60.956,0.874
71.099501,276.560,60.961,0.875
71.111111,276.757,60.973,0.873
71.122721,277.322,61.009,0.872
71.134331,278.280,61.068,0.872
71.145941,280.145,61.184,0.876
71.157551,282.799,61.347,0.876
71.169161,286.709,61.585,0.877
71.180771,290.423,61.808,0.882
71.192381,292.847,61.952,0.885
71.203991,293.873,62.012,0.892
71.215601,294.486,62.048,0.895
71.227211,294.539,62.051,0.897
71.238821,294.303,62.038,0.894
71.250431,293.695,62.002,0.897
71.262041,293.080,61.965,0.899
71.273651,292.461,61.929,0.899
71.285261,291.977,61.900,0.896
71.296871,291.342,61.863,0.895
71.308481,291.156,61.851,0.893
71.320091,291.285,61.859,0.893
71.331701,291.697,61.884,0.892
71.343311,291.984,61.901,0.893
71.354921,292.356,61.923,0.892
71.366531,292.638,61.939,0.890
71.378141,292.966,61.959,0.894
71.389751,293.471,61.989,0.894
71.401361,293.492,61.990,0.900
71.412971,293.550,61.993,0.901
71.424580,293.390,61.984,0.906
71.436190,293.150,61.970,0.907
71.447800,292.957,61.958,0.906
71.459410,292.684,61.942,0.907
71.471020,292.548,61.934,0.906
71.482630,292.496,61.931,0.911
71.494240,292.693,61.943,0.910
71.505850,292.663,61.941,0.909
71.517460,292.425,61.927,0.904
71.529070,291.846,61.892,0.903
71.540680,291.080,61.847,0.911
71.552290,290.205,61.795,0.911
71.563900,289.083,61.728,0.906
71.575510,288.055,61.666,0.893
71.587120,286.728,61.586,0.887
71.598730,285.152,61.491,0.879
71.610340,283.532,61.392,0.885
71.621950,281.449,61.264,0.884
71.633560,279.446,61.141,0.878
71.645170,278.320,61.071,0.875
71.656780,277.650,61.029,0.877
71.668390,276.580,60.962,0.883
71.680000,275.740,60.910,0.881
71.691610,274.477,60.830,0.887
71.703220,271.912,60.668,0.880
71.714830,268.616,60.456,0.878
71.726440,265.578,60.260,0.874
71.738050,263.263,60.108,0.875
71.749660,261.169,59.970,0.876
71.761270,258.605,59.799,0.876
71.772880,256.686,59.670,0.881
71.784490,255.092,59.562,0.882
71.796100,254.140,59.497,0.883
71.807710,253.325,59.442,0.883
71.819320,252.465,59.383,0.881
71.830930,251.545,59.320,0.879
71.842540,250.773,59.267,0.877
71.854150,249.781,59.198,0.873
71.865760,248.569,59.114,0.871
71.877370,247.580,59.045,0.867
71.888980,246.731,58.985,0.865
71.900590,246.219,58.949,0.863
71.912200,246.130,58.943,0.864
71.923810,246.215,58.949,0.864
71.935420,246.374,58.960,0.865
71.947029,246.534,58.971,0.868
71.958639,246.520,58.970,0.869
71.970249,246.477,58.967,0.870
71.981859,246.401,58.962,0.871
71.993469,246.331,58.957,0.871
72.005079,246.237,58.951,0.869
72.016689,246.236,58.950,0.867
72.028299,246.345,58.958,0.867
72.039909,246.566,58.974,0.863
72.051519,246.859,58.994,0.861
72.063129,247.206,59.019,0.858
72.074739,247.404,59.032,0.855
72.086349,247.521,59.041,0.853
72.097959,247.601,59.046,0.852
72.109569,247.584,59.045,0.852
72.121179,247.550,59.043,0.848
72.132789,247.662,59.050,0.848
72.144399,247.958,59.071,0.850
72.156009,248.455,59.106,0.850
72.167619,248.992,59.143,0.853
72.179229,249.456,59.175,0.856
72.190839,249.557,59.182,0.854
72.202449,249.513,59.179,0.850
72.214059,249.361,59.169,0.846
72.225669,248.691,59.122,0.851
72.237279,247.641,59.049,0.851
72.248889,246.068,58.939,0.848
72.260499,244.688,58.841,0.845
72.272109,244.066,58.797,0.843
72.283719,244.349,58.817,0.845
72.295329,245.464,58.896,0.853
72.306939,246.847,58.993,0.858
72.318549,247.863,59.064,0.852
72.330159,248.228,59.090,0.848
72.341769,248.373,59.100,0.847
72.353379,248.473,59.107,0.842
72.364989,247.707,59.054,0.842
72.376599,244.958,58.860,0.843
72.388209,242.298,58.671,0.842
72.399819,241.940,58.646,0.843
72.411429,242.265,58.669,0.850
72.423039,243.245,58.739,0.859
72.434649,245.584,58.905,0.863
72.446259,249.094,59.150,0.871
72.457868,251.385,59.309,0.878
72.469478,251.701,59.330,0.875
72.481088,251.832,59.339,0.872
72.492698,251.906,59.345,0.868
72.504308,250.928,59.277,0.860
72.515918,248.540,59.112,0.849
72.527528,246.819,58.991,0.847
72.539138,246.022,58.935,0.843
72.550748,245.735,58.915,0.837
72.562358,245.814,58.921,0.842
72.573968,246.507,58.970,0.847
72.585578,246.833,58.992,0.857
72.597188,248.366,59.100,0.861
72.608798,248.884,59.136,0.866
72.620408,266.162,60.298,0.867
72.632018,579.183,73.758,0.869
72.643628,580.539,73.799,0.874
72.655238,318.470,63.404,0.876
72.666848,321.253,63.554,0.884
72.678458,323.335,63.666,0.883
72.690068,323.103,63.654,0.884
72.701678,323.821,63.692,0.886
72.713288,325.624,63.788,0.891
72.724898,327.097,63.867,0.896
72.736508,327.794,63.903,0.900
72.748118,328.135,63.921,0.893
72.759728,328.095,63.919,0.883
72.771338,328.195,63.925,0.885
72.782948,327.484,63.887,0.885
72.794558,326.239,63.821,0.892
72.806168,325.550,63.785,0.900
72.817778,326.502,63.835,0.902
72.829388,329.164,63.976,0.901
72.840998,329.999,64.020,0.908
72.852608,329.687,64.003,0.906
72.864218,328.953,63.965,0.894
72.875828,329.330,63.984,0.883
72.887438,329.955,64.017,0.862
72.899048,330.378,64.039,0.843
72.910658,110.758,45.119,0.839
72.922268,227.802,57.603,0.822
72.933878,229.224,57.711,0.812
72.945488,246.930,58.999,0.813
72.957098,232.337,57.945,0.826
72.968707,232.891,57.986,0.843
72.980317,110.356,45.056,0.860
72.991927,111.269,45.199,0.874
73.003537,335.567,64.309,0.883
73.015147,335.593,64.311,0.898
73.026757,335.940,64.328,0.902
73.038367,335.927,64.328,0.903
73.049977,335.013,64.281,0.905
73.061587,331.389,64.092,0.909
73.073197,329.514,63.994,0.912
73.084807,328.182,63.924,0.907
73.096417,326.156,63.817,0.897
73.108027,324.686,63.739,0.882
73.119637,324.907,63.750,0.872
73.131247,325.501,63.782,0.863
73.142857,326.640,63.842,0.849
73.154467,327.410,63.883,0.824
73.166077,326.724,63.847,0.787
73.177687,325.870,63.801,0.746
73.189297,329.697,64.004,0.680
73.200907,129.164,47.780,0.615
73.212517,246.215,58.949,0.558
73.224127,245.121,58.872,0.528
73.235737,227.638,57.591,0.527
73.247347,324.854,63.747,0.585
73.258957,333.641,64.210,0.692
73.270567,334.702,64.264,0.748
73.282177,332.906,64.171,0.803
73.293787,332.331,64.141,0.847
73.305397,332.027,64.126,0.862
73.317007,332.276,64.139,0.866
73.328617,332.327,64.141,0.878
73.340227,332.156,64.132,0.887
73.351837,330.547,64.048,0.885
73.363447,329.215,63.978,0.881
73.375057,328.867,63.960,0.870
73.386667,328.858,63.960,0.857
73.398277,329.063,63.970,0.861
73.409887,329.659,64.002,0.873
73.421497,330.400,64.040,0.877
73.433107,331.698,64.108,0.882
73.444717,334.115,64.234,0.890
73.456327,335.962,64.330,0.892
73.467937,337.105,64.388,0.892
73.479546,337.323,64.400,0.893
73.491156,337.234,64.395,0.893
73.502766,336.486,64.356,0.896
73.514376,333.639,64.209,0.898
73.525986,329.123,63.973,0.896
73.537596,325.217,63.767,0.893
73.549206,323.307,63.665,0.897
73.560816,322.601,63.627,0.903
73.572426,322.257,63.608,0.905
73.584036,322.335,63.613,0.904
73.595646,324.104,63.707,0.903
73.607256,327.376,63.881,0.900
73.618866,330.817,64.062,0.900
73.630476,333.071,64.180,0.898
73.642086,333.569,64.206,0.897
73.653696,333.566,64.206,0.893
73.665306,332.431,64.147,0.889
73.676916,330.952,64.069,0.889
73.688526,330.195,64.030,0.890
73.700136,330.056,64.023,0.895
73.711746,329.916,64.015,0.897
73.723356,329.700,64.004,0.896
73.734966,329.826,64.010,0.895
73.746576,329.875,64.013,0.893
73.758186,329.413,63.989,0.894
73.769796,328.234,63.927,0.895
73.781406,326.314,63.825,0.894
73.793016,324.799,63.745,0.878
73.804626,323.321,63.666,0.862
73.816236,321.743,63.581,0.848
73.827846,320.230,63.499,0.831
73.839456,318.845,63.424,0.818
73.851066,314.980,63.213,0.798
73.862676,204.031,55.695,0.773
73.874286,232.347,57.945,0.739
73.885896,245.528,58.901,0.763
73.897506,96.751,42.778,0.777
73.909116,293.825,62.009,0.791
73.920726,294.110,62.026,0.821
73.932336,293.792,62.008,0.839
73.943946,293.638,61.998,0.850
73.955556,293.213,61.973,0.862
73.967166,293.311,61.979,0.874
73.978776,293.413,61.985,0.877
73.990385,293.484,61.989,0.884
74.001995,293.636,61.998,0.888
74.013605,294.221,62.033,0.886
74.025215,294.494,62.049,0.878
74.036825,294.730,62.063,0.867
74.048435,295.154,62.088,0.852
74.060045,295.554,62.111,0.832
74.071655,295.892,62.131,0.810
74.083265,296.649,62.175,0.786
74.094875,296.023,62.138,0.787
74.106485,197.618,55.143,0.821
74.118095,778.604,78.881,0.875
74.129705,589.812,74.073,0.903
74.141315,760.524,78.474,0.922
74.152925,757.578,78.407,0.933
74.164535,756.350,78.379,0.945
74.176145,757.049,78.395,0.949
74.187755,758.344,78.424,0.944
74.199365,759.133,78.442,0.928
74.210975,745.834,78.136,0.896
74.222585,441.643,69.065,0.870
74.234195,436.146,68.848,0.866
74.245805,437.704,68.909,0.881
74.257415,431.854,68.676,0.877
74.269025,430.610,68.627,0.872
74.280635,429.733,68.591,0.874
74.292245,428.571,68.544,0.870
74.303855,849.000,80.379,0.870
74.315465,845.642,80.311,0.868
74.327075,795.461,79.251,0.856
74.338685,767.691,78.636,0.827
74.350295,760.007,78.462,0.810
74.361905,762.268,78.514,0.810
74.373515,764.831,78.572,0.798
74.385125,765.115,78.578,0.785
74.396735,768.887,78.663,0.765
74.408345,282.470,61.327,0.747
74.419955,120.624,46.596,0.702
74.431565,282.501,61.329,0.661
74.443175,123.899,47.060,0.624
74.454785,221.968,57.154,0.589
74.466395,222.625,57.205,0.604
74.478005,314.588,63.192,0.671
74.489615,315.719,63.254,0.735
74.501224,313.661,63.140,0.781
74.512834,297.984,62.253,0.807
74.524444,296.277,62.153,0.833
74.536054,294.365,62.041,0.868
74.547664,293.182,61.972,0.887
74.559274,292.068,61.906,0.901
74.570884,292.712,61.944,0.913
74.582494,293.544,61.993,0.918
74.594104,293.765,62.006,0.919
74.605714,293.813,62.009,0.920
74.617324,293.736,62.004,0.911
74.628934,294.133,62.028,0.894
74.640544,295.235,62.092,0.893
74.652154,295.735,62.122,0.887
74.663764,295.276,62.095,0.879
74.675374,293.877,62.013,0.874
74.686984,292.262,61.917,0.876
74.698594,291.695,61.883,0.882
74.710204,291.883,61.895,0.899
74.721814,292.350,61.922,0.910
74.733424,292.667,61.941,0.906
74.745034,293.397,61.984,0.912
74.756644,294.063,62.023,0.914
74.768254,294.530,62.051,0.915
74.779864,294.898,62.073,0.910
74.791474,295.051,62.082,0.905
74.803084,294.934,62.075,0.901
74.814694,294.610,62.056,0.896
74.826304,294.315,62.038,0.895
74.837914,293.967,62.018,0.888
74.849524,293.835,62.010,0.883
74.861134,293.786,62.007,0.883
74.872744,293.995,62.019,0.885
74.884354,294.178,62.030,0.889
74.895964,294.208,62.032,0.889
74.907574,294.024,62.021,0.892
74.919184,294.019,62.021,0.895
74.930794,294.291,62.037,0.891
74.942404,295.020,62.080,0.884
74.954014,295.310,62.097,0.870
74.965624,295.755,62.123,0.853
74.977234,296.389,62.160,0.834
74.988844,297.665,62.234,0.809
75.000454,299.301,62.329,0.772
75.012063,299.805,62.358,0.724
75.023673,297.500,62.225,0.692
75.035283,216.468,56.720,0.669
75.046893,292.882,61.954,0.682
75.058503,293.031,61.963,0.692
75.070113,293.208,61.973,0.691
75.081723,293.066,61.965,0.718
75.093333,292.829,61.951,0.744
75.104943,292.148,61.910,0.768
75.116553,292.249,61.916,0.790
75.128163,292.665,61.941,0.806
75.139773,293.146,61.969,0.819
75.151383,293.315,61.979,0.831
75.162993,293.322,61.980,0.845
75.174603,293.124,61.968,0.860
75.186213,292.835,61.951,0.864
75.197823,292.921,61.956,0.856
75.209433,292.814,61.950,0.848
75.221043,292.346,61.922,0.841
75.232653,291.751,61.887,0.834
75.244263,292.736,61.945,0.841
75.255873,293.719,62.003,0.855
75.267483,293.791,62.007,0.861
75.279093,293.505,61.991,0.864
75.290703,293.329,61.980,0.866
75.302313,293.333,61.980,0.866
75.313923,293.200,61.973,0.870
75.325533,292.979,61.960,0.865
75.337143,291.973,61.900,0.847
75.348753,290.609,61.819,0.810
75.360363,288.371,61.685,0.765
75.371973,259.349,59.849,0.730
75.383583,259.519,59.860,0.738
75.395193,290.515,61.813,0.747
75.406803,296.246,62.152,0.768
75.418413,297.411,62.219,0.797
75.430023,295.953,62.134,0.815
75.441633,294.667,62.059,0.842
75.453243,294.254,62.035,0.867
75.464853,294.242,62.034,0.888
75.476463,294.326,62.039,0.901
75.488073,294.293,62.037,0.912
75.499683,293.804,62.008,0.912
75.511293,293.380,61.983,0.904
75.522902,293.515,61.991,0.897
75.534512,293.615,61.997,0.890
75.546122,293.357,61.982,0.877
75.557732,292.271,61.918,0.874
75.569342,291.673,61.882,0.876
75.580952,291.720,61.885,0.877
75.592562,291.975,61.900,0.882
75.604172,292.341,61.922,0.894
75.615782,292.951,61.958,0.911
75.627392,293.342,61.981,0.921
75.639002,293.446,61.987,0.934
75.650612,294.038,62.022,0.926
75.662222,294.494,62.049,0.913
75.673832,294.603,62.055,0.897
75.685442,294.788,62.066,0.877
75.697052,295.793,62.125,0.859
75.708662,301.463,62.454,0.859
75.720272,552.060,72.928,0.864
75.731882,350.504,65.063,0.870
75.743492,355.739,65.320,0.878
75.755102,359.534,65.503,0.889
75.766712,363.537,65.695,0.902
75.778322,365.913,65.808,0.916
75.789932,366.867,65.853,0.923
75.801542,368.699,65.939,0.919
75.813152,369.552,65.979,0.911
75.824762,369.618,65.982,0.897
75.836372,369.442,65.974,0.898
75.847982,369.239,65.965,0.900
75.859592,369.287,65.967,0.904
75.871202,369.339,65.969,0.895
75.882812,369.565,65.980,0.880
75.894422,369.962,65.999,0.864
75.906032,370.448,66.021,0.846
75.917642,370.854,66.040,0.826
75.929252,370.936,66.044,0.800
75.940862,248.282,59.094,0.759
75.952472,248.533,59.111,0.677
75.964082,249.727,59.194,0.625
75.975692,250.672,59.260,0.639
75.987302,252.647,59.395,0.714
75.998912,123.462,46.999,0.753
76.010522,153.115,50.725,0.774
76.022132,164.770,51.995,0.799
76.033741,176.640,53.200,0.827
76.045351,177.489,53.283,0.851
76.056961,176.968,53.232,0.887
76.068571,176.421,53.178,0.905
76.080181,349.790,65.028,0.909
76.091791,347.387,64.908,0.909
76.103401,345.940,64.836,0.914
76.115011,343.481,64.713,0.913
76.126621,340.172,64.545,0.909
76.138231,337.515,64.409,0.905
76.149841,334.727,64.266,0.888
76.161451,332.720,64.162,0.877
76.173061,330.985,64.071,0.867
76.184671,330.021,64.021,0.869
76.196281,329.172,63.976,0.868
76.207891,328.576,63.945,0.873
76.219501,328.268,63.928,0.882
76.231111,327.985,63.914,0.886
76.242721,327.797,63.904,0.888
76.254331,327.810,63.904,0.889
76.265941,328.022,63.915,0.890
76.277551,328.109,63.920,0.889
76.289161,328.285,63.929,0.885
76.300771,328.054,63.917,0.880
76.312381,327.909,63.910,0.871
76.323991,327.633,63.895,0.870
76.335601,327.523,63.889,0.872
76.347211,326.903,63.856,0.872
76.358821,326.189,63.818,0.876
76.370431,325.678,63.791,0.874
76.382041,324.663,63.737,0.878
76.393651,323.046,63.651,0.887
76.405261,320.671,63.523,0.894
76.416871,316.871,63.317,0.896
76.428481,311.127,63.000,0.896
76.440091,306.725,62.753,0.895
76.451701,303.770,62.586,0.886
76.463311,303.133,62.549,0.889
76.474921,301.133,62.435,0.890
76.486531,482.143,70.584,0.885
76.498141,484.040,70.651,0.875
76.509751,956.061,82.435,0.866
76.521361,963.812,82.575,0.857
76.532971,938.019,82.105,0.862
76.544580,936.011,82.068,0.869
76.556190,920.806,81.785,0.869
76.567800,912.970,81.637,0.863
76.579410,914.054,81.657,0.860
76.591020,917.921,81.730,0.864
76.602630,918.009,81.732,0.860
76.614240,914.417,81.664,0.852
76.625850,919.616,81.762,0.833
76.637460,921.721,81.802,0.811
76.649070,929.341,81.944,0.783
76.660680,936.210,82.072,0.754
76.672290,943.617,82.208,0.703
76.683900,244.891,58.856,0.635
76.695510,337.246,64.396,0.594
76.707120,333.622,64.209,0.566
76.718730,330.050,64.022,0.567
76.730340,857.213,80.546,0.600
76.741950,847.122,80.341,0.629
76.753560,187.234,54.208,0.657
76.765170,792.453,79.186,0.684
76.776780,777.788,78.862,0.712
76.788390,122.700,46.892,0.732
76.800000,122.702,46.892,0.767
76.811610,122.581,46.875,0.783
76.823220,316.884,63.317,0.791
76.834830,796.370,79.271,0.808
76.846440,788.672,79.103,0.824
76.858050,815.201,79.676,0.823
76.869660,824.961,79.882,0.814
76.881270,832.187,80.033,0.805
76.892880,838.179,80.157,0.789
76.904490,865.964,80.722,0.814
76.916100,892.444,81.243,0.835
76.927710,925.459,81.872,0.850
76.939320,461.103,69.811,0.851
76.950930,461.402,69.822,0.862
76.962540,460.459,69.787,0.886
76.974150,327.334,63.879,0.900
76.985760,327.606,63.893,0.912
76.997370,328.804,63.957,0.911
77.008980,329.607,63.999,0.908
77.020590,329.502,63.993,0.905
77.032200,328.989,63.966,0.907
77.043810,328.190,63.924,0.908
77.055420,327.219,63.873,0.899
77.067029,326.772,63.849,0.885
77.078639,326.234,63.821,0.867
77.090249,325.831,63.799,0.848
77.101859,325.027,63.757,0.831
77.113469,324.111,63.708,0.805
77.125079,322.649,63.630,0.771
77.136689,257.459,59.722,0.730
77.148299,251.423,59.311,0.683
77.159909,249.331,59.167,0.678
77.171519,247.798,59.060,0.664
77.183129,247.677,59.051,0.642
77.194739,108.907,44.827,0.592
77.206349,109.011,44.844,0.597
77.217959,373.225,66.150,0.690
77.229569,375.262,66.245,0.751
77.241179,371.961,66.092,0.790
77.252789,369.917,65.996,0.822
77.264399,368.184,65.915,0.854
77.276009,366.935,65.856,0.875
77.287619,367.105,65.864,0.890
77.299229,370.709,66.033,0.901
77.310839,655.083,75.890,0.903
77.322449,329.776,64.008,0.905
77.334059,329.798,64.009,0.908
77.345669,328.829,63.958,0.905
77.357279,327.545,63.890,0.896
77.368889,327.710,63.899,0.888
77.380499,329.253,63.980,0.884
77.392109,331.527,64.099,0.881
77.403719,332.091,64.129,0.871
77.415329,332.560,64.153,0.848
77.426939,333.103,64.182,0.822
77.438549,333.658,64.210,0.800
77.450159,334.118,64.234,0.773
77.461769,334.320,64.245,0.744
77.473379,332.425,64.146,0.706
77.484989,326.576,63.839,0.645
77.496599,247.458,59.036,0.604
77.508209,225.212,57.405,0.620
77.519819,325.878,63.802,0.635
77.531429,313.830,63.150,0.701
77.543039,324.119,63.708,0.744
77.554649,328.518,63.942,0.786
77.566259,330.868,64.065,0.823
77.577868,331.323,64.089,0.847
77.589478,331.270,64.086,0.867
77.601088,331.199,64.082,0.884
77.612698,330.998,64.072,0.899
77.624308,330.963,64.070,0.910
77.635918,330.391,64.040,0.919
77.647528,329.083,63.971,0.914
77.659138,328.133,63.921,0.900
77.670748,327.501,63.888,0.888
77.682358,327.179,63.871,0.880
77.693968,327.513,63.889,0.878
77.705578,327.942,63.911,0.873
77.717188,328.350,63.933,0.859
77.728798,328.996,63.967,0.846
77.740408,329.167,63.976,0.842
77.752018,329.160,63.975,0.847
77.763628,329.021,63.968,0.854
77.775238,328.851,63.959,0.852
77.786848,328.452,63.938,0.832
77.798458,328.068,63.918,0.804
77.810068,327.238,63.874,0.776
77.821678,284.567,61.455,0.768
77.833288,248.930,59.139,0.766
77.844898,249.767,59.197,0.770
77.856508,114.859,45.748,0.796
77.868118,347.640,64.921,0.813
77.879728,346.405,64.859,0.834
77.891338,345.217,64.800,0.863
77.902948,344.537,64.766,0.883
77.914558,344.135,64.746,0.891
77.926168,342.950,64.686,0.900
77.937778,341.464,64.611,0.906
77.949388,337.690,64.418,0.903
77.960998,330.933,64.068,0.904
77.972608,328.643,63.948,0.906
77.984218,327.463,63.886,0.899
77.995828,326.673,63.844,0.889
78.007438,326.162,63.817,0.876
78.019048,326.245,63.821,0.868
78.030658,326.735,63.847,0.867
78.042268,327.209,63.873,0.864
78.053878,327.910,63.910,0.856
78.065488,329.271,63.981,0.850
78.077098,329.830,64.011,0.852
78.088707,329.933,64.016,0.863
78.100317,329.787,64.008,0.876
78.111927,329.614,63.999,0.882
78.123537,329.366,63.986,0.882
78.135147,329.272,63.981,0.879
78.146757,329.956,64.017,0.883
78.158367,330.378,64.039,0.882
78.169977,330.218,64.031,0.883
78.181587,329.929,64.016,0.882
78.193197,329.603,63.999,0.882
78.204807,329.416,63.989,0.881
78.216417,329.351,63.985,0.885
78.228027,329.394,63.988,0.888
78.239637,329.039,63.969,0.882
78.251247,328.720,63.952,0.883
78.262857,328.137,63.922,0.883
78.274467,327.532,63.890,0.876
78.286077,327.476,63.887,0.860
78.297687,327.406,63.883,0.843
78.309297,326.968,63.860,0.822
78.320907,325.975,63.807,0.800
78.332517,324.135,63.709,0.781
78.344127,320.851,63.533,0.748
78.355737,318.299,63.395,0.699
78.367347,109.782,44.966,0.672
78.378957,109.769,44.964,0.677
78.390567,109.795,44.968,0.682
78.402177,164.632,51.981,0.681
78.413787,164.631,51.981,0.688
78.425397,849.465,80.389,0.693
78.437007,164.723,51.990,0.692
78.448617,330.488,64.045,0.702
78.460227,333.922,64.224,0.740
78.471837,337.701,64.419,0.767
78.483447,337.987,64.434,0.790
78.495057,338.331,64.451,0.824
78.506667,337.959,64.432,0.849
78.518277,336.361,64.350,0.865
78.529887,335.221,64.291,0.879
78.541497,334.796,64.269,0.889
78.553107,334.328,64.245,0.894
78.564717,334.189,64.238,0.897
78.576327,335.113,64.286,0.899
78.587937,699.589,77.028,0.897
78.599546,709.131,77.263,0.894
78.611156,716.580,77.443,0.898
78.622766,722.574,77.588,0.902
78.634376,365.366,65.782,0.906
78.645986,367.073,65.863,0.911
78.657596,367.963,65.905,0.915
78.669206,368.966,65.952,0.918
78.680816,369.151,65.961,0.917
78.692426,368.536,65.932,0.918
78.704036,367.960,65.905,0.906
78.715646,367.615,65.888,0.890
78.727256,367.199,65.869,0.871
78.738866,366.669,65.844,0.844
78.750476,365.008,65.765,0.829
78.762086,346.834,64.881,0.822
78.773696,294.870,62.071,0.830
78.785306,290.709,61.825,0.823
78.796916,289.800,61.771,0.834
78.808526,289.647,61.762,0.849
78.820136,289.820,61.772,0.867
78.831746,289.773,61.769,0.881
78.843356,289.527,61.754,0.883
78.854966,289.227,61.736,0.880
78.866576,288.053,61.666,0.870
78.878186,287.109,61.609,0.870
78.889796,286.193,61.554,0.869
78.901406,284.170,61.431,0.871
78.913016,279.137,61.122,0.866
78.924626,275.764,60.911,0.861
78.936236,245.761,58.917,0.860
78.947846,244.837,58.852,0.857
78.959456,244.936,58.859,0.849
78.971066,244.739,58.845,0.836
78.982676,244.492,58.827,0.823
78.994286,244.776,58.848,0.805
79.005896,244.409,58.822,0.789
79.017506,243.519,58.758,0.770
79.029116,243.379,58.748,0.743
79.040726,224.746,57.370,0.715
79.052336,224.693,57.365,0.710
79.063946,283.610,61.397,0.730
79.075556,294.624,62.056,0.752
79.087166,300.052,62.373,0.785
79.098776,301.502,62.456,0.807
79.110385,301.737,62.469,0.824
79.121995,302.325,62.503,0.834
79.133605,301.620,62.463,0.847
79.145215,299.548,62.343,0.857
79.156825,299.825,62.359,0.856
79.168435,101.531,43.613,0.861
79.180045,881.323,81.026,0.863
79.191655,286.401,61.566,0.860
79.203265,286.850,61.594,0.861
79.214875,287.285,61.620,0.864
79.226485,289.324,61.742,0.867
79.238095,292.255,61.917,0.870
79.249705,293.723,62.003,0.880
79.261315,295.021,62.080,0.878
79.272925,296.107,62.143,0.873
79.284535,296.193,62.148,0.871
79.296145,295.935,62.133,0.862
79.307755,294.991,62.078,0.854
79.319365,293.245,61.975,0.844
79.330975,291.433,61.868,0.824
79.342585,286.687,61.584,0.797
79.354195,283.121,61.367,0.796
79.365805,285.520,61.513,0.806
79.377415,288.545,61.696,0.808
79.389025,289.752,61.768,0.819
79.400635,291.431,61.868,0.842
79.412245,292.464,61.929,0.858
79.423855,293.406,61.985,0.874
79.435465,293.606,61.997,0.884
79.447075,293.534,61.992,0.882
79.458685,292.739,61.945,0.875
79.470295,291.944,61.898,0.874
79.481905,292.056,61.905,0.860
79.493515,291.383,61.865,0.835
79.505125,289.550,61.756,0.812
79.516735,286.205,61.555,0.810
79.528345,282.496,61.329,0.819
79.539955,251.189,59.295,0.829
79.551565,248.727,59.125,0.843
79.563175,247.424,59.034,0.865
79.574785,246.605,58.976,0.890
79.586395,246.117,58.942,0.907
79.598005,245.979,58.932,0.920
79.609615,245.960,58.931,0.924
79.621224,245.900,58.927,0.924
79.632834,246.522,58.971,0.924
79.644444,247.486,59.038,0.919
79.656054,249.002,59.144,0.910
79.667664,251.587,59.323,0.903
79.679274,254.667,59.533,0.898
79.690884,259.145,59.835,0.893
79.702494,264.057,60.160,0.893
79.714104,294.919,62.074,0.891
79.725714,294.845,62.069,0.890
79.737324,295.073,62.083,0.892
79.748934,295.090,62.084,0.897
79.760544,295.268,62.094,0.901
79.772154,295.229,62.092,0.889
79.783764,294.113,62.026,0.874
79.795374,292.656,61.940,0.852
79.806984,291.888,61.895,0.835
79.818594,289.638,61.761,0.841
79.830204,288.004,61.663,0.856
79.841814,287.942,61.659,0.857
79.853424,290.044,61.785,0.850
79.865034,291.242,61.857,0.873
79.876644,292.824,61.950,0.895
79.888254,293.523,61.992,0.915
79.899864,293.278,61.977,0.931
79.911474,293.995,62.019,0.920
79.923084,294.101,62.026,0.898
79.934694,294.172,62.030,0.881
79.946304,294.181,62.030,0.871
79.957914,293.897,62.014,0.856
79.969524,291.571,61.876,0.835
79.981134,280.813,61.225,0.815
79.992744,292.511,61.932,0.798
80.004354,297.928,62.250,0.832
80.015964,298.067,62.258,0.846
80.027574,296.007,62.138,0.861
80.039184,293.734,62.004,0.870
80.050794,292.779,61.948,0.879
80.062404,292.519,61.932,0.882
80.074014,291.267,61.858,0.881
80.085624,289.794,61.770,0.875
80.097234,288.785,61.710,0.852
80.108844,288.105,61.669,0.842
80.120454,286.839,61.593,0.840
80.132063,282.912,61.354,0.839
80.143673,277.839,61.041,0.834
80.155283,245.557,58.903,0.839
80.166893,245.607,58.906,0.845
80.178503,245.551,58.902,0.852
80.190113,245.608,58.906,0.869
80.201723,245.717,58.914,0.880
80.213333,245.633,58.908,0.883
80.224943,245.826,58.922,0.888
80.236553,246.245,58.951,0.891
80.248163,246.916,58.998,0.891
80.259773,247.385,59.031,0.887
80.271383,248.126,59.083,0.883
80.282993,249.172,59.156,0.878
80.294603,277.712,61.033,0.874
80.306213,280.949,61.234,0.877
80.317823,288.609,61.699,0.873
80.329433,289.473,61.751,0.868
80.341043,290.367,61.805,0.865
80.352653,292.997,61.961,0.864
80.364263,292.552,61.934,0.863
80.375873,292.190,61.913,0.864
80.387483,902.212,81.432,0.866
80.399093,283.443,61.387,0.862
80.410703,284.148,61.430,0.861
80.422313,588.945,74.048,0.865
80.433923,589.259,74.057,0.864
80.445533,293.138,61.969,0.871
80.457143,293.103,61.967,0.876
80.468753,292.511,61.932,0.877
80.480363,291.515,61.873,0.886
80.491973,290.866,61.834,0.887
80.503583,290.485,61.812,0.889
80.515193,289.750,61.768,0.889
80.526803,289.090,61.728,0.882
80.538413,288.319,61.682,0.871
80.550023,288.568,61.697,0.860
80.561633,289.824,61.772,0.852
80.573243,291.492,61.871,0.837
80.584853,300.046,62.372,0.835
80.596463,307.316,62.787,0.827
80.608073,307.791,62.813,0.826
80.619683,308.031,62.827,0.837
80.631293,307.581,62.802,0.843
80.642902,308.594,62.858,0.855
80.654512,309.291,62.898,0.857
80.666122,279.074,61.118,0.861
80.677732,278.190,61.063,0.859
80.689342,269.482,60.512,0.860
80.700952,262.912,60.085,0.862
80.712562,917.149,81.716,0.860
80.724172,916.808,81.709,0.861
80.735782,251.020,59.284,0.860
80.747392,249.499,59.178,0.859
80.759002,248.502,59.109,0.859
80.770612,247.978,59.073,0.862
80.782222,247.410,59.033,0.867
80.793832,247.092,59.011,0.870
80.805442,247.097,59.011,0.873
80.817052,247.225,59.020,0.877
80.828662,247.193,59.018,0.873
80.840272,247.084,59.010,0.870
80.851882,247.012,59.005,0.859
80.863492,247.014,59.005,0.842
80.875102,246.925,58.999,0.820
80.886712,246.472,58.967,0.787
80.898322,245.450,58.895,0.752
80.909932,242.714,58.701,0.699
80.921542,115.030,45.774,0.647
80.933152,123.658,47.026,0.580
80.944762,185.261,54.025,0.507
80.956372,123.544,47.010,0.480
80.967982,123.762,47.041,0.456
80.979592,123.917,47.062,0.458
80.991202,368.214,65.917,0.455
81.002812,123.841,47.052,0.452
81.014422,82.160,39.948,0.447
81.026032,246.083,58.940,0.443
81.037642,247.025,59.006,0.442
81.049252,246.973,59.002,0.435
81.060862,247.258,59.022,0.434
81.072472,247.453,59.036,0.421
81.084082,247.178,59.017,0.415
81.095692,247.376,59.030,0.413
81.107302,123.845,47.052,0.411
81.118912,123.797,47.046,0.404
81.130522,123.691,47.031,0.395
81.142132,123.751,47.039,0.380
81.153741,123.735,47.037,0.364
81.165351,123.733,47.037,0.351
81.176961,123.653,47.026,0.334
81.188571,123.415,46.992,0.318
81.200181,123.189,46.960,0.299
81.211791,454.244,69.552,0.279
81.223401,448.391,69.327,0.253
81.235011,445.015,69.196,0.242
81.246621,444.766,69.187,0.245
81.258231,245.247,58.881,0.244
81.269841,443.036,69.119,0.245
81.281451,275.142,60.872,0.237
81.293061,956.228,82.438,0.243
81.304671,937.180,82.090,0.242
81.316281,938.407,82.113,0.239
81.327891,933.350,82.019,0.239
81.339501,932.697,82.007,0.234
81.351111,123.508,47.005,0.227
81.362721,123.516,47.006,0.220
81.374331,123.480,47.001,0.224
81.385941,247.324,59.027,0.216
81.397551,247.187,59.017,0.215
81.409161,247.119,59.012,0.217
81.420771,246.860,58.994,0.218
81.432381,246.814,58.991,0.218
81.443991,246.715,58.984,0.221
81.455601,246.619,58.977,0.214
81.467211,246.722,58.985,0.192
81.478821,246.678,58.982,0.171
81.490431,246.594,58.976,0.149
81.502041,246.334,58.957,0.122
81.513651,246.015,58.935,0.085
81.525261,245.726,58.915,0.033
81.536871,,,0.000
81.548481,,,0.000
81.560091,,,0.000
81.571701,,,0.000
81.583311,,,0.000
81.594921,,,0.000
81.606531,,,0.000
81.618141,,,0.000
81.629751,,,0.000
81.641361,,,0.000
81.652971,,,0.000
81.664580,,,0.000
81.676190,,,0.000
81.687800,,,0.000
81.699410,,,0.000
81.711020,,,0.000
81.722630,,,0.000
81.734240,,,0.000
81.745850,,,0.000
81.757460,,,0.000
81.769070,,,0.000
81.780680,,,0.000
81.792290,,,0.000
81.803900,,,0.000
81.815510,,,0.000
81.827120,,,0.000
81.838730,,,0.000
81.850340,,,0.000
81.861950,,,0.000
81.873560,,,0.000
81.885170,,,0.000
81.896780,,,0.000
81.908390,,,0.000
81.920000,,,0.000
81.931610,,,0.000
81.943220,,,0.000
81.954830,,,0.000
81.966440,,,0.000
81.978050,,,0.000
81.989660,,,0.000
82.001270,,,0.000
82.012880,,,0.000
82.024490,,,0.000
82.036100,,,0.000
82.047710,,,0.000
82.059320,,,0.000
82.070930,,,0.000
82.082540,,,0.000
82.094150,,,0.000
82.105760,,,0.000
82.117370,,,0.000
82.128980,,,0.000
82.140590,,,0.000
82.152200,,,0.000
82.163810,,,0.000
82.175420,,,0.000
82.187029,,,0.000
82.198639,,,0.000
82.210249,,,0.000
82.221859,,,0.000
82.233469,,,0.000
82.245079,,,0.000
82.256689,,,0.000
82.268299,,,0.000
82.279909,,,0.000
82.291519,768.951,78.665,0.328
82.303129,788.813,79.106,0.511
82.314739,811.454,79.596,0.640
82.326349,792.382,79.184,0.709
82.337959,781.050,78.935,0.763
82.349569,327.402,63.883,0.819
82.361179,100.530,43.441,0.850
82.372789,761.409,78.494,0.875
82.384399,765.389,78.584,0.892
82.396009,782.166,78.960,0.914
82.407619,778.233,78.872,0.915
82.419229,417.353,68.085,0.921
82.430839,422.231,68.286,0.923
82.442449,425.927,68.437,0.918
82.454059,429.082,68.565,0.920
82.465669,431.494,68.662,0.918
82.477279,433.351,68.736,0.919
82.488889,436.641,68.867,0.913
82.500499,437.066,68.884,0.919
82.512109,437.362,68.896,0.920
82.523719,437.521,68.902,0.924
82.535329,437.099,68.885,0.924
82.546939,436.366,68.856,0.920
82.558549,435.399,68.818,0.920
82.570159,218.160,56.855,0.920
82.581769,218.046,56.846,0.915
82.593379,218.069,56.847,0.920
82.604989,217.636,56.813,0.917
82.616599,217.362,56.791,0.911
82.628209,578.352,73.733,0.898
82.639819,575.552,73.649,0.884
82.651429,1002.273,83.252,0.864
82.663039,979.281,82.851,0.841
82.674649,103.974,44.025,0.820
82.686259,103.667,43.974,0.777
82.697868,470.360,70.155,0.742
82.709478,468.046,70.070,0.716
82.721088,468.763,70.096,0.735
82.732698,467.203,70.039,0.763
82.744308,467.422,70.047,0.784
82.755918,469.397,70.120,0.806
82.767528,307.420,62.792,0.826
82.779138,306.739,62.754,0.837
82.790748,306.765,62.756,0.838
82.802358,279.842,61.165,0.828
82.813968,281.624,61.275,0.812
82.825578,279.751,61.160,0.791
82.837188,278.249,61.066,0.778
82.848798,125.976,47.348,0.767
82.860408,462.344,69.858,0.761
82.872018,465.206,69.964,0.783
82.883628,463.433,69.898,0.806
82.895238,462.739,69.872,0.823
82.906848,290.036,61.785,0.838
82.918458,290.039,61.785,0.840
82.930068,290.054,61.786,0.839
82.941678,290.174,61.793,0.832
82.953288,289.913,61.777,0.821
82.964898,289.257,61.738,0.801
82.976508,289.951,61.780,0.785
82.988118,259.459,59.856,0.781
82.999728,260.428,59.921,0.776
83.011338,260.854,59.949,0.786
83.022948,88.951,41.323,0.793
83.034558,88.925,41.318,0.804
83.046168,97.937,42.989,0.811
83.057778,335.427,64.302,0.825
83.069388,331.875,64.118,0.852
83.080998,329.729,64.005,0.871
83.092608,328.702,63.951,0.880
83.104218,328.145,63.922,0.886
83.115828,327.738,63.900,0.890
83.127438,327.689,63.898,0.891
83.139048,325.680,63.791,0.905
83.150658,323.829,63.693,0.909
83.162268,322.047,63.597,0.898
83.173878,320.843,63.532,0.886
83.185488,568.426,73.434,0.888
83.197098,567.010,73.390,0.884
83.208707,567.306,73.399,0.874
83.220317,753.276,78.308,0.863
83.231927,758.677,78.432,0.832
83.243537,762.519,78.519,0.792
83.255147,763.739,78.547,0.754
83.266757,763.485,78.541,0.714
83.278367,279.154,61.123,0.607
83.289977,275.526,60.896,0.686
83.301587,282.410,61.323,0.761
83.313197,282.994,61.359,0.761
83.324807,282.968,61.358,0.761
83.336417,282.821,61.349,0.764
83.348027,282.269,61.315,0.793
83.359637,282.168,61.309,0.837
83.371247,102.512,43.779,0.859
83.382857,186.941,54.181,0.862
83.394467,305.547,62.687,0.858
83.406077,860.817,80.618,0.879
83.417687,471.493,70.197,0.895
83.429297,472.436,70.231,0.909
83.440907,477.468,70.415,0.912
83.452517,301.417,62.451,0.902
83.464127,300.283,62.386,0.893
83.475737,299.482,62.340,0.872
83.487347,298.370,62.275,0.854
83.498957,297.992,62.253,0.849
83.510567,295.484,62.107,0.853
83.522177,294.454,62.046,0.853
83.533787,293.566,61.994,0.847
83.545397,293.194,61.972,0.844
83.557007,293.027,61.962,0.846
83.568617,292.721,61.944,0.848
83.580227,292.711,61.944,0.844
83.591837,292.573,61.936,0.821
83.603447,292.731,61.945,0.783
83.615057,292.629,61.939,0.741
83.626667,292.189,61.913,0.721
83.638277,289.443,61.749,0.709
83.649887,288.880,61.716,0.719
83.661497,290.867,61.834,0.739
83.673107,293.132,61.969,0.767
83.684717,294.262,62.035,0.789
83.696327,294.374,62.042,0.806
83.707937,294.059,62.023,0.819
83.719546,294.073,62.024,0.814
83.731156,294.364,62.041,0.802
83.742766,294.833,62.069,0.782
83.754376,294.963,62.076,0.775
83.765986,293.972,62.018,0.775
83.777596,292.903,61.955,0.771
83.789206,262.846,60.081,0.770
83.800816,280.805,61.225,0.770
83.812426,290.762,61.828,0.786
83.824036,295.246,62.093,0.805
83.835646,296.181,62.148,0.818
83.847256,295.926,62.133,0.820
83.858866,295.432,62.104,0.803
83.870476,295.788,62.125,0.789
83.882086,295.538,62.110,0.773
83.893696,296.466,62.164,0.752
83.905306,297.273,62.211,0.719
83.916916,295.444,62.105,0.674
83.928526,286.413,61.567,0.630
83.940136,227.715,57.597,0.634
83.951746,289.483,61.752,0.769
83.963356,292.899,61.955,0.819
83.974966,294.496,62.049,0.853
83.986576,294.604,62.055,0.873
83.998186,294.268,62.036,0.890
84.009796,293.761,62.006,0.904
84.021406,293.233,61.975,0.914
84.033016,292.576,61.936,0.924
84.044626,290.735,61.826,0.914
84.056236,287.808,61.651,0.911
84.067846,284.988,61.481,0.907
84.079456,282.094,61.304,0.908
84.091066,278.321,61.071,0.910
84.102676,276.911,60.983,0.901
84.114286,275.511,60.895,0.889
84.125896,273.160,60.747,0.867
84.137506,270.483,60.576,0.841
84.149116,395.862,67.170,0.806
84.160726,392.340,67.015,0.763
84.172336,391.956,66.998,0.696
84.183946,392.556,67.025,0.541
84.195556,166.239,52.149,0.404
84.207166,884.403,81.086,0.061
84.218776,390.422,66.930,0.164
84.230385,614.484,74.782,0.600
84.241995,644.328,75.603,0.761
84.253605,635.419,75.362,0.817
84.265215,635.176,75.356,0.843
84.276825,634.870,75.347,0.867
84.288435,623.602,75.037,0.890
84.300045,620.492,74.951,0.907
84.311655,616.738,74.846,0.920
84.323265,218.593,56.889,0.923
84.334875,219.466,56.958,0.910
84.346485,219.619,56.970,0.901
84.358095,220.140,57.011,0.894
84.369705,220.504,57.040,0.881
84.381315,220.733,57.058,0.857
84.392925,220.828,57.065,0.831
84.404535,220.824,57.065,0.801
84.416145,220.570,57.045,0.763
84.427755,219.977,56.998,0.713
84.439365,218.458,56.878,0.622
84.450975,216.175,56.696,0.517
84.462585,171.946,52.733,0.282
84.474195,174.636,53.002,0.198
84.485805,171.510,52.689,0.031
84.497415,,,0.000
84.509025,348.332,64.956,0.356
84.520635,190.442,54.502,0.505
84.532245,131.004,48.025,0.569
84.543855,118.803,46.333,0.617
84.555465,94.396,42.352,0.666
84.567075,196.497,55.044,0.716
84.578685,196.445,55.039,0.751
84.590295,197.306,55.115,0.790
84.601905,196.521,55.046,0.815
84.613515,195.573,54.962,0.829
84.625125,194.680,54.883,0.842
84.636735,193.090,54.741,0.852
84.648345,191.276,54.578,0.856
84.659955,189.369,54.404,0.855
84.671565,187.841,54.264,0.854
84.683175,186.361,54.127,0.845
84.694785,185.405,54.038,0.840
84.706395,185.063,54.006,0.840
84.718005,184.964,53.997,0.840
84.729615,185.200,54.019,0.840
84.741224,185.395,54.037,0.841
84.752834,185.489,54.046,0.840
84.764444,185.599,54.056,0.836
84.776054,185.648,54.061,0.832
84.787664,185.758,54.071,0.824
84.799274,185.505,54.047,0.815
84.810884,584.078,73.904,0.822
84.822494,583.857,73.897,0.818
84.834104,396.439,67.195,0.827
84.845714,186.670,54.156,0.849
84.857324,386.370,66.750,0.858
84.868934,209.477,56.151,0.878
84.880544,209.660,56.167,0.902
84.892154,209.861,56.183,0.915
84.903764,209.928,56.189,0.915
84.915374,209.874,56.184,0.915
84.926984,466.185,70.001,0.909
84.938594,466.201,70.001,0.892
84.950204,568.951,73.450,0.882
84.961814,569.736,73.473,0.861
84.973424,95.090,42.478,0.824
84.985034,291.550,61.875,0.784
84.996644,293.763,62.006,0.751
85.008254,294.257,62.035,0.732
85.019864,292.312,61.920,0.715
85.031474,279.839,61.165,0.707
85.043084,81.744,39.860,0.705
85.054694,84.172,40.367,0.702
85.066304,823.774,79.857,0.700
85.077914,196.835,55.074,0.698
85.089524,825.632,79.896,0.699
85.101134,825.441,79.892,0.695
85.112744,85.229,40.583,0.689
85.124354,324.335,63.720,0.686
85.135964,378.116,66.376,0.687
85.147574,344.358,64.757,0.731
85.159184,324.758,63.742,0.770
85.170794,321.392,63.562,0.807
85.182404,306.010,62.713,0.825
85.194014,303.108,62.548,0.834
85.205624,301.596,62.461,0.845
85.217234,299.597,62.346,0.855
85.228844,298.068,62.258,0.865
85.240454,297.724,62.238,0.862
85.252063,295.871,62.130,0.856
85.263673,294.682,62.060,0.846
85.275283,294.114,62.026,0.841
85.286893,294.123,62.027,0.845
85.298503,294.124,62.027,0.848
85.310113,294.340,62.040,0.852
85.321723,293.980,62.019,0.846
85.333333,293.914,62.015,0.830
85.344943,293.786,62.007,0.812
85.356553,293.594,61.996,0.788
85.368163,293.600,61.996,0.762
85.379773,293.108,61.967,0.727
85.391383,292.447,61.928,0.673
85.402993,285.922,61.537,0.584
85.414603,258.541,59.795,0.517
85.426213,232.010,57.920,0.537
85.437823,196.957,55.085,0.546
85.449433,196.969,55.086,0.546
85.461043,196.972,55.086,0.543
85.472653,196.976,55.086,0.538
85.484263,99.944,43.340,0.527
85.495873,99.911,43.335,0.498
85.507483,204.250,55.714,0.456
85.519093,224.999,57.389,0.419
85.530703,518.118,71.829,0.459
85.542313,255.956,59.621,0.516
85.553923,276.672,60.968,0.549
85.565533,255.390,59.582,0.595
85.577143,229.328,57.719,0.605
85.588753,229.295,57.716,0.604
85.600363,278.081,61.056,0.598
85.611973,317.003,63.324,0.587
85.623583,229.799,57.754,0.565
85.635193,230.486,57.806,0.528
85.646803,115.389,45.828,0.487
85.658413,124.040,47.080,0.312
85.670023,202.078,55.529,0.055
85.681633,,,0.000
85.693243,888.106,81.159,0.267
85.704853,348.219,64.950,0.632
85.716463,776.791,78.840,0.752
85.728073,795.596,79.254,0.793
85.739683,797.462,79.295,0.829
85.751293,459.229,69.741,0.859
85.762902,458.086,69.697,0.874
85.774512,457.014,69.657,0.887
85.786122,455.493,69.599,0.902
85.797732,452.676,69.492,0.904
85.809342,447.481,69.292,0.903
85.820952,443.128,69.123,0.907
85.832562,442.334,69.092,0.904
85.844172,442.023,69.079,0.897
85.855782,441.228,69.048,0.899
85.867392,439.656,68.986,0.900
85.879002,438.645,68.947,0.898
85.890612,438.057,68.923,0.898
85.902222,437.808,68.914,0.896
85.913832,437.128,68.887,0.893
85.925442,436.750,68.872,0.887
85.937052,435.398,68.818,0.884
85.948662,435.089,68.806,0.872
85.960272,434.286,68.774,0.859
85.971882,432.367,68.697,0.844
85.983492,427.830,68.514,0.824
85.995102,416.331,68.043,0.791
86.006712,280.176,61.186,0.775
86.018322,279.866,61.167,0.777
86.029932,255.627,59.598,0.778
86.041542,251.362,59.307,0.796
86.053152,236.916,58.282,0.816
86.064762,236.230,58.232,0.838
86.076372,233.157,58.006,0.850
86.087982,231.122,57.854,0.867
86.099592,231.657,57.894,0.877
86.111202,340.448,64.559,0.887
86.122812,341.147,64.595,0.891
86.134422,340.013,64.537,0.895
86.146032,338.989,64.485,0.897
86.157642,339.268,64.499,0.894
86.169252,339.334,64.502,0.900
86.180862,339.831,64.528,0.901
86.192472,340.453,64.559,0.900
86.204082,341.395,64.607,0.900
86.215692,345.304,64.804,0.901
86.227302,353.786,65.224,0.903
86.238912,360.564,65.553,0.905
86.250522,363.470,65.692,0.910
86.262132,365.786,65.802,0.910
86.273741,367.077,65.863,0.909
86.285351,367.945,65.904,0.908
86.296961,368.331,65.922,0.905
86.308571,368.408,65.926,0.904
86.320181,368.592,65.934,0.901
86.331791,367.942,65.904,0.900
86.343401,366.924,65.856,0.897
86.355011,366.155,65.819,0.892
86.366621,365.449,65.786,0.894
86.378231,364.549,65.743,0.897
86.389841,363.429,65.690,0.898
86.401451,360.542,65.552,0.896
86.413061,358.963,65.476,0.894
86.424671,357.818,65.421,0.880
86.436281,973.279,82.744,0.864
86.447891,120.015,46.508,0.845
86.459501,120.172,46.531,0.814
86.471111,120.331,46.554,0.777
86.482721,449.402,69.366,0.743
86.494331,189.725,54.437,0.717
86.505941,366.545,65.838,0.699
86.517551,368.569,65.933,0.707
86.529161,368.647,65.937,0.714
86.540771,368.951,65.951,0.717
86.552381,369.201,65.963,0.715
86.563991,369.360,65.970,0.708
86.575601,369.168,65.961,0.690
86.587211,368.911,65.949,0.653
86.598821,369.293,65.967,0.594
86.610431,369.677,65.985,0.597
86.622041,368.446,65.927,0.677
86.633651,589.834,74.074,0.743
86.645261,577.619,73.711,0.783
86.656871,482.389,70.592,0.810
86.668481,415.435,68.005,0.835
86.680091,417.496,68.091,0.849
86.691701,220.513,57.040,0.872
86.703311,221.222,57.096,0.882
86.714921,448.619,69.336,0.892
86.726531,443.867,69.152,0.905
86.738141,441.840,69.072,0.912
86.749751,441.269,69.050,0.917
86.761361,440.958,69.038,0.921
86.772971,441.351,69.053,0.926
86.784580,441.825,69.072,0.922
86.796190,441.835,69.072,0.927
86.807800,441.795,69.070,0.929
86.819410,441.230,69.048,0.926
86.831020,441.252,69.049,0.922
86.842630,442.024,69.079,0.917
86.854240,442.611,69.102,0.908
86.865850,442.242,69.088,0.908
86.877460,441.151,69.045,0.911
86.889070,440.834,69.033,0.900
86.900680,440.893,69.035,0.877
86.912290,441.845,69.072,0.848
86.923900,442.647,69.104,0.822
86.935510,442.537,69.100,0.802
86.947120,441.738,69.068,0.795
86.958730,441.856,69.073,0.778
86.970340,365.205,65.774,0.765
86.981950,326.382,63.829,0.796
86.993560,333.887,64.222,0.819
87.005170,339.065,64.489,0.834
87.016780,339.411,64.506,0.850
87.028390,337.285,64.398,0.867
87.040000,334.858,64.273,0.877
87.051610,333.657,64.210,0.886
87.063220,333.477,64.201,0.888
87.074830,333.697,64.212,0.886
87.086440,334.262,64.242,0.895
87.098050,334.647,64.262,0.899
87.109660,334.582,64.258,0.898
87.121270,336.614,64.363,0.894
87.132880,346.060,64.842,0.890
87.144490,357.502,65.405,0.883
87.156100,360.511,65.550,0.880
87.167710,364.760,65.753,0.867
87.179320,367.792,65.897,0.844
87.190930,369.156,65.961,0.829
87.202540,369.572,65.980,0.822
87.214150,369.170,65.961,0.816
87.225760,368.102,65.911,0.813
87.237370,367.175,65.868,0.810
87.248980,366.528,65.837,0.804
87.260590,365.396,65.783,0.817
87.272200,356.910,65.377,0.826
87.283810,349.735,65.025,0.842
87.295420,345.940,64.836,0.857
87.307029,342.883,64.683,0.872
87.318639,340.988,64.587,0.879
87.330249,339.542,64.513,0.884
87.341859,338.101,64.439,0.893
87.353469,336.959,64.381,0.895
87.365079,336.944,64.380,0.906
87.376689,337.456,64.406,0.910
87.388299,681.834,76.583,0.907
87.399909,686.340,76.697,0.901
87.411519,693.100,76.867,0.897
87.423129,697.646,76.980,0.900
87.434739,702.433,77.098,0.903
87.446349,365.975,65.811,0.904
87.457959,367.965,65.905,0.901
87.469569,369.540,65.979,0.901
87.481179,370.192,66.009,0.907
87.492789,370.407,66.019,0.906
87.504399,370.192,66.009,0.900
87.516009,369.920,65.997,0.888
87.527619,369.689,65.986,0.873
87.539229,369.569,65.980,0.862
87.550839,369.927,65.997,0.856
87.562449,374.401,66.205,0.869
87.574059,378.528,66.395,0.867
87.585669,379.220,66.426,0.866
87.597279,377.899,66.366,0.874
87.608889,376.662,66.309,0.885
87.620499,376.377,66.296,0.895
87.632109,775.037,78.801,0.901
87.643719,771.026,78.711,0.906
87.655329,772.362,78.741,0.891
87.666939,342.972,64.687,0.880
87.678549,339.792,64.526,0.889
87.690159,337.534,64.410,0.892
87.701769,334.066,64.232,0.895
87.713379,331.656,64.106,0.891
87.724989,330.836,64.063,0.881
87.736599,327.034,63.863,0.871
87.748209,325.969,63.807,0.868
87.759819,324.650,63.737,0.875
87.771429,322.543,63.624,0.870
87.783039,146.127,49.917,0.867
87.794649,146.086,49.912,0.860
87.806259,292.914,61.956,0.856
87.817868,292.753,61.946,0.854
87.829478,292.024,61.903,0.851
87.841088,291.922,61.897,0.848
87.852698,293.329,61.980,0.842
87.864308,294.373,62.042,0.830
87.875918,295.345,62.099,0.827
87.887528,296.086,62.142,0.835
87.899138,295.953,62.134,0.842
87.910748,295.538,62.110,0.849
87.922358,295.196,62.090,0.853
87.933968,294.929,62.074,0.857
87.945578,294.541,62.052,0.861
87.957188,294.304,62.038,0.868
87.968798,293.997,62.020,0.875
87.980408,293.699,62.002,0.876
87.992018,293.692,62.002,0.882
88.003628,294.047,62.023,0.886
88.015238,294.113,62.026,0.883
88.026848,294.158,62.029,0.871
88.038458,294.314,62.038,0.856
88.050068,294.572,62.053,0.840
88.061678,294.819,62.068,0.814
88.073288,295.688,62.119,0.777
88.084898,295.357,62.099,0.721
88.096508,287.513,61.633,0.662
88.108118,118.456,46.282,0.625
88.119728,761.797,78.503,0.638
88.131338,760.906,78.483,0.661
88.142948,759.164,78.443,0.682
88.154558,759.010,78.439,0.703
88.166168,758.180,78.420,0.722
88.177778,449.079,69.354,0.744
88.189388,446.854,69.268,0.779
88.200998,446.709,69.262,0.801
88.212608,448.284,69.323,0.819
88.224218,451.150,69.433,0.836
88.235828,450.161,69.395,0.849
88.247438,449.071,69.353,0.869
88.259048,446.332,69.247,0.881
88.270658,445.792,69.226,0.885
88.282268,443.447,69.135,0.885
88.293878,432.921,68.719,0.890
88.305488,430.118,68.607,0.894
88.317098,429.178,68.569,0.895
88.328707,431.012,68.643,0.901
88.340317,433.080,68.726,0.903
88.351927,436.232,68.851,0.905
88.363537,438.037,68.923,0.910
88.375147,439.385,68.976,0.915
88.386757,440.898,69.035,0.915
88.398367,442.172,69.085,0.915
88.409977,442.912,69.114,0.919
88.421587,443.054,69.120,0.915
88.433197,443.284,69.129,0.911
88.444807,443.253,69.128,0.898
88.456417,443.852,69.151,0.882
88.468027,444.446,69.174,0.863
88.479637,445.115,69.200,0.843
88.491247,444.392,69.172,0.840
88.502857,443.451,69.135,0.830
88.514467,882.133,81.042,0.828
88.526077,879.467,80.990,0.823
88.537687,875.818,80.918,0.840
88.549297,875.453,80.910,0.857
88.560907,877.954,80.960,0.873
88.572517,344.071,64.742,0.885
88.584127,342.884,64.683,0.883
88.595737,341.927,64.634,0.881
88.607347,341.847,64.630,0.885
88.618957,341.890,64.632,0.884
88.630567,343.967,64.737,0.887
88.642177,348.163,64.947,0.890
88.653787,355.359,65.301,0.890
88.665397,360.572,65.553,0.888
88.677007,363.878,65.711,0.888
88.688617,366.459,65.834,0.892
88.700227,368.714,65.940,0.890
88.711837,369.732,65.988,0.894
88.723447,370.099,66.005,0.895
88.735057,369.680,65.985,0.896
88.746667,368.689,65.939,0.898
88.758277,367.639,65.889,0.897
88.769887,366.888,65.854,0.891
88.781497,364.989,65.764,0.888
88.793107,363.939,65.714,0.892
88.804717,362.482,65.645,0.887
88.816327,361.597,65.603,0.874
88.827937,360.558,65.553,0.851
88.839546,1002.273,83.252,0.827
88.851156,1002.273,83.252,0.806
88.862766,1002.273,83.252,0.791
88.874376,1002.273,83.252,0.761
88.885986,85.163,40.570,0.695
88.897596,1002.273,83.252,0.642
88.909206,1002.273,83.252,0.631
88.920816,1002.273,83.252,0.662
88.932426,220.304,57.024,0.690
88.944036,283.614,61.397,0.702
88.955646,183.805,53.888,0.710
88.967256,183.620,53.871,0.708
88.978866,369.995,66.000,0.699
88.990476,184.836,53.985,0.684
89.002086,371.748,66.082,0.665
89.013696,370.481,66.023,0.631
89.025306,371.940,66.091,0.584
89.036916,370.828,66.039,0.542
89.048526,372.189,66.102,0.527
89.060136,269.013,60.482,0.580
89.071746,220.460,57.036,0.627
89.083356,376.303,66.293,0.654
89.094966,377.294,66.338,0.699
89.106576,457.318,69.668,0.752
89.118186,433.351,68.736,0.798
89.129796,434.863,68.797,0.825
89.141406,446.076,69.237,0.848
89.153016,445.375,69.210,0.872
89.164626,443.278,69.128,0.887
89.176236,441.906,69.075,0.904
89.187846,440.753,69.030,0.920
89.199456,439.398,68.976,0.930
89.211066,438.802,68.953,0.929
89.222676,438.790,68.952,0.927
89.234286,438.342,68.935,0.926
89.245896,437.746,68.911,0.919
89.257506,437.516,68.902,0.916
89.269116,437.819,68.914,0.912
89.280726,438.670,68.948,0.902
89.292336,440.473,69.019,0.892
89.303946,441.298,69.051,0.889
89.315556,441.368,69.054,0.893
89.327166,441.232,69.048,0.895
89.338776,440.826,69.032,0.896
89.350385,441.036,69.041,0.897
89.361995,441.348,69.053,0.895
89.373605,440.398,69.016,0.888
89.385215,438.262,68.931,0.881
89.396825,418.631,68.138,0.880
89.408435,417.626,68.097,0.880
89.420045,417.645,68.097,0.879
89.431655,360.677,65.558,0.881
89.443265,359.697,65.511,0.884
89.454875,358.506,65.454,0.886
89.466485,356.792,65.371,0.894
89.478095,355.013,65.284,0.903
89.489705,349.921,65.034,0.910
89.501315,347.159,64.897,0.911
89.512925,348.047,64.941,0.914
89.524535,347.740,64.926,0.914
89.536145,346.792,64.879,0.913
89.547755,170.683,52.606,0.914
89.559365,185.078,54.008,0.911
89.570975,186.073,54.100,0.905
89.582585,369.241,65.965,0.894
89.594195,369.820,65.992,0.882
89.605805,371.308,66.061,0.864
89.617415,372.349,66.110,0.848
89.629025,373.101,66.145,0.830
89.640635,372.826,66.132,0.804
89.652245,371.902,66.089,0.789
89.663855,370.261,66.012,0.787
89.675465,371.892,66.089,0.782
89.687075,356.584,65.361,0.784
89.698685,356.558,65.360,0.791
89.710295,356.477,65.356,0.796
89.721905,357.242,65.393,0.816
89.733515,357.478,65.404,0.839
89.745125,357.222,65.392,0.860
89.756735,355.820,65.324,0.867
89.768345,354.904,65.279,0.870
89.779955,354.346,65.252,0.872
89.791565,353.353,65.203,0.877
89.803175,350.164,65.046,0.883
89.814785,347.264,64.902,0.884
89.826395,346.706,64.875,0.883
89.838005,347.237,64.901,0.878
89.849615,351.091,65.092,0.882
89.861224,369.750,65.989,0.893
89.872834,371.916,66.090,0.906
89.884444,372.488,66.116,0.923
89.896054,372.221,66.104,0.934
89.907664,371.962,66.092,0.934
89.919274,372.250,66.105,0.929
89.930884,372.103,66.098,0.922
89.942494,371.523,66.071,0.908
89.954104,369.672,65.985,0.891
89.965714,367.732,65.894,0.867
89.977324,366.100,65.817,0.837
89.988934,363.605,65.698,0.795
90.000544,362.664,65.654,0.786
90.012154,364.668,65.749,0.808
90.023764,364.833,65.757,0.837
90.035374,363.689,65.702,0.858
90.046984,362.342,65.638,0.872
90.058594,360.642,65.557,0.885
90.070204,360.251,65.538,0.877
90.081814,359.714,65.512,0.873
90.093424,357.731,65.416,0.858
90.105034,352.652,65.169,0.831
90.116644,345.854,64.832,0.785
90.128254,342.986,64.688,0.734
90.139864,689.307,76.772,0.680
90.151474,355.080,65.288,0.637
90.163084,290.896,61.836,0.714
90.174694,291.876,61.894,0.771
90.186304,291.471,61.870,0.809
90.197914,291.696,61.884,0.830
90.209524,291.546,61.875,0.836
90.221134,291.715,61.885,0.843
90.232744,291.961,61.899,0.852
90.244354,292.095,61.907,0.857
90.255964,292.389,61.925,0.849
90.267574,292.441,61.928,0.833
90.279184,293.739,62.004,0.818
90.290794,294.795,62.067,0.814
90.302404,147.598,50.090,0.820
90.314014,295.168,62.088,0.825
90.325624,295.758,62.123,0.826
90.337234,298.172,62.264,0.828
90.348844,300.667,62.408,0.833
90.360454,300.054,62.373,0.839
90.372063,298.671,62.293,0.847
90.383673,297.467,62.223,0.852
90.395283,296.520,62.167,0.857
90.406893,883.106,81.061,0.862
90.418503,881.126,81.022,0.870
90.430113,880.152,81.003,0.875
90.441723,290.351,61.804,0.877
90.453333,289.878,61.775,0.874
90.464943,879.712,80.994,0.873
90.476553,296.120,62.144,0.872
90.488163,297.624,62.232,0.875
90.499773,297.569,62.229,0.878
90.511383,297.984,62.253,0.876
90.522993,297.484,62.224,0.874
90.534603,295.244,62.093,0.876
90.546213,291.542,61.874,0.879
90.557823,290.807,61.831,0.880
90.569433,290.685,61.823,0.876
90.581043,290.624,61.820,0.873
90.592653,290.755,61.828,0.867
90.604263,291.788,61.889,0.871
90.615873,293.161,61.970,0.867
90.627483,294.063,62.023,0.862
90.639093,294.431,62.045,0.860
90.650703,293.996,62.020,0.859
90.662313,292.665,61.941,0.866
90.673923,289.562,61.756,0.870
90.685533,288.105,61.669,0.871
90.697143,285.188,61.493,0.868
90.708753,283.333,61.380,0.872
90.720363,253.297,59.440,0.876
90.731973,251.344,59.306,0.883
90.743583,249.078,59.149,0.888
90.755193,248.159,59.085,0.891
90.766803,247.563,59.044,0.896
90.778413,247.050,59.008,0.902
90.790023,246.522,58.971,0.908
90.801633,246.322,58.956,0.912
90.813243,246.482,58.968,0.915
90.824853,246.611,58.977,0.912
90.836463,246.881,58.996,0.907
90.848073,247.264,59.023,0.900
90.859683,247.506,59.040,0.890
90.871293,247.894,59.067,0.888
90.882902,247.472,59.037,0.885
90.894512,247.490,59.038,0.875
90.906122,246.377,58.960,0.863
90.917732,125.516,47.284,0.851
90.929342,232.914,57.987,0.834
90.940952,232.386,57.948,0.820
90.952562,125.239,47.246,0.806
90.964172,469.271,70.115,0.771
90.975782,105.473,44.272,0.720
90.987392,470.169,70.148,0.676
90.999002,469.804,70.135,0.618
91.010612,279.711,61.157,0.572
91.022222,277.352,61.011,0.558
91.033832,273.476,60.767,0.557
91.045442,711.830,77.328,0.560
91.057052,712.012,77.333,0.570
91.068662,243.687,58.770,0.615
91.080272,405.600,67.591,0.682
91.091882,88.476,41.230,0.729
91.103492,699.638,77.029,0.763
91.115102,703.366,77.121,0.800
91.126712,440.627,69.025,0.824
91.138322,431.411,68.659,0.850
91.149932,428.883,68.557,0.877
91.161542,428.353,68.536,0.895
91.173152,429.054,68.564,0.909
91.184762,428.583,68.545,0.913
91.196372,427.728,68.510,0.907
91.207982,426.729,68.470,0.898
91.219592,427.192,68.489,0.898
91.231202,427.367,68.496,0.900
91.242812,428.104,68.525,0.893
91.254422,428.932,68.559,0.879
91.266032,429.654,68.588,0.862
91.277642,431.203,68.650,0.865
91.289252,433.306,68.735,0.885
91.300862,434.898,68.798,0.902
91.312472,436.345,68.856,0.904
91.324082,879.473,80.990,0.895
91.335692,880.979,81.019,0.885
91.347302,881.362,81.027,0.881
91.358912,881.681,81.033,0.871
91.370522,882.248,81.044,0.852
91.382132,882.675,81.053,0.820
91.393741,439.705,68.988,0.780
91.405351,439.488,68.980,0.735
91.416961,439.857,68.994,0.699
91.428571,439.491,68.980,0.680
91.440181,438.869,68.955,0.687
91.451791,437.897,68.917,0.729
91.463401,436.766,68.872,0.786
91.475011,435.143,68.808,0.842
91.486621,868.225,80.767,0.865
91.498231,867.031,80.743,0.869
91.509841,864.775,80.698,0.877
91.521451,862.883,80.660,0.881
91.533061,860.442,80.611,0.881
91.544671,854.844,80.498,0.886
91.556281,847.808,80.355,0.869
91.567891,828.268,79.951,0.842
91.579501,813.158,79.632,0.827
91.591111,803.198,79.419,0.841
91.602721,791.976,79.175,0.845
91.614331,786.994,79.066,0.849
91.625941,780.019,78.912,0.850
91.637551,765.105,78.578,0.834
91.649161,123.489,47.002,0.836
91.660771,123.422,46.993,0.841
91.672381,184.170,53.922,0.839
91.683991,184.359,53.940,0.828
91.695601,370.980,66.046,0.817
91.707211,370.836,66.039,0.810
91.718821,369.956,65.998,0.807
91.730431,369.153,65.961,0.803
91.742041,368.797,65.944,0.805
91.753651,368.669,65.938,0.794
91.765261,368.303,65.921,0.801
91.776871,368.107,65.911,0.815
91.788481,367.811,65.898,0.832
91.800091,367.861,65.900,0.847
91.811701,368.272,65.919,0.857
91.823311,368.701,65.939,0.871
91.834921,369.230,65.964,0.880
91.846531,369.260,65.966,0.883
91.858141,369.556,65.979,0.885
91.869751,741.376,78.032,0.890
91.881361,740.884,78.021,0.895
91.892971,739.657,77.992,0.897
91.904580,738.556,77.966,0.897
91.916190,737.925,77.952,0.891
91.927800,737.539,77.943,0.882
91.939410,737.718,77.947,0.883
91.951020,736.656,77.922,0.882
91.962630,735.950,77.905,0.869
91.974240,736.358,77.915,0.864
91.985850,737.610,77.944,0.854
91.997460,369.283,65.967,0.847
92.009070,742.371,78.056,0.849
92.020680,743.632,78.085,0.848
92.032290,746.991,78.163,0.836
92.043900,376.215,66.289,0.827
92.055510,378.630,66.399,0.831
92.067120,382.741,66.586,0.811
92.078730,383.766,66.633,0.802
92.090340,383.911,66.639,0.805
92.101950,382.213,66.562,0.822
92.113560,382.164,66.560,0.829
92.125170,381.606,66.535,0.848
92.136780,382.496,66.575,0.867
92.148390,382.949,66.596,0.874
92.160000,382.570,66.579,0.874
92.171610,383.385,66.615,0.877
92.183220,384.879,66.683,0.879
92.194830,387.130,66.784,0.870
92.206440,388.052,66.825,0.872
92.218050,389.112,66.872,0.855
92.229660,389.117,66.872,0.848
92.241270,389.178,66.875,0.848
92.252880,389.163,66.874,0.865
92.264490,389.146,66.874,0.873
92.276100,389.401,66.885,0.866
92.287710,389.479,66.889,0.858
92.299320,389.546,66.891,0.851
92.310930,389.598,66.894,0.855
92.322540,389.829,66.904,0.851
92.334150,389.897,66.907,0.847
92.345760,390.401,66.929,0.843
92.357370,390.287,66.924,0.860
92.368980,390.088,66.916,0.880
92.380590,389.899,66.907,0.899
92.392200,389.534,66.891,0.908
92.403810,388.929,66.864,0.908
92.415420,778.171,78.871,0.902
92.427029,777.876,78.864,0.903
92.438639,777.416,78.854,0.921
92.450249,774.171,78.782,0.919
92.461859,773.060,78.757,0.903
92.473469,769.939,78.687,0.899
92.485079,766.640,78.613,0.895
92.496689,765.922,78.596,0.890
92.508299,763.952,78.552,0.893
92.519909,758.424,78.426,0.893
92.531519,751.336,78.263,0.878
92.543129,746.429,78.150,0.866
92.554739,744.549,78.106,0.873
92.566349,369.203,65.963,0.864
92.577959,367.698,65.892,0.863
92.589569,366.723,65.846,0.873
92.601179,364.865,65.758,0.879
92.612789,362.830,65.661,0.875
92.624399,360.121,65.532,0.856
92.636009,707.795,77.230,0.858
92.647619,694.706,76.907,0.862
92.659229,684.898,76.661,0.865
92.670839,678.179,76.490,0.865
92.682449,671.573,76.320,0.868
92.694059,331.655,64.106,0.861
92.705669,330.055,64.022,0.857
92.717279,329.089,63.972,0.857
92.728889,327.924,63.910,0.845
92.740499,326.974,63.860,0.833
92.752109,649.551,75.743,0.832
92.763719,641.533,75.528,0.827
92.775329,630.542,75.229,0.826
92.786939,622.005,74.993,0.833
92.798549,613.564,74.757,0.849
92.810159,605.888,74.539,0.866
92.821769,601.017,74.399,0.877
92.833379,596.940,74.281,0.895
92.844989,591.698,74.128,0.900
92.856599,589.892,74.075,0.902
92.868209,588.128,74.024,0.897
92.879819,586.995,73.990,0.898
92.891429,586.926,73.988,0.899
92.903039,586.726,73.982,0.894
92.914649,587.325,74.000,0.897
92.926259,586.738,73.983,0.893
92.937868,586.897,73.987,0.891
92.949478,586.539,73.977,0.897
92.961088,586.261,73.968,0.906
92.972698,292.558,61.935,0.905
92.984308,292.320,61.921,0.901
92.995918,291.933,61.898,0.897
93.007528,291.676,61.882,0.887
93.019138,291.549,61.875,0.872
93.030748,290.681,61.823,0.873
93.042358,289.756,61.768,0.875
93.053968,290.133,61.791,0.868
93.065578,290.852,61.833,0.866
93.077188,291.544,61.875,0.867
93.088798,292.477,61.930,0.879
93.100408,293.363,61.982,0.895
93.112018,293.998,62.020,0.914
93.123628,294.701,62.061,0.922
93.135238,294.729,62.063,0.924
93.146848,294.648,62.058,0.926
93.158458,294.593,62.055,0.929
93.170068,294.549,62.052,0.932
93.181678,294.143,62.028,0.930
93.193288,293.331,61.980,0.927
93.204898,292.638,61.939,0.916
93.216508,292.033,61.904,0.907
93.228118,292.066,61.905,0.900
93.239728,292.400,61.925,0.908
93.251338,292.807,61.949,0.922
93.262948,293.071,61.965,0.924
93.274558,293.510,61.991,0.922
93.286168,294.013,62.020,0.918
93.297778,294.459,62.047,0.922
93.309388,294.747,62.064,0.921
93.320998,294.586,62.054,0.928
93.332608,294.564,62.053,0.920
93.344218,294.342,62.040,0.900
93.355828,294.346,62.040,0.887
93.367438,294.252,62.035,0.879
93.379048,294.408,62.044,0.869
93.390658,294.478,62.048,0.853
93.402268,294.972,62.077,0.841
93.413878,295.359,62.100,0.813
93.425488,295.756,62.123,0.797
93.437098,296.281,62.154,0.790
93.448707,296.376,62.159,0.787
93.460317,296.658,62.176,0.781
93.471927,296.328,62.156,0.767
93.483537,296.525,62.168,0.755
93.495147,295.367,62.100,0.745
93.506757,294.288,62.037,0.739
93.518367,294.671,62.059,0.760
93.529977,388.274,66.835,0.812
93.541587,391.408,66.974,0.833
93.553197,397.263,67.231,0.846
93.564807,403.541,67.503,0.877
93.576417,404.525,67.545,0.905
93.588027,403.115,67.484,0.924
93.599637,401.431,67.412,0.937
93.611247,400.221,67.360,0.944
93.622857,398.849,67.300,0.939
93.634467,397.888,67.258,0.937
93.646077,396.850,67.213,0.933
93.657687,397.156,67.226,0.927
93.669297,398.526,67.286,0.915
93.680907,401.335,67.408,0.899
93.692517,408.282,67.705,0.886
93.704127,415.874,68.024,0.877
93.715737,422.799,68.310,0.875
93.727347,428.591,68.545,0.878
93.738957,431.925,68.679,0.885
93.750567,435.361,68.817,0.878
93.762177,438.040,68.923,0.875
93.773787,439.616,68.985,0.886
93.785397,440.997,69.039,0.900
93.797007,441.335,69.052,0.909
93.808617,441.202,69.047,0.920
93.820227,441.104,69.043,0.931
93.831837,440.937,69.037,0.928
93.843447,440.766,69.030,0.924
93.855057,440.144,69.006,0.935
93.866667,439.342,68.974,0.933
93.878277,438.521,68.942,0.921
93.889887,437.369,68.896,0.913
93.901497,434.909,68.799,0.892
93.913107,432.375,68.697,0.860
93.924717,431.002,68.642,0.848
93.936327,429.973,68.601,0.842
93.947937,426.275,68.451,0.800
93.959546,421.561,68.259,0.771
93.971156,414.158,67.952,0.754
93.982766,390.765,66.946,0.723
93.994376,354.377,65.253,0.740
94.005986,353.227,65.197,0.768
94.017596,353.003,65.186,0.804
94.029206,352.059,65.140,0.824
94.040816,351.961,65.135,0.828
94.052426,349.598,65.018,0.858
94.064036,345.661,64.822,0.877
94.075646,340.087,64.541,0.889
94.087256,335.054,64.283,0.892
94.098866,333.983,64.227,0.898
94.110476,332.183,64.134,0.894
94.122086,331.330,64.089,0.890
94.133696,331.073,64.076,0.896
94.145306,330.551,64.048,0.884
94.156916,330.641,64.053,0.879
94.168526,330.685,64.055,0.879
94.180136,330.491,64.045,0.884
94.191746,329.779,64.008,0.885
94.203356,329.747,64.006,0.882
94.214966,329.626,64.000,0.881
94.226576,329.567,63.997,0.884
94.238186,329.533,63.995,0.883
94.249796,329.667,64.002,0.880
94.261406,330.049,64.022,0.876
94.273016,330.418,64.041,0.871
94.284626,330.729,64.058,0.873
94.296236,330.749,64.059,0.891
94.307846,330.800,64.061,0.901
94.319456,330.833,64.063,0.907
94.331066,330.890,64.066,0.907
94.342676,330.868,64.065,0.900
94.354286,330.718,64.057,0.888
94.365896,330.306,64.036,0.871
94.377506,329.776,64.008,0.845
94.389116,329.453,63.991,0.799
94.400726,329.422,63.989,0.761
94.412336,329.204,63.978,0.720
94.423946,328.605,63.946,0.694
94.435556,328.769,63.955,0.721
94.447166,331.802,64.114,0.776
94.458776,334.187,64.238,0.801
94.470385,333.896,64.223,0.815
94.481995,334.081,64.232,0.841
94.493605,334.065,64.232,0.853
94.505215,334.182,64.238,0.862
94.516825,334.461,64.252,0.868
94.528435,334.549,64.257,0.871
94.540045,334.565,64.257,0.862
94.551655,335.420,64.302,0.872
94.563265,339.008,64.486,0.902
94.574875,342.982,64.688,0.902
94.586485,345.923,64.835,0.896
94.598095,352.705,65.171,0.906
94.609705,360.103,65.531,0.921
94.621315,363.644,65.700,0.934
94.632925,365.685,65.797,0.937
94.644535,367.486,65.882,0.926
94.656145,369.148,65.960,0.909
94.667755,369.579,65.981,0.919
94.679365,369.703,65.986,0.941
94.690975,369.958,65.998,0.941
94.702585,370.205,66.010,0.929
94.714195,370.499,66.024,0.920
94.725805,370.811,66.038,0.923
94.737415,371.167,66.055,0.934
94.749025,371.089,66.051,0.943
94.760635,371.017,66.048,0.939
94.772245,371.050,66.049,0.916
94.783855,370.873,66.041,0.908
94.795465,369.736,65.988,0.919
94.807075,369.009,65.954,0.914
94.818685,367.922,65.903,0.902
94.830295,366.841,65.852,0.901
94.841905,365.235,65.776,0.890
94.853515,365.181,65.773,0.875
94.865125,364.269,65.730,0.886
94.876735,363.962,65.715,0.891
94.888345,247.958,59.071,0.881
94.899955,142.496,49.481,0.888
94.911565,142.933,49.534,0.899
94.923175,285.037,61.484,0.901
94.934785,287.766,61.649,0.905
94.946395,289.201,61.735,0.916
94.958005,290.086,61.788,0.920
94.969615,290.876,61.835,0.928
94.981224,292.053,61.905,0.941
94.992834,293.051,61.964,0.935
95.004444,147.029,50.023,0.924
95.016054,147.383,50.065,0.913
95.027664,147.596,50.090,0.902
95.039274,295.989,62.136,0.886
95.050884,296.562,62.170,0.876
95.062494,297.217,62.208,0.859
95.074104,323.871,63.695,0.837
95.085714,326.990,63.861,0.859
95.097324,327.906,63.909,0.882
95.108934,328.100,63.920,0.891
95.120544,328.014,63.915,0.885
95.132154,328.078,63.918,0.879
95.143764,328.360,63.933,0.868
95.155374,328.747,63.954,0.850
95.166984,328.693,63.951,0.827
95.178594,328.263,63.928,0.793
95.190204,285.386,61.505,0.772
95.201814,292.163,61.911,0.773
95.213424,291.597,61.878,0.805
95.225034,291.071,61.846,0.823
95.236644,291.026,61.844,0.827
95.248254,291.026,61.844,0.829
95.259864,291.048,61.845,0.825
95.271474,291.005,61.843,0.813
95.283084,290.777,61.829,0.785
95.294694,289.920,61.778,0.748
95.306304,289.359,61.744,0.708
95.317914,293.381,61.983,0.677
95.329524,293.790,62.007,0.707
95.341134,293.781,62.007,0.750
95.352744,292.938,61.957,0.784
95.364354,292.653,61.940,0.826
95.375964,292.259,61.917,0.850
95.387574,291.577,61.877,0.866
95.399184,291.015,61.843,0.871
95.410794,290.860,61.834,0.871
95.422404,290.574,61.817,0.868
95.434014,290.351,61.804,0.865
95.445624,290.105,61.789,0.871
95.457234,288.931,61.719,0.874
95.468844,288.326,61.682,0.872
95.480454,287.330,61.622,0.874
95.492063,284.176,61.431,0.878
95.503673,282.658,61.339,0.888
95.515283,280.295,61.193,0.896
95.526893,145.402,49.831,0.901
95.538503,145.975,49.899,0.894
95.550113,146.429,49.952,0.888
95.561723,146.745,49.990,0.886
95.573333,146.904,50.008,0.883
95.584943,146.665,49.980,0.881
95.596553,146.644,49.978,0.879
95.608163,146.631,49.976,0.876
95.619773,146.288,49.936,0.873
95.631383,146.134,49.918,0.873
95.642993,145.877,49.887,0.860
95.654603,145.590,49.853,0.843
95.666213,145.400,49.830,0.829
95.677823,145.390,49.829,0.819
95.689433,145.711,49.867,0.814
95.701043,145.975,49.899,0.808
95.712653,446.648,69.260,0.794
95.724263,449.218,69.359,0.778
95.735873,448.887,69.346,0.772
95.747483,448.758,69.341,0.775
95.759093,448.264,69.322,0.774
95.770703,449.738,69.379,0.774
95.782313,401.168,67.400,0.758
95.793923,109.207,44.875,0.743
95.805533,343.769,64.727,0.757
95.817143,166.007,52.125,0.772
95.828753,333.499,64.202,0.795
95.840363,333.472,64.201,0.826
95.851973,332.996,64.176,0.850
95.863583,332.135,64.131,0.866
95.875193,331.712,64.109,0.879
95.886803,331.299,64.088,0.891
95.898413,331.486,64.097,0.901
95.910023,331.952,64.122,0.908
95.921633,333.047,64.179,0.910
95.933243,334.304,64.244,0.909
95.944853,338.249,64.447,0.910
95.956463,353.206,65.196,0.915
95.968073,358.644,65.461,0.919
95.979683,362.783,65.659,0.923
95.991293,365.994,65.812,0.924
96.002902,367.297,65.873,0.926
96.014512,367.924,65.903,0.927
96.026122,368.620,65.936,0.924
96.037732,368.933,65.950,0.919
96.049342,368.633,65.936,0.908
96.060952,367.949,65.904,0.898
96.072562,367.515,65.884,0.885
96.084172,367.363,65.876,0.869
96.095782,368.029,65.908,0.857
96.107392,369.114,65.959,0.847
96.119002,369.834,65.992,0.844
96.130612,371.144,66.054,0.834
96.142222,371.692,66.079,0.827
96.153832,371.340,66.063,0.823
96.165442,371.029,66.048,0.814
96.177052,368.635,65.936,0.804
96.188662,362.351,65.639,0.781
96.200272,339.575,64.515,0.757
96.211882,336.262,64.345,0.718
96.223492,702.797,77.107,0.686
96.235102,338.697,64.470,0.647
96.246712,336.917,64.379,0.599
96.258322,342.493,64.663,0.590
96.269932,354.760,65.272,0.578
96.281542,362.211,65.632,0.585
96.293152,365.817,65.803,0.588
96.304762,367.977,65.905,0.604
96.316372,368.517,65.931,0.639
96.327982,372.387,66.112,0.680
96.339592,372.741,66.128,0.708
96.351202,372.868,66.134,0.731
96.362812,362.750,65.658,0.750
96.374422,362.406,65.641,0.768
96.386032,372.991,66.140,0.785
96.397642,361.993,65.621,0.799
96.409252,91.935,41.894,0.812
96.420862,459.579,69.754,0.817
96.432472,458.901,69.728,0.834
96.444082,456.610,69.641,0.850
96.455692,445.848,69.229,0.869
96.467302,444.375,69.171,0.883
96.478912,443.546,69.139,0.894
96.490522,442.914,69.114,0.905
96.502132,441.811,69.071,0.912
96.513741,440.803,69.032,0.917
96.525351,439.131,68.966,0.916
96.536961,437.184,68.889,0.916
96.548571,435.759,68.832,0.913
96.560181,435.326,68.815,0.909
96.571791,435.466,68.821,0.904
96.583401,435.970,68.841,0.897
96.595011,436.750,68.872,0.894
96.606621,437.276,68.892,0.890
96.618231,437.252,68.892,0.890
96.629841,436.166,68.848,0.884
96.641451,434.840,68.796,0.877
96.653061,432.965,68.721,0.864
96.664671,431.893,68.678,0.851
96.676281,430.271,68.613,0.835
96.687891,428.275,68.532,0.813
96.699501,426.934,68.478,0.804
96.711111,417.454,68.089,0.807
96.722721,415.922,68.026,0.816
96.734331,353.319,65.202,0.831
96.745941,352.390,65.156,0.855
96.757551,351.416,65.108,0.877
96.769161,350.436,65.060,0.905
96.780771,349.271,65.002,0.924
96.792381,348.181,64.948,0.934
96.803991,346.993,64.889,0.935
96.815601,345.423,64.810,0.938
96.827211,344.287,64.753,0.941
96.838821,343.502,64.714,0.942
96.850431,693.557,76.878,0.942
96.862041,702.795,77.107,0.934
96.873651,714.733,77.399,0.926
96.885261,363.556,65.696,0.926
96.896871,365.695,65.798,0.926
96.908481,367.093,65.864,0.924
96.920091,367.582,65.887,0.917
96.931701,367.614,65.888,0.901
96.943311,367.385,65.877,0.882
96.954921,366.915,65.855,0.863
96.966531,366.633,65.842,0.846
96.978141,366.190,65.821,0.829
96.989751,365.665,65.796,0.818
97.001361,366.189,65.821,0.796
97.012971,367.469,65.881,0.780
97.024580,367.989,65.906,0.780
97.036190,367.828,65.898,0.795
97.047800,367.691,65.892,0.815
97.059410,365.476,65.787,0.836
97.071020,363.972,65.716,0.841
97.082630,360.776,65.563,0.849
97.094240,357.603,65.410,0.854
97.105850,356.116,65.338,0.858
97.117460,353.769,65.224,0.869
97.129070,350.871,65.081,0.879
97.140680,348.617,64.970,0.883
97.152290,346.849,64.882,0.882
97.163900,346.438,64.861,0.885
97.175510,344.795,64.779,0.882
97.187120,345.076,64.793,0.890
97.198730,354.210,65.245,0.893
97.210340,358.053,65.432,0.887
97.221950,365.210,65.775,0.877
97.233560,365.800,65.803,0.871
97.245170,367.266,65.872,0.864
97.256780,368.258,65.919,0.856
97.268390,368.693,65.939,0.850
97.280000,369.048,65.956,0.839
97.291610,369.649,65.984,0.832
97.303220,370.551,66.026,0.832
97.314830,371.540,66.072,0.836
97.326440,371.750,66.082,0.846
97.338050,370.034,66.002,0.853
97.349660,368.104,65.911,0.860
97.361270,365.570,65.792,0.872
97.372880,362.050,65.624,0.880
97.384490,358.517,65.454,0.888
97.396100,354.978,65.283,0.897
97.407710,349.624,65.020,0.901
97.419320,342.862,64.681,0.896
97.430930,339.652,64.519,0.896
97.442540,337.301,64.398,0.887
97.454150,335.006,64.280,0.873
97.465760,333.359,64.195,0.861
97.477370,331.532,64.100,0.850
97.488980,331.588,64.103,0.845
97.500590,331.500,64.098,0.846
97.512200,296.346,62.157,0.850
97.523810,294.729,62.063,0.850
97.535420,294.260,62.035,0.861
97.547029,146.519,49.963,0.871
97.558639,146.508,49.962,0.876
97.570249,146.433,49.953,0.885
97.581859,146.238,49.930,0.883
97.593469,146.206,49.926,0.871
97.605079,146.193,49.924,0.859
97.616689,146.203,49.926,0.851
97.628299,146.291,49.936,0.855
97.639909,294.594,62.055,0.852
97.651519,295.279,62.095,0.853
97.663129,295.518,62.109,0.852
97.674739,295.514,62.109,0.853
97.686349,295.225,62.092,0.868
97.697959,294.951,62.076,0.878
97.709569,294.608,62.056,0.885
97.721179,293.999,62.020,0.884
97.732789,293.669,62.000,0.886
97.744399,293.317,61.979,0.888
97.756009,146.399,49.949,0.891
97.767619,146.324,49.940,0.893
97.779229,146.232,49.929,0.891
97.790839,146.224,49.928,0.882
97.802449,146.293,49.936,0.874
97.814059,146.379,49.946,0.862
97.825669,146.488,49.959,0.851
97.837279,146.531,49.964,0.835
97.848889,145.083,49.793,0.815
97.860499,146.838,50.001,0.795
97.872109,146.937,50.012,0.778
97.883719,146.938,50.012,0.781
97.895329,146.879,50.006,0.782
97.906939,146.870,50.004,0.781
97.918549,144.032,49.667,0.776
97.930159,143.991,49.662,0.773
97.941769,144.002,49.663,0.773
97.953379,353.981,65.234,0.786
97.964989,335.648,64.313,0.832
97.976599,332.589,64.155,0.858
97.988209,334.348,64.246,0.872
97.999819,333.605,64.208,0.885
98.011429,332.512,64.151,0.901
98.023039,331.851,64.116,0.915
98.034649,164.844,52.003,0.925
98.046259,164.414,51.958,0.929
98.057868,164.371,51.953,0.921
98.069478,164.131,51.928,0.917
98.081088,164.065,51.921,0.919
98.092698,164.031,51.918,0.922
98.104308,165.195,52.040,0.918
98.115918,165.715,52.094,0.914
98.127528,165.530,52.075,0.915
98.139138,164.500,51.967,0.919
98.150748,162.643,51.770,0.917
98.162358,162.220,51.725,0.915
98.173968,162.244,51.728,0.917
98.185578,162.353,51.740,0.917
98.197188,162.441,51.749,0.919
98.208798,162.722,51.779,0.920
98.220408,163.280,51.838,0.916
98.232018,163.713,51.884,0.909
98.243628,164.014,51.916,0.907
98.255238,164.087,51.923,0.898
98.266848,164.255,51.941,0.885
98.278458,164.628,51.980,0.877
98.290068,164.559,51.973,0.876
98.301678,326.947,63.859,0.868
98.313288,324.123,63.708,0.863
98.324898,321.842,63.586,0.852
98.336508,730.117,77.767,0.835
98.348118,80.400,39.573,0.824
98.359728,730.926,77.787,0.810
98.371338,193.751,54.800,0.782
98.382948,133.503,48.352,0.745
98.394558,133.044,48.293,0.722
98.406168,133.236,48.318,0.700
98.417778,751.847,78.275,0.707
98.429388,756.329,78.378,0.725
98.440998,745.611,78.131,0.759
98.452608,98.630,43.111,0.780
98.464218,98.865,43.152,0.800
98.475828,98.846,43.149,0.815
98.487438,261.680,60.004,0.828
98.499048,591.484,74.122,0.839
98.510658,134.591,48.493,0.847
98.522268,134.545,48.487,0.857
98.533878,267.483,60.383,0.861
98.545488,268.618,60.457,0.864
98.557098,268.138,60.426,0.870
98.568707,267.971,60.415,0.873
98.580317,464.720,69.946,0.876
98.591927,461.656,69.832,0.877
98.603537,172.171,52.756,0.877
98.615147,172.174,52.756,0.876
98.626757,275.122,60.871,0.869
98.638367,315.726,63.254,0.854
98.649977,315.598,63.247,0.832
98.661587,309.318,62.899,0.824
98.673197,326.278,63.823,0.824
98.684807,142.166,49.441,0.835
98.696417,227.065,57.547,0.836
98.708027,447.674,69.299,0.842
98.719637,447.443,69.290,0.858
98.731247,446.455,69.252,0.870
98.742857,446.495,69.254,0.871
98.754467,445.672,69.222,0.863
98.766077,443.309,69.130,0.851
98.777687,441.383,69.054,0.837
98.789297,147.350,50.061,0.835
98.800907,140.721,49.264,0.835
98.812517,282.394,61.322,0.832
98.824127,279.893,61.168,0.845
98.835737,279.998,61.175,0.863
98.847347,280.335,61.196,0.877
98.858957,279.737,61.159,0.891
98.870567,278.232,61.065,0.897
98.882177,277.201,61.001,0.901
98.893787,276.679,60.968,0.901
98.905397,276.396,60.951,0.901
98.917007,276.452,60.954,0.904
98.928617,276.564,60.961,0.908
98.940227,276.628,60.965,0.912
98.951837,276.820,60.977,0.910
98.963447,276.964,60.986,0.899
98.975057,277.154,60.998,0.888
98.986667,277.418,61.015,0.875
98.998277,277.803,61.039,0.855
99.009887,277.979,61.050,0.823
99.021497,277.945,61.048,0.785
99.033107,277.117,60.996,0.730
99.044717,228.324,57.643,0.665
99.056327,229.025,57.696,0.692
99.067937,241.879,58.641,0.714
99.079546,228.728,57.674,0.728
99.091156,361.217,65.584,0.749
99.102766,361.622,65.604,0.774
99.114376,630.609,75.231,0.798
99.125986,629.487,75.200,0.818
99.137596,131.815,48.132,0.835
99.149206,91.975,41.902,0.842
99.160816,248.955,59.141,0.854
99.172426,279.012,61.114,0.872
99.184036,280.400,61.200,0.887
99.195646,282.195,61.310,0.903
99.207256,281.611,61.274,0.917
99.218866,280.496,61.206,0.927
99.230476,279.763,61.160,0.932
99.242086,278.819,61.102,0.938
99.253696,278.274,61.068,0.939
99.265306,277.910,61.045,0.937
99.276916,277.468,61.018,0.934
99.288526,277.187,61.000,0.931
99.300136,277.425,61.015,0.923
99.311746,278.415,61.077,0.919
99.323356,279.655,61.154,0.916
99.334966,280.886,61.230,0.911
99.346576,281.613,61.275,0.904
99.358186,282.099,61.304,0.899
99.369796,282.342,61.319,0.895
99.381406,282.103,61.305,0.885
99.393016,280.905,61.231,0.882
99.404626,277.113,60.996,0.882
99.416236,275.571,60.899,0.882
99.427846,275.347,60.885,0.882
99.439456,275.354,60.885,0.884
99.451066,275.867,60.918,0.882
99.462676,276.743,60.973,0.880
99.474286,277.419,61.015,0.879
99.485896,278.005,61.051,0.876
99.497506,278.534,61.084,0.872
99.509116,278.780,61.099,0.867
99.520726,278.686,61.094,0.858
99.532336,278.501,61.082,0.847
99.543946,277.177,61.000,0.835
99.555556,276.915,60.983,0.824
99.567166,276.548,60.960,0.816
99.578776,273.283,60.755,0.805
99.590385,279.349,61.135,0.791
99.601995,280.081,61.180,0.779
99.613605,279.437,61.140,0.777
99.625215,388.759,66.856,0.814
99.636825,422.307,68.289,0.843
99.648435,429.816,68.595,0.870
99.660045,432.355,68.697,0.888
99.671655,433.399,68.738,0.908
99.683265,434.176,68.769,0.925
99.694875,434.705,68.790,0.942
99.706485,435.208,68.810,0.956
99.718095,436.449,68.860,0.957
99.729705,437.924,68.918,0.955
99.741315,439.358,68.975,0.952
99.752925,439.512,68.981,0.951
99.764535,439.374,68.975,0.947
99.776145,439.170,68.967,0.940
99.787755,438.958,68.959,0.933
99.799365,437.114,68.886,0.929
99.810975,434.393,68.778,0.929
99.822585,430.710,68.631,0.931
99.834195,424.829,68.393,0.933
99.845805,416.849,68.064,0.936
99.857415,874.328,80.888,0.939
99.869025,885.053,81.099,0.941
99.880635,892.041,81.235,0.943
99.892245,893.240,81.259,0.944
99.903855,376.845,66.318,0.939
99.915465,373.737,66.174,0.931
99.927075,371.036,66.049,0.922
99.938685,368.995,65.953,0.908
99.950295,367.176,65.868,0.890
99.961905,365.880,65.806,0.873
99.973515,365.082,65.769,0.851
99.985125,364.993,65.764,0.819
99.996735,365.431,65.785,0.793
100.008345,366.325,65.827,0.775
100.019955,366.498,65.836,0.763
100.031565,144.135,49.679,0.771
100.043175,458.538,69.714,0.771
100.054785,457.769,69.685,0.789
100.066395,378.712,66.403,0.812
100.078005,377.501,66.348,0.837
100.089615,373.508,66.164,0.859
100.101224,371.955,66.091,0.870
100.112834,371.542,66.072,0.881
100.124444,371.202,66.056,0.887
100.136054,370.334,66.016,0.900
100.147664,369.666,65.985,0.903
100.159274,368.916,65.949,0.901
100.170884,368.320,65.921,0.898
100.182494,368.042,65.908,0.886
100.194104,368.062,65.909,0.878
100.205714,367.673,65.891,0.871
100.217324,366.640,65.842,0.874
100.228934,365.114,65.770,0.883
100.240544,365.066,65.768,0.890
100.252154,366.317,65.827,0.902
100.263764,433.151,68.728,0.910
100.275374,435.673,68.829,0.921
100.286984,436.517,68.862,0.929
100.298594,436.651,68.868,0.934
100.310204,437.509,68.902,0.935
100.321814,439.409,68.977,0.928
100.333424,440.959,69.038,0.922
100.345034,441.850,69.073,0.915
100.356644,442.751,69.108,0.909
100.368254,444.222,69.165,0.906
100.379864,964.919,82.595,0.905
100.391474,966.401,82.621,0.905
100.403084,967.354,82.638,0.903
100.414694,971.755,82.717,0.905
100.426304,486.431,70.737,0.908
100.437914,489.491,70.845,0.909
100.449524,491.613,70.920,0.911
100.461134,492.649,70.957,0.912
100.472744,246.567,58.974,0.914
100.484354,492.904,70.966,0.918
100.495964,492.721,70.959,0.922
100.507574,492.272,70.943,0.925
100.519184,492.054,70.936,0.927
100.530794,492.276,70.944,0.926
100.542404,492.842,70.963,0.928
100.554014,493.359,70.982,0.929
100.565624,493.689,70.993,0.921
100.577234,494.120,71.008,0.905
100.588844,494.647,71.027,0.884
100.600454,495.440,71.054,0.860
100.612063,496.561,71.094,0.837
100.623673,496.666,71.097,0.817
100.635283,495.811,71.067,0.789
100.646893,1002.273,83.252,0.756
100.658503,459.988,69.769,0.755
100.670113,1002.273,83.252,0.765
100.681723,1002.273,83.252,0.780
100.693333,457.367,69.670,0.800
100.704943,409.320,67.749,0.810
100.716553,412.823,67.896,0.839
100.728163,419.424,68.171,0.859
100.739773,426.771,68.472,0.863
100.751383,429.811,68.594,0.868
100.762993,431.259,68.653,0.876
100.774603,431.748,68.672,0.887
100.786213,431.933,68.680,0.898
100.797823,433.309,68.735,0.900
100.809433,436.419,68.859,0.888
100.821043,438.076,68.924,0.881
100.832653,438.316,68.934,0.885
100.844263,437.855,68.915,0.889
100.855873,438.681,68.948,0.897
100.867483,440.274,69.011,0.896
100.879093,440.796,69.031,0.889
100.890703,441.152,69.045,0.897
100.902313,440.964,69.038,0.901
100.913923,440.935,69.037,0.905
100.925533,440.859,69.034,0.908
100.937143,440.792,69.031,0.912
100.948753,440.417,69.016,0.914
100.960363,440.028,69.001,0.920
100.971973,439.289,68.972,0.926
100.983583,437.596,68.905,0.933
100.995193,436.386,68.857,0.933
101.006803,434.139,68.768,0.934
101.018413,431.848,68.676,0.935
101.030023,430.741,68.632,0.931
101.041633,429.220,68.571,0.926
101.053243,426.141,68.446,0.918
101.064853,426.091,68.444,0.916
101.076463,367.471,65.882,0.906
101.088073,367.968,65.905,0.913
101.099683,368.372,65.924,0.916
101.111293,368.478,65.929,0.916
101.122902,368.228,65.917,0.918
101.134512,367.690,65.892,0.920
101.146122,367.492,65.882,0.922
101.157732,367.621,65.889,0.922
101.169342,367.977,65.905,0.923
101.180952,368.476,65.929,0.913
101.192562,369.170,65.961,0.906
101.204172,369.503,65.977,0.902
101.215782,369.891,65.995,0.891
101.227392,370.255,66.012,0.877
101.239002,370.596,66.028,0.863
101.250612,370.907,66.043,0.850
101.262222,370.994,66.047,0.852
101.273832,370.366,66.017,0.864
101.285442,369.912,65.996,0.870
101.297052,369.931,65.997,0.873
101.308662,369.780,65.990,0.885
101.320272,369.750,65.989,0.894
101.331882,369.726,65.987,0.896
101.343492,369.675,65.985,0.892
101.355102,369.585,65.981,0.878
101.366712,369.705,65.986,0.860
101.378322,369.683,65.985,0.839
101.389932,369.774,65.990,0.822
101.401542,370.091,66.005,0.807
101.413152,370.402,66.019,0.797
101.424762,371.755,66.082,0.820
101.436372,372.252,66.105,0.851
101.447982,371.894,66.089,0.869
101.459592,371.279,66.060,0.880
101.471202,370.984,66.046,0.891
101.482812,370.834,66.039,0.902
101.494422,370.695,66.033,0.910
101.506032,370.632,66.030,0.916
101.517642,370.077,66.004,0.915
101.529252,369.262,65.966,0.911
101.540862,368.611,65.935,0.908
101.552472,367.865,65.900,0.910
101.564082,366.719,65.846,0.914
101.575692,365.052,65.767,0.919
101.587302,362.852,65.663,0.922
101.598912,360.794,65.564,0.926
101.610522,358.067,65.433,0.926
101.622132,355.277,65.297,0.924
101.633741,352.349,65.154,0.925
101.645351,349.351,65.006,0.922
101.656961,345.837,64.831,0.918
101.668571,341.422,64.609,0.913
101.680181,337.224,64.394,0.911
101.691791,334.106,64.234,0.907
101.703401,331.661,64.106,0.905
101.715011,330.183,64.029,0.900
101.726621,329.316,63.984,0.898
101.738231,328.934,63.964,0.898
101.749841,328.784,63.956,0.897
101.761451,328.804,63.957,0.894
101.773061,329.030,63.969,0.888
101.784671,329.331,63.984,0.886
101.796281,329.758,64.007,0.886
101.807891,329.960,64.017,0.890
101.819501,330.046,64.022,0.891
101.831111,330.059,64.023,0.892
101.842721,330.033,64.021,0.892
101.854331,329.728,64.005,0.892
101.865941,329.475,63.992,0.894
101.877551,329.100,63.972,0.892
101.889161,328.922,63.963,0.889
101.900771,328.780,63.955,0.885
101.912381,328.675,63.950,0.881
101.923991,328.705,63.951,0.877
101.935601,328.766,63.955,0.876
101.947211,328.921,63.963,0.877
101.958821,329.072,63.971,0.880
101.970431,329.261,63.981,0.881
101.982041,329.453,63.991,0.883
101.993651,329.605,63.999,0.884
102.005261,329.764,64.007,0.885
102.016871,329.972,64.018,0.887
102.028481,330.249,64.033,0.891
102.040091,330.633,64.053,0.896
102.051701,330.767,64.060,0.898
102.063311,330.999,64.072,0.901
102.074921,331.297,64.087,0.902
102.086531,331.518,64.099,0.904
102.098141,331.312,64.088,0.903
102.109751,331.057,64.075,0.903
102.121361,330.782,64.061,0.901
102.132971,330.363,64.039,0.899
102.144580,329.910,64.015,0.897
102.156190,329.361,63.986,0.899
102.167800,328.549,63.943,0.899
102.179410,327.615,63.894,0.898
102.191020,326.396,63.829,0.897
102.202630,325.229,63.767,0.894
102.214240,324.294,63.718,0.891
102.225850,323.241,63.661,0.886
102.237460,322.048,63.597,0.881
102.249070,318.008,63.379,0.873
102.260680,299.412,62.336,0.869
102.272290,297.859,62.246,0.866
102.283900,296.909,62.190,0.864
102.295510,295.353,62.099,0.861
102.307120,294.422,62.045,0.856
102.318730,293.683,62.001,0.848
102.330340,293.576,61.995,0.839
102.341950,293.472,61.989,0.834
102.353560,293.530,61.992,0.824
102.365170,293.318,61.980,0.818
102.376780,293.131,61.969,0.810
102.388390,292.955,61.958,0.807
102.400000,292.731,61.945,0.808
102.411610,292.753,61.946,0.811
102.423220,292.771,61.947,0.818
102.434830,292.655,61.940,0.822
102.446440,292.453,61.928,0.828
102.458050,292.241,61.916,0.833
102.469660,291.560,61.875,0.839
102.481270,290.971,61.840,0.836
102.492880,290.696,61.824,0.826
102.504490,291.245,61.857,0.829
102.516100,292.664,61.941,0.841
102.527710,294.024,62.021,0.865
102.539320,294.412,62.044,0.884
102.550930,294.624,62.056,0.892
102.562540,294.301,62.037,0.897
102.574150,293.842,62.010,0.907
102.585760,293.479,61.989,0.919
102.597370,293.068,61.965,0.925
102.608980,292.229,61.915,0.926
102.620590,291.397,61.866,0.921
102.632200,290.816,61.831,0.915
102.643810,290.818,61.831,0.917
102.655420,291.413,61.867,0.923
102.667029,292.514,61.932,0.928
102.678639,293.795,62.008,0.933
102.690249,295.008,62.079,0.935
102.701859,295.893,62.131,0.936
102.713469,296.184,62.148,0.936
102.725079,296.156,62.146,0.938
102.736689,295.382,62.101,0.942
102.748299,294.167,62.030,0.941
102.759909,292.655,61.940,0.939
102.771519,291.270,61.858,0.938
102.783129,290.839,61.833,0.938
102.794739,290.720,61.826,0.939
102.806349,290.995,61.842,0.939
102.817959,291.730,61.886,0.934
102.829569,291.893,61.895,0.925
102.841179,291.944,61.898,0.921
102.852789,291.901,61.896,0.918
102.864399,291.779,61.888,0.914
102.876009,767.921,78.641,0.912
102.887619,771.524,78.722,0.910
102.899229,775.811,78.818,0.909
102.910839,774.680,78.793,0.913
102.922449,255.635,59.599,0.917
102.934059,253.904,59.481,0.918
102.945669,252.133,59.360,0.918
102.957279,250.446,59.244,0.919
102.968889,249.016,59.145,0.915
102.980499,247.919,59.068,0.910
102.992109,247.030,59.006,0.906
103.003719,246.296,58.955,0.903
103.015329,245.770,58.918,0.899
103.026939,245.449,58.895,0.899
103.038549,245.290,58.884,0.901
103.050159,245.172,58.875,0.896
103.061769,245.374,58.890,0.893
103.073379,246.034,58.936,0.892
103.084989,246.804,58.990,0.890
103.096599,247.512,59.040,0.887
103.108209,248.236,59.090,0.880
103.119819,248.508,59.109,0.874
103.131429,248.285,59.094,0.868
103.143039,249.220,59.159,0.869
103.154649,247.931,59.069,0.866
103.166259,246.196,58.948,0.860
103.177868,245.787,58.919,0.853
103.189478,245.565,58.903,0.845
103.201088,244.874,58.854,0.842
103.212698,94.215,42.318,0.832
103.224308,966.992,82.632,0.823
103.235918,742.821,78.066,0.804
103.247528,744.136,78.097,0.785
103.259138,746.462,78.151,0.766
103.270748,747.583,78.177,0.743
103.282358,750.409,78.242,0.722
103.293968,744.544,78.106,0.686
103.305578,741.469,78.035,0.651
103.317188,747.019,78.164,0.568
103.328798,751.673,78.271,0.510
103.340408,751.452,78.266,0.476
103.352018,753.921,78.323,0.413
103.363628,753.564,78.315,0.372
103.375238,758.010,78.417,0.310
103.386848,123.621,47.021,0.264
103.398458,771.247,78.716,0.224
103.410068,780.102,78.914,0.201
103.421678,768.549,78.656,0.188
103.433288,764.537,78.565,0.189
103.444898,147.890,50.124,0.190
103.456508,147.937,50.130,0.188
103.468118,123.941,47.066,0.181
103.479728,123.874,47.056,0.174
103.491338,761.039,78.486,0.163
103.502948,756.874,78.391,0.149
103.514558,760.493,78.473,0.124
103.526168,767.918,78.641,0.098
103.537778,123.894,47.059,0.081
103.549388,123.911,47.062,0.069
103.560998,123.830,47.050,0.064
103.572608,123.753,47.040,0.060
103.584218,123.537,47.009,0.060
103.595828,123.487,47.002,0.052
103.607438,123.387,46.988,0.046
103.619048,123.368,46.986,0.042
103.630658,123.232,46.967,0.041
103.642268,123.247,46.969,0.030
103.653878,123.319,46.979,0.024
103.665488,123.255,46.970,0.018
103.677098,123.407,46.991,0.009
103.688707,743.194,78.075,0.401
103.700317,742.847,78.067,0.404
103.711927,742.727,78.064,0.407
103.723537,742.455,78.058,0.411
103.735147,742.414,78.057,0.413
103.746757,742.300,78.054,0.414
103.758367,742.555,78.060,0.416
103.769977,137.601,48.876,0.417
103.781587,744.363,78.102,0.195
103.793197,742.353,78.055,0.176
103.804807,742.964,78.069,0.159
103.816417,743.855,78.090,0.126
103.828027,747.693,78.179,0.103
103.839637,745.794,78.135,0.087
103.851247,741.239,78.029,0.058
103.862857,738.171,77.957,0.031
103.874467,737.572,77.943,0.008
103.886077,,,0.000
103.897687,,,0.000
103.909297,,,0.000
103.920907,,,0.000
103.932517,,,0.000
103.944127,,,0.000
103.955737,,,0.000
103.967347,,,0.000
103.978957,,,0.000
103.990567,,,0.000
104.002177,,,0.000
104.013787,,,0.000
104.025397,,,0.000
104.037007,,,0.000
104.048617,,,0.000
104.060227,,,0.000
104.071837,,,0.000
104.083447,,,0.000
104.095057,,,0.000
104.106667,,,0.000
104.118277,,,0.000
104.129887,,,0.000
104.141497,,,0.000
104.153107,,,0.000
104.164717,,,0.000
104.176327,,,0.000
104.187937,,,0.000
104.199546,,,0.000
104.211156,,,0.000
104.222766,,,0.000
104.234376,,,0.000
104.245986,764.054,78.554,0.075
104.257596,450.006,69.389,0.193
104.269206,744.653,78.109,0.281
104.280816,451.923,69.463,0.383
104.292426,452.749,69.495,0.456
104.304036,205.804,55.845,0.510
104.315646,283.121,61.367,0.548
104.327256,282.914,61.354,0.570
104.338866,282.045,61.301,0.590
104.350476,745.044,78.118,0.600
104.362086,282.163,61.308,0.605
104.373696,745.985,78.140,0.601
104.385306,745.779,78.135,0.590
104.396916,759.475,78.450,0.569
104.408526,763.760,78.547,0.544
104.420136,754.914,78.346,0.516
104.431746,760.125,78.465,0.477
104.443356,751.415,78.265,0.438
104.454966,752.197,78.283,0.396
104.466576,752.916,78.300,0.347
104.478186,755.191,78.352,0.288
104.489796,744.122,78.096,0.235
104.501406,741.223,78.029,0.160
104.513016,740.804,78.019,0.149
104.524626,740.404,78.010,0.144
104.536236,224.739,57.369,0.271
104.547846,224.138,57.323,0.552
104.559456,224.749,57.370,0.645
104.571066,232.599,57.964,0.708
104.582676,241.147,58.589,0.742
104.594286,256.485,59.656,0.785
104.605896,271.014,60.610,0.806
104.617506,286.343,61.563,0.845
104.629116,324.226,63.714,0.865
104.640726,332.434,64.147,0.868
104.652336,334.166,64.237,0.871
104.663946,330.614,64.052,0.875
104.675556,325.694,63.792,0.883
104.687166,323.250,63.662,0.877
104.698776,370.997,66.047,0.886
104.710385,157.577,51.223,0.877
104.721995,157.412,51.204,0.877
104.733605,157.603,51.225,0.884
104.745215,157.819,51.249,0.888
104.756825,157.886,51.257,0.890
104.768435,158.361,51.309,0.889
104.780045,319.306,63.449,0.893
104.791655,321.488,63.567,0.890
104.803265,323.668,63.684,0.894
104.814875,325.219,63.767,0.898
104.826485,326.374,63.828,0.896
104.838095,326.866,63.854,0.891
104.849705,327.559,63.891,0.879
104.861315,328.087,63.919,0.865
104.872925,328.936,63.964,0.849
104.884535,329.562,63.997,0.841
104.896145,330.771,64.060,0.826
104.907755,333.303,64.192,0.810
104.919365,334.142,64.235,0.805
104.930975,335.734,64.318,0.830
104.942585,337.974,64.433,0.842
104.954195,338.799,64.475,0.858
104.965805,339.170,64.494,0.879
104.977415,338.388,64.454,0.894
104.989025,334.343,64.246,0.901
105.000635,329.963,64.018,0.907
105.012245,326.407,63.830,0.910
105.023855,326.414,63.830,0.903
105.035465,326.512,63.836,0.904
105.047075,326.276,63.823,0.906
105.058685,325.272,63.770,0.895
105.070295,324.371,63.722,0.876
105.081905,325.198,63.766,0.859
105.093515,327.596,63.893,0.842
105.105125,328.894,63.961,0.823
105.116735,329.058,63.970,0.805
105.128345,327.753,63.901,0.783
105.139955,327.499,63.888,0.756
105.151565,314.533,63.189,0.748
105.163175,102.532,43.783,0.754
105.174785,565.320,73.339,0.755
105.186395,102.480,43.774,0.754
105.198005,399.983,67.349,0.747
105.209615,107.112,44.539,0.735
105.221224,141.086,49.309,0.721
105.232834,141.003,49.299,0.725
105.244444,354.516,65.260,0.753
105.256054,353.112,65.191,0.777
105.267664,352.592,65.166,0.810
105.279274,352.385,65.156,0.840
105.290884,352.362,65.155,0.863
105.302494,117.298,46.112,0.885
105.314104,117.505,46.143,0.906
105.325714,117.692,46.170,0.917
105.337324,797.385,79.293,0.922
105.348934,798.417,79.316,0.927
105.360544,165.895,52.113,0.931
105.372154,165.551,52.077,0.931
105.383764,165.268,52.048,0.934
105.395374,165.011,52.021,0.932
105.406984,164.946,52.014,0.932
105.418594,164.922,52.011,0.930
105.430204,164.912,52.010,0.929
105.441814,164.932,52.012,0.928
105.453424,164.920,52.011,0.924
105.465034,165.015,52.021,0.921
105.476644,165.031,52.023,0.919
105.488254,164.940,52.013,0.919
105.499864,164.829,52.002,0.911
105.511474,164.888,52.008,0.908
105.523084,164.888,52.008,0.893
105.534694,164.866,52.005,0.877
105.546304,323.680,63.685,0.863
105.557914,319.796,63.476,0.854
105.569524,314.029,63.161,0.856
105.581134,304.373,62.620,0.862
105.592744,295.947,62.134,0.879
105.604354,292.682,61.942,0.891
105.615964,292.182,61.912,0.913
105.627574,291.840,61.892,0.929
105.639184,292.016,61.903,0.943
105.650794,292.005,61.902,0.952
105.662404,292.067,61.906,0.955
105.674014,292.379,61.924,0.956
105.685624,292.775,61.947,0.955
105.697234,293.108,61.967,0.951
105.708844,293.355,61.982,0.948
105.720454,293.467,61.988,0.944
105.732063,293.573,61.995,0.939
105.743673,293.755,62.005,0.936
105.755283,294.030,62.022,0.931
105.766893,294.104,62.026,0.929
105.778503,294.022,62.021,0.925
105.790113,293.869,62.012,0.920
105.801723,293.334,61.981,0.915
105.813333,146.030,49.905,0.912
105.824943,146.401,49.949,0.911
105.836553,146.430,49.952,0.906
105.848163,146.542,49.966,0.901
105.859773,146.727,49.988,0.896
105.871383,310.076,62.941,0.893
105.882993,157.053,51.165,0.895
105.894603,117.930,46.205,0.895
105.906213,118.285,46.257,0.887
105.917823,475.829,70.355,0.875
105.929433,474.101,70.292,0.861
105.941043,475.117,70.329,0.846
105.952653,630.613,75.231,0.826
105.964263,98.609,43.107,0.802
105.975873,98.772,43.136,0.771
105.987483,98.795,43.140,0.729
105.999093,98.280,43.050,0.699
106.010703,82.676,40.056,0.671
106.022313,82.698,40.061,0.647
106.033923,82.676,40.056,0.641
106.045533,82.712,40.064,0.633
106.057143,300.210,62.382,0.619
106.068753,98.850,43.150,0.612
106.080363,98.734,43.129,0.604
106.091973,98.518,43.091,0.597
106.103583,98.622,43.110,0.588
106.115193,98.957,43.168,0.588
106.126803,98.854,43.150,0.576
106.138413,98.880,43.155,0.567
106.150023,317.716,63.363,0.567
106.161633,319.128,63.440,0.571
106.173243,99.271,43.223,0.565
106.184853,147.510,50.080,0.560
106.196463,147.103,50.032,0.566
106.208073,291.557,61.875,0.576
106.219683,292.708,61.944,0.596
106.231293,292.993,61.960,0.614
106.242902,147.223,50.046,0.631
106.254512,146.747,49.990,0.644
106.266122,146.678,49.982,0.667
106.277732,293.845,62.011,0.687
106.289342,293.920,62.015,0.704
106.300952,293.882,62.013,0.718
106.312562,293.998,62.020,0.728
106.324172,294.134,62.028,0.735
106.335782,294.264,62.035,0.739
106.347392,294.457,62.047,0.740
106.359002,294.489,62.049,0.737
106.370612,294.493,62.049,0.729
106.382222,294.591,62.055,0.716
106.393832,294.773,62.065,0.698
106.405442,294.879,62.071,0.676
106.417052,147.040,50.024,0.654
106.428662,147.051,50.026,0.629
106.440272,147.028,50.023,0.599
106.451882,147.053,50.026,0.565
106.463492,146.883,50.006,0.530
106.475102,146.541,49.966,0.504
106.486712,146.459,49.956,0.480
106.498322,146.591,49.972,0.473
106.509932,146.583,49.971,0.495
106.521542,146.631,49.976,0.527
106.533152,146.606,49.973,0.558
106.544762,292.565,61.935,0.584
106.556372,292.768,61.947,0.604
106.567982,292.779,61.948,0.620
106.579592,293.003,61.961,0.634
106.591202,585.830,73.956,0.642
106.602812,586.435,73.974,0.643
106.614422,587.591,74.008,0.638
106.626032,587.410,74.002,0.631
106.637642,588.381,74.031,0.625
106.649252,588.134,74.024,0.620
106.660862,587.416,74.003,0.617
106.672472,587.738,74.012,0.613
106.684082,588.972,74.048,0.607
106.695692,589.069,74.051,0.600
106.707302,589.109,74.052,0.594
106.718912,588.758,74.042,0.587
106.730522,588.455,74.033,0.577
106.742132,588.559,74.036,0.564
106.753741,589.395,74.061,0.546
106.765351,589.570,74.066,0.525
106.776961,589.184,74.055,0.501
106.788571,294.201,62.032,0.479
106.800181,147.107,50.032,0.459
106.811791,146.962,50.015,0.442
106.823401,147.017,50.022,0.429
106.835011,146.932,50.012,0.419
106.846621,146.559,49.968,0.416
106.858231,290.897,61.836,0.426
106.869841,290.905,61.837,0.452
106.881451,146.431,49.953,0.484
106.893061,146.470,49.957,0.515
106.904671,146.392,49.948,0.535
106.916281,146.336,49.941,0.549
106.927891,146.391,49.948,0.558
106.939501,146.444,49.954,0.562
106.951111,146.504,49.961,0.562
106.962721,146.467,49.957,0.556
106.974331,146.344,49.942,0.545
106.985941,146.284,49.935,0.525
106.997551,146.293,49.936,0.502
107.009161,146.154,49.920,0.477
107.020771,146.024,49.904,0.452
107.032381,145.960,49.897,0.434
107.043991,290.551,61.815,0.416
107.055601,289.553,61.756,0.404
107.067211,564.508,73.314,0.406
107.078821,556.376,73.063,0.596
107.090431,566.844,73.385,0.704
107.102041,587.310,73.999,0.769
107.113651,608.752,74.620,0.813
107.125261,630.595,75.231,0.858
107.136871,642.977,75.567,0.893
107.148481,650.489,75.768,0.923
107.160091,653.564,75.850,0.941
107.171701,657.916,75.965,0.953
107.183311,661.113,76.049,0.954
107.194921,663.012,76.098,0.953
107.206531,663.159,76.102,0.950
107.218141,662.819,76.093,0.939
107.229751,662.096,76.074,0.925
107.241361,661.967,76.071,0.912
107.252971,665.574,76.165,0.906
107.264580,674.003,76.383,0.900
107.276190,686.667,76.705,0.902
107.287800,699.844,77.034,0.905
107.299410,712.431,77.343,0.908
107.311020,721.696,77.567,0.918
107.322630,729.775,77.759,0.924
107.334240,735.431,77.893,0.927
107.345850,739.357,77.985,0.926
107.357460,740.831,78.020,0.921
107.369070,740.695,78.017,0.922
107.380680,740.157,78.004,0.921
107.392290,739.327,77.985,0.921
107.403900,738.949,77.976,0.919
107.415510,738.593,77.967,0.917
107.427120,738.308,77.961,0.919
107.438730,738.320,77.961,0.924
107.450340,738.038,77.954,0.932
107.461950,738.433,77.964,0.935
107.473560,738.198,77.958,0.941
107.485170,738.264,77.960,0.947
107.496780,738.370,77.962,0.951
107.508390,738.502,77.965,0.956
107.520000,739.125,77.980,0.957
107.531610,739.139,77.980,0.958
107.543220,739.631,77.992,0.956
107.554830,739.581,77.990,0.955
107.566440,739.487,77.988,0.956
107.578050,739.435,77.987,0.956
107.589660,739.440,77.987,0.957
107.601270,739.658,77.992,0.957
107.612880,739.401,77.986,0.959
107.624490,739.392,77.986,0.961
107.636100,739.443,77.987,0.964
107.647710,740.013,78.001,0.966
107.659320,740.614,78.015,0.965
107.670930,740.643,78.015,0.965
107.682540,740.358,78.009,0.962
107.694150,739.798,77.996,0.959
107.705760,738.210,77.958,0.955
107.717370,735.270,77.889,0.946
107.728980,729.918,77.763,0.943
107.740590,722.445,77.585,0.937
107.752200,712.766,77.351,0.932
107.763810,701.152,77.067,0.928
107.775420,688.774,76.758,0.925
107.787029,676.808,76.455,0.923
107.798639,670.089,76.282,0.920
107.810249,667.622,76.218,0.923
107.821859,665.649,76.167,0.920
107.833469,665.347,76.159,0.921
107.845079,665.551,76.165,0.923
107.856689,665.757,76.170,0.927
107.868299,666.244,76.183,0.930
107.879909,666.529,76.190,0.933
107.891519,666.473,76.189,0.936
107.903129,666.281,76.184,0.938
107.914739,665.581,76.165,0.938
107.926349,665.004,76.150,0.938
107.937959,664.406,76.135,0.935
107.949569,664.246,76.131,0.932
107.961179,664.009,76.124,0.929
107.972789,664.142,76.128,0.924
107.984399,664.708,76.143,0.920
107.996009,665.029,76.151,0.917
108.007619,665.347,76.159,0.917
108.019229,664.988,76.150,0.919
108.030839,664.443,76.136,0.922
108.042449,663.496,76.111,0.920
108.054059,662.545,76.086,0.922
108.065669,661.624,76.062,0.926
108.077279,660.428,76.031,0.929
108.088889,659.569,76.008,0.935
108.100499,658.746,75.987,0.936
108.112109,658.630,75.984,0.937
108.123719,658.901,75.991,0.934
108.135329,659.822,76.015,0.935
108.146939,660.943,76.044,0.930
108.158549,662.102,76.075,0.924
108.170159,663.194,76.103,0.917
108.181769,663.855,76.120,0.907
108.193379,664.340,76.133,0.898
108.204989,664.593,76.140,0.890
108.216599,664.167,76.129,0.886
108.228209,663.341,76.107,0.887
108.239819,662.260,76.079,0.891
108.251429,661.098,76.048,0.899
108.263039,660.130,76.023,0.908
108.274649,659.198,75.999,0.916
108.286259,658.785,75.988,0.922
108.297868,658.680,75.985,0.926
108.309478,658.651,75.984,0.928
108.321088,658.928,75.991,0.930
108.332698,659.492,76.006,0.929
108.344308,659.687,76.011,0.925
108.355918,660.050,76.021,0.920
108.367528,660.284,76.027,0.913
108.379138,660.101,76.022,0.906
108.390748,659.884,76.017,0.901
108.402358,659.931,76.018,0.895
108.413968,659.804,76.014,0.887
108.425578,659.649,76.010,0.881
108.437188,659.916,76.017,0.875
108.448798,660.242,76.026,0.871
108.460408,660.571,76.035,0.872
108.472018,661.152,76.050,0.875
108.483628,661.319,76.054,0.878
108.495238,661.262,76.053,0.883
108.506848,661.384,76.056,0.888
108.518458,661.171,76.050,0.896
108.530068,660.932,76.044,0.906
108.541678,660.491,76.032,0.915
108.553288,660.206,76.025,0.922
108.564898,659.832,76.015,0.927
108.576508,659.436,76.005,0.932
108.588118,659.284,76.001,0.934
108.599728,659.350,76.002,0.934
108.611338,659.317,76.002,0.931
108.622948,659.446,76.005,0.925
108.634558,659.782,76.014,0.919
108.646168,659.841,76.015,0.915
108.657778,660.106,76.022,0.911
108.669388,660.544,76.034,0.908
108.680998,660.611,76.036,0.906
108.692608,660.532,76.033,0.907
108.704218,660.343,76.029,0.911
108.715828,660.199,76.025,0.914
108.727438,660.014,76.020,0.918
108.739048,660.014,76.020,0.919
108.750658,659.929,76.018,0.920
108.762268,659.633,76.010,0.921
108.773878,659.521,76.007,0.922
108.785488,659.511,76.007,0.922
108.797098,659.528,76.007,0.922
108.808707,659.373,76.003,0.921
108.820317,659.241,76.000,0.922
108.831927,659.344,76.002,0.925
108.843537,659.189,75.998,0.928
108.855147,659.148,75.997,0.931
108.866757,659.187,75.998,0.933
108.878367,659.151,75.997,0.932
108.889977,659.343,76.002,0.931
108.901587,659.493,76.006,0.930
108.913197,659.776,76.014,0.927
108.924807,660.131,76.023,0.924
108.936417,660.469,76.032,0.921
108.948027,660.498,76.033,0.917
108.959637,660.593,76.035,0.916
108.971247,660.662,76.037,0.917
108.982857,660.614,76.036,0.919
108.994467,660.678,76.037,0.921
109.006077,661.086,76.048,0.923
109.017687,660.986,76.045,0.922
109.029297,661.108,76.049,0.920
109.040907,661.341,76.055,0.917
109.052517,661.265,76.053,0.913
109.064127,661.066,76.047,0.908
109.075737,660.892,76.043,0.903
109.087347,660.359,76.029,0.899
109.098957,659.339,76.002,0.897
109.110567,658.821,75.989,0.896
109.122177,658.592,75.983,0.897
109.133787,658.490,75.980,0.898
109.145397,658.498,75.980,0.899
109.157007,658.712,75.986,0.902
109.168617,659.025,75.994,0.903
109.180227,659.287,76.001,0.902
109.191837,659.593,76.009,0.898
109.203447,659.766,76.013,0.894
109.215057,660.040,76.021,0.888
109.226667,660.387,76.030,0.882
109.238277,660.774,76.040,0.878
109.249887,660.941,76.044,0.873
109.261497,661.264,76.053,0.868
109.273107,661.524,76.059,0.867
109.284717,661.605,76.062,0.870
109.296327,661.766,76.066,0.875
109.307937,661.519,76.059,0.883
109.319546,660.801,76.041,0.890
109.331156,660.043,76.021,0.896
109.342766,659.557,76.008,0.900
109.354376,658.827,75.989,0.904
109.365986,658.090,75.969,0.906
109.377596,657.473,75.953,0.906
109.389206,656.894,75.938,0.906
109.400816,656.671,75.932,0.906
109.412426,656.851,75.937,0.906
109.424036,657.297,75.948,0.909
109.435646,658.057,75.969,0.915
109.447256,658.925,75.991,0.921
109.458866,659.873,76.016,0.929
109.470476,660.729,76.039,0.938
109.482086,660.749,76.039,0.947
109.493696,659.920,76.017,0.955
109.505306,658.335,75.976,0.960
109.516916,656.318,75.923,0.958
109.528526,653.548,75.849,0.954
109.540136,649.146,75.732,0.951
109.551746,642.432,75.552,0.949
109.563356,632.299,75.277,0.947
109.574966,620.135,74.941,0.949
109.586576,606.503,74.556,0.949
109.598186,598.448,74.325,0.950
109.609796,594.120,74.199,0.956
109.621406,591.271,74.116,0.962
109.633016,589.105,74.052,0.965
109.644626,587.729,74.012,0.966
109.656236,587.477,74.004,0.965
109.667846,587.204,73.996,0.960
109.679456,587.040,73.991,0.954
109.691066,586.943,73.989,0.948
109.702676,586.946,73.989,0.945
109.714286,587.090,73.993,0.942
109.725896,587.397,74.002,0.941
109.737506,587.672,74.010,0.941
109.749116,588.034,74.021,0.943
109.760726,588.215,74.026,0.942
109.772336,588.195,74.025,0.942
109.783946,588.463,74.033,0.946
109.795556,587.993,74.020,0.949
109.807166,587.204,73.996,0.944
109.818776,585.899,73.958,0.943
109.830385,583.873,73.898,0.937
109.841995,581.379,73.824,0.939
109.853605,577.554,73.709,0.939
109.865215,572.795,73.566,0.941
109.876825,568.060,73.422,0.942
109.888435,564.269,73.307,0.937
109.900045,562.422,73.250,0.948
109.911655,559.404,73.157,0.945
109.923265,558.221,73.120,0.951
109.934875,556.689,73.072,0.953
109.946485,556.665,73.072,0.954
109.958095,557.138,73.086,0.958
109.969705,557.434,73.096,0.962
109.981315,557.514,73.098,0.965
109.992925,557.638,73.102,0.968
110.004535,557.779,73.106,0.973
110.016145,557.622,73.101,0.973
110.027755,557.417,73.095,0.974
110.039365,556.721,73.073,0.973
110.050975,556.064,73.053,0.970
110.062585,555.460,73.034,0.967
110.074195,555.271,73.028,0.966
110.085805,554.918,73.017,0.963
110.097415,554.811,73.014,0.959
110.109025,555.298,73.029,0.954
110.120635,556.215,73.058,0.943
110.132245,558.613,73.132,0.941
110.143855,562.530,73.253,0.932
110.155465,568.147,73.425,0.923
110.167075,575.716,73.654,0.921
110.178685,582.883,73.868,0.907
110.190295,586.114,73.964,0.908
110.201905,588.201,74.026,0.909
110.213515,588.395,74.031,0.914
110.225125,587.964,74.019,0.920
110.236735,586.494,73.975,0.923
110.248345,583.887,73.898,0.927
110.259955,581.387,73.824,0.929
110.271565,578.474,73.737,0.936
110.283175,575.385,73.644,0.942
110.294785,571.830,73.537,0.948
110.306395,568.949,73.450,0.950
110.318005,567.031,73.391,0.950
110.329615,564.924,73.327,0.951
110.341224,562.536,73.253,0.953
110.352834,560.421,73.188,0.953
110.364444,558.264,73.121,0.948
110.376054,556.463,73.065,0.941
110.387664,554.128,72.993,0.933
110.399274,551.771,72.919,0.925
110.410884,549.577,72.850,0.911
110.422494,546.472,72.752,0.903
110.434104,540.688,72.568,0.892
110.445714,532.835,72.314,0.881
110.457324,516.338,71.770,0.879
110.468934,503.122,71.321,0.875
110.480544,498.987,71.178,0.878
110.492154,496.406,71.088,0.880
110.503764,495.920,71.071,0.887
110.515374,496.099,71.077,0.894
110.526984,496.881,71.105,0.898
110.538594,496.946,71.107,0.897
110.550204,497.051,71.111,0.896
110.561814,496.858,71.104,0.894
110.573424,496.263,71.083,0.888
110.585034,495.727,71.065,0.881
110.596644,495.346,71.051,0.877
110.608254,495.425,71.054,0.876
110.619864,494.946,71.037,0.874
110.631474,495.069,71.042,0.873
110.643084,495.519,71.057,0.876
110.654694,496.009,71.074,0.881
110.666304,495.985,71.074,0.883
110.677914,496.776,71.101,0.894
110.689524,497.104,71.113,0.898
110.701134,497.181,71.115,0.902
110.712744,496.770,71.101,0.898
110.724354,496.720,71.099,0.899
110.735964,496.146,71.079,0.893
110.747574,495.592,71.060,0.885
110.759184,495.244,71.048,0.881
110.770794,494.652,71.027,0.869
110.782404,493.777,70.996,0.862
110.794014,493.457,70.985,0.851
110.805624,493.437,70.984,0.852
110.817234,493.425,70.984,0.851
110.828844,493.555,70.988,0.854
110.840454,493.613,70.991,0.858
110.852063,493.733,70.995,0.863
110.863673,493.809,70.997,0.864
110.875283,494.027,71.005,0.866
110.886893,494.236,71.012,0.866
110.898503,494.443,71.020,0.866
110.910113,494.446,71.020,0.866
110.921723,494.540,71.023,0.867
110.933333,494.474,71.021,0.868
110.944943,494.466,71.020,0.871
110.956553,494.394,71.018,0.878
110.968163,494.215,71.012,0.879
110.979773,493.979,71.003,0.885
110.991383,493.886,71.000,0.888
111.002993,493.869,71.000,0.890
111.014603,493.841,70.999,0.886
111.026213,493.782,70.996,0.881
111.037823,493.642,70.992,0.873
111.049433,493.525,70.987,0.864
111.061043,493.423,70.984,0.859
111.072653,493.557,70.989,0.850
111.084263,493.532,70.988,0.845
111.095873,493.596,70.990,0.841
111.107483,493.682,70.993,0.847
111.119093,493.696,70.993,0.853
111.130703,493.718,70.994,0.860
111.142313,493.703,70.994,0.866
111.153923,493.672,70.993,0.873
111.165533,493.702,70.994,0.879
111.177143,493.898,71.001,0.883
111.188753,494.069,71.007,0.885
111.200363,494.255,71.013,0.884
111.211973,494.468,71.020,0.882
111.223583,494.616,71.026,0.877
111.235193,494.754,71.031,0.873
111.246803,494.687,71.028,0.867
111.258413,494.408,71.018,0.859
111.270023,493.753,70.995,0.849
111.281633,492.951,70.967,0.844
111.293243,492.172,70.940,0.842
111.304853,491.630,70.921,0.841
111.316463,491.419,70.913,0.840
111.328073,491.379,70.912,0.840
111.339683,491.475,70.915,0.839
111.351293,491.826,70.928,0.836
111.362902,492.580,70.954,0.844
111.374512,492.986,70.969,0.847
111.386122,493.065,70.971,0.845
111.397732,492.681,70.958,0.845
111.409342,491.966,70.933,0.849
111.420952,490.917,70.896,0.852
111.432562,490.161,70.869,0.858
111.444172,489.642,70.851,0.867
111.455782,489.338,70.840,0.869
111.467392,489.743,70.854,0.872
111.479002,490.301,70.874,0.873
111.490612,491.042,70.900,0.870
111.502222,491.905,70.931,0.863
111.513832,493.030,70.970,0.854
111.525442,494.218,71.012,0.844
111.537052,495.123,71.043,0.830
111.548662,495.535,71.058,0.814
111.560272,495.225,71.047,0.793
111.571882,493.899,71.001,0.780
111.583492,492.167,70.940,0.771
111.595102,490.800,70.892,0.769
111.606712,489.807,70.857,0.771
111.618322,489.796,70.856,0.774
111.629932,490.248,70.872,0.779
111.641542,491.545,70.918,0.784
111.653152,493.042,70.970,0.791
111.664762,494.440,71.020,0.797
111.676372,495.221,71.047,0.801
111.687982,495.295,71.049,0.803
111.699592,494.933,71.037,0.802
111.711202,494.450,71.020,0.802
111.722812,493.650,70.992,0.802
111.734422,493.488,70.986,0.805
111.746032,493.438,70.984,0.810
111.757642,493.977,71.003,0.812
111.769252,494.464,71.020,0.810
111.780862,495.230,71.047,0.808
111.792472,496.068,71.076,0.806
111.804082,495.729,71.065,0.802
111.815692,495.201,71.046,0.794
111.827302,492.677,70.958,0.783
111.838912,490.358,70.876,0.775
111.850522,489.234,70.836,0.766
111.862132,488.359,70.805,0.757
111.873741,487.378,70.770,0.746
111.885351,486.798,70.750,0.736
111.896961,486.025,70.722,0.718
111.908571,485.514,70.704,0.705
111.920181,486.149,70.727,0.689
111.931791,485.297,70.696,0.661
111.943401,485.962,70.720,0.630
111.955011,489.597,70.849,0.607
111.966621,245.438,58.894,0.583
111.978231,493.339,70.981,0.557
111.989841,493.361,70.982,0.542
112.001451,493.100,70.973,0.533
112.013061,493.493,70.986,0.526
112.024671,493.266,70.978,0.526
112.036281,492.796,70.962,0.523
112.047891,493.335,70.981,0.530
112.059501,493.505,70.987,0.543
112.071111,494.025,71.005,0.556
112.082721,494.846,71.034,0.564
112.094331,495.236,71.047,0.568
112.105941,494.543,71.023,0.569
112.117551,493.301,70.980,0.566
112.129161,492.606,70.955,0.561
112.140771,492.284,70.944,0.553
112.152381,492.215,70.941,0.541
112.163991,491.826,70.928,0.528
112.175601,491.058,70.901,0.511
112.187211,490.482,70.880,0.497
112.198821,245.132,58.873,0.480
112.210431,245.115,58.871,0.469
112.222041,245.228,58.879,0.459
112.233651,491.425,70.914,0.443
112.245261,489.452,70.844,0.425
112.256871,488.239,70.801,0.401
112.268481,488.107,70.796,0.386
112.280091,488.307,70.803,0.378
112.291701,490.031,70.864,0.385
112.303311,491.066,70.901,0.389
112.314921,490.437,70.879,0.410
112.326531,488.496,70.810,0.433
112.338141,490.525,70.882,0.448
112.349751,490.618,70.885,0.464
112.361361,490.944,70.897,0.472
112.372971,491.093,70.902,0.475
112.384580,491.404,70.913,0.471
112.396190,492.020,70.935,0.463
112.407800,492.014,70.934,0.449
112.419410,493.320,70.980,0.429
112.431020,493.783,70.996,0.408
112.442630,492.572,70.954,0.381
112.454240,492.790,70.962,0.365
112.465850,492.544,70.953,0.351
112.477460,492.630,70.956,0.346
112.489070,490.985,70.898,0.345
112.500680,490.225,70.871,0.344
112.512290,488.182,70.799,0.338
112.523900,488.397,70.807,0.333
112.535510,488.135,70.797,0.322
112.547120,488.096,70.796,0.305
112.558730,488.306,70.803,0.362
112.570340,492.348,70.946,0.528
112.581950,499.401,71.192,0.628
112.593560,505.561,71.405,0.688
112.605170,510.517,71.573,0.724
112.616780,516.126,71.763,0.752
112.628390,522.034,71.960,0.781
112.640000,526.922,72.121,0.807
112.651610,531.377,72.267,0.828
112.663220,536.752,72.441,0.842
112.674830,541.770,72.602,0.849
112.686440,546.088,72.740,0.852
112.698050,549.202,72.838,0.857
112.709660,551.827,72.921,0.862
112.721270,554.458,73.003,0.863
112.732880,557.134,73.086,0.861
112.744490,560.740,73.198,0.856
112.756100,564.789,73.322,0.853
112.767710,569.268,73.459,0.850
112.779320,573.643,73.592,0.852
112.790930,577.800,73.717,0.852
112.802540,580.926,73.810,0.851
112.814150,583.436,73.885,0.853
112.825760,585.329,73.941,0.858
112.837370,586.486,73.975,0.864
112.848980,587.527,74.006,0.870
112.860590,588.020,74.020,0.872
112.872200,588.080,74.022,0.875
112.883810,588.297,74.028,0.878
112.895420,588.788,74.043,0.879
112.907029,588.772,74.042,0.879
112.918639,588.590,74.037,0.884
112.930249,588.805,74.043,0.879
112.941859,588.720,74.041,0.878
112.953469,588.571,74.037,0.879
112.965079,588.996,74.049,0.875
112.976689,588.473,74.034,0.874
112.988299,588.541,74.036,0.870
112.999909,587.860,74.016,0.869
113.011519,587.756,74.013,0.863
113.023129,586.848,73.986,0.869
113.034739,586.315,73.970,0.867
113.046349,585.991,73.961,0.869
113.057959,585.463,73.945,0.876
113.069569,585.566,73.948,0.879
113.081179,585.561,73.948,0.889
113.092789,585.709,73.952,0.895
113.104399,586.141,73.965,0.901
113.116009,586.524,73.976,0.905
113.127619,586.709,73.982,0.910
113.139229,587.092,73.993,0.912
113.150839,587.392,74.002,0.913
113.162449,587.197,73.996,0.914
113.174059,587.520,74.006,0.912
113.185669,587.302,73.999,0.912
113.197279,587.576,74.007,0.909
113.208889,587.667,74.010,0.908
113.220499,587.420,74.003,0.908
113.232109,587.689,74.011,0.906
113.243719,587.477,74.004,0.909
113.255329,587.505,74.005,0.909
113.266939,587.301,73.999,0.915
113.278549,587.427,74.003,0.917
113.290159,587.112,73.994,0.921
113.301769,587.163,73.995,0.923
113.313379,586.918,73.988,0.924
113.324989,586.685,73.981,0.926
113.336599,586.735,73.982,0.923
113.348209,586.400,73.973,0.924
113.359819,586.500,73.976,0.922
113.371429,586.245,73.968,0.923
113.383039,586.166,73.966,0.924
113.394649,586.316,73.970,0.923
113.406259,586.048,73.962,0.922
113.417868,586.188,73.966,0.921
113.429478,586.218,73.967,0.918
113.441088,586.354,73.971,0.914
113.452698,586.598,73.978,0.905
113.464308,586.753,73.983,0.897
113.475918,586.985,73.990,0.889
113.487528,587.188,73.996,0.885
113.499138,587.265,73.998,0.882
113.510748,587.505,74.005,0.884
113.522358,587.756,74.013,0.887
113.533968,587.580,74.007,0.893
113.545578,587.738,74.012,0.901
113.557188,587.494,74.005,0.905
113.568798,587.587,74.008,0.908
113.580408,587.838,74.015,0.910
113.592018,587.669,74.010,0.911
113.603628,587.698,74.011,0.911
113.615238,587.546,74.006,0.911
113.626848,587.422,74.003,0.910
113.638458,587.319,74.000,0.910
113.650068,587.230,73.997,0.911
113.661678,586.992,73.990,0.913
113.673288,587.107,73.993,0.915
113.684898,586.971,73.989,0.915
113.696508,587.208,73.996,0.914
113.708118,587.452,74.004,0.912
113.719728,587.551,74.007,0.909
113.731338,587.907,74.017,0.903
113.742948,588.211,74.026,0.895
113.754558,588.284,74.028,0.883
113.766168,588.342,74.030,0.868
113.777778,588.128,74.024,0.850
113.789388,587.889,74.016,0.828
113.800998,587.749,74.012,0.804
113.812608,587.752,74.012,0.778
113.824218,587.810,74.014,0.751
113.835828,587.727,74.012,0.728
113.847438,587.551,74.007,0.711
113.859048,587.414,74.002,0.706
113.870658,587.453,74.004,0.711
113.882268,587.075,73.992,0.723
113.893878,586.788,73.984,0.734
113.905488,586.175,73.966,0.744
113.917098,585.634,73.950,0.752
113.928707,585.163,73.936,0.758
113.940317,584.900,73.928,0.763
113.951927,585.021,73.932,0.765
113.963537,585.294,73.940,0.765
113.975147,586.112,73.964,0.763
113.986757,587.488,74.005,0.765
113.998367,589.313,74.058,0.772
114.009977,590.918,74.105,0.786
114.021587,592.018,74.138,0.800
114.033197,592.432,74.150,0.813
114.044807,592.195,74.143,0.825
114.056417,591.212,74.114,0.834
114.068027,589.849,74.074,0.844
114.079637,587.829,74.015,0.850
114.091247,585.491,73.946,0.853
114.102857,583.584,73.889,0.854
114.114467,582.422,73.855,0.853
114.126077,582.557,73.859,0.853
114.137687,583.806,73.896,0.853
114.149297,585.811,73.955,0.853
114.160907,587.944,74.018,0.855
114.172517,589.870,74.075,0.859
114.184127,591.196,74.114,0.862
114.195737,591.734,74.129,0.865
114.207347,591.787,74.131,0.868
114.218957,591.212,74.114,0.869
114.230567,589.736,74.071,0.870
114.242177,587.665,74.010,0.869
114.253787,585.803,73.955,0.870
114.265397,584.713,73.923,0.871
114.277007,584.349,73.912,0.870
114.288617,585.296,73.940,0.864
114.300227,586.953,73.989,0.861
114.311837,588.680,74.040,0.865
114.323447,589.681,74.069,0.872
114.335057,590.105,74.082,0.877
114.346667,589.520,74.064,0.876
114.358277,588.341,74.030,0.874
114.369887,586.379,73.972,0.876
114.381497,584.033,73.903,0.878
114.393107,582.643,73.861,0.880
114.404717,582.039,73.843,0.878
114.416327,582.555,73.859,0.869
114.427937,584.167,73.907,0.863
114.439546,587.261,73.998,0.863
114.451156,589.818,74.073,0.868
114.462766,591.272,74.116,0.870
114.474376,591.559,74.124,0.872
114.485986,590.892,74.105,0.873
114.497596,589.320,74.059,0.875
114.509206,587.142,73.994,0.881
114.520816,585.158,73.936,0.886
114.532426,583.935,73.900,0.886
114.544036,583.956,73.900,0.883
114.555646,584.634,73.920,0.880
114.567256,586.342,73.971,0.881
114.578866,588.409,74.032,0.876
114.590476,590.170,74.084,0.871
114.602086,590.451,74.092,0.873
114.613696,590.038,74.080,0.874
114.625306,588.927,74.047,0.874
114.636916,586.835,73.985,0.875
114.648526,585.335,73.941,0.877
114.660136,584.414,73.914,0.876
114.671746,584.312,73.911,0.877
114.683356,584.912,73.929,0.877
114.694966,586.444,73.974,0.872
114.706576,587.933,74.018,0.867
114.718186,588.794,74.043,0.865
114.729796,589.345,74.059,0.862
114.741406,588.570,74.037,0.861
114.753016,587.317,74.000,0.863
114.764626,585.847,73.956,0.870
114.776236,584.816,73.926,0.878
114.787846,584.541,73.918,0.882
114.799456,585.590,73.949,0.884
114.811066,587.261,73.998,0.888
114.822676,589.604,74.067,0.891
114.834286,592.243,74.144,0.895
114.845896,593.712,74.187,0.895
114.857506,594.146,74.200,0.893
114.869116,593.573,74.183,0.886
114.880726,591.996,74.137,0.884
114.892336,588.470,74.034,0.879
114.903946,583.685,73.892,0.874
114.915556,579.100,73.756,0.875
114.927166,576.391,73.675,0.869
114.938776,575.753,73.655,0.865
114.950385,576.313,73.672,0.865
114.961995,578.977,73.752,0.869
114.973605,582.395,73.854,0.869
114.985215,586.227,73.967,0.871
114.996825,590.015,74.079,0.872
115.008435,593.247,74.174,0.865
115.020045,594.875,74.221,0.859
115.031655,596.037,74.255,0.850
115.043265,595.817,74.248,0.842
115.054875,594.837,74.220,0.830
115.066485,593.349,74.177,0.820
115.078095,591.127,74.112,0.808
115.089705,588.517,74.035,0.790
115.101315,587.256,73.998,0.775
115.112925,586.625,73.979,0.765
115.124535,586.645,73.980,0.758
115.136145,587.231,73.997,0.737
115.147755,588.813,74.044,0.717
115.159365,589.528,74.065,0.689
115.170975,591.938,74.135,0.672
115.182585,593.194,74.172,0.663
115.194195,592.666,74.157,0.651
115.205805,590.406,74.090,0.635
115.217415,587.993,74.020,0.627
115.229025,585.349,73.942,0.629
115.240635,584.613,73.920,0.635
115.252245,584.365,73.912,0.640
115.263855,585.072,73.933,0.642
115.275465,586.556,73.977,0.646
115.287075,588.452,74.033,0.646
115.298685,589.814,74.073,0.639
115.310295,591.070,74.110,0.627
115.321905,591.205,74.114,0.618
115.333515,590.474,74.092,0.610
115.345125,589.915,74.076,0.588
115.356735,587.435,74.003,0.567
115.368345,583.981,73.901,0.558
115.379955,581.196,73.818,0.558
115.391565,582.099,73.845,0.575
115.403175,582.810,73.866,0.577
115.414785,584.556,73.918,0.570
115.426395,586.282,73.969,0.568
115.438005,588.741,74.042,0.562
115.449615,591.678,74.128,0.560
115.461224,594.351,74.206,0.554
115.472834,596.399,74.265,0.538
115.484444,595.962,74.253,0.512
115.496054,592.609,74.155,0.517
115.507664,588.593,74.037,0.543
115.519274,586.751,73.983,0.550
115.530884,585.781,73.954,0.561
115.542494,584.508,73.917,0.574
115.554104,584.263,73.909,0.583
115.565714,584.103,73.905,0.580
115.577324,584.688,73.922,0.583
115.588934,585.963,73.960,0.580
115.600544,587.025,73.991,0.565
115.612154,588.014,74.020,0.557
115.623764,588.231,74.027,0.547
115.635374,588.625,74.038,0.524
115.646984,587.974,74.019,0.504
115.658594,587.968,74.019,0.502
115.670204,587.936,74.018,0.497
115.681814,586.301,73.970,0.486
115.693424,585.103,73.934,0.472
115.705034,584.712,73.923,0.463
115.716644,584.338,73.912,0.455
115.728254,584.845,73.927,0.447
115.739864,586.330,73.971,0.436
115.751474,586.330,73.971,0.446
115.763084,585.443,73.944,0.445
115.774694,583.772,73.895,0.451
115.786304,582.593,73.860,0.452
115.797914,581.949,73.841,0.443
115.809524,581.833,73.837,0.428
115.821134,581.537,73.828,0.412
115.832744,581.829,73.837,0.416
115.844354,582.904,73.869,0.419
115.855964,584.197,73.907,0.418
115.867574,587.535,74.006,0.407
115.879184,589.264,74.057,0.397
115.890794,590.336,74.088,0.395
115.902404,590.290,74.087,0.403
115.914014,589.757,74.071,0.427
115.925624,588.971,74.048,0.433
115.937234,588.524,74.035,0.417
115.948844,587.673,74.010,0.412
115.960454,585.424,73.944,0.409
115.972063,583.841,73.897,0.416
115.983673,583.500,73.887,0.424
115.995283,583.631,73.891,0.418
116.006893,583.874,73.898,0.397
116.018503,583.998,73.902,0.381
116.030113,584.537,73.917,0.378
116.041723,585.514,73.946,0.377
116.053333,587.147,73.995,0.363
116.064943,589.917,74.076,0.344
116.076553,592.211,74.143,0.311
116.088163,592.236,74.144,0.289
116.099773,590.491,74.093,0.283
116.111383,589.182,74.055,0.273
116.122993,587.501,74.005,0.264
116.134603,586.496,73.975,0.253
116.146213,586.513,73.976,0.261
116.157823,586.784,73.984,0.281
116.169433,587.367,74.001,0.304
116.181043,588.525,74.035,0.314
116.192653,591.120,74.111,0.306
116.204263,593.010,74.167,0.306
116.215873,592.149,74.141,0.310
116.227483,591.790,74.131,0.304
116.239093,591.613,74.126,0.290
116.250703,591.271,74.116,0.260
116.262313,590.285,74.087,0.228
116.273923,589.220,74.056,0.216
116.285533,586.943,73.989,0.209
116.297143,585.800,73.955,0.188
116.308753,585.507,73.946,0.168
116.320363,585.454,73.945,0.181
116.331973,586.513,73.976,0.203
116.343583,587.098,73.993,0.219
116.355193,587.019,73.991,0.217
116.366803,587.143,73.994,0.206
116.378413,587.869,74.016,0.196
116.390023,587.992,74.020,0.197
116.401633,588.373,74.031,0.185
116.413243,588.514,74.035,0.161
116.424853,587.971,74.019,0.124
116.436463,585.902,73.958,0.113
116.448073,586.212,73.967,0.128
116.459683,585.513,73.946,0.141
116.471293,585.624,73.950,0.142
116.482902,585.689,73.952,0.151
116.494512,586.540,73.977,0.168
116.506122,586.006,73.961,0.173
116.517732,586.359,73.971,0.184
116.529342,587.228,73.997,0.180
116.540952,588.047,74.021,0.162
116.552562,589.362,74.060,0.149
116.564172,589.515,74.064,0.141
116.575782,589.569,74.066,0.120
116.587392,590.077,74.081,0.090
116.599002,591.108,74.111,0.084
116.610612,592.439,74.150,0.059
116.622222,593.294,74.175,0.033
116.633832,592.839,74.162,0.024
116.645442,592.390,74.149,0.010
116.657052,592.114,74.140,0.009
116.668662,591.712,74.129,0.001
116.680272,,,0.000
116.691882,,,0.000
116.703492,,,0.000
116.715102,,,0.000
116.726712,,,0.000
116.738322,590.062,74.080,0.002
116.749932,591.485,74.122,0.009
116.761542,592.089,74.140,0.027
116.773152,592.481,74.151,0.045
116.784762,591.697,74.128,0.066
116.796372,591.233,74.115,0.076
116.807982,591.656,74.127,0.067
116.819592,591.415,74.120,0.065
116.831202,591.025,74.109,0.064
116.842812,589.846,74.074,0.054
116.854422,588.928,74.047,0.036
116.866032,587.938,74.018,0.020
116.877642,,,0.000
116.889252,,,0.000
116.900862,,,0.000
116.912472,,,0.000
116.924082,,,0.000
116.935692,,,0.000
116.947302,,,0.000
116.958912,,,0.000
116.970522,,,0.000
116.982132,,,0.000
116.993741,,,0.000
117.005351,,,0.000
117.016961,,,0.000
117.028571,,,0.000
117.040181,,,0.000
117.051791,,,0.000
117.063401,,,0.000
117.075011,,,0.000
117.086621,,,0.000
117.098231,,,0.000
117.109841,,,0.000
117.121451,,,0.000
117.133061,,,0.000
117.144671,,,0.000
117.156281,,,0.000
117.167891,,,0.000
117.179501,,,0.000
117.191111,,,0.000
117.202721,,,0.000
117.214331,,,0.000
117.225941,,,0.000
117.237551,,,0.000
117.249161,,,0.000
117.260771,,,0.000
117.272381,,,0.000
117.283991,,,0.000
117.295601,,,0.000
117.307211,,,0.000
117.318821,,,0.000
117.330431,,,0.000
117.342041,,,0.000
117.353651,,,0.000
117.365261,,,0.000
117.376871,,,0.000
117.388481,,,0.000
117.400091,,,0.000
117.411701,,,0.000
117.423311,,,0.000
117.434921,,,0.000
117.446531,,,0.000
117.458141,,,0.000
117.469751,,,0.000
117.481361,,,0.000
117.492971,,,0.000
117.504580,,,0.000
117.516190,,,0.000
117.527800,,,0.000
117.539410,,,0.000
117.551020,,,0.000
117.562630,,,0.000
117.574240,,,0.000
117.585850,,,0.000
117.597460,,,0.000
117.609070,,,0.000
117.620680,,,0.000
117.632290,,,0.000
117.643900,,,0.000
117.655510,,,0.000
117.667120,,,0.000
117.678730,,,0.000
117.690340,,,0.000
117.701950,,,0.000
117.713560,,,0.000
117.725170,,,0.000
117.736780,,,0.000
117.748390,,,0.000
117.760000,,,0.000
117.771610,,,0.000
117.783220,,,0.000
117.794830,,,0.000
117.806440,,,0.000
117.818050,,,0.000
117.829660,,,0.000
117.841270,,,0.000
117.852880,,,0.000
117.864490,,,0.000
117.876100,,,0.000
117.887710,,,0.000
117.899320,,,0.000
117.910930,,,0.000
117.922540,,,0.000
117.934150,,,0.000
117.945760,,,0.000
117.957370,,,0.000
117.968980,,,0.000
117.980590,,,0.000
117.992200,,,0.000
118.003810,,,0.000
118.015420,,,0.000
118.027029,,,0.000
118.038639,,,0.000
118.050249,,,0.000
118.061859,,,0.000
118.073469,,,0.000
118.085079,,,0.000
118.096689,,,0.000
118.108299,,,0.000
118.119909,,,0.000
