time_sec,f0_hz,midi,confidence
0.000000,,,0.000
0.011610,,,0.000
0.023220,,,0.000
0.034830,,,0.000
0.046440,,,0.000
0.058050,,,0.000
0.069660,,,0.000
0.081270,,,0.000
0.092880,,,0.000
0.104490,,,0.000
0.116100,,,0.000
0.127710,,,0.000
0.139320,,,0.000
0.150930,,,0.000
0.162540,,,0.000
0.174150,,,0.000
0.185760,,,0.000
0.197370,,,0.000
0.208980,,,0.000
0.220590,,,0.000
0.232200,,,0.000
0.243810,,,0.000
0.255420,,,0.000
0.267029,,,0.000
0.278639,,,0.000
0.290249,,,0.000
0.301859,,,0.000
0.313469,,,0.000
0.325079,,,0.000
0.336689,,,0.000
0.348299,,,0.000
0.359909,,,0.000
0.371519,,,0.000
0.383129,,,0.000
0.394739,,,0.000
0.406349,,,0.000
0.417959,,,0.000
0.429569,,,0.000
0.441179,,,0.000
0.452789,,,0.000
0.464399,,,0.000
0.476009,,,0.000
0.487619,,,0.000
0.499229,,,0.000
0.510839,,,0.000
0.522449,,,0.000
0.534059,,,0.000
0.545669,,,0.000
0.557279,,,0.000
0.568889,,,0.000
0.580499,,,0.000
0.592109,,,0.000
0.603719,,,0.000
0.615329,,,0.000
0.626939,,,0.000
0.638549,,,0.000
0.650159,,,0.000
0.661769,,,0.000
0.673379,,,0.000
0.684989,,,0.000
0.696599,,,0.000
0.708209,,,0.000
0.719819,,,0.000
0.731429,,,0.000
0.743039,,,0.000
0.754649,,,0.000
0.766259,,,0.000
0.777868,,,0.000
0.789478,,,0.000
0.801088,,,0.000
0.812698,,,0.000
0.824308,,,0.000
0.835918,,,0.000
0.847528,,,0.000
0.859138,,,0.000
0.870748,,,0.000
0.882358,,,0.000
0.893968,,,0.000
0.905578,,,0.000
0.917188,,,0.000
0.928798,,,0.000
0.940408,,,0.000
0.952018,,,0.000
0.963628,,,0.000
0.975238,,,0.000
0.986848,,,0.000
0.998458,,,0.000
1.010068,,,0.000
1.021678,,,0.000
1.033288,,,0.000
1.044898,,,0.000
1.056508,,,0.000
1.068118,,,0.000
1.079728,,,0.000
1.091338,,,0.000
1.102948,,,0.000
1.114558,,,0.000
1.126168,,,0.000
1.137778,,,0.000
1.149388,,,0.000
1.160998,,,0.000
1.172608,,,0.000
1.184218,,,0.000
1.195828,,,0.000
1.207438,,,0.000
1.219048,,,0.000
1.230658,,,0.000
1.242268,,,0.000
1.253878,,,0.000
1.265488,,,0.000
1.277098,,,0.000
1.288707,,,0.000
1.300317,,,0.000
1.311927,,,0.000
1.323537,,,0.000
1.335147,,,0.000
1.346757,,,0.000
1.358367,,,0.000
1.369977,,,0.000
1.381587,,,0.000
1.393197,,,0.000
1.404807,,,0.000
1.416417,,,0.000
1.428027,,,0.000
1.439637,,,0.000
1.451247,,,0.000
1.462857,,,0.000
1.474467,,,0.000
1.486077,,,0.000
1.497687,,,0.000
1.509297,,,0.000
1.520907,,,0.000
1.532517,,,0.000
1.544127,,,0.000
1.555737,,,0.000
1.567347,,,0.000
1.578957,,,0.000
1.590567,,,0.000
1.602177,,,0.000
1.613787,,,0.000
1.625397,,,0.000
1.637007,,,0.000
1.648617,,,0.000
1.660227,,,0.000
1.671837,,,0.000
1.683447,,,0.000
1.695057,,,0.000
1.706667,,,0.000
1.718277,,,0.000
1.729887,,,0.000
1.741497,,,0.000
1.753107,,,0.000
1.764717,,,0.000
1.776327,,,0.000
1.787937,,,0.000
1.799546,,,0.000
1.811156,,,0.000
1.822766,,,0.000
1.834376,,,0.000
1.845986,,,0.000
1.857596,,,0.000
1.869206,,,0.000
1.880816,,,0.000
1.892426,,,0.000
1.904036,,,0.000
1.915646,,,0.000
1.927256,,,0.000
1.938866,,,0.000
1.950476,,,0.000
1.962086,,,0.000
1.973696,,,0.000
1.985306,,,0.000
1.996916,,,0.000
2.008526,,,0.000
2.020136,,,0.000
2.031746,,,0.000
2.043356,,,0.000
2.054966,,,0.000
2.066576,,,0.000
2.078186,,,0.000
2.089796,,,0.000
2.101406,,,0.000
2.113016,,,0.000
2.124626,,,0.000
2.136236,,,0.000
2.147846,,,0.000
2.159456,,,0.000
2.171066,,,0.000
2.182676,,,0.000
2.194286,,,0.000
2.205896,,,0.000
2.217506,,,0.000
2.229116,,,0.000
2.240726,,,0.000
2.252336,,,0.000
2.263946,,,0.000
2.275556,,,0.000
2.287166,,,0.000
2.298776,,,0.000
2.310385,,,0.000
2.321995,,,0.000
2.333605,,,0.000
2.345215,,,0.000
2.356825,,,0.000
2.368435,,,0.000
2.380045,,,0.000
2.391655,,,0.000
2.403265,,,0.000
2.414875,,,0.000
2.426485,,,0.000
2.438095,782.077,78.958,0.065
2.449705,771.155,78.714,0.123
2.461315,782.355,78.964,0.167
2.472925,788.824,79.106,0.218
2.484535,789.293,79.117,0.236
2.496145,785.717,79.038,0.253
2.507755,783.368,78.986,0.270
2.519365,785.635,79.036,0.277
2.530975,462.050,69.847,0.276
2.542585,460.963,69.806,0.278
2.554195,462.858,69.877,0.274
2.565805,460.045,69.771,0.258
2.577415,460.599,69.792,0.257
2.589025,458.052,69.696,0.255
2.600635,308.903,62.876,0.308
2.612245,309.287,62.897,0.409
2.623855,309.303,62.898,0.474
2.635465,309.483,62.908,0.523
2.647075,310.278,62.953,0.563
2.658685,310.128,62.944,0.591
2.670295,310.609,62.971,0.614
2.681905,311.076,62.997,0.629
2.693515,311.294,63.009,0.637
2.705125,311.459,63.018,0.636
2.716735,311.672,63.030,0.630
2.728345,311.927,63.044,0.619
2.739955,312.446,63.073,0.602
2.751565,312.803,63.093,0.584
2.763175,313.574,63.136,0.563
2.774785,316.538,63.298,0.548
2.786395,322.269,63.609,0.543
2.798005,330.560,64.049,0.543
2.809615,337.454,64.406,0.547
2.821224,343.912,64.734,0.560
2.832834,347.362,64.907,0.575
2.844444,349.324,65.005,0.593
2.856054,350.206,65.048,0.608
2.867664,350.845,65.080,0.617
2.879274,350.625,65.069,0.625
2.890884,350.543,65.065,0.626
2.902494,349.751,65.026,0.630
2.914104,349.003,64.989,0.625
2.925714,348.143,64.946,0.622
2.937324,347.256,64.902,0.617
2.948934,346.769,64.878,0.606
2.960544,346.483,64.863,0.599
2.972154,346.488,64.864,0.588
2.983764,346.764,64.877,0.588
2.995374,347.791,64.929,0.596
3.006984,349.446,65.011,0.604
3.018594,350.647,65.070,0.616
3.030204,352.519,65.162,0.619
3.041814,352.464,65.160,0.633
3.053424,352.920,65.182,0.637
3.065034,352.244,65.149,0.646
3.076644,351.536,65.114,0.645
3.088254,350.641,65.070,0.638
3.099864,348.823,64.980,0.633
3.111474,347.675,64.923,0.617
3.123084,346.289,64.854,0.612
3.134694,345.491,64.814,0.600
3.146304,345.408,64.810,0.595
3.157914,346.222,64.850,0.586
3.169524,346.445,64.861,0.581
3.181134,347.092,64.894,0.579
3.192744,347.071,64.893,0.573
3.204354,345.395,64.809,0.576
3.215964,341.406,64.608,0.574
3.227574,331.548,64.101,0.575
3.239184,320.364,63.507,0.583
3.250794,306.570,62.745,0.586
3.262404,291.837,61.892,0.596
3.274014,278.938,61.109,0.604
3.285624,271.746,60.657,0.615
3.297234,267.147,60.362,0.622
3.308844,263.968,60.154,0.628
3.320454,262.670,60.069,0.632
3.332063,262.347,60.048,0.632
3.343673,262.668,60.069,0.631
3.355283,263.118,60.098,0.632
3.366893,263.101,60.097,0.632
3.378503,262.832,60.080,0.628
3.390113,262.632,60.066,0.627
3.401723,262.384,60.050,0.627
3.413333,262.165,60.036,0.628
3.424943,262.412,60.052,0.630
3.436553,262.469,60.056,0.632
3.448163,263.082,60.096,0.635
3.459773,263.848,60.146,0.636
3.471383,264.050,60.160,0.640
3.482993,264.111,60.164,0.642
3.494603,263.778,60.142,0.641
3.506213,263.772,60.141,0.644
3.517823,263.298,60.110,0.645
3.529433,263.174,60.102,0.645
3.541043,262.873,60.082,0.646
3.552653,262.576,60.063,0.648
3.564263,262.466,60.056,0.650
3.575873,261.937,60.021,0.650
3.587483,261.744,60.008,0.650
3.599093,261.322,59.980,0.644
3.610703,260.854,59.949,0.638
3.622313,260.532,59.927,0.630
3.633923,259.830,59.881,0.616
3.645533,259.628,59.867,0.599
3.657143,259.056,59.829,0.579
3.668753,259.466,59.857,0.563
3.680363,261.655,60.002,0.553
3.691973,264.532,60.191,0.558
3.703583,267.091,60.358,0.572
3.715193,268.551,60.452,0.589
3.726803,268.864,60.472,0.609
3.738413,268.065,60.421,0.629
3.750023,267.073,60.357,0.643
3.761633,265.835,60.276,0.654
3.773243,264.311,60.177,0.660
3.784853,262.744,60.074,0.659
3.796463,261.213,59.973,0.651
3.808073,259.591,59.865,0.638
3.819683,258.453,59.789,0.621
3.831293,257.651,59.735,0.600
3.842902,257.879,59.750,0.579
3.854512,258.965,59.823,0.553
3.866122,260.624,59.934,0.526
3.877732,263.045,60.094,0.506
3.889342,265.083,60.227,0.497
3.900952,265.711,60.268,0.499
3.912562,265.510,60.255,0.499
3.924172,264.661,60.200,0.494
3.935782,262.793,60.077,0.490
3.947392,260.506,59.926,0.493
3.959002,258.039,59.761,0.503
3.970612,256.119,59.632,0.513
3.982222,255.206,59.570,0.520
3.993832,255.282,59.575,0.523
4.005442,256.438,59.653,0.530
4.017052,258.314,59.779,0.541
4.028662,260.479,59.924,0.552
4.040272,262.616,60.065,0.557
4.051882,264.469,60.187,0.558
4.063492,265.624,60.263,0.557
4.075102,265.955,60.284,0.555
4.086712,265.645,60.264,0.553
4.098322,264.830,60.211,0.552
4.109932,263.417,60.118,0.547
4.121542,262.002,60.025,0.541
4.133152,260.156,59.902,0.533
4.144762,258.656,59.802,0.520
4.156372,257.442,59.721,0.503
4.167982,257.151,59.701,0.483
4.179592,257.610,59.732,0.462
4.191202,258.992,59.825,0.438
4.202812,261.355,59.982,0.417
4.214422,263.816,60.144,0.403
4.226032,265.977,60.286,0.406
4.237642,266.300,60.307,0.424
4.249252,265.634,60.263,0.448
4.260862,264.924,60.217,0.464
4.272472,264.033,60.159,0.476
4.284082,263.230,60.106,0.480
4.295692,262.285,60.044,0.479
4.307302,261.077,59.964,0.471
4.318912,259.902,59.886,0.457
4.330522,258.994,59.825,0.433
4.342132,258.190,59.771,0.403
4.353741,258.067,59.763,0.371
4.365351,258.602,59.799,0.339
4.376961,259.702,59.872,0.311
4.388571,260.887,59.951,0.293
4.400181,261.784,60.010,0.283
4.411791,262.339,60.047,0.279
4.423401,262.811,60.078,0.281
4.435011,263.047,60.094,0.279
4.446621,263.356,60.114,0.273
4.458231,263.108,60.098,0.270
4.469841,262.477,60.056,0.270
4.481451,261.805,60.012,0.266
4.493061,261.531,59.994,0.257
4.504671,261.717,60.006,0.246
4.516281,262.264,60.042,0.230
4.527891,263.058,60.095,0.211
4.539501,263.689,60.136,0.190
4.551111,265.050,60.225,0.162
4.562721,266.799,60.339,0.135
4.574331,267.867,60.408,0.118
4.585941,267.567,60.389,0.115
4.597551,266.558,60.323,0.115
4.609161,265.099,60.228,0.114
4.620771,263.857,60.147,0.115
4.632381,263.107,60.098,0.115
4.643991,262.490,60.057,0.110
4.655601,262.295,60.044,0.097
4.667211,262.129,60.033,0.077
4.678821,262.217,60.039,0.050
4.690431,262.418,60.052,0.021
4.702041,263.052,60.094,0.002
4.713651,,,0.000
4.725261,263.096,60.097,0.010
4.736871,262.560,60.062,0.037
4.748481,261.599,59.998,0.062
4.760091,260.864,59.950,0.078
4.771701,260.633,59.934,0.087
4.783311,260.806,59.946,0.092
4.794921,260.730,59.941,0.096
4.806531,260.533,59.928,0.100
4.818141,260.565,59.930,0.101
4.829751,260.626,59.934,0.097
4.841361,260.744,59.942,0.090
4.852971,260.905,59.952,0.084
4.864580,261.027,59.960,0.080
4.876190,261.173,59.970,0.075
4.887800,261.682,60.004,0.068
4.899410,262.203,60.038,0.059
4.911020,262.547,60.061,0.049
4.922630,262.833,60.080,0.036
4.934240,263.235,60.106,0.026
4.945850,263.091,60.097,0.021
4.957460,262.990,60.090,0.019
4.969070,262.535,60.060,0.023
4.980680,262.121,60.033,0.024
4.992290,261.765,60.009,0.017
5.003900,261.511,59.992,0.004
5.015510,,,0.000
5.027120,,,0.000
5.038730,,,0.000
5.050340,,,0.000
5.061950,,,0.000
5.073560,,,0.000
5.085170,,,0.000
5.096780,,,0.000
5.108390,,,0.000
5.120000,,,0.000
5.131610,,,0.000
5.143220,,,0.000
5.154830,,,0.000
5.166440,,,0.000
5.178050,,,0.000
5.189660,,,0.000
5.201270,,,0.000
5.212880,,,0.000
5.224490,,,0.000
5.236100,,,0.000
5.247710,,,0.000
5.259320,,,0.000
5.270930,,,0.000
5.282540,262.143,60.034,0.004
5.294150,261.854,60.015,0.005
5.305760,261.578,59.997,0.004
5.317370,261.503,59.992,0.001
5.328980,,,0.000
5.340590,,,0.000
5.352200,,,0.000
5.363810,,,0.000
5.375420,,,0.000
5.387029,,,0.000
5.398639,,,0.000
5.410249,,,0.000
5.421859,,,0.000
5.433469,,,0.000
5.445079,,,0.000
5.456689,,,0.000
5.468299,,,0.000
5.479909,,,0.000
5.491519,,,0.000
5.503129,,,0.000
5.514739,,,0.000
5.526349,,,0.000
5.537959,,,0.000
5.549569,,,0.000
5.561179,,,0.000
5.572789,,,0.000
5.584399,,,0.000
5.596009,,,0.000
5.607619,,,0.000
5.619229,,,0.000
5.630839,,,0.000
5.642449,,,0.000
5.654059,,,0.000
5.665669,,,0.000
5.677279,,,0.000
5.688889,,,0.000
5.700499,,,0.000
5.712109,,,0.000
5.723719,,,0.000
5.735329,,,0.000
5.746939,,,0.000
5.758549,,,0.000
5.770159,,,0.000
5.781769,,,0.000
5.793379,,,0.000
5.804989,,,0.000
5.816599,,,0.000
5.828209,,,0.000
5.839819,,,0.000
5.851429,,,0.000
5.863039,,,0.000
5.874649,,,0.000
5.886259,,,0.000
5.897868,,,0.000
5.909478,,,0.000
5.921088,,,0.000
5.932698,,,0.000
5.944308,,,0.000
5.955918,,,0.000
5.967528,,,0.000
5.979138,,,0.000
5.990748,,,0.000
6.002358,,,0.000
6.013968,,,0.000
6.025578,,,0.000
6.037188,,,0.000
6.048798,,,0.000
6.060408,,,0.000
6.072018,,,0.000
6.083628,,,0.000
6.095238,,,0.000
6.106848,,,0.000
6.118458,,,0.000
6.130068,,,0.000
6.141678,,,0.000
6.153288,,,0.000
6.164898,,,0.000
6.176508,,,0.000
6.188118,,,0.000
6.199728,,,0.000
6.211338,,,0.000
6.222948,738.584,77.967,0.041
6.234558,757.905,78.414,0.125
6.246168,803.729,79.430,0.187
6.257778,833.039,80.051,0.234
6.269388,812.514,79.619,0.259
6.280998,800.780,79.367,0.288
6.292608,820.411,79.786,0.309
6.304218,190.296,54.489,0.323
6.315828,906.037,81.505,0.336
6.327438,858.112,80.564,0.340
6.339048,919.069,81.752,0.337
6.350658,916.651,81.706,0.332
6.362268,242.952,58.718,0.347
6.373878,250.091,59.219,0.425
6.385488,264.612,60.196,0.521
6.397098,268.043,60.420,0.590
6.408707,269.033,60.483,0.642
6.420317,269.263,60.498,0.681
6.431927,268.822,60.470,0.705
6.443537,267.872,60.408,0.724
6.455147,267.136,60.361,0.736
6.466757,266.683,60.331,0.741
6.478367,266.143,60.296,0.739
6.489977,265.642,60.264,0.732
6.501587,265.049,60.225,0.719
6.513197,264.681,60.201,0.702
6.524807,266.417,60.314,0.693
6.536417,272.711,60.718,0.690
6.548027,280.291,61.193,0.700
6.559637,286.109,61.549,0.709
6.571247,289.168,61.733,0.716
6.582857,290.688,61.824,0.724
6.594467,291.310,61.861,0.729
6.606077,291.665,61.882,0.728
6.617687,291.884,61.895,0.727
6.629297,292.094,61.907,0.718
6.640907,292.003,61.902,0.704
6.652517,291.491,61.871,0.690
6.664127,291.466,61.870,0.675
6.675737,291.836,61.892,0.658
6.687347,293.910,62.014,0.647
6.698957,295.325,62.098,0.641
6.710567,295.420,62.103,0.623
6.722177,295.924,62.133,0.615
6.733787,148.970,50.250,0.611
6.745397,148.964,50.250,0.604
6.757007,286.857,61.594,0.604
6.768617,286.611,61.579,0.591
6.780227,286.501,61.572,0.588
6.791837,262.320,60.046,0.576
6.803447,133.573,48.362,0.570
6.815057,84.174,40.367,0.559
6.826667,269.110,60.488,0.536
6.838277,135.350,48.590,0.522
6.849887,133.581,48.363,0.505
6.861497,333.824,64.219,0.555
6.873107,325.268,63.769,0.621
6.884717,328.384,63.935,0.667
6.896327,329.199,63.977,0.700
6.907937,328.973,63.966,0.722
6.919546,328.119,63.921,0.742
6.931156,327.070,63.865,0.757
6.942766,326.527,63.836,0.766
6.954376,326.172,63.818,0.768
6.965986,325.687,63.792,0.757
6.977596,324.650,63.737,0.751
6.989206,323.898,63.696,0.747
7.000816,324.138,63.709,0.746
7.012426,325.325,63.773,0.744
7.024036,327.798,63.904,0.743
7.035646,328.837,63.958,0.745
7.047256,329.273,63.981,0.745
7.058866,329.652,64.001,0.746
7.070476,329.907,64.015,0.744
7.082086,330.210,64.031,0.741
7.093696,330.555,64.049,0.737
7.105306,331.269,64.086,0.732
7.116916,332.077,64.128,0.728
7.128526,332.438,64.147,0.724
7.140136,332.592,64.155,0.720
7.151746,332.654,64.158,0.716
7.163356,332.613,64.156,0.713
7.174966,332.093,64.129,0.712
7.186576,331.071,64.076,0.710
7.198186,329.716,64.005,0.709
7.209796,328.317,63.931,0.704
7.221406,327.789,63.903,0.703
7.233016,327.618,63.894,0.705
7.244626,328.168,63.923,0.709
7.256236,329.775,64.008,0.718
7.267846,330.577,64.050,0.723
7.279456,330.736,64.058,0.725
7.291066,330.732,64.058,0.730
7.302676,330.708,64.057,0.738
7.314286,330.593,64.051,0.753
7.325896,330.380,64.039,0.767
7.337506,330.099,64.025,0.779
7.349116,329.613,63.999,0.785
7.360726,329.396,63.988,0.790
7.372336,329.334,63.985,0.797
7.383946,329.309,63.983,0.801
7.395556,329.263,63.981,0.802
7.407166,329.099,63.972,0.797
7.418776,328.971,63.965,0.792
7.430385,328.786,63.956,0.785
7.441995,328.654,63.949,0.780
7.453605,328.467,63.939,0.776
7.465215,328.299,63.930,0.770
7.476825,328.289,63.930,0.764
7.488435,328.569,63.944,0.758
7.500045,329.610,63.999,0.755
7.511655,331.449,64.095,0.749
7.523265,334.471,64.253,0.744
7.534875,338.989,64.485,0.741
7.546485,342.968,64.687,0.742
7.558095,345.356,64.807,0.749
7.569705,346.500,64.864,0.755
7.581315,346.825,64.880,0.759
7.592925,346.818,64.880,0.759
7.604535,346.455,64.862,0.762
7.616145,345.697,64.824,0.765
7.627755,344.761,64.777,0.764
7.639365,343.858,64.732,0.761
7.650975,342.937,64.685,0.754
7.662585,342.637,64.670,0.748
7.674195,343.190,64.698,0.747
7.685805,344.295,64.754,0.752
7.697415,346.142,64.846,0.752
7.709025,348.181,64.948,0.756
7.720635,349.736,65.025,0.760
7.732245,350.679,65.072,0.767
7.743855,351.103,65.093,0.769
7.755465,350.976,65.086,0.771
7.767075,350.604,65.068,0.768
7.778685,349.851,65.031,0.764
7.790295,348.636,64.971,0.763
7.801905,347.451,64.912,0.755
7.813515,346.199,64.849,0.748
7.825125,345.510,64.815,0.739
7.836735,345.463,64.812,0.740
7.848345,346.338,64.856,0.737
7.859955,347.953,64.937,0.741
7.871565,349.762,65.026,0.747
7.883175,350.861,65.081,0.752
7.894785,350.969,65.086,0.755
7.906395,351.042,65.090,0.753
7.918005,350.680,65.072,0.749
7.929615,350.056,65.041,0.746
7.941224,348.455,64.962,0.749
7.952834,346.694,64.874,0.745
7.964444,344.798,64.779,0.733
7.976054,343.482,64.713,0.719
7.987664,342.843,64.681,0.715
7.999274,343.755,64.727,0.718
8.010884,346.292,64.854,0.724
8.022494,349.724,65.025,0.724
8.034104,352.472,65.160,0.720
8.045714,353.455,65.208,0.721
8.057324,353.190,65.195,0.729
8.068934,352.899,65.181,0.733
8.080544,352.131,65.143,0.732
8.092154,351.106,65.093,0.725
8.103764,349.558,65.016,0.719
8.115374,347.910,64.935,0.711
8.126984,346.847,64.882,0.702
8.138594,345.896,64.834,0.693
8.150204,346.555,64.867,0.687
8.161814,348.749,64.976,0.681
8.173424,351.350,65.105,0.676
8.185034,353.203,65.196,0.673
8.196644,354.078,65.239,0.668
8.208254,354.052,65.237,0.667
8.219864,353.914,65.231,0.661
8.231474,353.501,65.211,0.652
8.243084,352.829,65.178,0.637
8.254694,350.510,65.063,0.623
8.266304,348.258,64.952,0.613
8.277914,346.152,64.847,0.606
8.289524,345.057,64.792,0.596
8.301134,345.223,64.800,0.591
8.312744,346.874,64.883,0.588
8.324354,348.901,64.984,0.587
8.335964,350.491,65.062,0.588
8.347574,351.561,65.115,0.589
8.359184,352.061,65.140,0.585
8.370794,352.477,65.160,0.575
8.382404,351.713,65.123,0.568
8.394014,351.232,65.099,0.552
8.405624,350.338,65.055,0.539
8.417234,349.449,65.011,0.527
8.428844,349.327,65.005,0.510
8.440454,349.507,65.014,0.485
8.452063,349.052,64.991,0.465
8.463673,348.715,64.975,0.446
8.475283,348.132,64.946,0.432
8.486893,347.689,64.924,0.422
8.498503,347.598,64.919,0.407
8.510113,347.679,64.923,0.388
8.521723,347.849,64.931,0.369
8.533333,348.002,64.939,0.362
8.544943,348.164,64.947,0.357
8.556553,348.392,64.958,0.353
8.568163,349.109,64.994,0.334
8.579773,349.985,65.037,0.312
8.591383,350.135,65.045,0.315
8.602993,350.033,65.040,0.327
8.614603,349.770,65.027,0.333
8.626213,349.278,65.002,0.334
8.637823,348.157,64.947,0.335
8.649433,347.485,64.913,0.331
8.661043,346.820,64.880,0.330
8.672653,346.031,64.841,0.330
8.684263,345.544,64.816,0.328
8.695873,345.796,64.829,0.320
8.707483,346.697,64.874,0.313
8.719093,348.184,64.948,0.306
8.730703,349.232,65.000,0.304
8.742313,349.992,65.038,0.301
8.753923,350.272,65.052,0.292
8.765533,350.440,65.060,0.274
8.777143,349.612,65.019,0.261
8.788753,347.964,64.937,0.257
8.800363,346.682,64.873,0.244
8.811973,345.409,64.810,0.227
8.823583,344.775,64.778,0.217
8.835193,344.524,64.765,0.215
8.846803,344.566,64.767,0.214
8.858413,346.303,64.854,0.230
8.870023,348.630,64.970,0.243
8.881633,351.183,65.097,0.244
8.893243,352.350,65.154,0.247
8.904853,351.938,65.134,0.248
8.916463,352.582,65.165,0.243
8.928073,352.994,65.186,0.239
8.939683,352.320,65.153,0.246
8.951293,350.466,65.061,0.254
8.962902,347.377,64.908,0.353
8.974512,348.891,64.983,0.457
8.986122,352.292,65.151,0.525
8.997732,353.697,65.220,0.574
9.009342,354.488,65.259,0.613
9.020952,354.684,65.268,0.639
9.032562,354.473,65.258,0.658
9.044172,354.249,65.247,0.673
9.055782,354.490,65.259,0.683
9.067392,354.749,65.272,0.686
9.079002,354.720,65.270,0.687
9.090612,354.795,65.274,0.681
9.102222,354.700,65.269,0.670
9.113832,354.776,65.273,0.662
9.125442,355.353,65.301,0.653
9.137052,356.157,65.340,0.646
9.148662,357.077,65.385,0.636
9.160272,358.319,65.445,0.617
9.171882,362.502,65.646,0.602
9.183492,370.068,66.003,0.605
9.195102,380.819,66.499,0.610
9.206712,388.330,66.837,0.615
9.218322,394.151,67.095,0.624
9.229932,396.171,67.183,0.632
9.241542,396.284,67.188,0.640
9.253152,395.446,67.152,0.650
9.264762,395.051,67.134,0.650
9.276372,394.238,67.099,0.642
9.287982,392.614,67.027,0.634
9.299592,390.553,66.936,0.624
9.311202,387.837,66.815,0.607
9.322812,385.877,66.728,0.591
9.334422,384.904,66.684,0.572
9.346032,385.967,66.732,0.553
9.357642,388.271,66.835,0.547
9.369252,392.479,67.021,0.548
9.380862,395.165,67.139,0.552
9.392472,395.704,67.163,0.563
9.404082,394.939,67.129,0.570
9.415692,394.839,67.125,0.566
9.427302,392.937,67.042,0.568
9.438912,391.529,66.979,0.563
9.450522,389.999,66.912,0.560
9.462132,387.813,66.814,0.551
9.473741,386.002,66.733,0.534
9.485351,385.242,66.699,0.505
9.496961,384.587,66.670,0.479
9.508571,385.515,66.711,0.462
9.520181,388.926,66.864,0.435
9.531791,388.713,66.854,0.431
9.543401,391.203,66.965,0.409
9.555011,392.011,67.001,0.378
9.566621,389.724,66.899,0.365
9.578231,388.151,66.829,0.342
9.589841,385.701,66.720,0.331
9.601451,383.921,66.640,0.322
9.613061,382.884,66.593,0.310
9.624671,383.145,66.605,0.283
9.636281,379.744,66.450,0.273
9.647891,376.875,66.319,0.250
9.659501,383.698,66.630,0.237
9.671111,385.078,66.692,0.232
9.682721,386.348,66.749,0.233
9.694331,387.235,66.788,0.237
9.705941,382.130,66.559,0.234
9.717551,386.366,66.750,0.231
9.729161,386.726,66.766,0.229
9.740771,386.605,66.760,0.220
9.752381,387.050,66.780,0.210
9.763991,355.857,65.326,0.203
9.775601,355.590,65.313,0.186
9.787211,355.519,65.309,0.175
9.798821,355.599,65.313,0.162
9.810431,355.637,65.315,0.138
9.822041,368.321,65.922,0.109
9.833651,367.862,65.900,0.099
9.845261,389.794,66.903,0.434
9.856871,390.032,66.913,0.515
9.868481,390.735,66.944,0.572
9.880091,391.146,66.962,0.597
9.891701,391.455,66.976,0.619
9.903311,391.669,66.986,0.635
9.914921,391.940,66.998,0.647
9.926531,392.195,67.009,0.657
9.938141,392.646,67.029,0.642
9.949751,393.109,67.049,0.624
9.961361,393.788,67.079,0.597
9.972971,394.962,67.131,0.583
9.984580,397.709,67.251,0.568
9.996190,404.054,67.525,0.561
10.007800,413.397,67.920,0.564
10.019410,421.098,68.240,0.568
10.031020,428.397,68.537,0.587
10.042630,432.339,68.696,0.606
10.054240,434.867,68.797,0.623
10.065850,436.911,68.878,0.635
10.077460,437.918,68.918,0.649
10.089070,438.873,68.956,0.656
10.100680,439.172,68.967,0.663
10.112290,439.008,68.961,0.668
10.123900,438.724,68.950,0.669
10.135510,438.545,68.943,0.670
10.147120,438.697,68.949,0.668
10.158730,438.819,68.953,0.666
10.170340,438.861,68.955,0.661
10.181950,438.552,68.943,0.654
10.193560,438.203,68.929,0.641
10.205170,437.645,68.907,0.629
10.216780,436.235,68.851,0.616
10.228390,434.103,68.766,0.604
10.240000,430.904,68.638,0.590
10.251610,425.217,68.408,0.578
10.263220,410.695,67.807,0.568
10.274830,393.668,67.074,0.565
10.286440,379.983,66.461,0.569
10.298050,366.540,65.838,0.568
10.309660,356.914,65.377,0.571
10.321270,350.002,65.038,0.565
10.332880,348.577,64.968,0.568
10.344490,348.352,64.956,0.569
10.356100,348.685,64.973,0.563
10.367710,349.865,65.032,0.557
10.379320,350.271,65.052,0.547
10.390930,350.964,65.086,0.546
10.402540,351.389,65.107,0.545
10.414150,351.536,65.114,0.545
10.425760,350.997,65.087,0.545
10.437370,350.687,65.072,0.546
10.448980,350.379,65.057,0.549
10.460590,349.926,65.035,0.554
10.472200,349.571,65.017,0.561
10.483810,349.321,65.005,0.565
10.495420,349.029,64.990,0.567
10.507029,348.798,64.979,0.570
10.518639,348.888,64.983,0.572
10.530249,348.644,64.971,0.574
10.541859,348.777,64.978,0.576
10.553469,348.670,64.972,0.581
10.565079,348.791,64.978,0.583
10.576689,349.094,64.993,0.585
10.588299,349.555,65.016,0.588
10.599909,350.106,65.043,0.592
10.611519,350.497,65.063,0.597
10.623129,350.625,65.069,0.604
10.634739,350.458,65.061,0.609
10.646349,350.475,65.062,0.612
10.657959,350.185,65.047,0.616
10.669569,349.862,65.031,0.621
10.681179,349.382,65.008,0.623
10.692789,349.153,64.996,0.624
10.704399,348.852,64.981,0.623
10.716009,349.126,64.995,0.625
10.727619,349.088,64.993,0.624
10.739229,349.390,65.008,0.627
10.750839,349.373,65.007,0.627
10.762449,349.582,65.018,0.628
10.774059,349.696,65.023,0.627
10.785669,349.805,65.029,0.627
10.797279,349.955,65.036,0.626
10.808889,349.854,65.031,0.619
10.820499,350.056,65.041,0.615
10.832109,349.770,65.027,0.606
10.843719,349.967,65.037,0.600
10.855329,349.603,65.019,0.591
10.866939,349.730,65.025,0.587
10.878549,349.561,65.016,0.582
10.890159,349.474,65.012,0.582
10.901769,349.273,65.002,0.584
10.913379,349.251,65.001,0.586
10.924989,349.397,65.008,0.587
10.936599,349.742,65.025,0.590
10.948209,349.998,65.038,0.594
10.959819,349.922,65.034,0.596
10.971429,349.786,65.028,0.597
10.983039,349.753,65.026,0.595
10.994649,349.618,65.019,0.593
11.006259,349.543,65.016,0.591
11.017868,349.475,65.012,0.591
11.029478,349.346,65.006,0.589
11.041088,349.362,65.007,0.586
11.052698,349.531,65.015,0.582
11.064308,349.592,65.018,0.580
11.075918,349.682,65.022,0.577
11.087528,349.803,65.028,0.575
11.099138,349.936,65.035,0.574
11.110748,349.956,65.036,0.575
11.122358,350.054,65.041,0.576
11.133968,350.328,65.054,0.576
11.145578,350.332,65.055,0.576
11.157188,350.251,65.051,0.574
11.168798,350.166,65.046,0.574
11.180408,350.109,65.044,0.574
11.192018,349.804,65.029,0.571
11.203628,349.647,65.021,0.565
11.215238,349.491,65.013,0.559
11.226848,349.307,65.004,0.553
11.238458,349.273,65.002,0.546
11.250068,349.222,65.000,0.541
11.261678,349.167,64.997,0.538
11.273288,348.957,64.987,0.535
11.284898,349.008,64.989,0.533
11.296508,349.335,65.005,0.536
11.308118,349.799,65.028,0.546
11.319728,350.330,65.055,0.558
11.331338,351.409,65.108,0.574
11.342948,351.922,65.133,0.588
11.354558,351.741,65.124,0.597
11.366168,351.559,65.115,0.603
11.377778,351.116,65.093,0.608
11.389388,350.437,65.060,0.611
11.400998,349.566,65.017,0.609
11.412608,348.501,64.964,0.603
11.424218,347.362,64.907,0.594
11.435828,346.538,64.866,0.583
11.447438,346.455,64.862,0.576
11.459048,347.509,64.915,0.574
11.470658,349.258,65.001,0.575
11.482268,350.931,65.084,0.575
11.493878,352.226,65.148,0.577
11.505488,352.753,65.174,0.577
11.517098,353.040,65.188,0.580
11.528707,352.692,65.171,0.582
11.540317,351.798,65.127,0.580
11.551927,350.496,65.063,0.574
11.563537,349.023,64.990,0.562
11.575147,347.596,64.919,0.549
11.586757,345.918,64.835,0.535
11.598367,344.970,64.788,0.524
11.609977,344.918,64.785,0.512
11.621587,346.840,64.881,0.503
11.633197,349.489,65.013,0.502
11.644807,351.563,65.115,0.500
11.656417,353.230,65.197,0.504
11.668027,354.375,65.253,0.507
11.679637,354.667,65.268,0.508
11.691247,354.523,65.261,0.505
11.702857,354.014,65.236,0.498
11.714467,352.301,65.152,0.488
11.726077,349.898,65.033,0.472
11.737687,347.581,64.918,0.457
11.749297,345.526,64.816,0.439
11.760907,343.819,64.730,0.416
11.772517,342.564,64.666,0.394
11.784127,342.051,64.641,0.376
11.795737,343.975,64.738,0.360
11.807347,348.527,64.965,0.344
11.818957,353.133,65.192,0.334
11.830567,354.793,65.274,0.340
11.842177,356.182,65.341,0.352
11.853787,355.856,65.325,0.365
11.865397,355.452,65.306,0.377
11.877007,354.687,65.269,0.383
11.888617,354.020,65.236,0.384
11.900227,352.641,65.168,0.379
11.911837,351.879,65.131,0.360
11.923447,350.926,65.084,0.331
11.935057,348.838,64.981,0.293
11.946667,348.005,64.939,0.254
11.958277,347.099,64.894,0.210
11.969887,348.004,64.939,0.162
11.981497,349.815,65.029,0.117
11.993107,351.951,65.134,0.089
12.004717,353.961,65.233,0.090
12.016327,354.400,65.255,0.114
12.027937,352.634,65.168,0.158
12.039546,351.572,65.116,0.190
12.051156,350.536,65.065,0.201
12.062766,349.588,65.018,0.205
12.074376,348.864,64.982,0.211
12.085986,348.697,64.974,0.213
12.097596,348.049,64.941,0.206
12.109206,347.024,64.890,0.184
12.120816,345.314,64.805,0.143
12.132426,347.391,64.909,0.093
12.144036,348.408,64.959,0.052
12.155646,349.850,65.031,0.015
12.167256,,,0.000
12.178866,,,0.000
12.190476,352.785,65.175,0.002
12.202086,352.136,65.144,0.045
12.213696,350.974,65.086,0.074
12.225306,349.787,65.028,0.092
12.236916,348.960,64.987,0.105
12.248526,347.784,64.928,0.118
12.260136,346.614,64.870,0.130
12.271746,344.885,64.783,0.141
12.283356,343.658,64.722,0.145
12.294966,343.390,64.708,0.139
12.306576,344.561,64.767,0.133
12.318186,346.038,64.841,0.128
12.329796,347.168,64.898,0.120
12.341406,348.613,64.969,0.104
12.353016,350.614,65.069,0.087
12.364626,352.600,65.166,0.063
12.376236,353.576,65.214,0.036
12.387846,352.804,65.176,0.021
12.399456,350.234,65.050,0.018
12.411066,347.892,64.934,0.015
12.422676,346.574,64.868,0.017
12.434286,345.597,64.819,0.025
12.445896,344.832,64.781,0.029
12.457506,344.944,64.786,0.031
12.469116,345.872,64.833,0.036
12.480726,347.592,64.919,0.037
12.492336,349.538,65.015,0.029
12.503946,350.888,65.082,0.021
12.515556,351.910,65.132,0.012
12.527166,352.508,65.162,0.003
12.538776,,,0.000
12.550385,,,0.000
12.561995,,,0.000
12.573605,,,0.000
12.585215,,,0.000
12.596825,,,0.000
12.608435,,,0.000
12.620045,,,0.000
12.631655,,,0.000
12.643265,,,0.000
12.654875,,,0.000
12.666485,,,0.000
12.678095,,,0.000
12.689705,,,0.000
12.701315,,,0.000
12.712925,,,0.000
12.724535,,,0.000
12.736145,,,0.000
12.747755,,,0.000
12.759365,,,0.000
12.770975,,,0.000
12.782585,,,0.000
12.794195,,,0.000
12.805805,,,0.000
12.817415,,,0.000
12.829025,,,0.000
12.840635,,,0.000
12.852245,,,0.000
12.863855,,,0.000
12.875465,,,0.000
12.887075,,,0.000
12.898685,,,0.000
12.910295,,,0.000
12.921905,,,0.000
12.933515,,,0.000
12.945125,,,0.000
12.956735,,,0.000
12.968345,,,0.000
12.979955,,,0.000
12.991565,,,0.000
13.003175,,,0.000
13.014785,,,0.000
13.026395,,,0.000
13.038005,,,0.000
13.049615,,,0.000
13.061224,,,0.000
13.072834,,,0.000
13.084444,,,0.000
13.096054,,,0.000
13.107664,,,0.000
13.119274,,,0.000
13.130884,,,0.000
13.142494,183.033,53.815,0.006
13.154104,183.007,53.813,0.023
13.165714,829.160,79.970,0.033
13.177324,838.243,80.158,0.050
13.188934,837.353,80.140,0.063
13.200544,838.851,80.171,0.065
13.212154,838.107,80.156,0.063
13.223764,837.975,80.153,0.061
13.235374,837.698,80.147,0.059
13.246984,834.077,80.072,0.049
13.258594,839.411,80.182,0.043
13.270204,835.227,80.096,0.025
13.281814,843.389,80.264,0.004
13.293424,,,0.000
13.305034,,,0.000
13.316644,,,0.000
13.328254,,,0.000
13.339864,,,0.000
13.351474,,,0.000
13.363084,,,0.000
13.374694,258.361,59.783,0.189
13.386304,250.797,59.268,0.256
13.397914,249.341,59.167,0.271
13.409524,239.204,58.449,0.343
13.421134,239.890,58.498,0.354
13.432744,237.783,58.346,0.358
13.444354,233.520,58.033,0.388
13.455964,228.532,57.659,0.441
13.467574,223.610,57.282,0.431
13.479184,205.994,55.861,0.469
13.490794,202.855,55.595,0.507
13.502404,202.487,55.564,0.521
13.514014,199.437,55.301,0.530
13.525624,201.742,55.500,0.556
13.537234,200.335,55.379,0.572
13.548844,212.118,56.368,0.595
13.560454,198.263,55.199,0.621
13.572063,221.413,57.111,0.644
13.583673,224.246,57.331,0.657
13.595283,227.173,57.555,0.692
13.606893,130.769,47.994,0.716
13.618503,79.891,39.463,0.731
13.630113,170.629,52.600,0.748
13.641723,172.274,52.766,0.761
13.653333,172.952,52.834,0.773
13.664943,173.498,52.889,0.781
13.676553,173.361,52.875,0.790
13.688163,173.663,52.905,0.790
13.699773,174.118,52.951,0.795
13.711383,174.583,52.997,0.798
13.722993,174.827,53.021,0.797
13.734603,174.925,53.031,0.792
13.746213,174.961,53.034,0.776
13.757823,175.086,53.047,0.771
13.769433,175.372,53.075,0.772
13.781043,175.641,53.102,0.770
13.792653,191.765,54.622,0.772
13.804263,194.465,54.864,0.779
13.815873,195.173,54.927,0.785
13.827483,195.392,54.946,0.797
13.839093,195.268,54.935,0.808
13.850703,195.439,54.951,0.798
13.862313,195.645,54.969,0.782
13.873923,195.768,54.980,0.765
13.885533,195.493,54.955,0.737
13.897143,195.030,54.914,0.697
13.908753,188.140,54.292,0.649
13.920363,174.167,52.956,0.553
13.931973,175.097,53.048,0.480
13.943583,214.024,56.523,0.538
13.955193,174.839,53.022,0.590
13.966803,973.906,82.755,0.629
13.978413,967.653,82.644,0.650
13.990023,174.181,52.957,0.667
14.001633,174.186,52.958,0.677
14.013243,174.212,52.960,0.686
14.024853,198.644,55.232,0.706
14.036463,199.030,55.266,0.719
14.048073,198.972,55.261,0.731
14.059683,198.457,55.216,0.750
14.071293,197.616,55.142,0.764
14.082902,197.110,55.098,0.776
14.094512,196.653,55.058,0.792
14.106122,196.354,55.031,0.809
14.117732,195.881,54.990,0.815
14.129342,195.434,54.950,0.820
14.140952,195.231,54.932,0.827
14.152562,195.138,54.924,0.829
14.164172,195.355,54.943,0.831
14.175782,195.518,54.958,0.834
14.187392,195.542,54.960,0.832
14.199002,195.568,54.962,0.831
14.210612,195.403,54.947,0.832
14.222222,195.759,54.979,0.835
14.233832,196.641,55.057,0.835
14.245442,200.812,55.420,0.833
14.257052,213.181,56.455,0.835
14.268662,215.096,56.610,0.837
14.280272,215.690,56.658,0.845
14.291882,216.330,56.709,0.844
14.303492,216.941,56.758,0.845
14.315102,217.526,56.804,0.843
14.326712,217.961,56.839,0.840
14.338322,218.311,56.867,0.840
14.349932,218.587,56.888,0.836
14.361542,219.094,56.929,0.829
14.373152,219.754,56.981,0.814
14.384762,220.196,57.015,0.796
14.396372,220.491,57.039,0.776
14.407982,220.746,57.059,0.753
14.419592,220.927,57.073,0.726
14.431202,220.554,57.044,0.718
14.442812,220.218,57.017,0.733
14.454422,220.823,57.065,0.748
14.466032,221.279,57.100,0.763
14.477642,221.451,57.114,0.783
14.489252,221.434,57.112,0.802
14.500862,221.212,57.095,0.817
14.512472,221.168,57.092,0.830
14.524082,221.087,57.085,0.830
14.535692,220.984,57.077,0.826
14.547302,220.851,57.067,0.818
14.558912,220.638,57.050,0.814
14.570522,220.404,57.032,0.803
14.582132,220.194,57.015,0.785
14.593741,220.043,57.003,0.764
14.605351,219.835,56.987,0.740
14.616961,219.496,56.960,0.719
14.628571,220.196,57.015,0.725
14.640181,222.029,57.159,0.740
14.651791,221.634,57.128,0.755
14.663401,221.539,57.121,0.775
14.675011,221.667,57.131,0.798
14.686621,221.788,57.140,0.814
14.698231,221.361,57.107,0.824
14.709841,221.293,57.101,0.823
14.721451,220.846,57.066,0.806
14.733061,220.610,57.048,0.784
14.744671,219.871,56.990,0.760
14.756281,222.803,57.219,0.753
14.767891,214.747,56.582,0.731
14.779501,214.050,56.525,0.725
14.791111,158.813,51.358,0.726
14.802721,931.050,81.976,0.749
14.814331,931.649,81.987,0.766
14.825941,936.981,82.086,0.786
14.837551,934.046,82.032,0.810
14.849161,927.615,81.912,0.808
14.860771,282.804,61.348,0.812
14.872381,282.344,61.319,0.809
14.883991,282.160,61.308,0.808
14.895601,282.462,61.327,0.795
14.907211,220.889,57.070,0.793
14.918821,198.955,55.259,0.799
14.930431,198.465,55.217,0.801
14.942041,197.943,55.171,0.812
14.953651,196.914,55.081,0.823
14.965261,196.416,55.037,0.837
14.976871,197.041,55.092,0.849
14.988481,197.199,55.106,0.862
15.000091,196.840,55.074,0.872
15.011701,195.879,54.989,0.872
15.023311,194.677,54.883,0.871
15.034921,194.406,54.859,0.871
15.046531,194.283,54.848,0.870
15.058141,194.409,54.859,0.865
15.069751,194.570,54.873,0.859
15.081361,194.871,54.900,0.850
15.092971,195.240,54.933,0.829
15.104580,195.637,54.968,0.809
15.116190,195.866,54.988,0.779
15.127800,195.317,54.940,0.745
15.139410,194.762,54.890,0.696
15.151020,193.782,54.803,0.632
15.162630,194.614,54.877,0.525
15.174240,202.212,55.540,0.352
15.185850,201.516,55.481,0.331
15.197460,201.240,55.457,0.332
15.209070,201.288,55.461,0.340
15.220680,207.293,55.970,0.425
15.232290,207.255,55.967,0.508
15.243900,206.031,55.864,0.552
15.255510,979.153,82.848,0.599
15.267120,1002.273,83.252,0.622
15.278730,979.879,82.861,0.633
15.290340,234.406,58.098,0.698
15.301950,233.577,58.037,0.757
15.313560,232.332,57.944,0.785
15.325170,222.932,57.229,0.802
15.336780,222.575,57.201,0.820
15.348390,220.943,57.074,0.839
15.360000,221.178,57.092,0.851
15.371610,220.326,57.026,0.863
15.383220,219.792,56.984,0.859
15.394830,218.471,56.879,0.852
15.406440,217.448,56.798,0.847
15.418050,217.146,56.774,0.846
15.429660,217.641,56.813,0.843
15.441270,219.095,56.929,0.836
15.452880,220.068,57.005,0.833
15.464490,220.258,57.020,0.828
15.476100,220.644,57.051,0.831
15.487710,220.698,57.055,0.829
15.499320,220.836,57.066,0.828
15.510930,220.332,57.026,0.823
15.522540,220.368,57.029,0.819
15.534150,220.695,57.055,0.813
15.545760,221.319,57.103,0.812
15.557370,221.907,57.149,0.818
15.568980,221.610,57.126,0.818
15.580590,221.180,57.093,0.826
15.592200,220.869,57.068,0.831
15.603810,220.388,57.030,0.840
15.615420,219.798,56.984,0.842
15.627029,218.714,56.899,0.849
15.638639,217.905,56.834,0.848
15.650249,217.451,56.798,0.846
15.661859,217.306,56.787,0.844
15.673469,217.295,56.786,0.837
15.685079,217.297,56.786,0.835
15.696689,218.648,56.893,0.829
15.708299,220.420,57.033,0.829
15.719909,221.464,57.115,0.820
15.731519,221.803,57.141,0.820
15.743129,222.054,57.161,0.814
15.754739,221.964,57.154,0.811
15.766349,221.558,57.122,0.806
15.777959,221.031,57.081,0.797
15.789569,220.583,57.046,0.790
15.801179,220.047,57.004,0.783
15.812789,219.803,56.984,0.781
15.824399,219.470,56.958,0.775
15.836009,219.296,56.945,0.774
15.847619,219.184,56.936,0.768
15.859229,219.094,56.929,0.760
15.870839,219.121,56.931,0.754
15.882449,219.434,56.955,0.748
15.894059,220.392,57.031,0.735
15.905669,220.935,57.073,0.718
15.917279,221.704,57.134,0.697
15.928889,223.098,57.242,0.668
15.940499,225.246,57.408,0.648
15.952109,226.888,57.534,0.633
15.963719,229.128,57.704,0.602
15.975329,231.119,57.854,0.554
15.986939,230.319,57.794,0.520
15.998549,229.446,57.728,0.496
16.010159,228.037,57.621,0.497
16.021769,226.902,57.535,0.495
16.033379,225.057,57.393,0.470
16.044989,224.361,57.340,0.419
16.056599,226.835,57.530,0.435
16.068209,236.069,58.220,0.481
16.079819,241.373,58.605,0.482
16.091429,242.029,58.652,0.506
16.103039,241.348,58.603,0.520
16.114649,241.153,58.589,0.539
16.126259,237.750,58.343,0.623
16.137868,224.892,57.381,0.672
16.149478,220.824,57.065,0.715
16.161088,219.932,56.995,0.741
16.172698,218.890,56.912,0.773
16.184308,218.724,56.899,0.792
16.195918,218.776,56.903,0.811
16.207528,218.882,56.912,0.825
16.219138,219.041,56.924,0.829
16.230748,219.538,56.964,0.837
16.242358,220.117,57.009,0.838
16.253968,220.550,57.043,0.844
16.265578,220.944,57.074,0.843
16.277188,220.848,57.067,0.846
16.288798,220.783,57.062,0.848
16.300408,220.404,57.032,0.847
16.312018,219.972,56.998,0.838
16.323628,218.263,56.863,0.824
16.335238,215.867,56.672,0.822
16.346848,212.780,56.422,0.813
16.358458,204.780,55.759,0.815
16.370068,196.847,55.075,0.819
16.381678,195.465,54.953,0.817
16.393288,195.507,54.957,0.822
16.404898,195.867,54.988,0.841
16.416508,196.166,55.015,0.853
16.428118,196.243,55.022,0.852
16.439728,196.333,55.030,0.855
16.451338,196.406,55.036,0.857
16.462948,196.436,55.039,0.850
16.474558,196.394,55.035,0.845
16.486168,196.254,55.023,0.842
16.497778,196.056,55.005,0.832
16.509388,195.801,54.983,0.820
16.520998,195.514,54.957,0.812
16.532608,195.146,54.925,0.806
16.544218,194.555,54.872,0.789
16.555828,193.903,54.814,0.787
16.567438,192.014,54.644,0.792
16.579048,182.610,53.775,0.792
16.590658,177.005,53.235,0.788
16.602268,176.170,53.154,0.794
16.613878,175.248,53.063,0.804
16.625488,174.394,52.978,0.805
16.637098,174.563,52.995,0.805
16.648707,174.978,53.036,0.795
16.660317,175.442,53.082,0.785
16.671927,175.854,53.122,0.774
16.683537,175.799,53.117,0.763
16.695147,175.741,53.111,0.742
16.706757,175.583,53.096,0.708
16.718367,175.506,53.088,0.670
16.729977,176.017,53.139,0.643
16.741587,176.668,53.202,0.615
16.753197,179.353,53.464,0.573
16.764807,182.201,53.736,0.582
16.776417,179.561,53.484,0.646
16.788027,178.102,53.342,0.695
16.799637,177.551,53.289,0.727
16.811247,176.901,53.225,0.748
16.822857,176.159,53.152,0.772
16.834467,175.412,53.079,0.789
16.846077,174.727,53.011,0.798
16.857687,173.732,52.912,0.801
16.869297,172.354,52.774,0.796
16.880907,171.428,52.681,0.789
16.892517,170.488,52.586,0.782
16.904127,170.807,52.618,0.783
16.915737,171.945,52.733,0.774
16.927347,173.647,52.904,0.766
16.938957,175.319,53.070,0.759
16.950567,176.207,53.157,0.751
16.962177,176.796,53.215,0.745
16.973787,177.165,53.251,0.743
16.985397,176.040,53.141,0.737
16.997007,174.448,52.984,0.716
17.008617,173.875,52.927,0.696
17.020227,173.037,52.843,0.675
17.031837,173.185,52.858,0.663
17.043447,173.428,52.882,0.637
17.055057,172.213,52.760,0.584
17.066667,172.228,52.762,0.505
17.078277,173.997,52.939,0.429
17.089887,173.334,52.873,0.394
17.101497,173.506,52.890,0.407
17.113107,191.551,54.603,0.435
17.124717,172.275,52.767,0.461
17.136327,173.071,52.846,0.477
17.147937,219.745,56.980,0.501
17.159546,173.746,52.914,0.521
17.171156,174.135,52.952,0.530
17.182766,174.201,52.959,0.536
17.194376,87.777,41.093,0.547
17.205986,193.005,54.734,0.555
17.217596,87.818,41.101,0.551
17.229206,87.808,41.099,0.545
17.240816,189.929,54.456,0.529
17.252426,190.071,54.468,0.508
17.264036,186.028,54.096,0.492
17.275646,185.590,54.055,0.480
17.287256,186.113,54.104,0.450
17.298866,186.941,54.181,0.403
17.310476,200.171,55.365,0.381
17.322086,198.456,55.216,0.390
17.333696,195.038,54.915,0.485
17.345306,180.128,53.538,0.544
17.356916,173.609,52.900,0.585
17.368526,175.696,53.107,0.644
17.380136,178.371,53.368,0.684
17.391746,184.041,53.910,0.705
17.403356,193.378,54.767,0.734
17.414966,195.318,54.940,0.762
17.426576,197.228,55.108,0.785
17.438186,198.209,55.194,0.805
17.449796,198.669,55.234,0.823
17.461406,198.767,55.243,0.835
17.473016,198.640,55.232,0.842
17.484626,198.975,55.261,0.849
17.496236,199.098,55.272,0.854
17.507846,198.758,55.242,0.856
17.519456,198.234,55.196,0.851
17.531066,197.809,55.159,0.847
17.542676,197.754,55.154,0.841
17.554286,198.524,55.222,0.827
17.565896,200.215,55.369,0.820
17.577506,202.848,55.595,0.818
17.589116,207.044,55.949,0.817
17.600726,211.037,56.280,0.814
17.612336,214.365,56.551,0.817
17.623946,217.352,56.790,0.820
17.635556,218.987,56.920,0.824
17.647166,219.230,56.939,0.836
17.658776,219.606,56.969,0.845
17.670385,219.749,56.980,0.850
17.681995,219.771,56.982,0.850
17.693605,220.007,57.001,0.853
17.705215,219.837,56.987,0.859
17.716825,219.832,56.987,0.865
17.728435,219.920,56.994,0.866
17.740045,220.131,57.010,0.865
17.751655,220.459,57.036,0.863
17.763265,220.221,57.017,0.861
17.774875,219.940,56.995,0.860
17.786485,220.038,57.003,0.859
17.798095,220.732,57.057,0.860
17.809705,220.998,57.078,0.854
17.821315,220.588,57.046,0.856
17.832925,220.604,57.047,0.857
17.844535,220.498,57.039,0.860
17.856145,220.427,57.034,0.862
17.867755,220.570,57.045,0.864
17.879365,220.514,57.040,0.864
17.890975,220.319,57.025,0.858
17.902585,220.266,57.021,0.858
17.914195,220.326,57.026,0.851
17.925805,220.285,57.022,0.848
17.937415,220.396,57.031,0.843
17.949025,220.180,57.014,0.838
17.960635,219.978,56.998,0.834
17.972245,219.926,56.994,0.830
17.983855,220.181,57.014,0.831
17.995465,220.357,57.028,0.827
18.007075,220.732,57.058,0.829
18.018685,221.252,57.098,0.825
18.030295,221.377,57.108,0.827
18.041905,221.555,57.122,0.827
18.053515,221.984,57.155,0.829
18.065125,222.068,57.162,0.840
18.076735,221.806,57.142,0.848
18.088345,221.411,57.111,0.858
18.099955,221.072,57.084,0.861
18.111565,220.752,57.059,0.867
18.123175,220.542,57.043,0.868
18.134785,220.215,57.017,0.873
18.146395,219.947,56.996,0.874
18.158005,219.605,56.969,0.870
18.169615,219.462,56.958,0.865
18.181224,219.367,56.950,0.857
18.192834,219.373,56.951,0.854
18.204444,219.488,56.960,0.846
18.216054,219.719,56.978,0.841
18.227664,220.130,57.010,0.829
18.239274,220.324,57.026,0.818
18.250884,220.459,57.036,0.798
18.262494,220.515,57.040,0.771
18.274104,220.718,57.056,0.746
18.285714,221.195,57.094,0.712
18.297324,221.470,57.115,0.679
18.308934,221.363,57.107,0.632
18.320544,219.708,56.977,0.579
18.332154,220.335,57.026,0.522
18.343764,220.604,57.047,0.489
18.355374,220.277,57.022,0.487
18.366984,219.906,56.993,0.473
18.378594,219.821,56.986,0.461
18.390204,219.724,56.978,0.456
18.401814,219.446,56.956,0.450
18.413424,219.212,56.938,0.440
18.425034,219.045,56.925,0.533
18.436644,218.776,56.903,0.559
18.448254,218.682,56.896,0.576
18.459864,218.787,56.904,0.597
18.471474,251.361,59.307,0.720
18.483084,249.112,59.151,0.773
18.494694,248.096,59.081,0.807
18.506304,246.921,58.999,0.830
18.517914,244.721,58.844,0.843
18.529524,243.584,58.763,0.857
18.541134,239.926,58.501,0.871
18.552744,236.314,58.238,0.883
18.564354,235.166,58.154,0.874
18.575964,234.826,58.129,0.864
18.587574,234.744,58.123,0.858
18.599184,235.679,58.192,0.853
18.610794,244.129,58.802,0.847
18.622404,250.160,59.224,0.845
18.634014,252.937,59.415,0.839
18.645624,255.947,59.620,0.830
18.657234,259.231,59.841,0.825
18.668844,261.105,59.965,0.823
18.680454,262.447,60.054,0.816
18.692063,262.627,60.066,0.809
18.703673,262.571,60.062,0.795
18.715283,262.339,60.047,0.768
18.726893,261.523,59.993,0.745
18.738503,257.673,59.736,0.716
18.750113,256.618,59.665,0.674
18.761723,254.816,59.543,0.622
18.773333,241.091,58.585,0.556
18.784943,231.456,57.879,0.421
18.796553,236.790,58.273,0.398
18.808163,224.339,57.338,0.488
18.819773,223.566,57.278,0.594
18.831383,179.009,53.430,0.651
18.842993,185.661,54.062,0.694
18.854603,910.824,81.596,0.732
18.866213,908.685,81.555,0.750
18.877823,909.112,81.563,0.768
18.889433,908.302,81.548,0.777
18.901043,908.513,81.552,0.783
18.912653,136.270,48.708,0.771
18.924263,136.254,48.706,0.760
18.935873,276.272,60.943,0.780
18.947483,267.906,60.411,0.789
18.959093,268.200,60.430,0.810
18.970703,269.136,60.490,0.821
18.982313,263.947,60.153,0.840
18.993923,262.500,60.058,0.849
19.005533,262.713,60.072,0.864
19.017143,261.116,59.966,0.880
19.028753,254.581,59.527,0.875
19.040363,252.199,59.365,0.869
19.051973,251.238,59.299,0.861
19.063583,250.639,59.257,0.855
19.075193,250.422,59.242,0.845
19.086803,250.859,59.272,0.839
19.098413,254.010,59.489,0.830
19.110023,259.132,59.834,0.813
19.121633,265.656,60.265,0.805
19.133243,266.445,60.316,0.798
19.144853,266.485,60.319,0.793
19.156463,265.775,60.272,0.790
19.168073,264.786,60.208,0.784
19.179683,261.078,59.964,0.782
19.191293,258.922,59.820,0.780
19.202902,257.815,59.746,0.777
19.214512,256.947,59.688,0.776
19.226122,256.337,59.646,0.774
19.237732,256.376,59.649,0.764
19.249342,257.595,59.731,0.758
19.260952,260.655,59.936,0.752
19.272562,263.587,60.129,0.747
19.284172,265.086,60.227,0.737
19.295782,265.951,60.284,0.727
19.307392,266.574,60.324,0.711
19.319002,266.167,60.298,0.698
19.330612,265.033,60.224,0.687
19.342222,263.830,60.145,0.669
19.353832,262.455,60.055,0.643
19.365442,261.867,60.016,0.613
19.377052,260.021,59.893,0.584
19.388662,258.829,59.814,0.548
19.400272,257.097,59.698,0.528
19.411882,257.960,59.756,0.498
19.423492,258.290,59.778,0.484
19.435102,261.170,59.970,0.454
19.446712,260.016,59.893,0.422
19.458322,260.981,59.957,0.369
19.469932,249.608,59.186,0.319
19.481542,247.895,59.067,0.259
19.493152,250.402,59.241,0.222
19.504762,250.870,59.273,0.226
19.516372,249.853,59.203,0.253
19.527982,262.770,60.076,0.279
19.539592,262.561,60.062,0.317
19.551202,263.809,60.144,0.349
19.562812,263.077,60.096,0.383
19.574422,267.325,60.373,0.408
19.586032,252.423,59.380,0.431
19.597642,263.224,60.105,0.454
19.609252,129.615,47.841,0.470
19.620862,253.268,59.438,0.483
19.632472,285.735,61.526,0.500
19.644082,248.042,59.077,0.515
19.655692,116.749,46.031,0.536
19.667302,116.776,46.035,0.550
19.678912,247.393,59.032,0.561
19.690522,140.393,49.224,0.570
19.702132,562.092,73.240,0.579
19.713741,562.125,73.241,0.586
19.725351,286.773,61.589,0.587
19.736961,452.556,69.487,0.585
19.748571,451.312,69.439,0.571
19.760181,450.495,69.408,0.557
19.771791,449.682,69.377,0.540
19.783401,286.294,61.560,0.517
19.795011,286.814,61.591,0.486
19.806621,87.951,41.127,0.450
19.818231,125.889,47.336,0.407
19.829841,258.987,59.824,0.355
19.841451,1002.273,83.252,0.517
19.853061,143.314,49.580,0.581
19.864671,758.313,78.423,0.706
19.876281,373.772,66.176,0.736
19.887891,373.732,66.174,0.752
19.899501,281.563,61.271,0.770
19.911111,249.560,59.183,0.815
19.922721,251.652,59.327,0.846
19.934331,252.915,59.414,0.860
19.945941,253.221,59.435,0.874
19.957551,261.747,60.008,0.874
19.969161,260.390,59.918,0.883
19.980771,260.676,59.937,0.893
19.992381,261.149,59.968,0.902
20.003991,261.789,60.011,0.896
20.015601,261.998,60.025,0.891
20.027211,262.060,60.029,0.889
20.038821,262.058,60.029,0.886
20.050431,262.077,60.030,0.880
20.062041,262.217,60.039,0.876
20.073651,262.325,60.046,0.871
20.085261,262.253,60.041,0.861
20.096871,262.242,60.041,0.852
20.108481,262.722,60.072,0.846
20.120091,274.679,60.843,0.850
20.131701,288.545,61.696,0.852
20.143311,292.062,61.905,0.858
20.154921,292.643,61.940,0.865
20.166531,292.826,61.950,0.869
20.178141,293.165,61.970,0.878
20.189751,293.497,61.990,0.882
20.201361,293.938,62.016,0.877
20.212971,293.989,62.019,0.862
20.224580,293.536,61.992,0.844
20.236190,293.299,61.978,0.816
20.247800,293.964,62.018,0.780
20.259410,294.862,62.070,0.739
20.271020,296.184,62.148,0.673
20.282630,295.503,62.108,0.596
20.294240,283.655,61.400,0.534
20.305850,84.886,40.513,0.539
20.317460,299.512,62.341,0.578
20.329070,301.608,62.462,0.629
20.340680,114.868,45.750,0.670
20.352290,302.110,62.491,0.702
20.363900,316.442,63.293,0.762
20.375510,323.297,63.664,0.793
20.387120,328.112,63.920,0.814
20.398730,332.028,64.126,0.833
20.410340,332.310,64.140,0.848
20.421950,332.220,64.136,0.860
20.433560,331.684,64.108,0.871
20.445170,330.947,64.069,0.881
20.456780,330.589,64.050,0.878
20.468390,330.590,64.050,0.877
20.480000,329.740,64.006,0.875
20.491610,328.886,63.961,0.872
20.503220,328.616,63.947,0.868
20.514830,328.599,63.946,0.864
20.526440,329.283,63.982,0.858
20.538050,330.404,64.041,0.849
20.549660,331.295,64.087,0.837
20.561270,331.863,64.117,0.828
20.572880,332.321,64.141,0.819
20.584490,332.644,64.158,0.810
20.596100,332.824,64.167,0.801
20.607710,332.765,64.164,0.794
20.619320,331.060,64.075,0.790
20.630930,330.458,64.044,0.793
20.642540,331.534,64.100,0.802
20.654150,332.366,64.143,0.806
20.665760,332.763,64.164,0.806
20.677370,332.925,64.172,0.809
20.688980,332.720,64.162,0.811
20.700590,332.373,64.144,0.812
20.712200,332.042,64.126,0.811
20.723810,331.423,64.094,0.806
20.735420,330.319,64.036,0.800
20.747029,329.373,63.987,0.798
20.758639,328.542,63.943,0.800
20.770249,327.888,63.908,0.802
20.781859,327.710,63.899,0.803
20.793469,327.816,63.905,0.804
20.805079,328.087,63.919,0.807
20.816689,328.923,63.963,0.810
20.828299,329.879,64.013,0.812
20.839909,331.034,64.074,0.814
20.851519,331.917,64.120,0.815
20.863129,332.259,64.138,0.817
20.874739,332.052,64.127,0.818
20.886349,331.592,64.103,0.820
20.897959,330.823,64.063,0.819
20.909569,330.064,64.023,0.823
20.921179,329.368,63.986,0.826
20.932789,328.365,63.934,0.831
20.944399,327.239,63.874,0.839
20.956009,313.723,63.144,0.844
20.967619,307.434,62.793,0.845
20.979229,305.702,62.695,0.846
20.990839,295.198,62.090,0.842
21.002449,293.990,62.019,0.841
21.014059,293.448,61.987,0.837
21.025669,293.183,61.972,0.824
21.037279,293.440,61.987,0.801
21.048889,294.413,62.044,0.773
21.060499,295.428,62.104,0.749
21.072109,296.938,62.192,0.714
21.083719,297.974,62.252,0.681
21.095329,299.182,62.322,0.614
21.106939,311.593,63.026,0.513
21.118549,328.325,63.931,0.449
21.130159,327.946,63.911,0.431
21.141769,327.414,63.883,0.430
21.153379,327.921,63.910,0.398
21.164989,314.979,63.213,0.474
21.176599,331.272,64.086,0.514
21.188209,333.965,64.226,0.565
21.199819,333.471,64.201,0.666
21.211429,294.929,62.074,0.706
21.223039,294.367,62.041,0.737
21.234649,293.819,62.009,0.760
21.246259,293.561,61.994,0.778
21.257868,293.600,61.996,0.782
21.269478,293.609,61.997,0.779
21.281088,293.354,61.982,0.770
21.292698,293.144,61.969,0.736
21.304308,292.668,61.941,0.705
21.315918,292.282,61.918,0.663
21.327528,292.260,61.917,0.604
21.339138,301.994,62.484,0.542
21.350748,110.796,45.125,0.554
21.362358,165.569,52.079,0.633
21.373968,165.614,52.084,0.680
21.385578,922.814,81.822,0.718
21.397188,920.894,81.786,0.756
21.408798,920.378,81.777,0.775
21.420408,920.099,81.771,0.792
21.432018,918.610,81.743,0.798
21.443628,85.858,40.710,0.796
21.455238,85.847,40.708,0.783
21.466848,269.058,60.485,0.781
21.478458,286.059,61.546,0.787
21.490068,289.613,61.759,0.789
21.501678,294.526,62.051,0.799
21.513288,294.453,62.046,0.806
21.524898,293.890,62.013,0.818
21.536508,294.224,62.033,0.829
21.548118,294.250,62.034,0.842
21.559728,294.211,62.032,0.850
21.571338,294.082,62.025,0.849
21.582948,293.859,62.011,0.849
21.594558,293.686,62.001,0.849
21.606168,293.625,61.998,0.850
21.617778,293.378,61.983,0.852
21.629388,293.180,61.971,0.852
21.640998,293.101,61.967,0.855
21.652608,293.036,61.963,0.855
21.664218,292.919,61.956,0.854
21.675828,292.543,61.934,0.854
21.687438,292.012,61.902,0.854
21.699048,291.162,61.852,0.855
21.710658,289.935,61.779,0.852
21.722268,288.706,61.705,0.847
21.733878,287.330,61.622,0.841
21.745488,285.671,61.522,0.838
21.757098,283.578,61.395,0.835
21.768707,280.918,61.232,0.835
21.780317,274.844,60.853,0.832
21.791927,250.530,59.250,0.832
21.803537,225.102,57.397,0.832
21.815147,220.746,57.059,0.840
21.826757,219.136,56.932,0.841
21.838367,218.459,56.878,0.844
21.849977,218.539,56.885,0.847
21.861587,219.686,56.975,0.846
21.873197,219.999,57.000,0.845
21.884807,220.173,57.014,0.839
21.896417,220.369,57.029,0.836
21.908027,220.557,57.044,0.828
21.919637,220.688,57.054,0.824
21.931247,220.869,57.068,0.814
21.942857,220.761,57.060,0.803
21.954467,220.727,57.057,0.787
21.966077,220.951,57.075,0.772
21.977687,221.416,57.111,0.759
21.989297,221.416,57.111,0.755
22.000907,225.165,57.402,0.758
22.012517,218.693,56.897,0.748
22.024127,204.135,55.704,0.743
22.035737,218.719,56.899,0.757
22.047347,225.007,57.390,0.779
22.058957,219.233,56.940,0.797
22.070567,219.063,56.926,0.815
22.082177,219.878,56.990,0.823
22.093787,220.280,57.022,0.832
22.105397,219.586,56.967,0.842
22.117007,219.387,56.952,0.852
22.128617,219.183,56.936,0.852
22.140227,219.109,56.930,0.853
22.151837,219.328,56.947,0.851
22.163447,219.700,56.976,0.849
22.175057,219.911,56.993,0.848
22.186667,220.103,57.008,0.843
22.198277,220.356,57.028,0.844
22.209887,220.494,57.039,0.839
22.221497,220.284,57.022,0.840
22.233107,219.915,56.993,0.836
22.244717,218.972,56.919,0.833
22.256327,217.222,56.780,0.830
22.267937,213.811,56.506,0.830
22.279546,208.124,56.039,0.829
22.291156,201.084,55.444,0.828
22.302766,198.652,55.233,0.835
22.314376,196.796,55.070,0.836
22.325986,196.423,55.038,0.838
22.337596,196.605,55.054,0.842
22.349206,196.991,55.088,0.844
22.360816,197.310,55.116,0.839
22.372426,197.449,55.128,0.839
22.384036,197.541,55.136,0.837
22.395646,197.327,55.117,0.829
22.407256,196.929,55.082,0.823
22.418866,196.528,55.047,0.817
22.430476,196.055,55.005,0.812
22.442086,195.780,54.981,0.803
22.453696,195.525,54.958,0.799
22.465306,195.768,54.980,0.796
22.476916,196.314,55.028,0.790
22.488526,197.512,55.133,0.792
22.500136,201.295,55.462,0.799
22.511746,206.777,55.927,0.806
22.523356,212.362,56.388,0.811
22.534966,215.208,56.619,0.825
22.546576,216.367,56.712,0.832
22.558186,217.269,56.784,0.838
22.569796,217.712,56.819,0.839
22.581406,218.306,56.866,0.842
22.593016,218.253,56.862,0.841
22.604626,218.089,56.849,0.842
22.616236,218.300,56.866,0.841
22.627846,218.775,56.903,0.840
22.639456,219.269,56.942,0.842
22.651066,219.851,56.988,0.843
22.662676,220.297,57.023,0.849
22.674286,220.670,57.053,0.847
22.685896,220.774,57.061,0.846
22.697506,220.665,57.052,0.832
22.709116,220.755,57.059,0.817
22.720726,220.909,57.071,0.792
22.732336,220.862,57.068,0.765
22.743946,220.548,57.043,0.729
22.755556,219.908,56.993,0.687
22.767166,219.008,56.922,0.643
22.778776,204.485,55.734,0.616
22.790385,220.114,57.009,0.635
22.801995,219.154,56.933,0.668
22.813605,207.626,55.998,0.697
22.825215,207.802,56.012,0.716
22.836825,99.849,43.324,0.729
22.848435,198.839,55.249,0.736
22.860045,198.819,55.247,0.743
22.871655,198.483,55.218,0.736
22.883265,187.076,54.193,0.726
22.894875,211.537,56.321,0.721
22.906485,197.562,55.138,0.732
22.918095,198.212,55.194,0.749
22.929705,197.431,55.126,0.776
22.941315,197.971,55.173,0.796
22.952925,196.216,55.019,0.809
22.964535,195.966,54.997,0.824
22.976145,195.954,54.996,0.839
22.987755,196.055,55.005,0.847
22.999365,195.904,54.992,0.849
23.010975,196.228,55.020,0.853
23.022585,196.349,55.031,0.852
23.034195,196.273,55.024,0.850
23.045805,196.320,55.028,0.849
23.057415,196.108,55.010,0.853
23.069025,195.180,54.928,0.856
23.080635,194.261,54.846,0.862
23.092245,193.408,54.770,0.854
23.103855,192.335,54.673,0.840
23.115465,191.213,54.572,0.833
23.127075,189.401,54.407,0.827
23.138685,183.979,53.904,0.824
23.150295,181.177,53.639,0.821
23.161905,177.316,53.266,0.817
23.173515,175.534,53.091,0.804
23.185125,175.572,53.095,0.813
23.196735,175.973,53.134,0.827
23.208345,175.430,53.081,0.825
23.219955,174.997,53.038,0.825
23.231565,174.454,52.984,0.824
23.243175,173.088,52.848,0.814
23.254785,172.434,52.783,0.799
23.266395,172.222,52.761,0.794
23.278005,172.383,52.777,0.791
23.289615,172.183,52.757,0.775
23.301224,172.654,52.805,0.768
23.312834,172.964,52.836,0.766
23.324444,173.680,52.907,0.772
23.336054,172.308,52.770,0.777
23.347664,171.452,52.684,0.783
23.359274,170.426,52.580,0.774
23.370884,169.320,52.467,0.756
23.382494,169.079,52.442,0.745
23.394104,168.513,52.384,0.731
23.405714,167.860,52.317,0.708
23.417324,167.908,52.322,0.656
23.428934,170.292,52.566,0.598
23.440544,185.304,54.029,0.530
23.452154,186.811,54.169,0.529
23.463764,168.440,52.377,0.555
23.475374,168.350,52.367,0.568
23.486984,168.129,52.345,0.585
23.498594,207.981,56.027,0.597
23.510204,207.815,56.014,0.610
23.521814,207.798,56.012,0.621
23.533424,207.905,56.021,0.630
23.545034,207.905,56.021,0.632
23.556644,208.019,56.031,0.633
23.568254,845.704,80.312,0.630
23.579864,842.944,80.255,0.622
23.591474,843.337,80.263,0.614
23.603084,843.999,80.277,0.601
23.614694,847.744,80.353,0.579
23.626304,850.825,80.416,0.549
23.637914,83.833,40.297,0.521
23.649524,195.013,54.913,0.479
23.661134,195.217,54.931,0.434
23.672744,173.719,52.911,0.422
23.684354,235.204,58.157,0.461
23.695964,134.057,48.424,0.525
23.707574,143.781,49.636,0.615
23.719184,145.037,49.787,0.704
23.730794,161.283,51.625,0.748
23.742404,168.413,52.374,0.778
23.754014,174.645,53.003,0.806
23.765624,174.768,53.015,0.825
23.777234,174.964,53.035,0.839
23.788844,175.023,53.040,0.851
23.800454,174.596,52.998,0.857
23.812063,174.900,53.028,0.853
23.823673,174.894,53.028,0.852
23.835283,173.679,52.907,0.848
23.846893,171.622,52.701,0.840
23.858503,174.776,53.016,0.834
23.870113,170.236,52.560,0.828
23.881723,170.756,52.613,0.818
23.893333,170.699,52.607,0.807
23.904943,176.426,53.179,0.794
23.916553,164.410,51.958,0.775
23.928163,88.155,41.167,0.760
23.939773,232.231,57.937,0.740
23.951383,190.185,54.479,0.734
23.962993,176.764,53.212,0.742
23.974603,176.733,53.209,0.763
23.986213,176.613,53.197,0.773
23.997823,175.336,53.071,0.783
24.009433,175.714,53.109,0.794
24.021043,175.527,53.090,0.808
24.032653,175.486,53.086,0.818
24.044263,175.437,53.081,0.820
24.055873,175.299,53.068,0.814
24.067483,175.007,53.039,0.804
24.079093,174.930,53.031,0.802
24.090703,174.855,53.024,0.803
24.102313,174.472,52.986,0.808
24.113923,171.291,52.667,0.814
24.125533,167.632,52.293,0.825
24.137143,166.627,52.189,0.833
24.148753,167.250,52.254,0.840
24.160363,167.764,52.307,0.848
24.171973,171.416,52.680,0.850
24.183583,173.225,52.862,0.854
24.195193,188.533,54.328,0.853
24.206803,193.335,54.763,0.851
24.218413,196.463,55.041,0.850
24.230023,196.657,55.058,0.848
24.241633,196.690,55.061,0.845
24.253243,196.641,55.057,0.843
24.264853,196.673,55.060,0.842
24.276463,196.543,55.048,0.836
24.288073,196.569,55.050,0.840
24.299683,196.478,55.042,0.833
24.311293,196.842,55.074,0.823
24.322902,197.910,55.168,0.809
24.334512,200.080,55.357,0.801
24.346122,202.450,55.561,0.783
24.357732,205.864,55.850,0.772
24.369342,211.470,56.315,0.779
24.380952,216.481,56.721,0.764
24.392562,219.001,56.921,0.765
24.404172,221.740,57.136,0.768
24.415782,222.240,57.175,0.775
24.427392,224.334,57.338,0.783
24.439002,225.210,57.405,0.802
24.450612,226.087,57.473,0.813
24.462222,228.578,57.662,0.818
24.473832,229.017,57.695,0.828
24.485442,230.313,57.793,0.839
24.497052,230.956,57.841,0.848
24.508662,230.566,57.812,0.853
24.520272,230.417,57.801,0.850
24.531882,229.332,57.719,0.845
24.543492,227.581,57.587,0.837
24.555102,226.670,57.517,0.829
24.566712,231.469,57.880,0.831
24.578322,232.515,57.958,0.831
24.589932,232.774,57.977,0.829
24.601542,232.880,57.985,0.831
24.613152,233.116,58.003,0.836
24.624762,233.312,58.017,0.841
24.636372,233.334,58.019,0.847
24.647982,233.410,58.024,0.848
24.659592,233.326,58.018,0.843
24.671202,233.449,58.027,0.835
24.682812,233.602,58.039,0.831
24.694422,233.680,58.044,0.828
24.706032,233.740,58.049,0.819
24.717642,233.835,58.056,0.799
24.729252,233.994,58.068,0.780
24.740862,234.044,58.071,0.757
24.752472,234.036,58.071,0.722
24.764082,233.601,58.039,0.684
24.775692,232.501,57.957,0.630
24.787302,227.248,57.561,0.532
24.798912,228.920,57.688,0.409
24.810522,229.398,57.724,0.388
24.822132,230.655,57.819,0.566
24.833741,240.496,58.542,0.681
24.845351,239.028,58.436,0.745
24.856961,237.973,58.360,0.786
24.868571,237.141,58.299,0.816
24.880181,236.282,58.236,0.839
24.891791,235.534,58.181,0.857
24.903401,234.877,58.133,0.872
24.915011,234.189,58.082,0.877
24.926621,233.030,57.996,0.874
24.938231,232.094,57.926,0.868
24.949841,231.291,57.866,0.857
24.961451,230.623,57.816,0.848
24.973061,230.335,57.795,0.839
24.984671,230.438,57.803,0.831
24.996281,230.662,57.819,0.823
25.007891,231.295,57.867,0.820
25.019501,232.056,57.924,0.815
25.031111,232.556,57.961,0.813
25.042721,232.762,57.976,0.817
25.054331,232.880,57.985,0.820
25.065941,232.948,57.990,0.821
25.077551,232.900,57.987,0.820
25.089161,232.777,57.977,0.821
25.100771,232.516,57.958,0.820
25.112381,232.257,57.939,0.817
25.123991,232.249,57.938,0.816
25.135601,232.414,57.950,0.814
25.147211,232.798,57.979,0.809
25.158821,233.266,58.014,0.808
25.170431,233.713,58.047,0.807
25.182041,234.034,58.071,0.806
25.193651,234.257,58.087,0.800
25.205261,234.427,58.100,0.788
25.216871,234.643,58.116,0.778
25.228481,234.775,58.125,0.773
25.240091,234.855,58.131,0.770
25.251701,234.670,58.118,0.765
25.263311,234.140,58.078,0.761
25.274921,233.847,58.057,0.756
25.286531,233.814,58.054,0.755
25.298141,233.664,58.043,0.766
25.309751,233.543,58.034,0.770
25.321361,233.180,58.007,0.770
25.332971,232.912,57.987,0.772
25.344580,232.781,57.978,0.770
25.356190,232.747,57.975,0.762
25.367800,232.791,57.978,0.756
25.379410,233.115,58.002,0.760
25.391020,234.470,58.103,0.768
25.402630,239.445,58.466,0.777
25.414240,245.485,58.898,0.779
25.425850,248.729,59.125,0.783
25.437460,253.845,59.477,0.796
25.449070,257.995,59.758,0.802
25.460680,259.133,59.834,0.810
25.472290,259.840,59.881,0.817
25.483900,260.669,59.937,0.813
25.495510,261.098,59.965,0.805
25.507120,260.610,59.933,0.810
25.518730,260.186,59.904,0.806
25.530340,259.983,59.891,0.785
25.541950,259.779,59.877,0.770
25.553560,259.966,59.890,0.746
25.565170,260.452,59.922,0.707
25.576780,260.014,59.893,0.674
25.588390,259.251,59.842,0.639
25.600000,259.348,59.849,0.550
25.611610,245.840,58.923,0.468
25.623220,230.752,57.826,0.458
25.634830,231.467,57.880,0.494
25.646440,231.845,57.908,0.511
25.658050,231.850,57.908,0.520
25.669660,178.581,53.389,0.606
25.681270,178.556,53.386,0.675
25.692880,177.930,53.326,0.722
25.704490,177.512,53.285,0.749
25.716100,176.878,53.223,0.772
25.727710,176.145,53.151,0.788
25.739320,175.550,53.093,0.804
25.750930,175.317,53.070,0.822
25.762540,174.965,53.035,0.825
25.774150,174.514,52.990,0.822
25.785760,173.682,52.907,0.819
25.797370,172.486,52.788,0.813
25.808980,169.710,52.507,0.807
25.820590,169.216,52.456,0.799
25.832200,169.073,52.442,0.791
25.843810,168.638,52.397,0.779
25.855420,169.950,52.531,0.775
25.867029,172.379,52.777,0.775
25.878639,174.651,53.004,0.782
25.890249,176.010,53.138,0.793
25.901859,175.590,53.096,0.806
25.913469,175.410,53.079,0.819
25.925079,174.188,52.958,0.830
25.936689,172.673,52.807,0.839
25.948299,171.829,52.722,0.845
25.959909,171.291,52.667,0.846
25.971519,171.093,52.647,0.840
25.983129,171.011,52.639,0.832
25.994739,171.163,52.654,0.821
26.006349,172.719,52.811,0.810
26.017959,174.326,52.971,0.799
26.029569,176.765,53.212,0.787
26.041179,177.394,53.273,0.775
26.052789,177.636,53.297,0.768
26.064399,177.422,53.276,0.769
26.076009,175.916,53.129,0.777
26.087619,173.699,52.909,0.785
26.099229,172.813,52.821,0.793
26.110839,172.159,52.755,0.800
26.122449,172.055,52.744,0.806
26.134059,172.160,52.755,0.809
26.145669,172.647,52.804,0.810
26.157279,173.806,52.920,0.806
26.168889,174.769,53.015,0.796
26.180499,175.540,53.092,0.780
26.192109,175.944,53.131,0.762
26.203719,176.176,53.154,0.742
26.215329,175.661,53.104,0.720
26.226939,174.677,53.006,0.695
26.238549,173.366,52.876,0.669
26.250159,172.762,52.815,0.640
26.261769,84.964,40.529,0.610
26.273379,84.752,40.486,0.586
26.284989,84.772,40.490,0.563
26.296599,85.128,40.562,0.531
26.308209,85.365,40.610,0.487
26.319819,180.021,53.528,0.448
26.331429,181.724,53.691,0.426
26.343039,180.395,53.564,0.416
26.354649,178.642,53.395,0.420
26.366259,177.244,53.259,0.417
26.377868,176.527,53.189,0.407
26.389478,175.572,53.095,0.404
26.401088,174.983,53.037,0.402
26.412698,174.788,53.017,0.388
26.424308,173.591,52.898,0.367
26.435918,174.999,53.038,0.343
26.447528,175.045,53.043,0.302
26.459138,175.375,53.075,0.288
26.470748,87.195,40.978,0.298
26.482358,87.208,40.980,0.300
26.493968,87.176,40.974,0.299
26.505578,86.907,40.921,0.302
26.517188,179.010,53.430,0.308
26.528798,86.217,40.783,0.300
26.540408,86.370,40.813,0.304
26.552018,180.214,53.547,0.325
26.563628,86.677,40.875,0.337
26.575238,86.782,40.896,0.347
26.586848,180.383,53.563,0.361
26.598458,86.771,40.893,0.371
26.610068,87.027,40.944,0.370
26.621678,175.869,53.124,0.373
26.633288,86.559,40.851,0.375
26.644898,86.353,40.810,0.368
26.656508,174.297,52.969,0.367
26.668118,175.256,53.064,0.371
26.679728,175.256,53.064,0.370
26.691338,175.228,53.061,0.367
26.702948,174.871,53.025,0.372
26.714558,84.117,40.356,0.374
26.726168,168.462,52.379,0.377
26.737778,84.073,40.347,0.382
26.749388,86.288,40.797,0.384
26.760998,90.270,41.578,0.389
26.772608,177.140,53.249,0.390
26.784218,176.893,53.224,0.394
26.795828,176.147,53.151,0.393
26.807438,175.887,53.126,0.386
26.819048,176.327,53.169,0.374
26.830658,175.269,53.065,0.367
26.842268,175.144,53.052,0.354
26.853878,174.447,52.983,0.332
26.865488,87.865,41.110,0.313
26.877098,174.545,52.993,0.281
26.888707,86.838,40.907,0.247
26.900317,172.977,52.837,0.224
26.911927,172.720,52.811,0.203
26.923537,211.988,56.358,0.435
26.935147,183.964,53.903,0.527
26.946757,168.741,52.408,0.610
26.958367,168.188,52.351,0.679
26.969977,169.671,52.503,0.733
26.981587,172.539,52.793,0.773
26.993197,173.840,52.923,0.805
27.004807,174.540,52.993,0.832
27.016417,174.556,52.994,0.847
27.028027,174.863,53.025,0.858
27.039637,175.153,53.053,0.863
27.051247,175.198,53.058,0.865
27.062857,175.066,53.045,0.861
27.074467,174.918,53.030,0.861
27.086077,174.480,52.987,0.868
27.097687,174.528,52.991,0.871
27.109297,174.524,52.991,0.878
27.120907,174.439,52.983,0.884
27.132517,174.402,52.979,0.890
27.144127,174.422,52.981,0.895
27.155737,174.456,52.984,0.903
27.167347,174.555,52.994,0.907
27.178957,174.640,53.003,0.904
27.190567,174.562,52.995,0.905
27.202177,174.542,52.993,0.906
27.213787,174.525,52.991,0.908
27.225397,174.440,52.983,0.911
27.237007,174.462,52.985,0.915
27.248617,174.443,52.983,0.915
27.260227,174.330,52.972,0.916
27.271837,174.276,52.966,0.918
27.283447,174.255,52.964,0.918
27.295057,174.352,52.974,0.917
27.306667,174.579,52.997,0.915
27.318277,174.872,53.026,0.910
27.329887,175.317,53.070,0.902
27.341497,175.561,53.094,0.885
27.353107,175.811,53.118,0.865
27.364717,176.453,53.181,0.840
27.376327,176.863,53.222,0.811
27.387937,176.531,53.189,0.779
27.399546,173.725,52.912,0.745
27.411156,173.620,52.901,0.718
27.422766,180.581,53.582,0.705
27.434376,180.731,53.596,0.727
27.445986,180.738,53.597,0.746
27.457596,319.934,63.483,0.763
27.469206,107.664,44.628,0.778
27.480816,107.687,44.632,0.783
27.492426,107.697,44.634,0.780
27.504036,107.734,44.640,0.771
27.515646,88.230,41.182,0.759
27.527256,744.642,78.109,0.748
27.538866,740.922,78.022,0.743
27.550476,88.160,41.168,0.732
27.562086,173.425,52.882,0.729
27.573696,173.235,52.863,0.751
27.585306,173.822,52.921,0.783
27.596916,174.003,52.939,0.815
27.608526,174.459,52.985,0.835
27.620136,189.673,54.432,0.851
27.631746,190.094,54.471,0.861
27.643356,191.576,54.605,0.872
27.654966,193.518,54.780,0.878
27.666576,194.352,54.854,0.877
27.678186,195.097,54.920,0.871
27.689796,195.871,54.989,0.865
27.701406,196.130,55.012,0.863
27.713016,196.550,55.049,0.858
27.724626,197.534,55.135,0.856
27.736236,206.440,55.899,0.855
27.747846,212.775,56.422,0.858
27.759456,218.267,56.863,0.865
27.771066,219.943,56.996,0.870
27.782676,220.149,57.012,0.876
27.794286,220.224,57.018,0.879
27.805896,220.009,57.001,0.886
27.817506,219.911,56.993,0.891
27.829116,219.715,56.978,0.892
27.840726,219.610,56.969,0.893
27.852336,219.575,56.967,0.886
27.863946,219.605,56.969,0.883
27.875556,219.650,56.972,0.874
27.887166,219.903,56.992,0.865
27.898776,220.483,57.038,0.848
27.910385,220.873,57.069,0.831
27.921995,220.787,57.062,0.822
27.933605,220.915,57.072,0.809
27.945215,220.665,57.052,0.796
27.956825,220.599,57.047,0.772
27.968435,251.303,59.303,0.758
27.980045,265.350,60.245,0.761
27.991655,265.029,60.224,0.783
28.003265,265.159,60.232,0.809
28.014875,263.131,60.099,0.823
28.026485,261.365,59.983,0.833
28.038095,260.612,59.933,0.846
28.049705,260.034,59.894,0.858
28.061315,259.466,59.857,0.866
28.072925,258.978,59.824,0.868
28.084535,258.705,59.806,0.866
28.096145,258.441,59.788,0.857
28.107755,258.402,59.785,0.848
28.119365,258.535,59.794,0.842
28.130975,259.123,59.834,0.837
28.142585,260.143,59.902,0.831
28.154195,261.233,59.974,0.824
28.165805,261.972,60.023,0.816
28.177415,262.447,60.054,0.808
28.189025,262.498,60.058,0.806
28.200635,262.389,60.050,0.806
28.212245,262.314,60.046,0.806
28.223855,262.238,60.040,0.805
28.235465,262.149,60.035,0.806
28.247075,262.021,60.026,0.810
28.258685,261.875,60.017,0.814
28.270295,261.780,60.010,0.819
28.281905,261.756,60.009,0.825
28.293515,261.691,60.004,0.829
28.305125,261.671,60.003,0.834
28.316735,261.807,60.012,0.837
28.328345,261.876,60.017,0.838
28.339955,261.947,60.021,0.837
28.351565,261.853,60.015,0.834
28.363175,261.686,60.004,0.829
28.374785,261.405,59.985,0.822
28.386395,261.184,59.971,0.809
28.398005,260.574,59.930,0.796
28.409615,259.967,59.890,0.778
28.421224,258.933,59.821,0.759
28.432834,257.653,59.735,0.742
28.444444,255.990,59.623,0.728
28.456054,254.315,59.509,0.708
28.467664,252.576,59.391,0.685
28.479274,252.254,59.368,0.668
28.490884,251.683,59.329,0.640
28.502494,86.938,40.927,0.621
28.514104,87.003,40.940,0.598
28.525714,86.933,40.926,0.568
28.537324,87.072,40.953,0.518
28.548934,260.889,59.951,0.485
28.560544,262.205,60.038,0.470
28.572154,263.088,60.097,0.471
28.583764,263.206,60.104,0.498
28.595374,262.930,60.086,0.530
28.606984,265.087,60.228,0.569
28.618594,265.759,60.271,0.593
28.630204,878.161,80.964,0.618
28.641814,863.923,80.681,0.630
28.653424,900.925,81.407,0.632
28.665034,891.211,81.219,0.632
28.676644,871.776,80.837,0.625
28.688254,159.668,51.451,0.612
28.699864,87.868,41.111,0.584
28.711474,87.888,41.115,0.557
28.723084,128.768,47.727,0.507
28.734694,261.777,60.010,0.460
28.746304,262.047,60.028,0.416
28.757914,260.440,59.921,0.425
28.769524,87.630,41.064,0.502
28.781134,87.813,41.100,0.564
28.792744,762.083,78.509,0.618
28.804354,762.506,78.519,0.636
28.815964,237.824,58.349,0.711
28.827574,237.214,58.304,0.786
28.839184,225.585,57.434,0.834
28.850794,225.400,57.420,0.858
28.862404,225.143,57.400,0.878
28.874014,224.204,57.328,0.894
28.885624,221.635,57.128,0.907
28.897234,221.043,57.082,0.923
28.908844,220.899,57.071,0.928
28.920454,220.612,57.048,0.925
28.932063,220.425,57.033,0.920
28.943673,220.325,57.026,0.917
28.955283,220.242,57.019,0.909
28.966893,220.436,57.034,0.892
28.978503,220.597,57.047,0.874
28.990113,220.820,57.064,0.848
29.001723,220.846,57.066,0.827
29.013333,215.678,56.657,0.818
29.024943,197.371,55.121,0.809
29.036553,196.318,55.028,0.811
29.048163,195.453,54.952,0.824
29.059773,194.962,54.908,0.846
29.071383,194.764,54.891,0.865
29.082993,194.752,54.890,0.883
29.094603,194.781,54.892,0.897
29.106213,194.803,54.894,0.899
29.117823,194.797,54.894,0.898
29.129433,195.053,54.916,0.901
29.141043,195.440,54.951,0.900
29.152653,195.767,54.980,0.898
29.164263,196.023,55.002,0.896
29.175873,196.233,55.021,0.892
29.187483,196.323,55.029,0.879
29.199093,196.347,55.031,0.863
29.210703,196.347,55.031,0.851
29.222313,196.539,55.048,0.842
29.233923,197.454,55.128,0.843
29.245533,215.526,56.644,0.852
29.257143,219.209,56.938,0.856
29.268753,220.067,57.005,0.860
29.280363,219.925,56.994,0.868
29.291973,219.391,56.952,0.881
29.303583,219.135,56.932,0.890
29.315193,218.799,56.905,0.894
29.326803,218.615,56.891,0.893
29.338413,218.299,56.866,0.886
29.350023,218.442,56.877,0.884
29.361633,218.723,56.899,0.880
29.373243,219.365,56.950,0.884
29.384853,220.062,57.005,0.882
29.396463,220.362,57.028,0.873
29.408073,220.656,57.052,0.855
29.419683,221.054,57.083,0.833
29.431293,221.020,57.080,0.816
29.442902,220.909,57.071,0.797
29.454512,224.964,57.386,0.804
29.466122,252.939,59.415,0.797
29.477732,259.936,59.888,0.811
29.489342,261.830,60.013,0.834
29.500952,262.141,60.034,0.857
29.512562,262.186,60.037,0.870
29.524172,262.254,60.042,0.883
29.535782,262.251,60.041,0.890
29.547392,262.187,60.037,0.885
29.559002,261.848,60.015,0.878
29.570612,261.074,59.963,0.866
29.582222,259.804,59.879,0.856
29.593832,258.711,59.806,0.847
29.605442,258.223,59.773,0.847
29.617052,258.017,59.760,0.845
29.628662,257.799,59.745,0.842
29.640272,258.523,59.793,0.837
29.651882,259.765,59.876,0.839
29.663492,261.162,59.969,0.840
29.675102,262.139,60.034,0.837
29.686712,263.057,60.094,0.833
29.698322,263.496,60.123,0.824
29.709932,263.547,60.127,0.817
29.721542,262.937,60.087,0.817
29.733152,262.336,60.047,0.818
29.744762,261.841,60.014,0.818
29.756372,261.573,59.997,0.818
29.767982,261.500,59.992,0.822
29.779592,261.855,60.015,0.829
29.791202,262.150,60.035,0.835
29.802812,262.542,60.061,0.840
29.814422,262.745,60.074,0.848
29.826032,262.722,60.072,0.854
29.837642,262.665,60.069,0.860
29.849252,262.441,60.054,0.873
29.860862,262.554,60.061,0.889
29.872472,262.451,60.055,0.901
29.884082,262.331,60.047,0.908
29.895692,262.162,60.035,0.913
29.907302,262.073,60.030,0.914
29.918912,262.046,60.028,0.914
29.930522,261.991,60.024,0.913
29.942132,261.852,60.015,0.908
29.953741,261.472,59.990,0.895
29.965351,260.985,59.958,0.881
29.976961,260.495,59.925,0.868
29.988571,260.284,59.911,0.860
30.000181,260.342,59.915,0.855
30.011791,260.577,59.930,0.845
30.023401,260.731,59.941,0.835
30.035011,263.070,60.095,0.830
30.046621,270.213,60.559,0.826
30.058231,278.357,61.073,0.831
30.069841,282.189,61.310,0.838
30.081451,285.431,61.508,0.838
30.093061,290.543,61.815,0.835
30.104671,292.875,61.953,0.835
30.116281,293.005,61.961,0.844
30.127891,293.860,62.012,0.852
30.139501,294.180,62.030,0.865
30.151111,294.285,62.037,0.872
30.162721,294.013,62.021,0.876
30.174331,293.879,62.013,0.887
30.185941,293.895,62.014,0.893
30.197551,294.069,62.024,0.901
30.209161,294.164,62.029,0.904
30.220771,294.155,62.029,0.901
30.232381,293.739,62.004,0.900
30.243991,292.880,61.954,0.899
30.255601,291.738,61.886,0.894
30.267211,290.553,61.816,0.884
30.278821,289.494,61.752,0.876
30.290431,288.436,61.689,0.867
30.302041,286.290,61.560,0.860
30.313651,284.984,61.481,0.855
30.325261,281.084,61.242,0.840
30.336871,263.489,60.123,0.829
30.348481,262.935,60.086,0.829
30.360091,262.560,60.062,0.830
30.371701,262.319,60.046,0.833
30.383311,261.919,60.019,0.839
30.394921,261.554,59.995,0.842
30.406531,261.332,59.981,0.845
30.418141,261.188,59.971,0.850
30.429751,260.980,59.957,0.853
30.441361,260.781,59.944,0.853
30.452971,260.741,59.941,0.850
30.464580,260.785,59.944,0.847
30.476190,261.088,59.964,0.844
30.487800,261.378,59.984,0.842
30.499410,261.627,60.000,0.840
30.511020,261.825,60.013,0.836
30.522630,261.947,60.021,0.828
30.534240,262.060,60.029,0.819
30.545850,262.190,60.037,0.808
30.557460,262.344,60.047,0.792
30.569070,262.498,60.058,0.773
30.580680,262.571,60.062,0.752
30.592290,262.440,60.054,0.726
30.603900,263.743,60.140,0.699
30.615510,118.603,46.304,0.686
30.627120,118.293,46.258,0.682
30.638730,566.204,73.366,0.705
30.650340,204.084,55.700,0.734
30.661950,570.464,73.496,0.754
30.673560,318.952,63.430,0.773
30.685170,567.352,73.401,0.781
30.696780,319.047,63.435,0.784
30.708390,319.232,63.445,0.778
30.720000,319.327,63.450,0.766
30.731610,319.819,63.477,0.746
30.743220,131.970,48.152,0.733
30.754830,410.267,67.789,0.730
30.766440,415.543,68.010,0.721
30.778050,402.633,67.464,0.726
30.789660,400.263,67.361,0.739
30.801270,399.787,67.341,0.756
30.812880,398.209,67.272,0.771
30.824490,396.996,67.219,0.785
30.836100,396.080,67.179,0.787
30.847710,394.762,67.122,0.782
30.859320,393.713,67.076,0.774
30.870930,393.295,67.057,0.766
30.882540,393.151,67.051,0.754
30.894150,393.271,67.056,0.738
30.905760,394.878,67.127,0.727
30.917370,398.944,67.304,0.714
30.928980,410.161,67.784,0.707
30.940590,425.536,68.421,0.704
30.952200,434.506,68.782,0.708
30.963810,440.992,69.039,0.715
30.975420,444.249,69.166,0.722
30.987029,444.508,69.176,0.729
30.998639,444.368,69.171,0.732
31.010249,444.112,69.161,0.735
31.021859,443.460,69.136,0.736
31.033469,440.963,69.038,0.739
31.045079,435.782,68.833,0.744
31.056689,431.996,68.682,0.745
31.068299,429.328,68.575,0.741
31.079909,428.210,68.530,0.741
31.091519,428.555,68.544,0.749
31.103129,431.060,68.645,0.754
31.114739,435.953,68.840,0.760
31.126349,440.833,69.033,0.761
31.137959,444.891,69.191,0.761
31.149569,447.023,69.274,0.763
31.161179,447.583,69.296,0.770
31.172789,447.555,69.295,0.778
31.184399,447.105,69.277,0.780
31.196009,445.553,69.217,0.779
31.207619,442.101,69.082,0.775
31.219229,438.524,68.942,0.769
31.230839,434.665,68.789,0.762
31.242449,432.563,68.705,0.756
31.254059,431.294,68.654,0.745
31.265669,431.368,68.657,0.730
31.277279,432.730,68.712,0.719
31.288889,435.168,68.809,0.712
31.300499,439.537,68.982,0.712
31.312109,444.296,69.168,0.710
31.323719,447.004,69.273,0.711
31.335329,448.138,69.317,0.717
31.346939,448.259,69.322,0.725
31.358549,447.108,69.277,0.732
31.370159,445.372,69.210,0.732
31.381769,442.699,69.106,0.732
31.393379,441.004,69.039,0.722
31.404989,438.692,68.948,0.714
31.416599,436.888,68.877,0.704
31.428209,435.935,68.839,0.689
31.439819,435.657,68.828,0.673
31.451429,436.631,68.867,0.651
31.463039,440.173,69.007,0.637
31.474649,443.824,69.150,0.626
31.486259,445.508,69.215,0.634
31.497868,446.288,69.246,0.641
31.509478,446.843,69.267,0.644
31.521088,446.603,69.258,0.643
31.532698,445.587,69.218,0.640
31.544308,443.082,69.121,0.641
31.555918,441.471,69.058,0.626
31.567528,439.214,68.969,0.613
31.579138,436.877,68.877,0.585
31.590748,434.864,68.797,0.558
31.602358,434.255,68.772,0.530
31.613968,434.468,68.781,0.500
31.625578,435.676,68.829,0.462
31.637188,436.472,68.861,0.415
31.648798,436.062,68.844,0.407
31.660408,436.635,68.867,0.400
31.672018,437.050,68.884,0.389
31.683628,436.587,68.865,0.370
31.695238,432.810,68.715,0.355
31.706848,431.451,68.660,0.339
31.718458,432.499,68.702,0.329
31.730068,432.802,68.714,0.315
31.741678,432.628,68.707,0.279
31.753288,432.678,68.709,0.241
31.764898,436.292,68.854,0.226
31.776508,438.195,68.929,0.200
31.788118,440.954,69.038,0.201
31.799728,441.181,69.046,0.199
31.811338,443.378,69.132,0.200
31.822948,443.541,69.139,0.217
31.834558,443.616,69.142,0.228
31.846168,442.112,69.083,0.244
31.857778,440.098,69.004,0.253
31.869388,438.541,68.943,0.261
31.880998,436.304,68.854,0.266
31.892608,434.911,68.799,0.264
31.904218,434.669,68.789,0.264
31.915828,438.540,68.942,0.410
31.927438,744.280,78.100,0.561
31.939048,106.122,44.379,0.646
31.950658,735.964,77.906,0.757
31.962268,737.231,77.935,0.790
31.973878,735.487,77.894,0.807
31.985488,142.402,49.470,0.830
31.997098,152.308,50.634,0.857
32.008707,305.428,62.680,0.879
32.020317,306.050,62.715,0.892
32.031927,307.211,62.781,0.897
32.043537,319.080,63.437,0.884
32.055147,316.465,63.294,0.883
32.066757,327.731,63.900,0.887
32.078367,328.211,63.925,0.886
32.089977,328.701,63.951,0.879
32.101587,329.071,63.971,0.869
32.113197,329.019,63.968,0.862
32.124807,328.599,63.946,0.854
32.136417,328.188,63.924,0.852
32.148027,327.874,63.908,0.852
32.159637,327.589,63.893,0.854
32.171247,326.975,63.860,0.856
32.182857,315.313,63.231,0.858
32.194467,301.459,62.454,0.859
32.206077,295.953,62.134,0.858
32.217687,295.543,62.110,0.865
32.229297,295.491,62.107,0.865
32.240907,295.582,62.113,0.864
32.252517,295.464,62.106,0.857
32.264127,295.777,62.124,0.850
32.275737,295.455,62.105,0.836
32.287347,296.491,62.166,0.820
32.298957,295.234,62.092,0.806
32.310567,297.618,62.232,0.787
32.322177,294.698,62.061,0.771
32.333787,283.972,61.419,0.750
32.345397,283.802,61.409,0.732
32.357007,158.420,51.315,0.721
32.368617,158.459,51.319,0.722
32.380227,123.191,46.961,0.729
32.391837,84.143,40.361,0.728
32.403447,84.154,40.363,0.726
32.415057,84.177,40.368,0.720
32.426667,296.513,62.167,0.729
32.438277,318.833,63.424,0.749
32.449887,332.201,64.135,0.773
32.461497,333.645,64.210,0.789
32.473107,333.514,64.203,0.798
32.484717,330.623,64.052,0.808
32.496327,328.925,63.963,0.817
32.507937,328.250,63.927,0.830
32.519546,327.703,63.899,0.832
32.531156,327.276,63.876,0.831
32.542766,311.939,63.045,0.823
32.554376,307.299,62.786,0.819
32.565986,295.255,62.093,0.814
32.577596,295.162,62.088,0.808
32.589206,295.519,62.109,0.804
32.600816,295.263,62.094,0.792
32.612426,294.839,62.069,0.789
32.624036,294.703,62.061,0.783
32.635646,295.070,62.083,0.779
32.647256,295.870,62.130,0.775
32.658866,296.397,62.160,0.772
32.670476,295.088,62.084,0.772
32.682086,274.871,60.855,0.770
32.693696,268.584,60.454,0.772
32.705306,263.017,60.092,0.769
32.716916,262.773,60.076,0.765
32.728526,262.432,60.053,0.762
32.740136,262.512,60.059,0.761
32.751746,262.419,60.052,0.763
32.763356,262.334,60.047,0.763
32.774966,262.399,60.051,0.762
32.786576,262.343,60.047,0.766
32.798186,261.716,60.006,0.772
32.809796,260.680,59.937,0.773
32.821406,259.047,59.829,0.775
32.833016,258.679,59.804,0.773
32.844626,257.975,59.757,0.773
32.856236,257.688,59.737,0.772
32.867846,259.035,59.828,0.774
32.879456,262.069,60.029,0.772
32.891066,266.765,60.337,0.770
32.902676,267.955,60.414,0.773
32.914286,267.922,60.412,0.773
32.925896,267.924,60.412,0.774
32.937506,267.807,60.404,0.773
32.949116,264.724,60.204,0.771
32.960726,261.196,59.972,0.767
32.972336,258.660,59.803,0.764
32.983946,256.603,59.664,0.755
32.995556,255.800,59.610,0.743
33.007166,255.059,59.560,0.732
33.018776,256.559,59.661,0.719
33.030385,260.942,59.955,0.706
33.041995,264.642,60.198,0.698
33.053605,266.985,60.351,0.695
33.065215,268.357,60.440,0.682
33.076825,269.179,60.493,0.662
33.088435,269.958,60.543,0.642
33.100045,270.504,60.578,0.621
33.111655,270.535,60.580,0.598
33.123265,270.305,60.565,0.571
33.134875,268.956,60.478,0.523
33.146485,266.902,60.346,0.397
33.158095,265.865,60.278,0.283
33.169705,265.654,60.265,0.291
33.181315,265.842,60.277,0.307
33.192925,267.081,60.357,0.326
33.204535,267.258,60.369,0.333
33.216145,267.104,60.359,0.335
33.227755,267.952,60.414,0.332
33.239365,268.681,60.461,0.327
33.250975,269.581,60.519,0.315
33.262585,269.425,60.509,0.289
33.274195,266.487,60.319,0.284
33.285805,266.866,60.343,0.289
33.297415,274.084,60.805,0.298
33.309025,280.202,61.188,0.306
33.320635,282.082,61.303,0.319
33.332245,272.895,60.730,0.331
33.343855,281.855,61.289,0.353
33.355465,281.982,61.297,0.376
33.367075,282.888,61.353,0.387
33.378685,283.506,61.391,0.392
33.390295,303.608,62.576,0.404
33.401905,305.118,62.662,0.419
33.413515,282.800,61.347,0.437
33.425125,282.550,61.332,0.453
33.436735,283.356,61.381,0.472
33.448345,457.741,69.684,0.490
33.459955,457.087,69.660,0.515
33.471565,457.795,69.686,0.528
33.483175,457.169,69.663,0.544
33.494785,456.200,69.626,0.550
33.506395,456.001,69.618,0.557
33.518005,455.907,69.615,0.559
33.529615,455.754,69.609,0.561
33.541224,282.547,61.332,0.564
33.552834,455.220,69.589,0.564
33.564444,455.411,69.596,0.571
33.576054,455.484,69.599,0.572
33.587664,125.485,47.280,0.581
33.599274,125.504,47.283,0.588
33.610884,125.537,47.287,0.595
33.622494,132.905,48.275,0.597
33.634104,132.828,48.265,0.594
33.645714,132.777,48.258,0.587
33.657324,572.582,73.560,0.571
33.668934,98.517,43.091,0.553
33.680544,94.082,42.294,0.529
33.692154,93.940,42.268,0.493
33.703764,570.488,73.496,0.455
33.715374,85.874,40.713,0.433
33.726984,287.256,61.618,0.503
33.738594,84.187,40.370,0.585
33.750204,537.075,72.451,0.640
33.761814,100.073,43.363,0.697
33.773424,536.660,72.438,0.732
33.785034,536.311,72.427,0.762
33.796644,537.730,72.473,0.792
33.808254,538.007,72.481,0.811
33.819864,608.610,74.616,0.824
33.831474,609.480,74.641,0.829
33.843084,608.724,74.619,0.836
33.854694,609.067,74.629,0.836
33.866304,232.634,57.967,0.849
33.877914,112.305,45.359,0.857
33.889524,124.506,47.145,0.854
33.901134,124.301,47.116,0.850
33.912744,124.341,47.122,0.845
33.924354,249.702,59.192,0.842
33.935964,249.486,59.177,0.837
33.947574,251.188,59.295,0.835
33.959184,130.700,47.985,0.821
33.970794,260.369,59.917,0.807
33.982404,261.358,59.982,0.801
33.994014,261.523,59.993,0.802
34.005624,261.693,60.004,0.802
34.017234,261.948,60.021,0.794
34.028844,262.083,60.030,0.781
34.040454,262.027,60.027,0.772
34.052063,261.929,60.020,0.757
34.063673,261.503,59.992,0.746
34.075283,261.224,59.973,0.742
34.086893,275.157,60.873,0.743
34.098503,296.738,62.180,0.754
34.110113,297.290,62.212,0.766
34.121723,297.317,62.214,0.780
34.133333,297.718,62.237,0.789
34.144943,297.350,62.216,0.795
34.156553,298.589,62.288,0.796
34.168163,300.252,62.384,0.793
34.179773,298.543,62.285,0.784
34.191383,289.157,61.732,0.767
34.202993,268.720,60.463,0.756
34.214603,268.548,60.452,0.746
34.226213,200.272,55.374,0.733
34.237823,200.261,55.373,0.723
34.249433,200.327,55.378,0.722
34.261043,200.251,55.372,0.718
34.272653,200.296,55.376,0.718
34.284263,200.321,55.378,0.720
34.295873,200.395,55.384,0.719
34.307483,183.875,53.895,0.716
34.319093,166.964,52.224,0.710
34.330703,282.827,61.349,0.711
34.342313,302.137,62.492,0.734
34.353923,318.166,63.387,0.758
34.365533,318.755,63.419,0.779
34.377143,317.698,63.362,0.802
34.388753,316.195,63.280,0.816
34.400363,315.885,63.263,0.827
34.411973,314.559,63.190,0.839
34.423583,314.211,63.171,0.847
34.435193,315.082,63.219,0.845
34.446803,315.400,63.236,0.843
34.458413,315.923,63.265,0.840
34.470023,316.944,63.321,0.835
34.481633,334.320,64.245,0.835
34.493243,339.318,64.502,0.839
34.504853,351.799,65.127,0.844
34.516463,351.338,65.104,0.850
34.528073,350.918,65.084,0.853
34.539683,350.430,65.059,0.857
34.551293,350.216,65.049,0.860
34.562902,349.872,65.032,0.860
34.574512,349.209,64.999,0.863
34.586122,348.879,64.983,0.863
34.597732,348.693,64.973,0.862
34.609342,348.693,64.973,0.861
34.620952,348.774,64.977,0.862
34.632562,348.961,64.987,0.862
34.644172,348.989,64.988,0.860
34.655782,348.845,64.981,0.858
34.667392,348.643,64.971,0.848
34.679002,347.853,64.932,0.835
34.690612,346.299,64.854,0.819
34.702222,344.038,64.741,0.802
34.713832,335.472,64.304,0.805
34.725442,298.832,62.302,0.809
34.737052,296.730,62.180,0.829
34.748662,295.189,62.090,0.848
34.760272,294.141,62.028,0.863
34.771882,293.813,62.009,0.877
34.783492,293.799,62.008,0.889
34.795102,293.611,61.997,0.901
34.806712,293.296,61.978,0.901
34.818322,292.980,61.960,0.905
34.829932,292.831,61.951,0.898
34.841542,292.970,61.959,0.890
34.853152,293.204,61.973,0.890
34.864762,293.313,61.979,0.890
34.876372,293.464,61.988,0.892
34.887982,293.597,61.996,0.892
34.899592,293.666,62.000,0.894
34.911202,293.702,62.002,0.892
34.922812,293.877,62.013,0.890
34.934422,294.235,62.034,0.890
34.946032,294.681,62.060,0.886
34.957642,295.460,62.106,0.887
34.969252,297.944,62.250,0.885
34.980862,305.336,62.675,0.882
34.992472,313.346,63.123,0.884
35.004082,679.636,76.527,0.885
35.015692,336.478,64.356,0.888
35.027302,344.948,64.786,0.891
35.038912,347.510,64.915,0.896
35.050522,348.081,64.943,0.896
35.062132,348.570,64.967,0.893
35.073741,348.588,64.968,0.893
35.085351,348.021,64.940,0.889
35.096961,346.867,64.883,0.884
35.108571,346.165,64.847,0.881
35.120181,345.879,64.833,0.875
35.131791,346.449,64.862,0.867
35.143401,348.230,64.950,0.858
35.155011,349.350,65.006,0.852
35.166621,350.037,65.040,0.837
35.178231,350.879,65.082,0.821
35.189841,351.448,65.110,0.808
35.201451,351.761,65.125,0.796
35.213061,350.499,65.063,0.783
35.224671,344.685,64.773,0.775
35.236281,332.455,64.148,0.773
35.247891,311.924,63.044,0.780
35.259501,295.640,62.116,0.796
35.271111,294.611,62.056,0.808
35.282721,294.014,62.021,0.820
35.294331,293.710,62.003,0.831
35.305941,293.484,61.989,0.837
35.317551,293.379,61.983,0.844
35.329161,293.313,61.979,0.848
35.340771,293.327,61.980,0.850
35.352381,293.419,61.985,0.854
35.363991,293.458,61.988,0.855
35.375601,293.622,61.998,0.855
35.387211,294.463,62.047,0.856
35.398821,295.744,62.122,0.857
35.410431,296.052,62.140,0.858
35.422041,295.761,62.123,0.856
35.433651,295.451,62.105,0.854
35.445261,295.195,62.090,0.851
35.456871,295.006,62.079,0.850
35.468481,294.702,62.061,0.850
35.480091,294.224,62.033,0.844
35.491701,293.875,62.012,0.842
35.503311,293.619,61.997,0.840
35.514921,293.520,61.991,0.839
35.526531,293.572,61.995,0.844
35.538141,293.737,62.004,0.843
35.549751,293.998,62.020,0.844
35.561361,294.304,62.038,0.841
35.572971,294.463,62.047,0.840
35.584580,294.547,62.052,0.839
35.596190,294.675,62.059,0.847
35.607800,294.804,62.067,0.859
35.619410,294.920,62.074,0.862
35.631020,295.019,62.080,0.868
35.642630,294.738,62.063,0.872
35.654240,294.524,62.051,0.878
35.665850,294.744,62.064,0.885
35.677460,294.969,62.077,0.888
35.689070,295.160,62.088,0.888
35.700680,295.238,62.093,0.884
35.712290,295.118,62.085,0.881
35.723900,294.624,62.056,0.878
35.735510,294.168,62.030,0.877
35.747120,293.852,62.011,0.870
35.758730,293.328,61.980,0.857
35.770340,292.483,61.930,0.842
35.781950,292.058,61.905,0.821
35.793560,291.918,61.897,0.811
35.805170,306.939,62.765,0.809
35.816780,310.106,62.943,0.816
35.828390,313.738,63.145,0.830
35.840000,314.778,63.202,0.858
35.851610,314.237,63.172,0.880
35.863220,313.136,63.111,0.900
35.874830,312.739,63.089,0.912
35.886440,312.641,63.084,0.921
35.898050,312.299,63.065,0.926
35.909660,311.684,63.031,0.928
35.921270,311.074,62.997,0.926
35.932880,310.677,62.975,0.917
35.944490,310.589,62.970,0.910
35.956100,310.764,62.980,0.902
35.967710,310.997,62.993,0.897
35.979320,311.389,63.015,0.892
35.990930,312.191,63.059,0.885
36.002540,648.947,75.727,0.878
36.014150,655.239,75.894,0.876
36.025760,667.900,76.226,0.880
36.037370,349.504,65.014,0.884
36.048980,349.866,65.032,0.889
36.060590,349.857,65.031,0.894
36.072200,349.754,65.026,0.899
36.083810,349.151,64.996,0.902
36.095420,347.525,64.915,0.904
36.107029,345.323,64.805,0.902
36.118639,343.727,64.725,0.896
36.130249,342.898,64.683,0.891
36.141859,342.601,64.668,0.886
36.153469,342.766,64.677,0.880
36.165079,343.696,64.724,0.875
36.176689,345.364,64.807,0.874
36.188299,347.585,64.918,0.876
36.199909,349.171,64.997,0.876
36.211519,349.974,65.037,0.880
36.223129,350.189,65.048,0.885
36.234739,350.054,65.041,0.891
36.246349,349.542,65.016,0.899
36.257959,348.348,64.956,0.906
36.269569,345.813,64.830,0.908
36.281179,343.413,64.709,0.908
36.292789,341.961,64.636,0.912
36.304399,341.435,64.609,0.914
36.316009,341.437,64.609,0.915
36.327619,342.120,64.644,0.914
36.339229,343.538,64.716,0.910
36.350839,345.537,64.816,0.905
36.362449,348.549,64.966,0.904
36.374059,350.789,65.077,0.905
36.385669,352.321,65.153,0.901
36.397279,352.797,65.176,0.899
36.408889,352.734,65.173,0.900
36.420499,351.975,65.136,0.900
36.432109,350.671,65.071,0.903
36.443719,348.880,64.983,0.907
36.455329,346.764,64.877,0.910
36.466939,345.339,64.806,0.910
36.478549,344.632,64.771,0.909
36.490159,344.314,64.755,0.907
36.501769,344.351,64.757,0.904
36.513379,344.857,64.782,0.902
36.524989,345.884,64.833,0.900
36.536599,347.287,64.904,0.895
36.548209,349.533,65.015,0.893
36.559819,351.522,65.113,0.898
36.571429,352.979,65.185,0.902
36.583039,353.140,65.193,0.909
36.594649,353.023,65.187,0.913
36.606259,352.447,65.159,0.914
36.617868,350.424,65.059,0.914
36.629478,347.703,64.924,0.915
36.641088,345.949,64.837,0.912
36.652698,345.361,64.807,0.906
36.664308,345.165,64.797,0.904
36.675918,345.587,64.819,0.901
36.687528,347.246,64.901,0.900
36.699138,348.939,64.986,0.896
36.710748,350.323,65.054,0.895
36.722358,351.431,65.109,0.896
36.733968,352.114,65.142,0.897
36.745578,352.358,65.154,0.898
36.757188,352.123,65.143,0.896
36.768798,351.675,65.121,0.888
36.780408,350.504,65.063,0.877
36.792018,349.159,64.997,0.873
36.803628,348.323,64.955,0.867
36.815238,348.128,64.945,0.860
36.826848,348.170,64.947,0.850
36.838458,348.466,64.962,0.841
36.850068,349.159,64.997,0.838
36.861678,349.845,65.031,0.839
36.873288,350.414,65.059,0.845
36.884898,350.652,65.070,0.849
36.896508,350.540,65.065,0.852
36.908118,350.182,65.047,0.857
36.919728,349.672,65.022,0.863
36.931338,349.127,64.995,0.865
36.942948,348.425,64.960,0.867
36.954558,347.355,64.907,0.868
36.966168,345.756,64.827,0.869
36.977778,344.501,64.764,0.870
36.989388,342.769,64.677,0.880
37.000998,339.857,64.529,0.880
37.012608,653.780,75.856,0.882
37.024218,653.578,75.850,0.886
37.035828,651.198,75.787,0.891
37.047438,644.733,75.614,0.892
37.059048,295.995,62.137,0.894
37.070658,294.961,62.076,0.898
37.082268,294.009,62.020,0.888
37.093878,293.989,62.019,0.886
37.105488,293.263,61.976,0.882
37.117098,291.263,61.858,0.878
37.128707,287.625,61.640,0.871
37.140317,259.877,59.884,0.868
37.151927,260.056,59.896,0.862
37.163537,260.320,59.913,0.853
37.175147,260.192,59.905,0.850
37.186757,260.216,59.906,0.851
37.198367,261.089,59.964,0.851
37.209977,261.682,60.004,0.848
37.221587,261.955,60.022,0.844
37.233197,261.870,60.016,0.836
37.244807,261.324,59.980,0.827
37.256417,260.588,59.931,0.818
37.268027,260.414,59.920,0.806
37.279637,260.383,59.918,0.799
37.291247,261.012,59.959,0.791
37.302857,264.948,60.218,0.793
37.314467,296.696,62.178,0.796
37.326077,315.334,63.233,0.802
37.337687,327.392,63.882,0.811
37.349297,337.259,64.396,0.820
37.360907,343.248,64.701,0.831
37.372517,346.969,64.888,0.841
37.384127,348.422,64.960,0.851
37.395737,349.801,65.028,0.853
37.407347,351.346,65.105,0.852
37.418957,352.731,65.173,0.851
37.430567,354.493,65.259,0.849
37.442177,356.743,65.369,0.849
37.453787,360.517,65.551,0.846
37.465397,366.871,65.853,0.837
37.477007,374.254,66.198,0.828
37.488617,381.558,66.533,0.821
37.500227,387.454,66.798,0.820
37.511837,390.921,66.952,0.822
37.523447,392.349,67.016,0.821
37.535057,392.983,67.044,0.820
37.546667,392.776,67.034,0.821
37.558277,392.207,67.009,0.824
37.569887,391.679,66.986,0.823
37.581497,391.530,66.979,0.827
37.593107,391.532,66.980,0.828
37.604717,391.911,66.996,0.832
37.616327,392.159,67.007,0.838
37.627937,392.205,67.009,0.839
37.639546,391.796,66.991,0.836
37.651156,391.089,66.960,0.833
37.662766,389.769,66.901,0.829
37.674376,387.119,66.783,0.823
37.685986,382.945,66.596,0.820
37.697596,377.333,66.340,0.812
37.709206,371.612,66.076,0.803
37.720816,368.064,65.909,0.795
37.732426,366.963,65.858,0.798
37.744036,367.479,65.882,0.796
37.755646,371.158,66.054,0.801
37.767256,376.030,66.280,0.804
37.778866,382.927,66.595,0.806
37.790476,388.508,66.845,0.809
37.802086,391.127,66.962,0.819
37.813696,391.674,66.986,0.830
37.825306,391.822,66.992,0.829
37.836916,391.088,66.960,0.830
37.848526,389.357,66.883,0.831
37.860136,387.311,66.792,0.830
37.871746,385.714,66.720,0.830
37.883356,385.059,66.691,0.826
37.894966,385.406,66.707,0.817
37.906576,388.328,66.837,0.816
37.918186,395.235,67.142,0.826
37.929796,401.986,67.436,0.838
37.941406,406.325,67.622,0.850
37.953016,407.288,67.663,0.862
37.964626,407.390,67.667,0.868
37.976236,406.292,67.620,0.876
37.987846,404.251,67.533,0.880
37.999456,401.127,67.399,0.880
38.011066,396.759,67.209,0.875
38.022676,392.833,67.037,0.873
38.034286,389.955,66.910,0.870
38.045896,388.215,66.832,0.872
38.057506,386.798,66.769,0.876
38.069116,384.942,66.686,0.876
38.080726,383.382,66.615,0.872
38.092336,381.419,66.526,0.871
38.103946,378.423,66.390,0.871
38.115556,373.129,66.146,0.867
38.127166,365.358,65.782,0.862
38.138776,357.090,65.385,0.853
38.150385,351.648,65.120,0.847
38.161995,349.677,65.022,0.841
38.173605,350.261,65.051,0.845
38.185215,351.010,65.088,0.848
38.196825,351.552,65.115,0.851
38.208435,351.422,65.108,0.853
38.220045,350.908,65.083,0.849
38.231655,350.156,65.046,0.841
38.243265,348.754,64.976,0.832
38.254875,346.981,64.888,0.821
38.266485,345.231,64.801,0.807
38.278095,343.842,64.731,0.787
38.289705,343.437,64.711,0.768
38.301315,345.107,64.794,0.757
38.312925,349.412,65.009,0.764
38.324535,353.088,65.190,0.777
38.336145,354.905,65.279,0.783
38.347755,355.879,65.327,0.791
38.359365,355.906,65.328,0.799
38.370975,355.266,65.297,0.807
38.382585,354.569,65.263,0.808
38.394195,353.525,65.212,0.802
38.405805,351.773,65.126,0.788
38.417415,349.183,64.998,0.772
38.429025,346.744,64.876,0.759
38.440635,344.362,64.757,0.742
38.452245,342.936,64.685,0.732
38.463855,343.361,64.707,0.725
38.475465,346.411,64.860,0.723
38.487075,348.841,64.981,0.719
38.498685,353.315,65.201,0.722
38.510295,356.887,65.376,0.733
38.521905,359.254,65.490,0.737
38.533515,360.797,65.564,0.742
38.545125,361.573,65.601,0.741
38.556735,361.639,65.605,0.737
38.568345,360.979,65.573,0.728
38.579955,360.060,65.529,0.727
38.591565,358.264,65.442,0.712
38.603175,355.973,65.331,0.688
38.614785,352.892,65.181,0.669
38.626395,349.894,65.033,0.649
38.638005,347.395,64.909,0.628
38.649615,344.674,64.773,0.608
38.661224,345.366,64.807,0.609
38.672834,347.425,64.910,0.617
38.684444,349.498,65.013,0.620
38.696054,351.595,65.117,0.627
38.707664,354.400,65.254,0.639
38.719274,355.678,65.317,0.648
38.730884,356.651,65.364,0.657
38.742494,357.125,65.387,0.664
38.754104,357.660,65.413,0.659
38.765714,356.814,65.372,0.654
38.777324,355.592,65.313,0.654
38.788934,354.916,65.280,0.646
38.800544,353.092,65.190,0.634
38.812154,351.231,65.099,0.624
38.823764,349.675,65.022,0.615
38.835374,348.316,64.955,0.606
38.846984,348.931,64.985,0.598
38.858594,349.157,64.996,0.576
38.870204,350.300,65.053,0.556
38.881814,350.187,65.047,0.551
38.893424,351.124,65.094,0.538
38.905034,352.458,65.159,0.525
38.916644,353.289,65.200,0.497
38.928254,355.859,65.326,0.471
38.939864,357.631,65.412,0.441
38.951474,357.030,65.383,0.441
38.963084,355.448,65.306,0.445
38.974694,353.759,65.223,0.453
38.986304,351.789,65.126,0.457
38.997914,350.237,65.050,0.451
39.009524,350.497,65.063,0.449
39.021134,350.399,65.058,0.436
39.032744,351.268,65.101,0.445
39.044354,351.204,65.098,0.449
39.055964,351.094,65.092,0.461
39.067574,350.910,65.083,0.455
39.079184,350.659,65.071,0.449
39.090794,350.740,65.075,0.439
39.102404,349.961,65.036,0.425
39.114014,348.177,64.948,0.412
39.125624,346.868,64.883,0.430
39.137234,238.534,58.400,0.518
39.148844,248.239,59.091,0.589
39.160454,251.769,59.335,0.636
39.172063,258.493,59.791,0.675
39.183673,259.843,59.882,0.713
39.195283,260.827,59.947,0.746
39.206893,261.341,59.981,0.774
39.218503,261.857,60.015,0.793
39.230113,262.478,60.056,0.809
39.241723,262.963,60.088,0.821
39.253333,263.075,60.096,0.834
39.264943,263.064,60.095,0.848
39.276553,263.062,60.095,0.858
39.288163,262.943,60.087,0.868
39.299773,262.585,60.063,0.876
39.311383,261.953,60.022,0.881
39.322993,261.590,59.998,0.890
39.334603,260.983,59.957,0.896
39.346213,261.171,59.970,0.903
39.357823,261.674,60.003,0.909
39.369433,262.000,60.025,0.916
39.381043,262.201,60.038,0.919
39.392653,262.314,60.045,0.920
39.404263,261.806,60.012,0.924
39.415873,260.974,59.957,0.923
39.427483,259.183,59.838,0.922
39.439093,256.754,59.675,0.917
39.450703,253.980,59.487,0.913
39.462313,252.386,59.378,0.911
39.473923,252.469,59.383,0.910
39.485533,252.905,59.413,0.911
39.497143,253.643,59.464,0.910
39.508753,256.487,59.657,0.914
39.520363,259.556,59.863,0.915
39.531973,260.925,59.954,0.918
39.543583,261.579,59.997,0.922
39.555193,260.768,59.943,0.923
39.566803,258.389,59.784,0.921
39.578413,255.819,59.611,0.915
39.590023,253.740,59.470,0.912
39.601633,252.423,59.380,0.904
39.613243,252.781,59.405,0.900
39.624853,254.460,59.519,0.899
39.636463,257.095,59.698,0.889
39.648073,260.783,59.944,0.876
39.659683,262.761,60.075,0.868
39.671293,263.324,60.112,0.860
39.682902,263.919,60.151,0.848
39.694512,264.463,60.187,0.832
39.706122,263.169,60.102,0.810
39.717732,260.919,59.953,0.778
39.729342,258.456,59.789,0.754
39.740952,253.901,59.481,0.769
39.752562,256.902,59.685,0.794
39.764172,195.801,54.983,0.844
39.775782,196.778,55.069,0.874
39.787392,196.786,55.069,0.897
39.799002,196.611,55.054,0.917
39.810612,293.661,62.000,0.933
39.822222,293.107,61.967,0.948
39.833832,292.520,61.932,0.952
39.845442,291.950,61.899,0.953
39.857052,290.731,61.826,0.944
39.868662,289.707,61.765,0.942
39.880272,289.569,61.757,0.941
39.891882,289.914,61.777,0.939
39.903492,290.809,61.831,0.939
39.915102,291.843,61.892,0.932
39.926712,293.064,61.965,0.926
39.938322,294.107,62.026,0.915
39.949932,295.351,62.099,0.898
39.961542,296.724,62.179,0.873
39.973152,296.911,62.190,0.845
39.984762,294.629,62.057,0.815
39.996372,290.470,61.811,0.784
40.007982,288.794,61.710,0.766
40.019592,293.026,61.962,0.747
40.031202,295.473,62.106,0.761
40.042812,296.386,62.160,0.781
40.054422,296.629,62.174,0.796
40.066032,296.137,62.145,0.813
40.077642,295.434,62.104,0.828
40.089252,294.876,62.071,0.836
40.100862,294.466,62.047,0.835
40.112472,294.085,62.025,0.832
40.124082,293.585,61.995,0.827
40.135692,293.228,61.974,0.821
40.147302,292.706,61.943,0.817
40.158912,292.394,61.925,0.810
40.170522,291.774,61.888,0.801
40.182132,290.767,61.828,0.800
40.193741,290.699,61.824,0.804
40.205351,333.812,64.218,0.820
40.216961,336.237,64.344,0.835
40.228571,344.079,64.743,0.850
40.240181,349.491,65.013,0.862
40.251791,350.138,65.045,0.877
40.263401,348.414,64.960,0.896
40.275011,347.028,64.891,0.906
40.286621,346.011,64.840,0.914
40.298231,344.068,64.742,0.918
40.309841,337.646,64.416,0.920
40.321451,336.518,64.358,0.920
40.333061,336.809,64.373,0.921
40.344671,336.437,64.354,0.919
40.356281,335.028,64.281,0.911
40.367891,336.066,64.335,0.905
40.379501,339.571,64.515,0.899
40.391111,349.631,65.020,0.895
40.402721,351.686,65.121,0.894
40.414331,352.480,65.160,0.899
40.425941,352.403,65.157,0.903
40.437551,350.065,65.041,0.906
40.449161,347.036,64.891,0.910
40.460771,346.298,64.854,0.912
40.472381,346.078,64.843,0.914
40.483991,346.075,64.843,0.914
40.495601,347.672,64.923,0.914
40.507211,349.472,65.012,0.912
40.518821,350.480,65.062,0.911
40.530431,351.053,65.090,0.910
40.542041,351.166,65.096,0.907
40.553651,350.874,65.081,0.903
40.565261,350.408,65.058,0.899
40.576871,350.129,65.045,0.894
40.588481,350.107,65.044,0.885
40.600091,350.017,65.039,0.875
40.611701,350.440,65.060,0.865
40.623311,174.312,52.970,0.865
40.634921,174.658,53.004,0.865
40.646531,392.776,67.034,0.870
40.658141,395.304,67.146,0.878
40.669751,394.617,67.115,0.882
40.681361,394.432,67.107,0.888
40.692971,393.630,67.072,0.897
40.704580,393.265,67.056,0.903
40.716190,393.275,67.056,0.907
40.727800,393.124,67.050,0.910
40.739410,392.049,67.002,0.911
40.751020,390.832,66.949,0.912
40.762630,195.127,54.923,0.914
40.774240,195.044,54.916,0.917
40.785850,195.075,54.918,0.909
40.797460,195.168,54.927,0.899
40.809070,195.255,54.934,0.885
40.820680,390.520,66.935,0.874
40.832290,390.437,66.931,0.860
40.843900,390.356,66.927,0.842
40.855510,389.554,66.892,0.823
40.867120,387.288,66.791,0.803
40.878730,356.601,65.362,0.797
40.890340,351.566,65.116,0.793
40.901950,350.697,65.073,0.789
40.913560,350.277,65.052,0.777
40.925170,350.319,65.054,0.766
40.936780,350.517,65.064,0.758
40.948390,350.396,65.058,0.757
40.960000,349.795,65.028,0.763
40.971610,348.281,64.953,0.770
40.983220,347.381,64.908,0.776
40.994830,346.245,64.851,0.778
41.006440,345.762,64.827,0.780
41.018050,345.757,64.827,0.781
41.029660,346.816,64.880,0.787
41.041270,347.583,64.918,0.791
41.052880,345.176,64.798,0.793
41.064490,393.764,67.078,0.798
41.076100,394.414,67.107,0.805
41.087710,393.997,67.088,0.820
41.099320,393.154,67.051,0.827
41.110930,392.464,67.021,0.833
41.122540,392.294,67.013,0.840
41.134150,392.960,67.043,0.842
41.145760,393.295,67.057,0.846
41.157370,392.985,67.044,0.848
41.168980,213.757,56.502,0.859
41.180590,756.928,78.392,0.875
41.192200,751.146,78.259,0.889
41.203810,441.772,69.070,0.906
41.215420,441.122,69.044,0.912
41.227029,440.797,69.031,0.913
41.238639,440.591,69.023,0.914
41.250249,440.509,69.020,0.922
41.261859,441.098,69.043,0.923
41.273469,440.296,69.012,0.914
41.285079,439.627,68.985,0.914
41.296689,438.920,68.957,0.915
41.308299,438.831,68.954,0.917
41.319909,439.061,68.963,0.924
41.331519,439.219,68.969,0.929
41.343129,439.541,68.982,0.928
41.354739,439.554,68.982,0.928
41.366349,439.047,68.962,0.930
41.377959,438.748,68.951,0.924
41.389569,437.735,68.911,0.914
41.401179,219.832,56.987,0.907
41.412789,219.215,56.938,0.900
41.424399,146.043,49.907,0.892
41.436009,196.953,55.084,0.877
41.447619,130.944,48.017,0.862
41.459229,396.427,67.195,0.846
41.470839,395.441,67.151,0.841
41.482449,196.479,55.042,0.845
41.494059,196.081,55.007,0.844
41.505669,195.789,54.982,0.845
41.517279,573.273,73.581,0.852
41.528889,574.216,73.609,0.865
41.540499,566.730,73.382,0.871
41.552109,561.564,73.223,0.880
41.563719,560.678,73.196,0.884
41.575329,560.180,73.181,0.871
41.586939,559.479,73.159,0.864
41.598549,88.286,41.193,0.856
41.610159,313.671,63.141,0.840
41.621769,371.267,66.059,0.817
41.633379,372.900,66.135,0.792
41.644989,451.231,69.436,0.757
41.656599,452.873,69.499,0.714
41.668209,450.996,69.427,0.685
41.679819,449.751,69.379,0.655
41.691429,314.377,63.180,0.615
41.703039,448.687,69.338,0.578
41.714649,449.510,69.370,0.540
41.726259,447.928,69.309,0.516
41.737868,447.980,69.311,0.497
41.749478,447.480,69.292,0.504
41.761088,448.148,69.318,0.504
41.772698,448.562,69.334,0.505
41.784308,449.367,69.365,0.516
41.795918,449.449,69.368,0.510
41.807528,449.761,69.380,0.512
41.819138,449.900,69.385,0.515
41.830748,449.891,69.385,0.524
41.842358,450.588,69.412,0.520
41.853968,450.594,69.412,0.524
41.865578,450.799,69.420,0.535
41.877188,452.548,69.487,0.534
41.888798,453.102,69.508,0.553
41.900408,762.231,78.513,0.565
41.912018,570.157,73.486,0.576
41.923628,455.626,69.604,0.581
41.935238,766.134,78.601,0.590
41.946848,764.559,78.565,0.595
41.958458,763.452,78.540,0.592
41.970068,761.866,78.504,0.589
41.981678,758.285,78.423,0.583
41.993288,752.982,78.301,0.577
42.004898,749.718,78.226,0.567
42.016508,751.290,78.262,0.559
42.028118,451.156,69.433,0.545
42.039728,450.850,69.422,0.535
42.051338,449.366,69.365,0.532
42.062948,448.159,69.318,0.524
42.074558,448.098,69.316,0.514
42.086168,447.516,69.293,0.505
42.097778,371.938,66.091,0.521
42.109388,319.560,63.463,0.583
42.120998,320.814,63.531,0.636
42.132608,170.658,52.603,0.680
42.144218,343.061,64.692,0.712
42.155828,346.202,64.849,0.738
42.167438,348.015,64.940,0.759
42.179048,349.201,64.999,0.775
42.190658,349.583,65.018,0.789
42.202268,349.831,65.030,0.796
42.213878,349.957,65.036,0.801
42.225488,349.967,65.037,0.806
42.237098,349.681,65.022,0.815
42.248707,349.202,64.999,0.820
42.260317,348.720,64.975,0.824
42.271927,348.131,64.946,0.829
42.283537,347.575,64.918,0.835
42.295147,346.066,64.843,0.859
42.306757,344.293,64.754,0.865
42.318367,344.728,64.775,0.876
42.329977,345.844,64.831,0.885
42.341587,346.890,64.884,0.896
42.353197,347.671,64.923,0.906
42.364807,348.095,64.944,0.916
42.376417,348.171,64.948,0.922
42.388027,348.474,64.963,0.915
42.399637,348.863,64.982,0.919
42.411247,349.056,64.991,0.915
42.422857,349.147,64.996,0.908
42.434467,349.304,65.004,0.897
42.446077,349.361,65.007,0.885
42.457687,349.448,65.011,0.870
42.469297,349.617,65.019,0.854
42.480907,349.844,65.030,0.842
42.492517,350.342,65.055,0.826
42.504127,351.488,65.112,0.815
42.515737,353.254,65.198,0.809
42.527347,174.391,52.978,0.823
42.538957,384.310,66.657,0.847
42.550567,388.495,66.845,0.860
42.562177,391.107,66.961,0.868
42.573787,392.043,67.002,0.877
42.585397,392.158,67.007,0.889
42.597007,391.559,66.981,0.898
42.608617,390.803,66.947,0.907
42.620227,390.933,66.953,0.908
42.631837,390.523,66.935,0.905
42.643447,389.406,66.885,0.909
42.655057,388.936,66.864,0.917
42.666667,388.817,66.859,0.918
42.678277,389.027,66.868,0.919
42.689887,389.687,66.898,0.921
42.701497,390.551,66.936,0.920
42.713107,391.109,66.961,0.916
42.724717,391.687,66.986,0.905
42.736327,392.195,67.009,0.886
42.747937,392.550,67.024,0.862
42.759546,392.345,67.015,0.839
42.771156,391.758,66.990,0.804
42.782766,390.990,66.956,0.756
42.794376,389.637,66.896,0.694
42.805986,388.602,66.849,0.611
42.817596,196.311,55.028,0.506
42.829206,342.219,64.649,0.480
42.840816,341.163,64.596,0.477
42.852426,195.392,54.946,0.467
42.864036,341.817,64.629,0.463
42.875646,390.038,66.913,0.457
42.887256,390.259,66.923,0.453
42.898866,390.971,66.955,0.451
42.910476,390.961,66.954,0.445
42.922086,391.572,66.981,0.457
42.933696,455.900,69.615,0.592
42.945306,445.364,69.210,0.744
42.956916,440.804,69.032,0.805
42.968526,439.393,68.976,0.863
42.980136,439.452,68.978,0.897
42.991746,439.420,68.977,0.916
43.003356,439.368,68.975,0.934
43.014966,439.352,68.974,0.945
43.026576,439.398,68.976,0.952
43.038186,439.294,68.972,0.948
43.049796,439.398,68.976,0.944
43.061406,439.604,68.984,0.931
43.073016,439.639,68.986,0.920
43.084626,439.746,68.990,0.911
43.096236,439.854,68.994,0.900
43.107846,439.895,68.996,0.890
43.119456,439.856,68.994,0.874
43.131066,439.917,68.997,0.851
43.142676,440.091,69.004,0.828
43.154286,440.388,69.015,0.819
43.165896,440.796,69.031,0.822
43.177506,440.916,69.036,0.828
43.189116,440.782,69.031,0.844
43.200726,440.212,69.008,0.869
43.212336,439.735,68.990,0.891
43.223946,439.203,68.969,0.905
43.235556,438.994,68.960,0.912
43.247166,438.759,68.951,0.912
43.258776,438.646,68.947,0.908
43.270385,438.846,68.955,0.911
43.281995,145.796,49.877,0.922
43.293605,647.347,75.684,0.919
43.305215,640.457,75.499,0.915
43.316825,630.338,75.223,0.915
43.328435,616.169,74.830,0.920
43.340045,595.581,74.242,0.931
43.351655,593.231,74.173,0.935
43.363265,592.975,74.166,0.930
43.374875,592.159,74.142,0.915
43.386485,588.107,74.023,0.911
43.398095,147.583,50.088,0.916
43.409705,286.396,61.566,0.919
43.421315,282.475,61.327,0.924
43.432925,424.105,68.363,0.919
43.444535,419.041,68.155,0.920
43.456145,415.743,68.018,0.926
43.467755,411.713,67.850,0.926
43.479365,408.354,67.708,0.926
43.490975,404.438,67.541,0.922
43.502585,402.349,67.451,0.918
43.514195,401.265,67.405,0.911
43.525805,401.319,67.407,0.910
43.537415,401.465,67.413,0.908
43.549025,401.214,67.402,0.904
43.560635,401.541,67.417,0.904
43.572245,403.206,67.488,0.898
43.583855,432.880,68.718,0.899
43.595465,437.258,68.892,0.905
43.607075,438.600,68.945,0.907
43.618685,439.368,68.975,0.906
43.630295,440.146,69.006,0.904
43.641905,440.979,69.038,0.905
43.653515,440.916,69.036,0.906
43.665125,440.616,69.024,0.911
43.676735,440.230,69.009,0.909
43.688345,439.795,68.992,0.908
43.699955,439.686,68.988,0.904
43.711565,439.495,68.980,0.905
43.723175,438.519,68.942,0.914
43.734785,437.489,68.901,0.914
43.746395,436.848,68.876,0.908
43.758005,435.677,68.829,0.900
43.769615,433.845,68.756,0.897
43.781224,847.265,80.344,0.892
43.792834,843.337,80.263,0.891
43.804444,346.385,64.858,0.889
43.816054,347.429,64.911,0.882
43.827664,348.940,64.986,0.889
43.839274,348.642,64.971,0.903
43.850884,348.532,64.965,0.915
43.862494,348.391,64.958,0.922
43.874104,348.560,64.967,0.926
43.885714,349.081,64.993,0.930
43.897324,349.338,65.005,0.933
43.908934,349.399,65.008,0.929
43.920544,349.462,65.012,0.913
43.932154,349.555,65.016,0.892
43.943764,349.455,65.011,0.868
43.955374,349.231,65.000,0.846
43.966984,349.030,64.990,0.821
43.978594,348.222,64.950,0.792
43.990204,346.907,64.885,0.746
44.001814,344.414,64.760,0.721
44.013424,345.331,64.806,0.753
44.025034,349.409,65.009,0.784
44.036644,350.962,65.086,0.794
44.048254,350.853,65.080,0.790
44.059864,350.328,65.054,0.788
44.071474,350.238,65.050,0.788
44.083084,350.128,65.045,0.794
44.094694,350.255,65.051,0.792
44.106304,349.931,65.035,0.780
44.117914,348.610,64.969,0.763
44.129524,348.221,64.950,0.764
44.141134,348.582,64.968,0.777
44.152744,348.989,64.988,0.784
44.164354,349.504,65.014,0.789
44.175964,350.140,65.045,0.791
44.187574,350.798,65.078,0.785
44.199184,351.212,65.098,0.783
44.210794,384.170,66.651,0.824
44.222404,385.397,66.706,0.866
44.234014,386.995,66.778,0.891
44.245624,388.827,66.860,0.918
44.257234,390.202,66.921,0.940
44.268844,390.930,66.953,0.957
44.280454,390.806,66.947,0.974
44.292063,390.207,66.921,0.987
44.303673,389.780,66.902,0.984
44.315283,389.662,66.897,0.975
44.326893,388.327,66.837,0.971
44.338503,386.076,66.737,0.965
44.350113,384.832,66.681,0.961
44.361723,384.611,66.671,0.960
44.373333,385.510,66.711,0.962
44.384943,387.579,66.804,0.964
44.396553,390.255,66.923,0.969
44.408163,391.811,66.992,0.967
44.419773,392.966,67.043,0.964
44.431383,393.574,67.070,0.957
44.442993,393.848,67.082,0.949
44.454603,393.783,67.079,0.940
44.466213,391.413,66.974,0.929
44.477823,387.189,66.786,0.921
44.489433,385.454,66.709,0.917
44.501043,385.253,66.700,0.922
44.512653,385.643,66.717,0.924
44.524263,387.741,66.811,0.928
44.535873,390.744,66.945,0.932
44.547483,392.756,67.034,0.931
44.559093,393.678,67.074,0.930
44.570703,393.826,67.081,0.925
44.582313,393.140,67.050,0.928
44.593923,391.266,66.968,0.931
44.605533,389.124,66.873,0.937
44.617143,388.044,66.825,0.939
44.628753,387.632,66.806,0.937
44.640363,387.576,66.804,0.935
44.651973,388.027,66.824,0.935
44.663583,389.310,66.881,0.937
44.675193,391.288,66.969,0.936
44.686803,392.391,67.017,0.937
44.698413,392.874,67.039,0.936
44.710023,392.956,67.042,0.939
44.721633,392.712,67.032,0.940
44.733243,392.136,67.006,0.943
44.744853,391.346,66.971,0.942
44.756463,390.492,66.933,0.942
44.768073,390.078,66.915,0.942
44.779683,390.615,66.939,0.941
44.791293,391.780,66.990,0.939
44.802902,392.804,67.036,0.934
44.814512,393.575,67.070,0.937
44.826122,394.624,67.116,0.937
44.837732,395.791,67.167,0.935
44.849342,397.391,67.237,0.939
44.860952,400.483,67.371,0.944
44.872562,832.489,80.039,0.942
44.884172,838.062,80.155,0.944
44.895782,843.464,80.266,0.950
44.907392,849.201,80.383,0.952
44.919002,435.586,68.825,0.954
44.930612,436.922,68.878,0.958
44.942222,438.822,68.954,0.958
44.953832,439.653,68.986,0.955
44.965442,439.393,68.976,0.953
44.977052,438.883,68.956,0.951
44.988662,438.465,68.940,0.944
45.000272,438.222,68.930,0.940
45.011882,438.870,68.955,0.937
45.023492,439.792,68.992,0.931
45.035102,220.190,57.015,0.919
45.046712,220.196,57.015,0.905
45.058322,220.107,57.008,0.896
45.069932,219.788,56.983,0.888
45.081542,896.263,81.317,0.882
45.093152,909.312,81.567,0.871
45.104762,920.697,81.783,0.861
45.116372,176.226,53.159,0.850
45.127982,930.770,81.971,0.844
45.139592,282.861,61.351,0.838
45.151202,929.223,81.942,0.822
45.162812,97.943,42.990,0.798
45.174422,216.184,56.697,0.778
45.186032,216.039,56.685,0.754
45.197642,214.903,56.594,0.719
45.209252,876.971,80.940,0.684
45.220862,129.542,47.831,0.643
45.232472,770.606,78.702,0.609
45.244082,781.375,78.942,0.589
45.255692,786.082,79.046,0.589
45.267302,784.612,79.014,0.577
45.278912,785.714,79.038,0.568
45.290522,790.217,79.137,0.562
45.302132,791.969,79.175,0.555
45.313741,786.216,79.049,0.554
45.325351,787.944,79.087,0.548
45.336961,783.557,78.990,0.546
45.348571,785.968,79.044,0.531
45.360181,780.762,78.929,0.530
45.371791,781.205,78.938,0.527
45.383401,777.527,78.857,0.534
45.395011,782.317,78.963,0.540
45.406621,787.174,79.070,0.546
45.418231,793.463,79.208,0.548
45.429841,798.022,79.307,0.548
45.441451,802.040,79.394,0.550
45.453061,801.919,79.391,0.547
45.464671,803.360,79.423,0.549
45.476281,811.137,79.589,0.538
45.487891,810.260,79.571,0.530
45.499501,806.668,79.494,0.522
45.511111,798.237,79.312,0.511
45.522721,792.307,79.183,0.501
45.534331,786.453,79.054,0.490
45.545941,395.085,67.136,0.480
45.557551,394.298,67.101,0.473
45.569161,393.015,67.045,0.477
45.580771,392.088,67.004,0.466
45.592381,391.352,66.972,0.455
45.603991,392.313,67.014,0.454
45.615601,391.626,66.984,0.447
45.627211,391.004,66.956,0.452
45.638821,391.098,66.960,0.457
45.650431,786.359,79.052,0.456
45.662041,392.692,67.031,0.451
45.673651,791.973,79.175,0.457
45.685261,794.016,79.220,0.454
45.696871,794.683,79.235,0.455
45.708481,799.741,79.344,0.461
45.720091,806.201,79.484,0.458
45.731701,807.580,79.513,0.458
45.743311,808.874,79.541,0.464
45.754921,808.697,79.537,0.470
45.766531,804.777,79.453,0.470
45.778141,799.135,79.331,0.474
45.789751,795.902,79.261,0.475
45.801361,790.975,79.154,0.475
45.812971,785.990,79.044,0.474
45.824580,785.166,79.026,0.475
45.836190,786.703,79.060,0.473
45.847800,88.139,41.164,0.467
45.859410,88.355,41.207,0.467
45.871020,88.434,41.222,0.467
45.882630,88.484,41.232,0.458
45.894240,88.478,41.231,0.452
45.905850,177.710,53.304,0.497
45.917460,946.440,82.260,0.570
45.929070,945.623,82.245,0.638
45.940680,950.521,82.335,0.671
45.952290,145.097,49.794,0.694
45.963900,790.639,79.146,0.715
45.975510,512.755,71.649,0.734
45.987120,99.821,43.319,0.749
45.998730,512.765,71.650,0.757
46.010340,85.122,40.561,0.757
46.021950,512.019,71.624,0.749
46.033560,512.200,71.630,0.752
46.045170,511.622,71.611,0.754
46.056780,164.524,51.969,0.754
46.068390,144.114,49.677,0.750
46.080000,144.062,49.670,0.755
46.091610,362.034,65.623,0.772
46.103220,191.853,54.630,0.782
46.114830,192.254,54.666,0.793
46.126440,393.067,67.047,0.803
46.138050,393.154,67.051,0.812
46.149660,393.089,67.048,0.827
46.161270,392.899,67.040,0.844
46.172880,392.610,67.027,0.854
46.184490,392.415,67.019,0.860
46.196100,392.646,67.029,0.868
46.207710,392.621,67.028,0.876
46.219320,392.379,67.017,0.881
46.230930,392.253,67.011,0.886
46.242540,392.253,67.011,0.887
46.254150,392.270,67.012,0.886
46.265760,392.312,67.014,0.888
46.277370,392.410,67.018,0.889
46.288980,392.759,67.034,0.892
46.300590,393.115,67.049,0.879
46.312200,394.427,67.107,0.880
46.323810,400.940,67.391,0.893
46.335420,417.026,68.072,0.905
46.347029,429.901,68.598,0.910
46.358639,434.515,68.783,0.914
46.370249,437.558,68.904,0.918
46.381859,439.172,68.967,0.918
46.393469,439.601,68.984,0.928
46.405079,439.995,69.000,0.930
46.416689,440.346,69.014,0.922
46.428299,440.358,69.014,0.915
46.439909,440.178,69.007,0.913
46.451519,439.936,68.997,0.907
46.463129,439.851,68.994,0.895
46.474739,439.548,68.982,0.881
46.486349,439.354,68.975,0.865
46.497959,439.202,68.969,0.847
46.509569,439.218,68.969,0.826
46.521179,439.449,68.978,0.798
46.532789,440.059,69.002,0.766
46.544399,440.111,69.004,0.739
46.556009,440.120,69.005,0.735
46.567619,440.535,69.021,0.742
46.579229,440.404,69.016,0.756
46.590839,440.214,69.008,0.765
46.602449,440.157,69.006,0.776
46.614059,440.207,69.008,0.791
46.625669,440.071,69.003,0.801
46.637279,440.209,69.008,0.809
46.648889,440.176,69.007,0.815
46.660499,440.000,69.000,0.821
46.672109,439.866,68.995,0.825
46.683719,439.854,68.994,0.834
46.695329,439.701,68.988,0.846
46.706939,439.293,68.972,0.844
46.718549,439.157,68.967,0.836
46.730159,438.951,68.959,0.836
46.741769,439.725,68.989,0.858
46.753379,440.752,69.030,0.880
46.764989,441.615,69.063,0.895
46.776599,441.585,69.062,0.903
46.788209,441.072,69.042,0.911
46.799819,439.922,68.997,0.923
46.811429,438.806,68.953,0.937
46.823039,437.265,68.892,0.946
46.834649,868.824,80.779,0.942
46.846259,860.570,80.613,0.934
46.857868,851.007,80.420,0.930
46.869478,841.943,80.235,0.929
46.881088,399.925,67.347,0.922
46.892698,396.983,67.219,0.917
46.904308,395.740,67.165,0.911
46.915918,394.344,67.103,0.906
46.927528,393.230,67.054,0.900
46.939138,392.592,67.026,0.892
46.950748,391.863,66.994,0.878
46.962358,390.544,66.936,0.861
46.973968,385.823,66.725,0.844
46.985578,368.908,65.949,0.824
46.997188,365.717,65.799,0.798
47.008798,346.713,64.875,0.765
47.020408,346.783,64.878,0.735
47.032018,347.880,64.933,0.715
47.043628,349.381,65.008,0.703
47.055238,350.370,65.056,0.698
47.066848,351.613,65.118,0.709
47.078458,175.877,53.125,0.724
47.090068,360.097,65.531,0.735
47.101678,362.135,65.628,0.743
47.113288,385.361,66.705,0.751
47.124898,385.434,66.708,0.756
47.136508,99.397,43.245,0.761
47.148118,100.720,43.474,0.762
47.159728,99.387,43.243,0.757
47.171338,85.806,40.700,0.748
47.182948,314.204,63.170,0.755
47.194558,327.494,63.888,0.779
47.206168,339.582,64.515,0.817
47.217778,348.445,64.961,0.846
47.229388,351.008,65.088,0.872
47.240998,353.084,65.190,0.893
47.252608,352.941,65.183,0.910
47.264218,351.092,65.092,0.929
47.275828,349.761,65.026,0.939
47.287438,349.140,64.996,0.945
47.299048,348.181,64.948,0.943
47.310658,345.108,64.795,0.941
47.322268,342.106,64.643,0.939
47.333878,341.019,64.588,0.941
47.345488,341.206,64.598,0.936
47.357098,343.412,64.709,0.929
47.368707,347.278,64.903,0.924
47.380317,351.257,65.100,0.919
47.391927,352.917,65.182,0.917
47.403537,353.017,65.187,0.924
47.415147,352.944,65.183,0.926
47.426757,352.364,65.155,0.915
47.438367,350.098,65.043,0.912
47.449977,347.566,64.917,0.910
47.461587,346.042,64.841,0.901
47.473197,344.116,64.745,0.891
47.484807,342.589,64.668,0.875
47.496417,341.188,64.597,0.844
47.508027,341.860,64.631,0.808
47.519637,345.495,64.814,0.785
47.531247,349.772,65.027,0.755
47.542857,353.803,65.225,0.718
47.554467,354.531,65.261,0.688
47.566077,353.846,65.227,0.664
47.577687,352.046,65.139,0.651
47.589297,173.495,52.889,0.638
47.600907,173.631,52.902,0.631
47.612517,346.530,64.866,0.628
47.624127,345.937,64.836,0.629
47.635737,346.109,64.845,0.641
47.647347,345.412,64.810,0.647
47.658957,345.990,64.839,0.664
47.670567,345.455,64.812,0.671
47.682177,345.922,64.835,0.672
47.693787,346.320,64.855,0.670
47.705397,347.075,64.893,0.665
47.717007,347.339,64.906,0.655
47.728617,347.011,64.890,0.633
47.740227,347.050,64.892,0.621
47.751837,347.687,64.923,0.602
47.763447,347.916,64.935,0.608
47.775057,345.849,64.832,0.622
47.786667,113.525,45.546,0.645
47.798277,249.133,59.153,0.691
47.809887,247.971,59.072,0.726
47.821497,248.749,59.126,0.747
47.833107,249.254,59.161,0.771
47.844717,131.739,48.122,0.793
47.856327,131.835,48.135,0.810
47.867937,131.534,48.095,0.824
47.879546,131.331,48.068,0.833
47.891156,262.056,60.028,0.840
47.902766,261.466,59.989,0.848
47.914376,261.210,59.972,0.853
47.925986,261.878,60.017,0.857
47.937596,262.705,60.071,0.861
47.949206,265.213,60.236,0.866
47.960816,270.208,60.559,0.872
47.972426,282.808,61.348,0.878
47.984036,288.148,61.672,0.883
47.995646,290.792,61.830,0.886
48.007256,292.408,61.926,0.894
48.018866,293.431,61.986,0.898
48.030476,294.283,62.036,0.899
48.042086,294.413,62.044,0.899
48.053696,294.141,62.028,0.896
48.065306,293.845,62.011,0.897
48.076916,293.250,61.976,0.895
48.088526,293.081,61.966,0.879
48.100136,292.815,61.950,0.858
48.111746,292.305,61.920,0.834
48.123356,291.584,61.877,0.808
48.134966,291.015,61.843,0.777
48.146576,290.357,61.804,0.739
48.158186,289.097,61.729,0.664
48.169796,97.290,42.874,0.482
48.181406,891.315,81.221,0.462
48.193016,364.918,65.761,0.522
48.204626,784.180,79.004,0.574
48.216236,307.490,62.796,0.631
48.227846,318.475,63.404,0.719
48.239456,323.705,63.686,0.773
48.251066,326.820,63.852,0.810
48.262676,329.227,63.979,0.843
48.274286,330.337,64.037,0.865
48.285896,330.117,64.026,0.876
48.297506,329.102,63.972,0.888
48.309116,328.349,63.933,0.900
48.320726,328.696,63.951,0.899
48.332336,327.588,63.893,0.897
48.343946,325.248,63.768,0.898
48.355556,323.880,63.695,0.901
48.367166,324.402,63.723,0.908
48.378776,325.959,63.806,0.914
48.390385,328.894,63.961,0.918
48.401995,331.622,64.104,0.917
48.413605,332.696,64.160,0.925
48.425215,332.872,64.170,0.933
48.436825,332.571,64.154,0.935
48.448435,331.909,64.119,0.934
48.460045,329.606,63.999,0.934
48.471655,326.624,63.842,0.936
48.483265,325.145,63.763,0.935
48.494875,324.156,63.710,0.933
48.506485,323.667,63.684,0.926
48.518095,324.225,63.714,0.922
48.529705,325.256,63.769,0.916
48.541315,326.820,63.852,0.912
48.552925,328.404,63.936,0.905
48.564535,329.371,63.987,0.896
48.576145,329.646,64.001,0.889
48.587755,329.189,63.977,0.890
48.599365,328.118,63.921,0.889
48.610975,327.366,63.881,0.882
48.622585,326.890,63.856,0.874
48.634195,326.350,63.827,0.861
48.645805,325.486,63.781,0.847
48.657415,324.431,63.725,0.839
48.669025,324.670,63.738,0.831
48.680635,163.884,51.902,0.819
48.692245,349.361,65.007,0.807
48.703855,350.604,65.068,0.803
48.715465,350.429,65.059,0.810
48.727075,350.057,65.041,0.818
48.738685,349.461,65.012,0.822
48.750295,348.649,64.971,0.824
48.761905,348.277,64.953,0.831
48.773515,347.941,64.936,0.836
48.785125,347.372,64.908,0.839
48.796735,347.332,64.906,0.840
48.808345,347.708,64.924,0.845
48.819955,348.270,64.952,0.848
48.831565,348.874,64.982,0.854
48.843175,349.244,65.001,0.861
48.854785,349.381,65.008,0.868
48.866395,349.468,65.012,0.874
48.878005,349.501,65.014,0.879
48.889615,349.515,65.014,0.884
48.901224,349.417,65.009,0.886
48.912834,349.323,65.005,0.888
48.924444,349.205,64.999,0.889
48.936054,349.144,64.996,0.888
48.947664,349.165,64.997,0.888
48.959274,349.141,64.996,0.886
48.970884,349.150,64.996,0.883
48.982494,349.169,64.997,0.882
48.994104,349.331,65.005,0.884
49.005714,349.415,65.009,0.884
49.017324,349.555,65.016,0.885
49.028934,349.809,65.029,0.890
49.040544,350.052,65.041,0.889
49.052154,350.011,65.039,0.891
49.063764,350.015,65.039,0.894
49.075374,174.742,53.013,0.903
49.086984,491.928,70.931,0.908
49.098594,494.560,71.024,0.916
49.110204,499.403,71.192,0.920
49.121814,173.033,52.843,0.920
49.133424,512.502,71.641,0.924
49.145034,518.430,71.840,0.927
49.156644,520.424,71.906,0.929
49.168254,521.666,71.947,0.926
49.179864,522.597,71.978,0.922
49.191474,523.151,71.997,0.915
49.203084,523.381,72.004,0.911
49.214694,523.483,72.008,0.909
49.226304,523.488,72.008,0.908
49.237914,523.395,72.005,0.906
49.249524,524.595,72.044,0.906
49.261134,526.259,72.099,0.905
49.272744,528.494,72.173,0.904
49.284354,532.620,72.307,0.909
49.295964,539.565,72.532,0.920
49.307574,551.349,72.906,0.929
49.319184,567.409,73.403,0.939
49.330794,576.824,73.688,0.948
49.342404,582.257,73.850,0.954
49.354014,584.630,73.920,0.963
49.365624,586.391,73.972,0.973
49.377234,587.755,74.013,0.980
49.388844,587.609,74.008,0.983
49.400454,587.119,73.994,0.988
49.412063,586.671,73.981,0.991
49.423673,586.892,73.987,0.992
49.435283,586.928,73.988,0.994
49.446893,586.974,73.990,0.991
49.458503,587.431,74.003,0.987
49.470113,586.128,73.965,0.980
49.481723,585.002,73.931,0.967
49.493333,583.524,73.887,0.949
49.504943,581.290,73.821,0.931
49.516553,577.400,73.705,0.915
49.528163,568.708,73.442,0.895
49.539773,547.928,72.798,0.881
49.551383,532.391,72.300,0.866
49.562993,526.902,72.120,0.851
49.574603,525.414,72.071,0.850
49.586213,524.523,72.042,0.855
49.597823,524.242,72.033,0.852
49.609433,524.321,72.035,0.849
49.621043,524.674,72.047,0.851
49.632653,524.796,72.051,0.846
49.644263,524.675,72.047,0.846
49.655873,524.766,72.050,0.852
49.667483,524.570,72.044,0.853
49.679093,524.177,72.031,0.846
49.690703,524.158,72.030,0.837
49.702313,524.296,72.035,0.828
49.713923,524.483,72.041,0.817
49.725533,524.312,72.035,0.808
49.737143,524.079,72.027,0.796
49.748753,522.926,71.989,0.780
49.760363,522.262,71.967,0.770
49.771973,522.863,71.987,0.774
49.783583,522.637,71.980,0.782
49.795193,522.773,71.984,0.788
49.806803,522.120,71.963,0.793
49.818413,522.914,71.989,0.801
49.830023,523.629,72.013,0.809
49.841633,523.754,72.017,0.813
49.853243,523.835,72.019,0.816
49.864853,524.727,72.049,0.822
49.876463,525.568,72.077,0.824
49.888073,525.706,72.081,0.821
49.899683,526.301,72.101,0.827
49.911293,525.995,72.091,0.841
49.922902,524.412,72.038,0.848
49.934512,523.786,72.018,0.855
49.946122,523.606,72.012,0.860
49.957732,523.549,72.010,0.862
49.969342,523.348,72.003,0.866
49.980952,523.326,72.002,0.871
49.992562,523.150,71.997,0.870
50.004172,523.086,71.995,0.860
50.015782,523.213,71.999,0.855
50.027392,523.440,72.006,0.849
50.039002,523.542,72.010,0.846
50.050612,523.623,72.012,0.844
50.062222,523.488,72.008,0.846
50.073832,522.967,71.991,0.857
50.085442,522.405,71.972,0.866
50.097052,521.980,71.958,0.861
50.108662,520.805,71.919,0.852
50.120272,518.781,71.851,0.848
50.131882,514.252,71.700,0.842
50.143492,508.010,71.488,0.839
50.155102,496.679,71.098,0.833
50.166712,462.603,69.867,0.812
50.178322,408.706,67.723,0.788
50.189932,87.564,41.051,0.787
50.201542,87.387,41.016,0.789
50.213152,175.507,53.088,0.787
50.224762,175.027,53.041,0.785
50.236372,175.053,53.043,0.780
50.247982,175.084,53.047,0.777
50.259592,175.153,53.053,0.777
50.271202,350.236,65.050,0.778
50.282812,349.944,65.035,0.779
50.294422,349.450,65.011,0.774
50.306032,349.144,64.996,0.765
50.317642,174.464,52.985,0.759
50.329252,350.546,65.065,0.773
50.340862,352.426,65.158,0.798
50.352472,354.423,65.256,0.827
50.364082,355.354,65.301,0.845
50.375692,355.321,65.299,0.865
50.387302,354.672,65.268,0.881
50.398912,354.105,65.240,0.893
50.410522,353.710,65.221,0.905
50.422132,353.406,65.206,0.908
50.433741,352.449,65.159,0.904
50.445351,346.754,64.877,0.897
50.456961,345.232,64.801,0.892
50.468571,344.500,64.764,0.887
50.480181,346.226,64.851,0.886
50.491791,354.297,65.249,0.889
50.503401,355.981,65.332,0.890
50.515011,355.816,65.324,0.893
50.526621,355.270,65.297,0.897
50.538231,355.591,65.313,0.899
50.549841,355.655,65.316,0.902
50.561451,353.168,65.194,0.898
50.573061,344.448,64.761,0.895
50.584671,344.312,64.755,0.893
50.596281,344.325,64.755,0.890
50.607891,344.136,64.746,0.889
50.619501,345.448,64.812,0.888
50.631111,353.399,65.206,0.886
50.642721,353.858,65.228,0.884
50.654331,353.251,65.198,0.887
50.665941,352.614,65.167,0.892
50.677551,352.603,65.166,0.895
50.689161,351.507,65.113,0.897
50.700771,349.703,65.024,0.891
50.712381,348.315,64.955,0.879
50.723991,346.995,64.889,0.869
50.735601,345.154,64.797,0.859
50.747211,343.970,64.737,0.853
50.758821,342.270,64.652,0.840
50.770431,713.576,77.371,0.819
50.782041,354.113,65.240,0.790
50.793651,355.983,65.332,0.766
50.805261,119.916,46.494,0.752
50.816871,120.006,46.507,0.735
50.828481,358.454,65.451,0.708
50.840091,353.975,65.234,0.657
50.851701,352.506,65.162,0.599
50.863311,353.846,65.227,0.563
50.874921,353.605,65.216,0.553
50.886531,354.001,65.235,0.569
50.898141,354.488,65.259,0.588
50.909751,355.105,65.289,0.601
50.921361,353.940,65.232,0.608
50.932971,355.168,65.292,0.620
50.944580,354.874,65.278,0.624
50.956190,355.261,65.297,0.627
50.967800,355.518,65.309,0.631
50.979410,353.867,65.228,0.631
50.991020,354.597,65.264,0.630
51.002630,355.575,65.312,0.629
51.014240,355.317,65.299,0.628
51.025850,353.803,65.225,0.627
51.037460,354.317,65.250,0.624
51.049070,351.353,65.105,0.620
51.060680,349.752,65.026,0.617
51.072290,117.228,46.102,0.606
51.083900,345.715,64.825,0.595
51.095510,345.681,64.823,0.587
51.107120,172.937,52.833,0.578
51.118730,346.609,64.870,0.558
51.130340,347.367,64.907,0.542
51.141950,348.954,64.986,0.525
51.153560,709.362,77.268,0.602
51.165170,708.543,77.248,0.649
51.176780,707.179,77.215,0.698
51.188390,709.851,77.280,0.725
51.200000,712.111,77.335,0.756
51.211610,262.267,60.042,0.788
51.223220,260.589,59.931,0.823
51.234830,260.301,59.912,0.851
51.246440,259.873,59.884,0.865
51.258050,259.642,59.868,0.877
51.269660,259.905,59.886,0.882
51.281270,259.699,59.872,0.890
51.292880,259.787,59.878,0.895
51.304490,260.649,59.935,0.899
51.316100,262.461,60.055,0.900
51.327710,265.407,60.248,0.897
51.339320,269.020,60.483,0.895
51.350930,273.506,60.769,0.894
51.362540,277.759,61.036,0.897
51.374150,281.150,61.246,0.899
51.385760,283.420,61.385,0.901
51.397370,286.096,61.548,0.903
51.408980,288.623,61.700,0.903
51.420590,290.199,61.794,0.906
51.432200,291.613,61.879,0.909
51.443810,292.805,61.949,0.911
51.455420,293.562,61.994,0.911
51.467029,294.066,62.024,0.908
51.478639,294.511,62.050,0.904
51.490249,294.785,62.066,0.897
51.501859,294.853,62.070,0.895
51.513469,294.542,62.052,0.895
51.525079,294.045,62.022,0.900
51.536689,293.276,61.977,0.899
51.548299,292.835,61.951,0.885
51.559909,292.393,61.925,0.870
51.571519,291.776,61.888,0.854
51.583129,290.821,61.832,0.839
51.594739,289.885,61.776,0.818
51.606349,288.988,61.722,0.805
51.617959,292.697,61.943,0.783
51.629569,336.557,64.360,0.765
51.641179,336.775,64.371,0.783
51.652789,335.849,64.324,0.804
51.664399,334.837,64.271,0.821
51.676009,333.711,64.213,0.842
51.687619,333.110,64.182,0.854
51.699229,332.317,64.141,0.857
51.710839,326.661,63.844,0.862
51.722449,325.188,63.765,0.865
51.734059,324.943,63.752,0.867
51.745669,324.344,63.720,0.868
51.757279,325.373,63.775,0.868
51.768889,327.490,63.887,0.863
51.780499,329.074,63.971,0.860
51.792109,330.338,64.037,0.852
51.803719,330.876,64.065,0.842
51.815329,331.559,64.101,0.825
51.826939,332.241,64.137,0.807
51.838549,332.412,64.146,0.786
51.850159,330.588,64.050,0.762
51.861769,328.453,63.938,0.737
51.873379,325.426,63.778,0.709
51.884989,320.879,63.534,0.665
51.896599,297.596,62.230,0.603
51.908209,297.429,62.221,0.623
51.919819,295.081,62.083,0.661
51.931429,297.743,62.239,0.699
51.943039,294.496,62.049,0.726
51.954649,294.837,62.069,0.747
51.966259,295.193,62.090,0.765
51.977868,232.805,57.979,0.781
51.989478,232.797,57.979,0.789
52.001088,232.679,57.970,0.789
52.012698,232.762,57.976,0.785
52.024308,314.214,63.171,0.780
52.035918,348.274,64.953,0.788
52.047528,349.241,65.001,0.795
52.059138,349.792,65.028,0.801
52.070748,350.102,65.043,0.810
52.082358,349.558,65.016,0.822
52.093968,348.093,64.944,0.835
52.105578,347.368,64.908,0.847
52.117188,346.544,64.866,0.857
52.128798,342.654,64.671,0.859
52.140408,340.858,64.580,0.861
52.152018,341.065,64.591,0.865
52.163628,341.179,64.596,0.868
52.175238,343.052,64.691,0.871
52.186848,353.386,65.205,0.877
52.198458,355.669,65.316,0.883
52.210068,355.515,65.309,0.884
52.221678,355.187,65.293,0.884
52.233288,354.920,65.280,0.886
52.244898,354.362,65.253,0.889
52.256508,351.969,65.135,0.890
52.268118,346.030,64.841,0.891
52.279728,339.882,64.530,0.887
52.291338,336.281,64.346,0.882
52.302948,335.496,64.305,0.883
52.314558,335.907,64.327,0.883
52.326168,340.266,64.550,0.878
52.337778,344.496,64.764,0.871
52.349388,348.188,64.948,0.872
52.360998,351.762,65.125,0.873
52.372608,353.707,65.221,0.867
52.384218,355.063,65.287,0.852
52.395828,354.915,65.280,0.831
52.407438,351.891,65.132,0.810
52.419048,347.045,64.891,0.791
52.430658,343.034,64.690,0.767
52.442268,338.786,64.474,0.718
52.453878,341.980,64.637,0.620
52.465488,341.612,64.618,0.523
52.477098,350.215,65.049,0.502
52.488707,351.630,65.119,0.518
52.500317,352.835,65.178,0.532
52.511927,352.485,65.161,0.547
52.523537,352.747,65.174,0.556
52.535147,353.640,65.217,0.568
52.546757,353.792,65.225,0.573
52.558367,354.044,65.237,0.573
52.569977,354.191,65.244,0.566
52.581587,354.431,65.256,0.555
52.593197,355.062,65.287,0.540
52.604807,355.302,65.299,0.519
52.616417,354.904,65.279,0.504
52.628027,354.454,65.257,0.481
52.639637,353.257,65.199,0.457
52.651247,354.028,65.236,0.482
52.662857,375.967,66.277,0.685
52.674467,385.965,66.732,0.808
52.686077,389.418,66.886,0.883
52.697687,390.912,66.952,0.926
52.709297,391.622,66.983,0.949
52.720907,391.609,66.983,0.971
52.732517,390.985,66.955,0.988
52.744127,390.772,66.946,1.000
52.755737,391.433,66.975,0.999
52.767347,392.096,67.004,0.988
52.778957,392.448,67.020,0.970
52.790567,393.394,67.062,0.954
52.802177,395.755,67.165,0.951
52.813787,402.443,67.455,0.949
52.825397,413.019,67.904,0.946
52.837007,421.802,68.269,0.942
52.848617,428.897,68.558,0.946
52.860227,433.462,68.741,0.946
52.871837,436.917,68.878,0.947
52.883447,438.595,68.945,0.946
52.895057,440.104,69.004,0.930
52.906667,440.734,69.029,0.905
52.918277,440.722,69.028,0.877
52.929887,439.959,68.998,0.851
52.941497,439.119,68.965,0.824
52.953107,438.390,68.937,0.801
52.964717,438.236,68.930,0.766
52.976327,439.124,68.966,0.728
52.987937,439.530,68.982,0.732
52.999546,439.409,68.977,0.754
53.011156,438.806,68.953,0.779
53.022766,438.300,68.933,0.778
53.034376,437.948,68.919,0.772
53.045986,436.224,68.851,0.775
53.057596,435.236,68.812,0.805
53.069206,395.503,67.154,0.834
53.080816,392.407,67.018,0.858
53.092426,391.511,66.979,0.883
53.104036,390.993,66.956,0.897
53.115646,390.923,66.953,0.913
53.127256,390.919,66.952,0.928
53.138866,390.914,66.952,0.939
53.150476,391.162,66.963,0.940
53.162086,391.282,66.968,0.938
53.173696,391.471,66.977,0.934
53.185306,391.719,66.988,0.923
53.196916,391.968,66.999,0.914
53.208526,392.005,67.000,0.911
53.220136,392.073,67.003,0.911
53.231746,391.905,66.996,0.909
53.243356,391.604,66.983,0.897
53.254966,391.445,66.976,0.879
53.266576,391.162,66.963,0.861
53.278186,390.775,66.946,0.843
53.289796,390.441,66.931,0.828
53.301406,390.137,66.918,0.808
53.313016,389.513,66.890,0.778
53.324626,350.564,65.066,0.748
53.336236,351.477,65.111,0.757
53.347846,352.010,65.137,0.773
53.359456,351.317,65.103,0.788
53.371066,350.543,65.065,0.801
53.382676,349.753,65.026,0.813
53.394286,349.040,64.991,0.823
53.405896,347.969,64.937,0.831
53.417506,345.119,64.795,0.837
53.429116,343.592,64.718,0.836
53.440726,343.503,64.714,0.837
53.452336,343.434,64.710,0.837
53.463946,343.506,64.714,0.837
53.475556,112.806,45.436,0.835
53.487166,354.878,65.278,0.832
53.498776,355.612,65.314,0.828
53.510385,355.189,65.293,0.825
53.521995,354.704,65.269,0.829
53.533605,354.262,65.248,0.831
53.545215,353.121,65.192,0.831
53.556825,350.737,65.075,0.834
53.568435,350.020,65.039,0.831
53.580045,349.320,65.005,0.826
53.591655,348.501,64.964,0.822
53.603265,348.148,64.946,0.813
53.614875,349.821,65.029,0.811
53.626485,352.885,65.180,0.806
53.638095,355.659,65.316,0.810
53.649705,359.492,65.501,0.810
53.661315,366.989,65.859,0.821
53.672925,194.059,54.828,0.830
53.684535,468.167,70.074,0.836
53.696145,193.800,54.805,0.839
53.707755,193.862,54.810,0.836
53.719365,281.342,61.258,0.836
53.730975,126.286,47.390,0.832
53.742585,126.601,47.433,0.828
53.754195,263.782,60.142,0.830
53.765805,259.480,59.857,0.839
53.777415,259.317,59.847,0.848
53.789025,254.560,59.526,0.858
53.800635,254.620,59.530,0.861
53.812245,253.319,59.441,0.863
53.823855,251.811,59.338,0.864
53.835465,251.855,59.341,0.867
53.847075,252.138,59.361,0.867
53.858685,253.303,59.440,0.864
53.870295,257.547,59.728,0.862
53.881905,261.942,60.021,0.863
53.893515,263.212,60.105,0.867
53.905125,263.628,60.132,0.870
53.916735,263.882,60.149,0.873
53.928345,263.866,60.148,0.873
53.939955,263.764,60.141,0.864
53.951565,263.007,60.091,0.851
53.963175,261.370,59.983,0.836
53.974785,259.411,59.853,0.819
53.986395,258.037,59.761,0.801
53.998005,257.017,59.692,0.780
54.009615,257.976,59.757,0.763
54.021224,258.393,59.785,0.744
54.032834,268.126,60.425,0.735
54.044444,268.677,60.460,0.735
54.056054,270.151,60.555,0.735
54.067664,269.680,60.525,0.738
54.079274,262.451,60.055,0.742
54.090884,84.159,40.364,0.751
54.102494,84.145,40.361,0.745
54.114104,84.158,40.364,0.743
54.125714,327.567,63.891,0.767
54.137324,328.826,63.958,0.806
54.148934,339.727,64.522,0.847
54.160544,345.178,64.798,0.873
54.172154,351.388,65.107,0.889
54.183764,352.720,65.172,0.901
54.195374,352.409,65.157,0.915
54.206984,350.752,65.075,0.927
54.218594,349.516,65.014,0.933
54.230204,349.030,64.990,0.930
54.241814,347.650,64.922,0.922
54.253424,345.089,64.794,0.916
54.265034,343.603,64.719,0.919
54.276644,343.278,64.702,0.926
54.288254,344.073,64.743,0.928
54.299864,346.755,64.877,0.930
54.311474,350.481,65.062,0.931
54.323084,352.386,65.156,0.936
54.334694,353.254,65.198,0.939
54.346304,353.610,65.216,0.938
54.357914,353.926,65.231,0.928
54.369524,353.628,65.217,0.913
54.381134,351.795,65.127,0.899
54.392744,348.903,64.984,0.884
54.404354,346.535,64.866,0.870
54.415964,344.738,64.776,0.847
54.427574,343.622,64.720,0.825
54.439184,346.297,64.854,0.817
54.450794,349.759,65.026,0.823
54.462404,351.355,65.105,0.830
54.474014,351.807,65.127,0.841
54.485624,352.313,65.152,0.848
54.497234,352.148,65.144,0.854
54.508844,350.941,65.085,0.861
54.520454,350.053,65.041,0.864
54.532063,354.201,65.245,0.866
54.543673,173.033,52.843,0.866
54.555283,386.761,66.767,0.863
54.566893,393.159,67.051,0.857
54.578503,399.500,67.328,0.859
54.590113,403.916,67.519,0.859
54.601723,405.183,67.573,0.863
54.613333,404.500,67.544,0.867
54.624943,404.725,67.553,0.869
54.636553,404.732,67.554,0.872
54.648163,403.551,67.503,0.875
54.659773,403.018,67.480,0.879
54.671383,403.959,67.520,0.887
54.682993,404.712,67.553,0.889
54.694603,412.328,67.875,0.894
54.706213,419.631,68.179,0.894
54.717823,424.821,68.392,0.898
54.729433,430.866,68.637,0.906
54.741043,436.336,68.855,0.915
54.752653,438.172,68.928,0.922
54.764263,439.799,68.992,0.925
54.775873,440.608,69.024,0.933
54.787483,441.107,69.044,0.937
54.799093,441.105,69.043,0.941
54.810703,440.988,69.039,0.943
54.822313,440.816,69.032,0.942
54.833923,440.481,69.019,0.941
54.845533,440.214,69.008,0.941
54.857143,440.058,69.002,0.938
54.868753,440.074,69.003,0.935
54.880363,440.049,69.002,0.932
54.891973,439.923,68.997,0.932
54.903583,439.641,68.986,0.931
54.915193,439.335,68.974,0.929
54.926803,438.641,68.946,0.931
54.938413,437.294,68.893,0.931
54.950023,435.320,68.815,0.927
54.961633,433.203,68.730,0.922
54.973243,430.062,68.604,0.919
54.984853,424.377,68.374,0.915
54.996463,419.597,68.178,0.913
55.008073,415.852,68.023,0.914
55.019683,410.733,67.808,0.906
55.031293,402.380,67.453,0.901
55.042902,397.195,67.228,0.905
55.054512,394.776,67.122,0.915
55.066122,393.447,67.064,0.917
55.077732,392.294,67.013,0.916
55.089342,391.818,66.992,0.915
55.100952,391.663,66.985,0.910
55.112562,391.794,66.991,0.908
55.124172,130.707,47.986,0.925
55.135782,195.578,54.963,0.934
55.147392,195.471,54.953,0.931
55.159002,194.914,54.904,0.930
55.170612,565.781,73.353,0.925
55.182222,563.517,73.283,0.919
55.193832,563.157,73.272,0.917
55.205442,566.839,73.385,0.915
55.217052,286.145,61.551,0.898
55.228662,280.271,61.192,0.888
55.240272,279.680,61.155,0.897
55.251882,279.333,61.134,0.902
55.263492,279.527,61.146,0.900
55.275102,87.495,41.037,0.898
55.286712,280.127,61.183,0.893
55.298322,87.479,41.034,0.886
55.309932,87.555,41.049,0.865
55.321542,87.715,41.081,0.836
55.333152,960.103,82.508,0.776
55.344762,142.098,49.433,0.707
55.356372,141.680,49.382,0.666
55.367982,97.883,42.980,0.608
55.379592,87.216,40.982,0.564
55.391202,87.194,40.978,0.548
55.402812,282.039,61.301,0.547
55.414422,282.963,61.357,0.557
55.426032,418.771,68.144,0.565
55.437642,562.962,73.266,0.579
55.449252,563.638,73.287,0.585
55.460862,563.984,73.298,0.591
55.472472,564.442,73.312,0.597
55.484082,829.170,79.970,0.597
55.495692,833.311,80.056,0.595
55.507302,766.313,78.605,0.592
55.518912,766.280,78.604,0.586
55.530522,764.927,78.574,0.577
55.542132,157.270,51.189,0.580
55.553741,157.439,51.207,0.578
55.565351,157.369,51.200,0.576
55.576961,754.382,78.333,0.573
55.588571,757.085,78.395,0.571
55.600181,142.948,49.536,0.564
55.611791,97.287,42.874,0.564
55.623401,146.903,50.008,0.560
55.635011,442.388,69.094,0.551
55.646621,447.638,69.298,0.544
55.658231,448.597,69.335,0.537
55.669841,448.155,69.318,0.529
55.681451,446.186,69.242,0.521
55.693061,444.697,69.184,0.516
55.704671,445.328,69.208,0.508
55.716281,445.434,69.212,0.501
55.727891,447.102,69.277,0.505
55.739501,956.893,82.450,0.581
55.751111,224.437,57.346,0.692
55.762721,457.543,69.677,0.745
55.774331,944.687,82.228,0.773
55.785941,951.634,82.355,0.788
55.797551,952.679,82.374,0.798
55.809161,206.291,55.886,0.812
55.820771,309.261,62.896,0.832
55.832381,318.195,63.389,0.848
55.843991,168.277,52.360,0.853
55.855601,355.180,65.293,0.856
55.867211,355.102,65.289,0.862
55.878821,354.083,65.239,0.875
55.890431,353.044,65.188,0.891
55.902041,351.614,65.118,0.902
55.913651,349.960,65.036,0.906
55.925261,349.153,64.996,0.907
55.936871,348.933,64.985,0.910
55.948481,348.367,64.957,0.917
55.960091,347.645,64.921,0.924
55.971701,347.185,64.898,0.917
55.983311,346.753,64.877,0.901
55.994921,346.879,64.883,0.887
56.006531,348.056,64.942,0.875
56.018141,348.519,64.965,0.863
56.029751,348.342,64.956,0.841
56.041361,349.214,64.999,0.828
56.052971,399.890,67.345,0.825
56.064580,398.483,67.284,0.840
56.076190,395.740,67.165,0.867
56.087800,393.833,67.081,0.892
56.099410,392.562,67.025,0.916
56.111020,391.833,66.993,0.931
56.122630,391.184,66.964,0.946
56.134240,390.715,66.943,0.952
56.145850,389.880,66.906,0.955
56.157460,389.361,66.883,0.958
56.169070,389.008,66.868,0.956
56.180680,388.829,66.860,0.945
56.192290,388.290,66.836,0.935
56.203900,388.282,66.835,0.923
56.215510,387.993,66.822,0.913
56.227120,387.098,66.782,0.901
56.238730,385.014,66.689,0.885
56.250340,383.161,66.605,0.875
56.261950,383.144,66.605,0.866
56.273560,384.560,66.668,0.866
56.285170,385.785,66.724,0.857
56.296780,386.848,66.771,0.856
56.308390,388.128,66.828,0.849
56.320000,389.277,66.880,0.846
56.331610,390.617,66.939,0.847
56.343220,391.492,66.978,0.843
56.354830,391.904,66.996,0.854
56.366440,392.296,67.013,0.863
56.378050,392.535,67.024,0.873
56.389660,392.682,67.030,0.878
56.401270,392.808,67.036,0.880
56.412880,392.866,67.038,0.875
56.424490,392.929,67.041,0.864
56.436100,393.113,67.049,0.849
56.447710,393.477,67.065,0.833
56.459320,196.427,55.038,0.865
56.470930,195.613,54.966,0.880
56.482540,436.775,68.873,0.882
56.494150,437.314,68.894,0.886
56.505760,437.652,68.907,0.898
56.517370,437.892,68.917,0.913
56.528980,438.136,68.927,0.923
56.540590,438.408,68.937,0.930
56.552200,438.763,68.951,0.910
56.563810,439.027,68.962,0.898
56.575420,439.472,68.979,0.901
56.587029,440.007,69.000,0.903
56.598639,440.308,69.012,0.903
56.610249,440.193,69.008,0.905
56.621859,440.166,69.007,0.897
56.633469,440.185,69.007,0.885
56.645079,440.257,69.010,0.872
56.656689,440.355,69.014,0.857
56.668299,440.786,69.031,0.848
56.679909,440.596,69.023,0.839
56.691519,440.263,69.010,0.831
56.703129,440.428,69.017,0.826
56.714739,440.007,69.000,0.842
56.726349,439.413,68.977,0.858
56.737959,439.304,68.973,0.861
56.749569,439.066,68.963,0.858
56.761179,438.401,68.937,0.849
56.772789,437.858,68.916,0.842
56.784399,437.651,68.907,0.833
56.796009,437.290,68.893,0.811
56.807619,437.703,68.909,0.779
56.819229,440.225,69.009,0.744
56.830839,440.577,69.023,0.730
56.842449,439.964,68.999,0.713
56.854059,439.485,68.980,0.694
56.865669,438.641,68.946,0.687
56.877279,399.193,67.315,0.761
56.888889,404.529,67.545,0.816
56.900499,410.746,67.809,0.850
56.912109,413.266,67.915,0.874
56.923719,414.456,67.965,0.898
56.935329,415.114,67.992,0.917
56.946939,413.759,67.935,0.934
56.958549,412.242,67.872,0.944
56.970159,410.682,67.806,0.941
56.981769,408.119,67.698,0.937
56.993379,403.487,67.500,0.936
57.004989,401.133,67.399,0.934
57.016599,400.543,67.373,0.932
57.028209,400.718,67.381,0.933
57.039819,400.210,67.359,0.931
57.051429,978.197,82.831,0.940
57.063039,219.395,56.952,0.943
57.074649,219.838,56.987,0.942
57.086259,437.619,68.906,0.942
57.097868,438.448,68.939,0.942
57.109478,439.090,68.964,0.939
57.121088,439.376,68.975,0.933
57.132698,439.298,68.972,0.926
57.144308,438.726,68.950,0.912
57.155918,438.190,68.929,0.904
57.167528,438.039,68.923,0.901
57.179138,438.062,68.924,0.897
57.190748,438.153,68.927,0.896
57.202358,437.968,68.920,0.901
57.213968,437.067,68.884,0.908
57.225578,436.587,68.865,0.912
57.237188,219.016,56.922,0.920
57.248798,218.636,56.892,0.924
57.260408,958.107,82.472,0.920
57.272018,964.507,82.587,0.914
57.283628,964.157,82.581,0.907
57.295238,960.515,82.516,0.896
57.306848,951.229,82.347,0.886
57.318458,947.164,82.273,0.879
57.330068,174.779,53.016,0.864
57.341678,350.780,65.077,0.852
57.353288,349.907,65.034,0.851
57.364898,349.434,65.010,0.855
57.376508,349.268,65.002,0.859
57.388118,349.162,64.997,0.860
57.399728,349.203,64.999,0.859
57.411338,349.202,64.999,0.855
57.422948,349.166,64.997,0.849
57.434558,349.232,65.000,0.835
57.446168,349.354,65.006,0.821
57.457778,349.558,65.016,0.811
57.469388,349.681,65.022,0.795
57.480998,349.978,65.037,0.779
57.492608,349.616,65.019,0.761
57.504218,310.995,62.993,0.768
57.515828,345.743,64.826,0.794
57.527438,348.451,64.961,0.835
57.539048,349.415,65.009,0.862
57.550658,349.584,65.018,0.876
57.562268,349.989,65.038,0.889
57.573878,349.362,65.007,0.901
57.585488,348.923,64.985,0.912
57.597098,349.429,65.010,0.908
57.608707,349.939,65.035,0.896
57.620317,349.376,65.007,0.873
57.631927,348.586,64.968,0.846
57.643537,348.118,64.945,0.823
57.655147,347.711,64.925,0.794
57.666757,348.124,64.945,0.760
57.678367,350.179,65.047,0.708
57.689977,349.962,65.036,0.685
57.701587,349.674,65.022,0.681
57.713197,354.178,65.244,0.702
57.724807,384.952,66.686,0.768
57.736417,390.352,66.927,0.804
57.748027,392.126,67.006,0.833
57.759637,392.951,67.042,0.856
57.771247,393.330,67.059,0.881
57.782857,393.428,67.063,0.904
57.794467,393.162,67.051,0.925
57.806077,392.701,67.031,0.939
57.817687,392.593,67.026,0.943
57.829297,391.381,66.973,0.945
57.840907,388.619,66.850,0.947
57.852517,386.660,66.763,0.945
57.864127,385.989,66.733,0.940
57.875737,385.979,66.732,0.938
57.887347,386.940,66.775,0.936
57.898957,388.789,66.858,0.932
57.910567,391.383,66.973,0.928
57.922177,393.258,67.056,0.924
57.933787,394.035,67.090,0.919
57.945397,394.312,67.102,0.917
57.957007,394.588,67.114,0.911
57.968617,394.338,67.103,0.900
57.980227,392.376,67.017,0.885
57.991837,387.485,66.800,0.874
58.003447,383.952,66.641,0.867
58.015057,383.295,66.611,0.866
58.026667,383.331,66.613,0.864
58.038277,384.677,66.674,0.861
58.049887,390.464,66.932,0.866
58.061497,392.380,67.017,0.874
58.073107,393.095,67.048,0.881
58.084717,393.374,67.061,0.882
58.096327,393.440,67.064,0.875
58.107937,392.923,67.041,0.875
58.119546,391.592,66.982,0.877
58.131156,390.090,66.916,0.884
58.142766,389.207,66.876,0.887
58.154376,389.163,66.874,0.891
58.165986,389.214,66.877,0.892
58.177596,390.143,66.918,0.899
58.189206,391.590,66.982,0.904
58.200816,392.929,67.041,0.904
58.212426,393.689,67.075,0.907
58.224036,394.052,67.091,0.906
58.235646,394.103,67.093,0.906
58.247256,393.958,67.086,0.898
58.258866,393.474,67.065,0.889
58.270476,392.848,67.038,0.875
58.282086,392.221,67.010,0.863
58.293696,391.593,66.982,0.847
58.305306,391.171,66.964,0.818
58.316916,391.326,66.970,0.789
58.328526,391.819,66.992,0.754
58.340136,392.462,67.021,0.732
58.351746,394.144,67.095,0.728
58.363356,399.581,67.332,0.745
58.374966,400.900,67.389,0.771
58.386576,400.841,67.386,0.795
58.398186,399.996,67.350,0.821
58.409796,398.526,67.286,0.844
58.421406,396.443,67.195,0.867
58.433016,394.621,67.116,0.887
58.444626,393.557,67.069,0.897
58.456236,393.204,67.053,0.901
58.467846,393.298,67.057,0.897
58.479456,393.305,67.058,0.899
58.491066,392.870,67.039,0.896
58.502676,393.658,67.073,0.894
58.514286,396.321,67.190,0.887
58.525896,219.900,56.992,0.881
58.537506,220.588,57.046,0.881
58.549116,438.181,68.928,0.881
58.560726,438.672,68.948,0.885
58.572336,439.855,68.994,0.889
58.583946,440.145,69.006,0.895
58.595556,440.307,69.012,0.901
58.607166,440.142,69.006,0.906
58.618776,439.851,68.994,0.905
58.630385,439.838,68.994,0.908
58.641995,440.042,69.002,0.916
58.653605,440.057,69.002,0.927
58.665215,439.994,69.000,0.932
58.676825,440.152,69.006,0.934
58.688435,440.101,69.004,0.940
58.700045,439.855,68.994,0.947
58.711655,439.431,68.978,0.954
58.723265,438.888,68.956,0.952
58.734875,438.568,68.944,0.937
58.746485,438.511,68.941,0.919
58.758095,438.785,68.952,0.905
58.769705,439.266,68.971,0.905
58.781315,439.742,68.990,0.907
58.792925,440.097,69.004,0.903
58.804535,440.794,69.031,0.891
58.816145,440.640,69.025,0.894
58.827755,439.908,68.996,0.914
58.839365,439.178,68.968,0.932
58.850975,437.448,68.899,0.939
58.862585,435.409,68.818,0.932
58.874195,433.096,68.726,0.921
58.885805,868.285,80.768,0.912
58.897415,863.620,80.675,0.913
58.909025,860.218,80.606,0.910
58.920635,395.747,67.165,0.907
58.932245,393.149,67.051,0.903
58.943855,391.555,66.981,0.906
58.955465,389.798,66.903,0.910
58.967075,388.009,66.823,0.912
58.978685,386.262,66.745,0.918
58.990295,383.954,66.641,0.923
59.001905,360.644,65.557,0.927
59.013515,353.806,65.225,0.926
59.025125,339.927,64.533,0.924
59.036735,335.810,64.322,0.924
59.048345,332.903,64.171,0.926
59.059955,331.556,64.101,0.929
59.071565,330.474,64.044,0.926
59.083175,329.791,64.009,0.924
59.094785,329.886,64.014,0.924
59.106395,329.939,64.016,0.929
59.118005,329.629,64.000,0.932
59.129615,329.313,63.983,0.922
59.141224,329.013,63.968,0.907
59.152834,328.663,63.949,0.891
59.164444,328.452,63.938,0.877
59.176054,328.203,63.925,0.859
59.187664,327.584,63.892,0.834
59.199274,327.432,63.884,0.787
59.210884,328.178,63.924,0.729
59.222494,328.148,63.922,0.725
59.234104,329.325,63.984,0.754
59.245714,341.177,64.596,0.780
59.257324,340.009,64.537,0.799
59.268934,339.180,64.495,0.813
59.280544,338.281,64.449,0.825
59.292154,337.680,64.418,0.838
59.303764,337.300,64.398,0.850
59.315374,337.347,64.401,0.857
59.326984,337.083,64.387,0.856
59.338594,329.237,63.979,0.852
59.350204,324.052,63.705,0.847
59.361814,324.830,63.746,0.844
59.373424,327.127,63.868,0.844
59.385034,337.496,64.408,0.847
59.396644,338.646,64.467,0.848
59.408254,338.020,64.435,0.852
59.419864,337.679,64.418,0.848
59.431474,338.076,64.438,0.843
59.443084,338.924,64.481,0.842
59.454694,339.974,64.535,0.837
59.466304,339.260,64.499,0.830
59.477914,335.654,64.314,0.818
59.489524,311.475,63.019,0.807
59.501134,311.993,63.048,0.792
59.512744,311.862,63.041,0.784
59.524354,312.081,63.053,0.778
59.535964,334.396,64.249,0.767
59.547574,334.038,64.230,0.756
59.559184,334.759,64.267,0.736
59.570794,335.764,64.319,0.714
59.582404,337.177,64.392,0.687
59.594014,338.673,64.469,0.655
59.605624,339.207,64.496,0.623
59.617234,337.919,64.430,0.589
59.628844,326.561,63.838,0.537
59.640454,173.831,52.922,0.473
59.652063,173.626,52.902,0.457
59.663673,173.774,52.916,0.458
59.675283,173.789,52.918,0.459
59.686893,173.723,52.911,0.460
59.698503,173.739,52.913,0.467
59.710113,173.936,52.933,0.475
59.721723,744.529,78.106,0.485
59.733333,748.856,78.206,0.498
59.744943,755.418,78.357,0.514
59.756553,758.228,78.422,0.529
59.768163,765.068,78.577,0.541
59.779773,763.306,78.537,0.552
59.791383,762.663,78.522,0.562
59.802993,765.145,78.579,0.573
59.814603,766.368,78.606,0.579
59.826213,764.781,78.571,0.583
59.837823,759.302,78.446,0.580
59.849433,752.074,78.280,0.574
59.861043,745.741,78.134,0.567
59.872653,745.419,78.127,0.556
59.884263,743.304,78.077,0.540
59.895873,737.426,77.940,0.519
59.907483,726.695,77.686,0.495
59.919093,726.325,77.677,0.481
59.930703,698.594,77.003,0.534
59.942313,200.531,55.396,0.604
59.953923,367.289,65.873,0.660
59.965533,953.599,82.391,0.700
59.977143,458.432,69.710,0.733
59.988753,948.983,82.307,0.756
60.000363,946.964,82.270,0.775
60.011973,942.940,82.196,0.791
60.023583,456.405,69.634,0.797
60.035193,99.239,43.218,0.795
60.046803,346.168,64.848,0.795
60.058413,347.007,64.890,0.795
60.070023,348.157,64.947,0.791
60.081633,399.661,67.335,0.803
60.093243,397.305,67.233,0.821
60.104853,394.685,67.118,0.838
60.116463,392.515,67.023,0.850
60.128073,391.462,66.976,0.861
60.139683,390.917,66.952,0.868
60.151293,392.386,67.017,0.876
60.162902,394.578,67.114,0.890
60.174512,396.158,67.183,0.890
60.186122,401.402,67.411,0.892
60.197732,414.391,67.962,0.893
60.209342,423.116,68.323,0.896
60.220952,429.921,68.599,0.893
60.232562,434.662,68.789,0.882
60.244172,438.202,68.929,0.867
60.255782,440.589,69.023,0.842
60.267392,441.647,69.065,0.829
60.279002,147.759,50.109,0.824
60.290612,430.310,68.614,0.824
60.302222,435.587,68.825,0.830
60.313832,438.626,68.946,0.847
60.325442,440.032,69.001,0.874
60.337052,440.489,69.019,0.901
60.348662,440.390,69.015,0.922
60.360272,440.354,69.014,0.932
60.371882,440.853,69.034,0.933
60.383492,440.638,69.025,0.932
60.395102,440.245,69.010,0.922
60.406712,439.352,68.975,0.912
60.418322,438.214,68.930,0.897
60.429932,437.110,68.886,0.870
60.441542,436.045,68.844,0.839
60.453152,435.011,68.803,0.813
60.464762,433.536,68.744,0.783
60.476372,430.752,68.632,0.756
60.487982,429.743,68.592,0.763
60.499592,437.405,68.898,0.800
60.511202,439.973,68.999,0.826
60.522812,439.720,68.989,0.850
60.534422,438.423,68.938,0.871
60.546032,436.490,68.861,0.884
60.557642,434.769,68.793,0.894
60.569252,432.414,68.699,0.903
60.580862,427.551,68.503,0.906
60.592472,414.919,67.984,0.904
60.604082,396.225,67.186,0.905
60.615692,393.777,67.078,0.908
60.627302,392.318,67.014,0.910
60.638912,391.336,66.971,0.912
60.650522,390.290,66.925,0.915
60.662132,389.920,66.908,0.914
60.673741,389.226,66.877,0.913
60.685351,387.520,66.801,0.907
60.696961,378.454,66.391,0.899
60.708571,370.181,66.009,0.893
60.720181,356.538,65.359,0.884
60.731791,352.647,65.169,0.879
60.743401,351.261,65.100,0.873
60.755011,350.426,65.059,0.868
60.766621,349.881,65.032,0.862
60.778231,349.569,65.017,0.857
60.789841,349.342,65.006,0.851
60.801451,349.129,64.995,0.842
60.813061,348.890,64.983,0.837
60.824671,348.791,64.978,0.834
60.836281,348.866,64.982,0.833
60.847891,349.111,64.994,0.832
60.859501,349.400,65.009,0.831
60.871111,349.514,65.014,0.830
60.882721,349.516,65.014,0.828
60.894331,349.382,65.008,0.822
60.905941,349.213,64.999,0.818
60.917551,349.678,65.022,0.819
60.929161,350.042,65.040,0.823
60.940771,350.040,65.040,0.826
60.952381,349.917,65.034,0.833
60.963991,349.711,65.024,0.839
60.975601,349.611,65.019,0.845
60.987211,349.592,65.018,0.853
60.998821,349.489,65.013,0.857
61.010431,349.186,64.998,0.857
61.022041,348.972,64.987,0.856
61.033651,348.878,64.983,0.852
61.045261,348.918,64.985,0.847
61.056871,349.061,64.992,0.844
61.068481,349.141,64.996,0.841
61.080091,349.151,64.996,0.839
61.091701,349.150,64.996,0.839
61.103311,349.215,64.999,0.839
61.114921,349.388,65.008,0.840
61.126531,349.605,65.019,0.843
61.138141,349.766,65.027,0.848
61.149751,349.657,65.021,0.851
61.161361,349.525,65.015,0.855
61.172971,349.614,65.019,0.858
61.184580,349.757,65.026,0.858
61.196190,349.872,65.032,0.856
61.207800,349.895,65.033,0.854
61.219410,349.743,65.026,0.851
61.231020,349.478,65.012,0.847
61.242630,349.290,65.003,0.844
61.254240,349.000,64.989,0.844
61.265850,348.256,64.952,0.843
61.277460,346.934,64.886,0.838
61.289070,344.968,64.788,0.832
61.300680,343.312,64.704,0.825
61.312290,342.233,64.650,0.819
61.323900,341.683,64.622,0.813
61.335510,341.471,64.611,0.806
61.347120,342.683,64.672,0.796
61.358730,347.078,64.893,0.789
61.370340,352.079,65.141,0.792
61.381950,354.288,65.249,0.800
61.393560,354.839,65.276,0.807
61.405170,354.816,65.275,0.810
61.416780,354.645,65.266,0.809
61.428390,354.022,65.236,0.810
61.440000,352.537,65.163,0.810
61.451610,348.661,64.972,0.806
61.463220,345.232,64.801,0.803
61.474830,343.811,64.729,0.799
61.486440,343.629,64.720,0.798
61.498050,344.607,64.769,0.800
61.509660,348.121,64.945,0.801
61.521270,350.760,65.076,0.801
61.532880,352.571,65.165,0.801
61.544490,353.286,65.200,0.804
61.556100,353.594,65.215,0.798
61.567710,353.680,65.219,0.799
61.579320,353.124,65.192,0.799
61.590930,350.904,65.083,0.793
61.602540,347.404,64.909,0.789
61.614150,344.116,64.745,0.784
61.625760,342.762,64.676,0.780
61.637370,341.465,64.611,0.775
61.648980,341.448,64.610,0.778
61.660590,343.816,64.730,0.771
61.672200,348.384,64.958,0.763
61.683810,352.061,65.140,0.757
61.695420,353.462,65.209,0.750
61.707029,353.811,65.226,0.743
61.718639,353.989,65.234,0.734
61.730249,353.778,65.224,0.723
61.741859,352.661,65.169,0.713
61.753469,349.714,65.024,0.704
61.765079,347.170,64.898,0.690
61.776689,345.775,64.828,0.681
61.788299,345.109,64.795,0.672
61.799909,344.843,64.781,0.662
61.811519,345.412,64.810,0.653
61.823129,346.752,64.877,0.640
61.834739,349.115,64.994,0.618
61.846349,351.296,65.102,0.591
61.857959,353.052,65.189,0.567
61.869569,354.766,65.272,0.537
61.881179,355.328,65.300,0.506
61.892789,355.573,65.312,0.473
61.904399,355.188,65.293,0.417
61.916009,353.025,65.187,0.376
61.927619,348.752,64.976,0.340
61.939229,346.932,64.886,0.310
61.950839,346.849,64.882,0.281
61.962449,349.173,64.997,0.246
61.974059,349.212,64.999,0.216
61.985669,350.580,65.067,0.186
61.997279,352.305,65.152,0.174
62.008889,352.873,65.180,0.167
62.020499,353.124,65.192,0.152
62.032109,353.284,65.200,0.142
62.043719,352.491,65.161,0.143
62.055329,352.820,65.177,0.139
62.066939,353.055,65.189,0.131
62.078549,353.313,65.201,0.130
62.090159,353.259,65.199,0.119
62.101769,353.556,65.213,0.090
62.113379,353.417,65.206,0.079
62.124989,352.681,65.170,0.079
62.136599,353.147,65.193,0.063
62.148209,353.301,65.201,0.049
62.159819,353.144,65.193,0.041
62.171429,352.177,65.146,0.028
62.183039,352.035,65.139,0.020
62.194649,351.846,65.129,0.021
62.206259,352.113,65.142,0.013
62.217868,,,0.000
62.229478,,,0.000
62.241088,,,0.000
62.252698,,,0.000
62.264308,,,0.000
62.275918,,,0.000
62.287528,,,0.000
62.299138,,,0.000
62.310748,,,0.000
62.322358,,,0.000
62.333968,,,0.000
62.345578,,,0.000
62.357188,,,0.000
62.368798,,,0.000
62.380408,,,0.000
62.392018,,,0.000
62.403628,,,0.000
62.415238,,,0.000
62.426848,,,0.000
62.438458,,,0.000
62.450068,,,0.000
62.461678,,,0.000
62.473288,,,0.000
62.484898,,,0.000
62.496508,,,0.000
62.508118,,,0.000
62.519728,,,0.000
62.531338,,,0.000
62.542948,,,0.000
62.554558,,,0.000
62.566168,,,0.000
62.577778,,,0.000
62.589388,,,0.000
62.600998,,,0.000
62.612608,,,0.000
62.624218,,,0.000
62.635828,,,0.000
62.647438,,,0.000
62.659048,,,0.000
62.670658,,,0.000
62.682268,,,0.000
62.693878,,,0.000
62.705488,,,0.000
62.717098,,,0.000
62.728707,,,0.000
62.740317,,,0.000
62.751927,,,0.000
62.763537,,,0.000
62.775147,,,0.000
62.786757,,,0.000
62.798367,,,0.000
62.809977,,,0.000
62.821587,,,0.000
62.833197,,,0.000
62.844807,,,0.000
62.856417,,,0.000
62.868027,,,0.000
62.879637,,,0.000
62.891247,,,0.000
62.902857,,,0.000
62.914467,,,0.000
62.926077,,,0.000
62.937687,,,0.000
62.949297,,,0.000
62.960907,,,0.000
62.972517,,,0.000
62.984127,,,0.000
62.995737,,,0.000
63.007347,,,0.000
63.018957,,,0.000
63.030567,,,0.000
63.042177,,,0.000
63.053787,,,0.000
63.065397,,,0.000
63.077007,825.247,79.888,0.077
63.088617,150.093,50.380,0.149
63.100227,149.947,50.363,0.209
63.111837,408.991,67.735,0.269
63.123447,408.555,67.716,0.311
63.135057,815.389,79.680,0.348
63.146667,820.317,79.784,0.380
63.158277,822.881,79.838,0.415
63.169887,819.299,79.763,0.432
63.181497,817.952,79.734,0.448
63.193107,819.358,79.764,0.456
63.204717,817.478,79.724,0.455
63.216327,819.972,79.777,0.450
63.227937,817.236,79.719,0.438
63.239546,814.242,79.655,0.419
63.251156,809.205,79.548,0.383
63.262766,814.009,79.650,0.351
63.274376,82.246,39.966,0.311
63.285986,811.678,79.601,0.358
63.297596,231.772,57.902,0.478
63.309206,252.775,59.404,0.567
63.320816,462.118,69.849,0.622
63.332426,461.911,69.841,0.668
63.344036,854.958,80.500,0.715
63.355646,88.478,41.231,0.747
63.367256,857.426,80.550,0.773
63.378866,858.824,80.578,0.787
63.390476,119.168,46.386,0.793
63.402086,119.156,46.384,0.789
63.413696,119.140,46.382,0.780
63.425306,119.162,46.385,0.769
63.436916,119.191,46.389,0.758
63.448526,94.522,42.375,0.754
63.460136,371.327,66.062,0.743
63.471746,194.440,54.862,0.748
63.483356,195.124,54.923,0.752
63.494966,195.479,54.954,0.763
63.506576,195.556,54.961,0.774
63.518186,195.812,54.984,0.781
63.529796,392.936,67.041,0.785
63.541406,395.785,67.167,0.785
63.553016,398.858,67.300,0.789
63.564626,404.921,67.562,0.789
63.576236,408.487,67.713,0.787
63.587846,411.007,67.820,0.775
63.599456,413.288,67.916,0.762
63.611066,415.864,68.023,0.748
63.622676,419.348,68.168,0.726
63.634286,426.768,68.471,0.696
63.645896,432.374,68.697,0.669
63.657506,433.314,68.735,0.666
63.669116,434.245,68.772,0.694
63.680726,435.030,68.803,0.727
63.692336,435.566,68.825,0.752
63.703946,435.639,68.828,0.772
63.715556,435.755,68.832,0.789
63.727166,436.153,68.848,0.808
63.738776,436.894,68.877,0.821
63.750385,437.997,68.921,0.824
63.761995,439.027,68.962,0.821
63.773605,439.810,68.993,0.822
63.785215,440.218,69.009,0.822
63.796825,440.574,69.023,0.813
63.808435,441.188,69.047,0.800
63.820045,441.885,69.074,0.781
63.831655,442.331,69.091,0.763
63.843265,440.682,69.027,0.752
63.854875,438.315,68.934,0.751
63.866485,433.824,68.755,0.749
63.878095,430.628,68.627,0.755
63.889705,427.230,68.490,0.770
63.901315,423.031,68.319,0.793
63.912925,418.546,68.135,0.815
63.924535,414.798,67.979,0.828
63.936145,410.298,67.790,0.838
63.947755,405.590,67.590,0.842
63.959365,400.703,67.380,0.850
63.970975,397.543,67.243,0.857
63.982585,395.532,67.156,0.864
63.994195,393.239,67.055,0.866
64.005805,390.869,66.950,0.864
64.017415,388.629,66.851,0.864
64.029025,385.152,66.695,0.861
64.040635,381.340,66.523,0.857
64.052245,375.363,66.249,0.848
64.063855,368.075,65.910,0.839
64.075465,361.227,65.585,0.830
64.087075,354.428,65.256,0.824
64.098685,350.329,65.054,0.815
64.110295,349.095,64.993,0.809
64.121905,348.415,64.960,0.801
64.133515,348.436,64.961,0.797
64.145125,348.651,64.971,0.792
64.156735,348.925,64.985,0.789
64.168345,349.153,64.996,0.787
64.179955,349.301,65.004,0.785
64.191565,349.488,65.013,0.788
64.203175,349.605,65.019,0.790
64.214785,349.799,65.028,0.794
64.226395,349.985,65.037,0.797
64.238005,350.098,65.043,0.799
64.249615,350.016,65.039,0.801
64.261224,350.020,65.039,0.805
64.272834,349.922,65.034,0.809
64.284444,349.889,65.033,0.812
64.296054,349.863,65.031,0.816
64.307664,349.727,65.025,0.820
64.319274,349.530,65.015,0.823
64.330884,349.349,65.006,0.828
64.342494,349.186,64.998,0.830
64.354104,349.122,64.995,0.832
64.365714,349.198,64.999,0.833
64.377324,349.147,64.996,0.835
64.388934,349.043,64.991,0.837
64.400544,349.015,64.989,0.838
64.412154,349.165,64.997,0.841
64.423764,349.279,65.003,0.844
64.435374,349.318,65.004,0.846
64.446984,349.174,64.997,0.850
64.458594,349.172,64.997,0.854
64.470204,349.271,65.002,0.857
64.481814,349.375,65.007,0.858
64.493424,349.445,65.011,0.859
64.505034,349.504,65.014,0.859
64.516644,349.532,65.015,0.858
64.528254,349.662,65.021,0.859
64.539864,349.723,65.025,0.860
64.551474,349.589,65.018,0.861
64.563084,349.437,65.010,0.861
64.574694,349.374,65.007,0.862
64.586304,349.351,65.006,0.864
64.597914,349.362,65.007,0.866
64.609524,349.324,65.005,0.866
64.621134,349.322,65.005,0.865
64.632744,349.383,65.008,0.863
64.644354,349.544,65.016,0.860
64.655964,349.755,65.026,0.858
64.667574,349.907,65.034,0.855
64.679184,350.049,65.041,0.850
64.690794,350.119,65.044,0.845
64.702404,350.206,65.048,0.840
64.714014,350.289,65.052,0.836
64.725624,350.329,65.054,0.832
64.737234,350.229,65.050,0.828
64.748844,350.118,65.044,0.823
64.760454,349.944,65.035,0.818
64.772063,349.744,65.026,0.815
64.783673,349.578,65.017,0.813
64.795283,349.473,65.012,0.811
64.806893,349.339,65.005,0.809
64.818503,349.306,65.004,0.808
64.830113,349.331,65.005,0.809
64.841723,349.308,65.004,0.808
64.853333,349.327,65.005,0.807
64.864943,349.407,65.009,0.807
64.876553,349.516,65.014,0.806
64.888163,349.667,65.022,0.804
64.899773,349.821,65.029,0.801
64.911383,350.139,65.045,0.796
64.922993,350.642,65.070,0.789
64.934603,351.361,65.105,0.780
64.946213,352.649,65.169,0.773
64.957823,355.976,65.331,0.772
64.969433,367.130,65.865,0.769
64.981043,373.097,66.145,0.767
64.992653,379.031,66.418,0.770
65.004263,391.819,66.992,0.783
65.015873,394.935,67.129,0.802
65.027483,395.678,67.162,0.816
65.039093,394.864,67.126,0.830
65.050703,394.405,67.106,0.837
65.062313,393.209,67.054,0.846
65.073923,391.251,66.967,0.853
65.085533,389.255,66.879,0.860
65.097143,387.797,66.814,0.857
65.108753,386.697,66.764,0.842
65.120363,385.846,66.726,0.828
65.131973,385.078,66.692,0.807
65.143583,384.263,66.655,0.786
65.155193,383.119,66.603,0.760
65.166803,381.085,66.511,0.728
65.178413,372.385,66.111,0.686
65.190023,348.769,64.977,0.674
65.201633,347.646,64.921,0.697
65.213243,348.081,64.943,0.722
65.224853,349.601,65.018,0.744
65.236463,350.676,65.072,0.764
65.248073,351.329,65.104,0.779
65.259683,351.439,65.109,0.793
65.271293,351.364,65.106,0.805
65.282902,351.372,65.106,0.806
65.294512,351.341,65.104,0.805
65.306122,350.931,65.084,0.800
65.317732,350.061,65.041,0.793
65.329342,348.731,64.975,0.782
65.340952,347.061,64.892,0.772
65.352562,346.150,64.847,0.759
65.364172,346.086,64.844,0.742
65.375782,346.474,64.863,0.724
65.387392,347.514,64.915,0.708
65.399002,350.477,65.062,0.703
65.410612,354.053,65.238,0.715
65.422222,355.355,65.301,0.727
65.433832,355.760,65.321,0.737
65.445442,355.923,65.329,0.743
65.457052,355.914,65.328,0.752
65.468662,355.850,65.325,0.755
65.480272,355.639,65.315,0.754
65.491882,355.065,65.287,0.746
65.503492,353.707,65.221,0.727
65.515102,351.978,65.136,0.701
65.526712,349.984,65.037,0.674
65.538322,347.618,64.920,0.650
65.549932,345.980,64.838,0.616
65.561542,345.720,64.825,0.587
65.573152,346.007,64.840,0.566
65.584762,351.405,65.108,0.557
65.596372,354.165,65.243,0.540
65.607982,354.871,65.278,0.556
65.619592,354.771,65.273,0.586
65.631202,354.181,65.244,0.615
65.642812,353.311,65.201,0.640
65.654422,352.402,65.157,0.660
65.666032,350.959,65.086,0.671
65.677642,349.192,64.998,0.680
65.689252,347.729,64.925,0.690
65.700862,346.250,64.852,0.689
65.712472,344.941,64.786,0.684
65.724082,343.727,64.725,0.680
65.735692,343.219,64.700,0.672
65.747302,343.383,64.708,0.660
65.758912,344.468,64.762,0.653
65.770522,347.321,64.905,0.654
65.782132,349.654,65.021,0.655
65.793741,351.647,65.120,0.664
65.805351,353.719,65.221,0.667
65.816961,355.283,65.298,0.658
65.828571,355.781,65.322,0.665
65.840181,355.899,65.328,0.674
65.851791,356.138,65.339,0.680
65.863401,355.827,65.324,0.682
65.875011,354.852,65.277,0.683
65.886621,354.574,65.263,0.679
65.898231,352.717,65.172,0.674
65.909841,113.824,45.592,0.675
65.921451,113.400,45.527,0.660
65.933061,113.538,45.548,0.665
65.944671,113.836,45.593,0.686
65.956281,113.993,45.617,0.712
65.967891,116.388,45.977,0.755
65.979501,116.889,46.052,0.782
65.991111,125.571,47.292,0.818
66.002721,130.825,48.002,0.845
66.014331,131.830,48.134,0.876
66.025941,132.784,48.259,0.899
66.037551,133.882,48.402,0.911
66.049161,134.173,48.439,0.919
66.060771,134.379,48.466,0.918
66.072381,134.163,48.438,0.921
66.083991,134.105,48.430,0.917
66.095601,133.947,48.410,0.917
66.107211,133.857,48.398,0.903
66.118821,133.632,48.369,0.886
66.130431,133.354,48.333,0.869
66.142041,132.326,48.199,0.851
66.153651,130.870,48.008,0.837
66.165261,130.186,47.917,0.813
66.176871,130.001,47.892,0.786
66.188481,120.410,46.565,0.741
66.200091,119.917,46.494,0.711
66.211701,117.622,46.160,0.673
66.223311,118.135,46.235,0.647
66.234921,118.244,46.251,0.622
66.246531,117.553,46.150,0.601
66.258141,116.924,46.057,0.595
66.269751,116.527,45.998,0.587
66.281361,115.742,45.881,0.580
66.292971,347.513,64.915,0.575
66.304580,346.993,64.889,0.572
66.316190,347.656,64.922,0.567
66.327800,348.313,64.955,0.560
66.339410,349.452,65.011,0.546
66.351020,350.613,65.069,0.524
66.362630,351.789,65.126,0.524
66.374240,353.129,65.192,0.538
66.385850,352.861,65.179,0.549
66.397460,352.620,65.167,0.558
66.409070,352.021,65.138,0.562
66.420680,351.450,65.110,0.562
66.432290,350.199,65.048,0.563
66.443900,349.300,65.004,0.560
66.455510,347.693,64.924,0.555
66.467120,346.638,64.871,0.551
66.478730,345.646,64.822,0.545
66.490340,345.474,64.813,0.548
66.501950,345.999,64.839,0.569
66.513560,346.803,64.879,0.586
66.525170,347.760,64.927,0.603
66.536780,348.876,64.983,0.616
66.548390,349.645,65.021,0.621
66.560000,350.327,65.054,0.620
66.571610,351.008,65.088,0.614
66.583220,351.694,65.122,0.608
66.594830,352.550,65.164,0.587
66.606440,353.790,65.225,0.564
66.618050,354.912,65.280,0.539
66.629660,355.114,65.289,0.511
66.641270,355.839,65.325,0.504
66.652880,356.133,65.339,0.493
66.664490,358.017,65.430,0.505
66.676100,361.726,65.609,0.491
66.687710,365.391,65.783,0.500
66.699320,359.853,65.519,0.501
66.710930,358.452,65.451,0.500
66.722540,358.413,65.449,0.505
66.734150,356.487,65.356,0.501
66.745760,353.643,65.217,0.506
66.757370,351.520,65.113,0.489
66.768980,351.147,65.095,0.486
66.780590,350.612,65.068,0.469
66.792200,350.379,65.057,0.467
66.803810,350.414,65.059,0.463
66.815420,349.654,65.021,0.562
66.827029,347.707,64.924,0.620
66.838639,677.416,76.470,0.674
66.850249,673.613,76.373,0.723
66.861859,148.504,50.196,0.760
66.873469,150.144,50.386,0.788
66.885079,151.482,50.540,0.807
66.896689,152.088,50.609,0.826
66.908299,151.963,50.595,0.838
66.919909,151.904,50.588,0.848
66.931519,152.013,50.600,0.849
66.943129,152.035,50.603,0.845
66.954739,151.561,50.549,0.843
66.966349,150.758,50.457,0.836
66.977959,150.275,50.401,0.828
66.989569,149.695,50.334,0.816
67.001179,148.958,50.249,0.796
67.012789,148.073,50.146,0.775
67.024399,148.367,50.180,0.753
67.036009,148.995,50.253,0.731
67.047619,150.215,50.394,0.693
67.059229,140.398,49.224,0.662
67.070839,140.429,49.228,0.641
67.082449,140.469,49.233,0.611
67.094059,140.686,49.260,0.586
67.105669,140.584,49.247,0.544
67.117279,140.541,49.242,0.515
67.128889,281.947,61.295,0.486
67.140499,281.527,61.269,0.447
67.152109,281.305,61.256,0.410
67.163719,281.342,61.258,0.362
67.175329,445.803,69.227,0.336
67.186939,777.307,78.852,0.325
67.198549,760.864,78.482,0.400
67.210159,765.001,78.576,0.491
67.221769,772.107,78.736,0.548
67.233379,778.007,78.867,0.599
67.244989,769.035,78.667,0.641
67.256599,776.587,78.836,0.671
67.268209,772.567,78.746,0.698
67.279819,780.285,78.918,0.717
67.291429,794.742,79.236,0.729
67.303039,802.795,79.410,0.734
67.314649,802.436,79.403,0.735
67.326259,805.145,79.461,0.732
67.337868,808.795,79.539,0.721
67.349478,808.052,79.523,0.707
67.361088,814.584,79.663,0.684
67.372698,814.228,79.655,0.656
67.384308,811.286,79.592,0.625
67.395918,180.229,53.548,0.584
67.407528,180.139,53.539,0.538
67.419138,89.005,41.333,0.476
67.430748,142.082,49.431,0.402
67.442358,133.462,48.347,0.319
67.453968,125.172,47.237,0.364
67.465578,148.971,50.250,0.634
67.477188,148.813,50.232,0.733
67.488798,148.665,50.215,0.803
67.500408,149.046,50.259,0.845
67.512018,149.798,50.346,0.872
67.523628,150.584,50.437,0.893
67.535238,151.264,50.515,0.906
67.546848,151.654,50.559,0.917
67.558458,152.640,50.672,0.913
67.570068,153.502,50.769,0.900
67.581678,154.594,50.892,0.880
67.593288,156.216,51.073,0.857
67.604898,157.607,51.226,0.828
67.616508,158.693,51.345,0.795
67.628118,159.549,51.438,0.772
67.639728,156.494,51.103,0.751
67.651338,149.751,50.341,0.741
67.662948,149.887,50.356,0.751
67.674558,149.933,50.362,0.745
67.686168,925.569,81.874,0.740
67.697778,927.254,81.906,0.745
67.709388,86.158,40.771,0.751
67.720998,184.179,53.923,0.760
67.732608,183.924,53.899,0.781
67.744218,179.483,53.476,0.796
67.755828,178.779,53.408,0.810
67.767438,177.432,53.277,0.821
67.779048,177.429,53.277,0.831
67.790658,177.083,53.243,0.837
67.802268,176.893,53.225,0.846
67.813878,176.333,53.170,0.847
67.825488,175.191,53.057,0.833
67.837098,162.045,51.707,0.820
67.848707,158.483,51.322,0.811
67.860317,157.761,51.243,0.807
67.871927,156.927,51.151,0.809
67.883537,156.793,51.136,0.823
67.895147,157.375,51.200,0.838
67.906757,157.238,51.185,0.848
67.918367,156.780,51.135,0.860
67.929977,156.415,51.095,0.870
67.941587,156.129,51.063,0.878
67.953197,155.861,51.033,0.875
67.964807,154.433,50.874,0.868
67.976417,153.342,50.751,0.855
67.988027,152.786,50.688,0.828
67.999637,152.432,50.648,0.801
68.011247,152.012,50.600,0.769
68.022857,148.953,50.248,0.732
68.034467,150.112,50.382,0.657
68.046077,144.978,49.780,0.618
68.057687,140.496,49.236,0.586
68.069297,163.110,51.820,0.582
68.080907,173.451,52.884,0.653
68.092517,176.875,53.223,0.714
68.104127,177.940,53.327,0.744
68.115737,178.578,53.389,0.777
68.127347,178.346,53.366,0.805
68.138957,178.263,53.358,0.826
68.150567,177.606,53.294,0.845
68.162177,176.490,53.185,0.859
68.173787,174.823,53.021,0.869
68.185397,173.200,52.859,0.873
68.197007,171.735,52.712,0.876
68.208617,170.490,52.586,0.870
68.220227,169.814,52.517,0.856
68.231837,169.386,52.474,0.842
68.243447,169.395,52.475,0.820
68.255057,169.618,52.497,0.793
68.266667,169.582,52.494,0.756
68.278277,169.387,52.474,0.712
68.289887,169.866,52.523,0.717
68.301497,171.040,52.642,0.743
68.313107,173.169,52.856,0.795
68.324717,174.152,52.954,0.824
68.336327,570.656,73.501,0.840
68.347937,570.381,73.493,0.860
68.359546,566.976,73.389,0.871
68.371156,558.470,73.128,0.888
68.382766,266.951,60.349,0.888
68.394376,780.251,78.917,0.881
68.405986,785.948,79.043,0.861
68.417596,785.624,79.036,0.849
68.429206,787.958,79.087,0.848
68.440816,786.295,79.051,0.842
68.452426,781.679,78.949,0.842
68.464036,768.846,78.662,0.824
68.475646,200.209,55.368,0.812
68.487256,200.158,55.364,0.811
68.498866,960.390,82.513,0.823
68.510476,962.398,82.550,0.824
68.522086,959.350,82.495,0.817
68.533696,958.251,82.475,0.806
68.545306,954.816,82.413,0.794
68.556916,179.301,53.459,0.795
68.568526,173.488,52.888,0.800
68.580136,173.184,52.858,0.799
68.591746,173.441,52.883,0.791
68.603356,173.747,52.914,0.796
68.614966,173.947,52.934,0.804
68.626576,173.886,52.928,0.816
68.638186,173.838,52.923,0.815
68.649796,173.975,52.936,0.812
68.661406,174.040,52.943,0.807
68.673016,174.078,52.947,0.801
68.684626,173.858,52.925,0.794
68.696236,173.327,52.872,0.794
68.707846,177.111,53.246,0.802
68.719456,175.929,53.130,0.798
68.731066,176.002,53.137,0.813
68.742676,175.877,53.125,0.820
68.754286,175.383,53.076,0.828
68.765896,864.844,80.699,0.843
68.777506,857.845,80.559,0.855
68.789116,852.224,80.445,0.854
68.800726,840.058,80.196,0.849
68.812336,836.286,80.118,0.851
68.823946,832.138,80.032,0.838
68.835556,826.917,79.923,0.822
68.847166,823.204,79.845,0.804
68.858776,831.931,80.028,0.776
68.870385,151.267,50.515,0.769
68.881995,151.073,50.493,0.770
68.893605,113.125,45.485,0.766
68.905215,452.206,69.474,0.752
68.916825,115.386,45.828,0.754
68.928435,203.808,55.676,0.761
68.940045,180.735,53.596,0.776
68.951655,180.803,53.603,0.791
68.963265,187.757,54.256,0.797
68.974875,186.167,54.109,0.806
68.986485,181.260,53.647,0.820
68.998095,180.105,53.536,0.837
69.009705,177.564,53.290,0.850
69.021315,783.492,78.989,0.863
69.032925,784.167,79.004,0.870
69.044535,784.590,79.013,0.878
69.056145,782.647,78.970,0.877
69.067755,170.818,52.619,0.863
69.079365,170.045,52.541,0.841
69.090975,169.731,52.509,0.820
69.102585,169.800,52.516,0.803
69.114195,170.395,52.577,0.798
69.125805,169.966,52.533,0.795
69.137415,758.243,78.422,0.774
69.149025,136.854,48.782,0.756
69.160635,167.246,52.254,0.776
69.172245,173.837,52.923,0.805
69.183855,175.359,53.074,0.833
69.195465,178.616,53.392,0.856
69.207075,178.688,53.399,0.864
69.218685,178.270,53.359,0.866
69.230295,178.002,53.333,0.878
69.241905,177.653,53.299,0.892
69.253515,177.117,53.246,0.904
69.265125,176.613,53.197,0.909
69.276735,175.197,53.058,0.908
69.288345,174.155,52.954,0.911
69.299955,173.895,52.929,0.915
69.311565,173.701,52.909,0.920
69.323175,173.403,52.880,0.922
69.334785,172.746,52.814,0.922
69.346395,171.999,52.739,0.922
69.358005,171.098,52.648,0.922
69.369615,170.433,52.580,0.921
69.381224,169.773,52.513,0.919
69.392834,169.128,52.447,0.915
69.404444,168.635,52.397,0.913
69.416054,168.131,52.345,0.912
69.427664,167.815,52.312,0.910
69.439274,167.309,52.260,0.904
69.450884,166.774,52.205,0.896
69.462494,165.961,52.120,0.891
69.474104,165.144,52.035,0.876
69.485714,164.278,51.944,0.858
69.497324,163.549,51.867,0.838
69.508934,162.645,51.771,0.810
69.520544,161.393,51.637,0.772
69.532154,158.225,51.294,0.741
69.543764,152.017,50.601,0.718
69.555374,150.874,50.470,0.703
69.566984,158.374,51.310,0.736
69.578594,167.727,52.303,0.775
69.590204,168.269,52.359,0.809
69.601814,168.101,52.342,0.838
69.613424,167.768,52.308,0.859
69.625034,166.957,52.224,0.871
69.636644,166.443,52.170,0.883
69.648254,166.147,52.139,0.890
69.659864,165.870,52.111,0.881
69.671474,165.260,52.047,0.866
69.683084,164.619,51.980,0.844
69.694694,164.082,51.923,0.816
69.706304,163.457,51.857,0.783
69.717914,162.988,51.807,0.743
69.729524,162.315,51.735,0.714
69.741134,139.198,49.076,0.683
69.752744,468.986,70.104,0.672
69.764354,261.558,59.996,0.695
69.775964,188.888,54.360,0.728
69.787574,190.029,54.465,0.746
69.799184,187.738,54.255,0.766
69.810794,184.721,53.974,0.790
69.822404,181.637,53.683,0.797
69.834014,180.859,53.608,0.801
69.845624,180.766,53.599,0.812
69.857234,803.356,79.422,0.822
69.868844,805.849,79.476,0.828
69.880454,807.839,79.519,0.827
69.892063,810.688,79.580,0.822
69.903673,813.860,79.647,0.809
69.915283,165.878,52.111,0.793
69.926893,165.519,52.074,0.775
69.938503,163.579,51.870,0.752
69.950113,163.278,51.838,0.712
69.961723,160.759,51.569,0.656
69.973333,163.316,51.842,0.628
69.984943,123.178,46.959,0.602
69.996553,123.184,46.960,0.604
70.008163,171.858,52.725,0.672
70.019773,175.259,53.064,0.747
70.031383,175.508,53.088,0.794
70.042993,175.689,53.106,0.821
70.054603,175.243,53.062,0.842
70.066213,174.298,52.969,0.863
70.077823,173.928,52.932,0.880
70.089433,173.981,52.937,0.891
70.101043,174.077,52.947,0.893
70.112653,173.731,52.912,0.889
70.124263,169.270,52.462,0.884
70.135873,168.931,52.427,0.881
70.147483,168.821,52.416,0.871
70.159093,168.755,52.409,0.856
70.170703,168.521,52.385,0.837
70.182313,168.413,52.374,0.822
70.193923,168.495,52.382,0.815
70.205533,168.281,52.360,0.806
70.217143,167.725,52.303,0.789
70.228753,167.574,52.288,0.784
70.240363,167.475,52.277,0.796
70.251973,167.371,52.267,0.809
70.263583,167.277,52.257,0.822
70.275193,167.144,52.243,0.832
70.286803,167.014,52.230,0.838
70.298413,166.845,52.212,0.844
70.310023,166.607,52.187,0.855
70.321633,166.342,52.160,0.860
70.333243,166.167,52.142,0.856
70.344853,166.083,52.133,0.846
70.356463,165.978,52.122,0.838
70.368073,165.911,52.115,0.832
70.379683,165.949,52.119,0.823
70.391293,166.343,52.160,0.815
70.402902,167.551,52.285,0.811
70.414512,168.505,52.383,0.805
70.426122,168.472,52.380,0.802
70.437732,168.516,52.385,0.806
70.449342,168.554,52.388,0.808
70.460952,168.562,52.389,0.808
70.472562,168.793,52.413,0.809
70.484172,169.083,52.443,0.814
70.495782,168.602,52.393,0.812
70.507392,168.499,52.383,0.806
70.519002,168.413,52.374,0.799
70.530612,168.427,52.375,0.789
70.542222,168.501,52.383,0.775
70.553832,168.521,52.385,0.761
70.565442,168.081,52.340,0.753
70.577052,167.063,52.235,0.744
70.588662,152.272,50.630,0.735
70.600272,131.878,48.140,0.731
70.611882,131.967,48.152,0.749
70.623492,301.655,62.465,0.768
70.635102,301.456,62.453,0.789
70.646712,301.540,62.458,0.797
70.658322,146.046,49.907,0.787
70.669932,100.728,43.476,0.773
70.681542,182.484,53.763,0.762
70.693152,181.895,53.707,0.754
70.704762,183.215,53.832,0.736
70.716372,183.276,53.838,0.721
70.727982,181.638,53.683,0.703
70.739592,181.114,53.633,0.707
70.751202,181.066,53.628,0.730
70.762812,179.620,53.489,0.736
70.774422,178.854,53.415,0.739
70.786032,178.361,53.368,0.738
70.797642,178.901,53.420,0.738
70.809252,178.974,53.427,0.739
70.820862,142.176,49.442,0.732
70.832472,179.153,53.444,0.736
70.844082,178.973,53.427,0.745
70.855692,171.219,52.660,0.769
70.867302,168.821,52.416,0.789
70.878912,168.407,52.373,0.800
70.890522,168.453,52.378,0.798
70.902132,168.426,52.375,0.792
70.913741,168.418,52.375,0.792
70.925351,168.591,52.392,0.807
70.936961,169.287,52.464,0.809
70.948571,171.480,52.686,0.810
70.960181,172.473,52.786,0.810
70.971791,172.913,52.831,0.827
70.983401,172.722,52.811,0.841
70.995011,172.602,52.799,0.853
71.006621,172.705,52.810,0.860
71.018231,172.687,52.808,0.854
71.029841,173.004,52.840,0.848
71.041451,132.859,48.269,0.842
71.053061,161.338,51.631,0.832
71.064671,162.678,51.774,0.808
71.076281,161.917,51.693,0.795
71.087891,161.091,51.604,0.789
71.099501,160.413,51.531,0.787
71.111111,162.774,51.784,0.783
71.122721,163.290,51.839,0.782
71.134331,164.056,51.920,0.787
71.145941,164.122,51.927,0.802
71.157551,163.863,51.900,0.822
71.169161,163.778,51.891,0.836
71.180771,163.769,51.890,0.837
71.192381,163.770,51.890,0.838
71.203991,163.858,51.899,0.837
71.215601,163.768,51.890,0.838
71.227211,163.659,51.878,0.832
71.238821,163.932,51.907,0.823
71.250431,164.843,52.003,0.818
71.262041,170.734,52.611,0.815
71.273651,170.586,52.596,0.822
71.285261,169.761,52.512,0.830
71.296871,169.640,52.500,0.827
71.308481,169.600,52.496,0.824
71.320091,169.587,52.494,0.822
71.331701,168.773,52.411,0.817
71.343311,167.153,52.244,0.824
71.354921,167.867,52.318,0.828
71.366531,167.836,52.315,0.823
71.378141,168.004,52.332,0.807
71.389751,168.999,52.434,0.814
71.401361,169.104,52.445,0.814
71.412971,169.125,52.447,0.812
71.424580,169.257,52.461,0.809
71.436190,166.009,52.125,0.779
71.447800,554.165,72.994,0.753
71.459410,119.270,46.401,0.735
71.471020,119.263,46.400,0.731
71.482630,119.242,46.397,0.702
71.494240,173.746,52.914,0.702
71.505850,173.729,52.912,0.727
71.517460,169.535,52.489,0.753
71.529070,167.549,52.285,0.768
71.540680,498.565,71.163,0.781
71.552290,486.708,70.747,0.792
71.563900,471.325,70.191,0.811
71.575510,468.072,70.071,0.830
71.587120,468.068,70.071,0.826
71.598730,465.169,69.963,0.810
71.610340,152.175,50.619,0.787
71.621950,151.237,50.512,0.770
71.633560,150.935,50.477,0.747
71.645170,151.365,50.526,0.731
71.656780,153.213,50.736,0.712
71.668390,153.264,50.742,0.708
71.680000,144.995,49.782,0.734
71.691610,165.052,52.025,0.760
71.703220,165.450,52.067,0.790
71.714830,176.811,53.216,0.817
71.726440,176.701,53.206,0.834
71.738050,176.265,53.163,0.844
71.749660,164.991,52.019,0.853
71.761270,164.705,51.989,0.854
71.772880,163.408,51.852,0.851
71.784490,163.431,51.854,0.842
71.796100,162.317,51.736,0.839
71.807710,160.946,51.589,0.831
71.819320,160.420,51.532,0.825
71.830930,158.794,51.356,0.819
71.842540,155.414,50.983,0.808
71.854150,161.065,51.602,0.803
71.865760,84.812,40.498,0.803
71.877370,84.811,40.498,0.809
71.888980,214.137,56.532,0.804
71.900590,214.073,56.527,0.799
71.912200,80.802,39.660,0.796
71.923810,165.647,52.087,0.792
71.935420,169.893,52.525,0.801
71.947029,175.985,53.135,0.810
71.958639,175.819,53.119,0.815
71.970249,175.509,53.089,0.819
71.981859,171.741,52.713,0.820
71.993469,171.134,52.651,0.822
72.005079,169.457,52.481,0.829
72.016689,168.917,52.426,0.838
72.028299,168.089,52.341,0.837
72.039909,166.975,52.226,0.835
72.051519,166.011,52.125,0.834
72.063129,165.319,52.053,0.834
72.074739,165.237,52.044,0.834
72.086349,165.543,52.076,0.835
72.097959,166.809,52.208,0.837
72.109569,166.967,52.225,0.837
72.121179,166.839,52.211,0.835
72.132789,166.976,52.226,0.827
72.144399,167.082,52.237,0.821
72.156009,167.118,52.240,0.817
72.167619,167.126,52.241,0.814
72.179229,166.975,52.226,0.807
72.190839,167.015,52.230,0.813
72.202449,167.803,52.311,0.820
72.214059,167.798,52.311,0.825
72.225669,167.330,52.262,0.835
72.237279,167.068,52.235,0.841
72.248889,167.032,52.231,0.833
72.260499,167.008,52.229,0.827
72.272109,166.830,52.210,0.822
72.283719,166.134,52.138,0.800
72.295329,165.060,52.026,0.766
72.306939,164.185,51.934,0.730
72.318549,161.773,51.678,0.712
72.330159,162.734,51.780,0.704
72.341769,163.726,51.885,0.740
72.353379,163.618,51.874,0.762
72.364989,163.547,51.866,0.783
72.376599,163.277,51.838,0.802
72.388209,162.912,51.799,0.824
72.399819,162.591,51.765,0.840
72.411429,161.961,51.698,0.845
72.423039,161.300,51.627,0.847
72.434649,160.891,51.583,0.845
72.446259,160.685,51.561,0.834
72.457868,160.396,51.530,0.817
72.469478,160.157,51.504,0.798
72.481088,160.209,51.509,0.789
72.492698,160.296,51.519,0.779
72.504308,160.194,51.508,0.780
72.515918,149.766,50.343,0.770
72.527528,133.604,48.366,0.751
72.539138,137.925,48.917,0.754
72.550748,149.720,50.337,0.771
72.562358,154.027,50.828,0.791
72.573968,153.989,50.824,0.791
72.585578,159.854,51.471,0.794
72.597188,160.203,51.509,0.788
72.608798,164.325,51.949,0.792
72.620408,164.390,51.955,0.809
72.632018,164.939,52.013,0.825
72.643628,165.558,52.078,0.833
72.655238,165.912,52.115,0.840
72.666848,165.509,52.073,0.846
72.678458,165.077,52.028,0.850
72.690068,164.784,51.997,0.852
72.701678,164.522,51.969,0.858
72.713288,164.216,51.937,0.855
72.724898,163.736,51.886,0.845
72.736508,161.514,51.650,0.832
72.748118,160.843,51.578,0.810
72.759728,160.383,51.528,0.786
72.771338,159.869,51.473,0.763
72.782948,159.517,51.434,0.758
72.794558,157.530,51.218,0.748
72.806168,157.648,51.230,0.733
72.817778,188.246,54.301,0.730
72.829388,450.062,69.391,0.739
72.840998,450.008,69.389,0.753
72.852608,319.516,63.461,0.769
72.864218,106.013,44.361,0.777
72.875828,106.011,44.361,0.771
72.887438,93.858,42.253,0.764
72.899048,123.139,46.953,0.759
72.910658,93.800,42.242,0.760
72.922268,179.515,53.479,0.771
72.933878,179.453,53.473,0.798
72.945488,175.335,53.071,0.816
72.957098,168.858,52.420,0.830
72.968707,163.584,51.870,0.845
72.980317,163.251,51.835,0.860
72.991927,162.721,51.779,0.874
73.003537,162.239,51.727,0.888
73.015147,161.643,51.664,0.895
73.026757,161.264,51.623,0.886
73.038367,160.995,51.594,0.876
73.049977,160.886,51.582,0.868
73.061587,160.668,51.559,0.859
73.073197,160.578,51.549,0.847
73.084807,160.627,51.555,0.834
73.096417,161.791,51.679,0.815
73.108027,162.821,51.789,0.797
73.119637,162.939,51.802,0.796
73.131247,162.910,51.799,0.795
73.142857,162.923,51.800,0.795
73.154467,163.152,51.825,0.794
73.166077,163.598,51.872,0.791
73.177687,164.216,51.937,0.788
73.189297,164.974,52.017,0.788
73.200907,165.382,52.060,0.785
73.212517,165.573,52.080,0.781
73.224127,165.772,52.100,0.776
73.235737,165.903,52.114,0.774
73.247347,165.652,52.088,0.777
73.258957,165.988,52.123,0.790
73.270567,165.825,52.106,0.796
73.282177,165.564,52.079,0.798
73.293787,165.660,52.089,0.786
73.305397,165.721,52.095,0.776
73.317007,165.939,52.118,0.788
73.328617,163.855,51.899,0.805
73.340227,162.974,51.806,0.810
73.351837,162.714,51.778,0.807
73.363447,162.787,51.786,0.809
73.375057,163.167,51.826,0.813
73.386667,163.465,51.858,0.828
73.398277,163.418,51.853,0.838
73.409887,163.533,51.865,0.833
73.421497,164.005,51.915,0.814
73.433107,164.582,51.976,0.803
73.444717,165.237,52.044,0.792
73.456327,165.529,52.075,0.782
73.467937,162.998,51.808,0.763
73.479546,162.812,51.788,0.741
73.491156,153.434,50.761,0.714
73.502766,156.003,51.049,0.693
73.514376,150.792,50.461,0.680
73.525986,148.686,50.217,0.653
73.537596,146.536,49.965,0.624
73.549206,144.539,49.728,0.603
73.560816,149.364,50.296,0.645
73.572426,166.125,52.137,0.684
73.584036,169.243,52.459,0.721
73.595646,175.811,53.118,0.748
73.607256,170.003,52.537,0.783
73.618866,172.738,52.813,0.808
73.630476,173.493,52.888,0.816
73.642086,173.371,52.876,0.823
73.653696,624.700,75.068,0.826
73.665306,637.157,75.410,0.831
73.676916,688.359,76.748,0.831
73.688526,710.688,77.301,0.835
73.700136,159.546,51.438,0.823
73.711746,159.737,51.458,0.802
73.723356,159.751,51.460,0.792
73.734966,159.767,51.462,0.779
73.746576,160.653,51.557,0.780
73.758186,160.799,51.573,0.781
73.769796,160.786,51.572,0.781
73.781406,80.516,39.598,0.770
73.793016,80.530,39.601,0.762
73.804626,166.911,52.219,0.783
73.816236,167.187,52.248,0.808
73.827846,167.520,52.282,0.828
73.839456,167.527,52.283,0.839
73.851066,167.689,52.299,0.850
73.862676,166.837,52.211,0.863
73.874286,166.682,52.195,0.868
73.885896,166.764,52.204,0.863
73.897506,166.620,52.189,0.851
73.909116,164.877,52.007,0.833
73.920726,164.682,51.986,0.812
73.932336,164.158,51.931,0.776
73.943946,162.680,51.774,0.720
73.955556,459.189,69.739,0.596
73.967166,135.140,48.563,0.463
73.978776,163.386,51.849,0.472
73.990385,87.830,41.103,0.498
74.001995,175.710,53.108,0.600
74.013605,181.848,53.703,0.683
74.025215,178.586,53.389,0.738
74.036825,175.720,53.109,0.771
74.048435,171.280,52.666,0.799
74.060045,458.086,69.697,0.803
74.071655,458.889,69.728,0.802
74.083265,170.633,52.601,0.799
74.094875,457.481,69.674,0.784
74.106485,165.025,52.022,0.754
74.118095,160.046,51.492,0.708
74.129705,156.409,51.094,0.648
74.141315,156.728,51.129,0.501
74.152925,170.376,52.575,0.361
74.164535,260.136,59.901,0.517
74.176145,174.890,53.027,0.592
74.187755,174.998,53.038,0.682
74.199365,171.541,52.693,0.732
74.210975,171.258,52.664,0.753
74.222585,171.216,52.660,0.766
74.234195,171.130,52.651,0.778
74.245805,171.072,52.645,0.787
74.257415,170.961,52.634,0.780
74.269025,170.802,52.618,0.770
74.280635,167.680,52.298,0.736
74.292245,152.073,50.607,0.718
74.303855,156.495,51.103,0.722
74.315465,156.450,51.098,0.740
74.327075,164.512,51.968,0.760
74.338685,167.758,52.306,0.788
74.350295,168.027,52.334,0.814
74.361905,166.763,52.204,0.833
74.373515,165.808,52.104,0.846
74.385125,164.680,51.986,0.851
74.396735,164.810,52.000,0.859
74.408345,528.465,72.172,0.861
74.419955,527.423,72.137,0.855
74.431565,527.986,72.156,0.840
74.443175,525.477,72.074,0.819
74.454785,574.673,73.623,0.804
74.466395,149.532,50.315,0.797
74.478005,144.985,49.781,0.785
74.489615,145.183,49.804,0.757
74.501224,148.932,50.246,0.743
74.512834,149.056,50.260,0.749
74.524444,149.107,50.266,0.750
74.536054,149.095,50.265,0.759
74.547664,149.063,50.261,0.760
74.559274,149.041,50.259,0.745
74.570884,149.042,50.259,0.728
74.582494,149.055,50.260,0.719
74.594104,138.832,49.030,0.702
74.605714,138.448,48.982,0.679
74.617324,137.793,48.900,0.675
74.628934,145.084,49.793,0.687
74.640544,145.315,49.820,0.719
74.652154,158.570,51.331,0.749
74.663764,158.628,51.338,0.775
74.675374,159.150,51.395,0.795
74.686984,159.228,51.403,0.811
74.698594,158.985,51.377,0.825
74.710204,158.852,51.362,0.831
74.721814,159.504,51.433,0.836
74.733424,152.444,50.649,0.828
74.745034,152.334,50.637,0.820
74.756644,151.955,50.594,0.820
74.768254,151.987,50.597,0.824
74.779864,143.639,49.619,0.821
74.791474,143.624,49.617,0.823
74.803084,144.241,49.692,0.830
74.814694,146.417,49.951,0.827
74.826304,151.811,50.577,0.828
74.837914,153.182,50.733,0.833
74.849524,155.396,50.981,0.831
74.861134,159.234,51.404,0.824
74.872744,160.321,51.522,0.821
74.884354,162.516,51.757,0.819
74.895964,164.777,51.996,0.818
74.907574,165.106,52.031,0.817
74.919184,165.319,52.053,0.819
74.930794,165.212,52.042,0.817
74.942404,165.282,52.049,0.805
74.954014,165.558,52.078,0.790
74.965624,165.707,52.094,0.772
74.977234,164.991,52.019,0.741
74.988844,163.163,51.826,0.705
75.000454,165.764,52.100,0.719
75.012063,154.595,50.892,0.727
75.023673,262.402,60.051,0.734
75.035283,374.525,66.211,0.753
75.046893,374.681,66.218,0.764
75.058503,178.522,53.383,0.778
75.070113,178.410,53.372,0.794
75.081723,162.988,51.807,0.803
75.093333,163.143,51.824,0.783
75.104943,163.283,51.838,0.760
75.116553,162.528,51.758,0.734
75.128163,161.587,51.658,0.718
75.139773,161.337,51.631,0.731
75.151383,160.437,51.534,0.758
75.162993,161.281,51.625,0.775
75.174603,162.056,51.708,0.775
75.186213,161.949,51.696,0.790
75.197823,161.842,51.685,0.802
75.209433,161.810,51.682,0.814
75.221043,161.209,51.617,0.823
75.232653,152.382,50.642,0.825
75.244263,161.601,51.659,0.817
75.255873,163.780,51.891,0.811
75.267483,170.636,52.601,0.819
75.279093,172.130,52.752,0.823
75.290703,172.461,52.785,0.829
75.302313,172.373,52.776,0.834
75.313923,172.145,52.753,0.837
75.325533,86.541,40.847,0.835
75.337143,86.616,40.862,0.836
75.348753,86.760,40.891,0.837
75.360363,86.947,40.929,0.831
75.371973,159.418,51.424,0.823
75.383583,159.394,51.421,0.806
75.395193,158.965,51.374,0.784
75.406803,158.340,51.306,0.759
75.418413,157.649,51.231,0.737
75.430023,156.535,51.108,0.715
75.441633,154.478,50.879,0.679
75.453243,154.123,50.839,0.682
75.464853,155.414,50.983,0.701
75.476463,155.542,50.998,0.719
75.488073,155.577,51.001,0.737
75.499683,155.635,51.008,0.755
75.511293,158.210,51.292,0.775
75.522902,158.266,51.298,0.782
75.534512,158.368,51.309,0.793
75.546122,158.675,51.343,0.796
75.557732,158.233,51.295,0.797
75.569342,157.520,51.216,0.809
75.580952,156.748,51.131,0.811
75.592562,156.472,51.101,0.812
75.604172,155.954,51.043,0.808
75.615782,155.464,50.989,0.812
75.627392,155.254,50.966,0.818
75.639002,154.747,50.909,0.820
75.650612,154.554,50.887,0.820
75.662222,156.742,51.131,0.821
75.673832,159.782,51.463,0.837
75.685442,163.437,51.855,0.847
75.697052,165.601,52.082,0.857
75.708662,167.039,52.232,0.863
75.720272,167.826,52.314,0.868
75.731882,167.938,52.325,0.870
75.743492,167.783,52.309,0.871
75.755102,167.678,52.298,0.873
75.766712,167.748,52.305,0.873
75.778322,167.611,52.291,0.875
75.789932,167.167,52.245,0.876
75.801542,166.694,52.196,0.873
75.813152,166.383,52.164,0.855
75.824762,166.259,52.151,0.841
75.836372,166.341,52.160,0.835
75.847982,166.338,52.159,0.827
75.859592,165.721,52.095,0.806
75.871202,164.840,52.003,0.788
75.882812,152.297,50.633,0.775
75.894422,152.331,50.636,0.765
75.906032,152.473,50.653,0.780
75.917642,144.123,49.678,0.787
75.929252,144.143,49.680,0.781
75.940862,144.084,49.673,0.778
75.952472,144.071,49.671,0.781
75.964082,144.156,49.682,0.776
75.975692,123.280,46.973,0.763
75.987302,123.259,46.970,0.752
75.998912,123.239,46.967,0.744
76.010522,176.447,53.181,0.756
76.022132,175.156,53.054,0.767
76.033741,174.448,52.983,0.781
76.045351,172.547,52.794,0.799
76.056961,169.481,52.483,0.821
76.068571,168.254,52.358,0.843
76.080181,167.162,52.245,0.864
76.091791,166.260,52.151,0.873
76.103401,165.817,52.105,0.863
76.115011,165.323,52.053,0.852
76.126621,164.647,51.982,0.838
76.138231,164.122,51.927,0.816
76.149841,163.586,51.871,0.783
76.161451,163.683,51.881,0.745
76.173061,159.000,51.378,0.708
76.184671,147.672,50.099,0.681
76.196281,145.754,49.872,0.692
76.207891,141.480,49.357,0.711
76.219501,141.165,49.319,0.714
76.231111,141.163,49.318,0.714
76.242721,141.098,49.310,0.715
76.254331,140.927,49.289,0.698
76.265941,126.190,47.377,0.662
76.277551,127.650,47.576,0.622
76.289161,125.207,47.242,0.625
76.300771,165.450,52.067,0.682
76.312381,171.108,52.649,0.740
76.323991,172.729,52.812,0.778
76.335601,172.877,52.827,0.815
76.347211,173.096,52.849,0.846
76.358821,173.135,52.853,0.866
76.370431,172.770,52.816,0.887
76.382041,172.342,52.773,0.899
76.393651,172.130,52.752,0.902
76.405261,171.783,52.717,0.907
76.416871,171.089,52.647,0.911
76.428481,170.551,52.592,0.900
76.440091,170.154,52.552,0.882
76.451701,169.752,52.511,0.863
76.463311,169.545,52.490,0.836
76.474921,169.390,52.474,0.809
76.486531,168.921,52.426,0.769
76.498141,165.847,52.108,0.705
76.509751,154.209,50.849,0.602
76.521361,168.998,52.434,0.589
76.532971,168.861,52.420,0.604
76.544580,168.941,52.428,0.645
76.556190,170.945,52.632,0.688
76.567800,170.407,52.578,0.735
76.579410,168.918,52.426,0.763
76.591020,168.029,52.334,0.779
76.602630,167.248,52.254,0.794
76.614240,165.992,52.123,0.805
76.625850,164.941,52.013,0.817
76.637460,164.508,51.968,0.812
76.649070,163.975,51.912,0.803
76.660680,163.436,51.855,0.785
76.672290,163.258,51.836,0.772
76.683900,163.022,51.811,0.763
76.695510,162.445,51.749,0.749
76.707120,162.788,51.786,0.732
76.718730,164.158,51.931,0.716
76.730340,165.273,52.048,0.734
76.741950,171.644,52.703,0.777
76.753560,171.909,52.730,0.806
76.765170,171.285,52.667,0.824
76.776780,171.171,52.655,0.837
76.788390,170.862,52.624,0.847
76.800000,170.668,52.604,0.857
76.811610,170.492,52.586,0.866
76.823220,170.211,52.558,0.867
76.834830,169.972,52.533,0.844
76.846440,169.773,52.513,0.818
76.858050,169.530,52.488,0.792
76.869660,169.315,52.466,0.760
76.881270,168.145,52.346,0.722
76.892880,166.784,52.206,0.664
76.904490,166.956,52.224,0.576
76.916100,167.080,52.236,0.515
76.927710,171.681,52.707,0.593
76.939320,171.184,52.657,0.667
76.950930,170.650,52.602,0.718
76.962540,170.327,52.570,0.747
76.974150,170.208,52.558,0.760
76.985760,170.156,52.552,0.768
76.997370,170.096,52.546,0.774
77.008980,170.019,52.538,0.776
77.020590,169.591,52.495,0.768
77.032200,169.272,52.462,0.759
77.043810,169.091,52.444,0.752
77.055420,169.084,52.443,0.755
77.067029,169.249,52.460,0.765
77.078639,169.238,52.459,0.768
77.090249,169.147,52.449,0.766
77.101859,169.162,52.451,0.768
77.113469,169.098,52.444,0.773
77.125079,169.201,52.455,0.775
77.136689,168.245,52.357,0.778
77.148299,165.564,52.079,0.782
77.159909,163.470,51.858,0.789
77.171519,162.648,51.771,0.805
77.183129,162.264,51.730,0.814
77.194739,161.314,51.628,0.823
77.206349,160.564,51.548,0.829
77.217959,160.340,51.524,0.829
77.229569,159.900,51.476,0.822
77.241179,159.470,51.429,0.814
77.252789,159.000,51.378,0.800
77.264399,158.766,51.353,0.799
77.276009,833.105,80.052,0.801
77.287619,814.373,79.658,0.797
77.299229,85.517,40.641,0.797
77.310839,141.398,49.347,0.801
77.322449,141.419,49.350,0.805
77.334059,141.464,49.355,0.801
77.345669,80.104,39.509,0.799
77.357279,141.451,49.354,0.785
77.368889,80.118,39.512,0.767
77.380499,196.603,55.053,0.764
77.392109,90.339,41.591,0.764
77.403719,179.746,53.502,0.765
77.415329,176.436,53.180,0.774
77.426939,172.502,52.789,0.790
77.438549,172.550,52.794,0.795
77.450159,172.618,52.801,0.786
77.461769,172.533,52.792,0.783
77.473379,172.720,52.811,0.766
77.484989,172.130,52.752,0.742
77.496599,171.650,52.704,0.708
77.508209,160.017,51.489,0.652
77.519819,153.070,50.720,0.574
77.531429,83.295,40.186,0.504
77.543039,178.373,53.369,0.573
77.554649,165.711,52.094,0.644
77.566259,158.624,51.337,0.680
77.577868,156.745,51.131,0.695
77.589478,156.167,51.067,0.717
77.601088,156.048,51.054,0.727
77.612698,155.671,51.012,0.724
77.624308,156.230,51.074,0.722
77.635918,152.134,50.614,0.722
77.647528,146.864,50.004,0.722
77.659138,151.474,50.539,0.745
77.670748,161.173,51.613,0.760
77.682358,161.130,51.609,0.760
77.693968,185.021,54.002,0.767
77.705578,184.975,53.998,0.778
77.717188,166.925,52.220,0.799
77.728798,167.169,52.246,0.809
77.740408,171.056,52.644,0.813
77.752018,169.701,52.506,0.807
77.763628,170.119,52.549,0.810
77.775238,169.297,52.465,0.816
77.786848,167.773,52.308,0.823
77.798458,167.880,52.319,0.820
77.810068,165.463,52.068,0.806
77.821678,164.162,51.931,0.787
77.833288,161.349,51.632,0.763
77.844898,159.465,51.429,0.736
77.856508,156.696,51.126,0.709
77.868118,157.351,51.198,0.692
77.879728,162.521,51.757,0.676
77.891338,162.914,51.799,0.690
77.902948,123.603,47.019,0.707
77.914558,823.695,79.855,0.723
77.926168,472.027,70.216,0.738
77.937778,470.971,70.178,0.746
77.949388,469.449,70.122,0.741
77.960998,101.602,43.625,0.726
77.972608,470.266,70.152,0.701
77.984218,468.304,70.079,0.670
77.995828,469.462,70.122,0.640
78.007438,186.694,54.158,0.647
78.019048,172.582,52.797,0.699
78.030658,172.894,52.829,0.754
78.042268,173.075,52.847,0.792
78.053878,175.063,53.044,0.824
78.065488,174.527,52.991,0.858
78.077098,174.241,52.963,0.883
78.088707,173.996,52.939,0.901
78.100317,173.378,52.877,0.912
78.111927,172.918,52.831,0.910
78.123537,172.660,52.805,0.900
78.135147,172.185,52.757,0.891
78.146757,171.475,52.686,0.879
78.158367,170.992,52.637,0.860
78.169977,170.568,52.594,0.837
78.181587,170.755,52.613,0.812
78.193197,171.492,52.688,0.787
78.204807,172.402,52.779,0.775
78.216417,174.248,52.964,0.776
78.228027,175.017,53.040,0.775
78.239637,175.226,53.061,0.776
78.251247,175.338,53.072,0.781
78.262857,175.266,53.064,0.788
78.274467,175.236,53.062,0.783
78.286077,175.167,53.055,0.772
78.297687,175.062,53.044,0.760
78.309297,174.923,53.031,0.753
78.320907,174.815,53.020,0.773
78.332517,174.947,53.033,0.790
78.344127,174.808,53.019,0.804
78.355737,174.841,53.023,0.801
78.367347,174.882,53.027,0.799
78.378957,174.886,53.027,0.801
78.390567,174.878,53.026,0.802
78.402177,174.767,53.015,0.804
78.413787,174.491,52.988,0.811
78.425397,173.526,52.892,0.818
78.437007,172.998,52.839,0.818
78.448617,172.790,52.818,0.832
78.460227,172.572,52.796,0.840
78.471837,172.549,52.794,0.837
78.483447,172.522,52.791,0.851
78.495057,172.736,52.813,0.865
78.506667,172.774,52.817,0.864
78.518277,172.388,52.778,0.859
78.529887,172.272,52.766,0.840
78.541497,172.515,52.791,0.816
78.553107,172.618,52.801,0.801
78.564717,172.632,52.802,0.800
78.576327,172.492,52.788,0.771
78.587937,170.831,52.621,0.726
78.599546,167.457,52.275,0.688
78.611156,185.224,54.021,0.637
78.622766,88.913,41.316,0.659
78.634376,88.904,41.314,0.673
78.645986,196.404,55.036,0.708
78.657596,189.381,54.405,0.751
78.669206,185.208,54.020,0.793
78.680816,180.992,53.621,0.818
78.692426,181.652,53.684,0.831
78.704036,179.901,53.516,0.851
78.715646,176.952,53.230,0.870
78.727256,175.659,53.103,0.886
78.738866,174.706,53.009,0.892
78.750476,173.232,52.862,0.888
78.762086,172.373,52.776,0.878
78.773696,172.042,52.743,0.869
78.785306,171.462,52.685,0.855
78.796916,170.961,52.634,0.830
78.808526,170.611,52.598,0.793
78.820136,170.566,52.594,0.757
78.831746,170.539,52.591,0.732
78.843356,161.372,51.635,0.737
78.854966,171.687,52.707,0.769
78.866576,174.690,53.007,0.789
78.878186,176.520,53.188,0.806
78.889796,177.051,53.240,0.828
78.901406,177.339,53.268,0.856
78.913016,177.054,53.240,0.869
78.924626,176.496,53.186,0.878
78.936236,175.865,53.124,0.880
78.947846,176.167,53.153,0.874
78.959456,176.146,53.151,0.861
78.971066,544.425,72.687,0.856
78.982676,170.772,52.615,0.847
78.994286,168.987,52.433,0.824
79.005896,168.257,52.358,0.806
79.017506,165.919,52.116,0.787
79.029116,165.786,52.102,0.768
79.040726,271.797,60.660,0.745
79.052336,123.244,46.968,0.740
79.063946,183.509,53.860,0.726
79.075556,176.692,53.205,0.718
79.087166,176.222,53.159,0.719
79.098776,175.360,53.074,0.726
79.110385,175.006,53.039,0.732
79.121995,174.506,52.989,0.737
79.133605,174.427,52.981,0.740
79.145215,173.730,52.912,0.752
79.156825,173.156,52.855,0.756
79.168435,170.771,52.615,0.753
79.180045,169.926,52.529,0.758
79.191655,169.776,52.514,0.760
79.203265,169.493,52.485,0.759
79.214875,165.414,52.063,0.756
79.226485,165.578,52.080,0.759
79.238095,161.879,51.689,0.760
79.249705,142.307,49.458,0.757
79.261315,188.394,54.315,0.776
79.272925,183.588,53.868,0.800
79.284535,179.907,53.517,0.815
79.296145,176.818,53.217,0.831
79.307755,175.463,53.084,0.845
79.319365,174.993,53.037,0.843
79.330975,174.960,53.034,0.841
79.342585,174.779,53.016,0.846
79.354195,174.158,52.955,0.842
79.365805,173.580,52.897,0.827
79.377415,173.188,52.858,0.819
79.389025,172.978,52.837,0.802
79.400635,173.298,52.869,0.776
79.412245,173.344,52.874,0.769
79.423855,173.336,52.873,0.759
79.435465,173.101,52.849,0.734
79.447075,172.708,52.810,0.705
79.458685,173.481,52.887,0.669
79.470295,158.111,51.281,0.628
79.481905,163.246,51.835,0.656
79.493515,168.497,52.383,0.723
79.505125,171.510,52.689,0.760
79.516735,173.266,52.866,0.792
79.528345,174.425,52.981,0.824
79.539955,174.770,53.015,0.854
79.551565,174.464,52.985,0.877
79.563175,174.599,52.998,0.895
79.574785,175.407,53.078,0.904
79.586395,175.689,53.106,0.901
79.598005,175.585,53.096,0.900
79.609615,175.059,53.044,0.899
79.621224,174.368,52.976,0.886
79.632834,174.467,52.985,0.865
79.644444,174.631,53.002,0.840
79.656054,174.082,52.947,0.808
79.667664,172.766,52.816,0.783
79.679274,172.633,52.802,0.782
79.690884,185.142,54.014,0.804
79.702494,184.366,53.941,0.809
79.714104,183.254,53.836,0.826
79.725714,182.654,53.779,0.853
79.737324,181.518,53.671,0.870
79.748934,181.045,53.626,0.890
79.760544,180.753,53.598,0.899
79.772154,180.397,53.564,0.899
79.783764,179.382,53.466,0.894
79.795374,178.604,53.391,0.893
79.806984,177.971,53.330,0.890
79.818594,177.542,53.288,0.880
79.830204,177.014,53.236,0.867
79.841814,176.505,53.187,0.846
79.853424,176.176,53.154,0.829
79.865034,175.836,53.121,0.819
79.876644,175.486,53.086,0.799
79.888254,175.263,53.064,0.770
79.899864,175.067,53.045,0.750
79.911474,175.760,53.113,0.733
79.923084,194.015,54.824,0.737
79.934694,193.528,54.780,0.737
79.946304,185.912,54.085,0.747
79.957914,180.227,53.548,0.752
79.969524,179.608,53.488,0.757
79.981134,178.685,53.399,0.767
79.992744,177.351,53.269,0.773
80.004354,174.993,53.038,0.783
80.015964,174.816,53.020,0.784
80.027574,174.539,52.993,0.777
80.039184,174.051,52.944,0.764
80.050794,173.655,52.905,0.749
80.062404,173.860,52.925,0.737
80.074014,174.444,52.983,0.720
80.085624,174.917,53.030,0.700
80.097234,175.694,53.107,0.710
80.108844,184.743,53.976,0.737
80.120454,183.850,53.892,0.767
80.132063,183.509,53.860,0.777
80.143673,183.508,53.860,0.773
80.155283,183.520,53.861,0.768
80.166893,183.510,53.860,0.766
80.178503,183.544,53.863,0.776
80.190113,183.129,53.824,0.783
80.201723,182.110,53.728,0.779
80.213333,182.283,53.744,0.776
80.224943,182.319,53.748,0.772
80.236553,182.855,53.798,0.786
80.248163,181.588,53.678,0.805
80.259773,182.029,53.720,0.819
80.271383,181.754,53.694,0.821
80.282993,176.089,53.146,0.812
80.294603,175.424,53.080,0.804
80.306213,158.446,51.318,0.794
80.317823,81.890,39.891,0.795
80.329433,88.310,41.198,0.792
80.341043,105.553,44.286,0.776
80.352653,116.293,45.963,0.760
80.364263,116.194,45.948,0.746
80.375873,187.544,54.237,0.737
80.387483,186.967,54.183,0.728
80.399093,187.112,54.197,0.724
80.410703,185.570,54.054,0.718
80.422313,184.907,53.992,0.716
80.433923,183.984,53.905,0.723
80.445533,174.977,53.036,0.732
80.457143,174.819,53.020,0.743
80.468753,174.680,53.007,0.740
80.480363,174.669,53.005,0.731
80.491973,174.823,53.021,0.719
80.503583,174.124,52.951,0.704
80.515193,173.555,52.895,0.694
80.526803,168.592,52.392,0.692
80.538413,169.372,52.472,0.718
80.550023,182.051,53.722,0.756
80.561633,182.551,53.770,0.787
80.573243,182.358,53.751,0.790
80.584853,182.333,53.749,0.790
80.596463,182.267,53.743,0.801
80.608073,182.349,53.750,0.819
80.619683,181.977,53.715,0.833
80.631293,178.881,53.418,0.839
80.642902,174.852,53.024,0.831
80.654512,174.635,53.002,0.808
80.666122,174.618,53.000,0.803
80.677732,174.557,52.994,0.803
80.689342,174.380,52.977,0.794
80.700952,172.282,52.767,0.766
80.712562,170.603,52.598,0.751
80.724172,160.875,51.581,0.715
80.735782,188.710,54.344,0.719
80.747392,188.352,54.311,0.737
80.759002,189.009,54.371,0.774
80.770612,187.757,54.256,0.797
80.782222,185.012,54.001,0.827
80.793832,184.135,53.919,0.848
80.805442,179.215,53.450,0.855
80.817052,767.141,78.624,0.863
80.828662,774.466,78.788,0.857
80.840272,777.051,78.846,0.848
80.851882,783.756,78.995,0.828
80.863492,788.277,79.094,0.808
80.875102,795.617,79.255,0.771
80.886712,790.801,79.150,0.725
80.898322,783.557,78.990,0.665
80.909932,765.610,78.589,0.603
80.921542,373.300,66.154,0.629
80.933152,126.071,47.361,0.688
80.944762,125.954,47.345,0.720
80.956372,94.611,42.391,0.742
80.967982,191.151,54.567,0.760
80.979592,191.144,54.566,0.771
80.991202,191.116,54.563,0.784
81.002812,184.860,53.987,0.802
81.014422,185.021,54.002,0.790
81.026032,183.715,53.880,0.787
81.037642,177.907,53.323,0.785
81.049252,177.393,53.273,0.771
81.060862,176.746,53.210,0.754
81.072472,176.367,53.173,0.742
81.084082,175.507,53.088,0.723
81.095692,170.008,52.537,0.677
81.107302,168.245,52.357,0.644
81.118912,165.928,52.117,0.569
81.130522,172.549,52.794,0.513
81.142132,124.519,47.146,0.578
81.153741,124.631,47.162,0.611
81.165351,176.695,53.205,0.661
81.176961,177.871,53.320,0.715
81.188571,178.325,53.364,0.764
81.200181,178.611,53.392,0.793
81.211791,178.843,53.414,0.809
81.223401,169.533,52.489,0.821
81.235011,172.150,52.754,0.831
81.246621,172.084,52.747,0.836
81.258231,169.661,52.502,0.832
81.269841,169.542,52.490,0.822
81.281451,169.612,52.497,0.803
81.293061,81.347,39.776,0.790
81.304671,162.273,51.731,0.779
81.316281,162.109,51.714,0.764
81.327891,80.153,39.520,0.736
81.339501,80.162,39.522,0.712
81.351111,80.162,39.522,0.694
81.362721,92.187,41.942,0.692
81.374331,83.026,40.129,0.688
81.385941,82.978,40.120,0.688
81.397551,177.612,53.295,0.696
81.409161,177.118,53.246,0.705
81.420771,176.362,53.172,0.731
81.432381,172.905,52.830,0.766
81.443991,172.382,52.777,0.786
81.455601,171.580,52.697,0.800
81.467211,171.385,52.677,0.802
81.478821,170.309,52.568,0.800
81.490431,170.073,52.544,0.801
81.502041,169.934,52.530,0.801
81.513651,168.192,52.351,0.798
81.525261,166.971,52.225,0.780
81.536871,162.975,51.806,0.764
81.548481,170.318,52.569,0.735
81.560091,170.302,52.567,0.717
81.571701,170.483,52.585,0.705
81.583311,168.950,52.429,0.690
81.594921,169.988,52.535,0.699
81.606531,174.639,53.002,0.727
81.618141,175.977,53.135,0.763
81.629751,176.123,53.149,0.783
81.641361,177.182,53.253,0.811
81.652971,177.925,53.325,0.837
81.664580,177.785,53.312,0.853
81.676190,177.812,53.314,0.861
81.687800,177.980,53.331,0.857
81.699410,178.197,53.352,0.844
81.711020,792.111,79.178,0.822
81.722630,787.798,79.084,0.804
81.734240,789.550,79.122,0.774
81.745850,803.984,79.436,0.726
81.757460,158.781,51.354,0.665
81.769070,157.118,51.172,0.594
81.780680,155.644,51.009,0.525
81.792290,166.796,52.207,0.511
81.803900,355.286,65.298,0.570
81.815510,83.505,40.229,0.606
81.827120,83.507,40.230,0.627
81.838730,209.924,56.188,0.643
81.850340,183.776,53.885,0.656
81.861950,166.986,52.227,0.667
81.873560,166.977,52.226,0.688
81.885170,167.028,52.231,0.708
81.896780,163.543,51.866,0.721
81.908390,163.833,51.897,0.746
81.920000,163.640,51.876,0.751
81.931610,163.226,51.832,0.760
81.943220,163.448,51.856,0.778
81.954830,163.321,51.843,0.789
81.966440,165.454,52.067,0.796
81.978050,168.700,52.404,0.798
81.989660,170.702,52.608,0.802
82.001270,171.557,52.694,0.795
82.012880,171.836,52.722,0.798
82.024490,172.204,52.759,0.798
82.036100,172.536,52.793,0.789
82.047710,173.029,52.842,0.788
82.059320,173.848,52.924,0.788
82.070930,174.682,53.007,0.788
82.082540,174.967,53.035,0.778
82.094150,174.999,53.038,0.770
82.105760,175.066,53.045,0.756
82.117370,175.008,53.039,0.743
82.128980,174.759,53.014,0.728
82.140590,174.306,52.969,0.705
82.152200,174.143,52.953,0.671
82.163810,165.147,52.035,0.612
82.175420,164.961,52.015,0.548
82.187029,141.526,49.363,0.463
82.198639,240.660,58.554,0.527
82.210249,141.991,49.420,0.610
82.221859,150.041,50.374,0.680
82.233469,153.282,50.744,0.729
82.245079,155.129,50.952,0.756
82.256689,156.525,51.107,0.785
82.268299,167.683,52.299,0.818
82.279909,168.329,52.365,0.848
82.291519,169.359,52.471,0.866
82.303129,170.265,52.563,0.877
82.314739,170.820,52.620,0.882
82.326349,171.183,52.656,0.886
82.337959,171.125,52.651,0.892
82.349569,171.105,52.649,0.891
82.361179,171.251,52.663,0.882
82.372789,171.340,52.672,0.868
82.384399,171.124,52.650,0.856
82.396009,171.038,52.642,0.849
82.407619,170.221,52.559,0.840
82.419229,168.658,52.399,0.833
82.430839,167.499,52.280,0.822
82.442449,167.597,52.290,0.814
82.454059,174.035,52.942,0.815
82.465669,178.070,53.339,0.829
82.477279,177.895,53.322,0.844
82.488889,176.630,53.199,0.856
82.500499,176.456,53.182,0.853
82.512109,176.304,53.167,0.850
82.523719,176.479,53.184,0.843
82.535329,444.152,69.163,0.836
82.546939,443.476,69.136,0.823
82.558549,441.206,69.047,0.796
82.570159,440.386,69.015,0.749
82.581769,166.095,52.134,0.664
82.593379,165.371,52.058,0.613
82.604989,158.695,51.345,0.508
82.616599,815.303,79.678,0.521
82.628209,536.192,72.423,0.637
82.639819,535.084,72.387,0.683
82.651429,409.711,67.765,0.724
82.663039,186.413,54.132,0.759
82.674649,186.083,54.101,0.773
82.686259,186.008,54.094,0.788
82.697868,185.915,54.086,0.802
82.709478,185.624,54.059,0.806
82.721088,182.187,53.735,0.794
82.732698,180.883,53.611,0.782
82.744308,173.982,52.937,0.759
82.755918,167.077,52.236,0.727
82.767528,165.349,52.056,0.721
82.779138,164.819,52.001,0.732
82.790748,171.267,52.665,0.758
82.802358,178.310,53.363,0.786
82.813968,178.885,53.418,0.809
82.825578,178.774,53.408,0.826
82.837188,178.447,53.376,0.844
82.848798,178.149,53.347,0.858
82.860408,178.149,53.347,0.870
82.872018,178.443,53.376,0.869
82.883628,178.171,53.349,0.860
82.895238,177.575,53.291,0.846
82.906848,177.184,53.253,0.823
82.918458,177.060,53.241,0.804
82.930068,176.772,53.213,0.778
82.941678,177.304,53.265,0.761
82.953288,175.966,53.134,0.750
82.964898,177.401,53.274,0.760
82.976508,176.508,53.187,0.776
82.988118,175.900,53.127,0.778
82.999728,175.877,53.125,0.784
83.011338,175.837,53.121,0.790
83.022948,175.751,53.112,0.798
83.034558,175.569,53.094,0.798
83.046168,175.161,53.054,0.785
83.057778,174.308,52.970,0.764
83.069388,174.853,53.024,0.732
83.080998,176.454,53.181,0.742
83.092608,177.452,53.279,0.768
83.104218,176.603,53.196,0.788
83.115828,175.988,53.136,0.805
83.127438,175.447,53.082,0.817
83.139048,174.784,53.017,0.827
83.150658,174.721,53.011,0.833
83.162268,174.613,53.000,0.836
83.173878,174.184,52.957,0.828
83.185488,173.692,52.908,0.812
83.197098,173.453,52.885,0.790
83.208707,173.116,52.851,0.763
83.220317,173.210,52.860,0.732
83.231927,171.674,52.706,0.694
83.243537,170.776,52.615,0.657
83.255147,170.428,52.580,0.623
83.266757,159.307,51.412,0.602
83.278367,167.054,52.234,0.610
83.289977,176.444,53.180,0.677
83.301587,180.537,53.578,0.709
83.313197,181.008,53.623,0.738
83.324807,178.919,53.422,0.777
83.336417,179.094,53.439,0.814
83.348027,178.929,53.423,0.835
83.359637,177.749,53.308,0.846
83.371247,176.640,53.200,0.858
83.382857,773.904,78.776,0.856
83.394467,771.913,78.731,0.855
83.406077,761.489,78.496,0.858
83.417687,755.159,78.351,0.848
83.429297,757.688,78.409,0.823
83.440907,753.383,78.311,0.798
83.452517,739.730,77.994,0.776
83.464127,718.333,77.486,0.738
83.475737,726.350,77.678,0.712
83.487347,730.110,77.767,0.699
83.498957,155.079,50.946,0.656
83.510567,173.270,52.866,0.666
83.522177,173.743,52.913,0.709
83.533787,176.845,53.220,0.747
83.545397,177.190,53.254,0.797
83.557007,176.939,53.229,0.835
83.568617,174.973,53.036,0.855
83.580227,173.770,52.916,0.866
83.591837,172.909,52.830,0.878
83.603447,171.808,52.720,0.878
83.615057,171.385,52.677,0.868
83.626667,170.906,52.628,0.855
83.638277,169.961,52.532,0.827
83.649887,169.271,52.462,0.786
83.661497,169.303,52.465,0.740
83.673107,169.262,52.461,0.699
83.684717,172.197,52.759,0.643
83.696327,172.825,52.822,0.593
83.707937,173.210,52.860,0.640
83.719546,175.962,53.133,0.685
83.731156,177.449,53.279,0.712
83.742766,178.299,53.362,0.739
83.754376,178.867,53.417,0.765
83.765986,178.837,53.414,0.776
83.777596,178.650,53.396,0.779
83.789206,178.231,53.355,0.784
83.800816,177.988,53.331,0.783
83.812426,177.480,53.282,0.778
83.824036,176.071,53.144,0.779
83.835646,174.194,52.958,0.773
83.847256,173.333,52.873,0.756
83.858866,172.714,52.811,0.742
83.870476,172.163,52.755,0.732
83.882086,171.999,52.739,0.733
83.893696,171.171,52.655,0.744
83.905306,171.170,52.655,0.751
83.916916,166.033,52.128,0.753
83.928526,156.435,51.097,0.752
83.940136,166.384,52.164,0.766
83.951746,171.776,52.716,0.786
83.963356,172.487,52.788,0.811
83.974966,173.032,52.842,0.830
83.986576,173.329,52.872,0.835
83.998186,173.404,52.880,0.823
84.009796,173.327,52.872,0.820
84.021406,173.480,52.887,0.829
84.033016,174.328,52.972,0.837
84.044626,175.455,53.083,0.841
84.056236,177.954,53.328,0.844
84.067846,178.867,53.417,0.846
84.079456,178.605,53.391,0.853
84.091066,178.120,53.344,0.869
84.102676,177.538,53.287,0.876
84.114286,177.008,53.236,0.878
84.125896,176.508,53.187,0.875
84.137506,175.564,53.094,0.870
84.149116,175.088,53.047,0.859
84.160726,174.854,53.024,0.842
84.172336,174.864,53.025,0.823
84.183946,175.221,53.060,0.808
84.195556,174.784,53.017,0.798
84.207166,172.392,52.778,0.783
84.218776,171.658,52.704,0.767
84.230385,171.282,52.666,0.746
84.241995,171.176,52.656,0.728
84.253605,88.390,41.213,0.708
84.265215,88.366,41.209,0.686
84.276825,88.196,41.175,0.654
84.288435,108.261,44.724,0.605
84.300045,108.062,44.692,0.554
84.311655,133.596,48.364,0.551
84.323265,133.666,48.374,0.558
84.334875,780.670,78.927,0.592
84.346485,767.844,78.640,0.618
84.358095,246.174,58.946,0.658
84.369705,268.977,60.480,0.708
84.381315,261.828,60.013,0.746
84.392925,262.027,60.027,0.774
84.404535,261.573,59.997,0.787
84.416145,261.065,59.963,0.794
84.427755,260.499,59.925,0.802
84.439365,260.916,59.953,0.813
84.450975,261.111,59.966,0.816
84.462585,261.403,59.985,0.812
84.474195,261.247,59.975,0.806
84.485805,261.648,60.001,0.800
84.497415,262.039,60.027,0.796
84.509025,262.218,60.039,0.797
84.520635,262.366,60.049,0.793
84.532245,262.381,60.050,0.789
84.543855,262.334,60.047,0.786
84.555465,262.661,60.068,0.786
84.567075,263.393,60.117,0.795
84.578685,263.250,60.107,0.804
84.590295,262.903,60.084,0.815
84.601905,262.582,60.063,0.822
84.613515,262.339,60.047,0.826
84.625125,262.198,60.038,0.830
84.636735,262.049,60.028,0.835
84.648345,261.847,60.015,0.837
84.659955,261.600,59.998,0.835
84.671565,261.429,59.987,0.830
84.683175,261.490,59.991,0.825
84.694785,261.650,60.002,0.823
84.706395,261.761,60.009,0.825
84.718005,261.768,60.009,0.825
84.729615,261.787,60.011,0.816
84.741224,261.840,60.014,0.802
84.752834,261.884,60.017,0.795
84.764444,262.077,60.030,0.797
84.776054,261.854,60.015,0.799
84.787664,261.726,60.007,0.803
84.799274,287.448,61.630,0.801
84.810884,294.567,62.053,0.799
84.822494,294.895,62.072,0.805
84.834104,294.344,62.040,0.814
84.845714,293.662,62.000,0.816
84.857324,293.984,62.019,0.811
84.868934,293.960,62.017,0.807
84.880544,293.038,61.963,0.800
84.892154,292.779,61.948,0.802
84.903764,292.376,61.924,0.802
84.915374,292.941,61.957,0.804
84.926984,295.783,62.124,0.813
84.938594,297.630,62.232,0.812
84.950204,298.147,62.262,0.801
84.961814,298.970,62.310,0.791
84.973424,298.898,62.306,0.790
84.985034,299.331,62.331,0.787
84.996644,296.997,62.195,0.784
85.008254,295.452,62.105,0.780
85.019864,294.825,62.068,0.776
85.031474,294.563,62.053,0.776
85.043084,294.354,62.041,0.789
85.054694,294.121,62.027,0.796
85.066304,293.754,62.005,0.790
85.077914,293.464,61.988,0.783
85.089524,293.313,61.979,0.775
85.101134,293.393,61.984,0.769
85.112744,294.093,62.025,0.763
85.124354,300.511,62.399,0.765
85.135964,309.335,62.900,0.772
85.147574,317.161,63.333,0.793
85.159184,322.789,63.637,0.812
85.170794,325.748,63.795,0.828
85.182404,327.485,63.887,0.842
85.194014,328.113,63.920,0.852
85.205624,328.473,63.939,0.857
85.217234,329.066,63.970,0.860
85.228844,329.341,63.985,0.861
85.240454,329.180,63.976,0.855
85.252063,328.888,63.961,0.852
85.263673,328.893,63.961,0.851
85.275283,329.079,63.971,0.852
85.286893,329.529,63.995,0.854
85.298503,329.838,64.011,0.852
85.310113,330.296,64.035,0.838
85.321723,330.711,64.057,0.823
85.333333,331.251,64.085,0.804
85.344943,331.645,64.106,0.780
85.356553,331.214,64.083,0.745
85.368163,330.478,64.045,0.692
85.379773,329.401,63.988,0.594
85.391383,328.603,63.946,0.458
85.402993,329.087,63.972,0.463
85.414603,329.335,63.985,0.486
85.426213,275.486,60.894,0.535
85.437823,272.044,60.676,0.583
85.449433,263.795,60.143,0.627
85.461043,263.240,60.107,0.657
85.472653,262.770,60.076,0.680
85.484263,262.626,60.066,0.701
85.495873,262.484,60.057,0.716
85.507483,262.343,60.047,0.726
85.519093,262.224,60.040,0.729
85.530703,262.080,60.030,0.728
85.542313,262.024,60.026,0.725
85.553923,262.021,60.026,0.724
85.565533,261.995,60.024,0.729
85.577143,262.105,60.032,0.729
85.588753,262.114,60.032,0.728
85.600363,262.237,60.040,0.718
85.611973,262.444,60.054,0.721
85.623583,262.964,60.088,0.729
85.635193,263.683,60.136,0.737
85.646803,269.636,60.522,0.745
85.658413,270.118,60.553,0.754
85.670023,270.222,60.560,0.760
85.681633,270.009,60.546,0.767
85.693243,269.604,60.520,0.781
85.704853,269.005,60.482,0.785
85.716463,268.550,60.452,0.786
85.728073,262.948,60.087,0.784
85.739683,262.355,60.048,0.781
85.751293,262.077,60.030,0.773
85.762902,262.009,60.025,0.770
85.774512,262.024,60.026,0.768
85.786122,262.076,60.030,0.765
85.797732,262.178,60.037,0.756
85.809342,262.348,60.048,0.741
85.820952,262.315,60.046,0.736
85.832562,262.016,60.026,0.740
85.844172,260.459,59.923,0.748
85.855782,229.872,57.760,0.758
85.867392,226.327,57.491,0.768
85.879002,221.214,57.095,0.777
85.890612,220.278,57.022,0.791
85.902222,220.378,57.030,0.809
85.913832,220.227,57.018,0.814
85.925442,220.340,57.027,0.819
85.937052,220.540,57.042,0.816
85.948662,220.437,57.034,0.813
85.960272,220.400,57.031,0.805
85.971882,220.286,57.023,0.799
85.983492,220.293,57.023,0.794
85.995102,220.146,57.012,0.789
86.006712,220.019,57.001,0.788
86.018322,219.737,56.979,0.784
86.029932,219.880,56.991,0.782
86.041542,220.115,57.009,0.780
86.053152,220.229,57.018,0.786
86.064762,220.234,57.018,0.788
86.076372,219.931,56.995,0.785
86.087982,219.942,56.995,0.781
86.099592,219.903,56.992,0.776
86.111202,219.889,56.991,0.772
86.122812,219.818,56.986,0.765
86.134422,219.815,56.985,0.763
86.146032,219.867,56.990,0.753
86.157642,219.918,56.994,0.745
86.169252,220.018,57.001,0.740
86.180862,220.064,57.005,0.733
86.192472,220.137,57.011,0.732
86.204082,220.145,57.011,0.727
86.215692,220.223,57.018,0.730
86.227302,220.247,57.019,0.722
86.238912,220.300,57.024,0.719
86.250522,220.345,57.027,0.709
86.262132,220.400,57.031,0.703
86.273741,220.460,57.036,0.698
86.285351,220.451,57.035,0.697
86.296961,220.514,57.040,0.696
86.308571,220.567,57.045,0.693
86.320181,220.483,57.038,0.694
86.331791,220.593,57.047,0.695
86.343401,220.692,57.054,0.702
86.355011,220.801,57.063,0.707
86.366621,220.604,57.047,0.712
86.378231,220.482,57.038,0.713
86.389841,220.265,57.021,0.716
86.401451,220.154,57.012,0.717
86.413061,220.136,57.011,0.721
86.424671,220.213,57.017,0.722
86.436281,220.230,57.018,0.726
86.447891,220.750,57.059,0.730
86.459501,232.354,57.946,0.746
86.471111,242.182,58.663,0.767
86.482721,249.552,59.182,0.783
86.494331,255.898,59.617,0.799
86.505941,256.572,59.662,0.813
86.517551,261.931,60.020,0.826
86.529161,262.422,60.053,0.837
86.540771,262.634,60.067,0.846
86.552381,262.777,60.076,0.848
86.563991,262.796,60.077,0.845
86.575601,262.767,60.075,0.844
86.587211,262.662,60.068,0.840
86.598821,262.495,60.057,0.837
86.610431,262.446,60.054,0.834
86.622041,262.535,60.060,0.832
86.633651,262.738,60.073,0.829
86.645261,263.195,60.104,0.822
86.656871,263.984,60.155,0.815
86.668481,266.771,60.337,0.811
86.680091,273.087,60.742,0.813
86.691701,276.547,60.960,0.810
86.703311,282.992,61.359,0.810
86.714921,289.327,61.742,0.808
86.726531,292.842,61.951,0.808
86.738141,293.816,62.009,0.813
86.749751,294.234,62.034,0.818
86.761361,294.512,62.050,0.824
86.772971,294.620,62.056,0.824
86.784580,294.562,62.053,0.830
86.796190,294.385,62.042,0.834
86.807800,294.230,62.033,0.835
86.819410,293.919,62.015,0.839
86.831020,293.443,61.987,0.841
86.842630,292.806,61.949,0.843
86.854240,291.820,61.891,0.839
86.865850,288.682,61.704,0.836
86.877460,283.103,61.366,0.831
86.889070,277.767,61.036,0.825
86.900680,271.998,60.673,0.822
86.912290,268.021,60.418,0.817
86.923900,263.184,60.103,0.815
86.935510,262.631,60.066,0.815
86.947120,262.645,60.067,0.816
86.958730,262.856,60.081,0.817
86.970340,262.806,60.078,0.815
86.981950,262.758,60.075,0.812
86.993560,262.627,60.066,0.807
87.005170,262.026,60.026,0.799
87.016780,260.606,59.932,0.792
87.028390,259.514,59.860,0.782
87.040000,259.111,59.833,0.776
87.051610,258.897,59.818,0.767
87.063220,258.778,59.811,0.759
87.074830,259.191,59.838,0.753
87.086440,260.620,59.933,0.748
87.098050,262.539,60.060,0.747
87.109660,263.135,60.100,0.742
87.121270,268.182,60.428,0.743
87.132880,268.421,60.444,0.744
87.144490,268.271,60.434,0.747
87.156100,263.431,60.119,0.743
87.167710,262.839,60.080,0.740
87.179320,262.087,60.031,0.736
87.190930,260.324,59.914,0.731
87.202540,259.089,59.831,0.729
87.214150,258.844,59.815,0.724
87.225760,258.847,59.815,0.715
87.237370,258.604,59.799,0.708
87.248980,261.747,60.008,0.716
87.260590,262.624,60.066,0.729
87.272200,263.614,60.131,0.750
87.283810,264.393,60.182,0.765
87.295420,265.481,60.253,0.784
87.307029,267.527,60.386,0.813
87.318639,267.304,60.372,0.834
87.330249,264.087,60.162,0.857
87.341859,261.989,60.024,0.881
87.353469,261.917,60.019,0.886
87.365079,261.256,59.976,0.890
87.376689,260.402,59.919,0.894
87.388299,156.933,51.152,0.897
87.399909,157.448,51.208,0.892
87.411519,158.066,51.276,0.885
87.423129,158.709,51.347,0.871
87.434739,159.222,51.402,0.844
87.446349,159.314,51.412,0.836
87.457959,88.834,41.300,0.819
87.469569,88.926,41.318,0.802
87.481179,89.001,41.333,0.785
87.492789,267.881,60.409,0.766
87.504399,265.977,60.286,0.757
87.516009,265.032,60.224,0.757
87.527619,87.590,41.056,0.777
87.539229,87.430,41.024,0.791
87.550839,87.370,41.012,0.803
87.562449,87.277,40.994,0.811
87.574059,87.150,40.969,0.822
87.585669,87.039,40.947,0.840
87.597279,86.923,40.924,0.850
87.608889,86.827,40.905,0.851
87.620499,86.802,40.899,0.848
87.632109,86.533,40.846,0.852
87.643719,86.248,40.789,0.850
87.655329,131.086,48.036,0.850
87.666939,166.865,52.214,0.844
87.678549,165.805,52.104,0.828
87.690159,165.348,52.056,0.805
87.701769,165.214,52.042,0.796
87.713379,164.601,51.978,0.797
87.724989,163.734,51.886,0.789
87.736599,162.344,51.739,0.804
87.748209,161.236,51.620,0.817
87.759819,160.737,51.566,0.826
87.771429,160.170,51.505,0.825
87.783039,159.941,51.480,0.833
87.794649,479.884,70.502,0.830
87.806259,477.583,70.419,0.813
87.817868,477.933,70.432,0.795
87.829478,473.053,70.254,0.756
87.841088,461.787,69.837,0.700
87.852698,444.218,69.165,0.629
87.864308,439.071,68.963,0.574
87.875918,173.892,52.928,0.484
87.887528,130.736,47.990,0.476
87.899138,131.018,48.027,0.484
87.910748,238.792,58.419,0.557
87.922358,627.861,75.155,0.636
87.933968,268.572,60.454,0.668
87.945578,176.259,53.162,0.696
87.957188,176.129,53.150,0.743
87.968798,175.893,53.126,0.780
87.980408,175.452,53.083,0.795
87.992018,175.467,53.084,0.808
88.003628,175.509,53.089,0.818
88.015238,175.883,53.125,0.828
88.026848,176.467,53.183,0.849
88.038458,176.530,53.189,0.861
88.050068,176.132,53.150,0.856
88.061678,175.706,53.108,0.849
88.073288,174.707,53.009,0.853
88.084898,173.151,52.854,0.856
88.096508,170.549,52.592,0.858
88.108118,167.765,52.307,0.858
88.119728,165.772,52.100,0.853
88.131338,164.483,51.965,0.856
88.142948,163.545,51.866,0.857
88.154558,162.344,51.739,0.859
88.166168,652.838,75.831,0.868
88.177778,159.533,51.436,0.874
88.189388,158.668,51.342,0.875
88.200998,157.855,51.253,0.872
88.212608,156.895,51.148,0.863
88.224218,406.888,67.646,0.846
88.235828,404.965,67.564,0.844
88.247438,405.003,67.565,0.828
88.259048,406.010,67.608,0.796
88.270658,402.270,67.448,0.760
88.282268,397.447,67.239,0.721
88.293878,385.163,66.696,0.668
88.305488,378.368,66.387,0.631
88.317098,716.674,77.446,0.623
88.328707,141.413,49.349,0.558
88.340317,141.451,49.354,0.588
88.351927,141.345,49.341,0.618
88.363537,127.468,47.552,0.637
88.375147,159.893,51.475,0.652
88.386757,159.928,51.479,0.675
88.398367,171.843,52.723,0.711
88.409977,171.136,52.652,0.737
88.421587,168.870,52.421,0.754
88.433197,168.746,52.408,0.765
88.444807,168.813,52.415,0.774
88.456417,168.482,52.381,0.782
88.468027,168.291,52.361,0.789
88.479637,167.822,52.313,0.791
88.491247,165.346,52.056,0.773
88.502857,164.589,51.976,0.749
88.514467,163.863,51.900,0.723
88.526077,163.411,51.852,0.693
88.537687,160.489,51.540,0.665
88.549297,153.587,50.779,0.643
88.560907,153.762,50.798,0.620
88.572517,163.229,51.833,0.690
88.584127,170.620,52.599,0.729
88.595737,169.473,52.483,0.760
88.607347,162.577,51.763,0.787
88.618957,162.796,51.787,0.799
88.630567,161.268,51.623,0.814
88.642177,160.939,51.588,0.826
88.653787,161.203,51.617,0.843
88.665397,160.433,51.534,0.835
88.677007,160.926,51.587,0.826
88.688617,160.806,51.574,0.817
88.700227,160.711,51.564,0.808
88.711837,173.251,52.864,0.813
88.723447,173.234,52.863,0.821
88.735057,172.162,52.755,0.838
88.746667,172.393,52.778,0.844
88.758277,171.224,52.661,0.847
88.769887,171.280,52.666,0.847
88.781497,660.363,76.029,0.839
88.793107,659.492,76.006,0.830
88.804717,656.945,75.939,0.817
88.816327,657.067,75.942,0.790
88.827937,645.447,75.634,0.737
88.839546,623.119,75.024,0.656
88.851156,608.534,74.614,0.542
88.862766,223.396,57.265,0.398
88.874376,167.072,52.236,0.468
88.885986,167.009,52.229,0.538
88.897596,160.935,51.588,0.616
88.909206,160.673,51.559,0.646
88.920816,158.720,51.348,0.662
88.932426,158.732,51.349,0.672
88.944036,158.743,51.350,0.679
88.955646,158.712,51.347,0.681
88.967256,158.841,51.361,0.679
88.978866,158.039,51.273,0.668
88.990476,157.747,51.241,0.630
89.002086,158.133,51.284,0.603
89.013696,160.374,51.527,0.619
89.025306,155.010,50.938,0.656
89.036916,148.649,50.213,0.691
89.048526,148.454,50.190,0.711
89.060136,584.660,73.921,0.732
89.071746,576.372,73.674,0.749
89.083356,571.637,73.531,0.759
89.094966,572.849,73.568,0.768
89.106576,573.819,73.597,0.763
89.118186,579.157,73.757,0.750
89.129796,575.456,73.646,0.732
89.141406,573.619,73.591,0.713
89.153016,570.804,73.506,0.686
89.164626,608.488,74.613,0.654
89.176236,611.538,74.699,0.629
89.187846,612.222,74.719,0.610
89.199456,323.876,63.695,0.634
89.211066,321.823,63.585,0.674
89.222676,323.183,63.658,0.709
89.234286,324.335,63.720,0.738
89.245896,164.361,51.952,0.761
89.257506,164.456,51.962,0.779
89.269116,164.381,51.954,0.792
89.280726,164.115,51.926,0.801
89.292336,163.911,51.905,0.800
89.303946,163.916,51.905,0.795
89.315556,163.786,51.892,0.783
89.327166,163.648,51.877,0.770
89.338776,162.595,51.765,0.748
89.350385,158.456,51.319,0.722
89.361995,157.988,51.268,0.696
89.373605,157.494,51.214,0.679
89.385215,157.230,51.184,0.665
89.396825,157.282,51.190,0.655
89.408435,161.189,51.615,0.674
89.420045,161.421,51.640,0.680
89.431655,161.357,51.633,0.690
89.443265,161.351,51.632,0.698
89.454875,161.293,51.626,0.707
89.466485,161.580,51.657,0.696
89.478095,151.341,50.524,0.687
89.489705,160.555,51.547,0.668
89.501315,152.744,50.683,0.645
89.512925,149.575,50.320,0.645
89.524535,161.695,51.669,0.665
89.536145,175.533,53.091,0.700
89.547755,188.489,54.324,0.721
89.559365,188.019,54.280,0.735
89.570975,187.592,54.241,0.747
89.582585,187.495,54.232,0.758
89.594195,187.606,54.242,0.757
89.605805,187.504,54.233,0.750
89.617415,187.477,54.231,0.747
89.629025,187.443,54.227,0.751
89.640635,187.674,54.249,0.756
89.652245,174.995,53.038,0.765
89.663855,174.796,53.018,0.774
89.675465,79.891,39.463,0.782
89.687075,143.111,49.556,0.789
89.698685,79.891,39.463,0.799
89.710295,265.769,60.272,0.797
89.721905,132.068,48.165,0.779
89.733515,139.451,49.107,0.761
89.745125,139.392,49.100,0.739
89.756735,132.031,48.161,0.713
89.768345,131.998,48.156,0.680
89.779955,132.030,48.160,0.641
89.791565,124.579,47.155,0.582
89.803175,131.963,48.152,0.562
89.814785,134.759,48.515,0.576
89.826395,120.164,46.530,0.626
89.838005,187.460,54.229,0.708
89.849615,187.835,54.264,0.743
89.861224,179.697,53.497,0.767
89.872834,179.124,53.441,0.785
89.884444,178.958,53.425,0.798
89.896054,178.987,53.428,0.800
89.907664,179.107,53.440,0.807
89.919274,192.685,54.705,0.802
89.930884,785.778,79.039,0.780
89.942494,783.529,78.990,0.761
89.954104,779.191,78.894,0.739
89.965714,151.717,50.567,0.713
89.977324,151.539,50.546,0.684
89.988934,151.799,50.576,0.665
90.000544,152.363,50.640,0.619
90.012154,157.184,51.179,0.564
90.023764,163.066,51.815,0.484
90.035374,143.480,49.600,0.505
90.046984,208.115,56.039,0.520
90.058594,174.732,53.012,0.560
90.070204,187.252,54.210,0.605
90.081814,186.947,54.181,0.649
90.093424,186.469,54.137,0.682
90.105034,186.092,54.102,0.711
90.116644,184.848,53.986,0.731
90.128254,184.546,53.958,0.732
90.139864,184.346,53.939,0.727
90.151474,183.800,53.888,0.718
90.163084,182.510,53.766,0.705
90.174694,173.955,52.935,0.684
90.186304,173.420,52.881,0.661
90.197914,170.731,52.611,0.626
90.209524,168.092,52.341,0.593
90.221134,164.252,51.941,0.640
90.232744,160.638,51.556,0.697
90.244354,161.384,51.636,0.731
90.255964,485.726,70.712,0.757
90.267574,483.671,70.638,0.768
90.279184,483.661,70.638,0.765
90.290794,483.685,70.639,0.761
90.302404,484.418,70.665,0.757
90.314014,485.951,70.720,0.728
90.325624,151.934,50.591,0.685
90.337234,149.244,50.282,0.635
90.348844,145.091,49.794,0.577
90.360454,186.391,54.130,0.615
90.372063,185.213,54.020,0.664
90.383673,183.980,53.905,0.712
90.395283,184.153,53.921,0.759
90.406893,183.819,53.889,0.785
90.418503,185.320,54.030,0.805
90.430113,184.214,53.927,0.816
90.441723,184.032,53.909,0.819
90.453333,620.574,74.953,0.816
90.464943,619.095,74.912,0.811
90.476553,624.009,75.049,0.793
90.488163,631.325,75.251,0.759
90.499773,633.387,75.307,0.728
90.511383,157.426,51.206,0.689
90.522993,156.486,51.102,0.652
90.534603,155.691,51.014,0.632
90.546213,155.297,50.970,0.605
90.557823,164.874,52.006,0.613
90.569433,160.727,51.565,0.633
90.581043,160.707,51.563,0.637
90.592653,160.702,51.563,0.640
90.604263,160.693,51.562,0.642
90.615873,160.459,51.536,0.636
90.627483,164.456,51.962,0.638
90.639093,166.966,52.225,0.667
90.650703,173.812,52.920,0.683
90.662313,171.307,52.669,0.712
90.673923,170.645,52.602,0.736
90.685533,170.488,52.586,0.740
90.697143,170.502,52.587,0.744
90.708753,170.486,52.586,0.750
90.720363,170.377,52.575,0.750
90.731973,170.084,52.545,0.734
90.743583,169.379,52.473,0.729
90.755193,168.219,52.354,0.723
90.766803,167.728,52.303,0.718
90.778413,167.642,52.295,0.721
90.790023,167.584,52.289,0.723
90.801633,167.530,52.283,0.730
90.813243,167.470,52.277,0.737
90.824853,167.293,52.258,0.737
90.836463,167.227,52.252,0.717
90.848073,167.035,52.232,0.684
90.859683,166.466,52.173,0.653
90.871293,166.262,52.151,0.652
90.882902,174.564,52.995,0.673
90.894512,182.410,53.756,0.690
90.906122,182.406,53.756,0.705
90.917732,182.546,53.769,0.748
90.929342,182.473,53.762,0.771
90.940952,182.596,53.774,0.793
90.952562,187.303,54.214,0.813
90.964172,174.694,53.008,0.826
90.975782,174.166,52.956,0.830
90.987392,174.133,52.952,0.826
90.999002,174.074,52.946,0.821
91.010612,173.856,52.925,0.805
91.022222,173.709,52.910,0.803
91.033832,173.571,52.896,0.801
91.045442,172.596,52.799,0.794
91.057052,158.055,51.275,0.785
91.068662,157.385,51.201,0.781
91.080272,168.259,52.358,0.780
91.091882,168.406,52.373,0.778
91.103492,168.448,52.378,0.774
91.115102,169.696,52.505,0.770
91.126712,184.715,53.974,0.761
91.138322,183.593,53.868,0.758
91.149932,183.486,53.858,0.761
91.161542,180.457,53.570,0.758
91.173152,177.011,53.236,0.753
91.184762,176.901,53.225,0.755
91.196372,176.623,53.198,0.751
91.207982,176.284,53.165,0.739
91.219592,174.890,53.027,0.730
91.231202,173.264,52.866,0.717
91.242812,172.588,52.798,0.691
91.254422,168.008,52.332,0.660
91.266032,165.491,52.071,0.664
91.277642,168.122,52.344,0.671
91.289252,160.884,51.582,0.679
91.300862,160.929,51.587,0.691
91.312472,164.678,51.986,0.707
91.324082,164.697,51.988,0.720
91.335692,168.483,52.381,0.747
91.347302,179.323,53.461,0.764
91.358912,179.332,53.462,0.766
91.370522,179.210,53.450,0.780
91.382132,178.466,53.378,0.803
91.393741,177.658,53.299,0.812
91.405351,177.540,53.288,0.815
91.416961,177.020,53.237,0.817
91.428571,524.967,72.057,0.812
91.440181,524.132,72.029,0.808
91.451791,522.453,71.974,0.807
91.463401,171.011,52.639,0.796
91.475011,166.717,52.199,0.773
91.486621,166.087,52.133,0.755
91.498231,166.109,52.136,0.744
91.509841,167.081,52.237,0.749
91.521451,167.422,52.272,0.751
91.533061,167.296,52.259,0.760
91.544671,167.377,52.267,0.770
91.556281,167.078,52.236,0.762
91.567891,167.045,52.233,0.753
91.579501,166.858,52.213,0.750
91.591111,165.169,52.037,0.761
91.602721,164.979,52.017,0.774
91.614331,164.623,51.980,0.783
91.625941,164.757,51.994,0.783
91.637551,164.966,52.016,0.769
91.649161,164.970,52.016,0.769
91.660771,164.921,52.011,0.768
91.672381,164.852,52.004,0.764
91.683991,164.634,51.981,0.746
91.695601,164.355,51.952,0.701
91.707211,164.406,51.957,0.654
91.718821,163.551,51.867,0.614
91.730431,164.197,51.935,0.618
91.742041,172.410,52.780,0.646
91.753651,178.216,53.353,0.679
91.765261,178.001,53.333,0.700
91.776871,177.583,53.292,0.722
91.788481,177.765,53.310,0.738
91.800091,177.594,53.293,0.752
91.811701,177.628,53.296,0.753
91.823311,177.655,53.299,0.749
91.834921,473.453,70.269,0.732
91.846531,474.668,70.313,0.705
91.858141,171.084,52.646,0.679
91.869751,159.745,51.459,0.636
91.881361,158.775,51.354,0.584
91.892971,146.298,49.937,0.547
91.904580,214.167,56.535,0.593
91.916190,265.853,60.278,0.628
91.927800,214.240,56.541,0.653
91.939410,214.247,56.541,0.661
91.951020,214.269,56.543,0.675
91.962630,183.801,53.888,0.697
91.974240,183.793,53.887,0.729
91.985850,172.185,52.758,0.736
91.997460,172.631,52.802,0.746
92.009070,172.491,52.788,0.751
92.020680,734.335,77.867,0.759
92.032290,728.946,77.740,0.773
92.043900,722.893,77.595,0.778
92.055510,721.952,77.573,0.769
92.067120,716.560,77.443,0.746
92.078730,710.944,77.307,0.729
92.090340,700.619,77.054,0.689
92.101950,692.926,76.862,0.653
92.113560,123.096,46.947,0.603
92.125170,123.758,47.040,0.524
92.136780,177.948,53.327,0.426
92.148390,177.959,53.328,0.499
92.160000,174.647,53.003,0.602
92.171610,178.031,53.336,0.684
92.183220,180.448,53.569,0.719
92.194830,180.782,53.601,0.741
92.206440,180.889,53.611,0.778
92.218050,180.876,53.610,0.802
92.229660,180.786,53.601,0.823
92.241270,180.510,53.575,0.832
92.252880,180.657,53.589,0.826
92.264490,180.493,53.573,0.810
92.276100,179.371,53.465,0.803
92.287710,178.758,53.406,0.795
92.299320,177.612,53.295,0.767
92.310930,176.855,53.221,0.733
92.322540,177.454,53.279,0.699
92.334150,173.598,52.899,0.680
92.345760,165.701,52.093,0.698
92.357370,159.055,51.384,0.713
92.368980,183.854,53.893,0.729
92.380590,459.623,69.755,0.764
92.392200,185.434,54.041,0.797
92.403810,185.615,54.058,0.812
92.415420,184.669,53.969,0.822
92.427029,95.840,42.614,0.825
92.438639,95.633,42.577,0.816
92.450249,95.647,42.579,0.805
92.461859,602.623,74.445,0.788
92.473469,649.265,75.736,0.753
92.485079,691.578,76.829,0.698
92.496689,676.705,76.452,0.653
92.508299,630.696,75.233,0.566
92.519909,608.993,74.627,0.410
92.531519,730.146,77.768,0.200
92.543129,730.890,77.786,0.181
92.554739,734.189,77.864,0.481
92.566349,745.403,78.126,0.607
92.577959,310.390,62.959,0.634
92.589569,192.812,54.716,0.681
92.601179,190.726,54.528,0.706
92.612789,516.227,71.766,0.753
92.624399,516.854,71.787,0.784
92.636009,515.374,71.737,0.806
92.647619,509.236,71.530,0.812
92.659229,508.706,71.512,0.804
92.670839,506.488,71.436,0.804
92.682449,510.250,71.564,0.798
92.694059,498.317,71.155,0.808
92.705669,472.515,70.234,0.788
92.717279,142.350,49.463,0.765
92.728889,141.848,49.402,0.740
92.740499,141.915,49.410,0.720
92.752109,141.644,49.377,0.713
92.763719,142.094,49.432,0.710
92.775329,140.804,49.274,0.725
92.786939,161.642,51.664,0.723
92.798549,167.607,52.291,0.747
92.810159,170.362,52.573,0.756
92.821769,578.047,73.724,0.776
92.833379,574.535,73.619,0.785
92.844989,571.555,73.529,0.785
92.856599,571.443,73.525,0.780
92.868209,573.163,73.577,0.759
92.879819,579.604,73.771,0.728
92.891429,596.585,74.271,0.681
92.903039,585.133,73.935,0.650
92.914649,138.001,48.926,0.582
92.926259,129.058,47.766,0.581
92.937868,971.443,82.712,0.633
92.949478,229.625,57.741,0.683
92.961088,229.699,57.747,0.722
92.972698,229.741,57.750,0.749
92.984308,229.521,57.733,0.776
92.995918,705.768,77.180,0.792
93.007528,884.891,81.096,0.800
93.019138,886.509,81.128,0.794
93.030748,884.830,81.095,0.782
93.042358,886.168,81.121,0.766
93.053968,881.837,81.036,0.750
93.065578,503.712,71.341,0.760
93.077188,172.798,52.819,0.739
93.088798,172.320,52.771,0.723
93.100408,168.206,52.353,0.713
93.112018,571.013,73.512,0.714
93.123628,572.250,73.550,0.719
93.135238,580.121,73.786,0.719
93.146848,641.117,75.517,0.718
93.158458,668.367,76.238,0.680
93.170068,673.708,76.375,0.683
93.181678,685.590,76.678,0.688
93.193288,123.568,47.014,0.704
93.204898,124.000,47.074,0.723
93.216508,124.486,47.142,0.748
93.228118,264.197,60.169,0.774
93.239728,259.726,59.874,0.795
93.251338,260.025,59.894,0.813
93.262948,260.147,59.902,0.830
93.274558,259.204,59.839,0.843
93.286168,260.521,59.927,0.850
93.297778,260.461,59.923,0.855
93.309388,260.515,59.926,0.856
93.320998,261.323,59.980,0.857
93.332608,261.636,60.001,0.856
93.344218,262.090,60.031,0.856
93.355828,261.191,59.971,0.853
93.367438,261.172,59.970,0.852
93.379048,260.639,59.935,0.852
93.390658,260.422,59.920,0.850
93.402268,262.452,60.055,0.851
93.413878,267.647,60.394,0.855
93.425488,268.656,60.459,0.856
93.437098,268.859,60.472,0.855
93.448707,268.875,60.473,0.856
93.460317,268.709,60.462,0.855
93.471927,268.326,60.438,0.853
93.483537,267.789,60.403,0.851
93.495147,267.090,60.358,0.844
93.506757,264.232,60.172,0.833
93.518367,261.560,59.996,0.823
93.529977,259.280,59.844,0.816
93.541587,258.388,59.784,0.809
93.553197,258.039,59.761,0.802
93.564807,257.860,59.749,0.801
93.576417,259.606,59.866,0.803
93.588027,262.310,60.045,0.806
93.599637,263.552,60.127,0.805
93.611247,263.796,60.143,0.804
93.622857,263.681,60.135,0.803
93.634467,263.008,60.091,0.798
93.646077,259.879,59.884,0.792
93.657687,257.706,59.739,0.782
93.669297,256.192,59.637,0.768
93.680907,254.929,59.551,0.756
93.692517,254.519,59.523,0.746
93.704127,254.945,59.552,0.732
93.715737,257.228,59.706,0.713
93.727347,259.489,59.858,0.694
93.738957,262.943,60.087,0.667
93.750567,266.277,60.305,0.638
93.762177,267.600,60.391,0.607
93.773787,267.031,60.354,0.559
93.785397,263.825,60.145,0.496
93.797007,261.480,59.990,0.430
93.808617,257.885,59.751,0.409
93.820227,612.213,74.718,0.578
93.831837,296.269,62.153,0.691
93.843447,296.764,62.182,0.746
93.855057,296.736,62.180,0.790
93.866667,296.672,62.176,0.816
93.878277,296.525,62.168,0.838
93.889887,296.064,62.141,0.858
93.901497,295.554,62.111,0.871
93.913107,295.083,62.083,0.876
93.924717,294.031,62.022,0.869
93.936327,293.185,61.972,0.866
93.947937,292.775,61.947,0.862
93.959546,292.710,61.944,0.860
93.971156,292.757,61.946,0.861
93.982766,292.953,61.958,0.857
93.994376,293.307,61.979,0.855
94.005986,293.883,62.013,0.839
94.017596,294.498,62.049,0.824
94.029206,295.058,62.082,0.806
94.040816,295.144,62.087,0.780
94.052426,294.768,62.065,0.764
94.064036,292.625,61.939,0.742
94.075646,293.247,61.975,0.727
94.087256,293.832,62.010,0.718
94.098866,293.944,62.016,0.739
94.110476,293.885,62.013,0.759
94.122086,293.803,62.008,0.775
94.133696,293.704,62.002,0.787
94.145306,293.703,62.002,0.790
94.156916,293.764,62.006,0.791
94.168526,293.689,62.001,0.789
94.180136,293.577,61.995,0.785
94.191746,293.490,61.990,0.784
94.203356,293.485,61.989,0.780
94.214966,293.610,61.997,0.779
94.226576,293.866,62.012,0.777
94.238186,293.924,62.015,0.773
94.249796,293.882,62.013,0.769
94.261406,294.189,62.031,0.768
94.273016,294.704,62.061,0.767
94.284626,341.480,64.612,0.772
94.296236,345.488,64.814,0.776
94.307846,355.547,65.310,0.780
94.319456,356.467,65.355,0.788
94.331066,355.093,65.288,0.802
94.342676,353.975,65.234,0.817
94.354286,353.638,65.217,0.824
94.365896,353.329,65.202,0.834
94.377506,339.683,64.520,0.840
94.389116,339.565,64.514,0.844
94.400726,340.545,64.564,0.849
94.412336,341.303,64.603,0.851
94.423946,341.239,64.599,0.852
94.435556,347.498,64.914,0.850
94.447166,350.012,65.039,0.851
94.458776,350.950,65.085,0.848
94.470385,350.817,65.079,0.847
94.481995,350.856,65.081,0.848
94.493605,350.700,65.073,0.847
94.505215,349.279,65.003,0.847
94.516825,347.189,64.899,0.845
94.528435,347.076,64.893,0.844
94.540045,347.414,64.910,0.846
94.551655,348.152,64.947,0.848
94.563265,350.814,65.078,0.849
94.574875,351.879,65.131,0.851
94.586485,351.515,65.113,0.855
94.598095,351.249,65.100,0.859
94.609705,350.759,65.076,0.865
94.621315,349.750,65.026,0.872
94.632925,349.027,64.990,0.878
94.644535,349.137,64.995,0.884
94.656145,349.155,64.996,0.887
94.667755,349.446,65.011,0.888
94.679365,349.908,65.034,0.888
94.690975,350.262,65.051,0.887
94.702585,350.515,65.064,0.885
94.714195,350.474,65.062,0.888
94.725805,350.088,65.043,0.889
94.737415,349.290,65.003,0.890
94.749025,348.601,64.969,0.893
94.760635,348.042,64.941,0.896
94.772245,347.721,64.925,0.900
94.783855,173.654,52.905,0.903
94.795465,173.643,52.903,0.904
94.807075,347.737,64.926,0.903
94.818685,348.173,64.948,0.902
94.830295,348.717,64.975,0.898
94.841905,349.128,64.995,0.894
94.853515,349.387,65.008,0.889
94.865125,349.601,65.018,0.876
94.876735,349.782,65.027,0.859
94.888345,349.787,65.028,0.844
94.899955,349.840,65.030,0.824
94.911565,349.858,65.031,0.799
94.923175,349.959,65.036,0.776
94.934785,349.867,65.032,0.751
94.946395,350.020,65.039,0.731
94.958005,350.183,65.047,0.738
94.969615,350.318,65.054,0.742
94.981224,350.446,65.060,0.746
94.992834,350.094,65.043,0.755
95.004444,349.813,65.029,0.760
95.016054,349.600,65.018,0.760
95.027664,349.630,65.020,0.759
95.039274,349.646,65.021,0.759
95.050884,349.654,65.021,0.755
95.062494,349.725,65.025,0.753
95.074104,349.832,65.030,0.745
95.085714,350.351,65.056,0.728
95.097324,175.399,53.078,0.730
95.108934,390.974,66.955,0.751
95.120544,401.243,67.404,0.776
95.132154,408.326,67.707,0.795
95.143764,412.417,67.879,0.802
95.155374,412.310,67.875,0.811
95.166984,410.063,67.780,0.823
95.178594,406.680,67.637,0.837
95.190204,404.750,67.554,0.839
95.201814,404.353,67.537,0.836
95.213424,403.017,67.480,0.835
95.225034,402.409,67.454,0.836
95.236644,403.217,67.489,0.851
95.248254,713.637,77.372,0.864
95.259864,717.816,77.473,0.866
95.271474,723.422,77.608,0.867
95.283084,439.090,68.964,0.879
95.294694,439.669,68.987,0.886
95.306304,439.910,68.996,0.890
95.317914,440.368,69.014,0.895
95.329524,441.050,69.041,0.894
95.341134,440.888,69.035,0.894
95.352744,440.433,69.017,0.903
95.364354,439.694,68.988,0.918
95.375964,439.335,68.974,0.921
95.387574,439.500,68.980,0.923
95.399184,439.737,68.990,0.924
95.410794,439.700,68.988,0.924
95.422404,439.015,68.961,0.927
95.434014,437.752,68.911,0.931
95.445624,437.226,68.891,0.926
95.457234,436.038,68.843,0.912
95.468844,434.363,68.777,0.906
95.480454,216.687,56.737,0.905
95.492063,196.785,55.069,0.901
95.503673,196.578,55.051,0.898
95.515283,131.329,48.068,0.892
95.526893,394.918,67.129,0.881
95.538503,394.209,67.097,0.879
95.550113,131.138,48.043,0.886
95.561723,131.068,48.034,0.891
95.573333,131.064,48.033,0.894
95.584943,131.046,48.031,0.895
95.596553,130.954,48.019,0.890
95.608163,179.078,53.437,0.877
95.619773,535.719,72.408,0.866
95.631383,534.205,72.359,0.858
95.642993,534.890,72.381,0.838
95.654603,537.054,72.451,0.810
95.666213,543.911,72.670,0.773
95.677823,547.824,72.794,0.731
95.689433,549.928,72.861,0.693
95.701043,549.955,72.862,0.678
95.712653,551.416,72.908,0.656
95.724263,85.391,40.616,0.624
95.735873,728.209,77.722,0.575
95.747483,731.411,77.798,0.538
95.759093,278.527,61.084,0.495
95.770703,279.467,61.142,0.474
95.782313,558.321,73.123,0.469
95.793923,559.947,73.173,0.465
95.805533,559.469,73.159,0.467
95.817143,558.897,73.141,0.466
95.828753,556.542,73.068,0.469
95.840363,556.180,73.057,0.467
95.851973,555.124,73.024,0.463
95.863583,553.277,72.966,0.456
95.875193,552.606,72.945,0.442
95.886803,553.088,72.960,0.428
95.898413,554.550,73.006,0.416
95.910023,553.509,72.973,0.405
95.921633,554.777,73.013,0.385
95.933243,553.903,72.986,0.370
95.944853,732.118,77.815,0.363
95.956463,731.540,77.801,0.361
95.968073,729.424,77.751,0.370
95.979683,726.729,77.687,0.370
95.991293,727.688,77.710,0.373
96.002902,726.869,77.690,0.377
96.014512,731.313,77.796,0.391
96.026122,731.068,77.790,0.401
96.037732,731.485,77.800,0.412
96.049342,735.934,77.905,0.426
96.060952,450.823,69.421,0.431
96.072562,737.353,77.938,0.439
96.084172,275.385,60.887,0.442
96.095782,275.770,60.912,0.444
96.107392,273.757,60.785,0.436
96.119002,90.252,41.574,0.427
96.130612,449.764,69.380,0.419
96.142222,274.052,60.803,0.404
96.153832,274.770,60.849,0.387
96.165442,275.052,60.866,0.373
96.177052,443.722,69.146,0.358
96.188662,442.609,69.102,0.374
96.200272,363.717,65.704,0.566
96.211882,322.159,63.603,0.654
96.223492,348.295,64.954,0.711
96.235102,344.585,64.768,0.753
96.246712,344.212,64.750,0.786
96.258322,344.098,64.744,0.816
96.269932,344.069,64.742,0.842
96.281542,344.071,64.742,0.863
96.293152,344.435,64.761,0.876
96.304762,345.173,64.798,0.885
96.316372,345.876,64.833,0.893
96.327982,346.308,64.855,0.898
96.339592,346.626,64.871,0.902
96.351202,346.788,64.879,0.902
96.362812,349.905,65.034,0.907
96.374422,350.766,65.076,0.906
96.386032,350.407,65.058,0.904
96.397642,349.674,65.022,0.900
96.409252,348.894,64.983,0.894
96.420862,348.502,64.964,0.890
96.432472,348.633,64.970,0.888
96.444082,349.085,64.993,0.889
96.455692,348.816,64.980,0.880
96.467302,348.726,64.975,0.877
96.478912,348.838,64.981,0.873
96.490522,349.067,64.992,0.871
96.502132,349.258,65.001,0.868
96.513741,349.478,65.012,0.866
96.525351,349.634,65.020,0.864
96.536961,349.699,65.023,0.863
96.548571,349.911,65.034,0.865
96.560181,350.413,65.059,0.868
96.571791,350.853,65.080,0.866
96.583401,351.485,65.112,0.866
96.595011,176.045,53.141,0.878
96.606621,176.533,53.189,0.887
96.618231,390.686,66.942,0.890
96.629841,394.402,67.106,0.892
96.641451,395.495,67.154,0.898
96.653061,394.544,67.112,0.901
96.664671,393.249,67.055,0.907
96.676281,391.890,66.995,0.912
96.687891,390.625,66.939,0.912
96.699501,388.020,66.824,0.914
96.711111,387.589,66.804,0.919
96.722721,387.924,66.819,0.921
96.734331,388.151,66.829,0.920
96.745941,389.191,66.876,0.919
96.757551,391.863,66.994,0.920
96.769161,393.768,67.078,0.918
96.780771,395.090,67.136,0.911
96.792381,395.986,67.175,0.902
96.803991,396.176,67.184,0.891
96.815601,395.473,67.153,0.888
96.827211,394.505,67.110,0.879
96.838821,393.592,67.070,0.864
96.850431,392.382,67.017,0.839
96.862041,391.104,66.961,0.815
96.873651,390.034,66.913,0.791
96.885261,389.212,66.877,0.761
96.896871,388.963,66.866,0.728
96.908481,388.635,66.851,0.653
96.920091,388.361,66.839,0.528
96.931701,466.471,70.011,0.416
96.943311,464.091,69.923,0.407
96.954921,463.327,69.894,0.404
96.966531,461.998,69.845,0.402
96.978141,462.119,69.849,0.399
96.989751,581.204,73.818,0.511
97.001361,445.444,69.213,0.732
97.012971,446.210,69.243,0.812
97.024580,444.965,69.194,0.850
97.036190,443.942,69.154,0.877
97.047800,443.339,69.131,0.898
97.059410,443.057,69.120,0.914
97.071020,442.610,69.102,0.928
97.082630,442.265,69.089,0.940
97.094240,441.344,69.053,0.935
97.105850,440.050,69.002,0.928
97.117460,439.564,68.983,0.923
97.129070,439.633,68.986,0.919
97.140680,439.832,68.993,0.917
97.152290,440.010,69.000,0.916
97.163900,440.361,69.014,0.910
97.175510,440.649,69.025,0.900
97.187120,440.659,69.026,0.882
97.198730,440.822,69.032,0.859
97.210340,440.852,69.033,0.835
97.221950,440.699,69.027,0.810
97.233560,440.129,69.005,0.787
97.245170,439.582,68.984,0.769
97.256780,439.369,68.975,0.759
97.268390,440.018,69.001,0.765
97.280000,220.596,57.047,0.790
97.291610,220.645,57.051,0.812
97.303220,441.295,69.051,0.830
97.314830,441.186,69.047,0.844
97.326440,441.179,69.046,0.853
97.338050,441.351,69.053,0.859
97.349660,441.890,69.074,0.865
97.361270,442.841,69.111,0.873
97.372880,147.204,50.044,0.878
97.384490,147.497,50.078,0.885
97.396100,300.597,62.404,0.891
97.407710,301.031,62.429,0.899
97.419320,300.641,62.406,0.905
97.430930,595.079,74.227,0.918
97.442540,593.562,74.183,0.927
97.454150,591.260,74.115,0.924
97.465760,589.914,74.076,0.920
97.477370,583.912,73.899,0.917
97.488980,579.165,73.758,0.913
97.500590,282.965,61.357,0.913
97.512200,277.113,60.996,0.914
97.523810,275.015,60.864,0.907
97.535420,412.795,67.895,0.903
97.547029,411.026,67.821,0.908
97.558639,409.653,67.763,0.912
97.570249,408.825,67.728,0.912
97.581859,408.616,67.719,0.914
97.593469,409.281,67.747,0.911
97.605079,410.248,67.788,0.908
97.616689,411.723,67.850,0.907
97.628299,413.623,67.930,0.900
97.639909,416.959,68.069,0.894
97.651519,420.834,68.229,0.894
97.663129,856.112,80.524,0.895
97.674739,864.508,80.693,0.896
97.686349,873.323,80.868,0.895
97.697959,879.849,80.997,0.890
97.709569,885.792,81.114,0.883
97.721179,442.016,69.079,0.882
97.732789,441.528,69.060,0.880
97.744399,440.769,69.030,0.879
97.756009,440.317,69.012,0.881
97.767619,439.979,68.999,0.886
97.779229,439.874,68.995,0.895
97.790839,439.605,68.984,0.907
97.802449,438.839,68.954,0.913
97.814059,867.678,80.756,0.925
97.825669,866.968,80.742,0.921
97.837279,865.633,80.715,0.918
97.848889,861.676,80.636,0.912
97.860499,857.214,80.546,0.904
97.872109,851.048,80.421,0.894
97.883719,843.221,80.261,0.876
97.895329,116.402,45.979,0.866
97.906939,349.809,65.029,0.846
97.918549,350.021,65.039,0.849
97.930159,349.509,65.014,0.849
97.941769,349.371,65.007,0.850
97.953379,349.492,65.013,0.850
97.964989,349.499,65.013,0.849
97.976599,349.524,65.015,0.852
97.988209,349.210,64.999,0.852
97.999819,348.905,64.984,0.840
98.011429,348.508,64.964,0.824
98.023039,347.926,64.935,0.811
98.034649,348.244,64.951,0.799
98.046259,349.277,65.002,0.788
98.057868,349.816,65.029,0.771
98.069478,350.510,65.063,0.758
98.081088,353.003,65.186,0.773
98.092698,354.407,65.255,0.804
98.104308,354.878,65.278,0.826
98.115918,354.849,65.276,0.831
98.127528,354.892,65.278,0.824
98.139138,355.009,65.284,0.817
98.150748,354.904,65.279,0.817
98.162358,354.744,65.271,0.813
98.173968,355.101,65.289,0.791
98.185578,353.164,65.194,0.766
98.197188,349.481,65.013,0.744
98.208798,349.033,64.990,0.742
98.220408,349.354,65.006,0.758
98.232018,349.688,65.023,0.768
98.243628,350.297,65.053,0.777
98.255238,351.234,65.099,0.781
98.266848,352.737,65.173,0.784
98.278458,355.248,65.296,0.787
98.290068,371.112,66.052,0.814
98.301678,386.021,66.734,0.840
98.313288,390.372,66.928,0.861
98.324898,392.715,67.032,0.881
98.336508,393.696,67.075,0.894
98.348118,393.736,67.077,0.906
98.359728,393.391,67.062,0.918
98.371338,392.562,67.025,0.926
98.382948,392.416,67.019,0.923
98.394558,390.848,66.949,0.917
98.406168,388.721,66.855,0.911
98.417778,387.082,66.782,0.905
98.429388,386.925,66.775,0.903
98.440998,387.750,66.811,0.899
98.452608,390.052,66.914,0.897
98.464218,393.770,67.078,0.893
98.475828,396.187,67.184,0.888
98.487438,397.315,67.233,0.880
98.499048,397.841,67.256,0.873
98.510658,398.589,67.289,0.859
98.522268,398.994,67.306,0.846
98.533878,396.251,67.187,0.835
98.545488,387.841,66.816,0.823
98.557098,383.851,66.637,0.819
98.568707,383.445,66.618,0.823
98.580317,384.510,66.666,0.831
98.591927,386.832,66.770,0.835
98.603537,389.929,66.908,0.842
98.615147,392.345,67.015,0.851
98.626757,392.998,67.044,0.854
98.638367,392.859,67.038,0.856
98.649977,392.406,67.018,0.858
98.661587,391.194,66.965,0.866
98.673197,389.297,66.880,0.872
98.684807,388.012,66.823,0.879
98.696417,387.671,66.808,0.883
98.708027,387.555,66.803,0.884
98.719637,388.218,66.832,0.888
98.731247,389.484,66.889,0.890
98.742857,391.180,66.964,0.892
98.754467,392.764,67.034,0.888
98.766077,393.766,67.078,0.887
98.777687,394.161,67.095,0.884
98.789297,393.675,67.074,0.889
98.800907,392.826,67.037,0.889
98.812517,391.887,66.995,0.891
98.824127,390.873,66.950,0.890
98.835737,389.885,66.907,0.891
98.847347,389.337,66.882,0.894
98.858957,388.840,66.860,0.896
98.870567,388.726,66.855,0.896
98.882177,389.108,66.872,0.891
98.893787,390.127,66.917,0.887
98.905397,391.483,66.977,0.880
98.917007,393.332,67.059,0.879
98.928617,396.236,67.186,0.881
98.940227,400.792,67.384,0.883
98.951837,819.198,79.761,0.884
98.963447,831.616,80.021,0.888
98.975057,436.675,68.869,0.893
98.986667,439.209,68.969,0.900
98.998277,439.880,68.995,0.906
99.009887,440.553,69.022,0.907
99.021497,441.446,69.057,0.904
99.033107,441.351,69.053,0.903
99.044717,440.756,69.030,0.901
99.056327,440.049,69.002,0.898
99.067937,439.493,68.980,0.896
99.079546,439.457,68.979,0.895
99.091156,219.883,56.991,0.893
99.102766,440.959,69.038,0.889
99.114376,441.633,69.064,0.880
99.125986,442.535,69.099,0.874
99.137596,110.054,45.008,0.865
99.149206,176.429,53.179,0.854
99.160816,176.335,53.170,0.846
99.172426,509.770,71.548,0.832
99.184036,264.403,60.183,0.815
99.195646,264.140,60.166,0.801
99.207256,263.855,60.147,0.793
99.218866,262.702,60.071,0.772
99.230476,92.263,41.956,0.750
99.242086,262.983,60.090,0.727
99.253696,194.656,54.881,0.679
99.265306,788.096,79.090,0.634
99.276916,222.560,57.200,0.602
99.288526,766.730,78.615,0.563
99.300136,769.956,78.687,0.530
99.311746,778.014,78.868,0.512
99.323356,799.940,79.349,0.494
99.334966,795.805,79.259,0.469
99.346576,798.891,79.326,0.446
99.358186,797.777,79.302,0.424
99.369796,795.476,79.252,0.412
99.381406,798.649,79.321,0.390
99.393016,793.008,79.198,0.380
99.404626,786.994,79.066,0.381
99.416236,778.923,78.888,0.377
99.427846,779.431,78.899,0.375
99.439456,781.954,78.955,0.396
99.451066,789.162,79.114,0.397
99.462676,789.818,79.128,0.404
99.474286,788.347,79.096,0.418
99.485896,788.745,79.105,0.420
99.497506,785.910,79.042,0.425
99.509116,784.248,79.006,0.429
99.520726,782.020,78.956,0.431
99.532336,779.588,78.902,0.413
99.543946,777.646,78.859,0.403
99.555556,777.416,78.854,0.396
99.567166,779.764,78.906,0.396
99.578776,782.511,78.967,0.415
99.590385,786.157,79.048,0.414
99.601995,788.849,79.107,0.408
99.613605,790.776,79.149,0.403
99.625215,789.703,79.126,0.411
99.636825,787.926,79.087,0.425
99.648435,786.143,79.047,0.434
99.660045,783.752,78.995,0.434
99.671655,782.590,78.969,0.416
99.683265,781.439,78.944,0.407
99.694875,389.355,66.883,0.404
99.706485,389.206,66.876,0.406
99.718095,389.228,66.877,0.406
99.729705,389.344,66.883,0.398
99.741315,780.821,78.930,0.390
99.752925,783.900,78.998,0.369
99.764535,787.683,79.081,0.365
99.776145,792.711,79.192,0.363
99.787755,797.532,79.296,0.366
99.799365,803.394,79.423,0.368
99.810975,814.082,79.652,0.372
99.822585,825.642,79.896,0.385
99.834195,836.906,80.131,0.398
99.845805,147.357,50.062,0.407
99.857415,222.442,57.191,0.412
99.869025,222.155,57.169,0.417
99.880635,221.877,57.147,0.420
99.892245,221.528,57.120,0.418
99.903855,221.120,57.088,0.409
99.915465,220.726,57.057,0.397
99.927075,221.024,57.080,0.384
99.938685,221.062,57.083,0.380
99.950295,221.124,57.088,0.372
99.961905,221.209,57.095,0.360
99.973515,221.302,57.102,0.342
99.985125,221.773,57.139,0.326
99.996735,221.758,57.138,0.339
100.008345,222.351,57.184,0.428
100.019955,851.288,80.426,0.522
100.031565,849.899,80.397,0.592
100.043175,849.900,80.397,0.636
100.054785,847.437,80.347,0.677
100.066395,846.353,80.325,0.707
100.078005,847.481,80.348,0.731
100.089615,81.059,39.715,0.750
100.101224,107.486,44.600,0.765
100.112834,81.069,39.717,0.771
100.124444,107.490,44.600,0.775
100.136054,81.072,39.717,0.777
100.147664,81.073,39.717,0.769
100.159274,114.866,45.749,0.759
100.170884,157.372,51.200,0.756
100.182494,350.326,65.054,0.757
100.194104,352.013,65.138,0.760
100.205714,392.686,67.030,0.776
100.217324,394.449,67.108,0.794
100.228934,394.917,67.129,0.814
100.240544,392.991,67.044,0.835
100.252154,392.180,67.008,0.849
100.263764,391.727,66.988,0.860
100.275374,391.743,66.989,0.870
100.286984,392.353,67.016,0.882
100.298594,392.260,67.012,0.889
100.310204,391.898,66.996,0.895
100.321814,391.941,66.998,0.898
100.333424,392.571,67.025,0.902
100.345034,393.181,67.052,0.906
100.356644,393.854,67.082,0.904
100.368254,394.339,67.103,0.896
100.379864,395.262,67.144,0.885
100.391474,397.781,67.254,0.878
100.403084,814.992,79.671,0.873
100.414694,834.228,80.075,0.872
100.426304,847.798,80.355,0.867
100.437914,432.617,68.707,0.869
100.449524,436.740,68.871,0.877
100.461134,437.647,68.907,0.890
100.472744,438.427,68.938,0.899
100.484354,439.179,68.968,0.905
100.495964,439.419,68.977,0.907
100.507574,439.130,68.966,0.906
100.519184,438.651,68.947,0.903
100.530794,438.267,68.932,0.899
100.542404,438.099,68.925,0.890
100.554014,437.888,68.917,0.877
100.565624,437.751,68.911,0.860
100.577234,437.757,68.912,0.837
100.588844,437.569,68.904,0.809
100.600454,437.642,68.907,0.777
100.612063,438.238,68.931,0.750
100.623673,439.993,69.000,0.726
100.635283,440.872,69.034,0.722
100.646893,441.148,69.045,0.739
100.658503,441.202,69.047,0.764
100.670113,441.261,69.050,0.785
100.681723,441.396,69.055,0.803
100.693333,441.565,69.061,0.819
100.704943,441.604,69.063,0.830
100.716553,441.588,69.062,0.834
100.728163,441.404,69.055,0.840
100.739773,441.223,69.048,0.845
100.751383,440.995,69.039,0.848
100.762993,440.685,69.027,0.853
100.774603,440.025,69.001,0.853
100.786213,439.504,68.980,0.841
100.797823,438.893,68.956,0.830
100.809433,438.639,68.946,0.836
100.821043,439.676,68.987,0.847
100.832653,441.249,69.049,0.853
100.844263,443.432,69.134,0.861
100.855873,445.448,69.213,0.865
100.867483,445.379,69.210,0.873
100.879093,442.953,69.116,0.893
100.890703,441.394,69.055,0.906
100.902313,868.732,80.777,0.911
100.913923,855.221,80.506,0.910
100.925533,842.187,80.240,0.908
100.937143,824.554,79.873,0.904
100.948753,398.800,67.298,0.904
100.960363,396.191,67.184,0.903
100.971973,394.090,67.092,0.897
100.983583,392.936,67.041,0.891
100.995193,392.288,67.013,0.883
101.006803,392.080,67.004,0.870
101.018413,391.639,66.984,0.859
101.030023,804.611,79.449,0.843
101.041633,804.439,79.446,0.822
101.053243,345.567,64.818,0.802
101.064853,344.292,64.754,0.781
101.076463,343.067,64.692,0.763
101.088073,343.479,64.713,0.743
101.099683,348.095,64.944,0.731
101.111293,349.506,65.014,0.725
101.122902,350.123,65.044,0.728
101.134512,350.485,65.062,0.733
101.146122,350.756,65.076,0.727
101.157732,349.293,65.003,0.731
101.169342,344.840,64.781,0.736
101.180952,344.413,64.760,0.740
101.192562,343.503,64.714,0.746
101.204172,344.649,64.771,0.749
101.215782,301.544,62.458,0.749
101.227392,115.001,45.770,0.748
101.239002,114.965,45.764,0.746
101.250612,289.801,61.771,0.739
101.262222,290.302,61.801,0.741
101.273832,333.816,64.219,0.756
101.285442,335.010,64.280,0.769
101.297052,340.655,64.570,0.785
101.308662,348.827,64.980,0.803
101.320272,352.501,65.162,0.819
101.331882,352.945,65.183,0.839
101.343492,350.877,65.082,0.851
101.355102,348.930,64.985,0.857
101.366712,347.412,64.910,0.859
101.378322,345.179,64.798,0.859
101.389932,342.048,64.640,0.851
101.401542,339.692,64.521,0.838
101.413152,338.344,64.452,0.832
101.424762,337.542,64.411,0.829
101.436372,339.020,64.486,0.836
101.447982,342.978,64.687,0.839
101.459592,349.115,64.994,0.839
101.471202,351.780,65.126,0.845
101.482812,351.601,65.117,0.860
101.494422,353.031,65.187,0.868
101.506032,352.958,65.184,0.872
101.517642,344.093,64.744,0.868
101.529252,343.524,64.715,0.858
101.540862,342.660,64.671,0.850
101.552472,341.561,64.616,0.845
101.564082,341.266,64.601,0.834
101.575692,343.059,64.691,0.815
101.587302,354.240,65.247,0.812
101.598912,353.665,65.219,0.816
101.610522,355.831,65.324,0.811
101.622132,357.077,65.385,0.797
101.633741,355.677,65.317,0.782
101.645351,353.424,65.207,0.764
101.656961,348.250,64.951,0.750
101.668571,345.685,64.823,0.736
101.680181,307.846,62.816,0.706
101.691791,309.679,62.919,0.653
101.703401,225.743,57.446,0.632
101.715011,224.816,57.375,0.652
101.726621,376.891,66.320,0.673
101.738231,376.832,66.317,0.691
101.749841,376.058,66.281,0.700
101.761451,141.189,49.321,0.697
101.773061,86.218,40.783,0.687
101.784671,86.165,40.772,0.668
101.796281,86.218,40.783,0.645
101.807891,86.416,40.822,0.617
101.819501,86.490,40.837,0.577
101.831111,813.611,79.642,0.618
101.842721,337.398,64.403,0.695
101.854331,787.298,79.073,0.732
101.865941,779.296,78.896,0.777
101.877551,783.589,78.991,0.793
101.889161,790.023,79.133,0.813
101.900771,133.507,48.353,0.828
101.912381,133.659,48.373,0.843
101.923991,275.334,60.884,0.848
101.935601,275.778,60.912,0.842
101.947211,274.945,60.860,0.838
101.958821,271.544,60.644,0.827
101.970431,271.574,60.646,0.831
101.982041,271.711,60.655,0.831
101.993651,270.475,60.576,0.832
102.005261,266.733,60.335,0.828
102.016871,262.957,60.088,0.820
102.028481,262.598,60.064,0.820
102.040091,264.864,60.213,0.828
102.051701,273.489,60.768,0.837
102.063311,283.774,61.407,0.843
102.074921,292.378,61.924,0.847
102.086531,293.147,61.969,0.850
102.098141,293.761,62.006,0.853
102.109751,293.787,62.007,0.859
102.121361,293.730,62.004,0.857
102.132971,293.313,61.979,0.848
102.144580,292.192,61.913,0.832
102.156190,291.577,61.876,0.808
102.167800,291.136,61.850,0.783
102.179410,290.766,61.828,0.752
102.191020,290.326,61.802,0.718
102.202630,289.906,61.777,0.661
102.214240,289.919,61.778,0.593
102.225850,290.093,61.788,0.508
102.237460,291.291,61.859,0.402
102.249070,290.914,61.837,0.377
102.260680,287.569,61.637,0.458
102.272290,823.539,79.852,0.529
102.283900,114.208,45.650,0.600
102.295510,327.561,63.891,0.689
102.307120,334.717,64.265,0.742
102.318730,336.473,64.356,0.779
102.330340,337.411,64.404,0.815
102.341950,336.930,64.379,0.843
102.353560,336.203,64.342,0.860
102.365170,334.861,64.273,0.876
102.376780,333.805,64.218,0.884
102.388390,332.884,64.170,0.880
102.400000,331.344,64.090,0.874
102.411610,328.581,63.945,0.869
102.423220,325.280,63.770,0.860
102.434830,323.381,63.669,0.852
102.446440,322.764,63.636,0.848
102.458050,323.351,63.667,0.841
102.469660,326.907,63.857,0.841
102.481270,330.111,64.025,0.845
102.492880,331.393,64.092,0.852
102.504490,331.163,64.080,0.861
102.516100,331.018,64.073,0.865
102.527710,330.278,64.034,0.867
102.539320,328.035,63.916,0.869
102.550930,324.736,63.741,0.871
102.562540,323.473,63.674,0.873
102.574150,323.463,63.673,0.875
102.585760,323.567,63.679,0.873
102.597370,325.022,63.756,0.870
102.608980,328.216,63.926,0.870
102.620590,329.644,64.001,0.873
102.632200,330.374,64.039,0.873
102.643810,330.129,64.026,0.875
102.655420,329.682,64.003,0.875
102.667029,328.546,63.943,0.875
102.678639,327.352,63.880,0.870
102.690249,326.357,63.827,0.862
102.701859,326.027,63.810,0.849
102.713469,326.370,63.828,0.836
102.725079,327.073,63.865,0.824
102.736689,330.225,64.031,0.810
102.748299,333.378,64.196,0.800
102.759909,334.460,64.252,0.796
102.771519,334.775,64.268,0.806
102.783129,334.575,64.258,0.821
102.794739,334.073,64.232,0.832
102.806349,333.569,64.206,0.839
102.817959,333.176,64.185,0.845
102.829569,333.015,64.177,0.845
102.841179,332.424,64.146,0.842
102.852789,590.286,74.087,0.838
102.864399,323.066,63.652,0.833
102.876009,322.739,63.634,0.833
102.887619,813.833,79.647,0.837
102.899229,812.777,79.624,0.841
102.910839,812.929,79.627,0.849
102.922449,816.269,79.698,0.863
102.934059,817.496,79.725,0.880
102.945669,345.770,64.828,0.894
102.957279,345.577,64.818,0.901
102.968889,346.238,64.851,0.908
102.980499,347.325,64.905,0.913
102.992109,348.360,64.957,0.918
103.003719,348.803,64.979,0.922
103.015329,349.441,65.011,0.922
103.026939,350.284,65.052,0.918
103.038549,351.100,65.093,0.913
103.050159,351.365,65.106,0.912
103.061769,351.296,65.102,0.910
103.073379,351.171,65.096,0.907
103.084989,351.199,65.097,0.904
103.096599,350.973,65.086,0.901
103.108209,350.184,65.047,0.894
103.119819,349.000,64.989,0.891
103.131429,173.808,52.920,0.886
103.143039,162.346,51.739,0.882
103.154649,163.051,51.814,0.879
103.166259,163.133,51.823,0.882
103.177868,174.281,52.967,0.889
103.189478,173.403,52.880,0.894
103.201088,173.554,52.895,0.898
103.212698,515.351,71.737,0.903
103.224308,517.952,71.824,0.908
103.235918,521.087,71.928,0.912
103.247528,523.596,72.011,0.911
103.259138,525.120,72.062,0.906
103.270748,525.631,72.079,0.898
103.282358,525.044,72.059,0.892
103.293968,524.005,72.025,0.890
103.305578,523.846,72.020,0.889
103.317188,524.519,72.042,0.888
103.328798,525.743,72.082,0.887
103.340408,527.486,72.140,0.884
103.352018,529.606,72.209,0.879
103.363628,534.754,72.376,0.885
103.375238,541.783,72.603,0.888
103.386848,553.590,72.976,0.889
103.398458,566.473,73.374,0.889
103.410068,576.280,73.671,0.889
103.421678,580.524,73.798,0.891
103.433288,582.445,73.855,0.898
103.444898,583.845,73.897,0.907
103.456508,585.150,73.936,0.906
103.468118,585.918,73.958,0.908
103.479728,586.481,73.975,0.911
103.491338,586.883,73.987,0.912
103.502948,587.261,73.998,0.912
103.514558,587.319,74.000,0.916
103.526168,587.595,74.008,0.912
103.537778,587.499,74.005,0.905
103.549388,587.234,73.997,0.895
103.560998,586.836,73.985,0.884
103.572608,586.854,73.986,0.870
103.584218,586.532,73.976,0.858
103.595828,586.528,73.976,0.846
103.607438,586.924,73.988,0.831
103.619048,293.814,62.009,0.823
103.630658,293.980,62.019,0.823
103.642268,294.057,62.023,0.828
103.653878,294.152,62.029,0.834
103.665488,294.124,62.027,0.840
103.677098,294.108,62.026,0.847
103.688707,294.123,62.027,0.853
103.700317,294.134,62.028,0.851
103.711927,294.146,62.028,0.845
103.723537,294.111,62.026,0.831
103.735147,294.077,62.024,0.814
103.746757,294.053,62.023,0.792
103.758367,294.129,62.027,0.766
103.769977,294.268,62.036,0.730
103.781587,294.385,62.042,0.679
103.793197,589.220,74.056,0.624
103.804807,586.189,73.966,0.582
103.816417,586.551,73.977,0.578
103.828027,587.258,73.998,0.587
103.839637,587.136,73.994,0.599
103.851247,587.143,73.995,0.611
103.862857,587.289,73.999,0.624
103.874467,587.476,74.004,0.634
103.886077,146.955,50.015,0.644
103.897687,587.338,74.000,0.647
103.909297,146.955,50.015,0.653
103.920907,586.077,73.963,0.657
103.932517,117.342,46.119,0.663
103.944127,117.231,46.102,0.665
103.955737,117.132,46.088,0.666
103.967347,579.376,73.764,0.689
103.978957,531.461,72.270,0.733
103.990567,532.499,72.303,0.766
104.002177,534.943,72.383,0.793
104.013787,536.598,72.436,0.815
104.025397,536.939,72.447,0.835
104.037007,535.700,72.407,0.853
104.048617,533.781,72.345,0.869
104.060227,531.922,72.285,0.878
104.071837,529.761,72.214,0.880
104.083447,527.910,72.153,0.881
104.095057,526.358,72.102,0.883
104.106667,524.882,72.054,0.887
104.118277,523.812,72.019,0.892
104.129887,522.864,71.987,0.897
104.141497,522.334,71.970,0.896
104.153107,521.875,71.954,0.898
104.164717,521.023,71.926,0.893
104.176327,518.680,71.848,0.885
104.187937,512.562,71.643,0.872
104.199546,502.992,71.316,0.852
104.211156,498.767,71.170,0.829
104.222766,453.087,69.507,0.799
104.234376,414.210,67.954,0.776
104.245986,346.291,64.854,0.742
104.257596,349.014,64.989,0.729
104.269206,349.540,65.015,0.728
104.280816,349.874,65.032,0.739
104.292426,350.145,65.045,0.751
104.304036,350.402,65.058,0.757
104.315646,350.616,65.069,0.759
104.327256,350.800,65.078,0.760
104.338866,350.912,65.083,0.761
104.350476,350.716,65.074,0.759
104.362086,350.494,65.063,0.748
104.373696,350.212,65.049,0.729
104.385306,349.719,65.024,0.711
104.396916,349.520,65.014,0.733
104.408526,351.399,65.107,0.767
104.420136,354.383,65.254,0.806
104.431746,355.857,65.326,0.838
104.443356,355.923,65.329,0.865
104.454966,355.837,65.325,0.881
104.466576,355.250,65.296,0.895
104.478186,354.617,65.265,0.908
104.489796,354.418,65.255,0.912
104.501406,353.660,65.218,0.911
104.513016,350.458,65.061,0.904
104.524626,345.261,64.802,0.895
104.536236,343.526,64.715,0.885
104.547846,343.926,64.735,0.885
104.559456,345.116,64.795,0.882
104.571066,348.911,64.984,0.885
104.582676,351.037,65.089,0.888
104.594286,351.364,65.106,0.890
104.605896,351.656,65.120,0.889
104.617506,352.321,65.153,0.886
104.629116,352.020,65.138,0.887
104.640726,344.248,64.751,0.886
104.652336,340.408,64.557,0.891
104.663946,340.363,64.555,0.888
104.675556,340.069,64.540,0.882
104.687166,339.806,64.526,0.879
104.698776,348.088,64.943,0.882
104.710385,351.009,65.088,0.886
104.721995,350.963,65.086,0.885
104.733605,350.654,65.071,0.882
104.745215,350.805,65.078,0.878
104.756825,351.131,65.094,0.873
104.768435,349.732,65.025,0.872
104.780045,348.187,64.948,0.865
104.791655,346.542,64.866,0.859
104.803265,345.263,64.802,0.854
104.814875,346.693,64.874,0.849
104.826485,351.068,65.091,0.838
104.838095,354.075,65.239,0.821
104.849705,356.002,65.333,0.801
104.861315,357.664,65.413,0.776
104.872925,85.889,40.717,0.758
104.884535,627.772,75.153,0.728
104.896145,179.416,53.470,0.672
104.907755,355.080,65.288,0.604
104.919365,353.435,65.207,0.555
104.930975,353.379,65.205,0.542
104.942585,352.850,65.179,0.556
104.954195,175.804,53.118,0.574
104.965805,175.428,53.080,0.584
104.977415,175.053,53.043,0.591
104.989025,175.292,53.067,0.603
105.000635,175.065,53.045,0.612
105.012245,174.999,53.038,0.623
105.023855,354.914,65.280,0.631
105.035465,174.249,52.964,0.635
105.047075,822.081,79.821,0.638
105.058685,819.146,79.759,0.640
105.070295,833.488,80.060,0.645
105.081905,813.530,79.640,0.644
105.093515,813.008,79.629,0.640
105.105125,805.215,79.462,0.633
105.116735,793.660,79.212,0.621
105.128345,792.174,79.180,0.604
105.139955,788.398,79.097,0.579
105.151565,792.997,79.198,0.556
105.163175,797.512,79.296,0.521
105.174785,790.530,79.144,0.484
105.186395,784.060,79.002,0.438
105.198005,351.685,65.121,0.387
105.209615,351.185,65.097,0.345
105.221224,349.956,65.036,0.380
105.232834,680.528,76.550,0.695
105.244444,686.076,76.690,0.749
105.256054,257.776,59.743,0.792
105.267664,261.030,59.961,0.817
105.279274,262.485,60.057,0.837
105.290884,263.224,60.105,0.852
105.302494,263.124,60.099,0.865
105.314104,262.863,60.082,0.878
105.325714,262.842,60.080,0.863
105.337324,263.713,60.138,0.858
105.348934,263.865,60.148,0.853
105.360544,263.678,60.135,0.854
105.372154,263.306,60.111,0.853
105.383764,263.783,60.142,0.854
105.395374,265.599,60.261,0.856
105.406984,269.679,60.525,0.860
105.418594,273.955,60.797,0.865
105.430204,278.378,61.074,0.870
105.441814,283.513,61.391,0.870
105.453424,288.038,61.665,0.871
105.465034,290.625,61.820,0.873
105.476644,292.538,61.933,0.875
105.488254,293.542,61.993,0.873
105.499864,294.079,62.024,0.867
105.511474,294.153,62.029,0.862
105.523084,293.952,62.017,0.854
105.534694,293.753,62.005,0.854
105.546304,293.832,62.010,0.848
105.557914,294.129,62.027,0.846
105.569524,294.187,62.031,0.845
105.581134,294.125,62.027,0.844
105.592744,293.831,62.010,0.848
105.604354,293.332,61.980,0.850
105.615964,292.843,61.951,0.849
105.627574,292.525,61.933,0.832
105.639184,291.984,61.901,0.815
105.650794,290.366,61.804,0.795
105.662404,289.136,61.731,0.769
105.674014,288.359,61.684,0.757
105.685624,289.779,61.769,0.756
105.697234,334.779,64.268,0.755
105.708844,335.386,64.300,0.756
105.720454,334.919,64.276,0.780
105.732063,334.506,64.254,0.799
105.743673,334.301,64.244,0.813
105.755283,334.007,64.228,0.823
105.766893,333.927,64.224,0.822
105.778503,332.652,64.158,0.811
105.790113,321.587,63.572,0.804
105.801723,322.721,63.633,0.804
105.813333,323.067,63.652,0.804
105.824943,323.173,63.658,0.809
105.836553,327.097,63.867,0.810
105.848163,332.219,64.136,0.812
105.859773,332.346,64.142,0.815
105.871383,332.215,64.135,0.815
105.882993,332.405,64.145,0.808
105.894603,333.004,64.176,0.792
105.906213,333.235,64.188,0.768
105.917823,332.490,64.150,0.734
105.929433,331.169,64.081,0.698
105.941043,330.252,64.033,0.652
105.952653,329.408,63.988,0.599
105.964263,329.243,63.980,0.586
105.975873,311.129,63.000,0.625
105.987483,310.584,62.970,0.679
105.999093,104.028,44.034,0.721
106.010703,82.586,40.038,0.754
106.022313,103.975,44.025,0.778
106.033923,956.889,82.450,0.799
106.045533,958.534,82.480,0.817
106.057143,958.618,82.481,0.825
106.068753,174.955,53.034,0.823
106.080363,175.043,53.043,0.813
106.091973,180.679,53.591,0.813
106.103583,180.656,53.589,0.813
106.115193,180.878,53.610,0.812
106.126803,361.710,65.608,0.810
106.138413,359.896,65.521,0.810
106.150023,358.544,65.456,0.809
106.161633,356.840,65.373,0.810
106.173243,356.570,65.360,0.818
106.184853,356.375,65.351,0.815
106.196463,354.875,65.278,0.815
106.208073,351.988,65.136,0.818
106.219683,342.346,64.655,0.820
106.231293,341.693,64.622,0.816
106.242902,341.561,64.616,0.813
106.254512,340.989,64.587,0.818
106.266122,355.300,65.298,0.825
106.277732,354.935,65.281,0.828
106.289342,354.237,65.247,0.829
106.300952,354.613,65.265,0.832
106.312562,354.560,65.262,0.832
106.324172,354.092,65.239,0.833
106.335782,353.311,65.201,0.836
106.347392,351.714,65.123,0.836
106.359002,338.125,64.441,0.835
106.370612,338.368,64.453,0.838
106.382222,335.978,64.330,0.837
106.393832,350.388,65.057,0.836
106.405442,350.909,65.083,0.832
106.417052,350.174,65.047,0.826
106.428662,349.616,65.019,0.821
106.440272,350.350,65.056,0.815
106.451882,350.985,65.087,0.810
106.463492,351.220,65.098,0.806
106.475102,350.574,65.067,0.793
106.486712,348.298,64.954,0.768
106.498322,348.138,64.946,0.746
106.509932,349.864,65.031,0.734
106.521542,350.775,65.077,0.716
106.533152,168.692,52.403,0.694
106.544762,152.738,50.683,0.660
106.556372,788.364,79.096,0.617
106.567982,497.483,71.126,0.617
106.579592,803.128,79.418,0.640
106.591202,805.756,79.474,0.661
106.602812,807.078,79.502,0.674
106.614422,809.609,79.557,0.682
106.626032,809.586,79.556,0.685
106.637642,808.624,79.536,0.676
106.649252,810.639,79.579,0.661
106.660862,808.675,79.537,0.640
106.672472,721.097,77.552,0.612
106.684082,720.207,77.531,0.583
106.695692,720.618,77.541,0.570
106.707302,703.057,77.114,0.589
106.718912,672.816,76.352,0.678
106.730522,612.078,74.715,0.768
106.742132,607.066,74.572,0.824
106.753741,604.562,74.501,0.864
106.765351,397.476,67.240,0.888
106.776961,397.049,67.222,0.912
106.788571,396.313,67.190,0.932
106.800181,395.277,67.144,0.947
106.811791,394.218,67.098,0.958
106.823401,393.832,67.081,0.958
106.835011,392.996,67.044,0.956
106.846621,392.580,67.026,0.949
106.858231,392.738,67.033,0.946
106.869841,393.866,67.082,0.940
106.881451,397.022,67.221,0.937
106.893061,403.032,67.481,0.932
106.904671,412.361,67.877,0.922
106.916281,423.161,68.324,0.913
106.927891,433.498,68.742,0.904
106.939501,437.004,68.882,0.898
106.951111,438.593,68.945,0.891
106.962721,439.673,68.987,0.882
106.974331,440.174,69.007,0.865
106.985941,440.155,69.006,0.849
106.997551,439.936,68.997,0.832
107.009161,439.690,68.988,0.819
107.020771,439.475,68.979,0.800
107.032381,439.377,68.975,0.782
107.043991,439.227,68.970,0.771
107.055601,438.996,68.960,0.763
107.067211,438.575,68.944,0.752
107.078821,437.810,68.914,0.733
107.090431,435.586,68.825,0.707
107.102041,430.672,68.629,0.678
107.113651,425.935,68.438,0.663
107.125261,426.309,68.453,0.668
107.136871,390.794,66.947,0.723
107.148481,392.396,67.018,0.770
107.160091,392.828,67.037,0.796
107.171701,392.900,67.040,0.823
107.183311,393.002,67.044,0.841
107.194921,393.128,67.050,0.860
107.206531,393.146,67.051,0.880
107.218141,393.178,67.052,0.893
107.229751,393.326,67.059,0.898
107.241361,393.015,67.045,0.898
107.252971,392.736,67.033,0.906
107.264580,392.657,67.029,0.910
107.276190,392.494,67.022,0.919
107.287800,392.191,67.009,0.924
107.299410,391.551,66.980,0.923
107.311020,390.692,66.942,0.916
107.322630,390.383,66.929,0.901
107.334240,390.214,66.921,0.882
107.345850,389.707,66.899,0.855
107.357460,388.572,66.848,0.827
107.369070,386.677,66.763,0.788
107.380680,383.657,66.628,0.750
107.392290,355.098,65.289,0.709
107.403900,355.609,65.313,0.711
107.415510,355.351,65.301,0.727
107.427120,354.530,65.261,0.740
107.438730,353.105,65.191,0.759
107.450340,352.550,65.164,0.773
107.461950,352.787,65.176,0.784
107.473560,352.850,65.179,0.792
107.485170,348.170,64.947,0.799
107.496780,343.308,64.704,0.806
107.508390,344.536,64.766,0.815
107.520000,345.596,64.819,0.826
107.531610,354.324,65.251,0.830
107.543220,357.054,65.384,0.838
107.554830,357.896,65.424,0.845
107.566440,357.501,65.405,0.848
107.578050,357.477,65.404,0.848
107.589660,358.575,65.457,0.847
107.601270,358.999,65.478,0.849
107.612880,353.454,65.208,0.858
107.624490,349.026,64.990,0.862
107.636100,348.413,64.960,0.857
107.647710,347.700,64.924,0.851
107.659320,347.013,64.890,0.846
107.670930,347.484,64.913,0.851
107.682540,348.766,64.977,0.856
107.694150,350.600,65.068,0.855
107.705760,177.792,53.312,0.845
107.717370,179.471,53.475,0.844
107.728980,180.385,53.563,0.849
107.740590,180.253,53.550,0.850
107.752200,98.840,43.148,0.858
107.763810,85.010,40.538,0.851
107.775420,84.899,40.516,0.838
107.787029,113.538,45.548,0.825
107.798639,84.987,40.534,0.818
107.810249,258.554,59.796,0.811
107.821859,258.800,59.812,0.798
107.833469,259.207,59.839,0.793
107.845079,260.495,59.925,0.783
107.856689,260.570,59.930,0.786
107.868299,259.906,59.886,0.791
107.879909,259.066,59.830,0.797
107.891519,258.258,59.776,0.796
107.903129,256.838,59.680,0.797
107.914739,256.684,59.670,0.803
107.926349,256.792,59.677,0.810
107.937959,257.204,59.705,0.811
107.949569,258.836,59.814,0.812
107.961179,260.176,59.904,0.813
107.972789,261.518,59.993,0.811
107.984399,262.345,60.048,0.808
107.996009,263.127,60.099,0.800
108.007619,264.062,60.160,0.791
108.019229,264.299,60.176,0.781
108.030839,263.808,60.144,0.777
108.042449,262.682,60.070,0.769
108.054059,260.826,59.947,0.760
108.065669,261.733,60.007,0.753
108.077279,260.404,59.919,0.759
108.088889,259.125,59.834,0.771
108.100499,259.348,59.849,0.774
108.112109,259.129,59.834,0.773
108.123719,259.026,59.827,0.771
108.135329,85.782,40.695,0.770
108.146939,198.415,55.212,0.775
108.158549,845.860,80.315,0.775
108.170159,844.725,80.292,0.762
108.181769,841.095,80.217,0.742
108.193379,843.364,80.264,0.730
108.204989,315.496,63.241,0.750
108.216599,316.108,63.275,0.766
108.228209,333.753,64.215,0.787
108.239819,340.586,64.566,0.796
108.251429,345.698,64.824,0.811
108.263039,348.018,64.940,0.834
108.274649,348.666,64.972,0.851
108.286259,347.854,64.932,0.867
108.297868,347.023,64.890,0.869
108.309478,347.026,64.890,0.872
108.321088,346.681,64.873,0.870
108.332698,346.042,64.841,0.873
108.344308,346.176,64.848,0.875
108.355918,346.586,64.869,0.875
108.367528,347.714,64.925,0.876
108.379138,350.783,65.077,0.875
108.390748,352.342,65.154,0.876
108.402358,352.592,65.166,0.877
108.413968,353.450,65.208,0.874
108.425578,353.855,65.228,0.868
108.437188,353.690,65.220,0.856
108.448798,346.683,64.873,0.841
108.460408,341.808,64.628,0.825
108.472018,340.669,64.570,0.810
108.483628,339.751,64.524,0.793
108.495238,339.411,64.506,0.773
108.506848,340.260,64.550,0.763
108.518458,355.227,65.295,0.760
108.530068,355.239,65.295,0.766
108.541678,355.205,65.294,0.776
108.553288,355.793,65.322,0.784
108.564898,356.440,65.354,0.782
108.576508,356.880,65.375,0.778
108.588118,357.051,65.384,0.780
108.599728,357.560,65.408,0.778
108.611338,412.716,67.892,0.791
108.622948,417.509,68.092,0.800
108.634558,419.762,68.185,0.810
108.646168,419.900,68.190,0.824
108.657778,419.309,68.166,0.837
108.669388,418.539,68.134,0.846
108.680998,417.932,68.109,0.852
108.692608,416.766,68.061,0.858
108.704218,415.197,67.995,0.856
108.715828,412.266,67.873,0.853
108.727438,405.732,67.596,0.849
108.739048,404.878,67.560,0.850
108.750658,405.677,67.594,0.852
108.762268,407.648,67.678,0.863
108.773878,413.055,67.906,0.876
108.785488,423.082,68.321,0.886
108.797098,429.264,68.572,0.889
108.808707,431.420,68.659,0.894
108.820317,432.816,68.715,0.900
108.831927,434.231,68.772,0.900
108.843537,436.204,68.850,0.901
108.855147,437.872,68.916,0.899
108.866757,438.217,68.930,0.893
108.878367,438.525,68.942,0.888
108.889977,438.811,68.953,0.888
108.901587,439.183,68.968,0.887
108.913197,439.571,68.983,0.883
108.924807,439.724,68.989,0.880
108.936417,439.873,68.995,0.876
108.948027,439.970,68.999,0.871
108.959637,440.149,69.006,0.865
108.971247,440.369,69.015,0.862
108.982857,440.512,69.020,0.862
108.994467,440.554,69.022,0.865
109.006077,439.915,68.997,0.874
109.017687,438.609,68.945,0.880
109.029297,436.621,68.867,0.884
109.040907,433.548,68.744,0.891
109.052517,429.165,68.568,0.899
109.064127,424.055,68.361,0.905
109.075737,418.401,68.129,0.908
109.087347,410.606,67.803,0.910
109.098957,401.945,67.434,0.908
109.110567,397.307,67.233,0.907
109.122177,394.831,67.125,0.907
109.133787,392.708,67.031,0.904
109.145397,391.055,66.958,0.900
109.157007,390.202,66.921,0.898
109.168617,390.230,66.922,0.900
109.180227,390.849,66.949,0.897
109.191837,391.532,66.980,0.891
109.203447,392.527,67.023,0.887
109.215057,262.697,60.071,0.892
109.226667,263.771,60.141,0.893
109.238277,265.112,60.229,0.894
109.249887,537.895,72.478,0.890
109.261497,541.924,72.607,0.880
109.273107,549.774,72.856,0.872
109.284717,557.147,73.087,0.873
109.296327,559.570,73.162,0.868
109.307937,278.581,61.087,0.860
109.319546,278.588,61.088,0.859
109.331156,174.443,52.983,0.855
109.342766,596.436,74.266,0.853
109.354376,598.857,74.336,0.849
109.365986,306.501,62.741,0.843
109.377596,306.352,62.732,0.827
109.389206,86.632,40.866,0.812
109.400816,86.860,40.911,0.786
109.412426,87.318,41.002,0.745
109.424036,87.450,41.028,0.691
109.435646,87.725,41.083,0.616
109.447256,87.828,41.103,0.539
109.458866,754.236,78.330,0.488
109.470476,87.800,41.097,0.471
109.482086,431.079,68.645,0.454
109.493696,427.025,68.482,0.446
109.505306,426.670,68.467,0.441
109.516916,416.746,68.060,0.430
109.528526,414.034,67.947,0.426
109.540136,415.879,68.024,0.421
109.551746,414.260,67.956,0.411
109.563356,274.524,60.833,0.402
109.574966,270.906,60.603,0.399
109.586576,271.004,60.610,0.400
109.598186,784.746,79.017,0.412
109.609796,408.987,67.735,0.429
109.621406,408.826,67.728,0.446
109.633016,408.842,67.728,0.466
109.644626,811.642,79.600,0.488
109.656236,812.924,79.627,0.507
109.667846,811.869,79.605,0.522
109.679456,812.981,79.629,0.534
109.691066,814.796,79.667,0.544
109.702676,810.588,79.578,0.552
109.714286,809.440,79.553,0.559
109.725896,803.122,79.417,0.561
109.737506,455.190,69.588,0.557
109.749116,454.277,69.553,0.552
109.760726,453.703,69.531,0.541
109.772336,453.853,69.537,0.529
109.783946,451.967,69.465,0.510
109.795556,451.219,69.436,0.487
109.807166,449.119,69.355,0.458
109.818776,443.173,69.124,0.450
109.830385,451.183,69.435,0.518
109.841995,581.627,73.831,0.628
109.853605,958.765,82.484,0.714
109.865215,959.545,82.498,0.754
109.876825,957.534,82.462,0.771
109.888435,956.421,82.442,0.786
109.900045,956.616,82.445,0.803
109.911655,305.127,62.663,0.825
109.923265,340.445,64.559,0.839
109.934875,344.208,64.749,0.848
109.946485,347.373,64.908,0.846
109.958095,345.748,64.827,0.848
109.969705,345.564,64.817,0.856
109.981315,346.088,64.844,0.866
109.992925,346.125,64.845,0.876
110.004535,347.293,64.904,0.880
110.016145,348.798,64.979,0.885
110.027755,349.243,65.001,0.882
110.039365,349.386,65.008,0.882
110.050975,349.942,65.035,0.876
110.062585,350.350,65.056,0.866
110.074195,350.562,65.066,0.853
110.085805,351.636,65.119,0.843
110.097415,352.397,65.156,0.828
110.109025,353.772,65.224,0.813
110.120635,356.553,65.359,0.814
110.132245,387.396,66.796,0.815
110.143855,388.898,66.863,0.829
110.155465,389.023,66.868,0.847
110.167075,389.667,66.897,0.862
110.178685,390.323,66.926,0.872
110.190295,390.836,66.949,0.882
110.201905,391.222,66.966,0.891
110.213515,390.806,66.947,0.894
110.225125,390.204,66.921,0.886
110.236735,194.944,54.907,0.880
110.248345,194.960,54.908,0.875
110.259955,392.201,67.009,0.870
110.271565,155.289,50.969,0.864
110.283175,154.346,50.864,0.855
110.294785,154.061,50.832,0.836
110.306395,462.180,69.851,0.817
110.318005,461.164,69.813,0.815
110.329615,461.251,69.817,0.811
110.341224,392.971,67.043,0.811
110.352834,392.352,67.016,0.809
110.364444,393.179,67.052,0.810
110.376054,392.958,67.042,0.813
110.387664,393.046,67.046,0.828
110.399274,393.009,67.045,0.836
110.410884,392.801,67.036,0.845
110.422494,392.465,67.021,0.849
110.434104,392.423,67.019,0.851
110.445714,392.579,67.026,0.855
110.457324,392.966,67.043,0.856
110.468934,393.261,67.056,0.853
110.480544,393.414,67.063,0.836
110.492154,393.558,67.069,0.821
110.503764,393.814,67.080,0.801
110.515374,394.150,67.095,0.779
110.526984,841.510,80.226,0.809
110.538594,856.015,80.522,0.817
110.550204,437.573,68.904,0.819
110.561814,438.934,68.958,0.827
110.573424,439.285,68.972,0.846
110.585034,439.365,68.975,0.863
110.596644,439.500,68.980,0.880
110.608254,439.723,68.989,0.895
110.619864,440.660,69.026,0.886
110.631474,440.738,69.029,0.886
110.643084,440.800,69.031,0.888
110.654694,440.847,69.033,0.891
110.666304,440.993,69.039,0.892
110.677914,441.141,69.045,0.894
110.689524,441.122,69.044,0.891
110.701134,440.885,69.035,0.886
110.712744,440.662,69.026,0.870
110.724354,440.541,69.021,0.849
110.735964,440.620,69.024,0.844
110.747574,441.349,69.053,0.849
110.759184,441.660,69.065,0.852
110.770794,441.868,69.073,0.850
110.782404,442.359,69.093,0.851
110.794014,442.489,69.098,0.854
110.805624,442.309,69.091,0.860
110.817234,442.291,69.090,0.860
110.828844,442.076,69.081,0.846
110.840454,441.026,69.040,0.820
110.852063,440.113,69.004,0.794
110.863673,439.053,68.963,0.770
110.875283,436.161,68.848,0.737
110.886893,432.567,68.705,0.689
110.898503,431.191,68.650,0.649
110.910113,431.662,68.669,0.646
110.921723,431.798,68.674,0.654
110.933333,413.611,67.929,0.722
110.944943,415.240,67.997,0.793
110.956553,417.299,68.083,0.824
110.968163,418.357,68.127,0.847
110.979773,417.938,68.109,0.869
110.991383,417.036,68.072,0.891
111.002993,415.648,68.014,0.906
111.014603,414.523,67.967,0.917
111.026213,413.184,67.911,0.917
111.037823,406.771,67.641,0.908
111.049433,399.493,67.328,0.906
111.061043,396.909,67.216,0.905
111.072653,396.268,67.188,0.903
111.084263,395.584,67.158,0.901
111.095873,395.127,67.138,0.903
111.107483,395.786,67.167,0.901
111.119093,397.538,67.243,0.897
111.130703,403.150,67.486,0.892
111.142313,428.431,68.539,0.886
111.153923,432.873,68.717,0.880
111.165533,435.696,68.830,0.874
111.177143,437.913,68.918,0.867
111.188753,439.360,68.975,0.854
111.200363,439.716,68.989,0.850
111.211973,439.294,68.972,0.848
111.223583,438.803,68.953,0.849
111.235193,438.637,68.946,0.854
111.246803,438.804,68.953,0.860
111.258413,439.144,68.966,0.869
111.270023,439.574,68.983,0.876
111.281633,439.914,68.997,0.885
111.293243,440.124,69.005,0.893
111.304853,439.631,68.985,0.900
111.316463,438.572,68.944,0.899
111.328073,437.787,68.913,0.901
111.339683,437.549,68.903,0.900
111.351293,936.686,82.081,0.893
111.362902,935.134,82.052,0.888
111.374512,933.202,82.016,0.879
111.386122,934.958,82.049,0.870
111.397732,932.805,82.009,0.859
111.409342,346.930,64.886,0.857
111.420952,347.878,64.933,0.850
111.432562,347.951,64.937,0.849
111.444172,348.082,64.943,0.853
111.455782,174.273,52.966,0.853
111.467392,174.524,52.991,0.859
111.479002,174.636,53.002,0.861
111.490612,174.642,53.003,0.858
111.502222,174.657,53.004,0.847
111.513832,174.704,53.009,0.833
111.525442,174.718,53.010,0.819
111.537052,174.836,53.022,0.806
111.548662,174.974,53.036,0.793
111.560272,175.019,53.040,0.775
111.571882,345.938,64.836,0.750
111.583492,360.806,65.565,0.761
111.595102,359.232,65.489,0.803
111.606712,356.640,65.364,0.830
111.618322,355.721,65.319,0.838
111.629932,353.742,65.222,0.848
111.641542,352.733,65.173,0.864
111.653152,351.185,65.097,0.877
111.664762,351.047,65.090,0.880
111.676372,350.049,65.041,0.873
111.687982,348.124,64.945,0.853
111.699592,346.960,64.887,0.835
111.711202,346.487,64.864,0.826
111.722812,346.868,64.883,0.811
111.734422,348.114,64.945,0.779
111.746032,349.532,65.015,0.739
111.757642,349.986,65.038,0.721
111.769252,350.463,65.061,0.707
111.780862,175.886,53.126,0.729
111.792472,387.713,66.810,0.792
111.804082,391.677,66.986,0.838
111.815692,392.906,67.040,0.864
111.827302,393.739,67.077,0.888
111.838912,394.072,67.091,0.906
111.850522,393.793,67.079,0.918
111.862132,393.292,67.057,0.931
111.873741,392.909,67.040,0.936
111.885351,392.472,67.021,0.928
111.896961,389.819,66.904,0.916
111.908571,386.272,66.745,0.910
111.920181,383.794,66.634,0.904
111.931791,383.474,66.619,0.905
111.943401,384.348,66.659,0.909
111.955011,386.101,66.738,0.915
111.966621,390.083,66.915,0.924
111.978231,393.710,67.076,0.929
111.989841,396.279,67.188,0.927
112.001451,397.921,67.260,0.922
112.013061,398.890,67.302,0.915
112.024671,399.556,67.331,0.905
112.036281,399.588,67.332,0.893
112.047891,397.949,67.261,0.880
112.059501,393.313,67.058,0.862
112.071111,390.044,66.914,0.854
112.082721,389.979,66.911,0.864
112.094331,390.626,66.939,0.870
112.105941,392.511,67.023,0.876
112.117551,395.274,67.144,0.882
112.129161,396.815,67.212,0.888
112.140771,397.394,67.237,0.889
112.152381,397.390,67.237,0.885
112.163991,396.870,67.214,0.883
112.175601,395.450,67.152,0.878
112.187211,392.378,67.017,0.881
112.198821,389.090,66.871,0.880
112.210431,387.821,66.815,0.884
112.222041,387.805,66.814,0.889
112.233651,388.788,66.858,0.895
112.245261,390.470,66.933,0.897
112.256871,392.221,67.010,0.899
112.268481,393.647,67.073,0.900
112.280091,394.422,67.107,0.898
112.291701,394.569,67.113,0.899
112.303311,394.392,67.106,0.897
112.314921,393.650,67.073,0.897
112.326531,392.825,67.037,0.896
112.338141,392.390,67.017,0.893
112.349751,392.063,67.003,0.887
112.361361,391.758,66.989,0.873
112.372971,391.782,66.991,0.857
112.384580,392.287,67.013,0.838
112.396190,392.866,67.038,0.814
112.407800,393.647,67.073,0.785
112.419410,395.650,67.161,0.772
112.431020,401.496,67.415,0.781
112.442630,403.412,67.497,0.789
112.454240,402.663,67.465,0.811
112.465850,401.538,67.416,0.839
112.477460,400.302,67.363,0.862
112.489070,399.040,67.308,0.878
112.500680,397.624,67.247,0.889
112.512290,395.322,67.146,0.892
112.523900,393.729,67.076,0.889
112.535510,393.165,67.052,0.889
112.547120,393.206,67.053,0.888
112.558730,393.061,67.047,0.882
112.570340,393.751,67.077,0.875
112.581950,397.131,67.225,0.875
112.593560,917.969,81.731,0.882
112.605170,909.095,81.563,0.886
112.616780,437.479,68.901,0.895
112.628390,438.727,68.950,0.901
112.640000,439.311,68.973,0.903
112.651610,440.014,69.001,0.908
112.663220,440.613,69.024,0.914
112.674830,440.938,69.037,0.916
112.686440,441.024,69.040,0.915
112.698050,440.870,69.034,0.915
112.709660,440.646,69.025,0.914
112.721270,440.527,69.021,0.915
112.732880,440.637,69.025,0.917
112.744490,440.775,69.030,0.917
112.756100,441.097,69.043,0.914
112.767710,441.295,69.051,0.913
112.779320,440.360,69.014,0.918
112.790930,439.368,68.975,0.912
112.802540,438.909,68.957,0.896
112.814150,438.193,68.929,0.878
112.825760,436.882,68.877,0.860
112.837370,433.128,68.727,0.847
112.848980,429.849,68.596,0.835
112.860590,860.636,80.615,0.833
112.872200,865.527,80.713,0.810
112.883810,435.200,68.810,0.813
112.895420,433.266,68.733,0.832
112.907029,430.567,68.625,0.854
112.918639,853.974,80.480,0.881
112.930249,847.480,80.348,0.889
112.941859,842.158,80.239,0.894
112.953469,830.973,80.008,0.892
112.965079,819.744,79.772,0.897
112.976689,400.301,67.363,0.903
112.988299,398.473,67.284,0.909
112.999909,396.035,67.178,0.907
113.011519,393.893,67.084,0.897
113.023129,393.542,67.068,0.894
113.034739,393.235,67.055,0.895
113.046349,795.908,79.261,0.899
113.057959,795.440,79.251,0.897
113.069569,792.619,79.189,0.892
113.081179,783.861,78.997,0.888
113.092789,335.555,64.309,0.887
113.104399,333.633,64.209,0.888
113.116009,331.347,64.090,0.892
113.127619,330.183,64.029,0.895
113.139229,329.415,63.989,0.894
113.150839,329.712,64.004,0.898
113.162449,330.153,64.028,0.900
113.174059,330.181,64.029,0.901
113.185669,330.101,64.025,0.901
113.197279,330.002,64.020,0.894
113.208889,329.914,64.015,0.878
113.220499,329.745,64.006,0.861
113.232109,329.655,64.001,0.846
113.243719,330.183,64.029,0.828
113.255329,329.719,64.005,0.813
113.266939,330.230,64.032,0.791
113.278549,332.224,64.136,0.764
113.290159,333.043,64.178,0.751
113.301769,333.212,64.187,0.762
113.313379,333.287,64.191,0.770
113.324989,333.620,64.208,0.765
113.336599,332.439,64.147,0.759
113.348209,331.197,64.082,0.746
113.359819,331.397,64.093,0.742
113.371429,331.116,64.078,0.745
113.383039,331.081,64.076,0.751
113.394649,329.808,64.009,0.752
113.406259,314.166,63.168,0.746
113.417868,314.276,63.174,0.747
113.429478,315.163,63.223,0.756
113.441088,315.660,63.250,0.763
113.452698,342.266,64.651,0.771
113.464308,343.744,64.726,0.780
113.475918,343.714,64.724,0.782
113.487528,343.339,64.706,0.784
113.499138,343.118,64.694,0.786
113.510748,342.997,64.688,0.787
113.522358,343.506,64.714,0.785
113.533968,343.608,64.719,0.783
113.545578,339.711,64.522,0.778
113.557188,314.607,63.193,0.772
113.568798,325.231,63.768,0.765
113.580408,315.171,63.224,0.762
113.592018,315.995,63.269,0.760
113.603628,324.997,63.755,0.754
113.615238,332.232,64.136,0.745
113.626848,332.394,64.145,0.732
113.638458,333.103,64.182,0.713
113.650068,334.151,64.236,0.690
113.661678,335.567,64.309,0.666
113.673288,336.528,64.359,0.639
113.684898,336.759,64.371,0.604
113.696508,168.258,52.358,0.569
113.708118,327.888,63.908,0.518
113.719728,87.647,41.067,0.483
113.731338,87.694,41.077,0.465
113.742948,564.341,73.309,0.455
113.754558,565.738,73.352,0.457
113.766168,566.159,73.364,0.459
113.777778,565.272,73.337,0.472
113.789388,563.396,73.280,0.483
113.800998,562.443,73.250,0.497
113.812608,564.042,73.300,0.514
113.824218,567.106,73.393,0.533
113.835828,569.674,73.472,0.552
113.847438,224.866,57.379,0.564
113.859048,572.585,73.560,0.578
113.870658,576.799,73.687,0.594
113.882268,576.580,73.680,0.610
113.893878,788.449,79.098,0.624
113.905488,573.856,73.598,0.632
113.917098,789.462,79.120,0.637
113.928707,790.317,79.139,0.633
113.940317,788.787,79.106,0.628
113.951927,786.462,79.054,0.615
113.963537,780.924,78.932,0.595
113.975147,784.373,79.008,0.576
113.986757,788.674,79.103,0.567
113.998367,810.342,79.572,0.593
114.009977,555.508,73.036,0.635
114.021587,99.803,43.316,0.684
114.033197,414.053,67.948,0.722
114.044807,99.828,43.320,0.756
114.056417,99.833,43.321,0.779
114.068027,99.844,43.323,0.795
114.079637,947.949,82.288,0.811
114.091247,946.627,82.264,0.817
114.102857,947.166,82.273,0.812
114.114467,949.073,82.308,0.802
114.126077,362.305,65.636,0.799
114.137687,379.620,66.445,0.793
114.149297,384.040,66.645,0.788
114.160907,391.507,66.978,0.790
114.172517,391.899,66.996,0.793
114.184127,390.945,66.954,0.801
114.195737,389.484,66.889,0.816
114.207347,389.550,66.892,0.836
114.218957,391.404,66.974,0.847
114.230567,393.905,67.084,0.859
114.242177,398.278,67.275,0.880
114.253787,404.607,67.548,0.893
114.265397,412.950,67.902,0.897
114.277007,416.561,68.052,0.897
114.288617,421.313,68.249,0.900
114.300227,427.636,68.507,0.891
114.311837,430.344,68.616,0.877
114.323447,433.287,68.734,0.863
114.335057,436.672,68.869,0.849
114.346667,431.047,68.644,0.846
114.358277,430.935,68.640,0.845
114.369887,434.085,68.766,0.854
114.381497,436.072,68.845,0.855
114.393107,438.033,68.922,0.870
114.404717,438.418,68.938,0.883
114.416327,438.473,68.940,0.889
114.427937,439.108,68.965,0.890
114.439546,440.091,69.004,0.884
114.451156,440.091,69.004,0.886
114.462766,439.346,68.974,0.880
114.474376,438.697,68.949,0.875
114.485986,437.913,68.918,0.858
114.497596,437.463,68.900,0.843
114.509206,218.425,56.876,0.831
114.520816,436.306,68.854,0.811
114.532426,435.942,68.840,0.786
114.544036,434.621,68.787,0.765
114.555646,436.625,68.867,0.776
114.567256,443.610,69.141,0.792
114.578866,446.471,69.253,0.820
114.590476,444.551,69.178,0.840
114.602086,443.187,69.125,0.858
114.613696,440.800,69.031,0.873
114.625306,438.261,68.931,0.886
114.636916,436.534,68.863,0.891
114.648526,428.541,68.543,0.883
114.660136,417.269,68.082,0.879
114.671746,403.728,67.511,0.871
114.683356,396.672,67.205,0.874
114.694966,394.718,67.120,0.873
114.706576,393.054,67.047,0.875
114.718186,391.627,66.984,0.874
114.729796,391.040,66.958,0.878
114.741406,389.062,66.870,0.887
114.753016,382.138,66.559,0.892
114.764626,371.544,66.072,0.893
114.776236,364.754,65.753,0.891
114.787846,359.572,65.505,0.891
114.799456,355.331,65.300,0.889
114.811066,352.879,65.180,0.891
114.822676,351.210,65.098,0.892
114.834286,349.970,65.037,0.889
114.845896,349.526,65.015,0.884
114.857506,349.365,65.007,0.883
114.869116,349.259,65.002,0.877
114.880726,349.212,64.999,0.872
114.892336,349.163,64.997,0.866
114.903946,349.142,64.996,0.862
114.915556,349.232,65.000,0.860
114.927166,349.527,65.015,0.859
114.938776,349.962,65.036,0.856
114.950385,350.377,65.057,0.852
114.961995,350.632,65.069,0.846
114.973605,350.753,65.075,0.839
114.985215,350.753,65.075,0.836
114.996825,350.666,65.071,0.836
115.008435,350.260,65.051,0.836
115.020045,349.543,65.016,0.831
115.031655,348.858,64.982,0.834
115.043265,348.480,64.963,0.840
115.054875,348.298,64.954,0.849
115.066485,348.346,64.956,0.857
115.078095,348.422,64.960,0.860
115.089705,348.295,64.954,0.858
115.101315,348.447,64.961,0.854
115.112925,348.917,64.985,0.853
115.124535,349.256,65.001,0.851
115.136145,349.466,65.012,0.850
115.147755,349.504,65.014,0.848
115.159365,349.389,65.008,0.848
115.170975,349.209,64.999,0.850
115.182585,349.133,64.995,0.847
115.194195,349.037,64.991,0.843
115.205805,348.960,64.987,0.842
115.217415,348.879,64.983,0.844
115.229025,348.784,64.978,0.850
115.240635,348.984,64.988,0.864
115.252245,349.404,65.009,0.881
115.263855,349.942,65.035,0.897
115.275465,350.342,65.055,0.915
115.287075,350.251,65.051,0.932
115.298685,349.842,65.030,0.943
115.310295,349.342,65.006,0.950
115.321905,348.843,64.981,0.952
115.333515,348.093,64.944,0.947
115.345125,347.102,64.894,0.935
115.356735,345.637,64.821,0.919
115.368345,344.096,64.744,0.902
115.379955,342.820,64.679,0.881
115.391565,342.139,64.645,0.861
115.403175,342.105,64.643,0.844
115.414785,343.481,64.713,0.830
115.426395,346.528,64.866,0.823
115.438005,352.498,65.161,0.836
115.449615,355.309,65.299,0.852
115.461224,355.626,65.314,0.853
115.472834,355.346,65.301,0.852
115.484444,355.324,65.300,0.852
115.496054,355.030,65.285,0.858
115.507664,354.001,65.235,0.862
115.519274,352.481,65.161,0.860
115.530884,348.099,64.944,0.857
115.542494,343.292,64.703,0.857
115.554104,342.312,64.654,0.875
115.565714,342.748,64.676,0.895
115.577324,344.559,64.767,0.901
115.588934,347.231,64.901,0.896
115.600544,353.286,65.200,0.893
115.612154,354.020,65.236,0.897
115.623764,353.835,65.227,0.895
115.635374,353.592,65.215,0.889
115.646984,353.796,65.225,0.873
115.658594,353.196,65.196,0.851
115.670204,350.122,65.044,0.843
115.681814,346.851,64.882,0.843
115.693424,344.816,64.780,0.840
115.705034,343.716,64.725,0.834
115.716644,342.473,64.662,0.830
115.728254,344.043,64.741,0.829
115.739864,350.394,65.058,0.831
115.751474,353.583,65.215,0.829
115.763084,353.982,65.234,0.822
115.774694,353.890,65.230,0.814
115.786304,353.794,65.225,0.809
115.797914,353.293,65.200,0.805
115.809524,351.697,65.122,0.802
115.821134,348.762,64.977,0.791
115.832744,347.207,64.900,0.778
115.844354,346.124,64.845,0.773
115.855964,345.650,64.822,0.766
115.867574,345.659,64.822,0.760
115.879184,346.093,64.844,0.755
115.890794,346.938,64.886,0.749
115.902404,348.427,64.960,0.744
115.914014,349.462,65.012,0.743
115.925624,349.709,65.024,0.742
115.937234,349.943,65.035,0.737
115.948844,349.489,65.013,0.742
115.960454,348.963,64.987,0.749
115.972063,348.697,64.974,0.749
115.983673,348.567,64.967,0.743
115.995283,348.590,64.968,0.735
116.006893,348.441,64.961,0.727
116.018503,348.609,64.969,0.715
116.030113,348.945,64.986,0.701
116.041723,349.424,65.010,0.677
116.053333,349.914,65.034,0.650
116.064943,350.884,65.082,0.630
116.076553,350.674,65.072,0.614
116.088163,351.453,65.110,0.590
116.099773,351.470,65.111,0.565
116.111383,351.888,65.131,0.550
116.122993,352.188,65.146,0.538
116.134603,352.743,65.173,0.532
116.146213,352.789,65.176,0.524
116.157823,352.526,65.163,0.508
116.169433,352.720,65.172,0.491
116.181043,352.215,65.147,0.475
116.192653,351.776,65.126,0.457
116.204263,349.291,65.003,0.431
116.215873,346.955,64.887,0.422
116.227483,345.644,64.821,0.418
116.239093,344.529,64.765,0.408
116.250703,344.115,64.745,0.388
116.262313,344.636,64.771,0.369
116.273923,346.781,64.878,0.353
116.285533,348.556,64.967,0.351
116.297143,349.586,65.018,0.350
116.308753,350.560,65.066,0.331
116.320363,352.351,65.154,0.293
116.331973,352.848,65.179,0.283
116.343583,352.704,65.171,0.277
116.355193,351.886,65.131,0.261
116.366803,351.435,65.109,0.261
116.378413,351.096,65.092,0.227
116.390023,351.380,65.106,0.198
116.401633,350.949,65.085,0.208
116.413243,351.238,65.099,0.217
116.424853,352.102,65.142,0.219
116.436463,352.853,65.179,0.210
116.448073,354.008,65.235,0.204
116.459683,354.773,65.273,0.190
116.471293,354.796,65.274,0.186
116.482902,354.964,65.282,0.177
116.494512,355.258,65.296,0.157
116.506122,355.423,65.304,0.135
116.517732,354.486,65.259,0.119
116.529342,353.413,65.206,0.118
116.540952,352.471,65.160,0.117
116.552562,351.523,65.113,0.109
116.564172,351.075,65.091,0.123
116.575782,350.920,65.084,0.134
116.587392,350.773,65.076,0.132
116.599002,351.339,65.104,0.125
116.610612,352.012,65.137,0.108
116.622222,352.118,65.143,0.094
116.633832,351.705,65.122,0.089
116.645442,350.857,65.081,0.094
116.657052,350.409,65.058,0.078
116.668662,350.061,65.041,0.046
116.680272,349.962,65.036,0.041
116.691882,348.889,64.983,0.047
116.703492,348.590,64.968,0.045
116.715102,348.382,64.958,0.068
116.726712,348.392,64.959,0.131
116.738322,348.976,64.987,0.158
116.749932,349.450,65.011,0.168
116.761542,698.662,77.005,0.187
116.773152,698.458,77.000,0.201
116.784762,698.196,76.994,0.205
116.796372,698.142,76.992,0.208
116.807982,698.452,77.000,0.204
116.819592,699.062,77.015,0.176
116.831202,697.731,76.982,0.146
116.842812,696.065,76.941,0.122
116.854422,347.565,64.917,0.085
116.866032,347.510,64.915,0.045
116.877642,348.307,64.954,0.020
116.889252,,,0.000
116.900862,,,0.000
116.912472,,,0.000
116.924082,,,0.000
116.935692,,,0.000
116.947302,,,0.000
116.958912,,,0.000
116.970522,,,0.000
116.982132,,,0.000
116.993741,,,0.000
117.005351,,,0.000
117.016961,,,0.000
117.028571,,,0.000
117.040181,,,0.000
117.051791,,,0.000
117.063401,170.016,52.538,0.025
117.075011,100.151,43.376,0.078
117.086621,602.308,74.436,0.146
117.098231,731.084,77.790,0.216
117.109841,279.472,61.142,0.268
117.121451,200.440,55.388,0.327
117.133061,459.100,69.736,0.369
117.144671,460.364,69.783,0.393
117.156281,460.168,69.776,0.409
117.167891,459.288,69.743,0.416
117.179501,459.796,69.762,0.422
117.191111,460.588,69.792,0.421
117.202721,460.813,69.800,0.416
117.214331,460.351,69.783,0.395
117.225941,460.153,69.775,0.364
117.237551,458.517,69.714,0.333
117.249161,459.528,69.752,0.301
117.260771,459.117,69.736,0.271
117.272381,711.529,77.321,0.224
117.283991,725.090,77.648,0.171
117.295601,727.642,77.709,0.102
117.307211,718.343,77.486,0.049
117.318821,719.381,77.511,0.014
117.330431,,,0.000
117.342041,,,0.000
117.353651,,,0.000
117.365261,,,0.000
117.376871,,,0.000
117.388481,,,0.000
117.400091,,,0.000
117.411701,,,0.000
117.423311,,,0.000
117.434921,546.152,72.742,0.050
117.446531,172.723,52.811,0.091
117.458141,462.831,69.876,0.160
117.469751,490.452,70.879,0.313
117.481361,90.898,41.698,0.391
117.492971,91.153,41.746,0.449
117.504580,90.820,41.683,0.481
117.516190,291.103,61.848,0.551
117.527800,315.119,63.221,0.617
117.539410,329.507,63.994,0.672
117.551020,341.890,64.632,0.713
117.562630,348.060,64.942,0.747
117.574240,349.502,65.014,0.773
117.585850,349.414,65.009,0.795
117.597460,348.367,64.957,0.817
117.609070,347.133,64.896,0.837
117.620680,345.461,64.812,0.855
117.632290,344.902,64.784,0.863
117.643900,344.512,64.765,0.869
117.655510,344.756,64.777,0.875
117.667120,345.382,64.808,0.882
117.678730,346.423,64.860,0.886
117.690340,352.157,65.145,0.890
117.701950,355.602,65.313,0.890
117.713560,356.518,65.358,0.889
117.725170,355.699,65.318,0.896
117.736780,354.923,65.280,0.903
117.748390,353.305,65.201,0.906
117.760000,343.477,64.713,0.905
117.771610,340.991,64.587,0.907
117.783220,341.012,64.588,0.912
117.794830,341.651,64.620,0.918
117.806440,341.823,64.629,0.922
117.818050,343.493,64.713,0.924
117.829660,348.546,64.966,0.925
117.841270,351.724,65.123,0.928
117.852880,352.883,65.180,0.933
117.864490,352.958,65.184,0.936
117.876100,352.864,65.179,0.936
117.887710,351.535,65.114,0.938
117.899320,349.146,64.996,0.936
117.910930,347.273,64.903,0.928
117.922540,346.354,64.857,0.921
117.934150,345.763,64.827,0.913
117.945760,346.004,64.839,0.903
117.957370,348.574,64.968,0.897
117.968980,352.699,65.171,0.895
117.980590,354.318,65.251,0.885
117.992200,354.461,65.257,0.884
118.003810,353.695,65.220,0.885
118.015420,350.635,65.070,0.887
118.027029,346.703,64.874,0.888
118.038639,345.741,64.826,0.899
118.050249,346.071,64.843,0.907
118.061859,346.228,64.851,0.910
118.073469,346.727,64.876,0.908
118.085079,347.104,64.894,0.907
118.096689,347.224,64.900,0.908
118.108299,347.113,64.895,0.908
118.119909,347.122,64.895,0.903
118.131519,345.114,64.795,0.889
118.143129,340.742,64.574,0.872
118.154739,335.821,64.322,0.853
118.166349,331.405,64.093,0.843
118.177959,317.866,63.371,0.832
118.189569,309.476,62.908,0.820
118.201179,297.620,62.232,0.808
118.212789,295.701,62.120,0.802
118.224399,147.160,50.039,0.791
118.236009,146.999,50.020,0.777
118.247619,146.997,50.019,0.763
118.259229,147.163,50.039,0.751
118.270839,147.403,50.067,0.729
118.282449,147.989,50.136,0.709
118.294059,149.091,50.264,0.690
118.305669,150.683,50.448,0.670
118.317279,508.287,71.498,0.662
118.328889,506.041,71.421,0.655
118.340499,505.867,71.415,0.651
118.352109,504.868,71.381,0.638
118.363719,171.833,52.722,0.623
118.375329,171.998,52.739,0.601
118.386939,512.029,71.625,0.571
118.398549,347.813,64.930,0.547
118.410159,344.691,64.774,0.514
118.421769,510.432,71.571,0.493
118.433379,342.794,64.678,0.459
118.444989,514.782,71.717,0.431
118.456599,516.578,71.778,0.401
118.468209,347.918,64.935,0.372
118.479819,346.969,64.888,0.347
118.491429,516.555,71.777,0.362
118.503039,345.718,64.825,0.380
118.514649,345.335,64.806,0.369
118.526259,345.600,64.819,0.371
118.537868,346.968,64.888,0.386
118.549478,348.342,64.956,0.391
118.561088,349.142,64.996,0.396
118.572698,349.526,65.015,0.396
118.584308,350.237,65.050,0.365
118.595918,349.668,65.022,0.348
118.607528,348.242,64.951,0.362
118.619138,347.436,64.911,0.357
118.630748,345.379,64.808,0.333
118.642358,343.348,64.706,0.321
118.653968,344.003,64.739,0.336
118.665578,523.523,72.009,0.349
118.677188,348.744,64.976,0.374
118.688798,581.380,73.824,0.510
118.700408,611.399,74.695,0.669
118.712018,614.405,74.780,0.728
118.723628,906.342,81.511,0.782
118.735238,907.304,81.529,0.812
118.746848,907.250,81.528,0.825
118.758458,908.083,81.544,0.830
118.770068,907.548,81.534,0.834
118.781678,910.085,81.582,0.833
118.793288,910.878,81.597,0.808
118.804898,913.544,81.648,0.784
118.816508,268.794,60.468,0.737
118.828118,270.917,60.604,0.685
118.839728,270.841,60.599,0.649
118.851338,134.695,48.506,0.633
118.862948,271.913,60.668,0.624
118.874558,270.074,60.550,0.612
118.886168,269.533,60.516,0.615
118.897778,269.720,60.528,0.616
118.909388,270.007,60.546,0.617
118.920998,270.651,60.587,0.614
118.932608,272.275,60.691,0.602
118.944218,274.212,60.813,0.594
118.955828,275.238,60.878,0.593
118.967438,283.547,61.393,0.605
118.979048,287.393,61.626,0.629
118.990658,294.367,62.041,0.640
119.002268,296.927,62.191,0.655
119.013878,297.176,62.206,0.662
119.025488,296.653,62.175,0.674
119.037098,295.909,62.132,0.682
119.048707,296.031,62.139,0.684
119.060317,295.797,62.125,0.679
119.071927,295.052,62.082,0.665
119.083537,294.540,62.052,0.659
119.095147,293.570,61.994,0.648
119.106757,293.344,61.981,0.645
119.118367,293.737,62.004,0.638
119.129977,293.811,62.009,0.622
119.141587,293.959,62.017,0.607
119.153197,293.933,62.016,0.590
119.164807,147.681,50.100,0.583
119.176417,151.784,50.574,0.599
119.188027,156.917,51.150,0.631
119.199637,237.694,58.339,0.651
119.211247,472.461,70.232,0.673
119.222857,470.907,70.175,0.700
119.234467,469.132,70.110,0.725
119.246077,468.110,70.072,0.745
119.257687,467.687,70.056,0.761
119.269297,467.164,70.037,0.770
119.280907,466.285,70.005,0.773
119.292517,466.194,70.001,0.777
119.304127,466.394,70.009,0.779
119.315737,466.936,70.029,0.778
119.327347,467.697,70.057,0.777
119.338957,468.119,70.072,0.776
119.350567,468.526,70.088,0.773
119.362177,468.378,70.082,0.772
119.373787,467.994,70.068,0.769
119.385397,467.580,70.053,0.768
119.397007,466.731,70.021,0.768
119.408617,466.007,69.994,0.770
119.420227,465.207,69.964,0.773
119.431837,464.937,69.954,0.772
119.443447,464.953,69.955,0.772
119.455057,464.802,69.949,0.772
119.466667,464.929,69.954,0.771
119.478277,464.840,69.951,0.769
119.489887,465.073,69.959,0.766
119.501497,465.275,69.967,0.763
119.513107,465.344,69.970,0.757
119.524717,465.251,69.966,0.752
119.536327,465.075,69.960,0.747
119.547937,465.177,69.963,0.740
119.559546,465.172,69.963,0.733
119.571156,465.202,69.964,0.725
119.582766,465.241,69.966,0.719
119.594376,465.428,69.973,0.714
119.605986,465.600,69.979,0.708
119.617596,465.859,69.989,0.705
119.629206,466.256,70.003,0.701
119.640816,466.705,70.020,0.700
119.652426,466.943,70.029,0.699
119.664036,467.203,70.039,0.697
119.675646,467.542,70.051,0.696
119.687256,467.847,70.062,0.692
119.698866,468.151,70.074,0.691
119.710476,468.130,70.073,0.689
119.722086,468.200,70.075,0.687
119.733696,468.156,70.074,0.688
119.745306,467.659,70.055,0.688
119.756916,467.388,70.045,0.690
119.768526,467.408,70.046,0.690
119.780136,467.447,70.048,0.690
119.791746,467.850,70.063,0.688
119.803356,468.729,70.095,0.690
119.814966,469.751,70.133,0.695
119.826576,471.386,70.193,0.695
119.838186,474.335,70.301,0.689
119.849796,479.173,70.477,0.691
119.861406,484.608,70.672,0.692
119.873016,493.034,70.970,0.697
119.884626,500.403,71.227,0.701
119.896236,508.431,71.503,0.706
119.907846,514.897,71.721,0.709
119.919456,519.512,71.876,0.713
119.931066,521.580,71.945,0.721
119.942676,523.240,72.000,0.723
119.954286,523.823,72.019,0.724
119.965896,523.843,72.020,0.727
119.977506,523.684,72.014,0.728
119.989116,523.240,72.000,0.728
120.000726,522.922,71.989,0.728
120.012336,522.726,71.983,0.727
120.023946,522.688,71.981,0.728
120.035556,522.775,71.984,0.732
120.047166,522.983,71.991,0.734
120.058776,523.239,72.000,0.735
120.070385,523.356,72.003,0.738
120.081995,523.550,72.010,0.738
120.093605,523.853,72.020,0.735
120.105215,523.885,72.021,0.733
120.116825,523.810,72.018,0.730
120.128435,523.857,72.020,0.726
120.140045,523.711,72.015,0.722
120.151655,523.168,71.997,0.719
120.163265,522.899,71.988,0.716
120.174875,522.495,71.975,0.713
120.186485,521.882,71.955,0.716
120.198095,521.402,71.939,0.719
120.209705,521.251,71.934,0.718
120.221315,521.213,71.932,0.722
120.232925,521.258,71.934,0.724
120.244535,521.446,71.940,0.720
120.256145,521.783,71.951,0.720
120.267755,522.220,71.966,0.721
120.279365,522.672,71.981,0.717
120.290975,523.333,72.003,0.717
120.302585,523.734,72.016,0.719
120.314195,524.349,72.036,0.717
120.325805,524.882,72.054,0.721
120.337415,524.996,72.058,0.724
120.349025,524.887,72.054,0.724
120.360635,524.527,72.042,0.727
120.372245,524.291,72.034,0.726
120.383855,524.018,72.025,0.725
120.395465,523.684,72.014,0.726
120.407075,523.328,72.003,0.721
120.418685,523.031,71.993,0.718
120.430295,522.951,71.990,0.720
120.441905,523.157,71.997,0.718
120.453515,523.260,72.000,0.717
120.465125,523.281,72.001,0.720
120.476735,523.507,72.008,0.719
120.488345,523.722,72.016,0.719
120.499955,523.976,72.024,0.726
120.511565,524.321,72.035,0.727
120.523175,524.376,72.037,0.726
120.534785,524.347,72.036,0.727
120.546395,524.357,72.037,0.724
120.558005,524.372,72.037,0.720
120.569615,524.317,72.035,0.718
120.581224,524.206,72.032,0.715
120.592834,524.045,72.026,0.710
120.604444,523.873,72.021,0.706
120.616054,523.364,72.004,0.714
120.627664,174.424,52.981,0.748
120.639274,174.470,52.986,0.776
120.650884,174.718,53.010,0.833
120.662494,174.546,52.993,0.867
120.674104,174.490,52.988,0.895
120.685714,174.530,52.992,0.912
120.697324,174.670,53.005,0.923
120.708934,174.405,52.979,0.935
120.720544,173.874,52.926,0.943
120.732154,173.841,52.923,0.948
120.743764,174.466,52.985,0.939
120.755374,174.640,53.003,0.929
120.766984,173.767,52.916,0.919
120.778594,172.055,52.744,0.913
120.790204,171.128,52.651,0.910
120.801814,170.412,52.578,0.905
120.813424,171.335,52.672,0.896
120.825034,171.647,52.703,0.892
120.836644,171.977,52.737,0.888
120.848254,171.606,52.699,0.887
120.859864,173.333,52.873,0.883
120.871474,173.634,52.903,0.871
120.883084,174.015,52.941,0.858
120.894694,174.402,52.979,0.841
120.906304,174.712,53.010,0.825
120.917914,174.854,53.024,0.808
120.929524,175.284,53.066,0.800
120.941134,176.115,53.148,0.796
120.952744,176.148,53.151,0.784
120.964354,175.660,53.103,0.795
120.975964,175.321,53.070,0.805
120.987574,175.066,53.045,0.812
120.999184,174.870,53.025,0.819
121.010794,174.773,53.016,0.827
121.022404,174.719,53.010,0.835
121.034014,174.591,52.998,0.828
121.045624,174.550,52.994,0.821
121.057234,174.492,52.988,0.808
121.068844,174.410,52.980,0.793
121.080454,348.823,64.980,0.782
121.092063,347.962,64.937,0.784
121.103673,348.558,64.967,0.809
121.115283,351.383,65.107,0.825
121.126893,351.732,65.124,0.847
121.138503,351.678,65.121,0.871
121.150113,351.393,65.107,0.886
121.161723,351.024,65.089,0.902
121.173333,350.579,65.067,0.914
121.184943,350.522,65.064,0.916
121.196553,349.711,65.024,0.910
121.208163,348.167,64.947,0.904
121.219773,347.549,64.917,0.900
121.231383,173.770,52.916,0.896
121.242993,348.250,64.951,0.898
121.254603,348.884,64.983,0.899
121.266213,174.852,53.024,0.898
121.277823,175.003,53.039,0.901
121.289433,175.079,53.046,0.894
121.301043,175.139,53.052,0.887
121.312653,175.158,53.054,0.880
121.324263,175.067,53.045,0.868
121.335873,174.952,53.033,0.857
121.347483,174.864,53.025,0.848
121.359093,174.831,53.021,0.840
121.370703,174.873,53.026,0.836
121.382313,174.891,53.027,0.844
121.393923,174.793,53.018,0.853
121.405533,174.739,53.012,0.858
121.417143,174.720,53.011,0.860
121.428753,349.358,65.006,0.860
121.440363,348.981,64.988,0.859
121.451973,348.504,64.964,0.853
121.463583,173.846,52.924,0.843
121.475193,173.749,52.914,0.828
121.486803,173.700,52.909,0.807
121.498413,346.407,64.860,0.795
121.510023,343.917,64.735,0.809
121.521633,331.825,64.115,0.827
121.533243,331.275,64.086,0.832
121.544853,330.796,64.061,0.838
121.556463,330.221,64.031,0.847
121.568073,329.787,64.008,0.856
121.579683,329.549,63.996,0.861
121.591293,329.321,63.984,0.861
121.602902,328.835,63.958,0.845
121.614512,328.378,63.934,0.819
121.626122,328.155,63.922,0.800
121.637732,328.055,63.917,0.782
121.649342,328.188,63.924,0.759
121.660952,328.801,63.957,0.738
121.672562,329.361,63.986,0.718
121.684172,329.798,64.009,0.688
121.695782,330.719,64.057,0.666
121.707392,333.118,64.182,0.698
121.719002,343.343,64.706,0.785
121.730612,344.939,64.786,0.823
121.742222,345.915,64.835,0.866
121.753832,346.692,64.874,0.883
121.765442,347.250,64.902,0.899
121.777052,347.461,64.912,0.914
121.788662,347.115,64.895,0.926
121.800272,347.316,64.905,0.928
121.811882,348.418,64.960,0.904
121.823492,348.370,64.957,0.882
121.835102,347.767,64.927,0.841
121.846712,346.715,64.875,0.808
121.858322,345.465,64.812,0.769
121.869932,343.566,64.717,0.707
121.881542,343.265,64.702,0.624
121.893152,173.561,52.895,0.547
121.904762,459.797,69.762,0.619
121.916372,627.775,75.153,0.662
121.927982,627.814,75.154,0.694
121.939592,627.781,75.153,0.715
121.951202,459.316,69.744,0.735
121.962812,361.561,65.601,0.772
121.974422,348.343,64.956,0.805
121.986032,347.617,64.920,0.831
121.997642,347.515,64.915,0.849
122.009252,349.991,65.038,0.865
122.020862,352.081,65.141,0.877
122.032472,352.113,65.142,0.888
122.044082,351.215,65.098,0.895
122.055692,350.194,65.048,0.896
122.067302,349.540,65.015,0.893
122.078912,348.329,64.955,0.891
122.090522,346.412,64.860,0.888
122.102132,344.606,64.769,0.881
122.113741,343.751,64.726,0.876
122.125351,343.693,64.723,0.872
122.136961,343.956,64.737,0.868
122.148571,344.727,64.775,0.864
122.160181,346.858,64.882,0.858
122.171791,349.469,65.012,0.850
122.183401,350.698,65.073,0.842
122.195011,350.910,65.083,0.837
122.206621,350.583,65.067,0.834
122.218231,349.457,65.011,0.832
122.229841,347.100,64.894,0.832
122.241451,345.666,64.822,0.831
122.253061,345.161,64.797,0.831
122.264671,345.251,64.802,0.830
122.276281,346.093,64.844,0.833
122.287891,349.033,64.990,0.835
122.299501,353.430,65.207,0.838
122.311111,354.610,65.265,0.840
122.322721,354.286,65.249,0.841
122.334331,353.471,65.209,0.849
122.345941,352.852,65.179,0.856
122.357551,345.917,64.835,0.856
122.369161,340.944,64.584,0.852
122.380771,821.444,79.808,0.849
122.392381,812.485,79.618,0.848
122.403991,97.514,42.914,0.843
122.415601,97.401,42.894,0.840
122.427211,297.053,62.199,0.830
122.438821,293.820,62.009,0.815
122.450431,292.197,61.913,0.811
122.462041,291.085,61.847,0.810
122.473651,146.139,49.918,0.821
122.485261,146.581,49.970,0.829
122.496871,146.495,49.960,0.836
122.508481,301.904,62.479,0.838
122.520091,269.230,60.496,0.831
122.531701,175.131,53.051,0.824
122.543311,175.194,53.057,0.814
122.554921,174.900,53.028,0.806
122.566531,86.828,40.905,0.814
122.578141,242.729,58.702,0.815
122.589751,166.667,52.194,0.815
122.601361,166.419,52.168,0.821
122.612971,166.136,52.138,0.832
122.624580,165.934,52.117,0.844
122.636190,165.820,52.105,0.854
122.647800,327.297,63.877,0.860
122.659410,328.397,63.935,0.847
122.671020,326.394,63.829,0.835
122.682630,324.605,63.734,0.833
122.694240,325.069,63.759,0.837
122.705850,325.945,63.805,0.841
122.717460,328.439,63.937,0.844
122.729070,335.147,64.287,0.847
122.740680,341.072,64.591,0.851
122.752290,346.097,64.844,0.854
122.763900,348.206,64.949,0.857
122.775510,349.184,64.998,0.856
122.787120,350.246,65.050,0.853
122.798730,350.683,65.072,0.854
122.810340,350.367,65.056,0.860
122.821950,349.805,65.029,0.866
122.833560,349.422,65.010,0.875
122.845170,349.123,64.995,0.882
122.856780,348.906,64.984,0.887
122.868390,348.881,64.983,0.889
122.880000,348.848,64.981,0.890
122.891610,348.879,64.983,0.888
122.903220,348.904,64.984,0.883
122.914830,348.983,64.988,0.875
122.926440,348.943,64.986,0.861
122.938050,348.947,64.986,0.846
122.949660,348.850,64.981,0.833
122.961270,348.505,64.964,0.818
122.972880,348.055,64.942,0.804
122.984490,347.699,64.924,0.791
122.996100,346.963,64.887,0.782
123.007710,345.909,64.835,0.778
123.019320,344.426,64.760,0.779
123.030930,342.349,64.656,0.786
123.042540,337.671,64.417,0.801
123.054150,334.648,64.262,0.819
123.065760,332.598,64.155,0.838
123.077370,331.056,64.075,0.852
123.088980,330.022,64.021,0.859
123.100590,329.289,63.982,0.865
123.112200,328.734,63.953,0.869
123.123810,328.256,63.928,0.870
123.135420,327.854,63.907,0.866
123.147029,327.510,63.888,0.858
123.158639,326.934,63.858,0.848
123.170249,325.804,63.798,0.840
123.181859,324.598,63.734,0.831
123.193469,323.811,63.692,0.819
123.205079,322.537,63.624,0.806
123.216689,320.062,63.490,0.794
123.228299,316.690,63.307,0.782
123.239909,312.569,63.080,0.775
123.251519,305.005,62.656,0.766
123.263129,262.115,60.032,0.755
123.274739,263.300,60.110,0.753
123.286349,262.056,60.028,0.755
123.297959,261.728,60.007,0.758
123.309569,261.901,60.018,0.761
123.321179,262.678,60.069,0.764
123.332789,262.995,60.090,0.765
123.344399,263.319,60.112,0.768
123.356009,263.283,60.109,0.769
123.367619,263.122,60.099,0.770
123.379229,262.853,60.081,0.766
123.390839,262.457,60.055,0.754
123.402449,261.978,60.023,0.746
123.414059,261.630,60.000,0.757
123.425669,262.035,60.027,0.779
123.437279,262.089,60.031,0.793
123.448889,261.873,60.016,0.803
123.460499,261.641,60.001,0.812
123.472109,261.441,59.988,0.820
123.483719,261.324,59.980,0.822
123.495329,261.396,59.985,0.818
123.506939,261.203,59.972,0.801
123.518549,260.696,59.938,0.768
123.530159,260.041,59.895,0.730
123.541769,259.234,59.841,0.679
123.553379,258.043,59.761,0.606
123.564989,264.407,60.183,0.491
123.576599,180.848,53.607,0.558
123.588209,204.231,55.712,0.622
123.599819,200.289,55.375,0.678
123.611429,200.276,55.374,0.713
123.623039,200.248,55.371,0.742
123.634649,200.254,55.372,0.752
123.646259,200.267,55.373,0.762
123.657868,242.311,58.672,0.783
123.669478,242.503,58.686,0.791
123.681088,268.589,60.455,0.802
123.692698,268.997,60.481,0.812
123.704308,269.293,60.500,0.825
123.715918,269.912,60.540,0.834
123.727528,269.591,60.519,0.844
123.739138,268.782,60.467,0.852
123.750748,266.712,60.333,0.853
123.762358,266.038,60.290,0.850
123.773968,263.614,60.131,0.845
123.785578,259.049,59.829,0.837
123.797188,254.816,59.543,0.825
123.808798,254.155,59.498,0.814
123.820408,254.148,59.498,0.807
123.832018,254.755,59.539,0.800
123.843628,256.376,59.649,0.795
123.855238,260.740,59.941,0.792
123.866848,263.196,60.104,0.787
123.878458,265.205,60.235,0.782
123.890068,265.966,60.285,0.777
123.901678,266.657,60.330,0.774
123.913288,266.176,60.298,0.769
123.924898,263.968,60.154,0.762
123.936508,260.511,59.926,0.751
123.948118,257.659,59.736,0.742
123.959728,257.424,59.720,0.736
123.971338,257.433,59.720,0.733
123.982948,258.708,59.806,0.727
123.994558,262.231,60.040,0.715
124.006168,264.519,60.190,0.716
124.017778,264.639,60.198,0.751
124.029388,264.999,60.222,0.782
124.040998,264.801,60.209,0.806
124.052608,261.414,59.986,0.842
124.064218,346.100,64.844,0.879
124.075828,348.363,64.957,0.906
124.087438,349.722,65.024,0.922
124.099048,349.672,65.022,0.931
124.110658,349.366,65.007,0.932
124.122268,349.006,64.989,0.933
124.133878,348.631,64.970,0.935
124.145488,348.569,64.967,0.931
124.157098,348.596,64.969,0.923
124.168707,348.029,64.940,0.912
124.180317,347.403,64.909,0.900
124.191927,347.896,64.934,0.891
124.203537,348.535,64.966,0.887
124.215147,348.862,64.982,0.872
124.226757,349.312,65.004,0.848
124.238367,349.688,65.023,0.818
124.249977,349.655,65.021,0.771
124.261587,349.150,64.996,0.742
124.273197,349.261,65.002,0.751
124.284807,349.464,65.012,0.748
124.296417,349.742,65.025,0.734
124.308027,349.842,65.030,0.744
124.319637,349.800,65.028,0.752
124.331247,349.770,65.027,0.760
124.342857,349.787,65.028,0.765
124.354467,350.077,65.042,0.751
124.366077,350.097,65.043,0.728
124.377687,349.843,65.030,0.717
124.389297,349.414,65.009,0.708
124.400907,348.975,64.987,0.705
124.412517,348.857,64.982,0.710
124.424127,348.757,64.977,0.713
124.435737,348.584,64.968,0.704
124.447347,344.870,64.783,0.736
124.458957,345.307,64.805,0.785
124.470567,347.259,64.902,0.821
124.482177,348.011,64.940,0.845
124.493787,348.335,64.956,0.865
124.505397,348.574,64.968,0.880
124.517007,348.798,64.979,0.894
124.528617,348.799,64.979,0.897
124.540227,348.995,64.988,0.886
124.551837,349.292,65.003,0.863
124.563447,349.325,65.005,0.833
124.575057,349.429,65.010,0.797
124.586667,349.615,65.019,0.750
124.598277,349.438,65.010,0.679
124.609887,266.057,60.291,0.507
124.621497,173.803,52.919,0.369
124.633107,173.685,52.908,0.360
124.644717,173.625,52.902,0.357
124.656327,476.390,70.376,0.596
124.667937,349.964,65.036,0.702
124.679546,354.495,65.259,0.757
124.691156,355.650,65.315,0.795
124.702766,356.046,65.335,0.815
124.714376,355.647,65.315,0.831
124.725986,355.178,65.292,0.842
124.737596,354.998,65.284,0.847
124.749206,355.153,65.291,0.835
124.760816,355.894,65.327,0.813
124.772426,354.853,65.277,0.791
124.784036,352.564,65.165,0.769
124.795646,349.031,64.990,0.759
124.807256,344.259,64.752,0.749
124.818866,339.733,64.523,0.741
124.830476,342.063,64.641,0.745
124.842086,347.346,64.906,0.754
124.853696,348.912,64.984,0.765
124.865306,350.031,65.040,0.772
124.876916,350.976,65.086,0.772
124.888526,371.334,66.063,0.797
124.900136,377.431,66.344,0.833
124.911746,380.237,66.473,0.857
124.923356,382.352,66.569,0.877
124.934966,383.962,66.642,0.890
124.946576,385.184,66.697,0.900
124.958186,386.033,66.735,0.908
124.969796,386.752,66.767,0.916
124.981406,387.977,66.822,0.915
124.993016,390.033,66.913,0.906
125.004626,391.513,66.979,0.902
125.016236,392.506,67.023,0.898
125.027846,393.187,67.053,0.898
125.039456,393.879,67.083,0.897
125.051066,394.509,67.111,0.896
125.062676,395.482,67.153,0.892
125.074286,396.284,67.188,0.879
125.085896,396.851,67.213,0.865
125.097506,398.040,67.265,0.850
125.109116,198.626,55.231,0.855
125.120726,199.683,55.322,0.856
125.132336,442.304,69.090,0.857
125.143946,444.244,69.166,0.862
125.155556,444.473,69.175,0.868
125.167166,444.077,69.160,0.883
125.178776,443.885,69.152,0.888
125.190385,444.095,69.160,0.886
125.201995,444.021,69.157,0.866
125.213605,443.819,69.150,0.848
125.225215,443.314,69.130,0.827
125.236825,442.593,69.102,0.799
125.248435,442.065,69.081,0.772
125.260045,440.867,69.034,0.722
125.271655,438.497,68.941,0.692
125.283265,439.624,68.985,0.678
125.294875,452.174,69.473,0.745
125.306485,456.551,69.639,0.782
125.318095,441.506,69.059,0.836
125.329705,135.852,48.654,0.859
125.341315,87.091,40.957,0.875
125.352925,145.128,49.798,0.887
125.364535,145.161,49.802,0.897
125.376145,145.179,49.804,0.903
125.387755,145.535,49.846,0.892
125.399365,145.807,49.879,0.880
125.410975,145.825,49.881,0.847
125.422585,292.398,61.925,0.824
125.434195,294.156,62.029,0.802
125.445805,293.801,62.008,0.788
125.457415,145.972,49.898,0.775
125.469025,145.845,49.883,0.769
125.480635,291.495,61.872,0.763
125.492245,291.464,61.870,0.761
125.503855,291.267,61.858,0.760
125.515465,291.513,61.873,0.757
125.527075,292.006,61.902,0.753
125.538685,303.736,62.584,0.752
125.550295,309.834,62.928,0.752
125.561905,314.460,63.184,0.752
125.573515,322.934,63.645,0.756
125.585125,325.609,63.788,0.762
125.596735,327.094,63.866,0.765
125.608345,327.573,63.892,0.770
125.619955,328.112,63.920,0.772
125.631565,328.490,63.940,0.774
125.643175,328.727,63.953,0.778
125.654785,328.903,63.962,0.782
125.666395,328.881,63.961,0.785
125.678005,328.662,63.949,0.787
125.689615,328.210,63.925,0.787
125.701224,327.924,63.910,0.783
125.712834,327.683,63.898,0.783
125.724444,326.925,63.857,0.787
125.736054,325.461,63.780,0.786
125.747664,323.258,63.662,0.791
125.759274,318.349,63.397,0.803
125.770884,321.660,63.576,0.820
125.782494,325.001,63.755,0.837
125.794104,327.560,63.891,0.852
125.805714,329.240,63.980,0.862
125.817324,329.202,63.978,0.868
125.828934,328.185,63.924,0.873
125.840544,327.698,63.898,0.872
125.852154,328.559,63.944,0.867
125.863764,328.954,63.965,0.856
125.875374,323.895,63.696,0.845
125.886984,304.113,62.605,0.835
125.898594,299.212,62.324,0.827
125.910204,297.504,62.225,0.820
125.921814,295.351,62.099,0.817
125.933424,294.028,62.021,0.820
125.945034,293.140,61.969,0.820
125.956644,292.892,61.954,0.822
125.968254,291.804,61.890,0.821
125.979864,288.394,61.686,0.823
125.991474,264.883,60.214,0.821
126.003084,264.218,60.171,0.820
126.014694,264.520,60.190,0.818
126.026304,264.411,60.183,0.816
126.037914,264.381,60.181,0.812
126.049524,264.775,60.207,0.809
126.061134,265.117,60.230,0.806
126.072744,265.146,60.231,0.804
126.084354,265.150,60.232,0.803
126.095964,264.783,60.208,0.802
126.107574,258.366,59.783,0.798
126.119184,255.040,59.559,0.796
126.130794,252.774,59.404,0.794
126.142404,252.262,59.369,0.793
126.154014,251.580,59.322,0.793
126.165624,252.102,59.358,0.794
126.177234,255.281,59.575,0.795
126.188844,257.524,59.726,0.796
126.200454,263.147,60.100,0.800
126.212063,264.682,60.201,0.803
126.223673,264.778,60.207,0.806
126.235283,264.860,60.213,0.805
126.246893,264.940,60.218,0.805
126.258503,263.052,60.094,0.803
126.270113,257.073,59.696,0.800
126.281723,255.543,59.593,0.797
126.293333,253.960,59.485,0.791
126.304943,253.755,59.471,0.788
126.316553,254.248,59.505,0.787
126.328163,254.963,59.553,0.793
126.339773,256.348,59.647,0.803
126.351383,263.470,60.122,0.819
126.362993,269.841,60.535,0.832
126.374603,270.056,60.549,0.842
126.386213,270.028,60.547,0.849
126.397823,271.173,60.621,0.864
126.409433,271.777,60.659,0.870
126.421043,272.481,60.704,0.871
126.432653,272.910,60.731,0.871
126.444263,308.541,62.856,0.860
126.455873,306.193,62.723,0.856
126.467483,302.309,62.502,0.856
126.479093,295.759,62.123,0.855
126.490703,295.515,62.109,0.843
126.502313,299.107,62.318,0.843
126.513923,302.112,62.491,0.842
126.525533,301.674,62.466,0.834
126.537143,301.753,62.470,0.838
126.548753,304.126,62.606,0.834
126.560363,308.799,62.870,0.821
126.571973,313.255,63.118,0.816
126.583583,316.363,63.289,0.810
126.595193,324.049,63.704,0.805
126.606803,329.824,64.010,0.815
126.618413,331.243,64.085,0.826
126.630023,331.825,64.115,0.834
126.641633,332.303,64.140,0.842
126.653243,332.317,64.141,0.855
126.664853,332.040,64.126,0.865
126.676463,331.831,64.115,0.872
126.688073,331.619,64.104,0.875
126.699683,330.830,64.063,0.872
126.711293,330.188,64.029,0.871
126.722902,329.809,64.010,0.870
126.734512,329.522,63.994,0.870
126.746122,329.335,63.985,0.868
126.757732,329.158,63.975,0.864
126.769342,329.038,63.969,0.863
126.780952,329.119,63.973,0.858
126.792562,329.228,63.979,0.847
126.804172,329.364,63.986,0.831
126.815782,329.643,64.001,0.824
126.827392,329.839,64.011,0.815
126.839002,329.938,64.016,0.806
126.850612,330.036,64.021,0.801
126.862222,330.062,64.023,0.793
126.873832,329.849,64.012,0.792
126.885442,329.629,64.000,0.799
126.897052,329.418,63.989,0.815
126.908662,329.092,63.972,0.814
126.920272,328.855,63.959,0.813
126.931882,328.728,63.953,0.814
126.943492,328.708,63.952,0.816
126.955102,328.620,63.947,0.818
126.966712,328.650,63.949,0.820
126.978322,328.783,63.956,0.823
126.989932,328.846,63.959,0.826
127.001542,328.919,63.963,0.831
127.013152,328.758,63.954,0.837
127.024762,328.305,63.930,0.843
127.036372,327.769,63.902,0.842
127.047982,327.115,63.868,0.841
127.059592,325.876,63.802,0.841
127.071202,324.469,63.727,0.839
127.082812,322.777,63.636,0.837
127.094422,318.988,63.432,0.830
127.106032,313.750,63.145,0.828
127.117642,306.264,62.727,0.823
127.129252,302.866,62.534,0.820
127.140862,300.229,62.383,0.816
127.152472,297.916,62.249,0.813
127.164082,296.592,62.172,0.810
127.175692,295.871,62.130,0.801
127.187302,295.020,62.080,0.796
127.198912,294.441,62.046,0.779
127.210522,293.486,61.989,0.762
127.222132,290.945,61.839,0.751
127.233741,288.265,61.679,0.744
127.245351,284.019,61.422,0.734
127.256961,279.473,61.142,0.724
127.268571,269.301,60.501,0.717
127.280181,259.851,59.882,0.708
127.291791,259.166,59.836,0.707
127.303401,259.359,59.849,0.708
127.315011,260.197,59.905,0.703
127.326621,261.843,60.014,0.703
127.338231,262.397,60.051,0.701
127.349841,262.631,60.066,0.704
127.361451,262.669,60.069,0.707
127.373061,262.509,60.058,0.709
127.384671,262.077,60.030,0.716
127.396281,260.728,59.940,0.721
127.407891,259.323,59.847,0.727
127.419501,259.578,59.864,0.733
127.431111,261.716,60.006,0.742
127.442721,263.654,60.134,0.751
127.454331,264.259,60.173,0.764
127.465941,264.101,60.163,0.782
127.477551,263.767,60.141,0.795
127.489161,263.474,60.122,0.808
127.500771,263.259,60.108,0.819
127.512381,262.793,60.077,0.828
127.523991,261.903,60.018,0.831
127.535601,260.869,59.950,0.832
127.547211,258.881,59.817,0.827
127.558821,257.108,59.698,0.820
127.570431,255.459,59.587,0.814
127.582041,255.160,59.567,0.808
127.593651,255.426,59.585,0.802
127.605261,256.493,59.657,0.794
127.616871,259.031,59.827,0.788
127.628481,261.495,59.991,0.782
127.640091,263.627,60.132,0.777
127.651701,264.150,60.166,0.771
127.663311,264.955,60.219,0.760
127.674921,265.333,60.244,0.745
127.686531,264.214,60.170,0.731
127.698141,261.659,60.002,0.721
127.709751,258.632,59.801,0.714
127.721361,257.510,59.726,0.712
127.732971,257.513,59.726,0.715
127.744580,258.662,59.803,0.719
127.756190,261.075,59.964,0.728
127.767800,262.783,60.076,0.741
127.779410,263.162,60.101,0.749
127.791020,263.310,60.111,0.752
127.802630,262.979,60.089,0.754
127.814240,262.036,60.027,0.755
127.825850,260.204,59.906,0.758
127.837460,258.282,59.777,0.760
127.849070,256.804,59.678,0.761
127.860680,255.240,59.572,0.762
127.872290,253.915,59.482,0.760
127.883900,252.628,59.394,0.759
127.895510,248.702,59.123,0.760
127.907120,242.975,58.720,0.757
127.918730,237.285,58.309,0.750
127.930340,230.280,57.791,0.748
127.941950,226.344,57.492,0.744
127.953560,221.299,57.102,0.747
127.965170,216.437,56.717,0.764
127.976780,224.296,57.335,0.782
127.988390,224.280,57.334,0.795
128.000000,224.165,57.325,0.809
128.011610,223.987,57.311,0.824
128.023220,230.658,57.819,0.836
128.034830,231.228,57.862,0.852
128.046440,231.763,57.902,0.855
128.058050,232.059,57.924,0.848
128.069660,113.073,45.477,0.844
128.081270,118.483,46.286,0.847
128.092880,352.145,65.144,0.861
128.104490,351.591,65.117,0.873
128.116100,350.826,65.079,0.874
128.127710,349.717,65.024,0.871
128.139320,347.269,64.903,0.881
128.150930,346.229,64.851,0.893
128.162540,345.044,64.791,0.900
128.174150,343.124,64.695,0.903
128.185760,340.839,64.579,0.898
128.197370,339.612,64.517,0.890
128.208980,340.682,64.571,0.893
128.220590,342.574,64.667,0.898
128.232200,343.324,64.705,0.893
128.243810,342.318,64.654,0.888
128.255420,342.619,64.669,0.881
128.267029,344.391,64.759,0.876
128.278639,346.728,64.876,0.872
128.290249,344.830,64.781,0.877
128.301859,339.076,64.489,0.881
128.313469,295.768,62.124,0.881
128.325079,295.925,62.133,0.883
128.336689,296.623,62.174,0.884
128.348299,296.606,62.173,0.884
128.359909,296.680,62.177,0.886
128.371519,296.279,62.153,0.882
128.383129,295.985,62.136,0.875
128.394739,295.709,62.120,0.862
128.406349,295.344,62.099,0.853
128.417959,294.937,62.075,0.845
128.429569,294.262,62.035,0.837
128.441179,293.683,62.001,0.834
128.452789,293.088,61.966,0.829
128.464399,292.679,61.942,0.824
128.476009,292.491,61.931,0.822
128.487619,292.873,61.953,0.829
128.499229,311.660,63.030,0.850
128.510839,328.836,63.958,0.878
128.522449,332.843,64.168,0.889
128.534059,340.149,64.544,0.893
128.545669,344.426,64.760,0.897
128.557279,345.375,64.808,0.906
128.568889,345.752,64.827,0.912
128.580499,346.090,64.844,0.913
128.592109,346.898,64.884,0.907
128.603719,347.626,64.920,0.890
128.615329,348.244,64.951,0.885
128.626939,348.379,64.958,0.887
128.638549,347.798,64.929,0.887
128.650159,347.128,64.896,0.882
128.661769,346.748,64.877,0.874
128.673379,347.097,64.894,0.856
128.684989,346.896,64.884,0.838
128.696599,345.420,64.810,0.825
128.708209,342.310,64.654,0.813
128.719819,339.105,64.491,0.811
128.731429,295.772,62.124,0.813
128.743039,296.608,62.173,0.808
128.754649,296.468,62.164,0.811
128.766259,296.122,62.144,0.825
128.777868,295.955,62.135,0.828
128.789478,295.938,62.133,0.825
128.801088,296.120,62.144,0.822
128.812698,295.977,62.136,0.805
128.824308,294.997,62.078,0.783
128.835918,294.406,62.044,0.767
128.847528,293.914,62.015,0.741
128.859138,287.129,61.610,0.706
128.870748,286.101,61.548,0.679
128.882358,286.602,61.579,0.662
128.893968,290.962,61.840,0.678
128.905578,314.709,63.198,0.713
128.917188,157.728,51.239,0.739
128.928798,356.962,65.379,0.771
128.940408,356.487,65.356,0.797
128.952018,355.412,65.304,0.823
128.963628,353.873,65.229,0.845
128.975238,352.551,65.164,0.862
128.986848,350.876,65.081,0.872
128.998458,335.947,64.329,0.876
129.010068,335.234,64.292,0.882
129.021678,336.395,64.352,0.884
129.033288,338.781,64.474,0.890
129.044898,339.358,64.504,0.896
129.056508,339.104,64.491,0.901
129.068118,117.489,46.140,0.905
129.079728,349.700,65.023,0.901
129.091338,350.106,65.043,0.888
129.102948,350.799,65.078,0.877
129.114558,352.139,65.144,0.877
129.126168,353.570,65.214,0.869
129.137778,304.592,62.632,0.858
129.149388,303.537,62.572,0.844
129.160998,302.642,62.521,0.831
129.172608,302.147,62.493,0.817
129.184218,302.088,62.490,0.819
129.195828,301.554,62.459,0.816
129.207438,294.794,62.066,0.796
129.219048,294.026,62.021,0.783
129.230658,329.554,63.996,0.785
129.242268,354.394,65.254,0.814
129.253878,355.158,65.291,0.815
129.265488,354.829,65.275,0.826
129.277098,353.641,65.217,0.839
129.288707,352.874,65.180,0.848
129.300317,350.940,65.085,0.855
129.311927,349.891,65.033,0.857
129.323537,347.473,64.913,0.857
129.335147,338.474,64.458,0.839
129.346757,341.071,64.591,0.843
129.358367,343.628,64.720,0.857
129.369977,345.225,64.800,0.866
129.381587,345.750,64.827,0.868
129.393197,346.890,64.884,0.856
129.404807,347.592,64.919,0.856
129.416417,348.035,64.941,0.856
129.428027,684.631,76.654,0.859
129.439637,672.832,76.353,0.860
129.451247,653.098,75.838,0.850
129.462857,311.153,63.001,0.838
129.474467,309.369,62.902,0.828
129.486077,309.094,62.887,0.833
129.497687,307.402,62.791,0.830
129.509297,296.292,62.154,0.823
129.520907,295.157,62.088,0.814
129.532517,294.490,62.049,0.826
129.544127,346.664,64.872,0.851
129.555737,348.682,64.973,0.869
129.567347,348.906,64.984,0.886
129.578957,349.069,64.992,0.901
129.590567,349.164,64.997,0.909
129.602177,349.131,64.995,0.914
129.613787,349.030,64.990,0.921
129.625397,349.200,64.999,0.921
129.637007,349.279,65.003,0.908
129.648617,349.385,65.008,0.891
129.660227,349.417,65.009,0.871
129.671837,349.467,65.012,0.848
129.683447,349.522,65.015,0.825
129.695057,349.714,65.024,0.797
129.706667,350.237,65.050,0.754
129.718277,350.740,65.075,0.678
129.729887,351.532,65.114,0.583
129.741497,339.314,64.501,0.606
129.753107,355.848,65.325,0.717
129.764717,373.877,66.181,0.768
129.776327,377.115,66.330,0.815
129.787937,373.582,66.167,0.846
129.799546,368.101,65.911,0.867
129.811156,360.460,65.548,0.886
129.822766,357.307,65.396,0.900
129.834376,352.685,65.171,0.913
129.845986,350.884,65.082,0.916
129.857596,350.073,65.042,0.915
129.869206,348.125,64.945,0.907
129.880816,347.920,64.935,0.893
129.892426,348.049,64.941,0.877
129.904036,348.210,64.949,0.856
129.915646,348.688,64.973,0.832
129.927256,349.713,65.024,0.790
129.938866,349.984,65.037,0.722
129.950476,348.229,64.950,0.683
129.962086,309.452,62.907,0.706
129.973696,315.655,63.250,0.781
129.985306,310.507,62.965,0.823
129.996916,309.803,62.926,0.846
130.008526,308.509,62.854,0.866
130.020136,307.441,62.794,0.883
130.031746,307.365,62.789,0.887
130.043356,307.375,62.790,0.884
130.054966,305.122,62.663,0.869
130.066576,298.814,62.301,0.839
130.078186,293.872,62.012,0.822
130.089796,293.213,61.973,0.831
130.101406,353.728,65.222,0.842
130.113016,353.000,65.186,0.849
130.124626,351.939,65.134,0.865
130.136236,350.890,65.082,0.877
130.147846,349.776,65.027,0.888
130.159456,348.928,64.985,0.896
130.171066,348.403,64.959,0.897
130.182676,347.334,64.906,0.885
130.194286,346.124,64.845,0.860
130.205896,345.274,64.803,0.831
130.217506,344.882,64.783,0.804
130.229116,345.141,64.796,0.772
130.240726,346.237,64.851,0.732
130.252336,347.804,64.929,0.671
130.263946,349.833,65.030,0.613
130.275556,316.256,63.283,0.646
130.287166,316.695,63.307,0.740
130.298776,313.065,63.107,0.800
130.310385,310.079,62.942,0.841
130.321995,305.648,62.692,0.868
130.333605,303.156,62.551,0.882
130.345215,304.240,62.612,0.896
130.356825,307.662,62.806,0.905
130.368435,308.770,62.868,0.907
130.380045,303.545,62.573,0.905
130.391655,661.484,76.058,0.904
130.403265,668.974,76.253,0.898
130.414875,664.855,76.146,0.891
130.426485,350.409,65.058,0.892
130.438095,349.559,65.016,0.895
130.449705,348.517,64.965,0.899
130.461315,348.054,64.942,0.903
130.472925,349.117,64.994,0.903
130.484535,349.807,65.029,0.900
130.496145,350.164,65.046,0.899
130.507755,349.735,65.025,0.898
130.519365,349.488,65.013,0.885
130.530975,349.741,65.025,0.866
130.542585,350.611,65.068,0.844
130.554195,351.978,65.136,0.827
130.565805,354.021,65.236,0.820
130.577415,346.048,64.842,0.810
130.589025,344.172,64.748,0.796
130.600635,795.136,79.244,0.787
130.612245,343.436,64.710,0.798
130.623855,343.623,64.720,0.816
130.635465,344.165,64.747,0.830
130.647075,346.048,64.842,0.837
130.658685,348.536,64.966,0.834
130.670295,350.688,65.072,0.837
130.681905,349.539,65.015,0.842
130.693515,349.589,65.018,0.852
130.705125,349.830,65.030,0.871
130.716735,349.336,65.005,0.883
130.728345,348.904,64.984,0.884
130.739955,348.538,64.966,0.875
130.751565,348.407,64.959,0.858
130.763175,348.746,64.976,0.840
130.774785,348.938,64.986,0.818
130.786395,348.819,64.980,0.793
130.798005,348.862,64.982,0.755
130.809615,350.365,65.056,0.709
130.821224,300.845,62.418,0.699
130.832834,300.122,62.377,0.703
130.844444,295.639,62.116,0.728
130.856054,295.654,62.117,0.752
130.867664,297.769,62.240,0.773
130.879274,299.640,62.349,0.786
130.890884,301.760,62.471,0.792
130.902494,303.933,62.595,0.791
130.914104,309.876,62.930,0.801
130.925714,349.408,65.009,0.851
130.937324,350.494,65.063,0.874
130.948934,349.635,65.020,0.891
130.960544,349.025,64.990,0.896
130.972154,348.413,64.960,0.899
130.983764,347.938,64.936,0.904
130.995374,347.716,64.925,0.912
131.006984,348.034,64.941,0.915
131.018594,348.175,64.948,0.897
131.030204,348.086,64.943,0.879
131.041814,348.299,64.954,0.852
131.053424,348.763,64.977,0.835
131.065034,349.294,65.003,0.822
131.076644,350.039,65.040,0.803
131.088254,350.840,65.080,0.772
131.099864,350.883,65.082,0.728
131.111474,349.027,64.990,0.697
131.123084,311.890,63.042,0.734
131.134694,306.768,62.756,0.801
131.146304,301.784,62.472,0.841
131.157914,298.643,62.291,0.854
131.169524,298.188,62.265,0.852
131.181134,298.027,62.255,0.848
131.192744,298.006,62.254,0.847
131.204354,297.440,62.221,0.839
131.215964,295.182,62.089,0.828
131.227574,545.204,72.711,0.843
131.239184,348.450,64.961,0.853
131.250794,349.260,65.002,0.870
131.262404,349.539,65.015,0.892
131.274014,349.586,65.018,0.910
131.285624,349.045,64.991,0.925
131.297234,348.399,64.959,0.939
131.308844,348.415,64.960,0.948
131.320454,348.755,64.977,0.934
131.332063,348.551,64.966,0.912
131.343673,348.403,64.959,0.888
131.355283,347.982,64.938,0.864
131.366893,347.488,64.914,0.836
131.378503,347.962,64.937,0.802
131.390113,350.744,65.075,0.754
131.401723,356.243,65.344,0.656
131.413333,366.767,65.848,0.543
131.424943,350.656,65.071,0.586
131.436553,350.082,65.042,0.654
131.448163,350.122,65.044,0.688
131.459773,350.158,65.046,0.732
131.471383,339.016,64.486,0.764
131.482993,348.666,64.972,0.796
131.494603,349.411,65.009,0.821
131.506213,349.454,65.011,0.833
131.517823,348.974,64.987,0.839
131.529433,348.445,64.961,0.846
131.541043,348.383,64.958,0.856
131.552653,348.819,64.980,0.861
131.564263,349.545,65.016,0.866
131.575873,349.644,65.021,0.873
131.587483,349.396,65.008,0.861
131.599093,349.397,65.008,0.851
131.610703,349.615,65.019,0.845
131.622313,350.022,65.039,0.840
131.633923,350.502,65.063,0.835
131.645533,349.981,65.037,0.828
131.657143,303.971,62.597,0.831
131.668753,302.424,62.509,0.827
131.680363,300.014,62.370,0.844
131.691973,297.986,62.253,0.859
131.703583,296.323,62.156,0.869
131.715193,295.650,62.117,0.876
131.726803,295.688,62.119,0.878
131.738413,295.565,62.112,0.874
131.750023,295.047,62.081,0.859
131.761633,294.326,62.039,0.842
131.773243,294.270,62.036,0.829
131.784853,294.223,62.033,0.813
131.796463,294.178,62.030,0.797
131.808073,294.145,62.028,0.775
131.819683,292.600,61.937,0.746
131.831293,291.680,61.883,0.729
131.842902,291.189,61.853,0.724
131.854512,290.112,61.789,0.728
131.866122,290.126,61.790,0.764
131.877732,315.707,63.253,0.802
131.889342,320.307,63.503,0.822
131.900952,323.622,63.682,0.845
131.912562,326.963,63.859,0.875
131.924172,329.493,63.993,0.902
131.935782,333.028,64.178,0.921
131.947392,341.379,64.606,0.933
131.959002,345.525,64.815,0.936
131.970612,346.794,64.879,0.936
131.982222,349.011,64.989,0.940
131.993832,350.277,65.052,0.940
132.005442,351.279,65.101,0.936
132.017052,351.768,65.125,0.931
132.028662,351.976,65.136,0.927
132.040272,351.596,65.117,0.925
132.051882,350.940,65.085,0.923
132.063492,350.199,65.048,0.920
132.075102,349.591,65.018,0.917
132.086712,348.969,64.987,0.916
132.098322,348.218,64.950,0.915
132.109932,347.376,64.908,0.916
132.121542,346.631,64.871,0.913
132.133152,345.984,64.838,0.912
132.144762,345.587,64.819,0.908
132.156372,344.990,64.789,0.903
132.167982,344.546,64.766,0.892
132.179592,343.799,64.729,0.883
132.191202,343.572,64.717,0.876
132.202812,342.893,64.683,0.865
132.214422,342.080,64.642,0.857
132.226032,804.921,79.456,0.846
132.237642,101.751,43.650,0.842
132.249252,101.698,43.642,0.839
132.260862,101.638,43.631,0.842
132.272472,101.624,43.629,0.842
132.284082,110.436,45.068,0.839
132.295692,91.125,41.741,0.832
132.307302,355.702,65.318,0.831
132.318912,384.147,66.650,0.845
132.330522,384.905,66.684,0.851
132.342132,389.942,66.909,0.856
132.353741,409.511,67.757,0.863
132.365351,407.704,67.680,0.870
132.376961,403.226,67.489,0.877
132.388571,398.406,67.281,0.887
132.400181,395.717,67.164,0.894
132.411791,394.777,67.122,0.891
132.423401,395.106,67.137,0.891
132.435011,395.436,67.151,0.894
132.446621,395.085,67.136,0.897
132.458231,393.999,67.088,0.897
132.469841,862.675,80.656,0.901
132.481451,866.467,80.732,0.902
132.493061,868.795,80.778,0.902
132.504671,438.075,68.924,0.903
132.516281,438.923,68.958,0.903
132.527891,439.485,68.980,0.903
132.539501,439.962,68.999,0.903
132.551111,439.619,68.985,0.905
132.562721,439.508,68.981,0.894
132.574331,439.247,68.970,0.879
132.585941,439.007,68.961,0.857
132.597551,438.516,68.942,0.835
132.609161,437.645,68.907,0.807
132.620771,436.387,68.857,0.771
132.632381,433.498,68.742,0.756
132.643991,423.513,68.339,0.781
132.655601,430.715,68.631,0.808
132.667211,436.636,68.867,0.841
132.678821,438.731,68.950,0.871
132.690431,438.673,68.948,0.895
132.702041,437.565,68.904,0.911
132.713651,436.038,68.843,0.924
132.725261,435.835,68.835,0.931
132.736871,435.493,68.822,0.927
132.748481,862.078,80.644,0.925
132.760091,854.388,80.489,0.923
132.771701,397.122,67.225,0.918
132.783311,396.330,67.190,0.914
132.794921,396.171,67.183,0.914
132.806531,395.646,67.160,0.912
132.818141,394.440,67.108,0.907
132.829751,393.313,67.058,0.904
132.841361,392.304,67.014,0.905
132.852971,390.950,66.954,0.905
132.864580,387.817,66.814,0.902
132.876190,383.454,66.619,0.895
132.887800,379.010,66.417,0.886
132.899410,375.147,66.239,0.880
132.911020,372.173,66.102,0.871
132.922630,368.970,65.952,0.856
132.934240,349.296,65.003,0.842
132.945850,348.593,64.968,0.823
132.957460,348.117,64.945,0.820
132.969070,349.193,64.998,0.842
132.980680,350.256,65.051,0.862
132.992290,350.714,65.073,0.871
133.003900,350.733,65.074,0.882
133.015510,350.786,65.077,0.892
133.027120,350.774,65.076,0.900
133.038730,350.727,65.074,0.908
133.050340,350.569,65.066,0.913
133.061950,349.960,65.036,0.907
133.073560,349.335,65.005,0.905
133.085170,349.098,64.994,0.908
133.096780,349.172,64.997,0.907
133.108390,349.426,65.010,0.903
133.120000,349.624,65.020,0.890
133.131610,349.689,65.023,0.874
133.143220,349.831,65.030,0.855
133.154830,350.089,65.043,0.828
133.166440,350.529,65.064,0.797
133.178050,351.200,65.097,0.752
133.189660,353.780,65.224,0.737
133.201270,331.467,64.096,0.767
133.212880,354.718,65.270,0.803
133.224490,354.366,65.253,0.835
133.236100,353.753,65.223,0.861
133.247710,352.175,65.145,0.884
133.259320,350.723,65.074,0.898
133.270930,349.173,64.997,0.912
133.282540,347.746,64.926,0.918
133.294150,346.780,64.878,0.912
133.305760,344.830,64.781,0.911
133.317370,342.403,64.658,0.909
133.328980,341.500,64.613,0.904
133.340590,340.492,64.561,0.898
133.352200,339.940,64.533,0.896
133.363810,341.433,64.609,0.893
133.375420,350.488,65.062,0.891
133.387029,351.605,65.117,0.892
133.398639,351.915,65.133,0.891
133.410249,352.264,65.150,0.891
133.421859,352.324,65.153,0.895
133.433469,350.946,65.085,0.896
133.445079,348.511,64.964,0.896
133.456689,343.449,64.711,0.893
133.468299,342.479,64.662,0.890
133.479909,341.155,64.595,0.886
133.491519,340.050,64.539,0.881
133.503129,340.886,64.581,0.880
133.514739,349.684,65.023,0.881
133.526349,350.604,65.068,0.877
133.537959,350.639,65.070,0.870
133.549569,350.985,65.087,0.866
133.561179,350.928,65.084,0.864
133.572789,350.270,65.052,0.863
133.584399,349.667,65.022,0.864
133.596009,349.157,64.996,0.859
133.607619,349.019,64.990,0.853
133.619229,348.919,64.985,0.855
133.630839,349.034,64.990,0.861
133.642449,349.132,64.995,0.871
133.654059,349.160,64.997,0.877
133.665669,349.106,64.994,0.885
133.677279,349.108,64.994,0.893
133.688889,349.556,65.016,0.897
133.700499,350.225,65.049,0.899
133.712109,350.755,65.076,0.902
133.723719,350.723,65.074,0.904
133.735329,350.230,65.050,0.903
133.746939,349.941,65.035,0.901
133.758549,349.892,65.033,0.897
133.770159,350.029,65.040,0.894
133.781769,350.187,65.047,0.895
133.793379,350.736,65.075,0.896
133.804989,351.541,65.114,0.894
133.816599,353.993,65.235,0.893
133.828209,358.218,65.440,0.895
133.839819,362.890,65.664,0.896
133.851429,762.289,78.514,0.896
133.863039,387.925,66.819,0.897
133.874649,390.803,66.947,0.895
133.886259,391.761,66.990,0.894
133.897868,392.135,67.006,0.894
133.909478,392.688,67.031,0.895
133.921088,392.617,67.027,0.893
133.932698,392.056,67.003,0.894
133.944308,391.475,66.977,0.895
133.955918,195.248,54.934,0.891
133.967528,195.024,54.914,0.887
133.979138,195.084,54.919,0.873
133.990748,195.132,54.923,0.856
134.002358,390.010,66.912,0.833
134.013968,389.746,66.900,0.811
134.025578,389.883,66.906,0.796
134.037188,389.020,66.868,0.777
134.048798,389.821,66.904,0.759
134.060408,310.684,62.975,0.754
134.072018,363.061,65.673,0.784
134.083628,391.315,66.970,0.816
134.095238,393.301,67.058,0.843
134.106848,395.070,67.135,0.858
134.118458,397.418,67.238,0.864
134.130068,397.637,67.247,0.873
134.141678,397.597,67.246,0.882
134.153288,396.712,67.207,0.890
134.164898,396.357,67.192,0.894
134.176508,396.321,67.190,0.898
134.188118,395.424,67.151,0.902
134.199728,394.065,67.091,0.906
134.211338,392.671,67.030,0.910
134.222948,391.439,66.975,0.911
134.234558,390.744,66.945,0.912
134.246168,390.392,66.929,0.913
134.257778,390.269,66.924,0.910
134.269388,390.240,66.922,0.904
134.280998,390.289,66.924,0.899
134.292608,390.474,66.933,0.894
134.304218,390.607,66.939,0.891
134.315828,390.707,66.943,0.889
134.327438,390.862,66.950,0.887
134.339048,391.076,66.959,0.885
134.350658,391.369,66.972,0.884
134.362268,391.699,66.987,0.884
134.373878,391.897,66.996,0.883
134.385488,391.961,66.998,0.884
134.397098,391.871,66.994,0.883
134.408707,391.755,66.989,0.883
134.420317,391.728,66.988,0.880
134.431927,391.844,66.993,0.881
134.443537,391.951,66.998,0.880
134.455147,392.099,67.005,0.879
134.466757,392.210,67.009,0.879
134.478367,392.343,67.015,0.879
134.489977,392.540,67.024,0.880
134.501587,392.708,67.031,0.877
134.513197,392.723,67.032,0.877
134.524807,392.688,67.031,0.874
134.536417,392.583,67.026,0.874
134.548027,392.460,67.021,0.873
134.559637,392.373,67.017,0.873
134.571247,392.301,67.013,0.872
134.582857,392.234,67.011,0.871
134.594467,392.175,67.008,0.872
134.606077,392.131,67.006,0.874
134.617687,392.106,67.005,0.878
134.629297,392.027,67.001,0.878
134.640907,391.919,66.997,0.880
134.652517,391.835,66.993,0.879
134.664127,391.803,66.991,0.880
134.675737,391.853,66.994,0.879
134.687347,391.899,66.996,0.879
134.698957,391.982,66.999,0.876
134.710567,392.039,67.002,0.872
134.722177,392.101,67.005,0.870
134.733787,392.162,67.007,0.866
134.745397,392.214,67.010,0.865
134.757007,392.219,67.010,0.862
134.768617,392.138,67.006,0.860
134.780227,392.128,67.006,0.858
134.791837,392.156,67.007,0.860
134.803447,392.214,67.010,0.862
134.815057,392.328,67.015,0.864
134.826667,392.422,67.019,0.867
134.838277,392.524,67.023,0.868
134.849887,392.661,67.029,0.872
134.861497,392.744,67.033,0.873
134.873107,392.747,67.033,0.875
134.884717,392.721,67.032,0.875
134.896327,392.645,67.029,0.875
134.907937,392.490,67.022,0.873
134.919546,392.331,67.015,0.871
134.931156,392.169,67.008,0.870
134.942766,392.032,67.002,0.867
134.954376,392.047,67.002,0.866
134.965986,392.141,67.006,0.864
134.977596,392.340,67.015,0.864
134.989206,392.451,67.020,0.862
135.000816,392.533,67.024,0.864
135.012426,392.588,67.026,0.864
135.024036,392.637,67.028,0.865
135.035646,392.716,67.032,0.864
135.047256,392.708,67.031,0.864
135.058866,392.720,67.032,0.862
135.070476,392.679,67.030,0.859
135.082086,392.723,67.032,0.860
135.093696,392.796,67.035,0.858
135.105306,392.856,67.038,0.858
135.116916,392.918,67.041,0.858
135.128526,392.908,67.040,0.860
135.140136,392.855,67.038,0.862
135.151746,392.772,67.034,0.865
135.163356,392.625,67.028,0.869
135.174966,392.379,67.017,0.871
135.186576,392.175,67.008,0.874
135.198186,391.832,66.993,0.875
135.209796,391.551,66.980,0.876
135.221406,391.372,66.972,0.875
135.233016,391.161,66.963,0.874
135.244626,391.038,66.958,0.871
135.256236,390.879,66.951,0.869
135.267846,390.683,66.942,0.866
135.279456,389.960,66.910,0.867
135.291066,389.054,66.870,0.871
135.302676,388.057,66.825,0.872
135.314286,386.755,66.767,0.876
135.325896,384.249,66.654,0.879
135.337506,378.998,66.416,0.886
135.349116,372.311,66.108,0.891
135.360726,356.306,65.347,0.897
135.372336,354.671,65.268,0.900
135.383946,353.694,65.220,0.901
135.395556,353.056,65.189,0.903
135.407166,352.240,65.149,0.904
135.418776,351.806,65.127,0.906
135.430385,351.562,65.115,0.905
135.441995,351.414,65.108,0.905
135.453605,351.122,65.094,0.902
135.465215,350.761,65.076,0.899
135.476825,350.694,65.073,0.894
135.488435,351.183,65.097,0.892
135.500045,352.045,65.139,0.893
135.511655,352.763,65.174,0.890
135.523265,355.997,65.332,0.893
135.534875,720.388,77.535,0.894
135.546485,728.342,77.725,0.894
135.558095,734.147,77.863,0.896
135.569705,388.877,66.862,0.897
135.581315,390.918,66.952,0.898
135.592925,391.508,66.978,0.895
135.604535,391.370,66.972,0.898
135.616145,391.589,66.982,0.892
135.627755,391.016,66.957,0.890
135.639365,390.614,66.939,0.887
135.650975,390.548,66.936,0.883
135.662585,390.961,66.954,0.881
135.674195,391.327,66.970,0.881
135.685805,391.607,66.983,0.885
135.697415,391.359,66.972,0.887
135.709025,391.233,66.966,0.886
135.720635,390.707,66.943,0.888
135.732245,387.438,66.798,0.892
135.743855,379.299,66.430,0.896
135.755465,377.906,66.366,0.900
135.767075,377.904,66.366,0.898
135.778685,376.765,66.314,0.894
135.790295,375.818,66.270,0.892
135.801905,376.487,66.301,0.897
135.813515,394.899,67.128,0.899
135.825125,396.568,67.201,0.899
135.836735,396.852,67.213,0.899
135.848345,396.781,67.210,0.899
135.859955,396.643,67.204,0.903
135.871565,395.620,67.159,0.905
135.883175,394.515,67.111,0.906
135.894785,394.023,67.089,0.906
135.906395,394.438,67.108,0.906
135.918005,395.260,67.144,0.907
135.929615,396.320,67.190,0.908
135.941224,821.220,79.803,0.909
135.952834,828.059,79.947,0.911
135.964444,831.116,80.011,0.912
135.976054,835.813,80.108,0.916
135.987664,846.361,80.325,0.916
135.999274,435.582,68.825,0.914
136.010884,437.832,68.914,0.913
136.022494,439.500,68.980,0.911
136.034104,440.241,69.009,0.909
136.045714,440.788,69.031,0.905
136.057324,441.024,69.040,0.902
136.068934,440.948,69.037,0.898
136.080544,440.883,69.035,0.896
136.092154,440.708,69.028,0.896
136.103764,440.504,69.020,0.897
136.115374,440.362,69.014,0.900
136.126984,440.233,69.009,0.904
136.138594,440.164,69.006,0.908
136.150204,440.196,69.008,0.911
136.161814,440.321,69.013,0.914
136.173424,440.432,69.017,0.917
136.185034,440.479,69.019,0.921
136.196644,440.546,69.021,0.923
136.208254,440.535,69.021,0.924
136.219864,440.477,69.019,0.924
136.231474,440.461,69.018,0.923
136.243084,440.392,69.015,0.923
136.254694,440.413,69.016,0.924
136.266304,440.315,69.012,0.925
136.277914,440.297,69.012,0.925
136.289524,440.297,69.012,0.925
136.301134,440.345,69.014,0.925
136.312744,440.285,69.011,0.926
136.324354,440.314,69.012,0.927
136.335964,440.209,69.008,0.928
136.347574,440.189,69.007,0.927
136.359184,440.179,69.007,0.926
136.370794,440.136,69.005,0.923
136.382404,440.051,69.002,0.921
136.394014,439.955,68.998,0.918
136.405624,439.941,68.998,0.916
136.417234,439.893,68.996,0.912
136.428844,439.961,68.998,0.909
136.440454,440.100,69.004,0.907
136.452063,440.295,69.012,0.906
136.463673,440.478,69.019,0.908
136.475283,440.636,69.025,0.909
136.486893,440.691,69.027,0.912
136.498503,440.694,69.027,0.915
136.510113,440.644,69.025,0.919
136.521723,440.570,69.022,0.923
136.533333,440.429,69.017,0.927
136.544943,440.338,69.013,0.930
136.556553,440.228,69.009,0.932
136.568163,440.179,69.007,0.933
136.579773,440.206,69.008,0.932
136.591383,440.193,69.008,0.930
136.602993,440.255,69.010,0.927
136.614603,440.238,69.009,0.925
136.626213,440.253,69.010,0.923
136.637823,440.263,69.010,0.922
136.649433,440.339,69.013,0.919
136.661043,440.318,69.013,0.918
136.672653,440.362,69.014,0.919
136.684263,440.404,69.016,0.922
136.695873,440.384,69.015,0.924
136.707483,440.340,69.013,0.925
136.719093,440.298,69.012,0.926
136.730703,440.207,69.008,0.927
136.742313,440.061,69.002,0.927
136.753923,439.934,68.997,0.927
136.765533,439.816,68.993,0.926
136.777143,439.909,68.996,0.924
136.788753,440.047,69.002,0.923
136.800363,440.236,69.009,0.920
136.811973,440.400,69.016,0.919
136.823583,440.657,69.026,0.919
136.835193,440.881,69.035,0.920
136.846803,440.998,69.039,0.921
136.858413,440.985,69.039,0.922
136.870023,440.730,69.029,0.920
136.881633,883.702,81.073,0.918
136.893243,883.922,81.077,0.916
136.904853,884.616,81.091,0.912
136.916463,439.064,68.963,0.908
136.928073,438.432,68.938,0.904
136.939683,437.609,68.906,0.902
136.951293,435.839,68.836,0.897
136.962902,433.440,68.740,0.894
136.974512,430.880,68.637,0.888
136.986122,427.115,68.485,0.884
136.997732,424.125,68.364,0.882
137.009342,421.420,68.253,0.881
137.020952,418.446,68.130,0.881
137.032562,416.216,68.038,0.879
137.044172,414.038,67.947,0.881
137.055782,411.049,67.822,0.885
137.067392,407.675,67.679,0.890
137.079002,402.223,67.446,0.895
137.090612,397.138,67.226,0.897
137.102222,394.529,67.112,0.898
137.113832,392.724,67.032,0.896
137.125442,391.291,66.969,0.892
137.137052,390.430,66.931,0.892
137.148662,389.857,66.905,0.893
137.160272,129.714,47.854,0.897
137.171882,130.066,47.901,0.902
137.183492,130.579,47.969,0.906
137.195102,130.982,48.022,0.910
137.206712,131.189,48.050,0.914
137.218322,131.607,48.105,0.920
137.229932,259.660,59.869,0.924
137.241542,258.235,59.774,0.925
137.253152,258.248,59.775,0.924
137.264762,257.414,59.719,0.922
137.276372,261.268,59.976,0.924
137.287982,262.223,60.039,0.925
137.299592,261.935,60.020,0.926
137.311202,261.908,60.019,0.927
137.322812,261.629,60.000,0.927
137.334422,262.348,60.048,0.929
137.346032,263.483,60.123,0.929
137.357642,267.286,60.371,0.942
137.369252,268.833,60.471,0.953
137.380862,268.680,60.461,0.965
137.392472,267.991,60.416,0.973
137.404082,267.642,60.394,0.979
137.415692,266.922,60.347,0.984
137.427302,265.999,60.287,0.984
137.438912,264.628,60.198,0.983
137.450522,262.903,60.084,0.973
137.462132,260.843,59.948,0.962
137.473741,259.333,59.848,0.954
137.485351,258.857,59.816,0.952
137.496961,258.632,59.801,0.946
137.508571,258.892,59.818,0.940
137.520181,260.083,59.898,0.940
137.531791,261.310,59.979,0.941
137.543401,262.231,60.040,0.940
137.555011,262.858,60.081,0.940
137.566621,262.522,60.059,0.933
137.578231,262.034,60.027,0.917
137.589841,261.111,59.966,0.907
137.601451,260.076,59.897,0.896
137.613061,258.980,59.824,0.882
137.624671,257.533,59.727,0.865
137.636281,256.339,59.647,0.848
137.647891,256.404,59.651,0.823
137.659501,259.589,59.865,0.799
137.671111,261.857,60.015,0.782
137.682721,264.815,60.210,0.755
137.694331,266.422,60.315,0.719
137.705941,267.664,60.395,0.687
137.717551,267.200,60.365,0.662
137.729161,265.629,60.263,0.634
137.740771,262.637,60.067,0.598
137.752381,258.588,59.798,0.579
137.763991,299.173,62.322,0.745
137.775601,296.886,62.189,0.833
137.787211,297.938,62.250,0.871
137.798821,298.481,62.282,0.892
137.810431,298.151,62.262,0.907
137.822041,297.533,62.227,0.925
137.833651,296.895,62.189,0.938
137.845261,295.925,62.133,0.950
137.856871,294.102,62.026,0.944
137.868481,292.170,61.912,0.930
137.880091,291.031,61.844,0.920
137.891701,290.775,61.829,0.917
137.903311,290.862,61.834,0.921
137.914921,291.361,61.864,0.924
137.926531,292.161,61.911,0.927
137.938141,293.457,61.988,0.921
137.949751,294.680,62.060,0.904
137.961361,295.685,62.119,0.886
137.972971,296.258,62.152,0.869
137.984580,296.675,62.177,0.853
137.996190,295.369,62.100,0.836
138.007800,294.182,62.030,0.820
138.019410,291.941,61.898,0.813
138.031020,292.773,61.947,0.820
138.042630,293.282,61.977,0.840
138.054240,293.662,62.000,0.858
138.065850,293.871,62.012,0.876
138.077460,293.990,62.019,0.893
138.089070,294.036,62.022,0.901
138.100680,294.135,62.028,0.900
138.112290,294.234,62.034,0.898
138.123900,294.170,62.030,0.894
138.135510,293.955,62.017,0.892
138.147120,293.726,62.004,0.886
138.158730,293.509,61.991,0.877
138.170340,293.183,61.972,0.866
138.181950,292.862,61.953,0.870
138.193560,292.172,61.912,0.877
138.205170,292.829,61.951,0.882
138.216780,344.459,64.762,0.886
138.228390,352.264,65.150,0.893
138.240000,354.432,65.256,0.904
138.251610,355.974,65.331,0.915
138.263220,356.107,65.338,0.925
138.274830,355.251,65.296,0.929
138.286440,354.762,65.272,0.931
138.298050,354.206,65.245,0.935
138.309660,351.347,65.105,0.940
138.321270,346.355,64.857,0.939
138.332880,345.049,64.792,0.940
138.344490,344.130,64.745,0.944
138.356100,344.092,64.744,0.944
138.367710,346.103,64.844,0.940
138.379320,349.325,65.005,0.939
138.390930,350.122,65.044,0.934
138.402540,350.274,65.052,0.927
138.414150,349.087,64.993,0.939
138.425760,347.022,64.890,0.939
138.437370,344.184,64.748,0.933
138.448980,343.351,64.706,0.935
138.460590,343.538,64.716,0.938
138.472200,343.667,64.722,0.932
138.483810,345.781,64.828,0.931
138.495420,349.317,65.004,0.938
138.507029,352.460,65.159,0.928
138.518639,353.509,65.211,0.924
138.530249,353.571,65.214,0.922
138.541859,353.030,65.187,0.917
138.553469,351.972,65.135,0.913
138.565079,350.956,65.085,0.915
138.576689,350.054,65.041,0.915
138.588299,349.365,65.007,0.907
138.599909,348.866,64.982,0.896
138.611519,348.942,64.986,0.894
138.623129,349.522,65.015,0.891
138.634739,349.935,65.035,0.888
138.646349,350.239,65.050,0.886
138.657959,350.357,65.056,0.880
138.669569,406.953,67.648,0.880
138.681179,405.153,67.572,0.881
138.692789,403.183,67.487,0.888
138.704399,400.589,67.375,0.889
138.716009,399.875,67.345,0.885
138.727619,396.947,67.217,0.881
138.739229,393.890,67.083,0.877
138.750839,391.811,66.992,0.877
138.762449,390.032,66.913,0.869
138.774059,389.707,66.899,0.870
138.785669,389.971,66.910,0.869
138.797279,390.925,66.953,0.867
138.808889,391.481,66.977,0.873
138.820499,392.146,67.007,0.865
138.832109,393.028,67.046,0.853
138.843719,393.655,67.073,0.842
138.855329,393.739,67.077,0.833
138.866939,393.006,67.045,0.817
138.878549,390.871,66.950,0.804
138.890159,176.385,53.175,0.795
138.901769,351.590,65.117,0.783
138.913379,349.204,64.999,0.788
138.924989,348.593,64.968,0.797
138.936599,348.297,64.954,0.805
138.948209,348.074,64.943,0.811
138.959819,348.341,64.956,0.816
138.971429,348.846,64.981,0.819
138.983039,349.736,65.025,0.822
138.994649,351.181,65.097,0.823
139.006259,352.573,65.165,0.818
139.017868,354.840,65.276,0.813
139.029478,387.114,66.783,0.844
139.041088,396.536,67.199,0.859
139.052698,405.527,67.588,0.877
139.064308,405.674,67.594,0.888
139.075918,404.536,67.545,0.895
139.087528,402.480,67.457,0.901
139.099138,401.169,67.400,0.908
139.110748,400.299,67.363,0.914
139.122358,400.172,67.357,0.904
139.133968,399.365,67.322,0.900
139.145578,398.564,67.288,0.895
139.157188,399.840,67.343,0.896
139.168798,403.940,67.520,0.897
139.180408,410.965,67.818,0.903
139.192018,415.552,68.010,0.906
139.203628,419.120,68.158,0.908
139.215238,427.947,68.519,0.912
139.226848,434.092,68.766,0.913
139.238458,437.923,68.918,0.911
139.250068,440.292,69.011,0.914
139.261678,441.462,69.057,0.934
139.273288,315.136,63.222,0.948
139.284898,315.302,63.231,0.959
139.296508,315.549,63.244,0.968
139.308118,314.986,63.213,0.970
139.319728,314.292,63.175,0.975
139.331338,313.855,63.151,0.981
139.342948,313.560,63.135,0.984
139.354558,314.000,63.159,0.977
139.366168,313.609,63.138,0.967
139.377778,313.175,63.114,0.962
139.389388,312.898,63.098,0.959
139.400998,313.401,63.126,0.959
139.412608,313.810,63.149,0.957
139.424218,722.063,77.575,0.949
139.435828,718.126,77.481,0.937
139.447438,336.902,64.378,0.917
139.459048,338.660,64.468,0.901
139.470658,169.993,52.536,0.881
139.482268,170.654,52.603,0.870
139.493878,136.905,48.788,0.873
139.505488,179.341,53.462,0.873
139.517098,179.240,53.453,0.878
139.528707,174.322,52.971,0.886
139.540317,174.895,53.028,0.908
139.551927,174.636,53.002,0.924
139.563537,174.294,52.968,0.939
139.575147,174.115,52.950,0.940
139.586757,173.995,52.939,0.932
139.598367,174.011,52.940,0.925
139.609977,174.011,52.940,0.921
139.621587,173.983,52.937,0.916
139.633197,174.012,52.940,0.905
139.644807,348.808,64.979,0.894
139.656417,349.234,65.000,0.884
139.668027,349.527,65.015,0.881
139.679637,349.788,65.028,0.883
139.691247,349.911,65.034,0.886
139.702857,350.018,65.039,0.887
139.714467,350.129,65.045,0.889
139.726077,350.186,65.047,0.883
139.737687,350.174,65.047,0.877
139.749297,350.095,65.043,0.863
139.760907,350.069,65.042,0.845
139.772517,350.080,65.042,0.826
139.784127,350.137,65.045,0.805
139.795737,349.955,65.036,0.782
139.807347,349.094,64.993,0.760
139.818957,347.346,64.906,0.748
139.830567,344.297,64.754,0.733
139.842177,343.590,64.718,0.738
139.853787,343.467,64.712,0.747
139.865397,342.378,64.657,0.755
139.877007,341.779,64.627,0.753
139.888617,341.197,64.597,0.749
139.900227,373.976,66.185,0.776
139.911837,373.046,66.142,0.809
139.923447,371.863,66.087,0.841
139.935057,371.482,66.069,0.866
139.946667,370.128,66.006,0.890
139.958277,369.024,65.955,0.905
139.969887,368.905,65.949,0.918
139.981497,368.903,65.949,0.929
139.993107,184.970,53.997,0.930
140.004717,110.805,45.126,0.931
140.016327,110.571,45.090,0.929
140.027937,110.515,45.081,0.926
140.039546,337.240,64.395,0.919
140.051156,336.803,64.373,0.919
140.062766,165.539,52.076,0.921
140.074376,177.668,53.300,0.921
140.085986,177.412,53.275,0.926
140.097596,351.304,65.103,0.926
140.109206,351.013,65.088,0.921
140.120816,351.158,65.095,0.919
140.132426,351.443,65.109,0.918
140.144036,349.450,65.011,0.915
140.155646,346.981,64.888,0.911
140.167256,347.292,64.904,0.912
140.178866,347.313,64.905,0.911
140.190476,349.409,65.009,0.909
140.202086,351.118,65.093,0.913
140.213696,351.404,65.108,0.917
140.225306,351.459,65.110,0.916
140.236916,176.395,53.176,0.914
140.248526,176.734,53.209,0.909
140.260136,351.478,65.111,0.901
140.271746,350.101,65.043,0.888
140.283356,174.183,52.957,0.876
140.294966,173.450,52.884,0.867
140.306576,346.660,64.872,0.860
140.318186,348.307,64.954,0.864
140.329796,350.914,65.083,0.876
140.341406,352.254,65.149,0.876
140.353016,352.443,65.159,0.877
140.364626,352.170,65.145,0.888
140.376236,351.936,65.134,0.902
140.387846,351.605,65.117,0.913
140.399456,351.271,65.101,0.919
140.411066,350.180,65.047,0.918
140.422676,349.376,65.007,0.907
140.434286,348.815,64.980,0.905
140.445896,348.539,64.966,0.905
140.457506,348.465,64.962,0.908
140.469116,348.654,64.971,0.904
140.480726,348.864,64.982,0.892
140.492336,349.112,64.994,0.877
140.503946,349.364,65.007,0.866
140.515556,349.615,65.019,0.866
140.527166,349.763,65.026,0.866
140.538776,349.950,65.036,0.863
140.550385,349.489,65.013,0.867
140.561995,396.163,67.183,0.881
140.573605,395.210,67.141,0.894
140.585215,395.201,67.141,0.905
140.596825,394.541,67.112,0.917
140.608435,393.574,67.070,0.922
140.620045,392.014,67.001,0.935
140.631655,390.972,66.955,0.949
140.643265,390.216,66.921,0.955
140.654875,389.590,66.893,0.947
140.666485,389.016,66.868,0.943
140.678095,388.813,66.859,0.940
140.689705,388.979,66.866,0.937
140.701315,389.974,66.910,0.935
140.712925,391.611,66.983,0.924
140.724535,393.593,67.070,0.916
140.736145,394.923,67.129,0.912
140.747755,394.839,67.125,0.917
140.759365,394.647,67.117,0.915
140.770975,394.271,67.100,0.912
140.782585,393.159,67.051,0.908
140.794195,391.834,66.993,0.898
140.805805,390.455,66.932,0.885
140.817415,388.766,66.857,0.861
140.829025,387.324,66.792,0.823
140.840635,386.466,66.754,0.775
140.852245,386.513,66.756,0.730
140.863855,386.197,66.742,0.678
140.875465,177.449,53.279,0.581
140.887075,342.476,64.662,0.507
140.898685,341.852,64.630,0.499
140.910295,341.420,64.609,0.488
140.921905,342.275,64.652,0.511
140.933515,392.829,67.037,0.624
140.945125,431.732,68.672,0.759
140.956735,450.504,69.408,0.811
140.968345,453.269,69.514,0.854
140.979955,448.568,69.334,0.904
140.991565,445.985,69.234,0.929
141.003175,443.642,69.143,0.950
141.014785,442.562,69.100,0.963
141.026395,441.967,69.077,0.970
141.038005,441.720,69.068,0.966
141.049615,441.031,69.041,0.964
141.061224,439.643,68.986,0.962
141.072834,438.933,68.958,0.950
141.084444,439.069,68.963,0.947
141.096054,439.673,68.987,0.942
141.107664,439.912,68.997,0.934
141.119274,440.135,69.005,0.920
141.130884,440.331,69.013,0.905
141.142494,440.366,69.014,0.888
141.154104,440.200,69.008,0.867
141.165714,439.213,68.969,0.847
141.177324,438.219,68.930,0.829
141.188934,436.557,68.864,0.821
141.200544,436.467,68.860,0.840
141.212154,436.943,68.879,0.866
141.223764,437.314,68.894,0.878
141.235374,437.853,68.915,0.892
141.246984,438.258,68.931,0.907
141.258594,438.759,68.951,0.915
141.270204,438.956,68.959,0.914
141.281814,439.204,68.969,0.908
141.293424,439.873,68.995,0.895
141.305034,146.634,49.977,0.886
141.316644,146.594,49.972,0.887
141.328254,146.796,49.996,0.881
141.339864,649.564,75.744,0.888
141.351474,642.035,75.542,0.881
141.363084,632.354,75.279,0.884
141.374694,644.112,75.598,0.893
141.386304,311.740,63.034,0.900
141.397914,724.013,77.622,0.914
141.409524,759.970,78.461,0.925
141.421134,780.920,78.932,0.936
141.432744,796.904,79.283,0.929
141.444354,801.729,79.387,0.935
141.455964,807.057,79.502,0.940
141.467574,809.251,79.549,0.938
141.479184,811.526,79.598,0.942
141.490794,404.076,67.525,0.940
141.502404,403.598,67.505,0.941
141.514014,403.988,67.522,0.936
141.525624,404.788,67.556,0.934
141.537234,816.704,79.708,0.936
141.548844,822.210,79.824,0.939
141.560454,827.464,79.934,0.942
141.572063,834.064,80.072,0.932
141.583673,842.191,80.240,0.920
141.595283,853.931,80.479,0.901
141.606893,437.475,68.900,0.891
141.618503,439.647,68.986,0.891
141.630113,440.926,69.036,0.878
141.641723,441.110,69.044,0.859
141.653333,440.943,69.037,0.848
141.664943,440.729,69.029,0.847
141.676553,440.494,69.019,0.850
141.688163,440.285,69.011,0.856
141.699773,440.188,69.007,0.863
141.711383,440.132,69.005,0.868
141.722993,439.851,68.994,0.876
141.734603,439.262,68.971,0.880
141.746213,438.358,68.935,0.878
141.757823,435.226,68.811,0.889
141.769433,432.668,68.709,0.899
141.781043,832.539,80.040,0.911
141.792653,816.652,79.707,0.918
141.804263,792.988,79.198,0.923
141.815873,770.928,78.709,0.923
141.827483,353.453,65.208,0.926
141.839093,352.363,65.155,0.932
141.850703,351.420,65.108,0.928
141.862313,349.989,65.038,0.924
141.873923,349.143,64.996,0.915
141.885533,349.023,64.990,0.907
141.897143,348.741,64.976,0.896
141.908753,348.464,64.962,0.887
141.920363,348.395,64.959,0.871
141.931973,348.141,64.946,0.852
141.943583,347.854,64.932,0.831
141.955193,347.548,64.916,0.809
141.966803,173.504,52.890,0.787
141.978413,345.898,64.834,0.772
141.990023,346.637,64.871,0.766
142.001633,441.270,69.050,0.749
142.013243,346.497,64.864,0.755
142.024853,345.241,64.801,0.772
142.036463,345.234,64.801,0.784
142.048073,172.231,52.762,0.786
142.059683,172.266,52.766,0.781
142.071293,172.329,52.772,0.768
142.082902,172.475,52.787,0.749
142.094512,172.502,52.789,0.737
142.106122,172.893,52.828,0.719
142.117732,173.757,52.915,0.685
142.129342,174.244,52.963,0.657
142.140952,174.209,52.960,0.644
142.152562,174.050,52.944,0.642
142.164172,173.969,52.936,0.641
142.175782,174.058,52.945,0.640
142.187392,174.264,52.965,0.639
142.199002,174.558,52.994,0.645
142.210612,391.220,66.966,0.726
142.222222,399.510,67.329,0.813
142.233832,404.400,67.539,0.861
142.245442,405.744,67.597,0.880
142.257052,406.455,67.627,0.906
142.268662,407.404,67.667,0.938
142.280272,407.821,67.685,0.951
142.291882,407.332,67.664,0.961
142.303492,406.477,67.628,0.961
142.315102,407.139,67.656,0.945
142.326712,405.252,67.576,0.931
142.338322,402.215,67.446,0.931
142.349932,396.607,67.202,0.925
142.361542,390.425,66.930,0.905
142.373152,388.453,66.843,0.901
142.384762,389.480,66.889,0.909
142.396372,392.271,67.012,0.917
142.407982,394.717,67.120,0.927
142.419592,396.917,67.216,0.932
142.431202,398.556,67.287,0.936
142.442812,398.423,67.282,0.939
142.454422,398.098,67.267,0.937
142.466032,397.985,67.263,0.933
142.477642,396.004,67.176,0.928
142.489252,392.982,67.044,0.927
142.500862,391.237,66.966,0.930
142.512472,390.997,66.956,0.931
142.524082,391.347,66.971,0.927
142.535692,392.800,67.036,0.918
142.547302,395.322,67.146,0.917
142.558912,396.902,67.215,0.916
142.570522,398.298,67.276,0.914
142.582132,398.898,67.302,0.904
142.593741,399.090,67.311,0.888
142.605351,396.289,67.189,0.878
142.616961,391.816,66.992,0.874
142.628571,389.606,66.894,0.882
142.640181,389.049,66.869,0.891
142.651791,389.558,66.892,0.895
142.663401,390.025,66.913,0.896
142.675011,391.905,66.996,0.898
142.686621,392.993,67.044,0.897
142.698231,393.763,67.078,0.896
142.709841,394.261,67.100,0.896
142.721451,394.555,67.113,0.890
142.733061,394.159,67.095,0.880
142.744671,393.110,67.049,0.875
142.756281,391.690,66.986,0.866
142.767891,389.536,66.891,0.863
142.779501,388.800,66.858,0.870
142.791111,389.325,66.882,0.876
142.802721,389.775,66.902,0.878
142.814331,390.947,66.954,0.888
142.825941,392.015,67.001,0.900
142.837551,392.976,67.043,0.906
142.849161,394.029,67.090,0.923
142.860771,395.073,67.135,0.932
142.872381,396.961,67.218,0.941
142.883991,404.228,67.532,0.954
142.895601,407.199,67.659,0.962
142.907211,412.567,67.886,0.966
142.918821,418.004,68.112,0.970
142.930431,422.712,68.306,0.977
142.942041,426.553,68.463,0.977
142.953651,427.106,68.485,0.981
142.965261,428.681,68.549,0.986
142.976871,427.264,68.491,0.987
142.988481,424.440,68.377,0.989
143.000091,424.526,68.380,0.991
143.011701,428.146,68.527,0.992
143.023311,431.208,68.651,0.992
143.034921,433.673,68.749,0.988
143.046531,436.171,68.849,0.975
143.058141,437.639,68.907,0.962
143.069751,439.328,68.974,0.952
143.081361,440.729,69.029,0.940
143.092971,441.587,69.062,0.925
143.104580,441.764,69.069,0.909
143.116190,441.455,69.057,0.890
143.127800,440.686,69.027,0.878
143.139410,440.033,69.001,0.881
143.151020,439.450,68.978,0.873
143.162630,438.925,68.958,0.852
143.174240,438.185,68.928,0.834
143.185850,436.975,68.881,0.813
143.197460,435.083,68.805,0.788
143.209070,434.380,68.777,0.763
143.220680,433.905,68.758,0.732
143.232290,432.433,68.700,0.696
143.243900,129.195,47.785,0.664
143.255510,259.182,59.838,0.654
143.267120,226.521,57.506,0.672
143.278730,385.039,66.690,0.738
143.290340,390.107,66.916,0.792
143.301950,390.090,66.916,0.811
143.313560,412.703,67.891,0.831
143.325170,414.967,67.986,0.852
143.336780,415.180,67.995,0.875
143.348390,414.202,67.954,0.896
143.360000,413.485,67.924,0.907
143.371610,413.913,67.942,0.903
143.383220,414.374,67.961,0.900
143.394830,413.191,67.912,0.902
143.406440,394.578,67.114,0.902
143.418050,393.445,67.064,0.899
143.429660,392.518,67.023,0.892
143.441270,391.884,66.995,0.883
143.452880,392.266,67.012,0.879
143.464490,392.998,67.044,0.877
143.476100,393.149,67.051,0.873
143.487710,392.632,67.028,0.875
143.499320,391.329,66.971,0.881
143.510930,387.139,66.784,0.886
143.522540,371.312,66.062,0.889
143.534150,357.708,65.415,0.897
143.545760,355.197,65.293,0.903
143.557370,353.453,65.208,0.907
143.568980,351.651,65.120,0.906
143.580590,350.515,65.064,0.900
143.592200,349.645,65.021,0.890
143.603810,349.105,64.994,0.881
143.615420,348.434,64.961,0.870
143.627029,347.792,64.929,0.851
143.638639,347.575,64.918,0.832
143.650249,348.516,64.965,0.820
143.661859,349.325,65.005,0.815
143.673469,350.045,65.040,0.831
143.685079,351.525,65.113,0.874
143.696689,351.849,65.129,0.881
143.708299,351.873,65.131,0.886
143.719909,351.625,65.118,0.897
143.731519,351.272,65.101,0.912
143.743129,350.774,65.076,0.921
143.754739,350.343,65.055,0.926
143.766349,349.464,65.012,0.923
143.777959,347.880,64.933,0.904
143.789569,347.871,64.933,0.907
143.801179,348.176,64.948,0.910
143.812789,348.701,64.974,0.907
143.824399,349.226,65.000,0.899
143.836009,349.571,65.017,0.896
143.847619,349.755,65.026,0.896
143.859229,349.719,65.024,0.897
143.870839,349.534,65.015,0.893
143.882449,349.149,64.996,0.885
143.894059,348.504,64.964,0.881
143.905669,347.130,64.896,0.882
143.917279,345.089,64.794,0.879
143.928889,342.643,64.670,0.870
143.940499,339.437,64.508,0.864
143.952109,336.407,64.352,0.853
143.963719,335.620,64.312,0.852
143.975329,333.127,64.183,0.858
143.986939,330.511,64.046,0.856
143.998549,329.524,63.995,0.850
144.010159,329.214,63.978,0.844
144.021769,328.973,63.966,0.844
144.033379,328.772,63.955,0.844
144.044989,329.018,63.968,0.844
144.056599,328.630,63.948,0.841
144.068209,328.785,63.956,0.836
144.079819,328.951,63.964,0.839
144.091429,329.756,64.007,0.871
144.103039,329.743,64.006,0.880
144.114649,330.101,64.025,0.900
144.126259,330.544,64.048,0.914
144.137868,164.881,52.007,0.935
144.149478,857.657,80.555,0.950
144.161088,854.195,80.485,0.955
144.172698,843.619,80.269,0.960
144.184308,816.888,79.712,0.953
144.195918,814.340,79.658,0.953
144.207528,816.263,79.698,0.943
144.219138,813.175,79.633,0.936
144.230748,800.475,79.360,0.926
144.242358,791.098,79.156,0.922
144.253968,98.861,43.152,0.930
144.265578,98.840,43.148,0.937
144.277188,98.873,43.154,0.939
144.288798,98.864,43.152,0.942
144.300408,87.657,41.069,0.945
144.312018,87.662,41.070,0.944
144.323628,87.564,41.051,0.945
144.335238,791.275,79.160,0.950
144.346848,798.043,79.308,0.950
144.358458,820.607,79.790,0.950
144.370068,828.189,79.949,0.951
144.381678,175.169,53.055,0.955
144.393288,175.324,53.070,0.958
144.404898,175.374,53.075,0.963
144.416508,175.679,53.105,0.962
144.428118,176.079,53.145,0.954
144.439728,88.152,41.167,0.947
144.451338,88.146,41.166,0.937
144.462948,88.110,41.158,0.929
144.474558,88.098,41.156,0.919
144.486168,88.087,41.154,0.909
144.497778,175.014,53.040,0.899
144.509388,221.234,57.097,0.890
144.520998,220.980,57.077,0.882
144.532608,87.124,40.964,0.876
144.544218,87.047,40.948,0.879
144.555828,87.204,40.979,0.881
144.567438,219.604,56.969,0.887
144.579048,146.016,49.903,0.887
144.590658,146.104,49.914,0.889
144.602268,146.145,49.919,0.896
144.613878,146.085,49.912,0.902
144.625488,146.135,49.918,0.908
144.637098,439.261,68.971,0.907
144.648707,439.619,68.985,0.907
144.660317,219.511,56.961,0.908
144.671927,219.485,56.959,0.909
144.683537,219.588,56.968,0.909
144.695147,219.785,56.983,0.908
144.706757,219.827,56.986,0.900
144.718367,219.885,56.991,0.887
144.729977,219.989,56.999,0.874
144.741587,440.793,69.031,0.883
144.753197,443.317,69.130,0.888
144.764807,445.224,69.204,0.894
144.776417,445.498,69.215,0.910
144.788027,443.335,69.131,0.921
144.799637,439.299,68.972,0.937
144.811247,435.552,68.824,0.953
144.822857,433.110,68.727,0.959
144.834467,855.833,80.518,0.952
144.846077,849.939,80.398,0.946
144.857687,846.609,80.330,0.943
144.869297,839.165,80.177,0.929
144.880907,398.069,67.266,0.913
144.892517,392.398,67.018,0.900
144.904127,389.647,66.896,0.887
144.915737,388.562,66.848,0.881
144.927347,387.687,66.809,0.878
144.938957,387.579,66.804,0.871
144.950567,388.176,66.830,0.860
144.962177,388.769,66.857,0.850
144.973787,388.078,66.826,0.840
144.985397,385.250,66.699,0.821
144.997007,378.546,66.396,0.801
145.008617,371.677,66.079,0.787
145.020227,358.338,65.446,0.773
145.031837,356.724,65.368,0.756
145.043447,353.720,65.221,0.748
145.055057,349.561,65.017,0.746
145.066667,350.223,65.049,0.749
145.078277,350.476,65.062,0.749
145.089887,350.180,65.047,0.757
145.101497,349.758,65.026,0.757
145.113107,349.843,65.030,0.759
145.124717,349.427,65.010,0.767
145.136327,328.874,63.960,0.772
145.147937,328.458,63.938,0.780
145.159546,328.269,63.929,0.783
145.171156,846.096,80.320,0.789
145.182766,340.319,64.553,0.782
145.194376,340.402,64.557,0.787
145.205986,340.499,64.562,0.811
145.217596,356.057,65.335,0.843
145.229206,356.752,65.369,0.869
145.240816,357.474,65.404,0.881
145.252426,358.249,65.441,0.898
145.264036,358.114,65.435,0.911
145.275646,357.064,65.384,0.922
145.287256,355.909,65.328,0.929
145.298866,354.701,65.269,0.932
145.310476,351.064,65.091,0.926
145.322086,344.854,64.782,0.920
145.333696,340.789,64.577,0.920
145.345306,338.712,64.471,0.912
145.356916,338.446,64.457,0.907
145.368526,340.653,64.570,0.906
145.380136,344.761,64.777,0.901
145.391746,351.166,65.096,0.891
145.403356,353.798,65.225,0.888
145.414966,353.924,65.231,0.887
145.426576,353.929,65.231,0.881
145.438186,354.495,65.259,0.876
145.449796,353.712,65.221,0.867
145.461406,344.645,64.771,0.856
145.473016,342.435,64.660,0.847
145.484626,340.988,64.587,0.842
145.496236,339.635,64.518,0.839
145.507846,338.654,64.468,0.833
145.519456,339.356,64.504,0.833
145.531066,350.413,65.059,0.836
145.542676,354.136,65.242,0.827
145.554286,354.882,65.278,0.819
145.565896,355.058,65.287,0.810
145.577506,355.282,65.298,0.794
145.589116,355.960,65.331,0.769
145.600726,365.100,65.769,0.731
145.612336,368.913,65.949,0.683
145.623946,355.636,65.315,0.633
145.635556,348.843,64.981,0.625
145.647166,349.366,65.007,0.646
145.658776,349.388,65.008,0.670
145.670385,348.623,64.970,0.690
145.681995,349.072,64.992,0.701
145.693605,349.673,65.022,0.699
145.705215,349.504,65.014,0.690
145.716825,349.187,64.998,0.679
145.728435,349.436,65.010,0.661
145.740045,170.445,52.582,0.629
145.751655,337.837,64.426,0.600
145.763265,86.501,40.839,0.565
145.774875,351.986,65.136,0.535
145.786485,356.445,65.354,0.647
145.798095,356.178,65.341,0.726
145.809705,245.780,58.918,0.805
145.821315,245.825,58.922,0.831
145.832925,246.274,58.953,0.861
145.844535,270.025,60.547,0.884
145.856145,270.129,60.554,0.905
145.867755,270.301,60.565,0.918
145.879365,269.501,60.513,0.925
145.890975,267.214,60.366,0.927
145.902585,265.391,60.247,0.911
145.914195,265.233,60.237,0.907
145.925805,262.720,60.072,0.903
145.937415,260.474,59.924,0.897
145.949025,258.922,59.820,0.888
145.960635,260.265,59.910,0.889
145.972245,265.851,60.277,0.885
145.983855,281.021,61.238,0.881
145.995465,283.214,61.373,0.886
146.007075,285.577,61.516,0.887
146.018685,293.262,61.976,0.883
146.030295,293.791,62.007,0.880
146.041905,294.098,62.026,0.877
146.053515,294.301,62.037,0.875
146.065125,294.195,62.031,0.870
146.076735,293.780,62.007,0.870
146.088345,292.924,61.956,0.869
146.099955,292.203,61.914,0.861
146.111565,291.486,61.871,0.844
146.123175,291.122,61.849,0.827
146.134785,290.910,61.837,0.807
146.146395,290.284,61.800,0.775
146.158005,289.492,61.752,0.737
146.169615,287.086,61.608,0.677
146.181224,285.471,61.510,0.560
146.192834,291.134,61.850,0.459
146.204444,292.979,61.960,0.456
146.216054,178.109,53.343,0.500
146.227664,376.404,66.297,0.679
146.239274,327.574,63.892,0.762
146.250884,331.243,64.085,0.819
146.262494,333.504,64.202,0.857
146.274104,334.019,64.229,0.885
146.285714,334.217,64.239,0.904
146.297324,334.052,64.231,0.916
146.308934,333.705,64.213,0.926
146.320544,333.795,64.218,0.925
146.332154,333.678,64.211,0.920
146.343764,332.441,64.147,0.908
146.355374,327.463,63.886,0.902
146.366984,323.218,63.660,0.895
146.378594,321.931,63.591,0.889
146.390204,321.323,63.558,0.884
146.401814,321.890,63.589,0.879
146.413424,327.659,63.896,0.877
146.425034,332.858,64.169,0.882
146.436644,333.703,64.213,0.886
146.448254,333.655,64.210,0.891
146.459864,332.225,64.136,0.900
146.471474,331.152,64.080,0.903
146.483084,328.136,63.921,0.905
146.494694,326.077,63.813,0.905
146.506304,324.915,63.751,0.903
146.517914,324.661,63.737,0.898
146.529524,325.301,63.771,0.893
146.541134,331.845,64.116,0.881
146.552744,334.457,64.252,0.866
146.564354,335.245,64.293,0.862
146.575964,335.123,64.286,0.860
146.587574,334.880,64.274,0.866
146.599184,334.613,64.260,0.868
146.610794,333.687,64.212,0.868
146.622404,332.158,64.132,0.869
146.634014,328.072,63.918,0.865
146.645624,324.039,63.704,0.856
146.657234,322.392,63.616,0.844
146.668844,321.097,63.546,0.841
146.680454,158.598,51.334,0.834
146.692063,158.393,51.312,0.828
146.703673,338.081,64.438,0.821
146.715283,337.856,64.427,0.817
146.726893,337.861,64.427,0.817
146.738503,337.886,64.428,0.824
146.750113,169.533,52.489,0.831
146.761723,169.473,52.483,0.830
146.773333,329.149,63.975,0.826
146.784943,327.531,63.890,0.823
146.796553,327.867,63.907,0.827
146.808163,161.188,51.615,0.829
146.819773,349.560,65.016,0.841
146.831383,350.423,65.059,0.849
146.842993,350.871,65.081,0.857
146.854603,350.970,65.086,0.867
146.866213,350.508,65.063,0.875
146.877823,350.153,65.046,0.882
146.889433,349.872,65.032,0.888
146.901043,349.596,65.018,0.894
146.912653,349.140,64.996,0.894
146.924263,348.768,64.977,0.900
146.935873,348.414,64.960,0.901
146.947483,348.279,64.953,0.901
146.959093,348.488,64.963,0.903
146.970703,348.778,64.978,0.906
146.982313,349.101,64.994,0.905
146.993923,349.234,65.000,0.906
147.005533,349.131,64.995,0.904
147.017143,348.825,64.980,0.899
147.028753,348.756,64.977,0.892
147.040363,348.623,64.970,0.882
147.051973,348.323,64.955,0.875
147.063583,347.938,64.936,0.870
147.075193,347.333,64.906,0.863
147.086803,405.230,67.575,0.864
147.098413,482.250,70.587,0.865
147.110023,494.526,71.023,0.878
147.121633,503.995,71.351,0.894
147.133243,511.472,71.606,0.899
147.144853,516.877,71.788,0.899
147.156463,520.903,71.922,0.895
147.168073,523.058,71.994,0.894
147.179683,524.729,72.049,0.884
147.191293,525.304,72.068,0.877
147.202902,525.238,72.066,0.858
147.214512,524.649,72.046,0.840
147.226122,524.262,72.033,0.836
147.237732,524.682,72.047,0.840
147.249342,525.552,72.076,0.841
147.260952,526.578,72.110,0.842
147.272562,528.535,72.174,0.843
147.284172,531.620,72.275,0.845
147.295782,537.604,72.468,0.856
147.307392,547.951,72.799,0.861
147.319002,558.691,73.135,0.866
147.330612,571.527,73.528,0.869
147.342222,578.282,73.731,0.874
147.353832,581.154,73.817,0.877
147.365442,583.954,73.900,0.881
147.377052,586.128,73.965,0.885
147.388662,294.302,62.038,0.882
147.400272,589.844,74.074,0.883
147.411882,590.323,74.088,0.886
147.423492,590.482,74.093,0.888
147.435102,590.383,74.090,0.889
147.446712,590.350,74.089,0.889
147.458322,590.107,74.082,0.890
147.469932,589.588,74.066,0.888
147.481542,589.163,74.054,0.884
147.493152,294.251,62.035,0.874
147.504762,293.960,62.017,0.863
147.516372,586.469,73.975,0.856
147.527982,585.346,73.941,0.858
147.539592,584.649,73.921,0.863
147.551202,584.346,73.912,0.862
147.562812,584.335,73.912,0.866
147.574422,584.365,73.912,0.872
147.586032,584.750,73.924,0.878
147.597642,585.231,73.938,0.884
147.609252,585.845,73.956,0.888
147.620862,586.329,73.970,0.883
147.632472,293.648,61.999,0.873
147.644082,293.748,62.005,0.865
147.655692,293.724,62.003,0.851
147.667302,293.688,62.001,0.836
147.678912,293.599,61.996,0.817
147.690522,585.970,73.960,0.794
147.702132,585.313,73.940,0.760
147.713741,584.170,73.907,0.726
147.725351,583.026,73.873,0.693
147.736961,581.698,73.833,0.658
147.748571,579.993,73.782,0.631
147.760181,87.353,41.009,0.602
147.771791,87.276,40.994,0.592
147.783401,87.230,40.985,0.596
147.795011,174.343,52.973,0.604
147.806621,174.275,52.966,0.609
147.818231,174.170,52.956,0.616
147.829841,174.080,52.947,0.624
147.841451,174.048,52.944,0.628
147.853061,174.048,52.944,0.629
147.864671,174.067,52.946,0.633
147.876281,174.043,52.943,0.634
147.887891,174.104,52.949,0.632
147.899501,174.293,52.968,0.634
147.911111,174.676,53.006,0.649
147.922721,525.093,72.061,0.714
147.934331,524.142,72.029,0.783
147.945941,523.987,72.024,0.836
147.957551,524.231,72.032,0.866
147.969161,523.933,72.023,0.884
147.980771,523.714,72.015,0.896
147.992381,523.653,72.013,0.904
148.003991,523.538,72.009,0.908
148.015601,523.441,72.006,0.903
148.027211,523.404,72.005,0.888
148.038821,523.304,72.002,0.864
148.050431,523.213,71.999,0.845
148.062041,523.149,71.997,0.834
148.073651,522.969,71.991,0.826
148.085261,522.462,71.974,0.827
148.096871,521.779,71.951,0.826
148.108481,520.864,71.921,0.829
148.120091,520.194,71.899,0.823
148.131701,519.052,71.861,0.816
148.143311,515.338,71.736,0.805
148.154921,510.134,71.560,0.795
148.166531,466.815,70.024,0.787
148.178141,401.365,67.409,0.776
148.189751,350.351,65.056,0.774
148.201361,349.861,65.031,0.766
148.212971,350.230,65.050,0.775
148.224580,350.427,65.059,0.787
148.236190,350.284,65.052,0.797
148.247800,350.283,65.052,0.804
148.259410,175.190,53.057,0.807
148.271020,175.219,53.060,0.804
148.282630,175.172,53.055,0.798
148.294240,175.025,53.041,0.788
148.305850,174.745,53.013,0.774
148.317460,348.990,64.988,0.755
148.329070,348.917,64.985,0.762
148.340680,355.143,65.291,0.807
148.352290,360.487,65.549,0.822
148.363900,361.160,65.582,0.840
148.375510,361.259,65.586,0.852
148.387120,361.135,65.580,0.859
148.398730,360.679,65.559,0.872
148.410340,360.009,65.526,0.891
148.421950,359.735,65.513,0.894
148.433560,359.015,65.478,0.880
148.445170,701.319,77.071,0.886
148.456780,336.374,64.351,0.890
148.468390,336.662,64.366,0.894
148.480000,337.231,64.395,0.905
148.491610,338.160,64.442,0.915
148.503220,340.059,64.539,0.924
148.514830,345.195,64.799,0.929
148.526440,350.074,65.042,0.932
148.538050,351.736,65.124,0.929
148.549660,352.086,65.141,0.925
148.561270,351.815,65.128,0.919
148.572880,350.956,65.085,0.911
148.584490,347.409,64.910,0.901
148.596100,344.425,64.760,0.881
148.607710,343.148,64.696,0.875
148.619320,343.486,64.713,0.886
148.630930,343.963,64.737,0.898
148.642540,344.957,64.787,0.904
148.654150,347.172,64.898,0.909
148.665760,349.394,65.008,0.909
148.677370,350.959,65.086,0.906
148.688980,351.529,65.114,0.904
148.700590,352.688,65.171,0.896
148.712200,353.011,65.187,0.875
148.723810,351.871,65.131,0.847
148.735420,349.796,65.028,0.827
148.747029,347.164,64.897,0.818
148.758639,346.643,64.871,0.813
148.770249,346.739,64.876,0.802
148.781859,346.388,64.859,0.790
148.793469,344.712,64.775,0.778
148.805079,345.713,64.825,0.763
148.816689,347.224,64.900,0.746
148.828299,348.633,64.970,0.720
148.839909,348.263,64.952,0.679
148.851519,350.506,65.063,0.644
148.863129,346.570,64.868,0.657
148.874739,296.782,62.183,0.677
148.886349,295.693,62.119,0.700
148.897959,305.651,62.693,0.720
148.909569,308.729,62.866,0.735
148.921179,311.243,63.006,0.750
148.932789,312.498,63.076,0.759
148.944399,316.402,63.291,0.785
148.956009,354.345,65.252,0.805
148.967619,354.337,65.251,0.816
148.979229,353.223,65.197,0.828
148.990839,351.518,65.113,0.847
149.002449,349.556,65.016,0.860
149.014059,348.149,64.946,0.868
149.025669,339.338,64.503,0.878
149.037279,339.944,64.534,0.880
149.048889,342.287,64.652,0.879
149.060499,346.539,64.866,0.881
149.072109,345.807,64.830,0.882
149.083719,346.436,64.861,0.871
149.095329,347.726,64.925,0.855
149.106939,348.304,64.954,0.841
149.118549,348.952,64.986,0.822
149.130159,349.268,65.002,0.800
149.141769,348.061,64.942,0.788
149.153379,345.413,64.810,0.772
149.164989,344.075,64.743,0.757
149.176599,267.288,60.371,0.779
149.188209,286.856,61.594,0.809
149.199819,124.771,47.181,0.845
149.211429,130.939,48.017,0.872
149.223039,131.285,48.062,0.892
149.234649,133.311,48.328,0.901
149.246259,132.406,48.210,0.910
149.257868,131.733,48.121,0.918
149.269478,131.142,48.044,0.920
149.281088,130.676,47.982,0.922
149.292698,264.271,60.174,0.920
149.304308,264.840,60.211,0.916
149.315918,264.602,60.196,0.917
149.327528,195.538,54.959,0.923
149.339138,195.698,54.973,0.929
149.350748,275.433,60.890,0.934
149.362358,284.520,61.452,0.934
149.373968,288.384,61.686,0.937
149.385578,146.866,50.004,0.941
149.397188,146.905,50.009,0.944
149.408798,146.794,49.995,0.945
149.420408,146.789,49.995,0.943
149.432018,146.843,50.001,0.941
149.443628,146.748,49.990,0.939
149.455238,146.513,49.962,0.939
149.466848,146.320,49.939,0.935
149.478458,146.224,49.928,0.923
149.490068,146.197,49.925,0.913
149.501678,146.239,49.930,0.898
149.513288,146.289,49.936,0.885
149.524898,146.357,49.944,0.869
149.536508,146.476,49.958,0.846
149.548118,294.908,62.073,0.818
149.559728,296.422,62.162,0.792
149.571338,297.581,62.229,0.777
149.582948,297.878,62.247,0.765
149.594558,297.602,62.231,0.761
149.606168,298.935,62.308,0.754
149.617778,313.701,63.143,0.765
149.629388,372.492,66.116,0.789
149.640998,389.525,66.891,0.818
149.652608,392.707,67.031,0.842
149.664218,393.738,67.077,0.860
149.675828,392.605,67.027,0.874
149.687438,392.445,67.020,0.891
149.699048,392.186,67.008,0.904
149.710658,392.242,67.011,0.909
149.722268,196.654,55.058,0.912
149.733878,196.422,55.037,0.914
149.745488,196.087,55.008,0.919
149.757098,196.118,55.011,0.923
149.768707,98.051,43.009,0.925
149.780317,98.053,43.009,0.925
149.791927,98.100,43.018,0.930
149.803537,98.142,43.025,0.934
149.815147,328.976,63.966,0.938
149.826757,329.749,64.006,0.944
149.838367,666.850,76.198,0.947
149.849977,671.506,76.319,0.947
149.861587,680.841,76.558,0.951
149.873197,685.954,76.687,0.950
149.884807,690.860,76.811,0.943
149.896417,695.335,76.922,0.942
149.908027,525.716,72.081,0.939
149.919637,423.872,68.353,0.930
149.931247,214.359,56.550,0.923
149.942857,214.500,56.562,0.921
149.954467,195.198,54.929,0.911
149.966077,195.249,54.934,0.911
149.977687,392.515,67.023,0.909
149.989297,392.457,67.020,0.907
150.000907,392.481,67.021,0.902
150.012517,392.484,67.022,0.899
150.024127,392.844,67.037,0.891
150.035737,393.412,67.062,0.873
150.047347,393.996,67.088,0.859
150.058957,394.508,67.111,0.839
150.070567,394.390,67.105,0.824
150.082177,197.327,55.117,0.803
150.093787,197.318,55.116,0.785
150.105397,197.441,55.127,0.764
150.117007,111.303,45.204,0.752
150.128617,111.301,45.204,0.756
150.140227,111.296,45.203,0.761
150.151837,111.326,45.208,0.757
150.163447,110.250,45.039,0.755
150.175057,222.487,57.195,0.749
150.186667,109.145,44.865,0.746
150.198277,110.208,45.033,0.749
150.209887,220.756,57.059,0.752
150.221497,110.164,45.026,0.755
150.233107,214.060,56.526,0.759
150.244717,214.238,56.541,0.767
150.256327,214.266,56.543,0.769
150.267937,204.131,55.704,0.781
150.279546,213.986,56.520,0.802
150.291156,182.837,53.797,0.829
150.302766,363.628,65.700,0.850
150.314376,361.549,65.600,0.868
150.325986,359.770,65.515,0.883
150.337596,358.726,65.465,0.893
150.349206,358.171,65.438,0.901
150.360816,356.959,65.379,0.906
150.372426,353.396,65.205,0.907
150.384036,347.366,64.907,0.904
150.395646,346.590,64.869,0.902
150.407256,346.657,64.872,0.895
150.418866,347.358,64.907,0.889
150.430476,353.189,65.195,0.887
150.442086,355.052,65.286,0.887
150.453696,355.656,65.316,0.890
150.465306,355.825,65.324,0.891
150.476916,355.828,65.324,0.892
150.488526,354.786,65.273,0.888
150.500136,348.535,64.966,0.889
150.511746,344.344,64.756,0.892
150.523356,342.978,64.687,0.890
150.534966,343.160,64.697,0.891
150.546576,342.511,64.664,0.886
150.558186,342.056,64.641,0.881
150.569796,348.655,64.972,0.875
150.581406,353.183,65.195,0.868
150.593016,354.108,65.240,0.856
150.604626,355.177,65.292,0.838
150.616236,355.635,65.315,0.823
150.627846,355.972,65.331,0.806
150.639456,355.648,65.315,0.795
150.651066,353.948,65.232,0.782
150.662676,351.913,65.133,0.775
150.674286,235.255,58.161,0.819
150.685896,398.056,67.266,0.852
150.697506,397.388,67.237,0.879
150.709116,395.085,67.136,0.906
150.720726,394.146,67.095,0.931
150.732336,394.158,67.095,0.938
150.743946,393.759,67.078,0.951
150.755556,393.627,67.072,0.960
150.767166,393.293,67.057,0.956
150.778776,393.549,67.068,0.951
150.790385,395.529,67.155,0.959
150.801995,397.212,67.229,0.956
150.813605,408.058,67.695,0.948
150.825215,413.281,67.915,0.949
150.836825,418.700,68.141,0.945
150.848435,423.615,68.343,0.941
150.860045,428.872,68.557,0.949
150.871655,431.581,68.666,0.950
150.883265,434.740,68.792,0.941
150.894875,437.242,68.891,0.935
150.906485,438.059,68.923,0.936
150.918095,438.211,68.929,0.941
150.929705,438.030,68.922,0.944
150.941315,438.005,68.921,0.944
150.952925,438.092,68.925,0.931
150.964535,437.812,68.914,0.929
150.976145,436.768,68.872,0.925
150.987755,433.355,68.737,0.922
150.999365,428.976,68.561,0.911
151.010975,412.398,67.878,0.900
151.022585,397.234,67.230,0.888
151.034195,395.141,67.138,0.880
151.045805,394.091,67.092,0.878
151.057415,392.989,67.044,0.870
151.069025,392.172,67.008,0.879
151.080635,391.878,66.995,0.892
151.092245,391.998,67.000,0.901
151.103855,392.810,67.036,0.910
151.115465,393.364,67.060,0.919
151.127075,393.512,67.067,0.924
151.138685,393.421,67.063,0.929
151.150295,393.255,67.056,0.932
151.161905,393.197,67.053,0.925
151.173515,392.908,67.040,0.917
151.185125,392.353,67.016,0.912
151.196735,391.514,66.979,0.908
151.208345,390.836,66.949,0.907
151.219955,390.651,66.941,0.906
151.231565,390.829,66.948,0.907
151.243175,391.093,66.960,0.908
151.254785,391.350,66.971,0.905
151.266395,391.715,66.988,0.906
151.278005,392.065,67.003,0.907
151.289615,392.258,67.012,0.906
151.301224,392.212,67.010,0.903
151.312834,392.187,67.008,0.907
151.324444,392.134,67.006,0.914
151.336054,392.065,67.003,0.920
151.347664,391.985,67.000,0.928
151.359274,391.931,66.997,0.934
151.370884,87.357,41.010,0.939
151.382494,87.427,41.024,0.945
151.394104,87.437,41.026,0.949
151.405714,87.433,41.025,0.949
151.417324,87.469,41.032,0.947
151.428934,87.440,41.026,0.947
151.440544,87.412,41.021,0.946
151.452154,87.401,41.019,0.946
151.463764,87.389,41.016,0.945
151.475374,87.441,41.026,0.944
151.486984,87.511,41.040,0.944
151.498594,112.075,45.324,0.943
151.510204,112.136,45.333,0.944
151.521814,396.204,67.185,0.943
151.533424,395.645,67.160,0.941
151.545034,393.796,67.079,0.938
151.556644,392.168,67.008,0.936
151.568254,390.945,66.954,0.935
151.579864,391.378,66.973,0.932
151.591474,391.285,66.969,0.932
151.603084,391.715,66.988,0.929
151.614694,391.945,66.998,0.930
151.626304,391.641,66.984,0.929
151.637914,391.365,66.972,0.931
151.649524,391.712,66.987,0.931
151.661134,392.035,67.002,0.931
151.672744,392.054,67.003,0.936
151.684354,392.224,67.010,0.935
151.695964,392.196,67.009,0.938
151.707574,393.022,67.045,0.935
151.719184,393.257,67.056,0.934
151.730794,393.543,67.068,0.927
151.742404,391.847,66.993,0.928
151.754014,389.113,66.872,0.929
151.765624,87.027,40.944,0.928
151.777234,86.928,40.925,0.924
151.788844,86.919,40.923,0.917
151.800454,86.930,40.925,0.918
151.812063,86.896,40.918,0.916
151.823673,86.879,40.915,0.919
151.835283,86.916,40.922,0.915
151.846893,86.895,40.918,0.909
151.858503,87.018,40.943,0.904
151.870113,87.292,40.997,0.906
151.881723,87.399,41.018,0.906
151.893333,87.437,41.026,0.903
151.904943,87.452,41.029,0.904
151.916553,87.501,41.038,0.900
151.928163,87.508,41.040,0.897
151.939773,87.340,41.006,0.890
151.951383,87.176,40.974,0.882
151.962993,87.077,40.954,0.876
151.974603,390.037,66.913,0.872
151.986213,390.269,66.924,0.868
151.997823,390.340,66.927,0.867
152.009433,389.559,66.892,0.872
152.021043,389.112,66.872,0.875
152.032653,389.466,66.888,0.880
152.044263,390.341,66.927,0.883
152.055873,391.022,66.957,0.885
152.067483,390.974,66.955,0.887
152.079093,391.583,66.982,0.886
152.090703,392.207,67.009,0.886
152.102313,392.762,67.034,0.885
152.113923,392.394,67.018,0.884
152.125533,391.761,66.990,0.888
152.137143,391.110,66.961,0.892
152.148753,389.768,66.901,0.904
152.160363,390.169,66.919,0.910
152.171973,388.927,66.864,0.916
152.183583,387.994,66.822,0.919
152.195193,387.967,66.821,0.925
152.206803,387.829,66.815,0.929
152.218413,387.858,66.816,0.933
152.230023,388.917,66.863,0.933
152.241633,778.501,78.878,0.928
152.253243,776.230,78.828,0.924
152.264853,776.882,78.842,0.917
152.276463,779.662,78.904,0.914
152.288073,779.491,78.900,0.908
152.299683,781.687,78.949,0.905
152.311293,781.548,78.946,0.905
152.322902,777.099,78.847,0.900
152.334512,348.161,64.947,0.893
152.346122,349.004,64.989,0.886
152.357732,349.662,65.022,0.883
152.369342,350.059,65.041,0.877
152.380952,349.961,65.036,0.875
152.392562,349.770,65.027,0.871
152.404172,349.424,65.010,0.857
152.415782,349.449,65.011,0.856
152.427392,349.471,65.012,0.852
152.439002,349.454,65.011,0.856
152.450612,349.513,65.014,0.858
152.462222,349.583,65.018,0.859
152.473832,349.618,65.019,0.859
152.485442,349.613,65.019,0.860
152.497052,349.500,65.013,0.862
152.508662,349.476,65.012,0.865
152.520272,349.552,65.016,0.871
152.531882,349.597,65.018,0.880
152.543492,350.175,65.047,0.892
152.555102,174.755,53.014,0.902
152.566712,174.775,53.016,0.906
152.578322,174.830,53.021,0.904
152.589932,174.828,53.021,0.902
152.601542,393.391,67.062,0.902
152.613152,393.570,67.069,0.900
152.624762,393.876,67.083,0.893
152.636372,394.727,67.120,0.881
152.647982,395.233,67.142,0.869
152.659592,395.692,67.162,0.858
152.671202,396.254,67.187,0.867
152.682812,397.115,67.225,0.871
152.694422,399.738,67.339,0.877
152.706032,402.897,67.475,0.886
152.717642,409.429,67.753,0.893
152.729252,412.941,67.901,0.894
152.740862,414.905,67.983,0.895
152.752472,87.550,41.048,0.902
152.764082,87.537,41.045,0.898
152.775692,87.547,41.048,0.897
152.787302,111.321,45.207,0.892
152.798912,98.000,43.000,0.884
152.810522,98.019,43.003,0.882
152.822132,98.021,43.004,0.882
152.833741,98.005,43.001,0.881
152.845351,98.005,43.001,0.878
152.856961,97.987,42.998,0.876
152.868571,97.960,42.993,0.873
152.880181,97.909,42.984,0.871
152.891791,97.869,42.977,0.870
152.903401,97.846,42.973,0.867
152.915011,97.847,42.973,0.866
152.926621,97.843,42.972,0.869
152.938231,97.872,42.977,0.875
152.949841,97.930,42.988,0.876
152.961451,795.901,79.261,0.883
152.973061,796.659,79.277,0.885
152.984671,801.308,79.378,0.892
152.996281,804.987,79.458,0.896
153.007891,806.892,79.498,0.898
153.019501,808.552,79.534,0.898
153.031111,808.628,79.536,0.894
153.042721,808.258,79.528,0.891
153.054331,394.954,67.130,0.881
153.065941,393.853,67.082,0.878
153.077551,392.672,67.030,0.871
153.089161,392.128,67.006,0.866
153.100771,392.373,67.017,0.864
153.112381,393.240,67.055,0.864
153.123991,394.891,67.127,0.867
153.135601,396.893,67.215,0.876
153.147211,399.513,67.329,0.884
153.158821,401.944,67.434,0.885
153.170431,820.696,79.792,0.884
153.182041,826.529,79.915,0.881
153.193651,871.182,80.826,0.879
153.205261,888.300,81.163,0.876
153.216871,220.362,57.028,0.873
153.228481,220.556,57.044,0.868
153.240091,220.729,57.057,0.872
153.251701,443.909,69.153,0.875
153.263311,444.089,69.160,0.873
153.274921,146.956,50.015,0.873
153.286531,220.538,57.042,0.874
153.298141,445.303,69.207,0.873
153.309751,146.884,50.006,0.868
153.321361,220.432,57.034,0.863
153.332971,220.353,57.028,0.851
153.344580,220.320,57.025,0.842
153.356190,220.128,57.010,0.842
153.367800,440.239,69.009,0.839
153.379410,440.072,69.003,0.836
153.391020,219.780,56.983,0.832
153.402630,219.906,56.993,0.830
153.414240,219.979,56.998,0.824
153.425850,220.099,57.008,0.817
153.437460,220.232,57.018,0.811
153.449070,220.374,57.029,0.806
153.460680,220.408,57.032,0.802
153.472290,220.463,57.036,0.798
153.483900,220.402,57.032,0.794
153.495510,220.334,57.026,0.796
153.507120,220.201,57.016,0.800
153.518730,440.418,69.016,0.805
153.530340,440.350,69.014,0.807
153.541950,440.111,69.004,0.812
153.553560,440.065,69.003,0.815
153.565170,439.985,68.999,0.821
153.576780,439.856,68.994,0.827
153.588390,439.971,68.999,0.830
153.600000,439.994,69.000,0.834
153.611610,439.963,68.999,0.836
153.623220,439.795,68.992,0.840
153.634830,439.920,68.997,0.841
153.646440,439.949,68.998,0.843
153.658050,440.049,69.002,0.844
153.669660,440.196,69.008,0.844
153.681270,440.267,69.010,0.845
153.692880,440.489,69.019,0.847
153.704490,440.544,69.021,0.849
153.716100,440.754,69.030,0.851
153.727710,440.691,69.027,0.854
153.739320,440.730,69.029,0.856
153.750930,440.687,69.027,0.858
153.762540,440.675,69.027,0.862
153.774150,440.513,69.020,0.866
153.785760,440.368,69.014,0.869
153.797370,440.372,69.015,0.870
153.808980,440.252,69.010,0.869
153.820590,440.138,69.005,0.865
153.832200,440.157,69.006,0.864
153.843810,440.008,69.000,0.870
153.855420,174.561,52.995,0.880
153.867029,175.138,53.052,0.887
153.878639,175.384,53.076,0.894
153.890249,175.578,53.095,0.898
153.901859,175.329,53.071,0.907
153.913469,175.096,53.048,0.917
153.925079,174.811,53.020,0.925
153.936689,174.852,53.024,0.927
153.948299,174.930,53.031,0.926
153.959909,174.795,53.018,0.928
153.971519,174.688,53.007,0.925
153.983129,174.571,52.996,0.920
153.994739,174.628,53.001,0.913
154.006349,174.656,53.004,0.906
154.017959,174.800,53.018,0.901
154.029569,174.813,53.020,0.896
154.041179,174.690,53.007,0.885
154.052789,442.831,69.111,0.877
154.064399,98.384,43.068,0.883
154.076009,98.563,43.099,0.895
154.087619,98.726,43.128,0.907
154.099229,98.670,43.118,0.917
154.110839,98.526,43.093,0.924
154.122449,98.409,43.072,0.930
154.134059,98.305,43.054,0.936
154.145669,98.240,43.043,0.938
154.157279,98.176,43.031,0.932
154.168889,98.103,43.018,0.926
154.180499,98.066,43.012,0.919
154.192109,98.057,43.010,0.911
154.203719,98.091,43.016,0.903
154.215329,393.713,67.076,0.896
154.226939,393.623,67.072,0.888
154.238549,393.266,67.056,0.880
154.250159,393.029,67.046,0.877
154.261769,392.903,67.040,0.873
154.273379,856.162,80.525,0.868
154.284989,869.451,80.791,0.866
154.296599,852.801,80.456,0.862
154.308209,98.395,43.070,0.857
154.319819,98.313,43.055,0.856
154.331429,98.073,43.013,0.857
154.343039,97.747,42.955,0.856
154.354649,97.634,42.935,0.854
154.366259,97.663,42.941,0.852
154.377868,97.718,42.950,0.848
154.389478,97.675,42.943,0.845
154.401088,97.611,42.931,0.838
154.412698,97.656,42.939,0.833
154.424308,97.881,42.979,0.830
154.435918,109.759,44.962,0.827
154.447528,438.849,68.955,0.834
154.459138,440.199,69.008,0.851
154.470748,441.459,69.057,0.864
154.482358,442.366,69.093,0.878
154.493968,442.361,69.093,0.891
154.505578,442.354,69.092,0.896
154.517188,442.315,69.091,0.898
154.528798,442.238,69.088,0.900
154.540408,442.105,69.083,0.900
154.552018,441.681,69.066,0.903
154.563628,441.105,69.043,0.912
154.575238,440.376,69.015,0.921
154.586848,439.927,68.997,0.929
154.598458,439.808,68.992,0.939
154.610068,439.784,68.992,0.945
154.621678,439.760,68.991,0.949
154.633288,439.892,68.996,0.947
154.644898,440.023,69.001,0.937
154.656508,440.218,69.009,0.923
154.668118,440.595,69.023,0.905
154.679728,441.395,69.055,0.886
154.691338,441.839,69.072,0.866
154.702948,442.016,69.079,0.854
154.714558,442.007,69.079,0.843
154.726168,441.970,69.077,0.839
154.737778,441.937,69.076,0.837
154.749388,441.840,69.072,0.832
154.760998,441.560,69.061,0.826
154.772608,441.253,69.049,0.822
154.784218,440.890,69.035,0.821
154.795828,440.606,69.024,0.814
154.807438,440.515,69.020,0.810
154.819048,440.465,69.018,0.809
154.830658,440.542,69.021,0.808
154.842268,440.329,69.013,0.808
154.853878,440.303,69.012,0.808
154.865488,440.309,69.012,0.808
154.877098,440.418,69.016,0.807
154.888707,440.304,69.012,0.825
154.900317,220.291,57.023,0.846
154.911927,220.406,57.032,0.863
154.923537,403.752,67.512,0.881
154.935147,402.716,67.467,0.899
154.946757,401.991,67.436,0.911
154.958367,401.387,67.410,0.925
154.969977,400.696,67.380,0.939
154.981587,399.735,67.338,0.947
154.993197,98.398,43.070,0.953
155.004807,98.275,43.049,0.957
155.016417,98.186,43.033,0.961
155.028027,830.826,80.005,0.968
155.039637,840.470,80.204,0.981
155.051247,846.072,80.319,0.981
155.062857,849.555,80.390,0.977
155.074467,850.100,80.402,0.973
155.086077,851.453,80.429,0.967
155.097687,437.527,68.902,0.961
155.109297,439.039,68.962,0.953
155.120907,440.162,69.006,0.937
155.132517,440.993,69.039,0.914
155.144127,440.931,69.037,0.905
155.155737,440.293,69.012,0.906
155.167347,439.379,68.976,0.908
155.178957,438.368,68.936,0.904
155.190567,437.512,68.902,0.897
155.202177,436.301,68.854,0.891
155.213787,434.711,68.791,0.884
155.225397,433.093,68.726,0.878
155.237007,432.613,68.707,0.870
155.248617,433.941,68.760,0.851
155.260227,437.289,68.893,0.825
155.271837,439.056,68.963,0.805
155.283447,439.493,68.980,0.797
155.295057,439.988,69.000,0.790
155.306667,440.133,69.005,0.788
155.318277,440.418,69.016,0.781
155.329887,440.438,69.017,0.772
155.341497,440.642,69.025,0.765
155.353107,440.532,69.021,0.762
155.364717,440.644,69.025,0.763
155.376327,440.746,69.029,0.765
155.387937,440.796,69.031,0.765
155.399546,440.792,69.031,0.766
155.411156,440.648,69.025,0.767
155.422766,440.487,69.019,0.771
155.434376,440.387,69.015,0.779
155.445986,440.219,69.009,0.794
155.457596,440.222,69.009,0.809
155.469206,440.155,69.006,0.826
155.480816,440.048,69.002,0.839
155.492426,439.985,68.999,0.852
155.504036,440.001,69.000,0.864
155.515646,439.979,68.999,0.876
155.527256,439.853,68.994,0.883
155.538866,439.820,68.993,0.889
155.550476,219.793,56.984,0.899
155.562086,219.853,56.988,0.903
155.573696,219.766,56.982,0.905
155.585306,219.718,56.978,0.903
155.596916,219.633,56.971,0.900
155.608526,87.605,41.059,0.895
155.620136,87.580,41.054,0.891
155.631746,87.569,41.052,0.885
155.643356,87.572,41.053,0.873
155.654966,87.553,41.049,0.866
155.666576,87.516,41.041,0.860
155.678186,435.711,68.830,0.860
155.689796,434.092,68.766,0.866
155.701406,432.430,68.700,0.866
155.713016,429.661,68.588,0.869
155.724626,422.913,68.314,0.874
155.736236,414.406,67.962,0.889
155.747846,410.349,67.792,0.902
155.759456,407.664,67.679,0.907
155.771066,405.698,67.595,0.917
155.782676,404.664,67.551,0.923
155.794286,403.238,67.490,0.946
155.805896,401.420,67.411,0.963
155.817506,399.544,67.330,0.968
155.829116,396.873,67.214,0.963
155.840726,395.228,67.142,0.958
155.852336,392.734,67.033,0.954
155.863946,389.452,66.887,0.947
155.875556,387.451,66.798,0.944
155.887166,386.850,66.771,0.927
155.898776,387.408,66.796,0.911
155.910385,388.930,66.864,0.906
155.921995,391.510,66.979,0.904
155.933605,392.838,67.037,0.903
155.945215,393.526,67.067,0.904
155.956825,393.777,67.079,0.900
155.968435,393.854,67.082,0.891
155.980045,393.727,67.076,0.882
155.991655,392.520,67.023,0.868
156.003265,391.199,66.965,0.854
156.014875,390.521,66.935,0.849
156.026485,390.485,66.933,0.843
156.038095,390.801,66.947,0.844
156.049705,392.074,67.003,0.857
156.061315,393.283,67.057,0.856
156.072925,393.914,67.085,0.853
156.084535,394.239,67.099,0.852
156.096145,394.077,67.092,0.856
156.107755,393.738,67.077,0.852
156.119365,392.950,67.042,0.853
156.130975,392.091,67.004,0.842
156.142585,390.742,66.945,0.834
156.154195,390.505,66.934,0.846
156.165805,390.924,66.953,0.856
156.177415,391.967,66.999,0.867
156.189025,393.925,67.085,0.873
156.200635,395.219,67.142,0.872
156.212245,396.221,67.186,0.872
156.223855,396.044,67.178,0.876
156.235465,396.066,67.179,0.874
156.247075,395.579,67.158,0.869
156.258685,394.070,67.091,0.859
156.270295,392.376,67.017,0.847
156.281905,390.637,66.940,0.828
156.293515,389.435,66.887,0.821
156.305125,388.553,66.847,0.809
156.316735,388.193,66.831,0.797
156.328345,388.165,66.830,0.784
156.339955,389.130,66.873,0.765
156.351565,392.499,67.022,0.760
156.363175,396.892,67.215,0.770
156.374785,399.386,67.323,0.781
156.386395,399.770,67.340,0.798
156.398005,399.283,67.319,0.818
156.409615,398.698,67.294,0.843
156.421224,397.766,67.253,0.861
156.432834,396.891,67.215,0.871
156.444444,395.865,67.170,0.873
156.456054,394.738,67.121,0.873
156.467664,393.684,67.074,0.875
156.479274,393.172,67.052,0.871
156.490884,393.235,67.055,0.865
156.502494,393.759,67.078,0.854
156.514104,394.825,67.125,0.842
156.525714,396.116,67.181,0.837
156.537324,399.891,67.345,0.838
156.548934,420.297,68.207,0.834
156.560544,429.949,68.600,0.835
156.572154,432.613,68.707,0.839
156.583764,435.888,68.837,0.841
156.595374,437.464,68.900,0.841
156.606984,438.325,68.934,0.842
156.618594,438.953,68.959,0.839
156.630204,439.232,68.970,0.837
156.641814,439.267,68.971,0.838
156.653424,439.265,68.971,0.835
156.665034,439.431,68.978,0.833
156.676644,439.506,68.981,0.830
156.688254,439.497,68.980,0.826
156.699864,439.588,68.984,0.823
156.711474,439.644,68.986,0.820
156.723084,439.635,68.986,0.813
156.734694,439.519,68.981,0.802
156.746304,439.255,68.971,0.787
156.757914,438.797,68.953,0.770
156.769524,438.040,68.923,0.756
156.781134,437.095,68.885,0.751
156.792744,436.951,68.880,0.757
156.804354,437.665,68.908,0.792
156.815964,438.826,68.954,0.814
156.827574,439.263,68.971,0.833
156.839184,438.287,68.932,0.847
156.850794,437.233,68.891,0.857
156.862404,436.264,68.852,0.864
156.874014,435.527,68.823,0.868
156.885624,433.574,68.745,0.866
156.897234,428.882,68.557,0.850
156.908844,418.877,68.148,0.844
156.920454,397.890,67.258,0.832
156.932063,395.364,67.148,0.830
156.943673,393.594,67.070,0.829
156.955283,392.121,67.006,0.827
156.966893,390.828,66.948,0.834
156.978503,389.933,66.909,0.834
156.990113,390.412,66.930,0.835
157.001723,390.861,66.950,0.836
157.013333,838.155,80.157,0.840
157.024943,835.925,80.110,0.842
157.036553,337.399,64.403,0.843
157.048163,336.048,64.334,0.847
157.059773,333.659,64.210,0.844
157.071383,332.792,64.165,0.846
157.082993,331.938,64.121,0.850
157.094603,331.376,64.092,0.849
157.106213,331.365,64.091,0.852
157.117823,331.449,64.095,0.849
157.129433,331.355,64.090,0.842
157.141043,330.697,64.056,0.831
157.152653,329.974,64.018,0.814
157.164263,329.238,63.980,0.799
157.175873,329.346,63.985,0.788
157.187483,328.193,63.924,0.778
157.199093,325.471,63.780,0.763
157.210703,324.630,63.735,0.760
157.222313,106.581,44.453,0.760
157.233923,106.549,44.448,0.763
157.245533,106.525,44.444,0.777
157.257143,106.532,44.445,0.791
157.268753,324.891,63.749,0.803
157.280363,348.879,64.983,0.806
157.291973,348.254,64.952,0.808
157.303583,334.443,64.251,0.810
157.315193,330.290,64.035,0.815
157.326803,328.017,63.915,0.823
157.338413,326.357,63.827,0.827
157.350023,324.556,63.732,0.825
157.361633,322.850,63.640,0.822
157.373243,321.917,63.590,0.826
157.384853,322.136,63.602,0.832
157.396463,322.464,63.620,0.839
157.408073,325.281,63.770,0.847
157.419683,331.564,64.101,0.857
157.431293,333.003,64.176,0.868
157.442902,333.241,64.189,0.878
157.454512,333.059,64.179,0.884
157.466122,333.121,64.183,0.888
157.477732,332.465,64.148,0.889
157.489342,331.053,64.075,0.886
157.500952,329.870,64.013,0.877
157.512562,328.320,63.931,0.867
157.524172,328.434,63.937,0.852
157.535782,328.735,63.953,0.830
157.547392,329.640,64.001,0.802
157.559002,330.313,64.036,0.771
157.570612,331.605,64.104,0.736
157.582222,332.644,64.158,0.702
157.593832,332.530,64.152,0.666
157.605442,332.068,64.128,0.614
157.617052,329.395,63.988,0.529
157.628662,108.553,44.771,0.470
157.640272,167.867,52.318,0.480
157.651882,167.955,52.327,0.484
157.663492,167.995,52.331,0.483
157.675102,168.083,52.340,0.486
157.686712,106.141,44.382,0.485
157.698322,106.055,44.368,0.489
157.709932,281.612,61.274,0.491
157.721542,97.304,42.877,0.485
157.733152,281.521,61.269,0.484
157.744762,845.816,80.314,0.497
157.756372,780.525,78.923,0.511
157.767982,779.262,78.895,0.528
157.779592,781.225,78.939,0.546
157.791202,784.234,79.005,0.561
157.802812,566.306,73.369,0.573
157.814422,566.131,73.364,0.583
157.826032,564.800,73.323,0.590
157.837642,564.603,73.317,0.586
157.849252,564.373,73.310,0.580
157.860862,563.688,73.289,0.566
157.872472,563.122,73.271,0.547
157.884082,561.915,73.234,0.525
157.895692,562.220,73.244,0.501
157.907302,110.344,45.054,0.473
157.918912,110.708,45.111,0.445
157.930522,110.774,45.121,0.495
157.942132,220.989,57.078,0.591
157.953741,577.954,73.721,0.657
157.965351,765.242,78.581,0.704
157.976961,265.200,60.235,0.739
157.988571,431.007,68.642,0.764
158.000181,689.804,76.784,0.786
158.011791,135.243,48.577,0.802
158.023401,196.882,55.078,0.811
158.035011,196.836,55.074,0.814
158.046621,196.854,55.075,0.814
158.058231,196.942,55.083,0.802
158.069841,367.881,65.901,0.796
158.081451,196.931,55.082,0.793
158.093061,414.770,67.978,0.794
158.104671,408.351,67.708,0.802
158.116281,406.018,67.608,0.807
158.127891,401.846,67.430,0.808
158.139501,398.515,67.286,0.808
158.151111,396.961,67.218,0.817
158.162721,396.668,67.205,0.816
158.174331,397.228,67.230,0.824
158.185941,396.962,67.218,0.826
158.197551,395.540,67.156,0.818
158.209161,396.922,67.216,0.816
158.220771,413.782,67.936,0.816
158.232381,418.675,68.140,0.812
158.243991,424.290,68.371,0.800
158.255601,434.076,68.765,0.792
158.267211,440.808,69.032,0.770
158.278821,443.832,69.150,0.747
158.290431,447.914,69.309,0.754
158.302041,448.507,69.332,0.768
158.313651,445.226,69.204,0.783
158.325261,442.529,69.099,0.791
158.336871,442.212,69.087,0.811
158.348481,441.974,69.077,0.823
158.360091,441.698,69.067,0.831
158.371701,440.976,69.038,0.844
158.383311,440.532,69.021,0.843
158.394921,440.097,69.004,0.842
158.406531,439.747,68.990,0.837
158.418141,439.119,68.965,0.836
158.429751,438.447,68.939,0.822
158.441361,437.869,68.916,0.812
158.452971,437.094,68.885,0.804
158.464580,436.671,68.869,0.787
158.476190,435.538,68.824,0.771
158.487800,434.362,68.777,0.757
158.499410,435.126,68.807,0.752
158.511020,442.233,69.088,0.759
158.522630,442.563,69.101,0.777
158.534240,441.866,69.073,0.782
158.545850,441.150,69.045,0.789
158.557460,439.606,68.985,0.801
158.569070,438.030,68.922,0.813
158.580680,434.082,68.766,0.813
158.592290,427.954,68.519,0.808
158.603900,410.056,67.780,0.803
158.615510,399.763,67.340,0.797
158.627120,397.335,67.234,0.801
158.638730,395.628,67.160,0.801
158.650340,393.483,67.066,0.805
158.661950,390.949,66.954,0.815
158.673560,388.690,66.853,0.822
158.685170,385.164,66.696,0.838
158.696780,379.135,66.422,0.846
158.708390,742.425,78.057,0.847
158.720000,739.977,78.000,0.849
158.731610,736.540,77.919,0.856
158.743220,729.093,77.743,0.856
158.754830,350.996,65.087,0.848
158.766440,350.229,65.050,0.844
158.778050,349.624,65.020,0.828
158.789660,349.838,65.030,0.818
158.801270,349.910,65.034,0.813
158.812880,350.046,65.041,0.809
158.824490,349.984,65.037,0.801
158.836100,349.937,65.035,0.792
158.847710,349.848,65.031,0.787
158.859320,349.486,65.013,0.785
158.870930,349.206,64.999,0.787
158.882540,348.836,64.981,0.785
158.894150,348.429,64.960,0.786
158.905760,347.969,64.937,0.784
158.917370,347.928,64.935,0.783
158.928980,348.263,64.952,0.788
158.940590,348.673,64.972,0.797
158.952200,349.105,64.994,0.803
158.963810,349.389,65.008,0.810
158.975420,349.836,65.030,0.816
158.987029,350.311,65.054,0.822
158.998639,350.624,65.069,0.826
159.010249,350.803,65.078,0.826
159.021859,350.799,65.078,0.823
159.033469,350.727,65.074,0.813
159.045079,350.514,65.064,0.805
159.056689,350.415,65.059,0.791
159.068299,350.239,65.050,0.782
159.079909,350.064,65.041,0.772
159.091519,349.922,65.034,0.770
159.103129,349.787,65.028,0.778
159.114739,349.621,65.019,0.785
159.126349,349.449,65.011,0.792
159.137959,349.492,65.013,0.794
159.149569,349.223,65.000,0.796
159.161179,348.959,64.987,0.811
159.172789,348.816,64.980,0.840
159.184399,348.847,64.981,0.861
159.196009,349.036,64.990,0.877
159.207619,349.251,65.001,0.891
159.219229,349.524,65.015,0.903
159.230839,349.622,65.020,0.912
159.242449,349.627,65.020,0.918
159.254059,349.581,65.017,0.915
159.265669,349.339,65.005,0.906
159.277279,348.827,64.980,0.895
159.288889,348.058,64.942,0.881
159.300499,346.834,64.881,0.866
159.312109,172.792,52.818,0.856
159.323719,172.620,52.801,0.852
159.335329,172.667,52.806,0.857
159.346939,172.826,52.822,0.867
159.358549,173.091,52.848,0.872
159.370159,173.385,52.878,0.876
159.381769,173.846,52.924,0.881
159.393379,174.396,52.978,0.885
159.404989,174.700,53.008,0.887
159.416599,174.776,53.016,0.887
159.428209,174.657,53.004,0.881
159.439819,174.579,52.997,0.870
159.451429,174.361,52.975,0.859
159.463039,174.007,52.940,0.851
159.474649,173.676,52.907,0.844
159.486259,173.272,52.866,0.838
159.497868,173.225,52.862,0.831
159.509478,173.655,52.905,0.821
159.521088,174.818,53.020,0.819
159.532698,176.036,53.140,0.821
159.544308,603.769,74.478,0.834
159.555918,612.873,74.737,0.842
159.567528,116.193,45.948,0.848
159.579138,116.356,45.972,0.859
159.590748,116.413,45.981,0.862
159.602358,116.418,45.982,0.863
159.613968,116.645,46.015,0.864
159.625578,116.679,46.021,0.867
159.637188,116.737,46.029,0.865
159.648798,116.803,46.039,0.865
159.660408,116.924,46.057,0.866
159.672018,117.073,46.079,0.864
159.683628,117.169,46.093,0.866
159.695238,117.197,46.097,0.869
159.706848,117.314,46.114,0.874
159.718458,117.429,46.131,0.875
159.730068,117.467,46.137,0.873
159.741678,117.445,46.134,0.874
159.753288,117.374,46.123,0.872
159.764898,117.324,46.116,0.864
159.776508,117.273,46.108,0.860
159.788118,117.156,46.091,0.860
159.799728,117.067,46.078,0.854
159.811338,117.019,46.071,0.849
159.822948,117.005,46.069,0.847
159.834558,117.058,46.077,0.843
159.846168,117.080,46.080,0.840
159.857778,117.163,46.092,0.843
159.869388,595.030,74.225,0.844
159.880998,592.323,74.147,0.842
159.892608,591.435,74.121,0.842
159.904218,591.503,74.123,0.843
159.915828,590.911,74.105,0.842
159.927438,590.463,74.092,0.840
159.939048,590.224,74.085,0.839
159.950658,589.477,74.063,0.835
159.962268,589.142,74.053,0.831
159.973878,589.334,74.059,0.827
159.985488,589.369,74.060,0.822
159.997098,589.084,74.052,0.819
160.008707,588.343,74.030,0.815
160.020317,588.030,74.021,0.812
160.031927,587.985,74.019,0.810
160.043537,587.944,74.018,0.807
160.055147,587.981,74.019,0.806
160.066757,587.864,74.016,0.806
160.078367,587.482,74.004,0.806
160.089977,587.529,74.006,0.807
160.101587,587.501,74.005,0.809
160.113197,587.245,73.997,0.810
160.124807,587.166,73.995,0.809
160.136417,587.109,73.994,0.811
160.148027,587.169,73.995,0.811
160.159637,587.231,73.997,0.809
160.171247,587.283,73.999,0.805
160.182857,587.473,74.004,0.802
160.194467,587.729,74.012,0.798
160.206077,588.187,74.025,0.794
160.217687,588.456,74.033,0.792
160.229297,588.647,74.039,0.789
160.240907,588.741,74.042,0.787
160.252517,588.871,74.045,0.788
160.264127,588.854,74.045,0.789
160.275737,588.677,74.040,0.790
160.287347,588.634,74.038,0.792
160.298957,588.528,74.035,0.793
160.310567,588.316,74.029,0.793
160.322177,588.360,74.030,0.792
160.333787,588.262,74.027,0.793
160.345397,588.175,74.025,0.795
160.357007,588.128,74.024,0.797
160.368617,587.980,74.019,0.798
160.380227,587.907,74.017,0.801
160.391837,587.883,74.016,0.803
160.403447,587.790,74.014,0.804
160.415057,587.725,74.012,0.808
160.426667,587.356,74.001,0.809
160.438277,587.129,73.994,0.810
160.449887,587.040,73.991,0.812
160.461497,586.837,73.985,0.813
160.473107,586.725,73.982,0.814
160.484717,586.688,73.981,0.817
160.496327,586.555,73.977,0.820
160.507937,586.481,73.975,0.824
160.519546,586.489,73.975,0.827
160.531156,586.039,73.962,0.828
160.542766,584.973,73.930,0.828
160.554376,583.157,73.877,0.826
160.565986,580.551,73.799,0.823
160.577596,576.178,73.668,0.822
160.589206,568.128,73.425,0.819
160.600816,555.953,73.050,0.816
160.612426,543.949,72.672,0.812
160.624036,538.203,72.488,0.807
160.635646,533.517,72.336,0.806
160.647256,529.509,72.206,0.806
160.658866,527.056,72.125,0.806
160.670476,525.479,72.074,0.803
160.682086,524.284,72.034,0.803
160.693696,523.137,71.996,0.801
160.705306,522.098,71.962,0.799
160.716916,521.218,71.933,0.797
160.728526,520.257,71.901,0.792
160.740136,519.577,71.878,0.787
160.751746,519.294,71.869,0.784
160.763356,519.587,71.878,0.781
160.774966,520.464,71.908,0.776
160.786576,521.968,71.958,0.776
160.798186,523.620,72.012,0.780
160.809796,524.739,72.049,0.784
160.821406,525.571,72.077,0.791
160.833016,526.129,72.095,0.794
160.844626,526.234,72.098,0.794
160.856236,525.921,72.088,0.793
160.867846,525.356,72.069,0.790
160.879456,524.300,72.035,0.786
160.891066,522.854,71.987,0.778
160.902676,521.318,71.936,0.769
160.914286,519.682,71.882,0.759
160.925896,518.810,71.852,0.752
160.937506,519.364,71.871,0.751
160.949116,521.957,71.957,0.758
160.960726,524.467,72.040,0.761
160.972336,526.638,72.112,0.762
160.983946,528.030,72.157,0.764
160.995556,528.896,72.186,0.765
161.007166,529.188,72.195,0.766
161.018776,529.022,72.190,0.766
161.030385,528.262,72.165,0.765
161.041995,526.928,72.121,0.755
161.053605,525.010,72.058,0.748
161.065215,522.238,71.966,0.740
161.076825,519.581,71.878,0.731
161.088435,517.125,71.796,0.726
161.100045,516.154,71.764,0.722
161.111655,516.136,71.763,0.716
161.123265,517.618,71.813,0.710
161.134875,520.728,71.916,0.706
161.146485,523.596,72.011,0.706
161.158095,525.591,72.077,0.706
161.169705,527.241,72.131,0.709
161.181315,528.484,72.172,0.717
161.192925,529.541,72.207,0.721
161.204535,529.558,72.207,0.726
161.216145,528.952,72.188,0.730
161.227755,527.759,72.149,0.733
161.239365,526.247,72.099,0.737
161.250975,524.638,72.046,0.741
161.262585,523.057,71.994,0.739
161.274195,521.062,71.927,0.731
161.285805,519.595,71.879,0.726
161.297415,519.349,71.870,0.726
161.309025,519.316,71.869,0.737
161.320635,522.027,71.959,0.753
161.332245,522.541,71.976,0.765
161.343855,524.155,72.030,0.782
161.355465,524.725,72.049,0.799
161.367075,523.758,72.017,0.813
161.378685,522.498,71.975,0.831
161.390295,521.714,71.949,0.840
161.401905,521.392,71.938,0.841
161.413515,516.262,71.767,0.840
161.425125,514.657,71.713,0.837
161.436735,513.614,71.678,0.831
161.448345,511.299,71.600,0.831
161.459955,132.565,48.230,0.828
161.471565,260.035,59.894,0.823
161.483175,396.484,67.197,0.823
161.494785,395.988,67.175,0.826
161.506395,394.982,67.131,0.827
161.518005,395.166,67.139,0.828
161.529615,131.408,48.079,0.833
161.541224,263.848,60.146,0.832
161.552834,264.232,60.172,0.838
161.564444,265.709,60.268,0.844
161.576054,267.511,60.385,0.844
161.587664,429.565,68.584,0.838
161.599274,438.800,68.953,0.829
161.610884,442.568,69.101,0.820
161.622494,446.402,69.250,0.807
161.634104,449.513,69.370,0.795
161.645714,452.121,69.470,0.793
161.657324,422.293,68.289,0.808
161.668934,430.774,68.633,0.818
161.680544,437.238,68.891,0.831
161.692154,439.554,68.982,0.850
161.703764,439.938,68.998,0.862
161.715374,439.957,68.998,0.870
161.726984,439.759,68.991,0.878
161.738594,439.715,68.989,0.878
161.750204,439.925,68.997,0.866
161.761814,439.169,68.967,0.857
161.773424,437.933,68.918,0.853
161.785034,436.325,68.855,0.839
161.796644,435.466,68.821,0.827
161.808254,434.428,68.779,0.815
161.819864,433.515,68.743,0.797
161.831474,432.385,68.698,0.776
161.843084,430.954,68.640,0.754
161.854694,430.406,68.618,0.746
161.866304,441.117,69.044,0.748
161.877914,440.964,69.038,0.752
161.889524,436.740,68.871,0.764
161.901134,433.762,68.753,0.786
161.912744,431.077,68.645,0.801
161.924354,429.481,68.581,0.809
161.935964,425.972,68.439,0.824
161.947574,420.006,68.195,0.834
161.959184,404.348,67.537,0.836
161.970794,400.924,67.390,0.838
161.982404,396.797,67.211,0.839
161.994014,394.844,67.125,0.832
162.005624,393.401,67.062,0.825
162.017234,392.145,67.007,0.824
162.028844,390.673,66.942,0.822
162.040454,388.415,66.841,0.819
162.052063,385.843,66.726,0.813
162.063673,383.879,66.638,0.807
162.075283,380.456,66.483,0.801
162.086893,377.950,66.368,0.799
162.098503,375.362,66.249,0.801
162.110113,372.479,66.116,0.802
162.121723,355.570,65.312,0.796
162.133333,351.065,65.091,0.786
162.144943,174.285,52.967,0.783
162.156553,174.039,52.943,0.785
162.168163,173.926,52.932,0.792
162.179773,173.923,52.931,0.800
162.191383,173.890,52.928,0.808
162.202993,173.866,52.926,0.816
162.214603,173.856,52.925,0.821
162.226213,173.903,52.929,0.824
162.237823,348.378,64.958,0.824
162.249433,348.644,64.971,0.827
162.261043,348.769,64.977,0.829
162.272653,349.089,64.993,0.828
162.284263,349.515,65.014,0.824
162.295873,350.025,65.039,0.816
162.307483,350.590,65.067,0.813
162.319093,350.790,65.077,0.809
162.330703,350.805,65.078,0.807
162.342313,350.812,65.078,0.799
162.353923,350.624,65.069,0.789
162.365533,350.375,65.057,0.783
162.377143,350.146,65.045,0.779
162.388753,349.890,65.033,0.779
162.400363,349.557,65.016,0.775
162.411973,349.283,65.003,0.774
162.423583,349.091,64.993,0.773
162.435193,348.928,64.985,0.773
162.446803,348.990,64.988,0.776
162.458413,348.997,64.989,0.775
162.470023,349.032,64.990,0.775
162.481633,349.052,64.991,0.775
162.493243,349.094,64.993,0.775
162.504853,349.104,64.994,0.775
162.516463,349.147,64.996,0.778
162.528073,349.248,65.001,0.781
162.539683,349.297,65.003,0.787
162.551293,349.336,65.005,0.799
162.562902,349.477,65.012,0.815
162.574512,349.675,65.022,0.833
162.586122,349.889,65.033,0.849
162.597732,350.133,65.045,0.865
162.609342,350.239,65.050,0.880
162.620952,350.219,65.049,0.895
162.632562,350.109,65.044,0.907
162.644172,349.919,65.034,0.916
162.655782,349.646,65.021,0.922
162.667392,349.372,65.007,0.927
162.679002,349.066,64.992,0.929
162.690612,348.857,64.982,0.929
162.702222,348.719,64.975,0.926
162.713832,348.703,64.974,0.922
162.725442,348.940,64.986,0.913
162.737052,349.309,65.004,0.902
162.748662,350.027,65.040,0.888
162.760272,116.656,46.017,0.869
162.771882,116.891,46.052,0.851
162.783492,117.098,46.083,0.835
162.795102,117.250,46.105,0.824
162.806712,117.378,46.124,0.818
162.818322,117.311,46.114,0.819
162.829932,117.091,46.082,0.826
162.841542,116.584,46.006,0.826
162.853152,116.398,45.979,0.825
162.864762,116.146,45.941,0.825
162.876372,115.998,45.919,0.826
162.887982,116.083,45.932,0.825
162.899592,116.366,45.974,0.825
162.911202,116.671,46.019,0.825
162.922812,117.181,46.095,0.818
162.934422,117.312,46.114,0.816
162.946032,234.819,58.129,0.823
162.957642,235.198,58.156,0.828
162.969252,237.096,58.296,0.844
162.980862,246.671,58.981,0.859
162.992472,249.469,59.176,0.867
163.004082,251.218,59.297,0.870
163.015692,155.736,51.019,0.880
163.027302,389.929,66.908,0.890
163.038912,389.742,66.900,0.897
163.050522,97.810,42.967,0.905
163.062132,97.991,42.999,0.904
163.073741,98.074,43.013,0.900
163.085351,98.131,43.023,0.899
163.096961,98.147,43.026,0.899
163.108571,98.169,43.030,0.898
163.120181,98.114,43.020,0.897
163.131791,771.438,78.721,0.896
163.143401,771.137,78.714,0.889
163.155011,768.238,78.649,0.884
163.166621,761.481,78.496,0.882
163.178231,755.745,78.365,0.880
163.189841,749.796,78.228,0.880
163.201451,741.958,78.046,0.878
163.213061,733.205,77.841,0.876
163.224671,351.403,65.107,0.876
163.236281,350.284,65.052,0.880
163.247891,349.957,65.036,0.883
163.259501,349.694,65.023,0.884
163.271111,349.556,65.016,0.884
163.282721,349.482,65.013,0.880
163.294331,349.420,65.009,0.877
163.305941,349.330,65.005,0.874
163.317551,349.148,64.996,0.868
163.329161,348.965,64.987,0.861
163.340771,116.174,45.945,0.858
163.352381,116.196,45.949,0.855
163.363991,116.221,45.952,0.858
163.375601,116.264,45.959,0.863
163.387211,116.321,45.967,0.866
163.398821,116.416,45.981,0.873
163.410431,116.525,45.998,0.882
163.422041,116.588,46.007,0.889
163.433651,233.412,58.025,0.896
163.445261,233.451,58.027,0.902
163.456871,233.425,58.025,0.903
163.468481,233.408,58.024,0.905
163.480091,233.409,58.024,0.909
163.491701,233.390,58.023,0.907
163.503311,233.324,58.018,0.904
163.514921,233.208,58.009,0.903
163.526531,233.124,58.003,0.898
163.538141,233.068,57.999,0.889
163.549751,233.044,57.997,0.882
163.561361,233.031,57.996,0.874
163.572971,233.046,57.997,0.862
163.584580,233.082,58.000,0.853
163.596190,233.187,58.008,0.842
163.607800,233.267,58.014,0.831
163.619410,233.424,58.025,0.825
163.631020,233.596,58.038,0.824
163.642630,233.774,58.051,0.825
163.654240,233.823,58.055,0.826
163.665850,233.804,58.054,0.828
163.677460,233.880,58.059,0.830
163.689070,233.954,58.065,0.834
163.700680,234.147,58.079,0.840
163.712290,234.277,58.089,0.838
163.723900,234.372,58.096,0.836
163.735510,234.566,58.110,0.831
163.747120,235.091,58.149,0.827
163.758730,235.521,58.180,0.825
163.770340,246.572,58.974,0.826
163.781950,172.594,52.799,0.828
163.793560,173.395,52.879,0.830
163.805170,173.789,52.918,0.834
163.816780,173.956,52.935,0.835
163.828390,174.068,52.946,0.840
163.840000,174.173,52.956,0.844
163.851610,174.230,52.962,0.848
163.863220,174.227,52.962,0.852
163.874830,174.110,52.950,0.855
163.886440,174.028,52.942,0.855
163.898050,174.028,52.942,0.857
163.909660,174.039,52.943,0.861
163.921270,174.069,52.946,0.863
163.932880,174.194,52.958,0.866
163.944490,174.307,52.969,0.867
163.956100,174.424,52.981,0.867
163.967710,174.536,52.992,0.867
163.979320,174.581,52.997,0.865
163.990930,174.631,53.002,0.866
164.002540,174.688,53.007,0.871
164.014150,174.726,53.011,0.876
164.025760,174.749,53.013,0.880
164.037370,174.724,53.011,0.882
164.048980,174.671,53.006,0.883
164.060590,174.619,53.000,0.885
164.072200,174.546,52.993,0.888
164.083810,174.480,52.987,0.890
164.095420,174.406,52.979,0.885
164.107029,174.352,52.974,0.879
164.118639,174.291,52.968,0.873
164.130249,174.265,52.965,0.869
164.141859,174.253,52.964,0.865
164.153469,174.319,52.971,0.863
164.165079,174.421,52.981,0.861
164.176689,174.536,52.992,0.860
164.188299,174.628,53.001,0.859
164.199909,174.700,53.009,0.859
164.211519,174.754,53.014,0.857
164.223129,174.782,53.017,0.855
164.234739,174.749,53.013,0.852
164.246349,174.634,53.002,0.850
164.257959,174.513,52.990,0.848
164.269569,174.377,52.976,0.846
164.281179,174.283,52.967,0.846
164.292789,174.209,52.960,0.847
164.304399,174.151,52.954,0.847
164.316009,174.166,52.956,0.847
164.327619,174.221,52.961,0.847
164.339229,174.279,52.967,0.845
164.350839,174.350,52.974,0.842
164.362449,174.413,52.980,0.836
164.374059,174.453,52.984,0.829
164.385669,174.519,52.991,0.823
164.397279,174.526,52.991,0.820
164.408889,174.476,52.986,0.815
164.420499,174.426,52.981,0.811
164.432109,174.322,52.971,0.806
164.443719,174.224,52.961,0.802
164.455329,174.193,52.958,0.802
164.466939,174.169,52.956,0.802
164.478549,174.238,52.963,0.803
164.490159,174.432,52.982,0.803
164.501769,174.680,53.007,0.804
164.513379,174.952,53.033,0.804
164.524989,175.175,53.056,0.805
164.536599,175.378,53.076,0.807
164.548209,175.548,53.092,0.808
164.559819,527.489,72.140,0.810
164.571429,527.652,72.145,0.809
164.583039,527.872,72.152,0.808
164.594649,528.706,72.180,0.806
164.606259,530.530,72.239,0.808
164.617868,533.178,72.325,0.812
164.629478,536.405,72.430,0.814
164.641088,540.626,72.566,0.816
164.652698,545.406,72.718,0.817
164.664308,549.160,72.837,0.820
164.675918,551.676,72.916,0.826
164.687528,553.440,72.971,0.831
164.699138,554.489,73.004,0.832
164.710748,555.092,73.023,0.834
164.722358,555.059,73.022,0.836
164.733968,554.725,73.011,0.836
164.745578,554.493,73.004,0.839
164.757188,554.484,73.004,0.839
164.768798,554.649,73.009,0.838
164.780408,554.134,72.993,0.839
164.792018,553.240,72.965,0.841
164.803628,552.110,72.929,0.837
164.815238,550.565,72.881,0.830
164.826848,548.624,72.820,0.824
164.838458,545.576,72.723,0.818
164.850068,541.353,72.589,0.815
164.861678,536.905,72.446,0.813
164.873288,532.599,72.307,0.811
164.884898,528.686,72.179,0.809
164.896508,526.235,72.098,0.812
164.908118,525.085,72.061,0.822
164.919728,524.379,72.037,0.830
164.931338,524.179,72.031,0.836
164.942948,524.197,72.031,0.841
164.954558,524.201,72.031,0.846
164.966168,524.059,72.027,0.846
164.977778,524.044,72.026,0.847
164.989388,523.980,72.024,0.848
165.000998,523.843,72.020,0.848
165.012608,523.557,72.010,0.847
165.024218,522.826,71.986,0.844
165.035828,521.836,71.953,0.837
165.047438,521.308,71.936,0.820
165.059048,520.842,71.920,0.804
165.070658,520.447,71.907,0.783
165.082268,519.603,71.879,0.756
165.093878,518.315,71.836,0.724
165.105488,517.079,71.795,0.677
165.117098,517.943,71.823,0.619
165.128707,87.263,40.991,0.545
165.140317,174.453,52.984,0.528
165.151927,174.472,52.986,0.523
165.163537,174.533,52.992,0.525
165.175147,525.373,72.070,0.527
165.186757,525.788,72.084,0.529
165.198367,526.406,72.104,0.533
165.209977,526.604,72.111,0.537
165.221587,527.217,72.131,0.539
165.233197,528.862,72.185,0.546
165.244807,531.554,72.273,0.550
165.256417,547.095,72.771,0.553
165.268027,92.647,42.028,0.563
165.279637,92.698,42.037,0.595
165.291247,92.806,42.057,0.631
165.302857,233.441,58.027,0.667
165.314467,233.359,58.021,0.695
165.326077,467.187,70.038,0.715
165.337687,467.082,70.034,0.735
165.349297,466.988,70.031,0.752
165.360907,466.796,70.023,0.765
165.372517,467.080,70.034,0.775
165.384127,467.208,70.039,0.781
165.395737,467.126,70.036,0.782
165.407347,466.960,70.030,0.785
165.418957,466.676,70.019,0.786
165.430567,465.887,69.990,0.783
165.442177,464.824,69.950,0.778
165.453787,463.016,69.883,0.775
165.465397,460.449,69.786,0.771
165.477007,456.164,69.625,0.765
165.488617,449.961,69.388,0.765
165.500227,445.031,69.197,0.760
165.511837,443.197,69.125,0.759
165.523447,441.878,69.074,0.764
165.535057,441.082,69.043,0.771
165.546667,440.586,69.023,0.776
165.558277,440.667,69.026,0.779
165.569887,440.840,69.033,0.781
165.581497,440.992,69.039,0.782
165.593107,441.054,69.041,0.783
165.604717,441.006,69.040,0.783
165.616327,440.921,69.036,0.779
165.627937,440.896,69.035,0.773
165.639546,440.735,69.029,0.767
165.651156,440.576,69.023,0.758
165.662766,440.630,69.025,0.748
165.674376,440.721,69.028,0.734
165.685986,440.799,69.031,0.720
165.697596,441.863,69.073,0.707
165.709206,445.027,69.197,0.698
165.720816,461.696,69.833,0.696
165.732426,466.166,70.000,0.698
165.744036,467.791,70.060,0.703
165.755646,468.120,70.072,0.715
165.767256,468.393,70.083,0.729
165.778866,468.322,70.080,0.741
165.790476,468.215,70.076,0.753
165.802086,468.024,70.069,0.763
165.813696,467.550,70.051,0.767
165.825306,467.121,70.036,0.773
165.836916,466.917,70.028,0.778
165.848526,466.776,70.023,0.779
165.860136,466.437,70.010,0.782
165.871746,465.889,69.990,0.781
165.883356,465.027,69.958,0.778
165.894966,463.694,69.908,0.777
165.906576,461.676,69.833,0.776
165.918186,458.441,69.711,0.777
165.929796,442.872,69.113,0.781
165.941406,440.984,69.039,0.788
165.953016,440.312,69.012,0.790
165.964626,440.736,69.029,0.797
165.976236,441.409,69.055,0.803
165.987846,442.185,69.086,0.807
165.999456,442.848,69.112,0.813
166.011066,442.927,69.115,0.816
166.022676,442.331,69.091,0.818
166.034286,441.158,69.046,0.821
166.045896,439.558,68.983,0.824
166.057506,437.139,68.887,0.823
166.069116,434.879,68.797,0.819
166.080726,433.203,68.730,0.812
166.092336,431.866,68.677,0.804
166.103946,431.651,68.668,0.796
166.115556,434.091,68.766,0.795
166.127166,442.680,69.105,0.792
166.138776,447.827,69.305,0.785
166.150385,449.699,69.377,0.780
166.161995,450.130,69.394,0.787
166.173605,449.268,69.361,0.796
166.185215,448.315,69.324,0.807
166.196825,446.750,69.264,0.815
166.208435,444.090,69.160,0.814
166.220045,439.728,68.989,0.812
166.231655,435.506,68.822,0.814
166.243265,432.679,68.710,0.814
166.254875,431.277,68.653,0.808
166.266485,430.693,68.630,0.799
166.278095,431.969,68.681,0.790
166.289705,436.280,68.853,0.780
166.301315,442.620,69.103,0.777
166.312925,446.561,69.256,0.781
166.324535,447.686,69.300,0.778
166.336145,448.060,69.314,0.778
166.347755,447.890,69.308,0.784
166.359365,447.562,69.295,0.793
166.370975,446.382,69.249,0.800
166.382585,444.020,69.157,0.803
166.394195,441.236,69.049,0.801
166.405805,438.162,68.928,0.793
166.417415,434.879,68.797,0.789
166.429025,432.965,68.721,0.786
166.440635,432.332,68.696,0.779
166.452245,432.433,68.700,0.765
166.463855,434.908,68.798,0.755
166.475465,439.546,68.982,0.751
166.487075,443.431,69.134,0.747
166.498685,446.014,69.235,0.749
166.510295,446.972,69.272,0.751
166.521905,446.718,69.262,0.756
166.533515,446.197,69.242,0.760
166.545125,445.130,69.201,0.767
166.556735,443.661,69.143,0.768
166.568345,442.355,69.092,0.764
166.579955,440.747,69.029,0.759
166.591565,438.354,68.935,0.752
166.603175,436.291,68.853,0.743
166.614785,434.401,68.778,0.728
166.626395,434.381,68.778,0.713
166.638005,436.322,68.855,0.706
166.649615,440.021,69.001,0.700
166.661224,443.595,69.141,0.703
166.672834,446.196,69.242,0.709
166.684444,447.694,69.300,0.715
166.696054,447.694,69.300,0.718
166.707664,447.760,69.303,0.722
166.719274,446.503,69.254,0.734
166.730884,444.957,69.194,0.734
166.742494,443.397,69.133,0.738
166.754104,441.103,69.043,0.736
166.765714,439.188,68.968,0.731
166.777324,437.026,68.883,0.726
166.788934,434.994,68.802,0.724
166.800544,434.133,68.768,0.721
166.812154,435.246,68.812,0.709
166.823764,439.044,68.962,0.705
166.835374,442.619,69.103,0.698
166.846984,446.675,69.261,0.693
166.858594,448.430,69.329,0.692
166.870204,448.686,69.338,0.694
166.881814,448.650,69.337,0.692
166.893424,448.116,69.316,0.690
166.905034,446.949,69.271,0.690
166.916644,445.270,69.206,0.682
166.928254,444.033,69.158,0.669
166.939864,441.671,69.066,0.651
166.951474,439.224,68.969,0.632
166.963084,436.240,68.851,0.607
166.974694,434.487,68.782,0.583
166.986304,436.428,68.859,0.567
166.997914,444.168,69.163,0.561
167.009524,448.099,69.316,0.555
167.021134,448.286,69.323,0.557
167.032744,448.730,69.340,0.558
167.044354,448.325,69.324,0.563
167.055964,447.320,69.286,0.577
167.067574,445.994,69.234,0.590
167.079184,444.828,69.189,0.593
167.090794,442.754,69.108,0.593
167.102404,440.601,69.024,0.595
167.114014,440.021,69.001,0.593
167.125624,438.883,68.956,0.596
167.137234,438.677,68.948,0.597
167.148844,440.118,69.005,0.596
167.160454,441.897,69.074,0.591
167.172063,443.539,69.139,0.584
167.183673,445.777,69.226,0.579
167.195283,447.180,69.280,0.571
167.206893,446.971,69.272,0.567
167.218503,446.549,69.256,0.573
167.230113,445.412,69.212,0.580
167.241723,444.140,69.162,0.577
167.253333,442.739,69.107,0.575
167.264943,442.097,69.082,0.584
167.276553,441.043,69.041,0.581
167.288163,440.261,69.010,0.577
167.299773,439.866,68.995,0.573
167.311383,439.415,68.977,0.561
167.322993,439.786,68.992,0.545
167.334603,440.775,69.030,0.529
167.346213,442.658,69.104,0.506
167.357823,445.334,69.209,0.473
167.369433,445.952,69.233,0.450
167.381043,445.735,69.224,0.434
167.392653,445.660,69.221,0.415
167.404263,445.287,69.207,0.387
167.415873,445.858,69.229,0.365
167.427483,443.787,69.148,0.368
167.439093,441.918,69.075,0.386
167.450703,441.579,69.062,0.404
167.462313,441.340,69.053,0.408
167.473923,441.653,69.065,0.413
167.485533,441.627,69.064,0.424
167.497143,441.010,69.040,0.433
167.508753,440.896,69.035,0.433
167.520363,441.408,69.055,0.429
167.531973,442.271,69.089,0.414
167.543583,441.599,69.063,0.390
167.555193,442.047,69.080,0.375
167.566803,441.860,69.073,0.358
167.578413,442.408,69.095,0.337
167.590023,443.293,69.129,0.319
167.601633,443.501,69.137,0.297
167.613243,443.529,69.138,0.276
167.624853,442.861,69.112,0.270
167.636463,442.891,69.113,0.264
167.648073,442.505,69.098,0.260
167.659683,442.552,69.100,0.251
167.671293,443.573,69.140,0.233
167.682902,444.823,69.189,0.218
167.694512,445.263,69.206,0.214
167.706122,445.732,69.224,0.220
167.717732,446.457,69.252,0.221
167.729342,446.240,69.244,0.228
167.740952,446.215,69.243,0.226
167.752562,445.173,69.202,0.250
167.764172,443.896,69.153,0.273
167.775782,442.241,69.088,0.287
167.787392,442.091,69.082,0.328
167.799002,443.206,69.126,0.379
167.810612,444.058,69.159,0.421
167.822222,443.257,69.128,0.472
167.833832,451.290,69.439,0.510
167.845442,454.401,69.558,0.532
167.857052,454.846,69.575,0.553
167.868662,454.765,69.571,0.570
167.880272,454.518,69.562,0.580
167.891882,455.587,69.603,0.585
167.903492,454.704,69.569,0.589
167.915102,453.338,69.517,0.584
167.926712,452.048,69.468,0.574
167.938322,450.321,69.401,0.564
167.949932,448.432,69.329,0.545
167.961542,446.300,69.246,0.522
167.973152,446.515,69.254,0.496
167.984762,446.632,69.259,0.465
167.996372,444.714,69.184,0.422
168.007982,446.466,69.253,0.368
168.019592,448.095,69.316,0.315
168.031202,220.716,57.056,0.314
168.042812,442.185,69.086,0.445
168.054422,1002.273,83.252,0.562
168.066032,224.982,57.388,0.645
168.077642,225.078,57.395,0.696
168.089252,224.906,57.382,0.732
168.100862,953.954,82.397,0.760
168.112472,224.912,57.382,0.783
168.124082,224.931,57.384,0.799
168.135692,225.010,57.390,0.808
168.147302,85.143,40.565,0.814
168.158912,582.303,73.851,0.809
168.170522,502.448,71.298,0.796
168.182132,502.043,71.284,0.776
168.193741,348.731,64.975,0.763
168.205351,385.606,66.715,0.760
168.216961,387.960,66.821,0.767
168.228571,389.779,66.902,0.774
168.240181,391.870,66.994,0.774
168.251791,391.340,66.971,0.777
168.263401,392.109,67.005,0.789
168.275011,392.428,67.019,0.802
168.286621,393.187,67.053,0.806
168.298231,394.639,67.116,0.806
168.309841,396.640,67.204,0.803
168.321451,401.762,67.426,0.805
168.333061,412.340,67.876,0.807
168.344671,420.145,68.201,0.811
168.356281,429.621,68.587,0.813
168.367891,431.761,68.673,0.815
168.379501,432.404,68.699,0.813
168.391111,434.204,68.770,0.801
168.402721,435.049,68.804,0.785
168.414331,434.348,68.776,0.768
168.425941,431.039,68.644,0.770
168.437551,435.482,68.821,0.781
168.449161,439.602,68.984,0.787
168.460771,441.143,69.045,0.794
168.472381,441.298,69.051,0.805
168.483991,440.769,69.030,0.823
168.495601,440.283,69.011,0.839
168.507211,440.374,69.015,0.849
168.518821,440.620,69.024,0.848
168.530431,440.334,69.013,0.843
168.542041,440.265,69.010,0.842
168.553651,440.399,69.016,0.842
168.565261,440.504,69.020,0.842
168.576871,440.781,69.031,0.833
168.588481,441.349,69.053,0.817
168.600091,441.740,69.068,0.800
168.611701,442.091,69.082,0.785
168.623311,442.240,69.088,0.770
168.634921,442.061,69.081,0.762
168.646531,442.343,69.092,0.750
168.658141,443.821,69.150,0.739
168.669751,443.901,69.153,0.743
168.681361,442.416,69.095,0.761
168.692971,440.088,69.003,0.775
168.704580,437.882,68.916,0.788
168.716190,434.420,68.779,0.793
168.727800,429.818,68.595,0.787
168.739410,421.587,68.260,0.786
168.751020,415.481,68.007,0.782
168.762630,407.015,67.651,0.779
168.774240,399.103,67.311,0.777
168.785850,395.300,67.145,0.773
168.797460,392.901,67.040,0.770
168.809070,390.640,66.940,0.770
168.820680,388.113,66.828,0.774
168.832290,384.820,66.680,0.775
168.843900,379.783,66.452,0.777
168.855510,374.463,66.208,0.780
168.867120,364.310,65.732,0.779
168.878730,359.178,65.486,0.781
168.890340,352.354,65.154,0.780
168.901950,349.237,65.000,0.782
168.913560,347.473,64.913,0.783
168.925170,347.281,64.903,0.785
168.936780,348.068,64.942,0.784
168.948390,349.199,64.999,0.784
168.960000,349.935,65.035,0.784
168.971610,350.501,65.063,0.785
168.983220,350.716,65.074,0.784
168.994830,350.873,65.081,0.782
169.006440,350.791,65.077,0.779
169.018050,350.738,65.075,0.778
169.029660,350.939,65.085,0.779
169.041270,350.861,65.081,0.780
169.052880,351.006,65.088,0.782
169.064490,350.752,65.075,0.787
169.076100,350.468,65.061,0.793
169.087710,350.627,65.069,0.801
169.099320,350.518,65.064,0.807
169.110930,350.472,65.062,0.811
169.122540,350.410,65.058,0.815
169.134150,350.381,65.057,0.820
169.145760,350.170,65.047,0.823
169.157370,350.095,65.043,0.825
169.168980,349.942,65.035,0.826
169.180590,349.782,65.027,0.824
169.192200,349.749,65.026,0.824
169.203810,349.773,65.027,0.823
169.215420,349.721,65.024,0.821
169.227029,349.678,65.022,0.816
169.238639,349.614,65.019,0.813
169.250249,349.629,65.020,0.810
169.261859,349.546,65.016,0.806
169.273469,349.613,65.019,0.804
169.285079,349.410,65.009,0.802
169.296689,349.183,64.998,0.803
169.308299,349.124,64.995,0.805
169.319909,349.282,65.003,0.809
169.331519,349.274,65.002,0.816
169.343129,349.161,64.997,0.823
169.354739,349.196,64.998,0.830
169.366349,349.459,65.011,0.837
169.377959,349.645,65.021,0.843
169.389569,349.727,65.025,0.849
169.401179,349.934,65.035,0.855
169.412789,350.093,65.043,0.859
169.424399,350.311,65.054,0.859
169.436009,350.507,65.063,0.857
169.447619,350.547,65.065,0.854
169.459229,350.471,65.061,0.852
169.470839,350.248,65.050,0.849
169.482449,349.940,65.035,0.846
169.494059,349.539,65.015,0.839
169.505669,349.310,65.004,0.832
169.517279,349.336,65.005,0.823
169.528889,349.477,65.012,0.811
169.540499,349.888,65.033,0.797
169.552109,351.502,65.112,0.783
169.563719,355.561,65.311,0.765
169.575329,361.604,65.603,0.749
169.586939,368.839,65.946,0.739
169.598549,385.156,66.695,0.737
169.610159,393.550,67.069,0.735
169.621769,395.571,67.157,0.747
169.633379,394.820,67.124,0.754
169.644989,393.839,67.081,0.763
169.656599,393.324,67.059,0.765
169.668209,392.402,67.018,0.766
169.679819,390.355,66.927,0.762
169.691429,388.341,66.838,0.753
169.703039,387.056,66.780,0.747
169.714649,386.529,66.757,0.734
169.726259,386.651,66.762,0.728
169.737868,388.127,66.828,0.716
169.749478,391.938,66.997,0.711
169.761088,395.746,67.165,0.706
169.772698,397.619,67.247,0.707
169.784308,398.185,67.271,0.712
169.795918,398.481,67.284,0.716
169.807528,397.528,67.243,0.721
169.819138,395.846,67.169,0.719
169.830748,393.918,67.085,0.718
169.842358,391.537,66.980,0.713
169.853968,389.420,66.886,0.707
169.865578,387.727,66.810,0.697
169.877188,386.852,66.771,0.682
169.888798,386.316,66.747,0.667
169.900408,385.859,66.727,0.651
169.912018,386.955,66.776,0.643
169.923628,390.267,66.924,0.634
169.935238,393.197,67.053,0.634
169.946848,395.132,67.138,0.631
169.958458,395.894,67.171,0.634
169.970068,395.703,67.163,0.640
169.981678,394.492,67.110,0.645
169.993288,393.321,67.058,0.647
170.004898,391.716,66.988,0.646
170.016508,390.083,66.915,0.642
170.028118,389.155,66.874,0.638
170.039728,388.721,66.855,0.626
170.051338,388.607,66.850,0.615
170.062948,389.127,66.873,0.605
170.074558,389.968,66.910,0.595
170.086168,392.262,67.012,0.589
170.097778,394.175,67.096,0.593
170.109388,395.319,67.146,0.599
170.120998,395.403,67.150,0.602
170.132608,395.013,67.133,0.607
170.144218,394.433,67.107,0.607
170.155828,393.631,67.072,0.602
170.167438,392.812,67.036,0.600
170.179048,391.850,66.994,0.598
170.190658,391.302,66.969,0.588
170.202268,390.705,66.943,0.577
170.213878,390.096,66.916,0.571
170.225488,390.351,66.927,0.561
170.237098,390.757,66.945,0.551
170.248707,392.478,67.021,0.547
170.260317,393.947,67.086,0.541
170.271927,394.991,67.132,0.529
170.283537,395.532,67.155,0.520
170.295147,396.064,67.179,0.507
170.306757,395.333,67.147,0.492
170.318367,393.498,67.066,0.477
170.329977,390.787,66.947,0.472
170.341587,388.749,66.856,0.457
170.353197,387.945,66.820,0.440
170.364807,387.683,66.808,0.432
170.376417,388.322,66.837,0.422
170.388027,388.576,66.848,0.418
170.399637,390.392,66.929,0.419
170.411247,390.862,66.950,0.427
170.422857,392.370,67.017,0.429
170.434467,392.349,67.016,0.431
170.446077,391.560,66.981,0.431
170.457687,392.242,67.011,0.428
170.469297,390.047,66.914,0.427
170.480907,389.284,66.880,0.425
170.492517,388.571,66.848,0.422
170.504127,388.540,66.847,0.416
170.515737,388.503,66.845,0.411
170.527347,388.907,66.863,0.402
170.538957,388.460,66.843,0.393
170.550567,387.943,66.820,0.384
170.562177,387.908,66.819,0.375
170.573787,388.279,66.835,0.359
170.585397,388.758,66.856,0.331
170.597007,388.482,66.844,0.302
170.608617,388.254,66.834,0.275
170.620227,388.597,66.849,0.258
170.631837,389.556,66.892,0.247
170.643447,389.135,66.873,0.229
170.655057,388.670,66.853,0.210
170.666667,388.321,66.837,0.201
170.678277,388.358,66.839,0.202
170.689887,388.182,66.831,0.207
170.701497,387.830,66.815,0.211
170.713107,387.713,66.810,0.210
170.724717,387.699,66.809,0.201
170.736327,387.828,66.815,0.196
170.747937,388.131,66.829,0.185
170.759546,387.894,66.818,0.174
170.771156,387.756,66.812,0.170
170.782766,387.527,66.802,0.161
170.794376,386.998,66.778,0.149
170.805986,132.476,48.219,0.136
170.817596,415.543,68.010,0.129
170.829206,414.902,67.983,0.122
170.840816,415.541,68.010,0.113
170.852426,414.972,67.986,0.103
170.864036,351.937,65.134,0.091
170.875646,352.285,65.151,0.070
170.887256,352.123,65.143,0.051
170.898866,351.771,65.126,0.038
170.910476,351.497,65.112,0.025
170.922086,351.726,65.123,0.014
170.933696,351.723,65.123,0.006
170.945306,,,0.000
170.956916,,,0.000
170.968526,,,0.000
170.980136,,,0.000
170.991746,,,0.000
171.003356,,,0.000
171.014966,,,0.000
171.026576,,,0.000
171.038186,,,0.000
171.049796,384.346,66.659,0.007
171.061406,384.259,66.655,0.023
171.073016,385.892,66.728,0.034
171.084626,387.987,66.822,0.056
171.096236,387.420,66.797,0.098
171.107846,455.871,69.613,0.170
171.119456,380.303,66.476,0.244
171.131066,381.702,66.539,0.311
171.142676,465.932,69.991,0.357
171.154286,462.104,69.849,0.396
171.165896,454.582,69.564,0.445
171.177506,453.164,69.510,0.474
171.189116,95.150,42.489,0.519
171.200726,119.132,46.381,0.547
171.212336,119.157,46.384,0.573
171.223946,125.395,47.268,0.593
171.235556,555.856,73.046,0.612
171.247166,113.279,45.508,0.627
171.258776,113.149,45.489,0.638
171.270385,106.566,44.451,0.649
171.281995,207.493,55.987,0.656
171.293605,560.266,73.183,0.662
171.305215,560.846,73.201,0.665
171.316825,112.595,45.404,0.665
171.328435,112.510,45.391,0.655
171.340045,112.414,45.376,0.644
171.351655,112.537,45.395,0.626
171.363265,112.540,45.395,0.605
171.374875,112.612,45.406,0.573
171.386485,81.924,39.898,0.531
171.398095,83.235,40.173,0.472
171.409705,83.240,40.174,0.382
171.421315,274.275,60.817,0.322
171.432925,98.319,43.056,0.242
171.444535,458.441,69.711,0.272
171.456145,319.811,63.477,0.347
171.467755,451.439,69.444,0.469
171.479365,709.054,77.261,0.588
171.490975,195.329,54.941,0.666
171.502585,392.054,67.003,0.705
171.514195,392.547,67.024,0.733
171.525805,457.785,69.686,0.756
171.537415,457.287,69.667,0.771
171.549025,203.698,55.667,0.786
171.560635,731.010,77.789,0.795
171.572245,86.483,40.836,0.790
171.583855,160.303,51.520,0.771
171.595465,896.593,81.323,0.751
171.607075,888.383,81.164,0.730
171.618685,400.503,67.372,0.746
171.630295,397.667,67.249,0.757
171.641905,395.532,67.156,0.766
171.653515,394.494,67.110,0.771
171.665125,394.106,67.093,0.780
171.676735,393.814,67.080,0.792
171.688345,393.786,67.079,0.804
171.699955,394.187,67.097,0.815
171.711565,394.944,67.130,0.807
171.723175,396.263,67.187,0.804
171.734785,399.181,67.314,0.801
171.746395,405.639,67.592,0.801
171.758005,416.230,68.039,0.802
171.769615,428.820,68.554,0.801
171.781224,432.858,68.717,0.792
171.792834,436.941,68.879,0.778
171.804444,438.490,68.940,0.761
171.816054,440.236,69.009,0.743
171.827664,439.221,68.969,0.752
171.839274,439.543,68.982,0.765
171.850884,440.215,69.008,0.771
171.862494,441.460,69.057,0.780
171.874104,441.408,69.055,0.797
171.885714,441.090,69.043,0.812
171.897324,440.805,69.032,0.825
171.908934,440.619,69.024,0.834
171.920544,440.936,69.037,0.828
171.932154,440.912,69.036,0.819
171.943764,440.450,69.018,0.813
171.955374,439.712,68.989,0.807
171.966984,439.406,68.977,0.796
171.978594,439.327,68.974,0.782
171.990204,439.205,68.969,0.768
172.001814,438.911,68.957,0.755
172.013424,437.645,68.907,0.743
172.025034,433.450,68.740,0.753
172.036644,435.075,68.805,0.765
172.048254,440.930,69.037,0.773
172.059864,442.416,69.095,0.785
172.071474,441.815,69.071,0.800
172.083084,440.370,69.015,0.813
172.094694,438.524,68.942,0.823
172.106304,436.871,68.876,0.827
172.117914,431.733,68.672,0.821
172.129524,424.120,68.364,0.813
172.141134,415.612,68.013,0.808
172.152744,407.617,67.677,0.802
172.164354,400.167,67.357,0.797
172.175964,395.679,67.162,0.792
172.187574,393.618,67.072,0.789
172.199184,391.805,66.992,0.791
172.210794,389.459,66.888,0.789
172.222404,386.107,66.738,0.787
172.234014,381.555,66.533,0.784
172.245624,375.192,66.241,0.783
172.257234,369.769,65.989,0.781
172.268844,362.294,65.636,0.780
172.280454,355.439,65.305,0.780
172.292063,351.223,65.099,0.777
172.303673,349.323,65.005,0.778
172.315283,348.645,64.971,0.780
172.326893,348.887,64.983,0.780
172.338503,349.430,65.010,0.780
172.350113,349.646,65.021,0.778
172.361723,349.734,65.025,0.775
172.373333,349.755,65.026,0.771
172.384943,349.856,65.031,0.769
172.396553,349.907,65.034,0.766
172.408163,349.805,65.029,0.761
172.419773,350.018,65.039,0.761
172.431383,350.138,65.045,0.760
172.442993,350.325,65.054,0.762
172.454603,350.356,65.056,0.765
172.466213,350.257,65.051,0.768
172.477823,350.019,65.039,0.770
172.489433,349.959,65.036,0.771
172.501043,349.754,65.026,0.775
172.512653,349.687,65.023,0.777
172.524263,349.776,65.027,0.779
172.535873,349.724,65.025,0.779
172.547483,349.840,65.030,0.777
172.559093,349.657,65.021,0.775
172.570703,349.461,65.012,0.773
172.582313,349.152,64.996,0.771
172.593923,349.103,64.994,0.766
172.605533,349.198,64.998,0.762
172.617143,349.055,64.991,0.759
172.628753,349.161,64.997,0.758
172.640363,349.265,65.002,0.757
172.651973,349.441,65.011,0.755
172.663583,349.674,65.022,0.757
172.675193,349.929,65.035,0.760
172.686803,350.040,65.040,0.767
172.698413,350.127,65.044,0.771
172.710023,350.283,65.052,0.775
172.721633,350.258,65.051,0.778
172.733243,350.267,65.051,0.782
172.744853,350.004,65.038,0.785
172.756463,349.568,65.017,0.786
172.768073,349.058,64.992,0.786
172.779683,348.357,64.957,0.782
172.791293,347.785,64.928,0.776
172.802902,347.208,64.900,0.767
172.814512,346.790,64.879,0.758
172.826122,346.461,64.862,0.747
172.837732,346.792,64.879,0.734
172.849342,347.685,64.923,0.721
172.860952,349.831,65.030,0.711
172.872562,352.114,65.142,0.705
172.884172,353.212,65.196,0.702
172.895782,353.738,65.222,0.700
172.907392,353.711,65.221,0.697
172.919002,353.355,65.203,0.694
172.930612,352.238,65.149,0.689
172.942222,350.472,65.062,0.682
172.953832,348.577,64.968,0.669
172.965442,346.981,64.888,0.654
172.977052,345.441,64.811,0.639
172.988662,344.810,64.780,0.626
173.000272,344.680,64.773,0.607
173.011882,345.281,64.803,0.587
173.023492,347.498,64.914,0.572
173.035102,351.987,65.136,0.573
173.046712,354.011,65.235,0.580
173.058322,354.982,65.283,0.584
173.069932,355.524,65.309,0.590
173.081542,355.495,65.308,0.596
173.093152,354.758,65.272,0.608
173.104762,353.574,65.214,0.620
173.116372,352.123,65.143,0.623
173.127982,349.931,65.035,0.613
173.139592,347.989,64.938,0.600
173.151202,346.417,64.860,0.590
173.162812,346.093,64.844,0.576
173.174422,346.056,64.842,0.557
173.186032,347.333,64.906,0.538
173.197642,349.477,65.012,0.530
173.209252,351.170,65.096,0.533
173.220862,352.577,65.165,0.548
173.232472,353.217,65.197,0.567
173.244082,353.042,65.188,0.582
173.255692,352.341,65.154,0.593
173.267302,351.455,65.110,0.601
173.278912,350.224,65.049,0.599
173.290522,348.883,64.983,0.589
173.302132,347.859,64.932,0.579
173.313741,346.570,64.868,0.564
173.325351,346.344,64.856,0.543
173.336961,347.466,64.912,0.518
173.348571,349.977,65.037,0.501
173.360181,351.987,65.136,0.498
173.371791,352.919,65.182,0.505
173.383401,353.938,65.232,0.515
173.395011,354.232,65.246,0.524
173.406621,353.907,65.230,0.534
173.418231,352.787,65.176,0.540
173.429841,351.473,65.111,0.544
173.441451,350.191,65.048,0.540
173.453061,348.765,64.977,0.529
173.464671,346.985,64.888,0.523
173.476281,346.412,64.860,0.515
173.487891,346.258,64.852,0.501
173.499501,346.559,64.867,0.480
173.511111,347.733,64.926,0.460
173.522721,350.003,65.038,0.456
173.534331,350.984,65.087,0.465
173.545941,352.176,65.146,0.471
173.557551,353.482,65.210,0.475
173.569161,353.844,65.227,0.482
173.580771,353.858,65.228,0.490
173.592381,353.236,65.198,0.498
173.603991,352.509,65.162,0.503
173.615601,351.654,65.120,0.496
173.627211,351.062,65.091,0.480
173.638821,350.147,65.045,0.465
173.650431,349.132,64.995,0.449
173.662041,348.572,64.967,0.431
173.673651,348.665,64.972,0.411
173.685261,348.967,64.987,0.389
173.696871,349.768,65.027,0.371
173.708481,350.647,65.070,0.368
173.720091,351.291,65.102,0.374
173.731701,352.006,65.137,0.383
173.743311,352.615,65.167,0.391
173.754921,352.830,65.178,0.396
173.766531,352.568,65.165,0.400
173.778141,351.622,65.118,0.403
173.789751,350.480,65.062,0.404
173.801361,349.510,65.014,0.401
173.812971,348.797,64.979,0.395
173.824580,348.289,64.953,0.389
173.836190,347.595,64.919,0.381
173.847800,347.614,64.920,0.373
173.859410,347.880,64.933,0.361
173.871020,348.597,64.969,0.348
173.882630,349.479,65.012,0.336
173.894240,350.203,65.048,0.321
173.905850,350.826,65.079,0.301
173.917460,351.402,65.107,0.275
173.929070,351.518,65.113,0.248
173.940680,351.753,65.125,0.222
173.952290,351.708,65.123,0.204
173.963900,351.571,65.116,0.186
173.975510,351.059,65.091,0.154
173.987120,350.495,65.063,0.123
173.998730,350.132,65.045,0.098
174.010340,350.092,65.043,0.082
174.021950,350.142,65.045,0.071
174.033560,349.910,65.034,0.055
174.045170,349.773,65.027,0.027
174.056780,,,0.000
174.068390,,,0.000
174.080000,,,0.000
174.091610,352.102,65.142,0.006
174.103220,351.262,65.101,0.022
174.114830,351.352,65.105,0.034
174.126440,351.543,65.114,0.041
174.138050,351.065,65.091,0.057
174.149660,350.652,65.070,0.082
174.161270,350.550,65.065,0.105
174.172880,350.049,65.041,0.122
174.184490,349.775,65.027,0.136
174.196100,349.912,65.034,0.144
174.207710,349.852,65.031,0.149
174.219320,349.941,65.035,0.154
174.230930,350.002,65.038,0.152
174.242540,350.023,65.039,0.140
174.254150,350.169,65.047,0.122
174.265760,350.570,65.066,0.099
174.277370,350.590,65.067,0.073
174.288980,350.520,65.064,0.041
174.300590,350.319,65.054,0.007
174.312200,,,0.000
174.323810,,,0.000
174.335420,,,0.000
174.347029,,,0.000
174.358639,,,0.000
174.370249,,,0.000
174.381859,,,0.000
174.393469,,,0.000
174.405079,,,0.000
174.416689,,,0.000
174.428299,,,0.000
174.439909,,,0.000
174.451519,,,0.000
174.463129,,,0.000
174.474739,,,0.000
174.486349,,,0.000
174.497959,,,0.000
174.509569,,,0.000
174.521179,,,0.000
174.532789,,,0.000
174.544399,,,0.000
174.556009,,,0.000
174.567619,,,0.000
174.579229,,,0.000
174.590839,,,0.000
174.602449,,,0.000
174.614059,,,0.000
174.625669,,,0.000
174.637279,,,0.000
174.648889,,,0.000
174.660499,,,0.000
174.672109,,,0.000
174.683719,,,0.000
174.695329,,,0.000
174.706939,,,0.000
174.718549,,,0.000
174.730159,,,0.000
174.741769,,,0.000
174.753379,,,0.000
174.764989,,,0.000
174.776599,,,0.000
174.788209,,,0.000
174.799819,,,0.000
174.811429,,,0.000
174.823039,,,0.000
174.834649,,,0.000
174.846259,,,0.000
174.857868,,,0.000
174.869478,,,0.000
174.881088,,,0.000
174.892698,,,0.000
174.904308,,,0.000
174.915918,,,0.000
174.927528,,,0.000
174.939138,,,0.000
174.950748,,,0.000
174.962358,,,0.000
174.973968,,,0.000
174.985578,,,0.000
174.997188,,,0.000
175.008798,,,0.000
175.020408,,,0.000
175.032018,,,0.000
175.043628,,,0.000
175.055238,,,0.000
175.066848,,,0.000
175.078458,,,0.000
175.090068,,,0.000
175.101678,,,0.000
175.113288,,,0.000
175.124898,,,0.000
175.136508,,,0.000
175.148118,,,0.000
175.159728,,,0.000
175.171338,,,0.000
175.182948,,,0.000
175.194558,,,0.000
175.206168,,,0.000
175.217778,,,0.000
175.229388,,,0.000
175.240998,,,0.000
175.252608,,,0.000
175.264218,,,0.000
175.275828,,,0.000
175.287438,,,0.000
175.299048,,,0.000
175.310658,,,0.000
175.322268,,,0.000
175.333878,,,0.000
175.345488,,,0.000
175.357098,,,0.000
175.368707,,,0.000
175.380317,,,0.000
175.391927,,,0.000
175.403537,,,0.000
175.415147,,,0.000
175.426757,,,0.000
175.438367,,,0.000
175.449977,,,0.000
175.461587,,,0.000
175.473197,,,0.000
175.484807,,,0.000
175.496417,,,0.000
175.508027,,,0.000
175.519637,,,0.000
175.531247,,,0.000
175.542857,,,0.000
175.554467,,,0.000
175.566077,,,0.000
175.577687,,,0.000
175.589297,,,0.000
175.600907,,,0.000
175.612517,,,0.000
175.624127,,,0.000
175.635737,,,0.000
175.647347,,,0.000
175.658957,,,0.000
175.670567,,,0.000
175.682177,,,0.000
175.693787,,,0.000
175.705397,,,0.000
175.717007,,,0.000
175.728617,,,0.000
175.740227,,,0.000
175.751837,,,0.000
175.763447,,,0.000
175.775057,,,0.000
175.786667,,,0.000
175.798277,,,0.000
175.809887,,,0.000
175.821497,,,0.000
175.833107,,,0.000
175.844717,,,0.000
175.856327,,,0.000
175.867937,,,0.000
175.879546,,,0.000
175.891156,,,0.000
175.902766,,,0.000
175.914376,,,0.000
175.925986,,,0.000
175.937596,,,0.000
175.949206,,,0.000
175.960816,,,0.000
175.972426,,,0.000
175.984036,,,0.000
175.995646,,,0.000
176.007256,,,0.000
176.018866,,,0.000
176.030476,,,0.000
176.042086,,,0.000
176.053696,,,0.000
176.065306,,,0.000
176.076916,,,0.000
176.088526,,,0.000
176.100136,901.664,81.421,0.126
176.111746,948.891,82.305,0.226
176.123356,936.190,82.072,0.318
176.134966,159.430,51.425,0.383
176.146576,889.658,81.189,0.442
176.158186,885.560,81.109,0.477
176.169796,880.920,81.018,0.495
176.181406,425.267,68.410,0.516
176.193016,425.405,68.416,0.552
176.204626,427.124,68.486,0.585
176.216236,427.598,68.505,0.609
176.227846,431.916,68.679,0.626
176.239456,437.030,68.883,0.640
176.251066,438.093,68.925,0.654
176.262676,438.250,68.931,0.666
176.274286,438.625,68.946,0.674
176.285896,439.199,68.968,0.675
176.297506,439.874,68.995,0.673
176.309116,440.155,69.006,0.669
176.320726,440.539,69.021,0.666
176.332336,440.669,69.026,0.661
176.343946,440.903,69.036,0.653
176.355556,440.901,69.035,0.646
176.367166,440.909,69.036,0.637
176.378776,440.740,69.029,0.624
176.390385,440.788,69.031,0.606
176.401995,440.704,69.028,0.586
176.413605,440.717,69.028,0.564
176.425215,440.388,69.015,0.544
176.436825,441.114,69.044,0.527
176.448435,443.956,69.155,0.515
176.460045,457.679,69.682,0.523
176.471655,460.106,69.774,0.537
176.483265,463.251,69.891,0.557
176.494875,464.958,69.955,0.578
176.506485,466.075,69.997,0.593
176.518095,466.792,70.023,0.606
176.529705,467.236,70.040,0.618
176.541315,467.304,70.042,0.630
176.552925,467.340,70.044,0.634
176.564535,467.285,70.042,0.638
176.576145,467.018,70.032,0.644
176.587755,466.926,70.028,0.647
176.599365,466.961,70.030,0.651
176.610975,467.116,70.035,0.656
176.622585,467.236,70.040,0.660
176.634195,467.339,70.044,0.661
176.645805,467.281,70.041,0.664
176.657415,467.253,70.040,0.667
176.669025,467.228,70.039,0.666
176.680635,467.107,70.035,0.666
176.692245,467.045,70.033,0.665
176.703855,466.835,70.025,0.663
176.715465,466.820,70.024,0.659
176.727075,466.582,70.016,0.658
176.738685,466.480,70.012,0.657
176.750295,466.513,70.013,0.655
176.761905,466.765,70.022,0.657
176.773515,467.019,70.032,0.658
176.785125,467.220,70.039,0.659
176.796735,467.184,70.038,0.659
176.808345,467.180,70.038,0.662
176.819955,467.333,70.043,0.663
176.831565,467.301,70.042,0.663
176.843175,467.229,70.040,0.664
176.854785,466.939,70.029,0.665
176.866395,466.603,70.016,0.666
176.878005,466.579,70.015,0.668
176.889615,466.634,70.017,0.671
176.901224,466.755,70.022,0.674
176.912834,466.935,70.029,0.675
176.924444,467.083,70.034,0.677
176.936054,467.224,70.039,0.678
176.947664,467.362,70.044,0.679
176.959274,467.423,70.047,0.681
176.970884,467.363,70.044,0.682
176.982494,467.360,70.044,0.684
176.994104,467.396,70.046,0.686
177.005714,467.457,70.048,0.688
177.017324,467.517,70.050,0.693
177.028934,467.501,70.050,0.697
177.040544,467.559,70.052,0.701
177.052154,467.602,70.053,0.703
177.063764,467.604,70.053,0.706
177.075374,467.436,70.047,0.709
177.086984,467.277,70.041,0.712
177.098594,467.250,70.040,0.716
177.110204,467.261,70.041,0.720
177.121814,467.297,70.042,0.727
177.133424,467.343,70.044,0.732
177.145034,467.478,70.049,0.736
177.156644,467.445,70.048,0.741
177.168254,467.502,70.050,0.744
177.179864,467.588,70.053,0.746
177.191474,467.567,70.052,0.747
177.203084,467.671,70.056,0.746
177.214694,468.074,70.071,0.743
177.226304,468.512,70.087,0.737
177.237914,469.093,70.108,0.731
177.249524,470.081,70.145,0.720
177.261134,471.423,70.194,0.709
177.272744,473.425,70.268,0.698
177.284354,477.067,70.400,0.688
177.295964,482.839,70.608,0.676
177.307574,492.442,70.949,0.666
177.319184,503.002,71.317,0.661
177.330794,510.566,71.575,0.663
177.342404,515.623,71.746,0.669
177.354014,519.582,71.878,0.676
177.365624,522.067,71.961,0.681
177.377234,523.587,72.011,0.686
177.388844,524.085,72.028,0.690
177.400454,524.084,72.028,0.695
177.412063,524.122,72.029,0.697
177.423673,524.090,72.028,0.698
177.435283,523.967,72.024,0.701
177.446893,524.067,72.027,0.702
177.458503,524.192,72.031,0.703
177.470113,524.329,72.036,0.707
177.481723,524.500,72.041,0.710
177.493333,524.565,72.043,0.713
177.504943,524.519,72.042,0.716
177.516553,524.289,72.034,0.719
177.528163,524.071,72.027,0.720
177.539773,523.863,72.020,0.721
177.551383,523.664,72.014,0.723
177.562993,523.625,72.012,0.722
177.574603,523.572,72.011,0.721
177.586213,523.537,72.009,0.722
177.597823,523.588,72.011,0.722
177.609433,523.535,72.009,0.721
177.621043,523.555,72.010,0.723
177.632653,523.560,72.010,0.724
177.644263,523.472,72.007,0.726
177.655873,523.419,72.006,0.727
177.667483,523.266,72.000,0.729
177.679093,523.301,72.002,0.729
177.690703,523.267,72.001,0.732
177.702313,523.222,71.999,0.734
177.713923,523.250,72.000,0.734
177.725533,523.361,72.004,0.736
177.737143,523.345,72.003,0.737
177.748753,523.423,72.006,0.738
177.760363,523.451,72.007,0.740
177.771973,523.504,72.008,0.741
177.783583,523.576,72.011,0.742
177.795193,523.832,72.019,0.744
177.806803,523.848,72.020,0.747
177.818413,523.998,72.025,0.747
177.830023,524.088,72.028,0.749
177.841633,524.029,72.026,0.750
177.853243,524.090,72.028,0.750
177.864853,524.157,72.030,0.752
177.876463,524.083,72.027,0.754
177.888073,524.285,72.034,0.754
177.899683,524.353,72.036,0.756
177.911293,524.380,72.037,0.758
177.922902,524.467,72.040,0.758
177.934512,524.522,72.042,0.761
177.946122,524.370,72.037,0.764
177.957732,524.365,72.037,0.763
177.969342,524.355,72.036,0.765
177.980952,524.105,72.028,0.768
177.992562,524.022,72.025,0.767
178.004172,523.963,72.024,0.768
178.015782,523.858,72.020,0.768
178.027392,523.832,72.019,0.766
178.039002,523.903,72.022,0.762
178.050612,523.884,72.021,0.759
178.062222,524.131,72.029,0.753
178.073832,524.523,72.042,0.745
178.085442,525.126,72.062,0.737
178.097052,526.122,72.095,0.728
178.108662,527.760,72.149,0.722
178.120272,529.949,72.220,0.719
178.131882,533.374,72.332,0.714
178.143492,537.200,72.455,0.709
178.155102,541.333,72.588,0.712
178.166712,545.272,72.714,0.709
178.178322,548.703,72.822,0.712
178.189932,550.617,72.883,0.719
178.201542,551.881,72.922,0.718
178.213152,552.614,72.945,0.717
178.224762,552.672,72.947,0.722
178.236372,552.669,72.947,0.724
178.247982,552.845,72.952,0.726
178.259592,553.050,72.959,0.732
178.271202,553.538,72.974,0.732
178.282812,553.877,72.985,0.733
178.294422,554.016,72.989,0.737
178.306032,554.180,72.994,0.738
178.317642,554.320,72.999,0.742
178.329252,554.323,72.999,0.742
178.340862,554.312,72.998,0.742
178.352472,554.202,72.995,0.746
178.364082,554.162,72.994,0.745
178.375692,554.254,72.997,0.743
178.387302,554.323,72.999,0.747
178.398912,554.453,73.003,0.746
178.410522,554.617,73.008,0.744
178.422132,554.741,73.012,0.749
178.433741,555.010,73.020,0.746
178.445351,555.239,73.027,0.747
178.456961,555.226,73.027,0.750
178.468571,555.315,73.030,0.750
178.480181,555.187,73.026,0.750
178.491791,555.219,73.027,0.752
178.503401,555.332,73.030,0.752
178.515011,555.199,73.026,0.754
178.526621,554.898,73.017,0.758
178.538231,554.464,73.003,0.757
178.549841,553.941,72.987,0.758
178.561451,552.719,72.949,0.760
178.573061,550.999,72.895,0.758
178.584671,548.677,72.821,0.758
178.596281,545.401,72.718,0.757
178.607891,541.702,72.600,0.752
178.619501,537.655,72.470,0.749
178.631111,533.907,72.349,0.744
178.642721,530.244,72.230,0.738
178.654331,527.055,72.125,0.731
178.665941,525.014,72.058,0.727
178.677551,523.636,72.013,0.722
178.689161,523.014,71.992,0.717
178.700771,522.979,71.991,0.715
178.712381,523.028,71.993,0.712
178.723991,523.298,72.002,0.710
178.735601,523.660,72.014,0.714
178.747211,524.035,72.026,0.717
178.758821,524.397,72.038,0.720
178.770431,524.505,72.041,0.724
178.782041,524.435,72.039,0.728
178.793651,524.260,72.033,0.730
178.805261,524.122,72.029,0.732
178.816871,523.900,72.021,0.734
178.828481,523.658,72.013,0.734
178.840091,523.461,72.007,0.733
178.851701,523.265,72.000,0.732
178.863311,523.179,71.998,0.730
178.874921,523.198,71.998,0.728
178.886531,523.161,71.997,0.724
178.898141,523.188,71.998,0.721
178.909751,523.232,71.999,0.720
178.921361,523.419,72.006,0.716
178.932971,523.586,72.011,0.716
178.944580,523.807,72.018,0.716
178.956190,523.868,72.020,0.713
178.967800,523.965,72.024,0.715
178.979410,524.035,72.026,0.716
178.991020,524.115,72.029,0.717
179.002630,524.140,72.029,0.719
179.014240,524.134,72.029,0.721
179.025850,524.118,72.029,0.724
179.037460,524.161,72.030,0.725
179.049070,524.145,72.030,0.725
179.060680,524.266,72.034,0.724
179.072290,524.313,72.035,0.725
179.083900,524.302,72.035,0.722
179.095510,524.199,72.031,0.721
179.107120,523.834,72.019,0.720
179.118730,522.956,71.990,0.712
179.130340,521.426,71.940,0.708
179.141950,519.754,71.884,0.701
179.153560,517.320,71.803,0.693
179.165170,514.685,71.714,0.681
179.176780,511.732,71.615,0.667
179.188390,507.403,71.468,0.650
179.200000,501.990,71.282,0.629
179.211610,498.995,71.178,0.615
179.223220,492.425,70.949,0.595
179.234830,487.045,70.759,0.579
179.246440,483.029,70.615,0.569
179.258050,480.905,70.539,0.563
179.269660,156.733,51.130,0.563
179.281270,156.448,51.098,0.565
179.292880,156.124,51.062,0.566
179.304490,155.953,51.043,0.562
179.316100,155.836,51.030,0.560
179.327710,155.764,51.022,0.561
179.339320,155.652,51.010,0.554
179.350930,155.559,50.999,0.551
179.362540,229.402,57.725,0.550
179.374150,228.019,57.620,0.547
179.385760,226.134,57.476,0.545
179.397370,225.068,57.394,0.546
179.408980,223.857,57.301,0.543
179.420590,223.180,57.248,0.542
179.432200,222.816,57.220,0.545
179.443810,222.502,57.196,0.543
179.455420,222.382,57.186,0.541
179.467029,222.250,57.176,0.536
179.478639,222.281,57.179,0.532
179.490249,222.142,57.168,0.532
179.501859,221.971,57.154,0.530
179.513469,87.768,41.091,0.529
179.525079,87.598,41.058,0.522
179.536689,87.520,41.042,0.518
179.548299,87.429,41.024,0.513
179.559909,87.416,41.022,0.508
179.571519,87.433,41.025,0.502
179.583129,220.329,57.026,0.497
179.594739,221.340,57.105,0.493
179.606349,222.734,57.214,0.491
179.617959,223.518,57.275,0.496
179.629569,224.310,57.336,0.504
179.641179,224.469,57.348,0.515
179.652789,224.426,57.345,0.528
179.664399,224.306,57.336,0.535
179.676009,223.993,57.311,0.537
179.687619,446.548,69.256,0.539
179.699229,445.251,69.205,0.537
179.710839,443.770,69.148,0.531
179.722449,441.966,69.077,0.523
179.734059,440.222,69.009,0.510
179.745669,437.536,68.903,0.492
179.757279,436.168,68.849,0.481
179.768889,437.350,68.895,0.477
179.780499,440.823,69.032,0.476
179.792109,443.106,69.122,0.475
179.803719,445.522,69.216,0.489
179.815329,445.875,69.230,0.507
179.826939,222.806,57.219,0.515
179.838549,222.695,57.211,0.521
179.850159,444.333,69.170,0.524
179.861769,443.786,69.148,0.522
179.873379,443.134,69.123,0.520
179.884989,441.695,69.067,0.517
179.896599,439.849,68.994,0.504
179.908209,437.649,68.907,0.483
179.919819,437.366,68.896,0.471
179.931429,437.991,68.921,0.458
179.943039,440.603,69.024,0.446
179.954649,442.059,69.081,0.440
179.966259,444.783,69.187,0.440
179.977868,447.157,69.279,0.445
179.989478,449.112,69.355,0.458
180.001088,448.726,69.340,0.468
180.012698,447.287,69.284,0.478
180.024308,445.807,69.227,0.489
180.035918,444.418,69.173,0.496
180.047528,443.107,69.122,0.499
180.059138,441.386,69.054,0.497
180.070748,439.750,68.990,0.494
180.082358,438.048,68.923,0.484
180.093968,436.370,68.857,0.474
180.105578,435.594,68.826,0.466
180.117188,436.689,68.869,0.457
180.128798,439.767,68.991,0.453
180.140408,442.882,69.113,0.451
180.152018,444.813,69.188,0.449
180.163628,446.233,69.244,0.448
180.175238,446.800,69.266,0.450
180.186848,447.229,69.282,0.456
180.198458,447.378,69.288,0.457
180.210068,446.916,69.270,0.455
180.221678,446.085,69.238,0.451
180.233288,444.832,69.189,0.446
180.244898,443.637,69.143,0.443
180.256508,441.002,69.039,0.436
180.268118,439.151,68.967,0.425
180.279728,435.351,68.816,0.409
180.291338,433.334,68.736,0.397
180.302948,434.019,68.763,0.389
180.314558,435.105,68.806,0.377
180.326168,442.868,69.112,0.377
180.337778,446.032,69.236,0.375
180.349388,450.135,69.394,0.380
180.360998,451.118,69.432,0.397
180.372608,450.125,69.394,0.415
180.384218,449.428,69.367,0.426
180.395828,448.800,69.343,0.428
180.407438,448.415,69.328,0.432
180.419048,446.770,69.264,0.430
180.430658,445.667,69.222,0.427
180.442268,443.511,69.138,0.417
180.453878,438.871,68.956,0.398
180.465488,434.983,68.801,0.374
180.477098,434.771,68.793,0.354
180.488707,437.678,68.908,0.344
180.500317,442.246,69.088,0.339
180.511927,449.918,69.386,0.326
180.523537,453.017,69.505,0.320
180.535147,452.405,69.481,0.322
180.546757,450.823,69.421,0.324
180.558367,449.728,69.379,0.319
180.569977,448.502,69.331,0.312
180.581587,446.818,69.266,0.308
180.593197,444.635,69.181,0.299
180.604807,441.793,69.070,0.292
180.616417,438.973,68.960,0.287
180.628027,436.182,68.849,0.279
180.639637,218.355,56.870,0.268
180.651247,435.860,68.836,0.264
180.662857,435.915,68.839,0.260
180.674467,436.061,68.844,0.248
180.686077,466.476,70.012,0.246
180.697687,466.427,70.010,0.246
180.709297,467.184,70.038,0.247
180.720907,466.886,70.027,0.248
180.732517,466.189,70.001,0.247
180.744127,464.837,69.951,0.238
180.755737,464.461,69.937,0.226
180.767347,460.524,69.789,0.217
180.778957,220.572,57.045,0.200
180.790567,220.085,57.007,0.188
180.802177,426.278,68.452,0.167
180.813787,425.815,68.433,0.149
180.825397,424.682,68.387,0.144
180.837007,424.109,68.363,0.144
180.848617,424.247,68.369,0.149
180.860227,450.321,69.401,0.150
180.871837,423.888,68.354,0.153
180.883447,423.728,68.348,0.151
180.895057,423.255,68.328,0.150
180.906667,423.591,68.342,0.152
180.918277,424.461,68.378,0.150
180.929887,480.106,70.510,0.141
180.941497,479.523,70.489,0.135
180.953107,480.124,70.511,0.134
180.964717,480.155,70.512,0.126
180.976327,478.981,70.470,0.123
180.987937,478.885,70.466,0.117
180.999546,475.571,70.346,0.107
181.011156,474.349,70.301,0.097
181.022766,449.666,69.376,0.092
181.034376,478.328,70.446,0.083
181.045986,110.800,45.126,0.069
181.057596,147.885,50.124,0.060
181.069206,147.910,50.127,0.048
181.080816,109.200,44.874,0.033
181.092426,109.207,44.875,0.021
181.104036,109.224,44.877,0.005
181.115646,,,0.000
181.127256,,,0.000
181.138866,,,0.000
181.150476,,,0.000
181.162086,,,0.000
181.173696,,,0.000
181.185306,,,0.000
181.196916,,,0.000
181.208526,,,0.000
181.220136,,,0.000
181.231746,,,0.000
181.243356,,,0.000
181.254966,,,0.000
181.266576,,,0.000
181.278186,,,0.000
181.289796,,,0.000
181.301406,,,0.000
181.313016,,,0.000
181.324626,,,0.000
181.336236,,,0.000
181.347846,,,0.000
181.359456,,,0.000
181.371066,,,0.000
181.382676,,,0.000
181.394286,,,0.000
181.405896,,,0.000
181.417506,,,0.000
181.429116,,,0.000
181.440726,,,0.000
181.452336,,,0.000
181.463946,,,0.000
181.475556,,,0.000
181.487166,,,0.000
181.498776,,,0.000
181.510385,,,0.000
181.521995,,,0.000
181.533605,,,0.000
181.545215,,,0.000
181.556825,,,0.000
181.568435,,,0.000
181.580045,,,0.000
181.591655,,,0.000
181.603265,,,0.000
181.614875,,,0.000
181.626485,,,0.000
181.638095,,,0.000
181.649705,,,0.000
181.661315,,,0.000
181.672925,,,0.000
181.684535,,,0.000
181.696145,,,0.000
181.707755,,,0.000
181.719365,,,0.000
181.730975,,,0.000
181.742585,,,0.000
181.754195,,,0.000
181.765805,,,0.000
181.777415,,,0.000
181.789025,,,0.000
181.800635,,,0.000
181.812245,,,0.000
181.823855,,,0.000
181.835465,,,0.000
181.847075,,,0.000
181.858685,,,0.000
181.870295,,,0.000
181.881905,,,0.000
181.893515,,,0.000
181.905125,,,0.000
181.916735,,,0.000
181.928345,,,0.000
181.939955,,,0.000
181.951565,,,0.000
181.963175,,,0.000
181.974785,,,0.000
181.986395,,,0.000
181.998005,,,0.000
182.009615,,,0.000
182.021224,,,0.000
182.032834,,,0.000
182.044444,,,0.000
182.056054,,,0.000
182.067664,,,0.000
182.079274,,,0.000
182.090884,,,0.000
182.102494,,,0.000
182.114104,,,0.000
182.125714,,,0.000
182.137324,,,0.000
182.148934,,,0.000
182.160544,,,0.000
182.172154,,,0.000
182.183764,,,0.000
182.195374,,,0.000
182.206984,,,0.000
182.218594,,,0.000
182.230204,,,0.000
182.241814,,,0.000
182.253424,,,0.000
182.265034,,,0.000
182.276644,,,0.000
182.288254,,,0.000
182.299864,,,0.000
182.311474,,,0.000
182.323084,,,0.000
182.334694,,,0.000
182.346304,,,0.000
182.357914,,,0.000
182.369524,,,0.000
182.381134,,,0.000
182.392744,,,0.000
182.404354,,,0.000
182.415964,,,0.000
182.427574,,,0.000
182.439184,,,0.000
182.450794,,,0.000
182.462404,,,0.000
182.474014,,,0.000
182.485624,,,0.000
182.497234,,,0.000
182.508844,,,0.000
182.520454,,,0.000
182.532063,,,0.000
182.543673,,,0.000
182.555283,,,0.000
182.566893,,,0.000
182.578503,,,0.000
182.590113,,,0.000
182.601723,,,0.000
182.613333,,,0.000
182.624943,,,0.000
182.636553,,,0.000
182.648163,,,0.000
182.659773,,,0.000
182.671383,,,0.000
182.682993,,,0.000
182.694603,,,0.000
182.706213,,,0.000
182.717823,,,0.000
182.729433,,,0.000
182.741043,,,0.000
182.752653,,,0.000
182.764263,,,0.000
182.775873,,,0.000
182.787483,,,0.000
182.799093,,,0.000
182.810703,,,0.000
182.822313,,,0.000
182.833923,,,0.000
182.845533,,,0.000
182.857143,,,0.000
182.868753,,,0.000
182.880363,,,0.000
182.891973,,,0.000
182.903583,,,0.000
182.915193,,,0.000
182.926803,,,0.000
182.938413,,,0.000
182.950023,,,0.000
182.961633,,,0.000
182.973243,,,0.000
182.984853,,,0.000
182.996463,,,0.000
183.008073,,,0.000
183.019683,,,0.000
183.031293,,,0.000
183.042902,,,0.000
183.054512,,,0.000
183.066122,,,0.000
183.077732,,,0.000
183.089342,,,0.000
183.100952,,,0.000
183.112562,,,0.000
